table_index,manifest_table_index,trial_id,response_cache_path,candidate_set_mode,observation_family,prior_family,prior_scale,axis_catalog_mode,likelihood_scale,n_candidates,n_trajectories,n_timebins,n_units,true_candidate_index,true_image_id,true_trajectory_index,nearest_trajectory_index,nearest_trajectory_distance,kalman_alpha,kalman_process_var,observation_model,time_smoothing_sigma,time_shrinkage,continuous_score_mode,catalog_residual_aggregation,catalog_residual_top_k,catalog_residual_all_anchor_shrinkage,basis_source,basis_dim,known_pred_candidate_index,known_pred_image_id,known_correct,known_true_rank,known_true_margin,known_true_score,zero_pred_candidate_index,zero_pred_image_id,zero_correct,zero_true_rank,zero_true_margin,zero_true_score,joint_pred_candidate_index,joint_pred_image_id,joint_correct,joint_true_rank,joint_true_margin,joint_true_score,best_single_tau_pred_candidate_index,best_single_tau_pred_image_id,best_single_tau_correct,best_single_tau_true_rank,best_single_tau_true_margin,best_single_tau_true_score,continuous_joint_pred_candidate_index,continuous_joint_pred_image_id,continuous_joint_correct,continuous_joint_true_rank,continuous_joint_true_margin,continuous_joint_true_score,continuous_joint_minus_zero_true_score,continuous_joint_score_corr_with_zero,catalog_residual_true_best_anchor_index,catalog_residual_true_best_anchor_score,catalog_residual_true_anchor_logmean_score,catalog_residual_true_anchor_score_gap,catalog_residual_true_anchor_aggregate_count,trajectory_rmse,trajectory_corr_x,trajectory_corr_y,trajectory_corr_mean,trajectory_r2,trajectory_hat_rms,trajectory_true_rms,true_residual_lift,continuous_top_comp_residual_lift,true_lift_minus_top_comp_lift,transition_best_to_residual,margin_gain_vs_best_single
0,0,0,response_tables/trial_00000_hard_negative_structure_obs-empirical_prior-axis_edge_parallel_rel0p5x.npz,hard_negative_structure,empirical,axis_edge_parallel,0.5,per_candidate,1.0,4,16,40,756,0,source_row:25,-1,2,0.0235040225088596,0.7,0.01,time_varying,1.5,0.5,catalog_residual_profile,topk_logmeanexp,2,0.19,outputs/fixation_statistics_by_stimulus_all_sessions_after_review/backimage_image_disjoint_compact_basis_delta025_v1/image_disjoint_compact_basis_delta0p25_fold0of2.npz,10,0,source_row:25,True,1.0,0.4585033296139613,-292.2846528359316,1,source_row:9427,False,3.0,-0.4722450351436009,-293.7358086775656,0,source_row:25,True,1.0,0.1320600058440959,-293.1045073805971,0,source_row:25,True,1.0,0.2305293538828436,-292.58798339670204,0,source_row:25,True,1.0,0.2264304051935823,-292.6067628858087,1.12904579175688,0.8116061675498969,15,-292.52069367525684,-292.90496939438407,0.3842757191272312,2,0.0230811903853346,0.5738992979666323,-0.3985513946365344,0.0876739516650489,-1.4136964887170498,0.0202059565115536,0.0148565125433322,-0.018779489106634628,-0.014680540417373322,-0.004098948689261306,both_correct,-0.004098948689261306
1,1,0,response_tables/trial_00000_hard_negative_structure_obs-empirical_prior-axis_edge_orthogonal_rel0p5x.npz,hard_negative_structure,empirical,axis_edge_orthogonal,0.5,per_candidate,1.0,4,16,40,756,0,source_row:25,-1,2,0.0165096595883369,0.7,0.01,time_varying,1.5,0.5,catalog_residual_profile,topk_logmeanexp,2,0.19,outputs/fixation_statistics_by_stimulus_all_sessions_after_review/backimage_image_disjoint_compact_basis_delta025_v1/image_disjoint_compact_basis_delta0p25_fold0of2.npz,10,0,source_row:25,True,1.0,0.4585033296139613,-292.2846528359316,1,source_row:9427,False,3.0,-0.4722450351436009,-293.7358086775656,0,source_row:25,True,1.0,0.1313554544774433,-293.1048725970841,0,source_row:25,True,1.0,0.2205910861048892,-292.513691067613,0,source_row:25,True,1.0,0.2448002782178946,-292.56609934943447,1.1697093281310913,0.8231198174092476,15,-292.48005029931346,-292.87934464842664,0.3992943491131768,2,0.0159695911795555,0.6601178538922693,0.5766335238241902,0.6183756888582297,-0.1554571618763243,0.0195277049599467,0.0148565125433322,-0.052408281821442415,-0.07661747393450469,0.024209192113062272,both_correct,0.0242091921130054
2,2,1,response_tables/trial_00001_hard_negative_structure_obs-empirical_prior-axis_edge_parallel_rel1x.npz,hard_negative_structure,empirical,axis_edge_parallel,1.0,per_candidate,1.0,4,16,40,756,0,source_row:25,-1,13,0.0451176315546035,0.7,0.01,time_varying,1.5,0.5,catalog_residual_profile,topk_logmeanexp,2,0.19,outputs/fixation_statistics_by_stimulus_all_sessions_after_review/backimage_image_disjoint_compact_basis_delta025_v1/image_disjoint_compact_basis_delta0p25_fold0of2.npz,10,0,source_row:25,True,1.0,0.4901839647392876,-396.5620352002388,3,source_row:11021,False,4.0,-3.6006411624255747,-408.7944911213511,0,source_row:25,True,1.0,0.189649798885739,-398.8286994021529,0,source_row:25,True,1.0,0.2704393984897706,-397.4280693203907,0,source_row:25,True,1.0,0.1825015763029682,-397.7425016963368,11.051989425014312,-0.6646050532253756,4,-397.3370715299434,-398.5438964343542,1.2068249044107802,2,0.0556997563352286,0.6864185656709155,-0.6427390667714871,0.0218397494497142,-2.514089767480121,0.0513175934054725,0.0297130250866645,-0.314432375946069,-0.2264945537592098,-0.0879378221868592,both_correct,-0.0879378221868024
3,3,1,response_tables/trial_00001_hard_negative_structure_obs-empirical_prior-axis_edge_orthogonal_rel1x.npz,hard_negative_structure,empirical,axis_edge_orthogonal,1.0,per_candidate,1.0,4,16,40,756,0,source_row:25,-1,7,0.0266389772295951,0.7,0.01,time_varying,1.5,0.5,catalog_residual_profile,topk_logmeanexp,2,0.19,outputs/fixation_statistics_by_stimulus_all_sessions_after_review/backimage_image_disjoint_compact_basis_delta025_v1/image_disjoint_compact_basis_delta0p25_fold0of2.npz,10,0,source_row:25,True,1.0,0.4901839647392876,-396.5620352002388,3,source_row:11021,False,4.0,-3.6006411624255747,-408.7944911213511,1,source_row:9427,False,2.0,-0.0163723332235576,-398.78113411129584,0,source_row:25,True,1.0,0.2400275421654214,-397.3139856654335,0,source_row:25,True,1.0,0.1572697850928648,-397.4999683206205,11.29452280073059,-0.6278702764622068,4,-397.1546413813317,-398.3884999208727,1.233858539540961,2,0.0274116198884593,0.7362499634503556,0.5799672675220832,0.6581086154862195,0.1489096573972846,0.0338098433928726,0.0297130250866645,-0.1859826551869901,-0.10322489811449032,-0.08275775707249977,both_correct,-0.08275775707255661
4,4,2,response_tables/trial_00002_hard_negative_structure_obs-empirical_prior-axis_edge_parallel_rel2x.npz,hard_negative_structure,empirical,axis_edge_parallel,2.0,per_candidate,1.0,4,16,40,756,0,source_row:25,-1,4,0.0954675748944282,0.7,0.01,time_varying,1.5,0.5,catalog_residual_profile,topk_logmeanexp,2,0.19,outputs/fixation_statistics_by_stimulus_all_sessions_after_review/backimage_image_disjoint_compact_basis_delta025_v1/image_disjoint_compact_basis_delta0p25_fold0of2.npz,10,0,source_row:25,True,1.0,0.644002530185503,-551.3237321021053,3,source_row:11021,False,4.0,-10.07175906356474,-594.7724362947597,2,source_row:9142,False,3.0,-0.5056345907526065,-556.7730129532251,2,source_row:9142,False,3.0,-0.4414469924191735,-554.9915224701324,1,source_row:9427,False,3.0,-0.2467409969168557,-554.725881757837,40.04655453692271,-0.6088328872910964,15,-554.2309759435824,-555.8546045692791,1.6236286256967103,2,0.1055093493822738,0.8043470520461825,-0.5954723739693757,0.1044373390384034,-2.152304481458512,0.0977125146140999,0.059426050173329,0.26564071229540787,0.1513889761321252,0.11425173616328266,both_wrong,0.19470599550231782
5,5,2,response_tables/trial_00002_hard_negative_structure_obs-empirical_prior-axis_edge_orthogonal_rel2x.npz,hard_negative_structure,empirical,axis_edge_orthogonal,2.0,per_candidate,1.0,4,16,40,756,0,source_row:25,-1,10,0.0689588785171508,0.7,0.01,time_varying,1.5,0.5,catalog_residual_profile,topk_logmeanexp,2,0.19,outputs/fixation_statistics_by_stimulus_all_sessions_after_review/backimage_image_disjoint_compact_basis_delta025_v1/image_disjoint_compact_basis_delta0p25_fold0of2.npz,10,0,source_row:25,True,1.0,0.644002530185503,-551.3237321021053,3,source_row:11021,False,4.0,-10.07175906356474,-594.7724362947597,1,source_row:9427,False,3.0,-0.3701451009662833,-556.3121350930946,2,source_row:9142,False,3.0,-0.3715791187636341,-554.6721761198777,0,source_row:25,True,1.0,0.0191423427618246,-554.3178606510145,40.454575643745216,-0.6694249295267543,15,-553.8547452600524,-555.499753572129,1.645008312076584,2,0.083952497104205,0.7535970794374596,0.5848952325156352,0.6692461559765475,-0.9957838606119144,0.0954930609229776,0.059426050173329,0.35431546886320575,-0.015217621099395728,0.3695330899626015,rescued_by_residual,0.39072146152545867
6,6,3,response_tables/trial_00003_hard_negative_structure_obs-empirical_prior-axis_edge_parallel_rel0p5x.npz,hard_negative_structure,empirical,axis_edge_parallel,0.5,per_candidate,1.0,4,16,40,756,0,source_row:76,-1,1,0.0810113176703453,0.7,0.01,time_varying,1.5,0.5,catalog_residual_profile,topk_logmeanexp,2,0.19,outputs/fixation_statistics_by_stimulus_all_sessions_after_review/backimage_image_disjoint_compact_basis_delta025_v1/image_disjoint_compact_basis_delta0p25_fold0of2.npz,10,0,source_row:76,True,1.0,0.4546756605615769,-509.9374792197064,2,source_row:11021,False,3.0,-4.246743497816055,-536.0127500115244,0,source_row:76,True,1.0,0.0667493245773585,-518.7099027060607,0,source_row:76,True,1.0,0.672800059260453,-516.0125036907509,1,source_row:7530,False,3.0,-0.3311420967929734,-515.4300600828175,20.58268992870694,-0.5466287085988123,14,-514.7459153862003,-516.8404872267981,2.094571840597837,2,0.1110580505386474,-0.2449867081618884,0.5265624329461482,0.1407878623921299,-0.7130403675571702,0.1250425699264047,0.0848528135464297,0.5824436079334419,3.6946929716524437,-3.112249363719002,lost_by_residual,-1.0039421560534265
7,7,3,response_tables/trial_00003_hard_negative_structure_obs-empirical_prior-axis_edge_orthogonal_rel0p5x.npz,hard_negative_structure,empirical,axis_edge_orthogonal,0.5,per_candidate,1.0,4,16,40,756,0,source_row:76,-1,13,0.1201969683170318,0.7,0.01,time_varying,1.5,0.5,catalog_residual_profile,topk_logmeanexp,2,0.19,outputs/fixation_statistics_by_stimulus_all_sessions_after_review/backimage_image_disjoint_compact_basis_delta025_v1/image_disjoint_compact_basis_delta0p25_fold0of2.npz,10,0,source_row:76,True,1.0,0.4546756605615769,-509.9374792197064,2,source_row:11021,False,3.0,-4.246743497816055,-536.0127500115244,3,source_row:4203,False,3.0,-0.5123373635935877,-517.6257475234204,3,source_row:4203,False,3.0,-0.4689748203676345,-515.5961419171734,3,source_row:4203,False,2.0,-0.2569479806949175,-513.7232490662947,22.289500945229747,0.9305968926580592,8,-513.3843472469329,-514.919968806416,1.535621559483161,2,0.1547768424585464,0.2781273864863181,0.656856815279732,0.467492100883025,-2.3272043155671263,0.136476440837025,0.0848528135464297,1.8728928508787703,1.6608660112060534,0.21202683967271696,both_wrong,0.21202683967271702
8,8,4,response_tables/trial_00004_hard_negative_structure_obs-empirical_prior-axis_edge_parallel_rel1x.npz,hard_negative_structure,empirical,axis_edge_parallel,1.0,per_candidate,1.0,4,16,40,756,0,source_row:76,-1,1,0.0744054690003395,0.7,0.01,time_varying,1.5,0.5,catalog_residual_profile,topk_logmeanexp,2,0.19,outputs/fixation_statistics_by_stimulus_all_sessions_after_review/backimage_image_disjoint_compact_basis_delta025_v1/image_disjoint_compact_basis_delta0p25_fold0of2.npz,10,0,source_row:76,True,1.0,0.4546756605615769,-509.9374792197064,2,source_row:11021,False,3.0,-4.246743497816055,-536.0127500115244,3,source_row:4203,False,2.0,-0.8267888533423502,-517.0775549398435,3,source_row:4203,False,2.0,-0.5482839191239464,-515.1556928738586,3,source_row:4203,False,2.0,-0.2491536826129277,-513.9900163013231,22.02273371020135,0.7368363853827702,10,-513.4687921344486,-515.294333014765,1.8255408803164528,2,0.1153810345619289,-0.0584931778387771,0.7701218908489852,0.355814356505104,-0.8489976663984908,0.1622083327591723,0.0848528135464297,1.1656765725355172,0.8665463360244985,0.29913023651101867,both_wrong,0.29913023651101867
9,9,4,response_tables/trial_00004_hard_negative_structure_obs-empirical_prior-axis_edge_orthogonal_rel1x.npz,hard_negative_structure,empirical,axis_edge_orthogonal,1.0,per_candidate,1.0,4,16,40,756,0,source_row:76,-1,0,0.121529497206211,0.7,0.01,time_varying,1.5,0.5,catalog_residual_profile,topk_logmeanexp,2,0.19,outputs/fixation_statistics_by_stimulus_all_sessions_after_review/backimage_image_disjoint_compact_basis_delta025_v1/image_disjoint_compact_basis_delta0p25_fold0of2.npz,10,0,source_row:76,True,1.0,0.4546756605615769,-509.9374792197064,2,source_row:11021,False,3.0,-4.246743497816055,-536.0127500115244,3,source_row:4203,False,2.0,-0.0433998110023594,-515.3573047103503,0,source_row:76,True,1.0,0.2265434250866747,-513.7197935209099,0,source_row:76,True,1.0,0.1059398245749889,-513.0879170504245,22.924832961099924,0.8570914088520281,10,-512.865334029962,-513.8299566320322,0.9646226020702215,2,0.1239313057355601,-0.1895116228355153,0.1676727519087641,-0.0109194354633755,-1.1331900850360743,0.0863637941674518,0.0848528135464297,0.6318764704853947,0.7524800709970805,-0.12060360051168573,both_correct,-0.12060360051168578
10,10,5,response_tables/trial_00005_hard_negative_structure_obs-empirical_prior-axis_edge_parallel_rel2x.npz,hard_negative_structure,empirical,axis_edge_parallel,2.0,per_candidate,1.0,4,16,40,756,0,source_row:76,-1,9,0.0678257346153259,0.7,0.01,time_varying,1.5,0.5,catalog_residual_profile,topk_logmeanexp,2,0.19,outputs/fixation_statistics_by_stimulus_all_sessions_after_review/backimage_image_disjoint_compact_basis_delta025_v1/image_disjoint_compact_basis_delta0p25_fold0of2.npz,10,0,source_row:76,True,1.0,0.4546756605615769,-509.9374792197064,2,source_row:11021,False,3.0,-4.246743497816055,-536.0127500115244,3,source_row:4203,False,3.0,-0.5582674287194322,-515.1083764061464,3,source_row:4203,False,3.0,-0.5941483564348573,-514.036388222743,3,source_row:4203,False,2.0,-0.4291923464101046,-513.3151733763149,22.697576635209543,0.8648034451128227,0,-513.1070230333394,-514.0348701120578,0.9278470787184006,2,0.0854194849531909,-0.2705593916762629,0.8986691499421565,0.3140548791329468,-0.0134011726901237,0.1458208433800835,0.0848528135464297,0.7212148464280972,0.5562588364033445,0.1649560100247527,both_wrong,0.1649560100247527
11,11,5,response_tables/trial_00005_hard_negative_structure_obs-empirical_prior-axis_edge_orthogonal_rel2x.npz,hard_negative_structure,empirical,axis_edge_orthogonal,2.0,per_candidate,1.0,4,16,40,756,0,source_row:76,-1,15,0.1292713582515716,0.7,0.01,time_varying,1.5,0.5,catalog_residual_profile,topk_logmeanexp,2,0.19,outputs/fixation_statistics_by_stimulus_all_sessions_after_review/backimage_image_disjoint_compact_basis_delta025_v1/image_disjoint_compact_basis_delta0p25_fold0of2.npz,10,0,source_row:76,True,1.0,0.4546756605615769,-509.9374792197064,2,source_row:11021,False,3.0,-4.246743497816055,-536.0127500115244,0,source_row:76,True,1.0,0.1234085282976593,-513.7904954919285,0,source_row:76,True,1.0,0.2453369208407139,-512.2275029705752,0,source_row:76,True,1.0,0.1797940382862179,-512.3429255069587,23.669824504565668,0.8399559292397758,0,-511.9704188112789,-513.0818969596203,1.111478148341348,2,0.1034770633806442,0.1738612871456141,0.7138047130009803,0.4438330000732972,-0.4871531521301238,0.0641741319336363,0.0848528135464297,-0.11542253638356215,-0.04987965382906623,-0.06554288255449592,both_correct,-0.065542882554496
12,12,6,response_tables/trial_00006_hard_negative_structure_obs-empirical_prior-axis_edge_parallel_rel0p5x.npz,hard_negative_structure,empirical,axis_edge_parallel,0.5,per_candidate,1.0,4,16,40,756,0,source_row:87,-1,0,0.0146469855681061,0.7,0.01,time_varying,1.5,0.5,catalog_residual_profile,topk_logmeanexp,2,0.19,outputs/fixation_statistics_by_stimulus_all_sessions_after_review/backimage_image_disjoint_compact_basis_delta025_v1/image_disjoint_compact_basis_delta0p25_fold0of2.npz,10,0,source_row:87,True,1.0,2.7623847639350174,-365.93380360521536,0,source_row:87,True,1.0,2.6381113070721085,-366.69287386772726,0,source_row:87,True,1.0,2.5545020850354376,-366.7984436108312,0,source_row:87,True,1.0,2.5231893404770744,-366.19308088618857,0,source_row:87,True,1.0,2.5352463631881506,-366.2640081791002,0.4288656886270132,0.801564736539497,0,-366.1339151441655,-366.67420223546816,0.5402870913026732,2,0.0309176082611852,0.6221847249579968,-0.2650516819554877,0.1785665215012545,-3.908924615904688,0.0359151980530493,0.0139544495130084,-0.07092729291161959,-0.08298431562280939,0.012057022711189802,both_correct,0.012057022711076115
13,13,6,response_tables/trial_00006_hard_negative_structure_obs-empirical_prior-axis_edge_orthogonal_rel0p5x.npz,hard_negative_structure,empirical,axis_edge_orthogonal,0.5,per_candidate,1.0,4,16,40,756,0,source_row:87,-1,12,0.0209218095988035,0.7,0.01,time_varying,1.5,0.5,catalog_residual_profile,topk_logmeanexp,2,0.19,outputs/fixation_statistics_by_stimulus_all_sessions_after_review/backimage_image_disjoint_compact_basis_delta025_v1/image_disjoint_compact_basis_delta0p25_fold0of2.npz,10,0,source_row:87,True,1.0,2.7623847639350174,-365.93380360521536,0,source_row:87,True,1.0,2.6381113070721085,-366.69287386772726,0,source_row:87,True,1.0,2.344072989669769,-367.10687067224586,0,source_row:87,True,1.0,2.501609442407186,-366.18620437450096,0,source_row:87,True,1.0,2.4527594785448628,-366.3157326204737,0.3771412472535758,0.9386733813098572,12,-366.1483981480571,-366.9749528819135,0.8265547338564261,2,0.0245028041982774,0.5237585169577891,0.5431498956369593,0.5334542062973742,-2.083231694340229,0.0248506154388351,0.0139544495130084,-0.12952824597272183,-0.08067828211039796,-0.048849963862323875,both_correct,-0.04884996386232343
14,14,7,response_tables/trial_00007_hard_negative_structure_obs-empirical_prior-axis_edge_parallel_rel1x.npz,hard_negative_structure,empirical,axis_edge_parallel,1.0,per_candidate,1.0,4,16,40,756,0,source_row:87,-1,1,0.0314196497201919,0.7,0.01,time_varying,1.5,0.5,catalog_residual_profile,topk_logmeanexp,2,0.19,outputs/fixation_statistics_by_stimulus_all_sessions_after_review/backimage_image_disjoint_compact_basis_delta025_v1/image_disjoint_compact_basis_delta0p25_fold0of2.npz,10,0,source_row:87,True,1.0,3.717943609036524,-434.4503626031169,0,source_row:87,True,1.0,3.537060860111069,-439.4296722245617,0,source_row:87,True,1.0,2.670588368553638,-436.18338650679215,0,source_row:87,True,1.0,2.6228318598925284,-435.5208197751644,0,source_row:87,True,1.0,2.547518210706585,-435.5048478633968,3.924824361164896,0.8925742584788676,9,-435.4118264673372,-435.8846583042804,0.4728318369431576,2,0.0426158295901334,0.3574672342019977,0.2414649060292995,0.2994660701156486,-1.331613093399759,0.042820494421933,0.0279088990260169,0.015971911767621805,0.0912855609535086,-0.07531364918588679,both_correct,-0.07531364918594363
15,15,7,response_tables/trial_00007_hard_negative_structure_obs-empirical_prior-axis_edge_orthogonal_rel1x.npz,hard_negative_structure,empirical,axis_edge_orthogonal,1.0,per_candidate,1.0,4,16,40,756,0,source_row:87,-1,0,0.0399570688605308,0.7,0.01,time_varying,1.5,0.5,catalog_residual_profile,topk_logmeanexp,2,0.19,outputs/fixation_statistics_by_stimulus_all_sessions_after_review/backimage_image_disjoint_compact_basis_delta025_v1/image_disjoint_compact_basis_delta0p25_fold0of2.npz,10,0,source_row:87,True,1.0,3.717943609036524,-434.4503626031169,0,source_row:87,True,1.0,3.537060860111069,-439.4296722245617,0,source_row:87,True,1.0,3.230087677371728,-436.2757862072176,0,source_row:87,True,1.0,3.266395624726385,-435.3810916868399,0,source_row:87,True,1.0,3.163792244958529,-435.4465472215165,3.983125003045189,0.802725880599956,12,-435.23641592085664,-436.0396854083889,0.8032694875322477,2,0.0474728052718159,-0.2809216250694104,-0.2936607796233953,-0.2872912023464029,-1.893372723538575,0.0342011649037172,0.0279088990260169,-0.06545553467657328,0.037147845091112686,-0.10260337976768596,both_correct,-0.10260337976785605
16,16,8,response_tables/trial_00008_hard_negative_structure_obs-empirical_prior-axis_edge_parallel_rel2x.npz,hard_negative_structure,empirical,axis_edge_parallel,2.0,per_candidate,1.0,4,16,40,756,0,source_row:87,-1,14,0.0750414580106735,0.7,0.01,time_varying,1.5,0.5,catalog_residual_profile,topk_logmeanexp,2,0.19,outputs/fixation_statistics_by_stimulus_all_sessions_after_review/backimage_image_disjoint_compact_basis_delta025_v1/image_disjoint_compact_basis_delta0p25_fold0of2.npz,10,0,source_row:87,True,1.0,4.0253786812668295,-541.5873072297384,0,source_row:87,True,1.0,4.757431641024596,-559.9584316107132,0,source_row:87,True,1.0,2.215833897442849,-544.7061084134026,0,source_row:87,True,1.0,2.50563936931826,-543.5205480977253,0,source_row:87,True,1.0,2.4255382965997114,-543.6112581417499,16.34717346896332,0.954594881770212,4,-543.2871867164743,-544.3668412671036,1.079654550629357,2,0.0566678309856713,0.6501609731872191,-0.198379469773255,0.225890751706982,-0.0306893290344456,0.0604581236282853,0.0558177980520338,-0.09071004402460403,-0.010608971306055537,-0.0801010727185485,both_correct,-0.0801010727185485
17,17,8,response_tables/trial_00008_hard_negative_structure_obs-empirical_prior-axis_edge_orthogonal_rel2x.npz,hard_negative_structure,empirical,axis_edge_orthogonal,2.0,per_candidate,1.0,4,16,40,756,0,source_row:87,-1,7,0.0836718454957008,0.7,0.01,time_varying,1.5,0.5,catalog_residual_profile,topk_logmeanexp,2,0.19,outputs/fixation_statistics_by_stimulus_all_sessions_after_review/backimage_image_disjoint_compact_basis_delta025_v1/image_disjoint_compact_basis_delta0p25_fold0of2.npz,10,0,source_row:87,True,1.0,4.0253786812668295,-541.5873072297384,0,source_row:87,True,1.0,4.757431641024596,-559.9584316107132,0,source_row:87,True,1.0,4.070327459484247,-544.2540242484866,0,source_row:87,True,1.0,4.02315729736074,-543.3483718754817,0,source_row:87,True,1.0,3.743458189215289,-543.4308287399956,16.5276028707176,0.8036901008033849,7,-543.2459582600159,-544.0151204973648,0.7691622373489508,2,0.0651003809003505,0.6119411219211073,0.3073191785974845,0.4596301502592959,-0.3602591598821527,0.0485279773489653,0.0558177980520338,-0.0824568645139152,0.19724224363153553,-0.27969910814545074,both_correct,-0.27969910814545074
18,18,9,response_tables/trial_00009_hard_negative_structure_obs-empirical_prior-axis_edge_parallel_rel0p5x.npz,hard_negative_structure,empirical,axis_edge_parallel,0.5,per_candidate,1.0,4,16,40,756,0,source_row:369,-1,2,0.0179103221744298,0.7,0.01,time_varying,1.5,0.5,catalog_residual_profile,topk_logmeanexp,2,0.19,outputs/fixation_statistics_by_stimulus_all_sessions_after_review/backimage_image_disjoint_compact_basis_delta025_v1/image_disjoint_compact_basis_delta0p25_fold0of2.npz,10,0,source_row:369,True,1.0,0.95741833417037,-366.74183845086407,0,source_row:369,True,1.0,1.2389787444774356,-367.50236624074455,0,source_row:369,True,1.0,0.687620166146246,-367.8948177982771,0,source_row:369,True,1.0,0.669617250386068,-367.1551805968244,0,source_row:369,True,1.0,0.6158291886214329,-367.2158433336601,0.2865229070844179,0.9807118946582344,0,-367.08361244984087,-367.7388958031414,0.6552833533005469,2,0.0246644059493201,-0.1370226104615378,-0.0076900447190881,-0.072356327590313,-2.541706153279845,0.0194085387522038,0.0131058259717522,-0.06066273683569534,-0.0068746750711170534,-0.05378806176457829,both_correct,-0.05378806176463513
19,19,9,response_tables/trial_00009_hard_negative_structure_obs-empirical_prior-axis_edge_orthogonal_rel0p5x.npz,hard_negative_structure,empirical,axis_edge_orthogonal,0.5,per_candidate,1.0,4,16,40,756,0,source_row:369,-1,0,0.0223022680729627,0.7,0.01,time_varying,1.5,0.5,catalog_residual_profile,topk_logmeanexp,2,0.19,outputs/fixation_statistics_by_stimulus_all_sessions_after_review/backimage_image_disjoint_compact_basis_delta025_v1/image_disjoint_compact_basis_delta0p25_fold0of2.npz,10,0,source_row:369,True,1.0,0.95741833417037,-366.74183845086407,0,source_row:369,True,1.0,1.2389787444774356,-367.50236624074455,0,source_row:369,True,1.0,0.744080848979138,-368.0001531349455,0,source_row:369,True,1.0,0.6466480879581127,-367.259162098517,0,source_row:369,True,1.0,0.6686391800562888,-367.32114816656303,0.1812180741815154,0.9827982392330856,13,-367.190236743011,-367.8318762240477,0.641639481036691,2,0.0532436497327858,0.6555300545465852,-0.1356624875361898,0.2599337835051977,-15.504669869281845,0.0514974121849828,0.0131058259717522,-0.06198606804605333,-0.08397716014411571,0.02199109209806238,both_correct,0.021991092098176068
20,20,10,response_tables/trial_00010_hard_negative_structure_obs-empirical_prior-axis_edge_parallel_rel1x.npz,hard_negative_structure,empirical,axis_edge_parallel,1.0,per_candidate,1.0,4,16,40,756,0,source_row:369,-1,9,0.0343385972082614,0.7,0.01,time_varying,1.5,0.5,catalog_residual_profile,topk_logmeanexp,2,0.19,outputs/fixation_statistics_by_stimulus_all_sessions_after_review/backimage_image_disjoint_compact_basis_delta025_v1/image_disjoint_compact_basis_delta0p25_fold0of2.npz,10,0,source_row:369,True,1.0,0.95852760332275,-430.4368154392996,0,source_row:369,True,1.0,2.1872862703841065,-434.97318125818754,0,source_row:369,True,1.0,0.794762975095523,-432.3464702178996,0,source_row:369,True,1.0,0.6375843825508127,-431.4215422798369,0,source_row:369,True,1.0,0.6517541218774454,-431.4432609756043,3.529920282583248,0.9877084461799852,9,-431.27554662553166,-432.0970780172468,0.8215313917150979,2,0.0566008483718238,0.3507089095101456,0.0178879817645107,0.1842984456373282,-3.6629106812154593,0.0577680358784598,0.0262116519435045,-0.021718695767390273,-0.03588843509396611,0.014169739326575836,both_correct,0.01416973932663268
21,21,10,response_tables/trial_00010_hard_negative_structure_obs-empirical_prior-axis_edge_orthogonal_rel1x.npz,hard_negative_structure,empirical,axis_edge_orthogonal,1.0,per_candidate,1.0,4,16,40,756,0,source_row:369,-1,1,0.0408594645559787,0.7,0.01,time_varying,1.5,0.5,catalog_residual_profile,topk_logmeanexp,2,0.19,outputs/fixation_statistics_by_stimulus_all_sessions_after_review/backimage_image_disjoint_compact_basis_delta025_v1/image_disjoint_compact_basis_delta0p25_fold0of2.npz,10,0,source_row:369,True,1.0,0.95852760332275,-430.4368154392996,0,source_row:369,True,1.0,2.1872862703841065,-434.97318125818754,0,source_row:369,True,1.0,0.5042000899963455,-432.82689806886833,0,source_row:369,True,1.0,0.3939274586581405,-431.6852995086622,0,source_row:369,True,1.0,0.4437731324630363,-431.8251336003534,3.1480476578341268,0.989919459009811,7,-431.5521449309546,-432.5454573317108,0.9933124007561672,2,0.0463021705994689,0.3875660360576471,-0.0088501082664037,0.1893579638956217,-2.1204262068114867,0.0389864299161627,0.0262116519435045,-0.1398340916912275,-0.18967976549618015,0.04984567380495264,both_correct,0.049845673804895796
22,22,11,response_tables/trial_00011_hard_negative_structure_obs-empirical_prior-axis_edge_parallel_rel2x.npz,hard_negative_structure,empirical,axis_edge_parallel,2.0,per_candidate,1.0,4,16,40,756,0,source_row:369,-1,0,0.0686771944165229,0.7,0.01,time_varying,1.5,0.5,catalog_residual_profile,topk_logmeanexp,2,0.19,outputs/fixation_statistics_by_stimulus_all_sessions_after_review/backimage_image_disjoint_compact_basis_delta025_v1/image_disjoint_compact_basis_delta0p25_fold0of2.npz,10,0,source_row:369,True,1.0,1.553352968320041,-541.1668495072911,0,source_row:369,True,1.0,4.733353383313784,-560.7739258728324,0,source_row:369,True,1.0,1.0173480143967026,-544.8654602000471,0,source_row:369,True,1.0,0.5839319250958397,-544.1688284489175,0,source_row:369,True,1.0,0.8686274918314894,-543.5925833646637,17.181342508168655,0.9348406211111052,2,-543.4748213856014,-543.9779268616973,0.5031054760958114,2,0.0783698475259183,0.1529047438577215,0.1571301301289071,0.1550174369933143,-1.2348543646865902,0.0646355764150265,0.0524233038870091,0.5762450842537419,0.2915495175180922,0.28469556673564966,both_correct,0.28469556673564966
23,23,11,response_tables/trial_00011_hard_negative_structure_obs-empirical_prior-axis_edge_orthogonal_rel2x.npz,hard_negative_structure,empirical,axis_edge_orthogonal,2.0,per_candidate,1.0,4,16,40,756,0,source_row:369,-1,13,0.0863324925303459,0.7,0.01,time_varying,1.5,0.5,catalog_residual_profile,topk_logmeanexp,2,0.19,outputs/fixation_statistics_by_stimulus_all_sessions_after_review/backimage_image_disjoint_compact_basis_delta025_v1/image_disjoint_compact_basis_delta0p25_fold0of2.npz,10,0,source_row:369,True,1.0,1.553352968320041,-541.1668495072911,0,source_row:369,True,1.0,4.733353383313784,-560.7739258728324,0,source_row:369,True,1.0,0.8020488549626634,-545.5060539229196,0,source_row:369,True,1.0,1.0079681632551,-544.3612464357284,0,source_row:369,True,1.0,0.9727103303156356,-543.8807925070917,16.89313336574071,0.9836939968026088,8,-543.5966299973326,-544.4400726493826,0.8434426520500438,2,0.10947150699904,0.6811900079993687,0.0329084021511236,0.3570492050752462,-3.360671958551892,0.1002831042369093,0.0524233038870091,0.4804539286367344,0.515711761576199,-0.035257832939464606,both_correct,-0.035257832939464495
24,24,12,response_tables/trial_00012_hard_negative_structure_obs-empirical_prior-axis_edge_parallel_rel0p5x.npz,hard_negative_structure,empirical,axis_edge_parallel,0.5,per_candidate,1.0,4,16,40,756,0,source_row:420,-1,0,0.0345378145575523,0.7,0.01,time_varying,1.5,0.5,catalog_residual_profile,topk_logmeanexp,2,0.19,outputs/fixation_statistics_by_stimulus_all_sessions_after_review/backimage_image_disjoint_compact_basis_delta025_v1/image_disjoint_compact_basis_delta0p25_fold0of2.npz,10,0,source_row:420,True,1.0,0.7872621131017468,-423.35878097503326,0,source_row:420,True,1.0,0.3750161539097121,-428.73218107649416,0,source_row:420,True,1.0,0.3035621502136223,-425.88180581995215,0,source_row:420,True,1.0,0.496059863578921,-424.47970037380657,0,source_row:420,True,1.0,0.4791741562553397,-424.353611607983,4.378569468511159,0.8734854448144644,2,-424.1842336561364,-424.8199993273458,0.6357656712094126,2,0.0590753357915843,0.8179549740868043,-0.3613430791776579,0.2283059474545732,-1.6693983018296006,0.0819506742460134,0.0361575927549642,0.12608876582356743,0.14297447314709189,-0.016885707323524457,both_correct,-0.0168857073235813
25,25,12,response_tables/trial_00012_hard_negative_structure_obs-empirical_prior-axis_edge_orthogonal_rel0p5x.npz,hard_negative_structure,empirical,axis_edge_orthogonal,0.5,per_candidate,1.0,4,16,40,756,0,source_row:420,-1,8,0.0494160540401935,0.7,0.01,time_varying,1.5,0.5,catalog_residual_profile,topk_logmeanexp,2,0.19,outputs/fixation_statistics_by_stimulus_all_sessions_after_review/backimage_image_disjoint_compact_basis_delta025_v1/image_disjoint_compact_basis_delta0p25_fold0of2.npz,10,0,source_row:420,True,1.0,0.7872621131017468,-423.35878097503326,0,source_row:420,True,1.0,0.3750161539097121,-428.73218107649416,0,source_row:420,True,1.0,0.3227183147127448,-426.0725682053546,0,source_row:420,True,1.0,0.3402198426467748,-424.346834905679,0,source_row:420,True,1.0,0.4365005502094732,-424.5140393179415,4.218141758552633,0.7585882469302617,1,-424.2188347836085,-425.3191160073136,1.1002812237050534,2,0.0930722179852577,0.9150916627146968,0.5857926241823185,0.7504421434485076,-5.625842516097744,0.0969809707540654,0.0361575927549642,-0.16720441226254934,-0.2634851198252477,0.09628070756269835,both_correct,0.09628070756269841
26,26,13,response_tables/trial_00013_hard_negative_structure_obs-empirical_prior-axis_edge_parallel_rel1x.npz,hard_negative_structure,empirical,axis_edge_parallel,1.0,per_candidate,1.0,4,16,40,756,0,source_row:420,-1,11,0.0546388961374759,0.7,0.01,time_varying,1.5,0.5,catalog_residual_profile,topk_logmeanexp,2,0.19,outputs/fixation_statistics_by_stimulus_all_sessions_after_review/backimage_image_disjoint_compact_basis_delta025_v1/image_disjoint_compact_basis_delta0p25_fold0of2.npz,10,0,source_row:420,True,1.0,0.8229884983439888,-481.6205119410456,0,source_row:420,True,1.0,0.3541381209786323,-495.144817799574,0,source_row:420,True,1.0,0.3505313583870588,-484.8824003399216,0,source_row:420,True,1.0,0.5886335490557713,-483.4772256119305,0,source_row:420,True,1.0,0.2506182130667298,-483.2869754896236,11.8578423099504,0.751923981746484,11,-483.1034501425014,-484.0523759331501,0.9489257906486728,2,0.1202955343317182,0.8179099927795559,-0.5016088151811906,0.1581505887991826,-1.7671965135827437,0.1584867586012588,0.0723151855099284,0.19025012230690663,0.5282654582960049,-0.3380153359890983,both_correct,-0.33801533598904143
27,27,13,response_tables/trial_00013_hard_negative_structure_obs-empirical_prior-axis_edge_orthogonal_rel1x.npz,hard_negative_structure,empirical,axis_edge_orthogonal,1.0,per_candidate,1.0,4,16,40,756,0,source_row:420,-1,6,0.0989503636956214,0.7,0.01,time_varying,1.5,0.5,catalog_residual_profile,topk_logmeanexp,2,0.19,outputs/fixation_statistics_by_stimulus_all_sessions_after_review/backimage_image_disjoint_compact_basis_delta025_v1/image_disjoint_compact_basis_delta0p25_fold0of2.npz,10,0,source_row:420,True,1.0,0.8229884983439888,-481.6205119410456,0,source_row:420,True,1.0,0.3541381209786323,-495.144817799574,0,source_row:420,True,1.0,0.9102878294391415,-484.707787268056,0,source_row:420,True,1.0,0.4655262139310707,-483.73435105307567,0,source_row:420,True,1.0,0.6217090697846288,-483.4632515272911,11.681566272282907,0.6445888617070911,11,-483.2600089306856,-484.0750113975513,0.8150024668656783,2,0.1572277203869634,-0.8191662496364298,-0.5511018239702511,-0.6851340368033405,-3.727148288857202,0.1275162205138457,0.0723151855099284,0.27109952578456387,0.5987312170943824,-0.3276316913098185,both_correct,0.15618285585355812
28,28,14,response_tables/trial_00014_hard_negative_structure_obs-empirical_prior-axis_edge_parallel_rel2x.npz,hard_negative_structure,empirical,axis_edge_parallel,2.0,per_candidate,1.0,4,16,40,756,0,source_row:420,-1,9,0.0503900274634361,0.7,0.01,time_varying,1.5,0.5,catalog_residual_profile,topk_logmeanexp,2,0.19,outputs/fixation_statistics_by_stimulus_all_sessions_after_review/backimage_image_disjoint_compact_basis_delta025_v1/image_disjoint_compact_basis_delta0p25_fold0of2.npz,10,0,source_row:420,True,1.0,0.7671719944580673,-494.7629398452931,0,source_row:420,True,1.0,0.347763839154652,-510.37708960782646,0,source_row:420,True,1.0,0.3007850384476569,-497.0458957880441,0,source_row:420,True,1.0,0.4928214289515154,-495.68555058919446,0,source_row:420,True,1.0,0.4365491423836261,-495.8674072001165,14.509682407709988,0.7989262756102974,9,-495.4997360225083,-496.650678604964,1.1509425824556845,2,0.066656393483923,0.89835626818665,-0.5247818684082076,0.1867871998892212,0.382906283373997,0.1187081263855129,0.0848528140534535,-0.18185661092201144,-0.12558432435412215,-0.056272286567889296,both_correct,-0.056272286567889296
29,29,14,response_tables/trial_00014_hard_negative_structure_obs-empirical_prior-axis_edge_orthogonal_rel2x.npz,hard_negative_structure,empirical,axis_edge_orthogonal,2.0,per_candidate,1.0,4,16,40,756,0,source_row:420,-1,6,0.1211335361003875,0.7,0.01,time_varying,1.5,0.5,catalog_residual_profile,topk_logmeanexp,2,0.19,outputs/fixation_statistics_by_stimulus_all_sessions_after_review/backimage_image_disjoint_compact_basis_delta025_v1/image_disjoint_compact_basis_delta0p25_fold0of2.npz,10,0,source_row:420,True,1.0,0.7671719944580673,-494.7629398452931,0,source_row:420,True,1.0,0.347763839154652,-510.37708960782646,0,source_row:420,True,1.0,0.498968959393494,-497.43308113478406,0,source_row:420,True,1.0,0.3096375079708764,-496.25269508614826,0,source_row:420,True,1.0,0.4543135917057839,-496.3437224392917,14.033367168534824,0.7251819027099882,15,-496.0670655122776,-497.0163118652055,0.949246352927844,2,0.1067542205443164,0.782515467384581,0.7057956043808298,0.7441555358827054,-0.5828421556203311,0.0939063045947045,0.0848528140534535,-0.09102735314343136,-0.23570343687822515,0.1446760837347938,both_correct,0.14467608373490748
30,30,15,response_tables/trial_00015_hard_negative_structure_obs-empirical_prior-axis_edge_parallel_rel0p5x.npz,hard_negative_structure,empirical,axis_edge_parallel,0.5,per_candidate,1.0,4,16,40,756,0,source_row:454,-1,13,0.0183938909322023,0.7,0.01,time_varying,1.5,0.5,catalog_residual_profile,topk_logmeanexp,2,0.19,outputs/fixation_statistics_by_stimulus_all_sessions_after_review/backimage_image_disjoint_compact_basis_delta025_v1/image_disjoint_compact_basis_delta0p25_fold0of2.npz,10,0,source_row:454,True,1.0,0.0,-388.838327923739,0,source_row:454,True,1.0,0.0,-391.7403853314136,0,source_row:454,True,1.0,0.0,-390.6514808350552,0,source_row:454,True,1.0,0.0,-389.7482952296398,0,source_row:454,True,1.0,0.0,-389.8271997778864,1.913185553527228,0.9515282519843712,8,-389.6572731160872,-390.4547211964504,0.7974480803632105,2,0.0352040006852646,0.0933202553119147,0.307209006524603,0.2002646309182589,-4.870287667697809,0.0349224800273388,0.0145298900789931,-0.0789045482466122,-0.0789045482466122,0.0,both_correct,0.0
31,31,15,response_tables/trial_00015_hard_negative_structure_obs-empirical_prior-axis_edge_orthogonal_rel0p5x.npz,hard_negative_structure,empirical,axis_edge_orthogonal,0.5,per_candidate,1.0,4,16,40,756,0,source_row:454,-1,13,0.0215728152543306,0.7,0.01,time_varying,1.5,0.5,catalog_residual_profile,topk_logmeanexp,2,0.19,outputs/fixation_statistics_by_stimulus_all_sessions_after_review/backimage_image_disjoint_compact_basis_delta025_v1/image_disjoint_compact_basis_delta0p25_fold0of2.npz,10,0,source_row:454,True,1.0,0.0,-388.838327923739,0,source_row:454,True,1.0,0.0,-391.7403853314136,0,source_row:454,True,1.0,0.0,-390.8292479765884,0,source_row:454,True,1.0,0.0,-389.6995634596203,0,source_row:454,True,1.0,0.0,-389.8709291915703,1.8694561398432936,0.8063079557333316,13,-389.60890271607167,-390.60828497130376,0.999382255232092,2,0.0310369739316307,0.5920285047528481,-0.361272728431904,0.115377888160472,-3.56282786706102,0.0308614915562653,0.0145298900789931,-0.17136573195000437,-0.17136573195000437,0.0,both_correct,0.0
32,32,16,response_tables/trial_00016_hard_negative_structure_obs-empirical_prior-axis_edge_parallel_rel1x.npz,hard_negative_structure,empirical,axis_edge_parallel,1.0,per_candidate,1.0,4,16,40,756,0,source_row:454,-1,0,0.035708237439394,0.7,0.01,time_varying,1.5,0.5,catalog_residual_profile,topk_logmeanexp,2,0.19,outputs/fixation_statistics_by_stimulus_all_sessions_after_review/backimage_image_disjoint_compact_basis_delta025_v1/image_disjoint_compact_basis_delta0p25_fold0of2.npz,10,0,source_row:454,True,1.0,0.0,-472.6984365927987,0,source_row:454,True,1.0,0.0,-484.2003457816842,0,source_row:454,True,1.0,0.0,-475.47178151141,0,source_row:454,True,1.0,0.0,-474.3197591080412,0,source_row:454,True,1.0,0.0,-473.9923743635664,10.207971418117836,0.963959767024567,0,-473.8692653144977,-474.4993846952007,0.6301193807030359,2,0.0573946649263347,-0.4216017540184888,-0.3907542593527013,-0.406178006685595,-2.900842365358393,0.0398545797105139,0.0290597801579862,0.3273847444747844,0.3273847444747844,0.0,both_correct,0.0
33,33,16,response_tables/trial_00016_hard_negative_structure_obs-empirical_prior-axis_edge_orthogonal_rel1x.npz,hard_negative_structure,empirical,axis_edge_orthogonal,1.0,per_candidate,1.0,4,16,40,756,0,source_row:454,-1,8,0.043026216328144,0.7,0.01,time_varying,1.5,0.5,catalog_residual_profile,topk_logmeanexp,2,0.19,outputs/fixation_statistics_by_stimulus_all_sessions_after_review/backimage_image_disjoint_compact_basis_delta025_v1/image_disjoint_compact_basis_delta0p25_fold0of2.npz,10,0,source_row:454,True,1.0,0.0,-472.6984365927987,0,source_row:454,True,1.0,0.0,-484.2003457816842,0,source_row:454,True,1.0,0.0,-475.2445298407004,0,source_row:454,True,1.0,0.0,-474.3940083088938,0,source_row:454,True,1.0,0.0,-474.21703940286864,9.98330637881554,0.771958362974319,15,-474.12281536608623,-474.6077791010672,0.4849637349809654,2,0.050810403743929,-0.2146190723238726,0.0046126951616637,-0.1050031885811044,-2.057177416701943,0.0381313813924204,0.0290597801579862,0.17696890602513804,0.17696890602513804,0.0,both_correct,0.0
34,34,17,response_tables/trial_00017_hard_negative_structure_obs-empirical_prior-axis_edge_parallel_rel2x.npz,hard_negative_structure,empirical,axis_edge_parallel,2.0,per_candidate,1.0,4,16,40,756,0,source_row:454,-1,7,0.0845974832773208,0.7,0.01,time_varying,1.5,0.5,catalog_residual_profile,topk_logmeanexp,2,0.19,outputs/fixation_statistics_by_stimulus_all_sessions_after_review/backimage_image_disjoint_compact_basis_delta025_v1/image_disjoint_compact_basis_delta0p25_fold0of2.npz,10,0,source_row:454,True,1.0,0.0,-560.2011437033982,0,source_row:454,True,1.0,0.0,-587.9657667372019,0,source_row:454,True,1.0,0.0,-564.768615380944,0,source_row:454,True,1.0,0.0,-563.6755502815201,0,source_row:454,True,1.0,0.0,-563.3147273219887,24.651039415213177,0.9970464566823496,9,-563.0774280255565,-564.0286676516006,0.951239626044071,2,0.1255609666760803,0.3781900414604262,0.0632217666880261,0.2207059040742262,-3.667288651782224,0.1220068710910775,0.0581195603159724,0.36082295953144694,0.36082295953144694,0.0,both_correct,0.0
35,35,17,response_tables/trial_00017_hard_negative_structure_obs-empirical_prior-axis_edge_orthogonal_rel2x.npz,hard_negative_structure,empirical,axis_edge_orthogonal,2.0,per_candidate,1.0,4,16,40,756,0,source_row:454,-1,7,0.093567281961441,0.7,0.01,time_varying,1.5,0.5,catalog_residual_profile,topk_logmeanexp,2,0.19,outputs/fixation_statistics_by_stimulus_all_sessions_after_review/backimage_image_disjoint_compact_basis_delta025_v1/image_disjoint_compact_basis_delta0p25_fold0of2.npz,10,0,source_row:454,True,1.0,0.0,-560.2011437033982,0,source_row:454,True,1.0,0.0,-587.9657667372019,0,source_row:454,True,1.0,0.0,-564.7851116515877,0,source_row:454,True,1.0,0.0,-563.7939208343703,0,source_row:454,True,1.0,0.0,-563.6058881670285,24.35987857017335,0.8476245078654184,9,-563.435274624202,-564.2118038406943,0.7765292164923494,2,0.0992569456632198,0.3928143910430101,-0.0623927013351008,0.1652108448539546,-1.9166020293542307,0.0949160387353687,0.0581195603159724,0.1880326673417585,0.1880326673417585,0.0,both_correct,0.0
36,36,18,response_tables/trial_00018_hard_negative_structure_obs-empirical_prior-axis_edge_parallel_rel0p5x.npz,hard_negative_structure,empirical,axis_edge_parallel,0.5,per_candidate,1.0,4,16,40,756,0,source_row:455,-1,15,0.019874345511198,0.7,0.01,time_varying,1.5,0.5,catalog_residual_profile,topk_logmeanexp,2,0.19,outputs/fixation_statistics_by_stimulus_all_sessions_after_review/backimage_image_disjoint_compact_basis_delta025_v1/image_disjoint_compact_basis_delta0p25_fold0of2.npz,10,0,source_row:455,True,1.0,0.0,-359.2773451048349,0,source_row:455,True,1.0,0.0,-360.6340790030024,0,source_row:455,True,1.0,0.0,-360.8751656260297,0,source_row:455,True,1.0,0.0,-359.83333551936266,0,source_row:455,True,1.0,0.0,-360.0008584845385,0.6332205184638724,0.9438649978240988,11,-359.7926100068622,-360.7191835578181,0.9265735509558796,2,0.021393939680005,0.3684508332538049,0.122301072819125,0.2453759530364649,-2.284246426810008,0.0204413754259732,0.0118051877619768,-0.16752296517586274,-0.16752296517586274,0.0,both_correct,0.0
37,37,18,response_tables/trial_00018_hard_negative_structure_obs-empirical_prior-axis_edge_orthogonal_rel0p5x.npz,hard_negative_structure,empirical,axis_edge_orthogonal,0.5,per_candidate,1.0,4,16,40,756,0,source_row:455,-1,15,0.0202939249575138,0.7,0.01,time_varying,1.5,0.5,catalog_residual_profile,topk_logmeanexp,2,0.19,outputs/fixation_statistics_by_stimulus_all_sessions_after_review/backimage_image_disjoint_compact_basis_delta025_v1/image_disjoint_compact_basis_delta0p25_fold0of2.npz,10,0,source_row:455,True,1.0,0.0,-359.2773451048349,0,source_row:455,True,1.0,0.0,-360.6340790030024,0,source_row:455,True,1.0,0.0,-361.09310179656063,0,source_row:455,True,1.0,0.0,-359.8792176854756,0,source_row:455,True,1.0,0.0,-360.0714526986752,0.562626304327182,0.8466625966450967,15,-359.8521768121302,-360.91546622383913,1.0632894117089222,2,0.0163614646933661,0.6734259247832042,-0.2789034315583619,0.1972612466124211,-0.9208725977606677,0.0173467827398739,0.0118051877619768,-0.19223501319959269,-0.19223501319959269,0.0,both_correct,0.0
38,38,19,response_tables/trial_00019_hard_negative_structure_obs-empirical_prior-axis_edge_parallel_rel1x.npz,hard_negative_structure,empirical,axis_edge_parallel,1.0,per_candidate,1.0,4,16,40,756,0,source_row:455,-1,3,0.0399310998618602,0.7,0.01,time_varying,1.5,0.5,catalog_residual_profile,topk_logmeanexp,2,0.19,outputs/fixation_statistics_by_stimulus_all_sessions_after_review/backimage_image_disjoint_compact_basis_delta025_v1/image_disjoint_compact_basis_delta0p25_fold0of2.npz,10,0,source_row:455,True,1.0,0.0,-431.5111687400132,0,source_row:455,True,1.0,0.0,-438.3697110798085,0,source_row:455,True,1.0,0.0,-434.03043885506935,0,source_row:455,True,1.0,0.0,-433.1039827705655,0,source_row:455,True,1.0,0.0,-433.0098780046621,5.359833075146298,0.9655992262578104,0,-432.8667473244438,-433.4842563157184,0.617508991274633,2,0.077176197626915,0.2811276017081209,0.2481846735359966,0.2646561376220587,-9.684666375620909,0.0790632561140416,0.0236103755239536,0.09410476590340977,0.09410476590340977,0.0,both_correct,0.0
39,39,19,response_tables/trial_00019_hard_negative_structure_obs-empirical_prior-axis_edge_orthogonal_rel1x.npz,hard_negative_structure,empirical,axis_edge_orthogonal,1.0,per_candidate,1.0,4,16,40,756,0,source_row:455,-1,2,0.0434504225850105,0.7,0.01,time_varying,1.5,0.5,catalog_residual_profile,topk_logmeanexp,2,0.19,outputs/fixation_statistics_by_stimulus_all_sessions_after_review/backimage_image_disjoint_compact_basis_delta025_v1/image_disjoint_compact_basis_delta0p25_fold0of2.npz,10,0,source_row:455,True,1.0,0.0,-431.5111687400132,0,source_row:455,True,1.0,0.0,-438.3697110798085,0,source_row:455,True,1.0,0.0,-434.298346963639,0,source_row:455,True,1.0,0.0,-433.53007455743,0,source_row:455,True,1.0,0.0,-433.167487340984,5.2022237388244434,0.7547533596204521,0,-432.9317090096064,-433.7142613335226,0.7825523239162067,2,0.0483390776907202,0.408252504008335,-0.1920478387021937,0.1081023326530706,-3.1917071209876804,0.0487602533349435,0.0236103755239536,0.362587216446002,0.362587216446002,0.0,both_correct,0.0
40,40,20,response_tables/trial_00020_hard_negative_structure_obs-empirical_prior-axis_edge_parallel_rel2x.npz,hard_negative_structure,empirical,axis_edge_parallel,2.0,per_candidate,1.0,4,16,40,756,0,source_row:455,-1,1,0.0729313939809799,0.7,0.01,time_varying,1.5,0.5,catalog_residual_profile,topk_logmeanexp,2,0.19,outputs/fixation_statistics_by_stimulus_all_sessions_after_review/backimage_image_disjoint_compact_basis_delta025_v1/image_disjoint_compact_basis_delta0p25_fold0of2.npz,10,0,source_row:455,True,1.0,0.0,-528.4102783679434,0,source_row:455,True,1.0,0.0,-550.2270581505041,0,source_row:455,True,1.0,0.0,-532.2279922985707,0,source_row:455,True,1.0,0.0,-530.9596504827243,0,source_row:455,True,1.0,0.0,-530.9921474128457,19.234910737658424,0.9974351161004078,12,-530.8047281325066,-531.6905125046641,0.8857843721574454,2,0.0986961322930586,-0.1930610235924559,-0.170480441938226,-0.181770732765341,-3.368521597712088,0.0796545695170945,0.0472207510479073,-0.03249693012139687,-0.03249693012139687,0.0,both_correct,0.0
41,41,20,response_tables/trial_00020_hard_negative_structure_obs-empirical_prior-axis_edge_orthogonal_rel2x.npz,hard_negative_structure,empirical,axis_edge_orthogonal,2.0,per_candidate,1.0,4,16,40,756,0,source_row:455,-1,0,0.078880988061428,0.7,0.01,time_varying,1.5,0.5,catalog_residual_profile,topk_logmeanexp,2,0.19,outputs/fixation_statistics_by_stimulus_all_sessions_after_review/backimage_image_disjoint_compact_basis_delta025_v1/image_disjoint_compact_basis_delta0p25_fold0of2.npz,10,0,source_row:455,True,1.0,0.0,-528.4102783679434,0,source_row:455,True,1.0,0.0,-550.2270581505041,0,source_row:455,True,1.0,0.0,-532.3095008591589,0,source_row:455,True,1.0,0.0,-531.3202942536295,0,source_row:455,True,1.0,0.0,-531.2388024938325,18.98825565667164,0.7642902782377484,13,-531.0593025098841,-531.8960566665338,0.8367541566497039,2,0.115211578560361,-0.2120458397713782,0.272602549187172,0.0302783547078968,-4.952871031303679,0.1012903947190153,0.0472207510479073,0.08149175979701795,0.08149175979701795,0.0,both_correct,0.0
42,42,21,response_tables/trial_00021_hard_negative_structure_obs-empirical_prior-axis_edge_parallel_rel0p5x.npz,hard_negative_structure,empirical,axis_edge_parallel,0.5,per_candidate,1.0,4,16,40,756,0,source_row:966,-1,11,0.0168074928224086,0.7,0.01,time_varying,1.5,0.5,catalog_residual_profile,topk_logmeanexp,2,0.19,outputs/fixation_statistics_by_stimulus_all_sessions_after_review/backimage_image_disjoint_compact_basis_delta025_v1/image_disjoint_compact_basis_delta0p25_fold0of2.npz,10,0,source_row:966,True,1.0,1.8797750513767824,-365.5615343679739,0,source_row:966,True,1.0,2.174977544022113,-365.8852054676804,0,source_row:966,True,1.0,1.5191703258854543,-366.6116184045445,0,source_row:966,True,1.0,1.4090252831439898,-365.7799884642199,0,source_row:966,True,1.0,1.2313565667709554,-365.9190585179283,-0.0338530502479557,0.930969273338513,10,-365.761653246665,-366.57212745043125,0.8104742037662618,2,0.0214655582178129,-0.1650785996900879,-0.4513832761914688,-0.3082309379407783,-3.523315650248577,0.0163639719826243,0.0100928481529926,-0.13907005370839443,0.15760334095205053,-0.29667339466044496,both_correct,-0.17766871637303439
43,43,21,response_tables/trial_00021_hard_negative_structure_obs-empirical_prior-axis_edge_orthogonal_rel0p5x.npz,hard_negative_structure,empirical,axis_edge_orthogonal,0.5,per_candidate,1.0,4,16,40,756,0,source_row:966,-1,14,0.0149706620723009,0.7,0.01,time_varying,1.5,0.5,catalog_residual_profile,topk_logmeanexp,2,0.19,outputs/fixation_statistics_by_stimulus_all_sessions_after_review/backimage_image_disjoint_compact_basis_delta025_v1/image_disjoint_compact_basis_delta0p25_fold0of2.npz,10,0,source_row:966,True,1.0,1.8797750513767824,-365.5615343679739,0,source_row:966,True,1.0,2.174977544022113,-365.8852054676804,0,source_row:966,True,1.0,1.708890280165008,-366.55458013764417,0,source_row:966,True,1.0,1.314402022495642,-365.8146540081224,0,source_row:966,True,1.0,1.2851604968897163,-365.9106115977105,-0.0254061300301486,0.9243153972743716,14,-365.7616349777769,-366.51072501844897,0.7490900406720584,2,0.0242196150408575,-0.1200490061750249,0.7322703902339479,0.3061106920294614,-4.758468470100115,0.0266199712294326,0.0100928481529926,-0.09595758958812439,0.27120558124317995,-0.36716317083130434,both_correct,-0.029241525605925744
44,44,22,response_tables/trial_00022_hard_negative_structure_obs-empirical_prior-axis_edge_parallel_rel1x.npz,hard_negative_structure,empirical,axis_edge_parallel,1.0,per_candidate,1.0,4,16,40,756,0,source_row:966,-1,7,0.0344444289803504,0.7,0.01,time_varying,1.5,0.5,catalog_residual_profile,topk_logmeanexp,2,0.19,outputs/fixation_statistics_by_stimulus_all_sessions_after_review/backimage_image_disjoint_compact_basis_delta025_v1/image_disjoint_compact_basis_delta0p25_fold0of2.npz,10,0,source_row:966,True,1.0,2.0491191704986136,-419.67563753209487,0,source_row:966,True,1.0,4.022589827996285,-422.4126665466922,0,source_row:966,True,1.0,0.9215492225073376,-421.6185243423217,0,source_row:966,True,1.0,0.953070559281457,-420.5376607295396,0,source_row:966,True,1.0,0.893697102182557,-420.5423469452643,1.8703196014279229,0.5611394281429781,13,-420.3778584237393,-421.2185246696101,0.8406662458707501,2,0.0383967224328678,0.1978910935483946,0.1665567339887506,0.1822239137685726,-2.6182688942114924,0.035869706837665,0.0201856963059852,-0.004686215724689191,0.05468724137415393,-0.05937345709884312,both_correct,-0.05937345709889996
45,45,22,response_tables/trial_00022_hard_negative_structure_obs-empirical_prior-axis_edge_orthogonal_rel1x.npz,hard_negative_structure,empirical,axis_edge_orthogonal,1.0,per_candidate,1.0,4,16,40,756,0,source_row:966,-1,12,0.0332542210817337,0.7,0.01,time_varying,1.5,0.5,catalog_residual_profile,topk_logmeanexp,2,0.19,outputs/fixation_statistics_by_stimulus_all_sessions_after_review/backimage_image_disjoint_compact_basis_delta025_v1/image_disjoint_compact_basis_delta0p25_fold0of2.npz,10,0,source_row:966,True,1.0,2.0491191704986136,-419.67563753209487,0,source_row:966,True,1.0,4.022589827996285,-422.4126665466922,0,source_row:966,True,1.0,1.533540632513791,-421.5638199160344,0,source_row:966,True,1.0,1.2300491181021584,-420.619297515962,0,source_row:966,True,1.0,1.340994715216027,-420.6090382296664,1.8036283170258685,0.9095752724451016,15,-420.44537464146856,-421.2351477605696,0.789773119101028,2,0.0358666042208436,-0.0238622093272663,0.3222782270097703,0.1492080088412519,-2.157134259307828,0.0335592810177441,0.0201856963059852,0.010259286295593029,-0.10068631081827562,0.11094559711386864,both_correct,0.11094559711386864
46,46,23,response_tables/trial_00023_hard_negative_structure_obs-empirical_prior-axis_edge_parallel_rel2x.npz,hard_negative_structure,empirical,axis_edge_parallel,2.0,per_candidate,1.0,4,16,40,756,0,source_row:966,-1,4,0.0625251829624176,0.7,0.01,time_varying,1.5,0.5,catalog_residual_profile,topk_logmeanexp,2,0.19,outputs/fixation_statistics_by_stimulus_all_sessions_after_review/backimage_image_disjoint_compact_basis_delta025_v1/image_disjoint_compact_basis_delta0p25_fold0of2.npz,10,0,source_row:966,True,1.0,2.6669534390741774,-543.8475223305628,0,source_row:966,True,1.0,8.064508054256862,-560.6849343877908,0,source_row:966,True,1.0,1.4640022051175947,-546.9363646737124,0,source_row:966,True,1.0,0.9676042334023124,-545.7260911299131,0,source_row:966,True,1.0,1.011673293468334,-545.7469822831579,14.937952104632927,0.610720704792015,10,-545.5539587525366,-546.4175616332132,0.8636028806765808,2,0.0500611489063958,0.3085819068025937,0.6241874066587412,0.4663846567306674,-0.5376382136214564,0.0537370835997653,0.0403713926119705,-0.02089115324474733,-0.06496021331076918,0.04406906006602185,both_correct,0.044069060066021515
47,47,23,response_tables/trial_00023_hard_negative_structure_obs-empirical_prior-axis_edge_orthogonal_rel2x.npz,hard_negative_structure,empirical,axis_edge_orthogonal,2.0,per_candidate,1.0,4,16,40,756,0,source_row:966,-1,9,0.0675372332334518,0.7,0.01,time_varying,1.5,0.5,catalog_residual_profile,topk_logmeanexp,2,0.19,outputs/fixation_statistics_by_stimulus_all_sessions_after_review/backimage_image_disjoint_compact_basis_delta025_v1/image_disjoint_compact_basis_delta0p25_fold0of2.npz,10,0,source_row:966,True,1.0,2.6669534390741774,-543.8475223305628,0,source_row:966,True,1.0,8.064508054256862,-560.6849343877908,0,source_row:966,True,1.0,1.1607515896685072,-547.3326029537302,0,source_row:966,True,1.0,0.479235944553352,-546.3521468254617,0,source_row:966,True,1.0,0.8548505810932738,-546.2237905687012,14.461143819089555,0.7173681578944372,1,-546.0410598378751,-546.7800712841365,0.7390114462614292,2,0.0915317354001996,0.2595720160935769,-0.5712246352364235,-0.1558263095714233,-4.140388361308324,0.0718082985532384,0.0403713926119705,0.12835625676041218,-0.2472583797795096,0.3756146365399218,both_correct,0.37561463653992183
48,48,24,response_tables/trial_00024_hard_negative_structure_obs-empirical_prior-axis_edge_parallel_rel0p5x.npz,hard_negative_structure,empirical,axis_edge_parallel,0.5,per_candidate,1.0,4,16,40,756,0,source_row:1249,-1,7,0.0151675976812839,0.7,0.01,time_varying,1.5,0.5,catalog_residual_profile,topk_logmeanexp,2,0.19,outputs/fixation_statistics_by_stimulus_all_sessions_after_review/backimage_image_disjoint_compact_basis_delta025_v1/image_disjoint_compact_basis_delta0p25_fold0of2.npz,10,0,source_row:1249,True,1.0,1.7082912262854393,-290.8676768928179,0,source_row:1249,True,1.0,1.449158315652653,-291.1426093951917,0,source_row:1249,True,1.0,1.64607892327831,-291.42138497552463,0,source_row:1249,True,1.0,1.5007649216358343,-291.02285513829725,0,source_row:1249,True,1.0,1.5395987708894268,-291.07901249515623,0.0635969000354634,0.9779009625846492,10,-291.00196217189347,-291.38241525911,0.3804530872164946,2,0.0170648645295468,-0.095020360330436,0.48181697122509,0.193398305447327,-2.5638074451300468,0.0175928153267022,0.0090395274845173,-0.05615735685898926,-0.0949912061125815,0.038833849253592234,both_correct,0.038833849253592456
49,49,24,response_tables/trial_00024_hard_negative_structure_obs-empirical_prior-axis_edge_orthogonal_rel0p5x.npz,hard_negative_structure,empirical,axis_edge_orthogonal,0.5,per_candidate,1.0,4,16,40,756,0,source_row:1249,-1,2,0.0166355744004249,0.7,0.01,time_varying,1.5,0.5,catalog_residual_profile,topk_logmeanexp,2,0.19,outputs/fixation_statistics_by_stimulus_all_sessions_after_review/backimage_image_disjoint_compact_basis_delta025_v1/image_disjoint_compact_basis_delta0p25_fold0of2.npz,10,0,source_row:1249,True,1.0,1.7082912262854393,-290.8676768928179,0,source_row:1249,True,1.0,1.449158315652653,-291.1426093951917,0,source_row:1249,True,1.0,1.3423902101831118,-291.9263366080244,0,source_row:1249,True,1.0,1.6426592907531583,-291.1397179858856,0,source_row:1249,True,1.0,1.5863380308953765,-291.2744810709516,-0.1318716757598963,0.9923061511485244,7,-291.1052551776217,-291.7908815465503,0.6856263689285811,2,0.0227878738638179,-0.1907851875147204,-0.0475450125858935,-0.1191651000503069,-5.355008775676152,0.0197924717317865,0.0090395274845173,-0.1347630850659698,-0.07844182520824461,-0.05632125985772518,both_correct,-0.0563212598577818
50,50,25,response_tables/trial_00025_hard_negative_structure_obs-empirical_prior-axis_edge_parallel_rel1x.npz,hard_negative_structure,empirical,axis_edge_parallel,1.0,per_candidate,1.0,4,16,40,756,0,source_row:1249,-1,1,0.0302007757127285,0.7,0.01,time_varying,1.5,0.5,catalog_residual_profile,topk_logmeanexp,2,0.19,outputs/fixation_statistics_by_stimulus_all_sessions_after_review/backimage_image_disjoint_compact_basis_delta025_v1/image_disjoint_compact_basis_delta0p25_fold0of2.npz,10,0,source_row:1249,True,1.0,1.9433607419068155,-339.451747801235,2,source_row:454,False,3.0,-0.5653821692729366,-341.91444051555465,0,source_row:1249,True,1.0,2.0520482576608288,-341.0204089717301,0,source_row:1249,True,1.0,1.737164859879158,-339.9989692925134,0,source_row:1249,True,1.0,1.7586128905032865,-340.095083084174,1.819357431380638,-0.1069109142919593,14,-339.93047522692706,-340.67301366613185,0.7425384392047931,2,0.0274540885777863,-0.0093050330026089,0.4569464367161033,0.2238207018567471,-1.3060175631255784,0.0268828885542498,0.0180790549690346,-0.09611379166062761,-0.09838648976256081,0.0022726981019332015,both_correct,0.021448030624128478
51,51,25,response_tables/trial_00025_hard_negative_structure_obs-empirical_prior-axis_edge_orthogonal_rel1x.npz,hard_negative_structure,empirical,axis_edge_orthogonal,1.0,per_candidate,1.0,4,16,40,756,0,source_row:1249,-1,1,0.0333614349365234,0.7,0.01,time_varying,1.5,0.5,catalog_residual_profile,topk_logmeanexp,2,0.19,outputs/fixation_statistics_by_stimulus_all_sessions_after_review/backimage_image_disjoint_compact_basis_delta025_v1/image_disjoint_compact_basis_delta0p25_fold0of2.npz,10,0,source_row:1249,True,1.0,1.9433607419068155,-339.451747801235,2,source_row:454,False,3.0,-0.5653821692729366,-341.91444051555465,0,source_row:1249,True,1.0,1.3215540342490044,-342.0252933709721,0,source_row:1249,True,1.0,1.4387060496641766,-340.33972577564487,0,source_row:1249,True,1.0,1.576646071843129,-340.43954614875554,1.4748943667991057,-0.2239990755364391,7,-340.1222170489634,-341.38276522632674,1.2605481773633187,2,0.0319550118770496,-0.0506356817530411,0.0128606985737765,-0.0188874915896322,-2.1241114326168646,0.0257498983458802,0.0180790549690346,-0.09982037311067415,-0.22317731473634694,0.12335694162567279,both_correct,0.1379400221789524
52,52,26,response_tables/trial_00026_hard_negative_structure_obs-empirical_prior-axis_edge_parallel_rel2x.npz,hard_negative_structure,empirical,axis_edge_parallel,2.0,per_candidate,1.0,4,16,40,756,0,source_row:1249,-1,14,0.0606703907251358,0.7,0.01,time_varying,1.5,0.5,catalog_residual_profile,topk_logmeanexp,2,0.19,outputs/fixation_statistics_by_stimulus_all_sessions_after_review/backimage_image_disjoint_compact_basis_delta025_v1/image_disjoint_compact_basis_delta0p25_fold0of2.npz,10,0,source_row:1249,True,1.0,2.974409192334861,-459.9768437579552,2,source_row:454,False,3.0,-5.647443706811714,-476.421474057728,0,source_row:1249,True,1.0,1.6754270817625638,-464.385315176526,0,source_row:1249,True,1.0,1.6707385210981442,-462.7966711930762,0,source_row:1249,True,1.0,1.800702532115622,-462.4890393253419,13.93243473238607,-0.6336964960776098,5,-462.32016167954544,-463.073454835807,0.7532931562615772,2,0.1297183410965614,-0.2374974727492735,0.4616520850722836,0.112077306161505,-11.8703788331876,0.1350155433648084,0.0361581099380692,0.30763186773430107,0.524699214900977,-0.21706734716667597,both_correct,0.1299640110174778
53,53,26,response_tables/trial_00026_hard_negative_structure_obs-empirical_prior-axis_edge_orthogonal_rel2x.npz,hard_negative_structure,empirical,axis_edge_orthogonal,2.0,per_candidate,1.0,4,16,40,756,0,source_row:1249,-1,7,0.0696878284215927,0.7,0.01,time_varying,1.5,0.5,catalog_residual_profile,topk_logmeanexp,2,0.19,outputs/fixation_statistics_by_stimulus_all_sessions_after_review/backimage_image_disjoint_compact_basis_delta025_v1/image_disjoint_compact_basis_delta0p25_fold0of2.npz,10,0,source_row:1249,True,1.0,2.974409192334861,-459.9768437579552,2,source_row:454,False,3.0,-5.647443706811714,-476.421474057728,0,source_row:1249,True,1.0,1.678575687802038,-464.42583739550497,0,source_row:1249,True,1.0,1.2707302674696166,-462.9745676000428,0,source_row:1249,True,1.0,1.6036057374105326,-462.5972939197506,13.82418013797735,-0.1442291379519234,7,-462.4075143285433,-463.297971199533,0.8904568709896807,2,0.0777650413559915,-0.2285783843221933,0.0413997530124243,-0.0935893156548845,-3.6254860212322937,0.0639048046737111,0.0361581099380692,0.3772736802922054,0.044398210351289435,0.332875469940916,both_correct,0.332875469940916
54,54,27,response_tables/trial_00027_hard_negative_structure_obs-empirical_prior-axis_edge_parallel_rel0p5x.npz,hard_negative_structure,empirical,axis_edge_parallel,0.5,per_candidate,1.0,4,16,40,756,0,source_row:1422,-1,13,0.0193165466189384,0.7,0.01,time_varying,1.5,0.5,catalog_residual_profile,topk_logmeanexp,2,0.19,outputs/fixation_statistics_by_stimulus_all_sessions_after_review/backimage_image_disjoint_compact_basis_delta025_v1/image_disjoint_compact_basis_delta0p25_fold0of2.npz,10,0,source_row:1422,True,1.0,0.1046304567955758,-303.13010311252697,0,source_row:1422,True,1.0,0.0546750633347414,-303.717621215184,0,source_row:1422,True,1.0,0.0379468435258445,-303.9014383692722,0,source_row:1422,True,1.0,0.0361730625290874,-303.3886367557117,0,source_row:1422,True,1.0,0.0417722143524201,-303.43727721529035,0.2803439998936596,0.9983851110219996,14,-303.355336458262,-303.7681519035093,0.412815445247304,2,0.0176560843586318,0.3159792697285458,-0.3739093229263648,-0.0289650265989095,-1.7047077646269124,0.0141437859626471,0.0107357952773106,-0.04864045957867802,-0.05423961140201072,0.005599151823332704,both_correct,0.005599151823332704
55,55,27,response_tables/trial_00027_hard_negative_structure_obs-empirical_prior-axis_edge_orthogonal_rel0p5x.npz,hard_negative_structure,empirical,axis_edge_orthogonal,0.5,per_candidate,1.0,4,16,40,756,0,source_row:1422,-1,4,0.0148371066898107,0.7,0.01,time_varying,1.5,0.5,catalog_residual_profile,topk_logmeanexp,2,0.19,outputs/fixation_statistics_by_stimulus_all_sessions_after_review/backimage_image_disjoint_compact_basis_delta025_v1/image_disjoint_compact_basis_delta0p25_fold0of2.npz,10,0,source_row:1422,True,1.0,0.1046304567955758,-303.13010311252697,0,source_row:1422,True,1.0,0.0546750633347414,-303.717621215184,0,source_row:1422,True,1.0,0.0237333991778996,-304.0157429371256,0,source_row:1422,True,1.0,0.0513700417279778,-303.32495701873586,0,source_row:1422,True,1.0,0.018446437362229,-303.4689920303254,0.2486291848586006,0.9997479577560392,4,-303.30431951005795,-303.8862837694004,0.5819642593424419,2,0.0135990804213368,0.0406142803147128,0.4511366489373312,0.245875464626022,-0.604540345182409,0.0134410036517102,0.0107357952773106,-0.14403501158955123,-0.11111140722380242,-0.032923604365748815,both_correct,-0.0329236043657488
56,56,28,response_tables/trial_00028_hard_negative_structure_obs-empirical_prior-axis_edge_parallel_rel1x.npz,hard_negative_structure,empirical,axis_edge_parallel,1.0,per_candidate,1.0,4,16,40,756,0,source_row:1422,-1,2,0.0404599048197269,0.7,0.01,time_varying,1.5,0.5,catalog_residual_profile,topk_logmeanexp,2,0.19,outputs/fixation_statistics_by_stimulus_all_sessions_after_review/backimage_image_disjoint_compact_basis_delta025_v1/image_disjoint_compact_basis_delta0p25_fold0of2.npz,10,0,source_row:1422,True,1.0,0.1332122518485334,-374.72894739695073,0,source_row:1422,True,1.0,0.0895328171430946,-379.8989318123133,1,source_row:1425,False,2.0,-0.0554667685627805,-376.86221239613633,0,source_row:1422,True,1.0,0.0454095060164263,-375.65881251560006,0,source_row:1422,True,1.0,0.0257823937486705,-375.781105044112,4.117826768201383,0.9997058908000928,2,-375.5570057057081,-376.5432280969317,0.9862223912236344,2,0.0431232860581174,-0.4166956298617679,0.4094508256181043,-0.0036224021218317,-3.033622591881895,0.0364921198744652,0.0214715905546212,-0.1222925285119345,-0.10266541624412184,-0.019627112267812663,both_correct,-0.0196271122677558
57,57,28,response_tables/trial_00028_hard_negative_structure_obs-empirical_prior-axis_edge_orthogonal_rel1x.npz,hard_negative_structure,empirical,axis_edge_orthogonal,1.0,per_candidate,1.0,4,16,40,756,0,source_row:1422,-1,2,0.0288260914385318,0.7,0.01,time_varying,1.5,0.5,catalog_residual_profile,topk_logmeanexp,2,0.19,outputs/fixation_statistics_by_stimulus_all_sessions_after_review/backimage_image_disjoint_compact_basis_delta025_v1/image_disjoint_compact_basis_delta0p25_fold0of2.npz,10,0,source_row:1422,True,1.0,0.1332122518485334,-374.72894739695073,0,source_row:1422,True,1.0,0.0895328171430946,-379.8989318123133,1,source_row:1425,False,2.0,-0.0237665567339604,-377.1040898205028,0,source_row:1422,True,1.0,0.0260970068395636,-375.934105506937,0,source_row:1422,True,1.0,0.0043123416480739,-375.906727956556,3.9922038557573374,0.9969342795206622,3,-375.6842536909288,-376.7692298297007,1.0849761387718786,2,0.0386096257946737,0.3167236055357637,0.3196696689733889,0.3181966372545763,-2.233424696197499,0.0388401307166781,0.0214715905546212,0.027377550381004312,0.04916221557255085,-0.021784665191546537,both_correct,-0.0217846651914897
58,58,29,response_tables/trial_00029_hard_negative_structure_obs-empirical_prior-axis_edge_parallel_rel2x.npz,hard_negative_structure,empirical,axis_edge_parallel,2.0,per_candidate,1.0,4,16,40,756,0,source_row:1422,-1,15,0.073497325181961,0.7,0.01,time_varying,1.5,0.5,catalog_residual_profile,topk_logmeanexp,2,0.19,outputs/fixation_statistics_by_stimulus_all_sessions_after_review/backimage_image_disjoint_compact_basis_delta025_v1/image_disjoint_compact_basis_delta0p25_fold0of2.npz,10,0,source_row:1422,True,1.0,0.1682724370222104,-492.2728764860765,0,source_row:1422,True,1.0,0.0017886352372897,-516.9300074271287,0,source_row:1422,True,1.0,0.0715670032442403,-496.9074097981215,0,source_row:1422,True,1.0,0.0428515762394567,-495.6200380635525,0,source_row:1422,True,1.0,0.0813836717933327,-495.2824207154191,21.647586711709607,0.988800756949776,11,-495.1295615010709,-495.7955190255529,0.665957524482053,2,0.1089066215788883,0.1241573827112132,-0.3960415058049658,-0.1359420615468762,-5.431616587088147,0.0970721479602261,0.0429431811092425,0.33761734813339217,0.2990852525796299,0.03853209555376225,both_correct,0.038532095553875996
59,59,29,response_tables/trial_00029_hard_negative_structure_obs-empirical_prior-axis_edge_orthogonal_rel2x.npz,hard_negative_structure,empirical,axis_edge_orthogonal,2.0,per_candidate,1.0,4,16,40,756,0,source_row:1422,-1,6,0.0569136068224906,0.7,0.01,time_varying,1.5,0.5,catalog_residual_profile,topk_logmeanexp,2,0.19,outputs/fixation_statistics_by_stimulus_all_sessions_after_review/backimage_image_disjoint_compact_basis_delta025_v1/image_disjoint_compact_basis_delta0p25_fold0of2.npz,10,0,source_row:1422,True,1.0,0.1682724370222104,-492.2728764860765,0,source_row:1422,True,1.0,0.0017886352372897,-516.9300074271287,0,source_row:1422,True,1.0,0.0286974067140022,-496.7138326576361,0,source_row:1422,True,1.0,0.0380213780891836,-495.5352178473975,0,source_row:1422,True,1.0,0.0445704268482245,-495.4879221340137,21.44208529311493,0.996308150319818,11,-495.2982276849778,-496.05039829506416,0.7521706100863526,2,0.1254207779059982,-0.1844873297785913,-0.5558120770777302,-0.3701497034281608,-7.530029929932816,0.0984441012401652,0.0429431811092425,0.047295713383846305,0.04074666462463483,0.006549048759211473,both_correct,0.006549048759040901
60,60,30,response_tables/trial_00030_hard_negative_structure_obs-empirical_prior-axis_edge_parallel_rel0p5x.npz,hard_negative_structure,empirical,axis_edge_parallel,0.5,per_candidate,1.0,4,16,40,756,0,source_row:1425,-1,7,0.0203155819326639,0.7,0.01,time_varying,1.5,0.5,catalog_residual_profile,topk_logmeanexp,2,0.19,outputs/fixation_statistics_by_stimulus_all_sessions_after_review/backimage_image_disjoint_compact_basis_delta025_v1/image_disjoint_compact_basis_delta0p25_fold0of2.npz,10,0,source_row:1425,True,1.0,0.1061175112623686,-309.4920185112228,0,source_row:1425,True,1.0,0.010565910758828,-310.37568074831955,0,source_row:1425,True,1.0,0.022181295393409,-311.08143466179115,1,source_row:1422,False,2.0,-0.0072975320018713,-309.9848228644055,0,source_row:1425,True,1.0,0.0044862114662578,-310.0875591739535,0.2881215743660732,0.9985842494161064,3,-309.8683850076841,-310.9006515238489,1.0322665161648388,2,0.0353857691957053,-0.1445177270078356,0.459942965116295,0.1577126190542297,-9.07445769708466,0.0340534860289777,0.0111485350017789,-0.10273630954799273,-0.11452005301612189,0.01178374346812916,rescued_by_residual,0.0117837434681291
61,61,30,response_tables/trial_00030_hard_negative_structure_obs-empirical_prior-axis_edge_orthogonal_rel0p5x.npz,hard_negative_structure,empirical,axis_edge_orthogonal,0.5,per_candidate,1.0,4,16,40,756,0,source_row:1425,-1,8,0.015146386809647,0.7,0.01,time_varying,1.5,0.5,catalog_residual_profile,topk_logmeanexp,2,0.19,outputs/fixation_statistics_by_stimulus_all_sessions_after_review/backimage_image_disjoint_compact_basis_delta025_v1/image_disjoint_compact_basis_delta0p25_fold0of2.npz,10,0,source_row:1425,True,1.0,0.1061175112623686,-309.4920185112228,0,source_row:1425,True,1.0,0.010565910758828,-310.37568074831955,0,source_row:1425,True,1.0,0.037660141032461,-311.1591497518047,2,source_row:3934,False,3.0,-0.0210003904083464,-310.02272789546777,0,source_row:1425,True,1.0,0.0090006839280931,-310.1199488290656,0.2557319192539466,0.9940822916544984,8,-309.914069616362,-310.9911597225918,1.077090106229832,2,0.0408434312990748,-0.1500409544990027,-0.6228084324846751,-0.3864246934918389,-12.42174049343318,0.0342940665982448,0.0111485350017789,-0.09722093359783912,-0.12024633736683654,0.02302540376899742,rescued_by_residual,0.030001074336439497
62,62,31,response_tables/trial_00031_hard_negative_structure_obs-empirical_prior-axis_edge_parallel_rel1x.npz,hard_negative_structure,empirical,axis_edge_parallel,1.0,per_candidate,1.0,4,16,40,756,0,source_row:1425,-1,4,0.0372345298528671,0.7,0.01,time_varying,1.5,0.5,catalog_residual_profile,topk_logmeanexp,2,0.19,outputs/fixation_statistics_by_stimulus_all_sessions_after_review/backimage_image_disjoint_compact_basis_delta025_v1/image_disjoint_compact_basis_delta0p25_fold0of2.npz,10,0,source_row:1425,True,1.0,0.1325002467898457,-386.8275474164161,1,source_row:1422,False,2.0,-0.0214887062951447,-393.0873727754436,1,source_row:1422,False,2.0,-0.0269336817926841,-388.9452660755348,1,source_row:1422,False,2.0,-0.025725148648064,-388.3286050637835,1,source_row:1422,False,2.0,-0.0267995247639873,-388.2558246107642,4.831548164679361,0.9702378108078205,13,-388.1587483837864,-388.643779052148,0.4850306683616168,2,0.0501872777707955,0.3455826659280261,-0.3654897053373336,-0.0099535197046537,-4.06630911719164,0.0467411563493841,0.0222970700035578,0.07278045301933389,0.0738548291352572,-0.0010743761159233145,both_wrong,-0.0010743761159232972
63,63,31,response_tables/trial_00031_hard_negative_structure_obs-empirical_prior-axis_edge_orthogonal_rel1x.npz,hard_negative_structure,empirical,axis_edge_orthogonal,1.0,per_candidate,1.0,4,16,40,756,0,source_row:1425,-1,9,0.03138093277812,0.7,0.01,time_varying,1.5,0.5,catalog_residual_profile,topk_logmeanexp,2,0.19,outputs/fixation_statistics_by_stimulus_all_sessions_after_review/backimage_image_disjoint_compact_basis_delta025_v1/image_disjoint_compact_basis_delta0p25_fold0of2.npz,10,0,source_row:1425,True,1.0,0.1325002467898457,-386.8275474164161,1,source_row:1422,False,2.0,-0.0214887062951447,-393.0873727754436,0,source_row:1425,True,1.0,0.0155504058321866,-389.12942310406254,0,source_row:1425,True,1.0,0.0115949718391448,-388.019865317222,0,source_row:1425,True,1.0,0.0221564723633491,-388.0877072277399,4.999665547703671,0.9991327108178631,9,-387.7921442713358,-388.67036063462166,0.8782163632858442,2,0.0394837798597115,0.2927116831449599,0.749714332373926,0.521213007759443,-2.135753018410708,0.0494430694952701,0.0222970700035578,-0.06784191051787047,-0.07840341104207482,0.010561500524204348,both_correct,0.010561500524204301
64,64,32,response_tables/trial_00032_hard_negative_structure_obs-empirical_prior-axis_edge_parallel_rel2x.npz,hard_negative_structure,empirical,axis_edge_parallel,2.0,per_candidate,1.0,4,16,40,756,0,source_row:1425,-1,14,0.0792028903961181,0.7,0.01,time_varying,1.5,0.5,catalog_residual_profile,topk_logmeanexp,2,0.19,outputs/fixation_statistics_by_stimulus_all_sessions_after_review/backimage_image_disjoint_compact_basis_delta025_v1/image_disjoint_compact_basis_delta0p25_fold0of2.npz,10,0,source_row:1425,True,1.0,0.143927751733031,-481.4340466965952,0,source_row:1425,True,1.0,0.0597123982171865,-504.43744774282897,1,source_row:1422,False,2.0,-0.0483662480793896,-485.6090614001093,1,source_row:1422,False,2.0,-0.0864990034161223,-484.4619863466641,1,source_row:1422,False,2.0,-0.0589070705833592,-484.1018863696704,20.335561373158555,0.9481012218327804,7,-483.9327736614073,-484.7139184017745,0.7811447403672105,2,0.0821587439732851,-0.1683033495133762,0.3428978275417538,0.0872972390141887,-2.3943138516440534,0.0695932387487552,0.0445941400071157,0.3600999769936948,0.3325080441608179,0.027591932832876864,both_wrong,0.027591932832763094
65,65,32,response_tables/trial_00032_hard_negative_structure_obs-empirical_prior-axis_edge_orthogonal_rel2x.npz,hard_negative_structure,empirical,axis_edge_orthogonal,2.0,per_candidate,1.0,4,16,40,756,0,source_row:1425,-1,7,0.0531348772346973,0.7,0.01,time_varying,1.5,0.5,catalog_residual_profile,topk_logmeanexp,2,0.19,outputs/fixation_statistics_by_stimulus_all_sessions_after_review/backimage_image_disjoint_compact_basis_delta025_v1/image_disjoint_compact_basis_delta0p25_fold0of2.npz,10,0,source_row:1425,True,1.0,0.143927751733031,-481.4340466965952,0,source_row:1425,True,1.0,0.0597123982171865,-504.43744774282897,1,source_row:1422,False,2.0,-0.0447752591247763,-485.8903798360981,1,source_row:1422,False,2.0,-0.0113588223085798,-484.71410402941,1,source_row:1422,False,2.0,-0.0285689614335069,-484.3918951284823,20.04555261434672,0.98490374009031,4,-484.08614699262847,-485.17154227621165,1.085395283583182,2,0.1104790961670027,-0.071636723590826,-0.5108619406883388,-0.2912493321395824,-5.137685614601096,0.0865650418156235,0.0445941400071157,0.3222089009277056,0.3394190400526327,-0.017210139124927082,both_wrong,-0.017210139124927103
66,66,33,response_tables/trial_00033_hard_negative_structure_obs-empirical_prior-axis_edge_parallel_rel0p5x.npz,hard_negative_structure,empirical,axis_edge_parallel,0.5,per_candidate,1.0,4,16,40,756,0,source_row:1446,-1,7,0.0160033963620662,0.7,0.01,time_varying,1.5,0.5,catalog_residual_profile,topk_logmeanexp,2,0.19,outputs/fixation_statistics_by_stimulus_all_sessions_after_review/backimage_image_disjoint_compact_basis_delta025_v1/image_disjoint_compact_basis_delta0p25_fold0of2.npz,10,0,source_row:1446,True,1.0,2.413805724354745,-353.98031136557114,0,source_row:1446,True,1.0,2.710407685321684,-354.3231162882947,0,source_row:1446,True,1.0,1.9315826843367745,-354.7102148231328,0,source_row:1446,True,1.0,1.7116584245496824,-354.2127118083879,0,source_row:1446,True,1.0,1.7108282219900277,-354.2883854053784,0.0347308829163353,0.992143791193553,3,-354.20092037638614,-354.646359497385,0.4454391209988557,2,0.0171636926517669,-0.5871331317911366,0.105883838948173,-0.2406246464214817,-2.79036262253754,0.0123265508163791,0.0088159749745202,-0.07567359699049803,-0.07484339443084309,-0.0008302025596549356,both_correct,-0.0008302025596547136
67,67,33,response_tables/trial_00033_hard_negative_structure_obs-empirical_prior-axis_edge_orthogonal_rel0p5x.npz,hard_negative_structure,empirical,axis_edge_orthogonal,0.5,per_candidate,1.0,4,16,40,756,0,source_row:1446,-1,12,0.0147783756256103,0.7,0.01,time_varying,1.5,0.5,catalog_residual_profile,topk_logmeanexp,2,0.19,outputs/fixation_statistics_by_stimulus_all_sessions_after_review/backimage_image_disjoint_compact_basis_delta025_v1/image_disjoint_compact_basis_delta0p25_fold0of2.npz,10,0,source_row:1446,True,1.0,2.413805724354745,-353.98031136557114,0,source_row:1446,True,1.0,2.710407685321684,-354.3231162882947,0,source_row:1446,True,1.0,1.9874680106007645,-354.9421792479631,0,source_row:1446,True,1.0,2.1295383498606384,-354.19052128852235,0,source_row:1446,True,1.0,1.9738475230901145,-354.28903337188774,0.0340829164069873,0.9900686108983794,12,-354.1593188019883,-354.83973087221875,0.6804120702304317,2,0.0168104706900274,0.4093160867605992,0.0876380874016923,0.2484770870811457,-2.6359596093855564,0.0167940739900463,0.0088159749745202,-0.0985120833653923,0.05717874340513163,-0.15569082677052393,both_correct,-0.15569082677052393
68,68,34,response_tables/trial_00034_hard_negative_structure_obs-empirical_prior-axis_edge_parallel_rel1x.npz,hard_negative_structure,empirical,axis_edge_parallel,1.0,per_candidate,1.0,4,16,40,756,0,source_row:1446,-1,14,0.0352808721363544,0.7,0.01,time_varying,1.5,0.5,catalog_residual_profile,topk_logmeanexp,2,0.19,outputs/fixation_statistics_by_stimulus_all_sessions_after_review/backimage_image_disjoint_compact_basis_delta025_v1/image_disjoint_compact_basis_delta0p25_fold0of2.npz,10,0,source_row:1446,True,1.0,2.650218432166924,-393.1902905159407,0,source_row:1446,True,1.0,3.827223838181226,-395.29255351195445,0,source_row:1446,True,1.0,1.5242443928642615,-395.49515996093714,0,source_row:1446,True,1.0,1.6444644706123768,-393.9096689003678,0,source_row:1446,True,1.0,1.7371254738282005,-394.1275964903243,1.16495702163013,0.9973787191435398,7,-393.8120168430719,-395.14877690834095,1.3367600652690612,2,0.0417117881057033,0.2712945929985152,0.1717276070361021,0.2215111000173087,-4.596505392178613,0.0418360561967665,0.0176319499490404,-0.21792758995650274,-0.31058859317232645,0.09266100321582371,both_correct,0.09266100321582371
69,69,34,response_tables/trial_00034_hard_negative_structure_obs-empirical_prior-axis_edge_orthogonal_rel1x.npz,hard_negative_structure,empirical,axis_edge_orthogonal,1.0,per_candidate,1.0,4,16,40,756,0,source_row:1446,-1,13,0.0328179560601711,0.7,0.01,time_varying,1.5,0.5,catalog_residual_profile,topk_logmeanexp,2,0.19,outputs/fixation_statistics_by_stimulus_all_sessions_after_review/backimage_image_disjoint_compact_basis_delta025_v1/image_disjoint_compact_basis_delta0p25_fold0of2.npz,10,0,source_row:1446,True,1.0,2.650218432166924,-393.1902905159407,0,source_row:1446,True,1.0,3.827223838181226,-395.29255351195445,0,source_row:1446,True,1.0,1.3998035307154169,-396.48926511429215,0,source_row:1446,True,1.0,1.4405405136316176,-394.7498908273234,0,source_row:1446,True,1.0,1.7821495983883435,-394.7003801206075,0.5921733913469325,0.9922076606983647,7,-394.44667642835145,-395.7777841307109,1.3311077023594748,2,0.0665498974899251,-0.4041184398116867,0.1669581121447849,-0.1185801638334509,-13.246037820103115,0.0606980682976855,0.0176319499490404,0.04951070671586422,-0.29209837804091876,0.341609084756783,both_correct,0.3416090847567259
70,70,35,response_tables/trial_00035_hard_negative_structure_obs-empirical_prior-axis_edge_parallel_rel2x.npz,hard_negative_structure,empirical,axis_edge_parallel,2.0,per_candidate,1.0,4,16,40,756,0,source_row:1446,-1,11,0.0730594769120216,0.7,0.01,time_varying,1.5,0.5,catalog_residual_profile,topk_logmeanexp,2,0.19,outputs/fixation_statistics_by_stimulus_all_sessions_after_review/backimage_image_disjoint_compact_basis_delta025_v1/image_disjoint_compact_basis_delta0p25_fold0of2.npz,10,0,source_row:1446,True,1.0,2.6612984958150605,-483.2480473462068,0,source_row:1446,True,1.0,6.264031315933437,-494.4596543646513,0,source_row:1446,True,1.0,1.4653503253545068,-486.4055544194501,0,source_row:1446,True,1.0,1.1111967159118876,-485.7689628464491,0,source_row:1446,True,1.0,1.2357634184214137,-485.41065204025847,9.04900232439286,0.9843463951135748,11,-485.3049025285135,-485.77272068719935,0.4678181586858727,2,0.1099903421772086,-0.4271500842574388,-0.0398609623425094,-0.2335055232999741,-8.728556964448728,0.0952945458148277,0.0352638998980808,0.35831080619061595,0.2337441036810901,0.12456670250952584,both_correct,0.12456670250952606
71,71,35,response_tables/trial_00035_hard_negative_structure_obs-empirical_prior-axis_edge_orthogonal_rel2x.npz,hard_negative_structure,empirical,axis_edge_orthogonal,2.0,per_candidate,1.0,4,16,40,756,0,source_row:1446,-1,3,0.0625126361846923,0.7,0.01,time_varying,1.5,0.5,catalog_residual_profile,topk_logmeanexp,2,0.19,outputs/fixation_statistics_by_stimulus_all_sessions_after_review/backimage_image_disjoint_compact_basis_delta025_v1/image_disjoint_compact_basis_delta0p25_fold0of2.npz,10,0,source_row:1446,True,1.0,2.6612984958150605,-483.2480473462068,0,source_row:1446,True,1.0,6.264031315933437,-494.4596543646513,0,source_row:1446,True,1.0,2.126678173987102,-486.8905544247563,0,source_row:1446,True,1.0,2.5320611999326843,-485.4555347948962,0,source_row:1446,True,1.0,2.3311143202880658,-485.3605518473462,9.09910251730514,0.9559028417310964,11,-484.8984921396234,-486.1297749788602,1.231282839236826,2,0.0575713131620353,0.3547766858270923,0.069473492723222,0.2121250892751572,-1.6653337032369122,0.0548876240311268,0.0352638998980808,0.09498294755002235,0.29592982719458405,-0.2009468796445617,both_correct,-0.20094687964461855
72,72,36,response_tables/trial_00036_hard_negative_structure_obs-empirical_prior-axis_edge_parallel_rel0p5x.npz,hard_negative_structure,empirical,axis_edge_parallel,0.5,per_candidate,1.0,4,16,40,756,0,source_row:1523,-1,3,0.0252404808998107,0.7,0.01,time_varying,1.5,0.5,catalog_residual_profile,topk_logmeanexp,2,0.19,outputs/fixation_statistics_by_stimulus_all_sessions_after_review/backimage_image_disjoint_compact_basis_delta025_v1/image_disjoint_compact_basis_delta0p25_fold0of2.npz,10,0,source_row:1523,True,1.0,1.7800129145272194,-345.5122610685296,3,source_row:10803,False,2.0,-0.5695685171708647,-349.77525550462485,0,source_row:1523,True,1.0,1.02821980727947,-347.27043107485696,0,source_row:1523,True,1.0,1.3498527893979713,-346.1239380523003,0,source_row:1523,True,1.0,1.2513292659916146,-346.1835023909544,3.5917531136704497,0.4738679263344428,6,-346.00162301776635,-346.8480276265501,0.8464046087837573,2,0.0458550968612218,0.350217668495061,0.1643387305995167,0.2572781995472888,-7.2898479818296575,0.044568198662096,0.0159262794526116,-0.059564338654126914,0.0389591847522297,-0.09852352340635662,both_correct,-0.09852352340635662
73,73,36,response_tables/trial_00036_hard_negative_structure_obs-empirical_prior-axis_edge_orthogonal_rel0p5x.npz,hard_negative_structure,empirical,axis_edge_orthogonal,0.5,per_candidate,1.0,4,16,40,756,0,source_row:1523,-1,11,0.0159239433705806,0.7,0.01,time_varying,1.5,0.5,catalog_residual_profile,topk_logmeanexp,2,0.19,outputs/fixation_statistics_by_stimulus_all_sessions_after_review/backimage_image_disjoint_compact_basis_delta025_v1/image_disjoint_compact_basis_delta0p25_fold0of2.npz,10,0,source_row:1523,True,1.0,1.7800129145272194,-345.5122610685296,3,source_row:10803,False,2.0,-0.5695685171708647,-349.77525550462485,0,source_row:1523,True,1.0,1.571388440513715,-347.2791641456117,0,source_row:1523,True,1.0,1.6579348056758365,-346.0510170259113,0,source_row:1523,True,1.0,1.750386151129362,-346.0966588462286,3.678596658396259,0.5369709909941568,10,-345.9190011834637,-346.8229049335289,0.903903750065183,2,0.0368776263433195,0.1010011220265012,0.3127445241815794,0.2068728231040403,-4.361635122550171,0.0347381636861843,0.0159262794526116,-0.04564182031731434,-0.1380931657708402,0.09245134545352585,both_correct,0.0924513454535254
74,74,37,response_tables/trial_00037_hard_negative_structure_obs-empirical_prior-axis_edge_parallel_rel1x.npz,hard_negative_structure,empirical,axis_edge_parallel,1.0,per_candidate,1.0,4,16,40,756,0,source_row:1523,-1,4,0.048790518194437,0.7,0.01,time_varying,1.5,0.5,catalog_residual_profile,topk_logmeanexp,2,0.19,outputs/fixation_statistics_by_stimulus_all_sessions_after_review/backimage_image_disjoint_compact_basis_delta025_v1/image_disjoint_compact_basis_delta0p25_fold0of2.npz,10,0,source_row:1523,True,1.0,2.534346389264954,-450.0358582729722,3,source_row:10803,False,3.0,-4.662671966353685,-468.3458522679956,0,source_row:1523,True,1.0,1.094363758906752,-452.65458408656497,0,source_row:1523,True,1.0,1.1626322777509586,-451.3982026172422,0,source_row:1523,True,1.0,1.3082393634167602,-451.3090230432901,17.03682922470557,-0.4384395024479038,11,-451.07211263839673,-451.9487343603431,0.8766217219463215,2,0.1028014006452339,0.8885464893204994,0.0875936607899386,0.488070075055219,-9.416202363278076,0.1038790391594645,0.0318525589052232,0.08917957395209442,-0.0564275117135935,0.14560708566568792,both_correct,0.1456070856658016
75,75,37,response_tables/trial_00037_hard_negative_structure_obs-empirical_prior-axis_edge_orthogonal_rel1x.npz,hard_negative_structure,empirical,axis_edge_orthogonal,1.0,per_candidate,1.0,4,16,40,756,0,source_row:1523,-1,3,0.0344011411070823,0.7,0.01,time_varying,1.5,0.5,catalog_residual_profile,topk_logmeanexp,2,0.19,outputs/fixation_statistics_by_stimulus_all_sessions_after_review/backimage_image_disjoint_compact_basis_delta025_v1/image_disjoint_compact_basis_delta0p25_fold0of2.npz,10,0,source_row:1523,True,1.0,2.534346389264954,-450.0358582729722,3,source_row:10803,False,3.0,-4.662671966353685,-468.3458522679956,0,source_row:1523,True,1.0,2.1062195801982853,-452.1262940881039,0,source_row:1523,True,1.0,1.913685179020149,-450.9362734282814,0,source_row:1523,True,1.0,2.0801841111019144,-450.9851032539461,17.360749014049475,-0.4061409804588364,3,-450.7679863341999,-451.53454803689726,0.7665617026974019,2,0.0398238133230809,0.4602828543393218,0.3742442773991321,0.4172635658692269,-0.5631369596936266,0.0408891908762126,0.0318525589052232,-0.048829825664654436,-0.21532875774653348,0.16649893208187905,both_correct,0.16649893208176536
76,76,38,response_tables/trial_00038_hard_negative_structure_obs-empirical_prior-axis_edge_parallel_rel2x.npz,hard_negative_structure,empirical,axis_edge_parallel,2.0,per_candidate,1.0,4,16,40,756,0,source_row:1523,-1,8,0.0963195338845253,0.7,0.01,time_varying,1.5,0.5,catalog_residual_profile,topk_logmeanexp,2,0.19,outputs/fixation_statistics_by_stimulus_all_sessions_after_review/backimage_image_disjoint_compact_basis_delta025_v1/image_disjoint_compact_basis_delta0p25_fold0of2.npz,10,0,source_row:1523,True,1.0,5.768045009372031,-564.3732335490411,2,source_row:5781,False,4.0,-10.957994326221636,-608.6529382937977,3,source_row:10803,False,3.0,-0.8623296940003229,-572.8500077016182,3,source_row:10803,False,2.0,-0.2362389717429778,-570.8094079171047,3,source_row:10803,False,3.0,-0.5371245928986355,-569.9155424169676,38.73739587683008,-0.2611218586220205,10,-569.3816322628131,-571.0659442159008,1.684311953087672,2,0.1539021327889503,0.6811138051102875,0.0685913694182501,0.3748525872642688,-4.836340621686945,0.1479377255794546,0.0637051178104465,0.8938655001371671,1.1947511212928248,-0.30088562115565765,both_wrong,-0.30088562115565765
77,77,38,response_tables/trial_00038_hard_negative_structure_obs-empirical_prior-axis_edge_orthogonal_rel2x.npz,hard_negative_structure,empirical,axis_edge_orthogonal,2.0,per_candidate,1.0,4,16,40,756,0,source_row:1523,-1,13,0.0636957734823226,0.7,0.01,time_varying,1.5,0.5,catalog_residual_profile,topk_logmeanexp,2,0.19,outputs/fixation_statistics_by_stimulus_all_sessions_after_review/backimage_image_disjoint_compact_basis_delta025_v1/image_disjoint_compact_basis_delta0p25_fold0of2.npz,10,0,source_row:1523,True,1.0,5.768045009372031,-564.3732335490411,2,source_row:5781,False,4.0,-10.957994326221636,-608.6529382937977,0,source_row:1523,True,1.0,2.5428409073429066,-569.1254132694637,0,source_row:1523,True,1.0,2.30462562385128,-567.8214450260859,0,source_row:1523,True,1.0,1.726759219491555,-567.8152891719474,40.83764912185029,-0.6499947767973918,1,-567.6098976453743,-568.4123724086987,0.802474763324426,2,0.0558152633779372,0.8596570783403176,-0.195037692107095,0.3323096931166113,0.2323605061143987,0.0853963809312394,0.0637051178104465,0.006155854138569339,0.5840222584982939,-0.5778664043597246,both_correct,-0.577866404359725
78,78,39,response_tables/trial_00039_hard_negative_structure_obs-empirical_prior-axis_edge_parallel_rel0p5x.npz,hard_negative_structure,empirical,axis_edge_parallel,0.5,per_candidate,1.0,4,16,40,756,0,source_row:1709,-1,13,0.017750896513462,0.7,0.01,time_varying,1.5,0.5,catalog_residual_profile,topk_logmeanexp,2,0.19,outputs/fixation_statistics_by_stimulus_all_sessions_after_review/backimage_image_disjoint_compact_basis_delta025_v1/image_disjoint_compact_basis_delta0p25_fold0of2.npz,10,0,source_row:1709,True,1.0,0.3013658341605776,-242.3292866335265,0,source_row:1709,True,1.0,0.2190619971342755,-242.5970620884039,0,source_row:1709,True,1.0,0.3553284392843068,-242.9682762372672,0,source_row:1709,True,1.0,0.2406007219848334,-242.52800408115408,0,source_row:1709,True,1.0,0.2537005047415732,-242.6043412374584,-0.0072791490545114,0.9980117927080964,6,-242.52215120277577,-242.93304054926853,0.4108893464927519,2,0.0309996905736255,-0.7814069308261937,-0.6896431006070285,-0.7355250157166111,-4.966135235876467,0.0223527257883119,0.01269143740681,-0.07633715630433358,-0.08943693906107342,0.013099782756739842,both_correct,0.013099782756739786
79,79,39,response_tables/trial_00039_hard_negative_structure_obs-empirical_prior-axis_edge_orthogonal_rel0p5x.npz,hard_negative_structure,empirical,axis_edge_orthogonal,0.5,per_candidate,1.0,4,16,40,756,0,source_row:1709,-1,13,0.0187294147908687,0.7,0.01,time_varying,1.5,0.5,catalog_residual_profile,topk_logmeanexp,2,0.19,outputs/fixation_statistics_by_stimulus_all_sessions_after_review/backimage_image_disjoint_compact_basis_delta025_v1/image_disjoint_compact_basis_delta0p25_fold0of2.npz,10,0,source_row:1709,True,1.0,0.3013658341605776,-242.3292866335265,0,source_row:1709,True,1.0,0.2190619971342755,-242.5970620884039,0,source_row:1709,True,1.0,0.2487303853544062,-243.43601369105892,0,source_row:1709,True,1.0,0.1418979996088296,-242.60714400163835,0,source_row:1709,True,1.0,0.1923503883069486,-242.698062130403,-0.1010000419991001,0.9998559620801222,13,-242.54682044111888,-243.3213598752655,0.7745394341466181,2,0.0227257330683503,0.1671985312138373,0.0017676722712942,0.0844831017425657,-2.206373998782351,0.0189256108292339,0.01269143740681,-0.0909181287646561,-0.14137051746274665,0.050452388698090544,both_correct,0.050452388698118994
80,80,40,response_tables/trial_00040_hard_negative_structure_obs-empirical_prior-axis_edge_parallel_rel1x.npz,hard_negative_structure,empirical,axis_edge_parallel,1.0,per_candidate,1.0,4,16,40,756,0,source_row:1709,-1,15,0.0344292521476745,0.7,0.01,time_varying,1.5,0.5,catalog_residual_profile,topk_logmeanexp,2,0.19,outputs/fixation_statistics_by_stimulus_all_sessions_after_review/backimage_image_disjoint_compact_basis_delta025_v1/image_disjoint_compact_basis_delta0p25_fold0of2.npz,10,0,source_row:1709,True,1.0,0.4435994050168688,-273.3021185012193,1,source_row:8547,False,2.0,-0.2911236873876532,-275.0611662163843,0,source_row:1709,True,1.0,0.1593391495450191,-274.571593122938,0,source_row:1709,True,1.0,0.2368211467196488,-273.91093293512154,0,source_row:1709,True,1.0,0.2448602424748287,-273.9902350727921,1.0709311435922473,0.9852491366717048,14,-273.8728505497092,-274.3670986249058,0.4942480751965945,2,0.0618055976766895,-0.7243066753099643,-0.7092537072551686,-0.7167801912825664,-4.928898361115904,0.0463823249708957,0.02538287481362,-0.07930213767053829,-0.0873412334257182,0.008039095755179915,both_correct,0.008039095755179915
81,81,40,response_tables/trial_00040_hard_negative_structure_obs-empirical_prior-axis_edge_orthogonal_rel1x.npz,hard_negative_structure,empirical,axis_edge_orthogonal,1.0,per_candidate,1.0,4,16,40,756,0,source_row:1709,-1,15,0.0316557250916957,0.7,0.01,time_varying,1.5,0.5,catalog_residual_profile,topk_logmeanexp,2,0.19,outputs/fixation_statistics_by_stimulus_all_sessions_after_review/backimage_image_disjoint_compact_basis_delta025_v1/image_disjoint_compact_basis_delta0p25_fold0of2.npz,10,0,source_row:1709,True,1.0,0.4435994050168688,-273.3021185012193,1,source_row:8547,False,2.0,-0.2911236873876532,-275.0611662163843,0,source_row:1709,True,1.0,0.1798603295431462,-274.99963514509164,0,source_row:1709,True,1.0,0.0064934716905327,-274.1428123008,0,source_row:1709,True,1.0,0.1512883871133681,-274.1680690932096,0.8930971231747549,0.9940814957094976,15,-274.00832607817574,-274.8213476759714,0.8130215977956823,2,0.06150696085808,0.0295300551146705,-0.0042157333709502,0.0126571608718601,-4.87174141145626,0.0559760976030457,0.02538287481362,-0.025256792409606987,-0.1700517078324424,0.1447949154228354,both_correct,0.1447949154228354
82,82,41,response_tables/trial_00041_hard_negative_structure_obs-empirical_prior-axis_edge_parallel_rel2x.npz,hard_negative_structure,empirical,axis_edge_parallel,2.0,per_candidate,1.0,4,16,40,756,0,source_row:1709,-1,2,0.0710035860538482,0.7,0.01,time_varying,1.5,0.5,catalog_residual_profile,topk_logmeanexp,2,0.19,outputs/fixation_statistics_by_stimulus_all_sessions_after_review/backimage_image_disjoint_compact_basis_delta025_v1/image_disjoint_compact_basis_delta0p25_fold0of2.npz,10,0,source_row:1709,True,1.0,0.832515145775858,-367.7900607448579,2,source_row:87,False,4.0,-4.3682706263704745,-379.6977178991351,0,source_row:1709,True,1.0,0.3421554299115996,-371.0659051123318,0,source_row:1709,True,1.0,0.3846248304514006,-370.0697566927447,0,source_row:1709,True,1.0,0.5153307040979485,-370.1384919596504,9.559225939484634,-0.9006470770195343,6,-369.97920778774113,-370.8152935022104,0.8360857144692773,2,0.1003945884946848,-0.2175940956111521,-0.0587278081350415,-0.1381609518730968,-2.910920616917366,0.0808126455734614,0.0507657496272401,-0.06873526690571907,-0.19944114055226692,0.13070587364654784,both_correct,0.13070587364654784
83,83,41,response_tables/trial_00041_hard_negative_structure_obs-empirical_prior-axis_edge_orthogonal_rel2x.npz,hard_negative_structure,empirical,axis_edge_orthogonal,2.0,per_candidate,1.0,4,16,40,756,0,source_row:1709,-1,12,0.0674298554658889,0.7,0.01,time_varying,1.5,0.5,catalog_residual_profile,topk_logmeanexp,2,0.19,outputs/fixation_statistics_by_stimulus_all_sessions_after_review/backimage_image_disjoint_compact_basis_delta025_v1/image_disjoint_compact_basis_delta0p25_fold0of2.npz,10,0,source_row:1709,True,1.0,0.832515145775858,-367.7900607448579,2,source_row:87,False,4.0,-4.3682706263704745,-379.6977178991351,0,source_row:1709,True,1.0,0.3341624258126785,-371.0562396300168,0,source_row:1709,True,1.0,0.2431513011027846,-370.1752020717139,0,source_row:1709,True,1.0,0.2478993626907026,-370.12524046487295,9.572477434262112,-0.9215016003040808,12,-369.8430586681693,-370.8385923396343,0.9955336714649548,2,0.0664656613816105,-0.259198772006064,0.3013550224908835,0.0210781252424097,-0.7141667005978427,0.0529394938302549,0.0507657496272401,0.0499616068409523,0.04521354525297738,0.004748061587974917,both_correct,0.00474806158791799
84,84,42,response_tables/trial_00042_hard_negative_structure_obs-empirical_prior-axis_edge_parallel_rel0p5x.npz,hard_negative_structure,empirical,axis_edge_parallel,0.5,per_candidate,1.0,4,16,40,756,0,source_row:1918,-1,0,0.0155825717374682,0.7,0.01,time_varying,1.5,0.5,catalog_residual_profile,topk_logmeanexp,2,0.19,outputs/fixation_statistics_by_stimulus_all_sessions_after_review/backimage_image_disjoint_compact_basis_delta025_v1/image_disjoint_compact_basis_delta0p25_fold0of2.npz,10,0,source_row:1918,True,1.0,1.3903496705291332,-381.5056887316979,0,source_row:1918,True,1.0,1.8009980052944456,-382.2276362717803,0,source_row:1918,True,1.0,0.9349133424447018,-382.626079668284,0,source_row:1918,True,1.0,0.8781853896882694,-381.8774362064632,0,source_row:1918,True,1.0,0.5188118665974457,-381.9885483585041,0.2390879132761938,0.8944585131014513,0,-381.8448077378675,-382.4840106257079,0.6392028878404403,2,0.0288187183491604,0.2146534278154666,0.3756532674096584,0.2951533476125625,-4.647082835684297,0.0286564158229983,0.0121272570617467,-0.11111215204090286,0.24826137104992085,-0.3593735230908237,both_correct,-0.3593735230908237
85,85,42,response_tables/trial_00042_hard_negative_structure_obs-empirical_prior-axis_edge_orthogonal_rel0p5x.npz,hard_negative_structure,empirical,axis_edge_orthogonal,0.5,per_candidate,1.0,4,16,40,756,0,source_row:1918,-1,10,0.0192721914499998,0.7,0.01,time_varying,1.5,0.5,catalog_residual_profile,topk_logmeanexp,2,0.19,outputs/fixation_statistics_by_stimulus_all_sessions_after_review/backimage_image_disjoint_compact_basis_delta025_v1/image_disjoint_compact_basis_delta0p25_fold0of2.npz,10,0,source_row:1918,True,1.0,1.3903496705291332,-381.5056887316979,0,source_row:1918,True,1.0,1.8009980052944456,-382.2276362717803,0,source_row:1918,True,1.0,1.0525469536736978,-382.9788616096755,0,source_row:1918,True,1.0,0.8557087449835876,-382.056136011584,0,source_row:1918,True,1.0,0.7782374487056813,-382.2175703306327,0.0100659411476158,0.917310037006236,10,-382.02360640156166,-382.8724273245248,0.8488209229631138,2,0.0284219698665535,0.2787450675795685,-0.2043957660441844,0.037174650767692,-4.492665891306538,0.0250131889858683,0.0121272570617467,-0.1614343190487375,-0.08396302277083123,-0.07747129627790628,both_correct,-0.07747129627790628
86,86,43,response_tables/trial_00043_hard_negative_structure_obs-empirical_prior-axis_edge_parallel_rel1x.npz,hard_negative_structure,empirical,axis_edge_parallel,1.0,per_candidate,1.0,4,16,40,756,0,source_row:1918,-1,6,0.0319028533995151,0.7,0.01,time_varying,1.5,0.5,catalog_residual_profile,topk_logmeanexp,2,0.19,outputs/fixation_statistics_by_stimulus_all_sessions_after_review/backimage_image_disjoint_compact_basis_delta025_v1/image_disjoint_compact_basis_delta0p25_fold0of2.npz,10,0,source_row:1918,True,1.0,1.1988836587195235,-426.0843585300522,0,source_row:1918,True,1.0,3.0317888677374185,-429.3631786669682,0,source_row:1918,True,1.0,0.7411423416904768,-428.4158673992772,0,source_row:1918,True,1.0,0.8077762356521703,-427.16470957598494,0,source_row:1918,True,1.0,0.2786900191723589,-427.1011509640239,2.2620277029443514,0.9198200923259884,11,-426.9594107661816,-427.6898459661103,0.7304351999287064,2,0.0442806883284317,0.1428826421854538,0.2668409668152454,0.2048618045003496,-2.333063350802577,0.0404326973287527,0.0242545141234935,0.06355861196107071,0.5926448284409389,-0.5290862164798682,both_correct,-0.5290862164798114
87,87,43,response_tables/trial_00043_hard_negative_structure_obs-empirical_prior-axis_edge_orthogonal_rel1x.npz,hard_negative_structure,empirical,axis_edge_orthogonal,1.0,per_candidate,1.0,4,16,40,756,0,source_row:1918,-1,14,0.0368672274053096,0.7,0.01,time_varying,1.5,0.5,catalog_residual_profile,topk_logmeanexp,2,0.19,outputs/fixation_statistics_by_stimulus_all_sessions_after_review/backimage_image_disjoint_compact_basis_delta025_v1/image_disjoint_compact_basis_delta0p25_fold0of2.npz,10,0,source_row:1918,True,1.0,1.1988836587195235,-426.0843585300522,0,source_row:1918,True,1.0,3.0317888677374185,-429.3631786669682,0,source_row:1918,True,1.0,0.6301375954445803,-429.0141586934429,0,source_row:1918,True,1.0,0.4835306807234474,-427.6763314023293,0,source_row:1918,True,1.0,0.4293924389938297,-427.5905875955139,1.7725910714543147,0.9406279069840208,14,-427.2417488295055,-428.3706184357719,1.1288696062663917,2,0.0523564158856588,0.4554340425519573,-0.4578946335393831,-0.0012302954937129,-3.6596646203697576,0.0418184919388924,0.0242545141234935,0.08574380681540106,0.13988204854513242,-0.05413824172973136,both_correct,-0.05413824172961773
88,88,44,response_tables/trial_00044_hard_negative_structure_obs-empirical_prior-axis_edge_parallel_rel2x.npz,hard_negative_structure,empirical,axis_edge_parallel,2.0,per_candidate,1.0,4,16,40,756,0,source_row:1918,-1,2,0.0680761486291885,0.7,0.01,time_varying,1.5,0.5,catalog_residual_profile,topk_logmeanexp,2,0.19,outputs/fixation_statistics_by_stimulus_all_sessions_after_review/backimage_image_disjoint_compact_basis_delta025_v1/image_disjoint_compact_basis_delta0p25_fold0of2.npz,10,0,source_row:1918,True,1.0,1.0108172182140152,-534.4148825853933,0,source_row:1918,True,1.0,5.9307843775189895,-549.0091574054535,0,source_row:1918,True,1.0,0.7104290520702534,-538.1524450910152,0,source_row:1918,True,1.0,0.2714283155124803,-537.1239628906393,0,source_row:1918,True,1.0,0.250763772683058,-537.1490074985996,11.860149906853849,0.8905269688602282,8,-536.9978323384942,-537.6966504261894,0.6988180876952583,2,0.0901953119494859,0.1487391169307723,0.3763640019041807,0.2625515594174765,-2.4571862768449018,0.0843167319319371,0.0485090282469871,-0.02504460796035346,-0.004380065130931143,-0.020664542829422317,both_correct,-0.020664542829422317
89,89,44,response_tables/trial_00044_hard_negative_structure_obs-empirical_prior-axis_edge_orthogonal_rel2x.npz,hard_negative_structure,empirical,axis_edge_orthogonal,2.0,per_candidate,1.0,4,16,40,756,0,source_row:1918,-1,14,0.0675044879317283,0.7,0.01,time_varying,1.5,0.5,catalog_residual_profile,topk_logmeanexp,2,0.19,outputs/fixation_statistics_by_stimulus_all_sessions_after_review/backimage_image_disjoint_compact_basis_delta025_v1/image_disjoint_compact_basis_delta0p25_fold0of2.npz,10,0,source_row:1918,True,1.0,1.0108172182140152,-534.4148825853933,0,source_row:1918,True,1.0,5.9307843775189895,-549.0091574054535,0,source_row:1918,True,1.0,0.7120815479324847,-538.5851178982136,0,source_row:1918,True,1.0,0.4076708039931418,-537.5912292588147,0,source_row:1918,True,1.0,0.6952211185370061,-537.5534398074569,11.455717597996568,0.9166709798033512,1,-537.3787793041299,-538.1580141729723,0.7792348688424227,2,0.0821104636533833,0.6318578879309222,-0.5883206688540099,0.0217686095384561,-1.865179660121356,0.0550656692934896,0.0485090282469871,0.03778945135775302,-0.24976086318611124,0.28755031454386426,both_correct,0.28755031454386426
90,90,45,response_tables/trial_00045_hard_negative_structure_obs-empirical_prior-axis_edge_parallel_rel0p5x.npz,hard_negative_structure,empirical,axis_edge_parallel,0.5,per_candidate,1.0,4,16,40,756,0,source_row:1945,-1,5,0.0215846840292215,0.7,0.01,time_varying,1.5,0.5,catalog_residual_profile,topk_logmeanexp,2,0.19,outputs/fixation_statistics_by_stimulus_all_sessions_after_review/backimage_image_disjoint_compact_basis_delta025_v1/image_disjoint_compact_basis_delta0p25_fold0of2.npz,10,0,source_row:1945,True,1.0,0.82127682259312,-250.3711312599134,1,source_row:10506,False,3.0,-0.6323274636201575,-252.5032000885323,0,source_row:1945,True,1.0,0.2908778734370969,-251.44025393861585,0,source_row:1945,True,1.0,0.3523944549158386,-250.76135127315348,0,source_row:1945,True,1.0,0.3625509980663253,-250.7950578723841,1.7081422161481612,0.1822363663318299,9,-250.71712387311743,-251.07094904337572,0.3538251702583466,2,0.0395184180874492,0.5129945956887372,-0.5018442054804394,0.0055751951041488,-6.055688162769531,0.0377567371676022,0.0148774966947485,-0.033706599230612255,-0.04386314238118416,0.010156543150571906,both_correct,0.010156543150486697
91,91,45,response_tables/trial_00045_hard_negative_structure_obs-empirical_prior-axis_edge_orthogonal_rel0p5x.npz,hard_negative_structure,empirical,axis_edge_orthogonal,0.5,per_candidate,1.0,4,16,40,756,0,source_row:1945,-1,13,0.0162188671529293,0.7,0.01,time_varying,1.5,0.5,catalog_residual_profile,topk_logmeanexp,2,0.19,outputs/fixation_statistics_by_stimulus_all_sessions_after_review/backimage_image_disjoint_compact_basis_delta025_v1/image_disjoint_compact_basis_delta0p25_fold0of2.npz,10,0,source_row:1945,True,1.0,0.82127682259312,-250.3711312599134,1,source_row:10506,False,3.0,-0.6323274636201575,-252.5032000885323,0,source_row:1945,True,1.0,0.6491014929584082,-251.3842710717928,0,source_row:1945,True,1.0,0.337128190323682,-250.75424024477132,0,source_row:1945,True,1.0,0.4924308713740686,-250.759053501758,1.7441465867743773,0.1916335746777125,14,-250.6570389183338,-251.07794707912328,0.4209081607894802,2,0.0259402987755257,0.0030877000234281,-0.0292543972100278,-0.0130833485932998,-2.0401164748866742,0.0211296425146082,0.0148774966947485,-0.0048132569866652375,-0.16011593803696655,0.15530268105030132,both_correct,0.15530268105038658
92,92,46,response_tables/trial_00046_hard_negative_structure_obs-empirical_prior-axis_edge_parallel_rel1x.npz,hard_negative_structure,empirical,axis_edge_parallel,1.0,per_candidate,1.0,4,16,40,756,0,source_row:1945,-1,6,0.0440891720354557,0.7,0.01,time_varying,1.5,0.5,catalog_residual_profile,topk_logmeanexp,2,0.19,outputs/fixation_statistics_by_stimulus_all_sessions_after_review/backimage_image_disjoint_compact_basis_delta025_v1/image_disjoint_compact_basis_delta0p25_fold0of2.npz,10,0,source_row:1945,True,1.0,0.973724600076423,-329.8306749703038,1,source_row:10506,False,3.0,-2.5817804143234184,-342.1838220828229,0,source_row:1945,True,1.0,0.3131803537133919,-332.34622937369096,0,source_row:1945,True,1.0,0.3058728366599439,-331.0207671795149,0,source_row:1945,True,1.0,0.292256723356104,-331.15866076947776,11.025161313345166,-0.1893636329914379,12,-330.96236936898777,-331.7463745720318,0.7840052030440461,2,0.0406591167101859,0.0766423256386564,-0.0493490678077979,0.0136466289154292,-0.8672228918412797,0.0284256339008517,0.0297549933894971,-0.13789358996285728,-0.11463582175997544,-0.023257768202881834,both_correct,-0.013616113303839938
93,93,46,response_tables/trial_00046_hard_negative_structure_obs-empirical_prior-axis_edge_orthogonal_rel1x.npz,hard_negative_structure,empirical,axis_edge_orthogonal,1.0,per_candidate,1.0,4,16,40,756,0,source_row:1945,-1,8,0.0301358941942453,0.7,0.01,time_varying,1.5,0.5,catalog_residual_profile,topk_logmeanexp,2,0.19,outputs/fixation_statistics_by_stimulus_all_sessions_after_review/backimage_image_disjoint_compact_basis_delta025_v1/image_disjoint_compact_basis_delta0p25_fold0of2.npz,10,0,source_row:1945,True,1.0,0.973724600076423,-329.8306749703038,1,source_row:10506,False,3.0,-2.5817804143234184,-342.1838220828229,0,source_row:1945,True,1.0,0.6188168199444135,-331.780942593382,0,source_row:1945,True,1.0,1.0045410173533469,-330.5081224802606,0,source_row:1945,True,1.0,0.7673702679017538,-330.7493949615614,11.434427121261535,-0.1375659197397614,12,-330.4359577168194,-331.3542257883253,0.9182680715059064,2,0.0344899493102,0.5882269315809575,0.3653074301032876,0.4767671808421225,-0.3435857711948278,0.0366010858807721,0.0297549933894971,-0.2412724813007685,-0.004101731849118551,-0.23717074945164995,both_correct,-0.2371707494515931
94,94,47,response_tables/trial_00047_hard_negative_structure_obs-empirical_prior-axis_edge_parallel_rel2x.npz,hard_negative_structure,empirical,axis_edge_parallel,2.0,per_candidate,1.0,4,16,40,756,0,source_row:1945,-1,12,0.0898565351963043,0.7,0.01,time_varying,1.5,0.5,catalog_residual_profile,topk_logmeanexp,2,0.19,outputs/fixation_statistics_by_stimulus_all_sessions_after_review/backimage_image_disjoint_compact_basis_delta025_v1/image_disjoint_compact_basis_delta0p25_fold0of2.npz,10,0,source_row:1945,True,1.0,1.3300559906801368,-406.29863502629706,1,source_row:10506,False,3.0,-4.259203357803074,-435.4277175622279,0,source_row:1945,True,1.0,0.9179599436042736,-411.4319331938876,0,source_row:1945,True,1.0,0.974966605143834,-409.5850562017805,0,source_row:1945,True,1.0,0.8315773813496321,-409.4219253682325,26.00579219399544,-0.5648205940242599,3,-408.9257980551101,-410.5287557062268,1.6029576511166963,2,0.0870527760200332,-0.3058121974015994,0.1958116003792989,-0.0550002985111502,-1.1398608944429092,0.0589677651281824,0.0595099867789942,0.16313083354799573,0.397911228672001,-0.23478039512400528,both_correct,-0.14338922379420194
95,95,47,response_tables/trial_00047_hard_negative_structure_obs-empirical_prior-axis_edge_orthogonal_rel2x.npz,hard_negative_structure,empirical,axis_edge_orthogonal,2.0,per_candidate,1.0,4,16,40,756,0,source_row:1945,-1,1,0.0651081278920173,0.7,0.01,time_varying,1.5,0.5,catalog_residual_profile,topk_logmeanexp,2,0.19,outputs/fixation_statistics_by_stimulus_all_sessions_after_review/backimage_image_disjoint_compact_basis_delta025_v1/image_disjoint_compact_basis_delta0p25_fold0of2.npz,10,0,source_row:1945,True,1.0,1.3300559906801368,-406.29863502629706,1,source_row:10506,False,3.0,-4.259203357803074,-435.4277175622279,0,source_row:1945,True,1.0,0.5572648929138495,-410.808929210937,0,source_row:1945,True,1.0,0.779801127288124,-408.7536384164671,0,source_row:1945,True,1.0,0.6751016532405174,-409.0681603701028,26.359557192125123,-0.1285523586040477,3,-408.5670074758231,-410.2515980666039,1.6845905907808287,2,0.1467174103238155,-0.7552659395462049,-0.5722729372138806,-0.6637694383800428,-5.078320527503139,0.1000205860770313,0.0595099867789942,-0.3145219536357331,-0.20982247958806965,-0.10469947404766344,both_correct,-0.1046994740476066
96,96,48,response_tables/trial_00048_hard_negative_structure_obs-empirical_prior-axis_edge_parallel_rel0p5x.npz,hard_negative_structure,empirical,axis_edge_parallel,0.5,per_candidate,1.0,4,16,40,756,0,source_row:2122,-1,8,0.0232106279581785,0.7,0.01,time_varying,1.5,0.5,catalog_residual_profile,topk_logmeanexp,2,0.19,outputs/fixation_statistics_by_stimulus_all_sessions_after_review/backimage_image_disjoint_compact_basis_delta025_v1/image_disjoint_compact_basis_delta0p25_fold0of2.npz,10,0,source_row:2122,True,1.0,0.6858579754544962,-346.67484806155966,3,source_row:5781,False,2.0,-0.96566229261947,-350.70425467070726,0,source_row:2122,True,1.0,0.4017354661818899,-348.7956795729893,0,source_row:2122,True,1.0,0.7093743496116645,-347.1871207081555,0,source_row:2122,True,1.0,0.513641910524484,-347.20839937967526,3.495855291032001,-0.1056471092409618,12,-347.0875544507592,-347.68181686164377,0.5942624108845962,2,0.0264368281670011,0.4210872411549171,0.4749524388721108,0.4480198400135139,-0.8501385737981009,0.0240198641884354,0.0194360147188239,-0.0212786715197808,0.1744537675673996,-0.1957324390871804,both_correct,-0.1957324390871804
97,97,48,response_tables/trial_00048_hard_negative_structure_obs-empirical_prior-axis_edge_orthogonal_rel0p5x.npz,hard_negative_structure,empirical,axis_edge_orthogonal,0.5,per_candidate,1.0,4,16,40,756,0,source_row:2122,-1,9,0.022340478375554,0.7,0.01,time_varying,1.5,0.5,catalog_residual_profile,topk_logmeanexp,2,0.19,outputs/fixation_statistics_by_stimulus_all_sessions_after_review/backimage_image_disjoint_compact_basis_delta025_v1/image_disjoint_compact_basis_delta0p25_fold0of2.npz,10,0,source_row:2122,True,1.0,0.6858579754544962,-346.67484806155966,3,source_row:5781,False,2.0,-0.96566229261947,-350.70425467070726,0,source_row:2122,True,1.0,0.5266732208974076,-348.4771345053205,0,source_row:2122,True,1.0,0.772532437270911,-347.3630334522068,0,source_row:2122,True,1.0,0.4714031375364129,-347.22356136400595,3.480693306701312,0.0895429572280301,3,-347.0991674532423,-347.6545185138765,0.5553510606342797,2,0.0201434713616465,-0.7324745839471338,0.7197214788921165,-0.0063765525275086,-0.0741234356956925,0.0188374851201584,0.0194360147188239,0.13947208820087553,0.6298155458832753,-0.49034345768239973,both_correct,-0.30112929973449815
98,98,49,response_tables/trial_00049_hard_negative_structure_obs-empirical_prior-axis_edge_parallel_rel1x.npz,hard_negative_structure,empirical,axis_edge_parallel,1.0,per_candidate,1.0,4,16,40,756,0,source_row:2122,-1,10,0.046421255916357,0.7,0.01,time_varying,1.5,0.5,catalog_residual_profile,topk_logmeanexp,2,0.19,outputs/fixation_statistics_by_stimulus_all_sessions_after_review/backimage_image_disjoint_compact_basis_delta025_v1/image_disjoint_compact_basis_delta0p25_fold0of2.npz,10,0,source_row:2122,True,1.0,0.7428817171958713,-435.8303643041947,3,source_row:5781,False,2.0,-3.7526435356050456,-452.3770316462172,0,source_row:2122,True,1.0,0.4008641943191264,-439.14206256448045,0,source_row:2122,True,1.0,0.2567031110746711,-437.12696346998337,0,source_row:2122,True,1.0,0.376085096744589,-437.1655207577352,15.211510888482051,-0.4672321415840052,7,-436.8931694065146,-438.1021160295295,1.208946623014867,2,0.086902778697248,0.6031854760410674,0.7092977629054132,0.6562416194732403,-3.997961385162217,0.0939751517518584,0.0388720294376479,-0.03855728775181433,-0.15793927342167535,0.11938198566986102,both_correct,0.11938198566991792
99,99,49,response_tables/trial_00049_hard_negative_structure_obs-empirical_prior-axis_edge_orthogonal_rel1x.npz,hard_negative_structure,empirical,axis_edge_orthogonal,1.0,per_candidate,1.0,4,16,40,756,0,source_row:2122,-1,15,0.0446809567511081,0.7,0.01,time_varying,1.5,0.5,catalog_residual_profile,topk_logmeanexp,2,0.19,outputs/fixation_statistics_by_stimulus_all_sessions_after_review/backimage_image_disjoint_compact_basis_delta025_v1/image_disjoint_compact_basis_delta0p25_fold0of2.npz,10,0,source_row:2122,True,1.0,0.7428817171958713,-435.8303643041947,3,source_row:5781,False,2.0,-3.7526435356050456,-452.3770316462172,0,source_row:2122,True,1.0,0.3918868973746043,-438.2735593667781,0,source_row:2122,True,1.0,0.2871334270445231,-436.71640149276016,0,source_row:2122,True,1.0,0.3151279123242148,-436.88241924817,15.494612398047252,-0.5045954154624592,0,-436.6657928228682,-437.7065936729562,1.0408008500880328,2,0.0499750090442263,-0.7716893245593314,0.7839353570399656,0.0061230162403171,-0.6528419726271735,0.0606546399569984,0.0388720294376479,-0.16601775540982544,-0.19401224068951706,0.027994485279691617,both_correct,0.027994485279691672
100,100,50,response_tables/trial_00050_hard_negative_structure_obs-empirical_prior-axis_edge_parallel_rel2x.npz,hard_negative_structure,empirical,axis_edge_parallel,2.0,per_candidate,1.0,4,16,40,756,0,source_row:2122,-1,3,0.0972835496068,0.7,0.01,time_varying,1.5,0.5,catalog_residual_profile,topk_logmeanexp,2,0.19,outputs/fixation_statistics_by_stimulus_all_sessions_after_review/backimage_image_disjoint_compact_basis_delta025_v1/image_disjoint_compact_basis_delta0p25_fold0of2.npz,10,0,source_row:2122,True,1.0,0.9485697518553592,-465.4162769892202,3,source_row:5781,False,2.0,-3.649897303394596,-489.6418708458641,3,source_row:5781,False,2.0,-0.6271651882058222,-472.5819994486624,3,source_row:5781,False,3.0,-0.1674542225869686,-471.1179594721957,0,source_row:2122,True,1.0,0.0943182178144184,-469.64293688952847,19.99893395633564,-0.529681890719974,2,-469.4354757146939,-470.2700085686226,0.8345328539286925,2,0.3045403611854309,-0.7151594641321951,-0.8167950520958274,-0.7659772581140112,-14.344590245451643,0.259506951216052,0.0777440588752959,1.4750225826672363,1.2849015801788255,0.1901210024884108,rescued_by_residual,0.26177244040138703
101,101,50,response_tables/trial_00050_hard_negative_structure_obs-empirical_prior-axis_edge_orthogonal_rel2x.npz,hard_negative_structure,empirical,axis_edge_orthogonal,2.0,per_candidate,1.0,4,16,40,756,0,source_row:2122,-1,8,0.0912207812070846,0.7,0.01,time_varying,1.5,0.5,catalog_residual_profile,topk_logmeanexp,2,0.19,outputs/fixation_statistics_by_stimulus_all_sessions_after_review/backimage_image_disjoint_compact_basis_delta025_v1/image_disjoint_compact_basis_delta0p25_fold0of2.npz,10,0,source_row:2122,True,1.0,0.9485697518553592,-465.4162769892202,3,source_row:5781,False,2.0,-3.649897303394596,-489.6418708458641,0,source_row:2122,True,1.0,0.1985128700624727,-470.5929826897402,0,source_row:2122,True,1.0,0.2843756635979275,-468.9715393306707,0,source_row:2122,True,1.0,0.1083771040479746,-468.7892643402935,20.85260650557064,-0.7392945210642095,10,-468.5450525498245,-469.5771977670385,1.0321452172140084,2,0.0739922063613251,-0.4929790426403847,0.6448279111405137,0.0759244342500645,0.0941891173166254,0.0655080838236982,0.0777440588752959,0.18227499037715233,0.35827354992710525,-0.17599855954995292,both_correct,-0.1759985595499529
102,102,51,response_tables/trial_00051_hard_negative_structure_obs-empirical_prior-axis_edge_parallel_rel0p5x.npz,hard_negative_structure,empirical,axis_edge_parallel,0.5,per_candidate,1.0,4,16,40,756,0,source_row:2309,-1,3,0.0168978963047266,0.7,0.01,time_varying,1.5,0.5,catalog_residual_profile,topk_logmeanexp,2,0.19,outputs/fixation_statistics_by_stimulus_all_sessions_after_review/backimage_image_disjoint_compact_basis_delta025_v1/image_disjoint_compact_basis_delta0p25_fold0of2.npz,10,0,source_row:2309,True,1.0,0.3320501445285231,-361.057289449225,0,source_row:2309,True,1.0,0.3649167685638872,-361.4112128074777,0,source_row:2309,True,1.0,0.1079780251379247,-361.90153190325975,0,source_row:2309,True,1.0,0.1892944785882946,-361.2844907913576,0,source_row:2309,True,1.0,0.181113323904924,-361.3800327327475,0.0311800747301731,0.973410666950938,1,-361.2689192244279,-361.816280070112,0.547360845684068,2,0.0267323938891214,0.5081519075131316,0.3106951478076168,0.4094235276603742,-3.813301519527631,0.028819369052788,0.0121847414318755,-0.09554194138991079,-0.0873607867064834,-0.008181154683427394,both_correct,-0.008181154683370606
103,103,51,response_tables/trial_00051_hard_negative_structure_obs-empirical_prior-axis_edge_orthogonal_rel0p5x.npz,hard_negative_structure,empirical,axis_edge_orthogonal,0.5,per_candidate,1.0,4,16,40,756,0,source_row:2309,-1,1,0.0206586252897977,0.7,0.01,time_varying,1.5,0.5,catalog_residual_profile,topk_logmeanexp,2,0.19,outputs/fixation_statistics_by_stimulus_all_sessions_after_review/backimage_image_disjoint_compact_basis_delta025_v1/image_disjoint_compact_basis_delta0p25_fold0of2.npz,10,0,source_row:2309,True,1.0,0.3320501445285231,-361.057289449225,0,source_row:2309,True,1.0,0.3649167685638872,-361.4112128074777,0,source_row:2309,True,1.0,0.2349743875547574,-362.1270132738343,0,source_row:2309,True,1.0,0.2654478414257255,-361.3169516129448,0,source_row:2309,True,1.0,0.2277119941193746,-361.44400947737375,-0.0327966698960722,0.9837966727344613,9,-361.3020486952005,-362.0487323182031,0.746683623002582,2,0.0235206148770254,0.5732607691620787,-0.4348132925735018,0.0692237382942884,-2.72618751698466,0.0180531321945473,0.0121847414318755,-0.1270578644289344,-0.08932201712264032,-0.03773584730629409,both_correct,-0.03773584730635088
104,104,52,response_tables/trial_00052_hard_negative_structure_obs-empirical_prior-axis_edge_parallel_rel1x.npz,hard_negative_structure,empirical,axis_edge_parallel,1.0,per_candidate,1.0,4,16,40,756,0,source_row:2309,-1,14,0.0314044095575809,0.7,0.01,time_varying,1.5,0.5,catalog_residual_profile,topk_logmeanexp,2,0.19,outputs/fixation_statistics_by_stimulus_all_sessions_after_review/backimage_image_disjoint_compact_basis_delta025_v1/image_disjoint_compact_basis_delta0p25_fold0of2.npz,10,0,source_row:2309,True,1.0,0.3722798733719514,-403.78727300608,0,source_row:2309,True,1.0,0.736011529658299,-406.508790641456,0,source_row:2309,True,1.0,0.0990823365812616,-405.4236003407439,0,source_row:2309,True,1.0,0.2536603272263278,-404.61663595552807,0,source_row:2309,True,1.0,0.1522055749983337,-404.6904989018331,1.8182917396229072,0.7886399781387494,8,-404.5388679788233,-405.16632511653575,0.6274571377124403,2,0.0354712213147121,0.5376328647897949,0.3705414295950286,0.4540871471924117,-1.1186521466702095,0.0387455692547656,0.0243694828637511,-0.07386294630504153,0.02759180592300936,-0.10145475222805089,both_correct,-0.1014547522279941
105,105,52,response_tables/trial_00052_hard_negative_structure_obs-empirical_prior-axis_edge_orthogonal_rel1x.npz,hard_negative_structure,empirical,axis_edge_orthogonal,1.0,per_candidate,1.0,4,16,40,756,0,source_row:2309,-1,14,0.0381660610437393,0.7,0.01,time_varying,1.5,0.5,catalog_residual_profile,topk_logmeanexp,2,0.19,outputs/fixation_statistics_by_stimulus_all_sessions_after_review/backimage_image_disjoint_compact_basis_delta025_v1/image_disjoint_compact_basis_delta0p25_fold0of2.npz,10,0,source_row:2309,True,1.0,0.3722798733719514,-403.78727300608,0,source_row:2309,True,1.0,0.736011529658299,-406.508790641456,0,source_row:2309,True,1.0,0.2260826401591202,-405.6692761847229,0,source_row:2309,True,1.0,0.3024047917043049,-404.7656354897261,0,source_row:2309,True,1.0,0.2638529581268471,-404.8694557973552,1.6393348441008584,0.8248636020614751,8,-404.6806825109171,-405.4835439574538,0.8028614465367241,2,0.0448712601560107,-0.2029251483835297,0.0700790707275079,-0.0664230388280108,-2.3903450943729463,0.0383236234076763,0.0243694828637511,-0.10382030762912109,-0.06526847405160652,-0.03855183357751457,both_correct,-0.038551833577457784
106,106,53,response_tables/trial_00053_hard_negative_structure_obs-empirical_prior-axis_edge_parallel_rel2x.npz,hard_negative_structure,empirical,axis_edge_parallel,2.0,per_candidate,1.0,4,16,40,756,0,source_row:2309,-1,2,0.0575249604880809,0.7,0.01,time_varying,1.5,0.5,catalog_residual_profile,topk_logmeanexp,2,0.19,outputs/fixation_statistics_by_stimulus_all_sessions_after_review/backimage_image_disjoint_compact_basis_delta025_v1/image_disjoint_compact_basis_delta0p25_fold0of2.npz,10,0,source_row:2309,True,1.0,0.5106300697224242,-458.7220052865227,0,source_row:2309,True,1.0,0.568465717684262,-468.904020337864,0,source_row:2309,True,1.0,0.0817710481843505,-461.93764058805647,0,source_row:2309,True,1.0,0.1723257054014197,-460.7275060002773,0,source_row:2309,True,1.0,0.0581191877237188,-460.93765725308566,7.966363084778379,-0.0118142929074375,2,-460.55484772901656,-461.5600245645441,1.005176835527493,2,0.0667227700847479,0.5124372885664383,0.5676689942398191,0.5400531414031287,-0.8741119019960737,0.0712431401618964,0.0487389657275023,-0.2101512528083731,-0.09594473513067214,-0.11420651767770096,both_correct,-0.1142065176777009
107,107,53,response_tables/trial_00053_hard_negative_structure_obs-empirical_prior-axis_edge_orthogonal_rel2x.npz,hard_negative_structure,empirical,axis_edge_orthogonal,2.0,per_candidate,1.0,4,16,40,756,0,source_row:2309,-1,12,0.0763321220874786,0.7,0.01,time_varying,1.5,0.5,catalog_residual_profile,topk_logmeanexp,2,0.19,outputs/fixation_statistics_by_stimulus_all_sessions_after_review/backimage_image_disjoint_compact_basis_delta025_v1/image_disjoint_compact_basis_delta0p25_fold0of2.npz,10,0,source_row:2309,True,1.0,0.5106300697224242,-458.7220052865227,0,source_row:2309,True,1.0,0.568465717684262,-468.904020337864,0,source_row:2309,True,1.0,0.1293688071320389,-462.4661375340475,0,source_row:2309,True,1.0,0.1138296129581135,-460.6982625796912,0,source_row:2309,True,1.0,0.1077355061994467,-461.15224401472585,7.751776323138188,0.0106492914256531,2,-460.5545461919777,-462.0093466838268,1.4548004918490849,2,0.0719875267313275,-0.744283827877907,0.7495315497106652,0.002623860916379,-1.1815335063604984,0.0751160611876433,0.0487389657275023,-0.45398143503467736,-0.4478873282759537,-0.006094106758723683,both_correct,-0.006094106758666798
108,108,54,response_tables/trial_00054_hard_negative_structure_obs-empirical_prior-axis_edge_parallel_rel0p5x.npz,hard_negative_structure,empirical,axis_edge_parallel,0.5,per_candidate,1.0,4,16,40,756,0,source_row:2457,-1,10,0.0120161948725581,0.7,0.01,time_varying,1.5,0.5,catalog_residual_profile,topk_logmeanexp,2,0.19,outputs/fixation_statistics_by_stimulus_all_sessions_after_review/backimage_image_disjoint_compact_basis_delta025_v1/image_disjoint_compact_basis_delta0p25_fold0of2.npz,10,0,source_row:2457,True,1.0,0.1354988035731139,-347.0485851346798,0,source_row:2457,True,1.0,0.0746930962286569,-347.49720501415635,0,source_row:2457,True,1.0,0.0664707709888148,-347.7987552515641,0,source_row:2457,True,1.0,0.0815238815143288,-347.2102154332124,0,source_row:2457,True,1.0,0.083048234217415,-347.3129828134202,0.1842222007361442,0.9976106571837612,5,-347.19447781580584,-347.71639667731523,0.5219188615093913,2,0.0145809376335842,0.5199305382685344,-0.1232331039164216,0.1983487171760564,-0.1649802715395047,0.0153138921893013,0.0135090922372294,-0.1027673802078084,-0.10429173291089455,0.0015243527030861515,both_correct,0.001524352703086207
109,109,54,response_tables/trial_00054_hard_negative_structure_obs-empirical_prior-axis_edge_orthogonal_rel0p5x.npz,hard_negative_structure,empirical,axis_edge_orthogonal,0.5,per_candidate,1.0,4,16,40,756,0,source_row:2457,-1,9,0.0220366138964891,0.7,0.01,time_varying,1.5,0.5,catalog_residual_profile,topk_logmeanexp,2,0.19,outputs/fixation_statistics_by_stimulus_all_sessions_after_review/backimage_image_disjoint_compact_basis_delta025_v1/image_disjoint_compact_basis_delta0p25_fold0of2.npz,10,0,source_row:2457,True,1.0,0.1354988035731139,-347.0485851346798,0,source_row:2457,True,1.0,0.0746930962286569,-347.49720501415635,0,source_row:2457,True,1.0,0.0384186140693714,-348.08890723536933,0,source_row:2457,True,1.0,0.0160116742025593,-347.4231133744262,0,source_row:2457,True,1.0,0.0202414451792378,-347.52699770272034,-0.0297926885639867,0.999917338507518,10,-347.4059325719629,-348.0027474488806,0.5968148769176764,2,0.0234466481830571,0.2395089792118684,-0.0308862256779937,0.1043113767669373,-2.012376145679034,0.0193291937330332,0.0135090922372294,-0.10388432829415706,-0.1081140992708356,0.004229770976678537,both_correct,0.004229770976678499
110,110,55,response_tables/trial_00055_hard_negative_structure_obs-empirical_prior-axis_edge_parallel_rel1x.npz,hard_negative_structure,empirical,axis_edge_parallel,1.0,per_candidate,1.0,4,16,40,756,0,source_row:2457,-1,12,0.0266186576336622,0.7,0.01,time_varying,1.5,0.5,catalog_residual_profile,topk_logmeanexp,2,0.19,outputs/fixation_statistics_by_stimulus_all_sessions_after_review/backimage_image_disjoint_compact_basis_delta025_v1/image_disjoint_compact_basis_delta0p25_fold0of2.npz,10,0,source_row:2457,True,1.0,0.1700941346809941,-392.9057445624746,0,source_row:2457,True,1.0,0.0771737130216934,-395.7405929353559,0,source_row:2457,True,1.0,0.0677724810334439,-394.9650149696408,0,source_row:2457,True,1.0,0.0702875223632872,-393.6023642857949,0,source_row:2457,True,1.0,0.085206204516453,-393.67411860406366,2.066474331292227,0.995472168238087,3,-393.4379538664713,-394.5115106693064,1.0735568028350713,2,0.0452021527255974,-0.3040437777820075,0.1269540037647041,-0.0885448870086516,-1.7990194181313668,0.0294124089888083,0.0270181844744588,-0.07175431826874501,-0.08667300042191073,0.014918682153165719,both_correct,0.014918682153165802
111,111,55,response_tables/trial_00055_hard_negative_structure_obs-empirical_prior-axis_edge_orthogonal_rel1x.npz,hard_negative_structure,empirical,axis_edge_orthogonal,1.0,per_candidate,1.0,4,16,40,756,0,source_row:2457,-1,8,0.0439403504133224,0.7,0.01,time_varying,1.5,0.5,catalog_residual_profile,topk_logmeanexp,2,0.19,outputs/fixation_statistics_by_stimulus_all_sessions_after_review/backimage_image_disjoint_compact_basis_delta025_v1/image_disjoint_compact_basis_delta0p25_fold0of2.npz,10,0,source_row:2457,True,1.0,0.1700941346809941,-392.9057445624746,0,source_row:2457,True,1.0,0.0771737130216934,-395.7405929353559,0,source_row:2457,True,1.0,0.0594769051447769,-395.60292959657033,0,source_row:2457,True,1.0,0.0896519435558502,-394.09878223859846,0,source_row:2457,True,1.0,0.0567467355106714,-394.19242700275936,1.5481659325965325,0.997060666438942,3,-393.906495048445,-395.2147587734977,1.3082637250527114,2,0.0403113853414291,-0.3427688222268116,-0.0586425842905988,-0.2007057032587052,-1.2260920645545117,0.0285608910831813,0.0270181844744588,-0.09364476416089929,-0.06073955611566362,-0.03290520804523567,both_correct,-0.032905208045178796
112,112,56,response_tables/trial_00056_hard_negative_structure_obs-empirical_prior-axis_edge_parallel_rel2x.npz,hard_negative_structure,empirical,axis_edge_parallel,2.0,per_candidate,1.0,4,16,40,756,0,source_row:2457,-1,11,0.0538674257695674,0.7,0.01,time_varying,1.5,0.5,catalog_residual_profile,topk_logmeanexp,2,0.19,outputs/fixation_statistics_by_stimulus_all_sessions_after_review/backimage_image_disjoint_compact_basis_delta025_v1/image_disjoint_compact_basis_delta0p25_fold0of2.npz,10,0,source_row:2457,True,1.0,0.1754356386668973,-474.5495151979487,0,source_row:2457,True,1.0,0.0605053091701393,-486.3317165039445,0,source_row:2457,True,1.0,0.0087073896032165,-477.463636965707,0,source_row:2457,True,1.0,0.0029049340110987,-476.3052076656377,0,source_row:2457,True,1.0,0.0166784686737173,-476.4326081800055,9.899108323939004,0.9998021298194332,1,-476.03305367882,-477.1043478517237,1.0712941729037766,2,0.0680097665774147,0.3031497426944099,-0.0566160972417729,0.1232668227263185,-0.5840549828158079,0.0536658695800734,0.0540363689489176,-0.12740051436782096,-0.14117404903043962,0.013773534662618658,both_correct,0.0137735346626186
113,113,56,response_tables/trial_00056_hard_negative_structure_obs-empirical_prior-axis_edge_orthogonal_rel2x.npz,hard_negative_structure,empirical,axis_edge_orthogonal,2.0,per_candidate,1.0,4,16,40,756,0,source_row:2457,-1,1,0.0924777537584304,0.7,0.01,time_varying,1.5,0.5,catalog_residual_profile,topk_logmeanexp,2,0.19,outputs/fixation_statistics_by_stimulus_all_sessions_after_review/backimage_image_disjoint_compact_basis_delta025_v1/image_disjoint_compact_basis_delta0p25_fold0of2.npz,10,0,source_row:2457,True,1.0,0.1754356386668973,-474.5495151979487,0,source_row:2457,True,1.0,0.0605053091701393,-486.3317165039445,2,source_row:7546,False,3.0,-0.0257413776137696,-479.0382741644194,1,source_row:2460,False,2.0,-0.1566674809370738,-477.8660091076002,1,source_row:2460,False,2.0,-0.0537194579505353,-477.5715852921791,8.760131211765326,0.9943960128519952,1,-477.1757272268053,-478.3563330616938,1.1806058348885244,2,0.0716623651852788,-0.2736822117833211,0.0860971833262182,-0.0937925142285514,-0.758773684700101,0.0469525795833776,0.0540363689489176,0.2944238154210552,0.19147579243451673,0.10294802298653849,both_wrong,0.1029480229865385
114,114,57,response_tables/trial_00057_hard_negative_structure_obs-empirical_prior-axis_edge_parallel_rel0p5x.npz,hard_negative_structure,empirical,axis_edge_parallel,0.5,per_candidate,1.0,4,16,40,756,0,source_row:2460,-1,15,0.0178051646798849,0.7,0.01,time_varying,1.5,0.5,catalog_residual_profile,topk_logmeanexp,2,0.19,outputs/fixation_statistics_by_stimulus_all_sessions_after_review/backimage_image_disjoint_compact_basis_delta025_v1/image_disjoint_compact_basis_delta0p25_fold0of2.npz,10,0,source_row:2460,True,1.0,0.1468998787464102,-371.828175531721,0,source_row:2460,True,1.0,0.0405641287902653,-373.1346583131683,0,source_row:2460,True,1.0,0.1053013574246506,-373.3306836280644,0,source_row:2460,True,1.0,0.1110140179284826,-372.17827970661705,0,source_row:2460,True,1.0,0.1042732657250553,-372.384247705578,0.750410607590311,0.9970969955451112,11,-372.147258243909,-373.2476306652957,1.1003724213866803,2,0.0295993304805511,0.1540726104267461,0.1439240512871258,0.1489983308569359,-1.2326836768853884,0.0250222249796442,0.019809261679824,-0.20596799896094353,-0.19922724675757308,-0.006740752203370448,both_correct,-0.006740752203427305
115,115,57,response_tables/trial_00057_hard_negative_structure_obs-empirical_prior-axis_edge_orthogonal_rel0p5x.npz,hard_negative_structure,empirical,axis_edge_orthogonal,0.5,per_candidate,1.0,4,16,40,756,0,source_row:2460,-1,5,0.0305713545531034,0.7,0.01,time_varying,1.5,0.5,catalog_residual_profile,topk_logmeanexp,2,0.19,outputs/fixation_statistics_by_stimulus_all_sessions_after_review/backimage_image_disjoint_compact_basis_delta025_v1/image_disjoint_compact_basis_delta0p25_fold0of2.npz,10,0,source_row:2460,True,1.0,0.1468998787464102,-371.828175531721,0,source_row:2460,True,1.0,0.0405641287902653,-373.1346583131683,0,source_row:2460,True,1.0,0.0241850048262222,-373.73716407137954,1,source_row:2457,False,2.0,-0.0020589080336321,-372.57845554971584,0,source_row:2460,True,1.0,0.0179682005885979,-372.7193751487479,0.4152831644204298,0.9995476295680986,11,-372.47727863895386,-373.6413053935637,1.1640267546098355,2,0.030140194068115,-0.2038057733978021,0.3001490616120602,0.048171644107129,-1.3150240685140062,0.0239012845779879,0.019809261679824,-0.14091959903203133,-0.16094670765426144,0.020027108622230116,rescued_by_residual,0.02002710862223
116,116,58,response_tables/trial_00058_hard_negative_structure_obs-empirical_prior-axis_edge_parallel_rel1x.npz,hard_negative_structure,empirical,axis_edge_parallel,1.0,per_candidate,1.0,4,16,40,756,0,source_row:2460,-1,12,0.032122004777193,0.7,0.01,time_varying,1.5,0.5,catalog_residual_profile,topk_logmeanexp,2,0.19,outputs/fixation_statistics_by_stimulus_all_sessions_after_review/backimage_image_disjoint_compact_basis_delta025_v1/image_disjoint_compact_basis_delta0p25_fold0of2.npz,10,0,source_row:2460,True,1.0,0.1674632589752605,-443.05674897246297,0,source_row:2460,True,1.0,0.0309455253525356,-449.9286998311936,0,source_row:2460,True,1.0,0.0498238932673302,-444.6588385900514,0,source_row:2460,True,1.0,0.0848365348837205,-443.8382989501288,0,source_row:2460,True,1.0,0.0534530393973682,-443.7701510623493,6.158548768844241,0.998127065321202,11,-443.66672704172873,-444.1020037455272,0.4352767037984222,2,0.0255848198716759,0.904823687902002,0.5924326511591654,0.7486281695305838,0.5829691742751566,0.0509943292110137,0.0396185233596481,0.06814788777944614,0.09953138326579847,-0.03138349548635233,both_correct,-0.0313834954863523
117,117,58,response_tables/trial_00058_hard_negative_structure_obs-empirical_prior-axis_edge_orthogonal_rel1x.npz,hard_negative_structure,empirical,axis_edge_orthogonal,1.0,per_candidate,1.0,4,16,40,756,0,source_row:2460,-1,7,0.0597542189061641,0.7,0.01,time_varying,1.5,0.5,catalog_residual_profile,topk_logmeanexp,2,0.19,outputs/fixation_statistics_by_stimulus_all_sessions_after_review/backimage_image_disjoint_compact_basis_delta025_v1/image_disjoint_compact_basis_delta0p25_fold0of2.npz,10,0,source_row:2460,True,1.0,0.1674632589752605,-443.05674897246297,0,source_row:2460,True,1.0,0.0309455253525356,-449.9286998311936,0,source_row:2460,True,1.0,0.0280525565172524,-445.2505246746145,0,source_row:2460,True,1.0,0.0236485219353994,-444.3397666440695,1,source_row:2457,False,2.0,-0.0247980077660372,-444.35768617060177,5.571013660591802,0.999112891526704,15,-444.2462290048993,-444.7864218710511,0.5401928661517559,2,0.0623030385392225,0.900752396522342,-0.7038748252251578,0.0984387856485921,-1.472987301342139,0.0433282078935649,0.0396185233596481,-0.01791952653223916,0.030527003169197542,-0.0484465297014367,lost_by_residual,-0.0484465297014366
118,118,59,response_tables/trial_00059_hard_negative_structure_obs-empirical_prior-axis_edge_parallel_rel2x.npz,hard_negative_structure,empirical,axis_edge_parallel,2.0,per_candidate,1.0,4,16,40,756,0,source_row:2460,-1,12,0.0505660362541675,0.7,0.01,time_varying,1.5,0.5,catalog_residual_profile,topk_logmeanexp,2,0.19,outputs/fixation_statistics_by_stimulus_all_sessions_after_review/backimage_image_disjoint_compact_basis_delta025_v1/image_disjoint_compact_basis_delta0p25_fold0of2.npz,10,0,source_row:2460,True,1.0,0.1753015045984511,-534.3171000998897,0,source_row:2460,True,1.0,0.0298180645791035,-554.2332318569371,1,source_row:2457,False,2.0,-0.0156385010113808,-536.776744360514,1,source_row:2457,False,2.0,-0.0866486580131322,-536.0313509091699,1,source_row:2457,False,2.0,-0.0205154540893772,-535.9871573891904,18.246074467746663,0.9997390965969164,6,-535.8550755286487,-536.4988344695099,0.6437589408611757,2,0.0582993695478374,0.7478824669869502,0.4819622585515337,0.614922362769242,0.4586587070915696,0.0759421825676224,0.0792370467192962,0.04419351997944432,-0.021939683944310673,0.06613320392375499,both_wrong,0.06613320392375499
119,119,59,response_tables/trial_00059_hard_negative_structure_obs-empirical_prior-axis_edge_orthogonal_rel2x.npz,hard_negative_structure,empirical,axis_edge_orthogonal,2.0,per_candidate,1.0,4,16,40,756,0,source_row:2460,-1,13,0.1260785609483719,0.7,0.01,time_varying,1.5,0.5,catalog_residual_profile,topk_logmeanexp,2,0.19,outputs/fixation_statistics_by_stimulus_all_sessions_after_review/backimage_image_disjoint_compact_basis_delta025_v1/image_disjoint_compact_basis_delta0p25_fold0of2.npz,10,0,source_row:2460,True,1.0,0.1753015045984511,-534.3171000998897,0,source_row:2460,True,1.0,0.0298180645791035,-554.2332318569371,1,source_row:2457,False,2.0,-0.0031970847313687,-537.5574235734548,1,source_row:2457,False,2.0,-0.002485979199605,-536.5032369854698,0,source_row:2460,True,1.0,0.0006509040703122,-536.4467945794386,17.78643727749852,0.9991045792346974,6,-536.2116679000468,-537.0203907758664,0.8087228758196261,2,0.1020019563241864,0.7813026517036042,-0.5206454132355847,0.1303286192340098,-0.6571447368723167,0.0583815151784866,0.0792370467192962,0.056442406031237624,0.05330552276132039,0.0031368832699172344,rescued_by_residual,0.0031368832699172
120,120,60,response_tables/trial_00060_hard_negative_structure_obs-empirical_prior-axis_edge_parallel_rel0p5x.npz,hard_negative_structure,empirical,axis_edge_parallel,0.5,per_candidate,1.0,4,16,40,756,0,source_row:2518,-1,9,0.0307710394263267,0.7,0.01,time_varying,1.5,0.5,catalog_residual_profile,topk_logmeanexp,2,0.19,outputs/fixation_statistics_by_stimulus_all_sessions_after_review/backimage_image_disjoint_compact_basis_delta025_v1/image_disjoint_compact_basis_delta0p25_fold0of2.npz,10,0,source_row:2518,True,1.0,0.5425765633416972,-373.0145671700396,0,source_row:2518,True,1.0,0.06964646470675,-374.9312136868234,0,source_row:2518,True,1.0,0.308869680539658,-374.195929124396,0,source_row:2518,True,1.0,0.3370875171782472,-373.6083590637221,0,source_row:2518,True,1.0,0.3427186503223538,-373.525102888545,1.406110798278462,0.0860258008556726,4,-373.4261214432607,-373.8710614555719,0.4449400123112355,2,0.0337930062173454,0.472795896919451,-0.6407152421755933,-0.0839596726280711,-0.2041666083064877,0.0286953193249031,0.0307952361104986,0.08325617517709816,0.07762504203304843,0.005631133144049727,both_correct,0.005631133144106626
121,121,60,response_tables/trial_00060_hard_negative_structure_obs-empirical_prior-axis_edge_orthogonal_rel0p5x.npz,hard_negative_structure,empirical,axis_edge_orthogonal,0.5,per_candidate,1.0,4,16,40,756,0,source_row:2518,-1,0,0.0396152921020984,0.7,0.01,time_varying,1.5,0.5,catalog_residual_profile,topk_logmeanexp,2,0.19,outputs/fixation_statistics_by_stimulus_all_sessions_after_review/backimage_image_disjoint_compact_basis_delta025_v1/image_disjoint_compact_basis_delta0p25_fold0of2.npz,10,0,source_row:2518,True,1.0,0.5425765633416972,-373.0145671700396,0,source_row:2518,True,1.0,0.06964646470675,-374.9312136868234,0,source_row:2518,True,1.0,0.4633970653916321,-374.3409265009838,0,source_row:2518,True,1.0,0.3810798996181574,-373.6988992362484,0,source_row:2518,True,1.0,0.4491026474341311,-373.6299112330733,1.301302453750225,0.3261764817905045,0,-373.4432881479162,-374.00028049720345,0.5569923492872704,2,0.0381378198125802,-0.1315244357347471,-0.281262311600419,-0.206393373667583,-0.5337149418935796,0.0187900686798967,0.0307952361104986,0.06898800317509313,0.0009652553591763535,0.06802274781591677,both_correct,0.06802274781597367
122,122,61,response_tables/trial_00061_hard_negative_structure_obs-empirical_prior-axis_edge_parallel_rel1x.npz,hard_negative_structure,empirical,axis_edge_parallel,1.0,per_candidate,1.0,4,16,40,756,0,source_row:2518,-1,8,0.0857690647244453,0.7,0.01,time_varying,1.5,0.5,catalog_residual_profile,topk_logmeanexp,2,0.19,outputs/fixation_statistics_by_stimulus_all_sessions_after_review/backimage_image_disjoint_compact_basis_delta025_v1/image_disjoint_compact_basis_delta0p25_fold0of2.npz,10,0,source_row:2518,True,1.0,0.8758434039414169,-466.8891260804354,1,source_row:369,False,2.0,-1.6026088281113289,-477.339362289747,0,source_row:2518,True,1.0,0.258749907348772,-469.3357250181868,0,source_row:2518,True,1.0,0.5087713996618959,-468.1581085496242,0,source_row:2518,True,1.0,0.3757986718824213,-468.1604419870076,9.178920302739357,-0.2485500550033035,14,-468.02561055309593,-468.6843935502009,0.6587829971049928,2,0.0624444485406213,0.3401356098963915,-0.63632335440727,-0.1480938722554392,-0.0279230422746763,0.0314556471264539,0.0615904722209973,-0.0023334373833563404,0.4083234407512464,-0.4106568781346027,both_correct,-0.1329727277794746
123,123,61,response_tables/trial_00061_hard_negative_structure_obs-empirical_prior-axis_edge_orthogonal_rel1x.npz,hard_negative_structure,empirical,axis_edge_orthogonal,1.0,per_candidate,1.0,4,16,40,756,0,source_row:2518,-1,12,0.0791413933038711,0.7,0.01,time_varying,1.5,0.5,catalog_residual_profile,topk_logmeanexp,2,0.19,outputs/fixation_statistics_by_stimulus_all_sessions_after_review/backimage_image_disjoint_compact_basis_delta025_v1/image_disjoint_compact_basis_delta0p25_fold0of2.npz,10,0,source_row:2518,True,1.0,0.8758434039414169,-466.8891260804354,1,source_row:369,False,2.0,-1.6026088281113289,-477.339362289747,0,source_row:2518,True,1.0,0.6195667523833777,-469.3713357163568,0,source_row:2518,True,1.0,0.852562977059165,-468.29121942871006,0,source_row:2518,True,1.0,1.0154963934195962,-468.0029883879581,9.336373901788876,0.1886619231318078,14,-467.7627709536596,-468.61588485482713,0.8531139011675464,2,0.0833339029289753,-0.2753099388150249,-0.4279135115781681,-0.3516117251965965,-0.8306966087835368,0.0455467983526836,0.0615904722209973,0.2882310407519526,0.12529762439146452,0.16293341636048808,both_correct,0.16293341636043124
124,124,62,response_tables/trial_00062_hard_negative_structure_obs-empirical_prior-axis_edge_parallel_rel2x.npz,hard_negative_structure,empirical,axis_edge_parallel,2.0,per_candidate,1.0,4,16,40,756,0,source_row:2518,-1,12,0.1138262897729873,0.7,0.01,time_varying,1.5,0.5,catalog_residual_profile,topk_logmeanexp,2,0.19,outputs/fixation_statistics_by_stimulus_all_sessions_after_review/backimage_image_disjoint_compact_basis_delta025_v1/image_disjoint_compact_basis_delta0p25_fold0of2.npz,10,0,source_row:2518,True,1.0,1.0430797686644837,-520.7669604880139,1,source_row:369,False,2.0,-2.731943495663245,-539.1779369814429,0,source_row:2518,True,1.0,0.1062590672139549,-524.1456509937581,1,source_row:369,False,2.0,-0.015598147367541,-522.9324740553312,0,source_row:2518,True,1.0,0.0557165369650647,-523.1061763772077,16.071760604235237,0.6723463023034575,13,-522.7827811235835,-523.8485813048603,1.0658001812768134,2,0.0937826754101996,0.0056260111829522,0.0528717100230336,0.0292488606029929,-0.2215542029347033,0.0408227061038081,0.0848528134817306,-0.17370232187647616,-0.24501700620908196,0.0713146843326058,rescued_by_residual,0.0713146843326057
125,125,62,response_tables/trial_00062_hard_negative_structure_obs-empirical_prior-axis_edge_orthogonal_rel2x.npz,hard_negative_structure,empirical,axis_edge_orthogonal,2.0,per_candidate,1.0,4,16,40,756,0,source_row:2518,-1,4,0.1110375672578811,0.7,0.01,time_varying,1.5,0.5,catalog_residual_profile,topk_logmeanexp,2,0.19,outputs/fixation_statistics_by_stimulus_all_sessions_after_review/backimage_image_disjoint_compact_basis_delta025_v1/image_disjoint_compact_basis_delta0p25_fold0of2.npz,10,0,source_row:2518,True,1.0,1.0430797686644837,-520.7669604880139,1,source_row:369,False,2.0,-2.731943495663245,-539.1779369814429,0,source_row:2518,True,1.0,0.2989791363398808,-524.4526252455022,0,source_row:2518,True,1.0,0.4777020388471555,-523.0365656003335,0,source_row:2518,True,1.0,0.3649012785243712,-523.2319534139447,15.945983567498274,0.3386608655884196,13,-522.8217444671124,-524.063408951189,1.2416644840766369,2,0.0966380905823098,-0.0719321554878693,-0.0340197659287844,-0.0529759607083268,-0.2970723067736436,0.0437545915782094,0.0848528134817306,-0.19538781361120527,-0.08258705328842098,-0.1128007603227843,both_correct,-0.1128007603227843
126,126,63,response_tables/trial_00063_hard_negative_structure_obs-empirical_prior-axis_edge_parallel_rel0p5x.npz,hard_negative_structure,empirical,axis_edge_parallel,0.5,per_candidate,1.0,4,16,40,756,0,source_row:2584,-1,11,0.0172933395951986,0.7,0.01,time_varying,1.5,0.5,catalog_residual_profile,topk_logmeanexp,2,0.19,outputs/fixation_statistics_by_stimulus_all_sessions_after_review/backimage_image_disjoint_compact_basis_delta025_v1/image_disjoint_compact_basis_delta0p25_fold0of2.npz,10,0,source_row:2584,True,1.0,0.8910061626565948,-374.4453523022995,0,source_row:2584,True,1.0,0.7018718210171073,-374.9096163999207,0,source_row:2584,True,1.0,0.7353836648886727,-375.2321606524933,0,source_row:2584,True,1.0,0.7721609153479676,-374.6717559974735,0,source_row:2584,True,1.0,0.7794947106044674,-374.7481941188781,0.161422281042519,0.9771726572142372,11,-374.6468819396363,-375.0728516866172,0.4259697469809111,2,0.0214955528042314,0.1106866174903003,0.0622840952280908,0.0864853563591955,-3.869751723543959,0.0200477454599122,0.0097408130538151,-0.0764381214045784,-0.0837719166610782,0.007333795256499798,both_correct,0.007333795256499798
127,127,63,response_tables/trial_00063_hard_negative_structure_obs-empirical_prior-axis_edge_orthogonal_rel0p5x.npz,hard_negative_structure,empirical,axis_edge_orthogonal,0.5,per_candidate,1.0,4,16,40,756,0,source_row:2584,-1,11,0.0195962563157081,0.7,0.01,time_varying,1.5,0.5,catalog_residual_profile,topk_logmeanexp,2,0.19,outputs/fixation_statistics_by_stimulus_all_sessions_after_review/backimage_image_disjoint_compact_basis_delta025_v1/image_disjoint_compact_basis_delta0p25_fold0of2.npz,10,0,source_row:2584,True,1.0,0.8910061626565948,-374.4453523022995,0,source_row:2584,True,1.0,0.7018718210171073,-374.9096163999207,0,source_row:2584,True,1.0,0.6082510053440728,-375.5860967692604,0,source_row:2584,True,1.0,0.686049587328057,-374.8107143423901,0,source_row:2584,True,1.0,0.6382780876607512,-374.91656951601567,-0.0069531160950191,0.9921674174163644,11,-374.7730630688904,-375.4555105897699,0.6824475208795775,2,0.0201813520949388,-0.1152372529330035,0.0385785721509444,-0.0383293403910295,-3.2924980048119457,0.0177620082073252,0.0097408130538151,-0.10585517362557084,-0.058083673958321924,-0.04777149966724892,both_correct,-0.04777149966730576
128,128,64,response_tables/trial_00064_hard_negative_structure_obs-empirical_prior-axis_edge_parallel_rel1x.npz,hard_negative_structure,empirical,axis_edge_parallel,1.0,per_candidate,1.0,4,16,40,756,0,source_row:2584,-1,14,0.032348845154047,0.7,0.01,time_varying,1.5,0.5,catalog_residual_profile,topk_logmeanexp,2,0.19,outputs/fixation_statistics_by_stimulus_all_sessions_after_review/backimage_image_disjoint_compact_basis_delta025_v1/image_disjoint_compact_basis_delta0p25_fold0of2.npz,10,0,source_row:2584,True,1.0,1.2126906905571673,-418.1092476541668,0,source_row:2584,True,1.0,0.70769297324523,-421.0143553539684,0,source_row:2584,True,1.0,0.934162173833613,-419.7079445335335,0,source_row:2584,True,1.0,0.8286137068111543,-419.0769989375498,0,source_row:2584,True,1.0,0.81674470191507,-419.0945021819543,1.9198531720141432,0.9091028377783278,0,-418.9811678082574,-419.4247885617776,0.4436207535201788,2,0.0511186414994129,-0.2934101748540587,0.0822618595878013,-0.1055741576331286,-5.885067451390798,0.0433814880302226,0.0194816261076303,-0.017503244404508678,-0.005634239508481187,-0.01186900489602749,both_correct,-0.011869004896084334
129,129,64,response_tables/trial_00064_hard_negative_structure_obs-empirical_prior-axis_edge_orthogonal_rel1x.npz,hard_negative_structure,empirical,axis_edge_orthogonal,1.0,per_candidate,1.0,4,16,40,756,0,source_row:2584,-1,15,0.0340311154723167,0.7,0.01,time_varying,1.5,0.5,catalog_residual_profile,topk_logmeanexp,2,0.19,outputs/fixation_statistics_by_stimulus_all_sessions_after_review/backimage_image_disjoint_compact_basis_delta025_v1/image_disjoint_compact_basis_delta0p25_fold0of2.npz,10,0,source_row:2584,True,1.0,1.2126906905571673,-418.1092476541668,0,source_row:2584,True,1.0,0.70769297324523,-421.0143553539684,0,source_row:2584,True,1.0,0.5264365496138907,-420.3050344359496,0,source_row:2584,True,1.0,0.679381324462554,-419.2845093582871,0,source_row:2584,True,1.0,0.5490605996390627,-419.3782427756889,1.6361125782794943,0.9321272265586714,15,-419.111023537408,-419.9949117513458,0.883888213937837,2,0.0460741283729748,-0.0028349581041956,0.2615917829896503,0.1293784124427273,-4.593245061611772,0.0444885165776005,0.0194816261076303,-0.0937334174017792,0.03658730742171201,-0.13032072482349122,both_correct,-0.13032072482349122
130,130,65,response_tables/trial_00065_hard_negative_structure_obs-empirical_prior-axis_edge_parallel_rel2x.npz,hard_negative_structure,empirical,axis_edge_parallel,2.0,per_candidate,1.0,4,16,40,756,0,source_row:2584,-1,4,0.0691733583807945,0.7,0.01,time_varying,1.5,0.5,catalog_residual_profile,topk_logmeanexp,2,0.19,outputs/fixation_statistics_by_stimulus_all_sessions_after_review/backimage_image_disjoint_compact_basis_delta025_v1/image_disjoint_compact_basis_delta0p25_fold0of2.npz,10,0,source_row:2584,True,1.0,1.9313729711619767,-476.3931742835831,0,source_row:2584,True,1.0,0.8130712598720606,-488.78215818425366,0,source_row:2584,True,1.0,1.123789054645556,-479.9679414760196,0,source_row:2584,True,1.0,0.9370271248690756,-478.6400546042652,0,source_row:2584,True,1.0,1.1108927555313812,-478.8926725879013,9.889485596352417,0.5937366587223297,7,-478.5029251445269,-479.6278595250269,1.124934380500008,2,0.1002067430577922,0.0129997876007295,0.0119109276630864,0.012455357631908,-5.614293986282364,0.0927633279610235,0.0389632522152607,-0.252617983636128,-0.42648361429831994,0.17386563066219196,both_correct,0.17386563066230565
131,131,65,response_tables/trial_00065_hard_negative_structure_obs-empirical_prior-axis_edge_orthogonal_rel2x.npz,hard_negative_structure,empirical,axis_edge_orthogonal,2.0,per_candidate,1.0,4,16,40,756,0,source_row:2584,-1,8,0.0680622309446334,0.7,0.01,time_varying,1.5,0.5,catalog_residual_profile,topk_logmeanexp,2,0.19,outputs/fixation_statistics_by_stimulus_all_sessions_after_review/backimage_image_disjoint_compact_basis_delta025_v1/image_disjoint_compact_basis_delta0p25_fold0of2.npz,10,0,source_row:2584,True,1.0,1.9313729711619767,-476.3931742835831,0,source_row:2584,True,1.0,0.8130712598720606,-488.78215818425366,0,source_row:2584,True,1.0,1.0863430899006516,-480.5126351922711,0,source_row:2584,True,1.0,1.3351619136281556,-479.15915462016096,0,source_row:2584,True,1.0,1.179647401428383,-479.28051769090393,9.501640493349726,0.6088018235852628,3,-478.83888001238506,-480.0153946191928,1.1765146068077,2,0.0962496661826954,-0.2747090963156236,0.0341612008983463,-0.1202739477086386,-5.102222858157953,0.0876353855590273,0.0389632522152607,-0.12136307074297292,0.0341514414567996,-0.15551451219977253,both_correct,-0.15551451219977253
132,132,66,response_tables/trial_00066_hard_negative_structure_obs-empirical_prior-axis_edge_parallel_rel0p5x.npz,hard_negative_structure,empirical,axis_edge_parallel,0.5,per_candidate,1.0,4,16,40,756,0,source_row:2743,-1,13,0.0202277861535549,0.7,0.01,time_varying,1.5,0.5,catalog_residual_profile,topk_logmeanexp,2,0.19,outputs/fixation_statistics_by_stimulus_all_sessions_after_review/backimage_image_disjoint_compact_basis_delta025_v1/image_disjoint_compact_basis_delta0p25_fold0of2.npz,10,0,source_row:2743,True,1.0,4.152063990221222,-437.8591909547562,0,source_row:2743,True,1.0,4.959302672306308,-441.5828927734742,0,source_row:2743,True,1.0,4.0016329158871145,-439.3316437153426,0,source_row:2743,True,1.0,3.845884835113793,-438.2561634960165,0,source_row:2743,True,1.0,3.228817822716053,-438.48217249618654,3.100720277287678,0.9758493332722996,13,-438.22761351502174,-438.8201568315257,0.5925433165039635,2,0.0333708473876025,0.8832029221060528,-0.4803830655110216,0.2014099282975155,0.1843396459800181,0.0587779924305707,0.0369498396552491,-0.22600900017005188,0.3910580122276883,-0.6170670123977402,both_correct,-0.6170670123977402
133,133,66,response_tables/trial_00066_hard_negative_structure_obs-empirical_prior-axis_edge_orthogonal_rel0p5x.npz,hard_negative_structure,empirical,axis_edge_orthogonal,0.5,per_candidate,1.0,4,16,40,756,0,source_row:2743,-1,11,0.0516245737671852,0.7,0.01,time_varying,1.5,0.5,catalog_residual_profile,topk_logmeanexp,2,0.19,outputs/fixation_statistics_by_stimulus_all_sessions_after_review/backimage_image_disjoint_compact_basis_delta025_v1/image_disjoint_compact_basis_delta0p25_fold0of2.npz,10,0,source_row:2743,True,1.0,4.152063990221222,-437.8591909547562,0,source_row:2743,True,1.0,4.959302672306308,-441.5828927734742,0,source_row:2743,True,1.0,3.833891782581532,-440.0290998754502,0,source_row:2743,True,1.0,3.9549900066122063,-438.84874896061615,0,source_row:2743,True,1.0,3.418429754995316,-439.1459801613072,2.4369126121670206,0.9962759005280508,3,-438.7600004203945,-439.8538557970798,1.093855376685326,2,0.05010693217226,-0.0190661077425598,-0.1791489080670076,-0.0991075079047837,-0.8389524975554377,0.0328584127716997,0.0369498396552491,-0.29723120069104425,0.23932905092590318,-0.5365602516169474,both_correct,-0.5365602516168901
134,134,67,response_tables/trial_00067_hard_negative_structure_obs-empirical_prior-axis_edge_parallel_rel1x.npz,hard_negative_structure,empirical,axis_edge_parallel,1.0,per_candidate,1.0,4,16,40,756,0,source_row:2743,-1,8,0.0365977771580219,0.7,0.01,time_varying,1.5,0.5,catalog_residual_profile,topk_logmeanexp,2,0.19,outputs/fixation_statistics_by_stimulus_all_sessions_after_review/backimage_image_disjoint_compact_basis_delta025_v1/image_disjoint_compact_basis_delta0p25_fold0of2.npz,10,0,source_row:2743,True,1.0,5.308265610263845,-473.9412148217756,0,source_row:2743,True,1.0,5.109060547216529,-482.48159139561017,0,source_row:2743,True,1.0,4.587718053065032,-476.3970168681643,0,source_row:2743,True,1.0,4.621405555085687,-475.0849134509385,0,source_row:2743,True,1.0,4.046216091834708,-475.2172716287192,7.264319766890935,0.9858399822906452,8,-475.0033225674058,-475.7175011209452,0.7141785535393979,2,0.0486633394988248,0.8808515935265125,-0.3875645281634626,0.2466435326815249,0.5663706093961952,0.0890234533925281,0.0738996793104982,-0.13235817778070214,0.4428312854702199,-0.575189463250922,both_correct,-0.5751894632509789
135,135,67,response_tables/trial_00067_hard_negative_structure_obs-empirical_prior-axis_edge_orthogonal_rel1x.npz,hard_negative_structure,empirical,axis_edge_orthogonal,1.0,per_candidate,1.0,4,16,40,756,0,source_row:2743,-1,15,0.1031838804483413,0.7,0.01,time_varying,1.5,0.5,catalog_residual_profile,topk_logmeanexp,2,0.19,outputs/fixation_statistics_by_stimulus_all_sessions_after_review/backimage_image_disjoint_compact_basis_delta025_v1/image_disjoint_compact_basis_delta0p25_fold0of2.npz,10,0,source_row:2743,True,1.0,5.308265610263845,-473.9412148217756,0,source_row:2743,True,1.0,5.109060547216529,-482.48159139561017,0,source_row:2743,True,1.0,3.928113453424942,-477.0229125942715,0,source_row:2743,True,1.0,3.5621612606111057,-476.3239608278352,0,source_row:2743,True,1.0,3.424093828466198,-475.90908570978775,6.572505685822421,0.9976030917118646,3,-475.7652076066265,-476.3416639616436,0.5764563550171147,2,0.130035538172271,-0.9428372025672326,-0.4642743869345245,-0.7035557947508786,-2.0962713289213264,0.0952249851432131,0.0738996793104982,0.4148751180474619,0.5529425501923697,-0.1380674321449078,both_correct,-0.1380674321449078
136,136,68,response_tables/trial_00068_hard_negative_structure_obs-empirical_prior-axis_edge_parallel_rel2x.npz,hard_negative_structure,empirical,axis_edge_parallel,2.0,per_candidate,1.0,4,16,40,756,0,source_row:2743,-1,7,0.0614682026207447,0.7,0.01,time_varying,1.5,0.5,catalog_residual_profile,topk_logmeanexp,2,0.19,outputs/fixation_statistics_by_stimulus_all_sessions_after_review/backimage_image_disjoint_compact_basis_delta025_v1/image_disjoint_compact_basis_delta0p25_fold0of2.npz,10,0,source_row:2743,True,1.0,5.6566398869257455,-475.5781032743501,0,source_row:2743,True,1.0,4.921690879480707,-484.9700225708692,0,source_row:2743,True,1.0,3.865189602996111,-478.1005318815469,0,source_row:2743,True,1.0,3.982248393808675,-477.2346877169432,0,source_row:2743,True,1.0,4.05241220702419,-477.1350593209091,7.83496324996014,0.989575607047234,15,-477.0319928450383,-477.5485399930807,0.5165471480423776,2,0.0943250594062002,0.7189768944921019,-0.3494217456320073,0.1847775744300473,-0.235724553524615,0.1311509258010261,0.0848528139646264,0.09962839603412021,0.029464582818604867,0.07016381321551535,both_correct,0.07016381321551535
137,137,68,response_tables/trial_00068_hard_negative_structure_obs-empirical_prior-axis_edge_orthogonal_rel2x.npz,hard_negative_structure,empirical,axis_edge_orthogonal,2.0,per_candidate,1.0,4,16,40,756,0,source_row:2743,-1,10,0.1290728598833084,0.7,0.01,time_varying,1.5,0.5,catalog_residual_profile,topk_logmeanexp,2,0.19,outputs/fixation_statistics_by_stimulus_all_sessions_after_review/backimage_image_disjoint_compact_basis_delta025_v1/image_disjoint_compact_basis_delta0p25_fold0of2.npz,10,0,source_row:2743,True,1.0,5.6566398869257455,-475.5781032743501,0,source_row:2743,True,1.0,4.921690879480707,-484.9700225708692,0,source_row:2743,True,1.0,4.478705444850903,-478.6717584735118,0,source_row:2743,True,1.0,3.997136929469036,-477.87167342877706,0,source_row:2743,True,1.0,3.891604379443777,-477.97004450124433,6.999978069624888,0.9935203219620804,6,-477.7680554575644,-478.4952738590389,0.727218401474488,2,0.0974233437098531,0.5572025067672994,0.3245508786992388,0.4408766927332691,-0.3182372013736367,0.0561567795457389,0.0848528139646264,-0.09837107246727328,0.007161477557986018,-0.1055325500252593,both_correct,-0.1055325500252593
138,138,69,response_tables/trial_00069_hard_negative_structure_obs-empirical_prior-axis_edge_parallel_rel0p5x.npz,hard_negative_structure,empirical,axis_edge_parallel,0.5,per_candidate,1.0,4,16,40,756,0,source_row:2764,-1,13,0.0380099602043628,0.7,0.01,time_varying,1.5,0.5,catalog_residual_profile,topk_logmeanexp,2,0.19,outputs/fixation_statistics_by_stimulus_all_sessions_after_review/backimage_image_disjoint_compact_basis_delta025_v1/image_disjoint_compact_basis_delta0p25_fold0of2.npz,10,0,source_row:2764,True,1.0,2.2445017805692373,-402.3722386036577,0,source_row:2764,True,1.0,2.643684238223159,-406.50218680053536,0,source_row:2764,True,1.0,1.9531982022728585,-405.0286617939415,0,source_row:2764,True,1.0,1.3074978378251672,-403.8890482611379,0,source_row:2764,True,1.0,1.6375218643058815,-403.6444039706338,2.8577828299015664,0.7186636912055604,3,-403.477961029468,-404.3500148590156,0.8720538295476103,2,0.0951459807441596,-0.4802254264392382,-0.2296902146245277,-0.3549578205318829,-12.208476835125891,0.0880955525399958,0.0261796645611876,0.24464429050408398,-0.0853797359766304,0.3300240264807144,both_correct,0.3300240264807144
139,139,69,response_tables/trial_00069_hard_negative_structure_obs-empirical_prior-axis_edge_orthogonal_rel0p5x.npz,hard_negative_structure,empirical,axis_edge_orthogonal,0.5,per_candidate,1.0,4,16,40,756,0,source_row:2764,-1,15,0.0330507010221481,0.7,0.01,time_varying,1.5,0.5,catalog_residual_profile,topk_logmeanexp,2,0.19,outputs/fixation_statistics_by_stimulus_all_sessions_after_review/backimage_image_disjoint_compact_basis_delta025_v1/image_disjoint_compact_basis_delta0p25_fold0of2.npz,10,0,source_row:2764,True,1.0,2.2445017805692373,-402.3722386036577,0,source_row:2764,True,1.0,2.643684238223159,-406.50218680053536,0,source_row:2764,True,1.0,1.908698319088956,-404.92649374404925,0,source_row:2764,True,1.0,1.7643206691357705,-403.56293943424737,0,source_row:2764,True,1.0,1.686927312878197,-403.517831303748,2.984355496787373,0.7554893726917559,3,-403.2859404964935,-404.4063128698471,1.120372373353575,2,0.0793007194832307,-0.5345547682160778,0.0055335221962531,-0.2645106230099123,-8.175423104733316,0.0746333806871695,0.0261796645611876,0.045108130499386334,0.12250148675701666,-0.07739335625763033,both_correct,-0.07739335625757349
140,140,70,response_tables/trial_00070_hard_negative_structure_obs-empirical_prior-axis_edge_parallel_rel1x.npz,hard_negative_structure,empirical,axis_edge_parallel,1.0,per_candidate,1.0,4,16,40,756,0,source_row:2764,-1,4,0.0763917416334152,0.7,0.01,time_varying,1.5,0.5,catalog_residual_profile,topk_logmeanexp,2,0.19,outputs/fixation_statistics_by_stimulus_all_sessions_after_review/backimage_image_disjoint_compact_basis_delta025_v1/image_disjoint_compact_basis_delta0p25_fold0of2.npz,10,0,source_row:2764,True,1.0,2.4490628915620505,-465.3181236714992,0,source_row:2764,True,1.0,3.4134591183702696,-477.6252019761434,0,source_row:2764,True,1.0,1.2593770957203103,-469.89360992987736,0,source_row:2764,True,1.0,0.9298969568026224,-468.3925000311533,0,source_row:2764,True,1.0,1.179513859354245,-467.6510417287621,9.974160247381404,0.5963816032078251,12,-467.3224592165628,-468.5190455458426,1.1965863292797394,2,0.1923220511801361,0.4569047868018607,0.434779601898337,0.4458421943500988,-12.491803827034555,0.1949311826200359,0.0523593291223753,0.7414583023912087,0.49184139983964315,0.24961690255156554,both_correct,0.2496169025516225
141,141,70,response_tables/trial_00070_hard_negative_structure_obs-empirical_prior-axis_edge_orthogonal_rel1x.npz,hard_negative_structure,empirical,axis_edge_orthogonal,1.0,per_candidate,1.0,4,16,40,756,0,source_row:2764,-1,11,0.0643245279788971,0.7,0.01,time_varying,1.5,0.5,catalog_residual_profile,topk_logmeanexp,2,0.19,outputs/fixation_statistics_by_stimulus_all_sessions_after_review/backimage_image_disjoint_compact_basis_delta025_v1/image_disjoint_compact_basis_delta0p25_fold0of2.npz,10,0,source_row:2764,True,1.0,2.4490628915620505,-465.3181236714992,0,source_row:2764,True,1.0,3.4134591183702696,-477.6252019761434,0,source_row:2764,True,1.0,1.2092991010854917,-470.0497876540839,0,source_row:2764,True,1.0,0.8070499162157034,-468.6914603643144,0,source_row:2764,True,1.0,1.231764789359147,-467.55211482694745,10.073087149196,0.6111521291781746,12,-467.2847524070004,-468.4790551414064,1.194302734406051,2,0.2262000684748567,0.4002542910285417,-0.5812668501814303,-0.0905062795764442,-17.663681627345326,0.1992838875644749,0.0523593291223753,1.139345537366978,0.7146306642234777,0.4247148731435004,both_correct,0.4247148731434436
142,142,71,response_tables/trial_00071_hard_negative_structure_obs-empirical_prior-axis_edge_parallel_rel2x.npz,hard_negative_structure,empirical,axis_edge_parallel,2.0,per_candidate,1.0,4,16,40,756,0,source_row:2764,-1,4,0.1295738220214843,0.7,0.01,time_varying,1.5,0.5,catalog_residual_profile,topk_logmeanexp,2,0.19,outputs/fixation_statistics_by_stimulus_all_sessions_after_review/backimage_image_disjoint_compact_basis_delta025_v1/image_disjoint_compact_basis_delta0p25_fold0of2.npz,10,0,source_row:2764,True,1.0,2.4372103904737514,-506.2216630907154,0,source_row:2764,True,1.0,3.833958657653284,-525.326874877265,0,source_row:2764,True,1.0,0.907575026489269,-510.85452188010095,0,source_row:2764,True,1.0,0.6629769839242385,-509.497984306281,0,source_row:2764,True,1.0,1.0703813337872248,-509.0549898441896,16.271885033075478,0.5753970977559953,15,-508.7171702912748,-509.9204615539159,1.2032912626411305,2,0.1710508353000858,0.4382901548895844,0.1193760112821161,0.2788330830858502,-3.063664955628272,0.1607755056443245,0.0848528145781036,0.4429944620914057,0.035590112228533144,0.40740434986287255,both_correct,0.40740434986298624
143,143,71,response_tables/trial_00071_hard_negative_structure_obs-empirical_prior-axis_edge_orthogonal_rel2x.npz,hard_negative_structure,empirical,axis_edge_orthogonal,2.0,per_candidate,1.0,4,16,40,756,0,source_row:2764,-1,4,0.1143338158726692,0.7,0.01,time_varying,1.5,0.5,catalog_residual_profile,topk_logmeanexp,2,0.19,outputs/fixation_statistics_by_stimulus_all_sessions_after_review/backimage_image_disjoint_compact_basis_delta025_v1/image_disjoint_compact_basis_delta0p25_fold0of2.npz,10,0,source_row:2764,True,1.0,2.4372103904737514,-506.2216630907154,0,source_row:2764,True,1.0,3.833958657653284,-525.326874877265,0,source_row:2764,True,1.0,0.758882892104566,-511.26367790880806,0,source_row:2764,True,1.0,0.700102982596718,-509.6525898505711,0,source_row:2764,True,1.0,0.8885314596135458,-509.307976626768,16.01889825049699,0.5781746231726427,15,-509.0445521642976,-510.1972056433098,1.1526534790122014,2,0.1832491513607801,0.4269383606435234,-0.2555993590209744,0.0856695008112744,-3.663923724025033,0.1464011831279842,0.0848528145781036,0.3446132238030941,0.15618474678620942,0.1884284770168847,both_correct,0.18842847701682786
144,144,72,response_tables/trial_00072_hard_negative_structure_obs-empirical_prior-axis_edge_parallel_rel0p5x.npz,hard_negative_structure,empirical,axis_edge_parallel,0.5,per_candidate,1.0,4,16,40,756,0,source_row:2773,-1,1,0.1084806099534034,0.7,0.01,time_varying,1.5,0.5,catalog_residual_profile,topk_logmeanexp,2,0.19,outputs/fixation_statistics_by_stimulus_all_sessions_after_review/backimage_image_disjoint_compact_basis_delta025_v1/image_disjoint_compact_basis_delta0p25_fold0of2.npz,10,0,source_row:2773,True,1.0,1.115281350072962,-434.0542849487989,0,source_row:2773,True,1.0,1.8636753112473912,-459.0243626650144,0,source_row:2773,True,1.0,1.1950294859205428,-441.5593683505889,0,source_row:2773,True,1.0,1.3595812773062337,-439.07796335440673,0,source_row:2773,True,1.0,0.3489952766014426,-438.1273803059632,20.896982359051208,0.6957440612681266,14,-437.4099410903543,-439.5137531091056,2.103812018751228,2,0.2211958453032757,-0.4772571318505426,-0.6283603791048359,-0.5528087554776893,-5.795500334689688,0.1696418842422779,0.0848528133692309,0.9505830484435478,1.996385700694475,-1.0458026522509272,both_correct,-1.010586000704791
145,145,72,response_tables/trial_00072_hard_negative_structure_obs-empirical_prior-axis_edge_orthogonal_rel0p5x.npz,hard_negative_structure,empirical,axis_edge_orthogonal,0.5,per_candidate,1.0,4,16,40,756,0,source_row:2773,-1,1,0.1125047281384468,0.7,0.01,time_varying,1.5,0.5,catalog_residual_profile,topk_logmeanexp,2,0.19,outputs/fixation_statistics_by_stimulus_all_sessions_after_review/backimage_image_disjoint_compact_basis_delta025_v1/image_disjoint_compact_basis_delta0p25_fold0of2.npz,10,0,source_row:2773,True,1.0,1.115281350072962,-434.0542849487989,0,source_row:2773,True,1.0,1.8636753112473912,-459.0243626650144,0,source_row:2773,True,1.0,0.5879024707973031,-440.4035641493695,0,source_row:2773,True,1.0,0.4996538615506551,-438.3662467016227,0,source_row:2773,True,1.0,0.3544373573943744,-437.25031811630754,21.77404454870685,0.3609356140141051,13,-436.8445549169186,-438.6151420458429,1.7705871289243191,2,0.1643885224660483,-0.6263489495626036,0.7693191421289461,0.0714850962831712,-2.7532759105905846,0.1126627531465164,0.0848528133692309,1.115928585315146,1.2611450894713698,-0.1452165041562239,both_correct,-0.14521650415628073
146,146,73,response_tables/trial_00073_hard_negative_structure_obs-empirical_prior-axis_edge_parallel_rel1x.npz,hard_negative_structure,empirical,axis_edge_parallel,1.0,per_candidate,1.0,4,16,40,756,0,source_row:2773,-1,14,0.1025290787220001,0.7,0.01,time_varying,1.5,0.5,catalog_residual_profile,topk_logmeanexp,2,0.19,outputs/fixation_statistics_by_stimulus_all_sessions_after_review/backimage_image_disjoint_compact_basis_delta025_v1/image_disjoint_compact_basis_delta0p25_fold0of2.npz,10,0,source_row:2773,True,1.0,1.115281350072962,-434.0542849487989,0,source_row:2773,True,1.0,1.8636753112473912,-459.0243626650144,0,source_row:2773,True,1.0,0.9918940411185986,-439.4515525983911,0,source_row:2773,True,1.0,0.5607667596681267,-437.523220587244,0,source_row:2773,True,1.0,0.6116908460734294,-436.7424415026967,22.2819211623177,0.9070189961661308,14,-436.4356556023158,-437.8409076106056,1.4052520082897786,2,0.1469249868725223,-0.4259898959487908,-0.5475330123824053,-0.486761454165598,-1.9981877718549312,0.0905418126425002,0.0848528133692309,0.780779084547305,1.0335577742347368,-0.2527786896874318,both_correct,0.05092408640530266
147,147,73,response_tables/trial_00073_hard_negative_structure_obs-empirical_prior-axis_edge_orthogonal_rel1x.npz,hard_negative_structure,empirical,axis_edge_orthogonal,1.0,per_candidate,1.0,4,16,40,756,0,source_row:2773,-1,1,0.1155224740505218,0.7,0.01,time_varying,1.5,0.5,catalog_residual_profile,topk_logmeanexp,2,0.19,outputs/fixation_statistics_by_stimulus_all_sessions_after_review/backimage_image_disjoint_compact_basis_delta025_v1/image_disjoint_compact_basis_delta0p25_fold0of2.npz,10,0,source_row:2773,True,1.0,1.115281350072962,-434.0542849487989,0,source_row:2773,True,1.0,1.8636753112473912,-459.0243626650144,0,source_row:2773,True,1.0,0.8827489853298403,-438.4410708605343,0,source_row:2773,True,1.0,0.9585394932926192,-436.6613585125193,0,source_row:2773,True,1.0,0.6164886653331791,-436.28924306181057,22.735119603203827,0.6693267884421225,15,-436.1236745637533,-436.9349281990581,0.8112536353047517,2,0.1600515353760092,-0.6816923044316961,0.8058334789464822,0.062070587257393,-2.557846416878303,0.1046838440946602,0.0848528133692309,0.37211545070874763,0.7141662786681877,-0.3420508279594401,both_correct,-0.3420508279594401
148,148,74,response_tables/trial_00074_hard_negative_structure_obs-empirical_prior-axis_edge_parallel_rel2x.npz,hard_negative_structure,empirical,axis_edge_parallel,2.0,per_candidate,1.0,4,16,40,756,0,source_row:2773,-1,8,0.1108328178524971,0.7,0.01,time_varying,1.5,0.5,catalog_residual_profile,topk_logmeanexp,2,0.19,outputs/fixation_statistics_by_stimulus_all_sessions_after_review/backimage_image_disjoint_compact_basis_delta025_v1/image_disjoint_compact_basis_delta0p25_fold0of2.npz,10,0,source_row:2773,True,1.0,1.115281350072962,-434.0542849487989,0,source_row:2773,True,1.0,1.8636753112473912,-459.0243626650144,0,source_row:2773,True,1.0,1.0876877790690855,-438.9484204719747,0,source_row:2773,True,1.0,0.9081487983612532,-437.2735175054022,0,source_row:2773,True,1.0,0.3692516435933157,-436.6807770402537,22.34358562476069,0.7378793865196066,6,-436.4063035694828,-437.28900465653805,0.8827010870552954,2,0.1870386795928789,-0.7256933146851332,-0.5701170550119833,-0.6479051848485582,-3.858814996047119,0.1330020580139931,0.0848528133692309,0.5927404651484949,1.626929814808193,-1.034189349659698,both_correct,-0.5388971547679375
149,149,74,response_tables/trial_00074_hard_negative_structure_obs-empirical_prior-axis_edge_orthogonal_rel2x.npz,hard_negative_structure,empirical,axis_edge_orthogonal,2.0,per_candidate,1.0,4,16,40,756,0,source_row:2773,-1,8,0.1142878010869026,0.7,0.01,time_varying,1.5,0.5,catalog_residual_profile,topk_logmeanexp,2,0.19,outputs/fixation_statistics_by_stimulus_all_sessions_after_review/backimage_image_disjoint_compact_basis_delta025_v1/image_disjoint_compact_basis_delta0p25_fold0of2.npz,10,0,source_row:2773,True,1.0,1.115281350072962,-434.0542849487989,0,source_row:2773,True,1.0,1.8636753112473912,-459.0243626650144,0,source_row:2773,True,1.0,0.3490507535577762,-438.61740144408776,0,source_row:2773,True,1.0,0.05387002711484,-437.2918460693551,0,source_row:2773,True,1.0,0.3569967500066013,-436.636292050091,22.38807061492338,0.5035250526902459,6,-436.3330367717487,-437.2708529128468,0.9378161410980396,2,0.1495635596040755,-0.564086860366762,0.3285029400781078,-0.1177919601443271,-2.106841466414884,0.0960985185056253,0.0848528133692309,0.6555540192640592,0.35242729637229786,0.30312672289176135,both_correct,0.3031267228917613
150,150,75,response_tables/trial_00075_hard_negative_structure_obs-empirical_prior-axis_edge_parallel_rel0p5x.npz,hard_negative_structure,empirical,axis_edge_parallel,0.5,per_candidate,1.0,4,16,40,756,0,source_row:2822,-1,12,0.0376645922660827,0.7,0.01,time_varying,1.5,0.5,catalog_residual_profile,topk_logmeanexp,2,0.19,outputs/fixation_statistics_by_stimulus_all_sessions_after_review/backimage_image_disjoint_compact_basis_delta025_v1/image_disjoint_compact_basis_delta0p25_fold0of2.npz,10,0,source_row:2822,True,1.0,2.3875787551093595,-478.1502973620129,0,source_row:2822,True,1.0,2.428222520687598,-497.8438912120365,0,source_row:2822,True,1.0,1.3601276945261134,-482.9734221670747,0,source_row:2822,True,1.0,1.1145606271028328,-480.7736816024552,0,source_row:2822,True,1.0,1.908141824611392,-480.3437777278624,17.500113484174165,0.8477218933404923,12,-480.1339107571024,-481.1303223005696,0.9964115434672748,2,0.2171338529534668,0.1925925802684872,0.8342274411209774,0.5134100106947324,-15.622452363327124,0.2550152522165691,0.0532574036452088,0.4299038745928101,-0.3636773229156347,0.7935811975084448,both_correct,0.7935811975085592
151,151,75,response_tables/trial_00075_hard_negative_structure_obs-empirical_prior-axis_edge_orthogonal_rel0p5x.npz,hard_negative_structure,empirical,axis_edge_orthogonal,0.5,per_candidate,1.0,4,16,40,756,0,source_row:2822,-1,5,0.0759217962622642,0.7,0.01,time_varying,1.5,0.5,catalog_residual_profile,topk_logmeanexp,2,0.19,outputs/fixation_statistics_by_stimulus_all_sessions_after_review/backimage_image_disjoint_compact_basis_delta025_v1/image_disjoint_compact_basis_delta0p25_fold0of2.npz,10,0,source_row:2822,True,1.0,2.3875787551093595,-478.1502973620129,0,source_row:2822,True,1.0,2.428222520687598,-497.8438912120365,0,source_row:2822,True,1.0,1.5995712444754986,-483.9406865113055,0,source_row:2822,True,1.0,0.8049936739154759,-482.3394969770087,0,source_row:2822,True,1.0,2.36046093970964,-481.0480533952871,16.79583781674944,0.8266391759453345,12,-480.8338353744903,-481.66438904517,0.8305536706797056,2,0.1388438142813461,-0.0494905275345946,0.647917777580762,0.2992136250230837,-5.796621599986438,0.1297735302427714,0.0532574036452088,1.2914435817215804,-0.26402368407258336,1.5554672657941637,both_correct,1.5554672657941642
152,152,76,response_tables/trial_00076_hard_negative_structure_obs-empirical_prior-axis_edge_parallel_rel1x.npz,hard_negative_structure,empirical,axis_edge_parallel,1.0,per_candidate,1.0,4,16,40,756,0,source_row:2822,-1,4,0.0865478366613388,0.7,0.01,time_varying,1.5,0.5,catalog_residual_profile,topk_logmeanexp,2,0.19,outputs/fixation_statistics_by_stimulus_all_sessions_after_review/backimage_image_disjoint_compact_basis_delta025_v1/image_disjoint_compact_basis_delta0p25_fold0of2.npz,10,0,source_row:2822,True,1.0,2.6267484868430984,-510.9385151056293,0,source_row:2822,True,1.0,2.7519394053941824,-537.4367818167204,0,source_row:2822,True,1.0,3.1420014437960617,-515.878531142156,0,source_row:2822,True,1.0,3.166010987028585,-513.1118659503873,0,source_row:2822,True,1.0,2.775462199219419,-513.0950460281772,24.341735788543247,0.8432154484381236,3,-512.3043050303265,-514.2530302322078,1.9487252018813024,2,0.175880416406162,-0.2349959379678156,-0.3837415792211571,-0.3093687585944864,-3.29637794403884,0.1266125950927173,0.0848528133009289,0.016819922210061122,0.40736871001922736,-0.39054878780916624,both_correct,-0.39054878780916624
153,153,76,response_tables/trial_00076_hard_negative_structure_obs-empirical_prior-axis_edge_orthogonal_rel1x.npz,hard_negative_structure,empirical,axis_edge_orthogonal,1.0,per_candidate,1.0,4,16,40,756,0,source_row:2822,-1,14,0.1225360929965972,0.7,0.01,time_varying,1.5,0.5,catalog_residual_profile,topk_logmeanexp,2,0.19,outputs/fixation_statistics_by_stimulus_all_sessions_after_review/backimage_image_disjoint_compact_basis_delta025_v1/image_disjoint_compact_basis_delta0p25_fold0of2.npz,10,0,source_row:2822,True,1.0,2.6267484868430984,-510.9385151056293,0,source_row:2822,True,1.0,2.7519394053941824,-537.4367818167204,0,source_row:2822,True,1.0,1.4496976386100189,-516.7121001977663,0,source_row:2822,True,1.0,1.2886002703744452,-514.143803539047,0,source_row:2822,True,1.0,1.6719554852099918,-514.0780587533242,23.35872306339627,0.8876387033273113,3,-513.6942533350099,-514.9296114106186,1.2353580756087013,2,0.1213742019916243,0.2201306816497163,-0.5956151673694524,-0.187742242859868,-1.0460690364431082,0.0858497130729302,0.0848528133009289,0.0657447857228135,-0.3176104291127331,0.3833552148355466,both_correct,0.3833552148355466
154,154,77,response_tables/trial_00077_hard_negative_structure_obs-empirical_prior-axis_edge_parallel_rel2x.npz,hard_negative_structure,empirical,axis_edge_parallel,2.0,per_candidate,1.0,4,16,40,756,0,source_row:2822,-1,2,0.0680505037307739,0.7,0.01,time_varying,1.5,0.5,catalog_residual_profile,topk_logmeanexp,2,0.19,outputs/fixation_statistics_by_stimulus_all_sessions_after_review/backimage_image_disjoint_compact_basis_delta025_v1/image_disjoint_compact_basis_delta0p25_fold0of2.npz,10,0,source_row:2822,True,1.0,2.6267484868430984,-510.9385151056293,0,source_row:2822,True,1.0,2.7519394053941824,-537.4367818167204,0,source_row:2822,True,1.0,3.6769758586949592,-516.7622473034112,0,source_row:2822,True,1.0,3.6943588573739135,-514.9422521578724,0,source_row:2822,True,1.0,3.3802257762505405,-514.8564190499413,22.580362766779103,0.8469303493530932,3,-514.5147854408038,-516.1354447318771,1.6206592910732525,2,0.1023394181460265,0.0671743065525851,0.4826989090711684,0.2749366078118768,-0.4546328632562486,0.109486876636109,0.0848528133009289,0.08583310793108012,0.49166377360756996,-0.40583066567648984,both_correct,-0.3141330811233729
155,155,77,response_tables/trial_00077_hard_negative_structure_obs-empirical_prior-axis_edge_orthogonal_rel2x.npz,hard_negative_structure,empirical,axis_edge_orthogonal,2.0,per_candidate,1.0,4,16,40,756,0,source_row:2822,-1,5,0.128886729478836,0.7,0.01,time_varying,1.5,0.5,catalog_residual_profile,topk_logmeanexp,2,0.19,outputs/fixation_statistics_by_stimulus_all_sessions_after_review/backimage_image_disjoint_compact_basis_delta025_v1/image_disjoint_compact_basis_delta0p25_fold0of2.npz,10,0,source_row:2822,True,1.0,2.6267484868430984,-510.9385151056293,0,source_row:2822,True,1.0,2.7519394053941824,-537.4367818167204,0,source_row:2822,True,1.0,3.224315333580307,-517.5812715752936,0,source_row:2822,True,1.0,2.8965190697445,-515.6904990174808,0,source_row:2822,True,1.0,2.662540755443388,-515.5646285434048,21.87215327331569,0.8083923496724784,8,-515.2687999826197,-516.7476849719328,1.478884989313087,2,0.1338942158777853,0.2420625850022191,-0.5305460883859744,-0.1442417516918776,-1.4899529488984051,0.1032414711775428,0.0848528133009289,0.1258704740760095,0.3598487883771213,-0.23397831430111182,both_correct,-0.23397831430111182
156,156,78,response_tables/trial_00078_hard_negative_structure_obs-empirical_prior-axis_edge_parallel_rel0p5x.npz,hard_negative_structure,empirical,axis_edge_parallel,0.5,per_candidate,1.0,4,16,40,756,0,source_row:2831,-1,10,0.0185997821390628,0.7,0.01,time_varying,1.5,0.5,catalog_residual_profile,topk_logmeanexp,2,0.19,outputs/fixation_statistics_by_stimulus_all_sessions_after_review/backimage_image_disjoint_compact_basis_delta025_v1/image_disjoint_compact_basis_delta0p25_fold0of2.npz,10,0,source_row:2831,True,1.0,3.153845411518148,-311.8252378713524,0,source_row:2831,True,1.0,3.035273094373224,-312.2603343560063,0,source_row:2831,True,1.0,2.9614629055951127,-312.3327658835829,0,source_row:2831,True,1.0,2.5288818719639607,-312.06996351314655,0,source_row:2831,True,1.0,2.481795070265832,-312.0986752968378,0.1616590591684712,0.9759136797986652,13,-312.05182640941166,-312.2539814295049,0.2021550200932438,2,0.0354383564198133,-0.1515129294453434,0.0461729553333954,-0.0526699870559739,-6.367754083091256,0.0318240778004565,0.0130558758249487,-0.02871178369127847,0.01837501800685004,-0.04708680169812851,both_correct,-0.047086801698128955
157,157,78,response_tables/trial_00078_hard_negative_structure_obs-empirical_prior-axis_edge_orthogonal_rel0p5x.npz,hard_negative_structure,empirical,axis_edge_orthogonal,0.5,per_candidate,1.0,4,16,40,756,0,source_row:2831,-1,11,0.0154253486543893,0.7,0.01,time_varying,1.5,0.5,catalog_residual_profile,topk_logmeanexp,2,0.19,outputs/fixation_statistics_by_stimulus_all_sessions_after_review/backimage_image_disjoint_compact_basis_delta025_v1/image_disjoint_compact_basis_delta0p25_fold0of2.npz,10,0,source_row:2831,True,1.0,3.153845411518148,-311.8252378713524,0,source_row:2831,True,1.0,3.035273094373224,-312.2603343560063,0,source_row:2831,True,1.0,2.7671063246045264,-312.8166420177029,0,source_row:2831,True,1.0,2.5886443300387896,-312.0512915883922,0,source_row:2831,True,1.0,2.430304718335094,-312.1743789682645,0.0859553877418193,0.9666503779233122,4,-312.03003171852265,-312.7565887615007,0.7265570429780723,2,0.0195033014693995,0.4677677360369026,0.4960399603210127,0.4819038481789577,-1.2315377912130896,0.0206344392758744,0.0130558758249487,-0.12308737987228824,0.0352522318313504,-0.15833961170363864,both_correct,-0.15833961170369548
158,158,79,response_tables/trial_00079_hard_negative_structure_obs-empirical_prior-axis_edge_parallel_rel1x.npz,hard_negative_structure,empirical,axis_edge_parallel,1.0,per_candidate,1.0,4,16,40,756,0,source_row:2831,-1,4,0.0370687991380691,0.7,0.01,time_varying,1.5,0.5,catalog_residual_profile,topk_logmeanexp,2,0.19,outputs/fixation_statistics_by_stimulus_all_sessions_after_review/backimage_image_disjoint_compact_basis_delta025_v1/image_disjoint_compact_basis_delta0p25_fold0of2.npz,10,0,source_row:2831,True,1.0,3.6768197058239593,-344.9186563230523,0,source_row:2831,True,1.0,3.743460096806984,-347.43331684522366,0,source_row:2831,True,1.0,3.2782806094132866,-346.1791951623703,0,source_row:2831,True,1.0,2.912531380226824,-345.86715653659485,0,source_row:2831,True,1.0,2.800838513627923,-345.8797877914945,1.5535290537291075,0.927987593139832,3,-345.81842572426103,-346.10218165783147,0.2837559335704327,2,0.0931938294705143,0.1861843505377018,-0.0629304248205524,0.0616269628585747,-11.738031038659171,0.0921882968704908,0.0261117516498974,-0.012631254899645228,0.09906161169919869,-0.11169286659884392,both_correct,-0.11169286659890076
159,159,79,response_tables/trial_00079_hard_negative_structure_obs-empirical_prior-axis_edge_orthogonal_rel1x.npz,hard_negative_structure,empirical,axis_edge_orthogonal,1.0,per_candidate,1.0,4,16,40,756,0,source_row:2831,-1,15,0.0333234779536724,0.7,0.01,time_varying,1.5,0.5,catalog_residual_profile,topk_logmeanexp,2,0.19,outputs/fixation_statistics_by_stimulus_all_sessions_after_review/backimage_image_disjoint_compact_basis_delta025_v1/image_disjoint_compact_basis_delta0p25_fold0of2.npz,10,0,source_row:2831,True,1.0,3.6768197058239593,-344.9186563230523,0,source_row:2831,True,1.0,3.743460096806984,-347.43331684522366,0,source_row:2831,True,1.0,3.3644741337108712,-346.4560661534464,0,source_row:2831,True,1.0,2.8985765771529373,-345.897748894249,0,source_row:2831,True,1.0,3.0024211779629013,-345.9428128965756,1.490503948648097,0.8976179578814805,4,-345.803563722187,-346.32783669901136,0.5242729768243635,2,0.0592549011294488,-0.3566460481651859,-0.6831530502287337,-0.5198995491969598,-4.149636123753846,0.0409731431067824,0.0261117516498974,-0.045064002326625996,-0.14890860313647636,0.10384460080985036,both_correct,0.10384460080996405
160,160,80,response_tables/trial_00080_hard_negative_structure_obs-empirical_prior-axis_edge_parallel_rel2x.npz,hard_negative_structure,empirical,axis_edge_parallel,2.0,per_candidate,1.0,4,16,40,756,0,source_row:2831,-1,11,0.0723094269633293,0.7,0.01,time_varying,1.5,0.5,catalog_residual_profile,topk_logmeanexp,2,0.19,outputs/fixation_statistics_by_stimulus_all_sessions_after_review/backimage_image_disjoint_compact_basis_delta025_v1/image_disjoint_compact_basis_delta0p25_fold0of2.npz,10,0,source_row:2831,True,1.0,5.565791692624771,-398.6799259950101,0,source_row:2831,True,1.0,4.936987923551101,-407.6259025638964,0,source_row:2831,True,1.0,3.6379914496434935,-402.0241243673177,0,source_row:2831,True,1.0,4.041103863303761,-400.7994479232839,0,source_row:2831,True,1.0,3.6887328137565873,-401.0693991020168,6.556503461879629,0.8106751131217409,9,-400.68776127886656,-401.83328566609936,1.145524387232797,2,0.1004283262874168,-0.0846608150067619,-0.348069275555223,-0.2163650452809924,-2.69811528310033,0.0820495222985848,0.0522235032997948,-0.2699511787329243,0.08241987081441948,-0.3523710495473438,both_correct,-0.35237104954717324
161,161,80,response_tables/trial_00080_hard_negative_structure_obs-empirical_prior-axis_edge_orthogonal_rel2x.npz,hard_negative_structure,empirical,axis_edge_orthogonal,2.0,per_candidate,1.0,4,16,40,756,0,source_row:2831,-1,8,0.0617013946175575,0.7,0.01,time_varying,1.5,0.5,catalog_residual_profile,topk_logmeanexp,2,0.19,outputs/fixation_statistics_by_stimulus_all_sessions_after_review/backimage_image_disjoint_compact_basis_delta025_v1/image_disjoint_compact_basis_delta0p25_fold0of2.npz,10,0,source_row:2831,True,1.0,5.565791692624771,-398.6799259950101,0,source_row:2831,True,1.0,4.936987923551101,-407.6259025638964,0,source_row:2831,True,1.0,4.675391911813733,-401.3868460214874,0,source_row:2831,True,1.0,4.119185823396833,-400.88210441845234,0,source_row:2831,True,1.0,4.453549678097943,-400.8043668334543,6.821535730442065,0.7499973919367833,12,-400.69537803690463,-401.1260048600312,0.4306268231265449,2,0.0839666561709105,0.062160186522238,-0.2395100505239934,-0.0886749320008776,-1.585125982380521,0.0583092003902829,0.0522235032997948,0.07773758499803307,-0.25662626970307656,0.33436385470110963,both_correct,0.33436385470110963
162,162,81,response_tables/trial_00081_hard_negative_structure_obs-empirical_prior-axis_edge_parallel_rel0p5x.npz,hard_negative_structure,empirical,axis_edge_parallel,0.5,per_candidate,1.0,4,16,40,756,0,source_row:2904,-1,8,0.0340285971760749,0.7,0.01,time_varying,1.5,0.5,catalog_residual_profile,topk_logmeanexp,2,0.19,outputs/fixation_statistics_by_stimulus_all_sessions_after_review/backimage_image_disjoint_compact_basis_delta025_v1/image_disjoint_compact_basis_delta0p25_fold0of2.npz,10,0,source_row:2904,True,1.0,0.9510376493054764,-388.4578783051583,0,source_row:2904,True,1.0,0.6318887404929114,-396.7914427273061,0,source_row:2904,True,1.0,1.2537870038586334,-391.9877130708493,0,source_row:2904,True,1.0,0.9910551256380132,-390.1147840014546,0,source_row:2904,True,1.0,0.9315774996846358,-390.3794465148397,6.411996212466363,0.3540424870417284,9,-389.83055302670806,-391.34562703657735,1.515074009869295,2,0.0754721417178151,-0.3861666714568294,-0.3305017736559373,-0.3583342225563833,-3.794282346412853,0.0555119783694101,0.0344686973595862,-0.2646625133850762,-0.20518488743175567,-0.05947762595332051,both_correct,-0.059477625953377466
163,163,81,response_tables/trial_00081_hard_negative_structure_obs-empirical_prior-axis_edge_orthogonal_rel0p5x.npz,hard_negative_structure,empirical,axis_edge_orthogonal,0.5,per_candidate,1.0,4,16,40,756,0,source_row:2904,-1,14,0.049108050763607,0.7,0.01,time_varying,1.5,0.5,catalog_residual_profile,topk_logmeanexp,2,0.19,outputs/fixation_statistics_by_stimulus_all_sessions_after_review/backimage_image_disjoint_compact_basis_delta025_v1/image_disjoint_compact_basis_delta0p25_fold0of2.npz,10,0,source_row:2904,True,1.0,0.9510376493054764,-388.4578783051583,0,source_row:2904,True,1.0,0.6318887404929114,-396.7914427273061,0,source_row:2904,True,1.0,0.9396946820648964,-392.2313638193506,0,source_row:2904,True,1.0,0.913219037501733,-390.0187666871276,0,source_row:2904,True,1.0,0.8360894868192759,-390.4683664544461,6.323076272859964,0.3272425519035407,9,-389.84519191056495,-391.59162281427183,1.74643090370688,2,0.070707147881789,-0.4100171073497075,0.1283834574036974,-0.140816824973005,-3.2080112976147346,0.0591124469799215,0.0344686973595862,-0.44959976731848883,-0.3724702166360885,-0.07712955068240035,both_correct,-0.07712955068245719
164,164,82,response_tables/trial_00082_hard_negative_structure_obs-empirical_prior-axis_edge_parallel_rel1x.npz,hard_negative_structure,empirical,axis_edge_parallel,1.0,per_candidate,1.0,4,16,40,756,0,source_row:2904,-1,5,0.052054364234209,0.7,0.01,time_varying,1.5,0.5,catalog_residual_profile,topk_logmeanexp,2,0.19,outputs/fixation_statistics_by_stimulus_all_sessions_after_review/backimage_image_disjoint_compact_basis_delta025_v1/image_disjoint_compact_basis_delta0p25_fold0of2.npz,10,0,source_row:2904,True,1.0,1.6395592144443183,-452.6296078401881,0,source_row:2904,True,1.0,0.5820789299737044,-471.09231953564927,0,source_row:2904,True,1.0,1.079218114348066,-456.1773695672143,0,source_row:2904,True,1.0,1.11165514717311,-454.5623230506715,0,source_row:2904,True,1.0,1.004458266265317,-454.6121672888126,16.480152246836667,-0.0161694752592328,15,-454.3593232663016,-455.4696142902373,1.1102910239357584,2,0.1053709427525736,-0.4817366525509688,-0.4564702991216819,-0.4691034758363254,-1.3363182331664212,0.0613763161862202,0.0689373947191725,-0.04984423814107686,0.057352642766716144,-0.107196880907793,both_correct,-0.107196880907793
165,165,82,response_tables/trial_00082_hard_negative_structure_obs-empirical_prior-axis_edge_orthogonal_rel1x.npz,hard_negative_structure,empirical,axis_edge_orthogonal,1.0,per_candidate,1.0,4,16,40,756,0,source_row:2904,-1,9,0.098216101527214,0.7,0.01,time_varying,1.5,0.5,catalog_residual_profile,topk_logmeanexp,2,0.19,outputs/fixation_statistics_by_stimulus_all_sessions_after_review/backimage_image_disjoint_compact_basis_delta025_v1/image_disjoint_compact_basis_delta0p25_fold0of2.npz,10,0,source_row:2904,True,1.0,1.6395592144443183,-452.6296078401881,0,source_row:2904,True,1.0,0.5820789299737044,-471.09231953564927,0,source_row:2904,True,1.0,1.0598958017414477,-456.4777224548493,0,source_row:2904,True,1.0,0.9915708758682626,-454.8342442021389,0,source_row:2904,True,1.0,0.9756367555131078,-454.8172406584988,16.27507887715052,0.0983870979479205,5,-454.5847806433652,-455.75700426194487,1.1722236185796646,2,0.1207038041193548,0.86581968688132,-0.5667209617523249,0.1495493625644975,-2.0657178472037847,0.1008235987082537,0.0689373947191725,0.017003543640100816,0.032937663995312505,-0.01593412035521169,both_correct,-0.015934120355154846
166,166,83,response_tables/trial_00083_hard_negative_structure_obs-empirical_prior-axis_edge_parallel_rel2x.npz,hard_negative_structure,empirical,axis_edge_parallel,2.0,per_candidate,1.0,4,16,40,756,0,source_row:2904,-1,14,0.0532100722193717,0.7,0.01,time_varying,1.5,0.5,catalog_residual_profile,topk_logmeanexp,2,0.19,outputs/fixation_statistics_by_stimulus_all_sessions_after_review/backimage_image_disjoint_compact_basis_delta025_v1/image_disjoint_compact_basis_delta0p25_fold0of2.npz,10,0,source_row:2904,True,1.0,1.8285401288351293,-475.9906507128343,0,source_row:2904,True,1.0,0.5522741361028238,-499.32949895840886,0,source_row:2904,True,1.0,1.0983003951672003,-479.8893758196944,0,source_row:2904,True,1.0,1.146399846993063,-478.37806453496034,0,source_row:2904,True,1.0,1.2859389061310935,-478.097111198861,21.232387759547866,-0.0839792412738955,14,-477.8485667769654,-478.6268266751899,0.7782598982244622,2,0.0532352460978814,0.8553862847311492,0.7752221051665549,0.815304194948852,0.6063900747616227,0.0957266000420288,0.0848528132241903,0.28095333609934414,0.1414142769613136,0.13953905913803055,both_correct,0.13953905913803055
167,167,83,response_tables/trial_00083_hard_negative_structure_obs-empirical_prior-axis_edge_orthogonal_rel2x.npz,hard_negative_structure,empirical,axis_edge_orthogonal,2.0,per_candidate,1.0,4,16,40,756,0,source_row:2904,-1,2,0.1290898621082306,0.7,0.01,time_varying,1.5,0.5,catalog_residual_profile,topk_logmeanexp,2,0.19,outputs/fixation_statistics_by_stimulus_all_sessions_after_review/backimage_image_disjoint_compact_basis_delta025_v1/image_disjoint_compact_basis_delta0p25_fold0of2.npz,10,0,source_row:2904,True,1.0,1.8285401288351293,-475.9906507128343,0,source_row:2904,True,1.0,0.5522741361028238,-499.32949895840886,0,source_row:2904,True,1.0,1.2835849434007969,-480.1129766735587,0,source_row:2904,True,1.0,1.325954861918092,-478.60294239528497,0,source_row:2904,True,1.0,1.4929784296424486,-478.2851138771442,21.04438508126464,0.1023579541323456,14,-478.0181453443369,-478.9875400989427,0.9693947546057872,2,0.1327187674920024,0.8966946962026056,-0.7368610516017353,0.0799168223004351,-1.4464265916300807,0.0981161193710461,0.0848528132241903,0.3178285181407432,0.15080495041644326,0.16702356772429994,both_correct,0.16702356772435656
168,168,84,response_tables/trial_00084_hard_negative_structure_obs-empirical_prior-axis_edge_parallel_rel0p5x.npz,hard_negative_structure,empirical,axis_edge_parallel,0.5,per_candidate,1.0,4,16,40,756,0,source_row:3076,-1,8,0.0200469847768545,0.7,0.01,time_varying,1.5,0.5,catalog_residual_profile,topk_logmeanexp,2,0.19,outputs/fixation_statistics_by_stimulus_all_sessions_after_review/backimage_image_disjoint_compact_basis_delta025_v1/image_disjoint_compact_basis_delta0p25_fold0of2.npz,10,0,source_row:3076,True,1.0,0.2564649204383045,-388.5882964035007,3,source_row:8387,False,3.0,-0.8351195079367244,-392.5723184278552,3,source_row:8387,False,3.0,-0.0636781803483472,-390.10741385848127,0,source_row:3076,True,1.0,0.0878375135367832,-389.0956378828465,0,source_row:3076,True,1.0,0.1066295783499526,-389.2127353753186,3.35958305253655,0.3626666302599454,8,-389.0393086251596,-389.73254121766513,0.6932325925055238,2,0.03042390111015,0.269143493451647,0.033491047170165,0.151317270310906,-2.866921145538339,0.0296565637754078,0.0154714936272145,-0.11709749247205536,-0.13588955728528163,0.01879206481322626,both_correct,0.018792064813169404
169,169,84,response_tables/trial_00084_hard_negative_structure_obs-empirical_prior-axis_edge_orthogonal_rel0p5x.npz,hard_negative_structure,empirical,axis_edge_orthogonal,0.5,per_candidate,1.0,4,16,40,756,0,source_row:3076,-1,11,0.0253657158464193,0.7,0.01,time_varying,1.5,0.5,catalog_residual_profile,topk_logmeanexp,2,0.19,outputs/fixation_statistics_by_stimulus_all_sessions_after_review/backimage_image_disjoint_compact_basis_delta025_v1/image_disjoint_compact_basis_delta0p25_fold0of2.npz,10,0,source_row:3076,True,1.0,0.2564649204383045,-388.5882964035007,3,source_row:8387,False,3.0,-0.8351195079367244,-392.5723184278552,3,source_row:8387,False,3.0,-0.1026004983776829,-390.46526885310107,0,source_row:3076,True,1.0,0.267909530588895,-389.34343586467446,0,source_row:3076,True,1.0,0.1803516173023354,-389.3469641537629,3.2253542740922967,-0.0874962021910138,15,-389.1689663467605,-389.8213269145943,0.6523605678338527,2,0.0411444117387078,0.7711687097384726,0.4367079224099607,0.6039383160742167,-6.0722438916541694,0.0433284044568212,0.0154714936272145,-0.003528289088421843,0.08402962419813775,-0.0875579132865596,both_correct,-0.0875579132865596
170,170,85,response_tables/trial_00085_hard_negative_structure_obs-empirical_prior-axis_edge_parallel_rel1x.npz,hard_negative_structure,empirical,axis_edge_parallel,1.0,per_candidate,1.0,4,16,40,756,0,source_row:3076,-1,8,0.0397174656391143,0.7,0.01,time_varying,1.5,0.5,catalog_residual_profile,topk_logmeanexp,2,0.19,outputs/fixation_statistics_by_stimulus_all_sessions_after_review/backimage_image_disjoint_compact_basis_delta025_v1/image_disjoint_compact_basis_delta0p25_fold0of2.npz,10,0,source_row:3076,True,1.0,0.3132040016773771,-505.16541505856367,3,source_row:8387,False,3.0,-2.359610726833125,-523.8567261578617,0,source_row:3076,True,1.0,0.3561771090988372,-508.80051196376667,0,source_row:3076,True,1.0,0.3349871296222204,-507.0384082633268,0,source_row:3076,True,1.0,0.1701246991367497,-507.0849166942997,16.771809463562022,0.4828251010939943,6,-506.8072336727369,-508.08788348884434,1.2806498161074271,2,0.0996544573954977,-0.0907552973322394,-0.0652133221953197,-0.0779843097637795,-9.372154584004514,0.0928517860854617,0.030942987254429,-0.046508430972892256,0.35851127326105825,-0.4050197042339505,both_correct,-0.16486243048547067
171,171,85,response_tables/trial_00085_hard_negative_structure_obs-empirical_prior-axis_edge_orthogonal_rel1x.npz,hard_negative_structure,empirical,axis_edge_orthogonal,1.0,per_candidate,1.0,4,16,40,756,0,source_row:3076,-1,1,0.0448698177933692,0.7,0.01,time_varying,1.5,0.5,catalog_residual_profile,topk_logmeanexp,2,0.19,outputs/fixation_statistics_by_stimulus_all_sessions_after_review/backimage_image_disjoint_compact_basis_delta025_v1/image_disjoint_compact_basis_delta0p25_fold0of2.npz,10,0,source_row:3076,True,1.0,0.3132040016773771,-505.16541505856367,3,source_row:8387,False,3.0,-2.359610726833125,-523.8567261578617,0,source_row:3076,True,1.0,0.2135556440700838,-509.29472036318754,1,source_row:10370,False,2.0,-0.0019146027235024,-507.9754600517893,0,source_row:3076,True,1.0,0.1875781581926503,-507.5100914189628,16.346634738898842,0.0059675692238042,4,-507.2504106704346,-508.14967020058543,0.8992595301508572,2,0.0936666102199829,-0.579018179983562,-0.3460543738790655,-0.4625362769313137,-8.163157048552003,0.0836189239563875,0.030942987254429,0.46536863282648255,0.617741190072195,-0.15237255724571241,rescued_by_residual,0.18949276091615272
172,172,86,response_tables/trial_00086_hard_negative_structure_obs-empirical_prior-axis_edge_parallel_rel2x.npz,hard_negative_structure,empirical,axis_edge_parallel,2.0,per_candidate,1.0,4,16,40,756,0,source_row:3076,-1,15,0.0921528935432434,0.7,0.01,time_varying,1.5,0.5,catalog_residual_profile,topk_logmeanexp,2,0.19,outputs/fixation_statistics_by_stimulus_all_sessions_after_review/backimage_image_disjoint_compact_basis_delta025_v1/image_disjoint_compact_basis_delta0p25_fold0of2.npz,10,0,source_row:3076,True,1.0,0.4300839027538359,-623.2823529136342,3,source_row:8387,False,3.0,-3.8543959259192206,-666.1819769900798,3,source_row:8387,False,4.0,-0.7501640716777729,-629.8113798915427,3,source_row:8387,False,4.0,-0.973377498254422,-628.1637027226686,3,source_row:8387,False,4.0,-0.6383828065618218,-628.0282997022881,38.15367728779165,0.9437394559542148,10,-627.830747137342,-628.8416875108636,1.010940373521635,2,0.0925314555852853,0.4476021727132981,-0.0056375660574814,0.2209823033279083,-1.2356011264054954,0.0932060482474251,0.061885974508858,0.13540302038052232,-0.19959167131207778,0.3349946916926001,both_wrong,0.3349946916926002
173,173,86,response_tables/trial_00086_hard_negative_structure_obs-empirical_prior-axis_edge_orthogonal_rel2x.npz,hard_negative_structure,empirical,axis_edge_orthogonal,2.0,per_candidate,1.0,4,16,40,756,0,source_row:3076,-1,5,0.0897396355867385,0.7,0.01,time_varying,1.5,0.5,catalog_residual_profile,topk_logmeanexp,2,0.19,outputs/fixation_statistics_by_stimulus_all_sessions_after_review/backimage_image_disjoint_compact_basis_delta025_v1/image_disjoint_compact_basis_delta0p25_fold0of2.npz,10,0,source_row:3076,True,1.0,0.4300839027538359,-623.2823529136342,3,source_row:8387,False,3.0,-3.8543959259192206,-666.1819769900798,3,source_row:8387,False,3.0,-0.4347500254891656,-630.0054979701304,3,source_row:8387,False,4.0,-1.1795800233521732,-628.5596401445173,3,source_row:8387,False,3.0,-0.4260859207485055,-628.1966448896997,37.985332100380106,0.99527296220234,0,-627.9987356413076,-628.9399430719599,0.9412074306522982,2,0.130499282400734,0.6261505592487672,0.4491121822052292,0.5376313707269982,-3.446638039402236,0.1361638376023006,0.061885974508858,0.3629952548176334,-0.3904988477860343,0.7534941026036677,both_wrong,0.7534941026036677
174,174,87,response_tables/trial_00087_hard_negative_structure_obs-empirical_prior-axis_edge_parallel_rel0p5x.npz,hard_negative_structure,empirical,axis_edge_parallel,0.5,per_candidate,1.0,4,16,40,756,0,source_row:3099,-1,0,0.0207236520946025,0.7,0.01,time_varying,1.5,0.5,catalog_residual_profile,topk_logmeanexp,2,0.19,outputs/fixation_statistics_by_stimulus_all_sessions_after_review/backimage_image_disjoint_compact_basis_delta025_v1/image_disjoint_compact_basis_delta0p25_fold0of2.npz,10,0,source_row:3099,True,1.0,0.441974336269368,-439.1861620579461,2,source_row:10765,False,2.0,-3.365283591735817,-456.1931740443949,0,source_row:3099,True,1.0,0.3237276184529492,-441.6395704756745,0,source_row:3099,True,1.0,0.3256925185772275,-439.78175817481,0,source_row:3099,True,1.0,0.2431880253921576,-440.0268909655725,16.166283078822346,-0.3974300466867651,0,-439.67958719355937,-441.0548305459897,1.3752433524303456,2,0.0296168842699912,0.8311966614433952,0.4809055408387547,0.656051101141075,0.4406853369017797,0.0507521794782931,0.0396014662283655,-0.24513279076245453,-0.16262829757749842,-0.08250449318495612,both_correct,-0.08250449318506989
175,175,87,response_tables/trial_00087_hard_negative_structure_obs-empirical_prior-axis_edge_orthogonal_rel0p5x.npz,hard_negative_structure,empirical,axis_edge_orthogonal,0.5,per_candidate,1.0,4,16,40,756,0,source_row:3099,-1,5,0.0587969832122325,0.7,0.01,time_varying,1.5,0.5,catalog_residual_profile,topk_logmeanexp,2,0.19,outputs/fixation_statistics_by_stimulus_all_sessions_after_review/backimage_image_disjoint_compact_basis_delta025_v1/image_disjoint_compact_basis_delta0p25_fold0of2.npz,10,0,source_row:3099,True,1.0,0.441974336269368,-439.1861620579461,2,source_row:10765,False,2.0,-3.365283591735817,-456.1931740443949,2,source_row:10765,False,2.0,-0.6555438566432485,-443.0592663518268,2,source_row:10765,False,2.0,-0.6154431728551799,-441.2524502960536,2,source_row:10765,False,2.0,-0.1545572071962624,-440.9853630972726,15.207810947122256,0.954465556101455,0,-440.7315426339323,-441.8534936036896,1.121950969757279,2,0.0636326989633882,0.1603793552157456,-0.4093439286821382,-0.1244822867331962,-1.5818925038310696,0.0475939736285846,0.0396014662283655,0.26708719878098464,-0.19379876687804654,0.46088596565903117,both_wrong,0.4608859656589175
176,176,88,response_tables/trial_00088_hard_negative_structure_obs-empirical_prior-axis_edge_parallel_rel1x.npz,hard_negative_structure,empirical,axis_edge_parallel,1.0,per_candidate,1.0,4,16,40,756,0,source_row:3099,-1,1,0.0414473041892051,0.7,0.01,time_varying,1.5,0.5,catalog_residual_profile,topk_logmeanexp,2,0.19,outputs/fixation_statistics_by_stimulus_all_sessions_after_review/backimage_image_disjoint_compact_basis_delta025_v1/image_disjoint_compact_basis_delta0p25_fold0of2.npz,10,0,source_row:3099,True,1.0,0.5151631454448307,-482.3399244597936,2,source_row:10765,False,2.0,-4.131749948151708,-507.9958226323401,0,source_row:3099,True,1.0,0.3595651922761931,-485.3606674688887,0,source_row:3099,True,1.0,0.2573310541081923,-483.6987657081911,0,source_row:3099,True,1.0,0.0789613612760717,-483.8497867517344,24.146035880605663,-0.7091892504058724,1,-483.5961808309847,-484.921687479875,1.325506648890325,2,0.0329595115219188,0.9392100330146768,0.1784908224247805,0.5588504277197287,0.8268274666752565,0.0787629055181409,0.079202932456731,-0.15102104354332369,0.027348649288796878,-0.17836969283212056,both_correct,-0.1783696928321206
177,177,88,response_tables/trial_00088_hard_negative_structure_obs-empirical_prior-axis_edge_orthogonal_rel1x.npz,hard_negative_structure,empirical,axis_edge_orthogonal,1.0,per_candidate,1.0,4,16,40,756,0,source_row:3099,-1,10,0.1146153509616851,0.7,0.01,time_varying,1.5,0.5,catalog_residual_profile,topk_logmeanexp,2,0.19,outputs/fixation_statistics_by_stimulus_all_sessions_after_review/backimage_image_disjoint_compact_basis_delta025_v1/image_disjoint_compact_basis_delta0p25_fold0of2.npz,10,0,source_row:3099,True,1.0,0.5151631454448307,-482.3399244597936,2,source_row:10765,False,2.0,-4.131749948151708,-507.9958226323401,2,source_row:10765,False,2.0,-0.4770713400613431,-486.76051113575136,0,source_row:3099,True,1.0,0.035482146332697,-484.9148289153875,1,source_row:8857,False,2.0,-0.1472168517387899,-484.9260650198529,23.069757612487194,-0.3309893467676741,1,-484.55678523016456,-486.00693941899925,1.4501541888346878,2,0.1161375211420748,0.7427959303994615,-0.4360900000938712,0.1533529651527951,-1.1501194179169012,0.0807419895583144,0.079202932456731,-0.01123610446541079,0.6188437877541446,-0.6300798922195554,lost_by_residual,-0.1826989980714869
178,178,89,response_tables/trial_00089_hard_negative_structure_obs-empirical_prior-axis_edge_parallel_rel2x.npz,hard_negative_structure,empirical,axis_edge_parallel,2.0,per_candidate,1.0,4,16,40,756,0,source_row:3099,-1,10,0.0404103435575962,0.7,0.01,time_varying,1.5,0.5,catalog_residual_profile,topk_logmeanexp,2,0.19,outputs/fixation_statistics_by_stimulus_all_sessions_after_review/backimage_image_disjoint_compact_basis_delta025_v1/image_disjoint_compact_basis_delta0p25_fold0of2.npz,10,0,source_row:3099,True,1.0,0.5053639413231963,-486.8087304999149,2,source_row:10765,False,2.0,-4.195983878459458,-513.6474450558767,0,source_row:3099,True,1.0,0.3009154211534337,-489.6417291645386,0,source_row:3099,True,1.0,0.2647205731158806,-488.2588912884781,0,source_row:3099,True,1.0,0.282219446006934,-488.4205577652048,25.226887290671925,-0.5700886538526514,11,-488.1728148034836,-489.4228706955842,1.2500558921005904,2,0.0421460796439149,0.8983369839059404,0.2947413980152121,0.5965391909605763,0.7532927706718217,0.0831630118605115,0.0848528132214182,-0.16166647672673662,-0.17916534961767638,0.017498872890939765,both_correct,0.017498872891053396
179,179,89,response_tables/trial_00089_hard_negative_structure_obs-empirical_prior-axis_edge_orthogonal_rel2x.npz,hard_negative_structure,empirical,axis_edge_orthogonal,2.0,per_candidate,1.0,4,16,40,756,0,source_row:3099,-1,13,0.129122793674469,0.7,0.01,time_varying,1.5,0.5,catalog_residual_profile,topk_logmeanexp,2,0.19,outputs/fixation_statistics_by_stimulus_all_sessions_after_review/backimage_image_disjoint_compact_basis_delta025_v1/image_disjoint_compact_basis_delta0p25_fold0of2.npz,10,0,source_row:3099,True,1.0,0.5053639413231963,-486.8087304999149,2,source_row:10765,False,2.0,-4.195983878459458,-513.6474450558767,0,source_row:3099,True,1.0,0.1821686907251205,-490.6005819047007,0,source_row:3099,True,1.0,0.3853185509952936,-489.1421934473073,0,source_row:3099,True,1.0,0.3872220695942587,-489.0480674590516,24.599377596825093,0.0857079551665126,11,-488.6484805579228,-490.0338034393344,1.3853228814115823,2,0.1053068009983265,0.7937739814004211,-0.1777747547727821,0.3079996133138195,-0.5402114545379089,0.0631733987897906,0.0848528132214182,0.09412598825571195,0.09222246965669001,0.001903518599021936,both_correct,0.0019035185989650927
180,180,90,response_tables/trial_00090_hard_negative_structure_obs-empirical_prior-axis_edge_parallel_rel0p5x.npz,hard_negative_structure,empirical,axis_edge_parallel,0.5,per_candidate,1.0,4,16,40,756,0,source_row:3345,-1,11,0.0153868924826383,0.7,0.01,time_varying,1.5,0.5,catalog_residual_profile,topk_logmeanexp,2,0.19,outputs/fixation_statistics_by_stimulus_all_sessions_after_review/backimage_image_disjoint_compact_basis_delta025_v1/image_disjoint_compact_basis_delta0p25_fold0of2.npz,10,0,source_row:3345,True,1.0,0.1623799467407138,-373.0820181054863,3,source_row:3742,False,2.0,-0.4524436213652052,-375.6627337347557,0,source_row:3345,True,1.0,0.004065998622309,-374.4482498920704,0,source_row:3345,True,1.0,0.1352979193696342,-373.5470556472661,0,source_row:3345,True,1.0,0.1217079220182881,-373.57766613029065,2.085067604464996,-0.3623084026979801,11,-373.3809300097187,-374.045931822756,0.6650018130372928,2,0.0326020681934117,0.7998595012848134,-0.1490117982247124,0.3254238515300505,-2.828586390385864,0.0425319351627364,0.0166619537984721,-0.03061048302453173,-0.017020485673185703,-0.013589997351346028,both_correct,-0.013589997351346098
181,181,90,response_tables/trial_00090_hard_negative_structure_obs-empirical_prior-axis_edge_orthogonal_rel0p5x.npz,hard_negative_structure,empirical,axis_edge_orthogonal,0.5,per_candidate,1.0,4,16,40,756,0,source_row:3345,-1,15,0.0245899390429258,0.7,0.01,time_varying,1.5,0.5,catalog_residual_profile,topk_logmeanexp,2,0.19,outputs/fixation_statistics_by_stimulus_all_sessions_after_review/backimage_image_disjoint_compact_basis_delta025_v1/image_disjoint_compact_basis_delta0p25_fold0of2.npz,10,0,source_row:3345,True,1.0,0.1623799467407138,-373.0820181054863,3,source_row:3742,False,2.0,-0.4524436213652052,-375.6627337347557,3,source_row:3742,False,2.0,-0.037671278378184,-374.5998492480896,0,source_row:3345,True,1.0,0.0831772354877671,-373.7127934909598,0,source_row:3345,True,1.0,0.1086590515614602,-373.8058881685203,1.856845566235336,-0.3460018723247514,2,-373.6745174309268,-374.21607571221006,0.541558281283244,2,0.0329409511591492,0.7576763001056023,0.2050545508278576,0.4813654254667299,-2.908592717114961,0.0311179947229622,0.0166619537984721,-0.09309467756048662,-0.11857649363417977,0.025481816073693153,both_correct,0.025481816073693098
182,182,91,response_tables/trial_00091_hard_negative_structure_obs-empirical_prior-axis_edge_parallel_rel1x.npz,hard_negative_structure,empirical,axis_edge_parallel,1.0,per_candidate,1.0,4,16,40,756,0,source_row:3345,-1,10,0.039417415857315,0.7,0.01,time_varying,1.5,0.5,catalog_residual_profile,topk_logmeanexp,2,0.19,outputs/fixation_statistics_by_stimulus_all_sessions_after_review/backimage_image_disjoint_compact_basis_delta025_v1/image_disjoint_compact_basis_delta0p25_fold0of2.npz,10,0,source_row:3345,True,1.0,0.2060100628783061,-460.1843454365609,3,source_row:3742,False,2.0,-1.4527112942419649,-471.8971897170069,0,source_row:3345,True,1.0,0.0912353207316982,-462.9045550046554,0,source_row:3345,True,1.0,0.1521072845324624,-460.9215897739418,0,source_row:3345,True,1.0,0.1045462513346819,-461.2370484467799,10.66014127022703,-0.6994948871735674,11,-460.7917430777973,-461.9938914555936,1.2021483777962771,2,0.0433629536324485,0.5504583886311328,-0.0018332745042682,0.2743125570634322,-0.6932686558021606,0.0490053075695423,0.0333239075969442,-0.3154586728381332,-0.2678976396402959,-0.04756103319783733,both_correct,-0.04756103319778049
183,183,91,response_tables/trial_00091_hard_negative_structure_obs-empirical_prior-axis_edge_orthogonal_rel1x.npz,hard_negative_structure,empirical,axis_edge_orthogonal,1.0,per_candidate,1.0,4,16,40,756,0,source_row:3345,-1,9,0.0521621778607368,0.7,0.01,time_varying,1.5,0.5,catalog_residual_profile,topk_logmeanexp,2,0.19,outputs/fixation_statistics_by_stimulus_all_sessions_after_review/backimage_image_disjoint_compact_basis_delta025_v1/image_disjoint_compact_basis_delta0p25_fold0of2.npz,10,0,source_row:3345,True,1.0,0.2060100628783061,-460.1843454365609,3,source_row:3742,False,2.0,-1.4527112942419649,-471.8971897170069,0,source_row:3345,True,1.0,0.1233043652285914,-463.21268913463007,0,source_row:3345,True,1.0,0.0994217839241287,-461.4756219960805,0,source_row:3345,True,1.0,0.1260822765149214,-461.605477281453,10.29171243555396,-0.6610882417413071,11,-461.3475358477375,-462.3551493339803,1.0076134862428603,2,0.0516033129992331,-0.4437289793616893,-0.1073532704229087,-0.275541124892299,-1.3979676861822732,0.0366576861667745,0.0333239075969442,-0.12985528537245727,-0.15651577796319316,0.026660492590735885,both_correct,0.0266604925907927
184,184,92,response_tables/trial_00092_hard_negative_structure_obs-empirical_prior-axis_edge_parallel_rel2x.npz,hard_negative_structure,empirical,axis_edge_parallel,2.0,per_candidate,1.0,4,16,40,756,0,source_row:3345,-1,4,0.0543434172868728,0.7,0.01,time_varying,1.5,0.5,catalog_residual_profile,topk_logmeanexp,2,0.19,outputs/fixation_statistics_by_stimulus_all_sessions_after_review/backimage_image_disjoint_compact_basis_delta025_v1/image_disjoint_compact_basis_delta0p25_fold0of2.npz,10,0,source_row:3345,True,1.0,0.3671707742234957,-560.0989809421357,3,source_row:3742,False,2.0,-2.7133502993324328,-590.0488438322074,0,source_row:3345,True,1.0,0.0450924189887018,-564.11292834475,0,source_row:3345,True,1.0,0.0949535572243576,-562.4928367783518,0,source_row:3345,True,1.0,0.1136413004703627,-562.7173884293255,27.33145540288183,-0.896265174510622,15,-562.3541605518564,-563.7328404037771,1.378679851920765,2,0.0598325215262363,0.7980889446229742,-0.237826273679446,0.280131335471764,0.1940598774523912,0.0797010354686952,0.0666478151938885,-0.22455165097369445,-0.24323939421969953,0.018687743246005084,both_correct,0.018687743246005098
185,185,92,response_tables/trial_00092_hard_negative_structure_obs-empirical_prior-axis_edge_orthogonal_rel2x.npz,hard_negative_structure,empirical,axis_edge_orthogonal,2.0,per_candidate,1.0,4,16,40,756,0,source_row:3345,-1,12,0.1023785024881362,0.7,0.01,time_varying,1.5,0.5,catalog_residual_profile,topk_logmeanexp,2,0.19,outputs/fixation_statistics_by_stimulus_all_sessions_after_review/backimage_image_disjoint_compact_basis_delta025_v1/image_disjoint_compact_basis_delta0p25_fold0of2.npz,10,0,source_row:3345,True,1.0,0.3671707742234957,-560.0989809421357,3,source_row:3742,False,2.0,-2.7133502993324328,-590.0488438322074,0,source_row:3345,True,1.0,0.2225316354154074,-564.5017854624477,0,source_row:3345,True,1.0,0.1650103785358396,-562.856762625802,0,source_row:3345,True,1.0,0.1748491778149628,-563.2108819402309,26.83796189197642,-0.6706865270227967,15,-562.7436874781586,-564.113495431423,1.3698079532643987,2,0.1016950753550362,-0.7814456518523524,-0.2762379115566258,-0.5288417817044891,-1.3282414163040557,0.0657912018134082,0.0666478151938885,-0.35411931442888545,-0.36395811370800857,0.009838799279123123,both_correct,0.009838799279123178
186,186,93,response_tables/trial_00093_hard_negative_structure_obs-empirical_prior-axis_edge_parallel_rel0p5x.npz,hard_negative_structure,empirical,axis_edge_parallel,0.5,per_candidate,1.0,4,16,40,756,0,source_row:3389,-1,4,0.0169146992266178,0.7,0.01,time_varying,1.5,0.5,catalog_residual_profile,topk_logmeanexp,2,0.19,outputs/fixation_statistics_by_stimulus_all_sessions_after_review/backimage_image_disjoint_compact_basis_delta025_v1/image_disjoint_compact_basis_delta0p25_fold0of2.npz,10,0,source_row:3389,True,1.0,1.6568935721191451,-326.49472572781497,0,source_row:3389,True,1.0,0.7985801605342431,-327.2824344934317,0,source_row:3389,True,1.0,1.381118480397049,-327.6314889023696,0,source_row:3389,True,1.0,1.3525201606780684,-326.838796470204,0,source_row:3389,True,1.0,1.3749980743572223,-326.9438565749929,0.3385779184388298,0.8179282537091535,14,-326.80913047963475,-327.5028488720541,0.6937183924193278,2,0.0239270533045253,0.5691218159015442,-0.1708729395819102,0.1991244381598169,-4.42715060468666,0.0216832015105642,0.0102707765380762,-0.10506010478889038,-0.12753801846804436,0.02247791367915397,both_correct,0.02247791367915397
187,187,93,response_tables/trial_00093_hard_negative_structure_obs-empirical_prior-axis_edge_orthogonal_rel0p5x.npz,hard_negative_structure,empirical,axis_edge_orthogonal,0.5,per_candidate,1.0,4,16,40,756,0,source_row:3389,-1,14,0.0123054776340723,0.7,0.01,time_varying,1.5,0.5,catalog_residual_profile,topk_logmeanexp,2,0.19,outputs/fixation_statistics_by_stimulus_all_sessions_after_review/backimage_image_disjoint_compact_basis_delta025_v1/image_disjoint_compact_basis_delta0p25_fold0of2.npz,10,0,source_row:3389,True,1.0,1.6568935721191451,-326.49472572781497,0,source_row:3389,True,1.0,0.7985801605342431,-327.2824344934317,0,source_row:3389,True,1.0,1.147994666917327,-327.83277044628863,0,source_row:3389,True,1.0,1.3575549581587438,-326.7319518536928,0,source_row:3389,True,1.0,1.2883693650537111,-326.9049965892553,0.3774379041764177,0.8871472003210765,14,-326.68821706951223,-327.6591725151427,0.970955445630466,2,0.0171704949208261,-0.0115351343130685,0.015292801469432,0.0018788335781817,-1.794853616125517,0.0136851526419426,0.0102707765380762,-0.17304473556248468,-0.10385914245745198,-0.0691855931050327,both_correct,-0.0691855931050327
188,188,94,response_tables/trial_00094_hard_negative_structure_obs-empirical_prior-axis_edge_parallel_rel1x.npz,hard_negative_structure,empirical,axis_edge_parallel,1.0,per_candidate,1.0,4,16,40,756,0,source_row:3389,-1,12,0.038897905498743,0.7,0.01,time_varying,1.5,0.5,catalog_residual_profile,topk_logmeanexp,2,0.19,outputs/fixation_statistics_by_stimulus_all_sessions_after_review/backimage_image_disjoint_compact_basis_delta025_v1/image_disjoint_compact_basis_delta0p25_fold0of2.npz,10,0,source_row:3389,True,1.0,1.5499886932441882,-393.0319713387014,1,source_row:966,False,2.0,-2.0636494226858417,-397.8954864672575,0,source_row:3389,True,1.0,1.3529786490320248,-395.0335863966527,0,source_row:3389,True,1.0,1.0985640126648375,-393.9111750499199,0,source_row:3389,True,1.0,1.2428581734117188,-393.9505621585824,3.944924308675013,0.4251409442151418,11,-393.7625479251448,-394.5047015887932,0.7421536636484234,2,0.038435947267446,0.5032446295401328,-0.0485000527920407,0.227372288374046,-2.5011331354247046,0.0337271173601886,0.0205415530761524,-0.039387108662481296,-0.18368126940947604,0.14429416074699475,both_correct,0.14429416074688128
189,189,94,response_tables/trial_00094_hard_negative_structure_obs-empirical_prior-axis_edge_orthogonal_rel1x.npz,hard_negative_structure,empirical,axis_edge_orthogonal,1.0,per_candidate,1.0,4,16,40,756,0,source_row:3389,-1,11,0.0272616725414991,0.7,0.01,time_varying,1.5,0.5,catalog_residual_profile,topk_logmeanexp,2,0.19,outputs/fixation_statistics_by_stimulus_all_sessions_after_review/backimage_image_disjoint_compact_basis_delta025_v1/image_disjoint_compact_basis_delta0p25_fold0of2.npz,10,0,source_row:3389,True,1.0,1.5499886932441882,-393.0319713387014,1,source_row:966,False,2.0,-2.0636494226858417,-397.8954864672575,0,source_row:3389,True,1.0,0.9844242097748293,-394.9655472830161,0,source_row:3389,True,1.0,1.0700533077732644,-393.7579015754797,0,source_row:3389,True,1.0,1.1141057030701518,-393.80854419946274,4.086942267794711,0.5059317811897037,1,-393.6486720670293,-394.4429007983848,0.7942287313555312,2,0.0413602861830364,-0.515624483688709,0.0016627174901078,-0.2569808830993005,-3.05415658117078,0.028204891216201,0.0205415530761524,-0.05064262398303754,-0.0946950192799818,0.04405239529694427,both_correct,0.044052395296887426
190,190,95,response_tables/trial_00095_hard_negative_structure_obs-empirical_prior-axis_edge_parallel_rel2x.npz,hard_negative_structure,empirical,axis_edge_parallel,2.0,per_candidate,1.0,4,16,40,756,0,source_row:3389,-1,12,0.0804374292492866,0.7,0.01,time_varying,1.5,0.5,catalog_residual_profile,topk_logmeanexp,2,0.19,outputs/fixation_statistics_by_stimulus_all_sessions_after_review/backimage_image_disjoint_compact_basis_delta025_v1/image_disjoint_compact_basis_delta0p25_fold0of2.npz,10,0,source_row:3389,True,1.0,2.246713528404712,-510.8528352983727,1,source_row:966,False,3.0,-8.03726322511784,-532.4863369457214,0,source_row:3389,True,1.0,0.9400698308115808,-513.960455571302,0,source_row:3389,True,1.0,1.1045844392309618,-512.4732488525948,0,source_row:3389,True,1.0,0.9672934933424812,-512.701499744671,19.78483720105044,0.3030489899600852,10,-512.4056124957851,-513.4652724722658,1.0596599764807024,2,0.0866102202984513,0.7615088267524164,-0.1959005100052888,0.2828041583735637,-3.444385716308992,0.0773383445769003,0.0410831061523049,-0.22825089207617566,-0.0909599461876951,-0.13729094588848056,both_correct,-0.13729094588848068
191,191,95,response_tables/trial_00095_hard_negative_structure_obs-empirical_prior-axis_edge_orthogonal_rel2x.npz,hard_negative_structure,empirical,axis_edge_orthogonal,2.0,per_candidate,1.0,4,16,40,756,0,source_row:3389,-1,12,0.0575717911124229,0.7,0.01,time_varying,1.5,0.5,catalog_residual_profile,topk_logmeanexp,2,0.19,outputs/fixation_statistics_by_stimulus_all_sessions_after_review/backimage_image_disjoint_compact_basis_delta025_v1/image_disjoint_compact_basis_delta0p25_fold0of2.npz,10,0,source_row:3389,True,1.0,2.246713528404712,-510.8528352983727,1,source_row:966,False,3.0,-8.03726322511784,-532.4863369457214,0,source_row:3389,True,1.0,1.2914864714384748,-513.6244755915416,0,source_row:3389,True,1.0,0.9800390584762226,-512.6614517513505,0,source_row:3389,True,1.0,1.146033828271925,-512.4787987548016,20.00753819091983,0.3736666559261361,1,-512.3411708866515,-513.050730885678,0.70955999902651,2,0.0657424428099606,-0.2521625780917134,0.0680189370398526,-0.0920718205259304,-1.560737911009999,0.0456019060269184,0.0410831061523049,0.18265299654888167,0.016658226753179406,0.16599476979570227,both_correct,0.16599476979570227
0,192,96,response_tables/trial_00096_hard_negative_structure_obs-empirical_prior-axis_edge_parallel_rel0p5x.npz,hard_negative_structure,empirical,axis_edge_parallel,0.5,per_candidate,1.0,4,16,40,756,0,source_row:3538,-1,13,0.0261674784123897,0.7,0.01,time_varying,1.5,0.5,catalog_residual_profile,topk_logmeanexp,2,0.19,outputs/fixation_statistics_by_stimulus_all_sessions_after_review/backimage_image_disjoint_compact_basis_delta025_v1/image_disjoint_compact_basis_delta0p25_fold0of2.npz,10,0,source_row:3538,True,1.0,1.9132794042099024,-447.9391275228294,0,source_row:3538,True,1.0,1.2412069913780217,-454.1593797759124,0,source_row:3538,True,1.0,0.9924525994090344,-450.2586421016569,0,source_row:3538,True,1.0,0.8847525440804134,-448.96088866768287,0,source_row:3538,True,1.0,0.9715154524549234,-448.9682946740696,5.191085101842759,0.7984396771658933,1,-448.7823581935159,-449.7054023427434,0.9230441492276212,2,0.0796700038411844,0.5391266296784947,0.5125584067755945,0.5258425182270445,-9.302152567354568,0.0873849808842592,0.0248216615453349,-0.007406006386759145,-0.0941689147612692,0.08676290837451006,both_correct,0.08676290837451006
1,193,96,response_tables/trial_00096_hard_negative_structure_obs-empirical_prior-axis_edge_orthogonal_rel0p5x.npz,hard_negative_structure,empirical,axis_edge_orthogonal,0.5,per_candidate,1.0,4,16,40,756,0,source_row:3538,-1,0,0.0336517430841922,0.7,0.01,time_varying,1.5,0.5,catalog_residual_profile,topk_logmeanexp,2,0.19,outputs/fixation_statistics_by_stimulus_all_sessions_after_review/backimage_image_disjoint_compact_basis_delta025_v1/image_disjoint_compact_basis_delta0p25_fold0of2.npz,10,0,source_row:3538,True,1.0,1.9132794042099024,-447.9391275228294,0,source_row:3538,True,1.0,1.2412069913780217,-454.1593797759124,0,source_row:3538,True,1.0,1.13820509545576,-450.6283910776136,0,source_row:3538,True,1.0,1.3278575922748814,-449.1398851024649,0,source_row:3538,True,1.0,1.4021716337629186,-449.15722736519615,5.002152410716235,0.8228319095784025,15,-448.9080596766305,-449.86596374481496,0.9579040681844616,2,0.0760145396987863,-0.5713818112616197,0.5691851779205988,-0.0010983166705104,-8.378462386868089,0.0791005817925894,0.0248216615453349,-0.017342262731233404,-0.09165630421932747,0.07431404148809406,both_correct,0.07431404148803722
2,194,97,response_tables/trial_00097_hard_negative_structure_obs-empirical_prior-axis_edge_parallel_rel1x.npz,hard_negative_structure,empirical,axis_edge_parallel,1.0,per_candidate,1.0,4,16,40,756,0,source_row:3538,-1,4,0.0451286882162094,0.7,0.01,time_varying,1.5,0.5,catalog_residual_profile,topk_logmeanexp,2,0.19,outputs/fixation_statistics_by_stimulus_all_sessions_after_review/backimage_image_disjoint_compact_basis_delta025_v1/image_disjoint_compact_basis_delta0p25_fold0of2.npz,10,0,source_row:3538,True,1.0,1.7863048393955978,-535.5262685904462,0,source_row:3538,True,1.0,1.034065317667341,-553.280908210382,0,source_row:3538,True,1.0,2.1628596228398465,-538.1016755608841,0,source_row:3538,True,1.0,2.0365400387859154,-536.4792835892092,0,source_row:3538,True,1.0,1.3654049317144654,-536.786073690055,16.494834520327004,0.5213067191646713,5,-536.3714386296972,-537.4966924026174,1.125253772920246,2,0.0491988670622919,0.8684203422606602,0.8552929177172848,0.8618566299889725,0.0178258181080419,0.0734730328964681,0.0496433230906699,-0.30679010084577385,0.3643450062256761,-0.67113510707145,both_correct,-0.67113510707145
3,195,97,response_tables/trial_00097_hard_negative_structure_obs-empirical_prior-axis_edge_orthogonal_rel1x.npz,hard_negative_structure,empirical,axis_edge_orthogonal,1.0,per_candidate,1.0,4,16,40,756,0,source_row:3538,-1,11,0.0693646147847175,0.7,0.01,time_varying,1.5,0.5,catalog_residual_profile,topk_logmeanexp,2,0.19,outputs/fixation_statistics_by_stimulus_all_sessions_after_review/backimage_image_disjoint_compact_basis_delta025_v1/image_disjoint_compact_basis_delta0p25_fold0of2.npz,10,0,source_row:3538,True,1.0,1.7863048393955978,-535.5262685904462,0,source_row:3538,True,1.0,1.034065317667341,-553.280908210382,0,source_row:3538,True,1.0,1.96105229130535,-538.4499432958235,0,source_row:3538,True,1.0,1.453123539586045,-536.9058840314693,0,source_row:3538,True,1.0,1.517726387973994,-537.1115236854636,16.169384524918428,0.5741127219579971,0,-536.6934750695798,-537.9538429128278,1.260367843247991,2,0.0583729863448992,-0.4145118658384512,0.4263757734895427,0.0059319538255457,-0.3826177694626465,0.0421087519013925,0.0496433230906699,-0.20563965399423978,-0.27024250238218883,0.06460284838794905,both_correct,0.06460284838794905
4,196,98,response_tables/trial_00098_hard_negative_structure_obs-empirical_prior-axis_edge_parallel_rel2x.npz,hard_negative_structure,empirical,axis_edge_parallel,2.0,per_candidate,1.0,4,16,40,756,0,source_row:3538,-1,13,0.0725745558738708,0.7,0.01,time_varying,1.5,0.5,catalog_residual_profile,topk_logmeanexp,2,0.19,outputs/fixation_statistics_by_stimulus_all_sessions_after_review/backimage_image_disjoint_compact_basis_delta025_v1/image_disjoint_compact_basis_delta0p25_fold0of2.npz,10,0,source_row:3538,True,1.0,2.947464315952629,-587.3327492942997,0,source_row:3538,True,1.0,1.1115505055799986,-615.6332125114259,0,source_row:3538,True,1.0,3.3150480347864004,-591.666729407352,0,source_row:3538,True,1.0,3.044453922304001,-590.120974404543,0,source_row:3538,True,1.0,2.303170875762248,-590.0879647384564,25.545247772969446,0.5824595478896027,8,-589.7837205989728,-591.0193918537627,1.235671254789963,2,0.0928689975039855,0.8647790143843012,0.8483609859724794,0.8565700001783902,-0.1978681501780093,0.1375516731857448,0.0848528138216518,0.03300966608651379,0.7742927126282666,-0.7412830465417528,both_correct,-0.7412830465417528
5,197,98,response_tables/trial_00098_hard_negative_structure_obs-empirical_prior-axis_edge_orthogonal_rel2x.npz,hard_negative_structure,empirical,axis_edge_orthogonal,2.0,per_candidate,1.0,4,16,40,756,0,source_row:3538,-1,0,0.1147954165935516,0.7,0.01,time_varying,1.5,0.5,catalog_residual_profile,topk_logmeanexp,2,0.19,outputs/fixation_statistics_by_stimulus_all_sessions_after_review/backimage_image_disjoint_compact_basis_delta025_v1/image_disjoint_compact_basis_delta0p25_fold0of2.npz,10,0,source_row:3538,True,1.0,2.947464315952629,-587.3327492942997,0,source_row:3538,True,1.0,1.1115505055799986,-615.6332125114259,0,source_row:3538,True,1.0,3.1473691174820715,-592.4202243157966,0,source_row:3538,True,1.0,3.1342352769592026,-590.9354199252269,0,source_row:3538,True,1.0,2.7941724719794365,-590.9574645146146,24.67574799681131,0.602538189099102,8,-590.565907660588,-591.7803609977481,1.21445333716008,2,0.14811505301851,0.8498439050816102,-0.893899784801233,-0.0220279398598113,-2.046954012456765,0.0940014522523397,0.0848528138216518,-0.022044589387633096,0.31801821559213295,-0.34006280497976604,both_correct,-0.34006280497976604
6,198,99,response_tables/trial_00099_hard_negative_structure_obs-empirical_prior-axis_edge_parallel_rel0p5x.npz,hard_negative_structure,empirical,axis_edge_parallel,0.5,per_candidate,1.0,4,16,40,756,0,source_row:3675,-1,10,0.0149072175845503,0.7,0.01,time_varying,1.5,0.5,catalog_residual_profile,topk_logmeanexp,2,0.19,outputs/fixation_statistics_by_stimulus_all_sessions_after_review/backimage_image_disjoint_compact_basis_delta025_v1/image_disjoint_compact_basis_delta0p25_fold0of2.npz,10,0,source_row:3675,True,1.0,0.5815419988682038,-313.7089544907837,0,source_row:3675,True,1.0,0.5876940131541915,-316.0704256280991,0,source_row:3675,True,1.0,0.6320503279631566,-314.8481241318839,0,source_row:3675,True,1.0,0.2675335916440531,-314.0263150413523,0,source_row:3675,True,1.0,0.2944043754046106,-314.05366045457737,2.016765173521719,0.4800451999567531,13,-313.9615366133719,-314.411005614391,0.4494690010191107,2,0.0217623071322259,0.6794361363813783,0.1226787665680689,0.4010574514747236,-0.9417831682565942,0.0269269070537172,0.0156172502372176,-0.027345413225077664,-0.05421619698563518,0.026870783760557515,both_correct,0.026870783760557515
7,199,99,response_tables/trial_00099_hard_negative_structure_obs-empirical_prior-axis_edge_orthogonal_rel0p5x.npz,hard_negative_structure,empirical,axis_edge_orthogonal,0.5,per_candidate,1.0,4,16,40,756,0,source_row:3675,-1,2,0.0249925199896097,0.7,0.01,time_varying,1.5,0.5,catalog_residual_profile,topk_logmeanexp,2,0.19,outputs/fixation_statistics_by_stimulus_all_sessions_after_review/backimage_image_disjoint_compact_basis_delta025_v1/image_disjoint_compact_basis_delta0p25_fold0of2.npz,10,0,source_row:3675,True,1.0,0.5815419988682038,-313.7089544907837,0,source_row:3675,True,1.0,0.5876940131541915,-316.0704256280991,0,source_row:3675,True,1.0,0.5896166248406303,-315.0303043152683,0,source_row:3675,True,1.0,0.4037337418824336,-314.1867136115162,0,source_row:3675,True,1.0,0.4335216298977684,-314.2116330176442,1.858792610454884,0.6640990136659,15,-314.0831387821961,-314.6966265906504,0.6134878084542947,2,0.0227828402750126,-0.3679917953674293,0.1388855819494976,-0.1145531067089658,-1.128171351671857,0.0164186482072053,0.0156172502372176,-0.02491940612799226,0.22098382094623048,-0.24590322707422274,both_correct,0.029787888015334774
8,200,100,response_tables/trial_00100_hard_negative_structure_obs-empirical_prior-axis_edge_parallel_rel1x.npz,hard_negative_structure,empirical,axis_edge_parallel,1.0,per_candidate,1.0,4,16,40,756,0,source_row:3675,-1,6,0.0348638147115707,0.7,0.01,time_varying,1.5,0.5,catalog_residual_profile,topk_logmeanexp,2,0.19,outputs/fixation_statistics_by_stimulus_all_sessions_after_review/backimage_image_disjoint_compact_basis_delta025_v1/image_disjoint_compact_basis_delta0p25_fold0of2.npz,10,0,source_row:3675,True,1.0,0.6599703939491519,-387.515512831042,0,source_row:3675,True,1.0,0.5756044066974368,-398.2890200917013,0,source_row:3675,True,1.0,0.6147256498973093,-389.92980216003065,0,source_row:3675,True,1.0,0.2735697258796108,-388.7857488222337,0,source_row:3675,True,1.0,0.3192159785226636,-388.7459251262637,9.543094965437549,0.4365513852578385,6,-388.5712944958206,-389.4233916572693,0.8520971614486257,2,0.0759641233811763,0.8061829810894338,0.1491313878670463,0.47765718447824,-4.914907147274279,0.091107423912445,0.0312345004744352,0.039823695969971595,-0.005822556673081181,0.045646252643052776,both_correct,0.045646252643052776
9,201,100,response_tables/trial_00100_hard_negative_structure_obs-empirical_prior-axis_edge_orthogonal_rel1x.npz,hard_negative_structure,empirical,axis_edge_orthogonal,1.0,per_candidate,1.0,4,16,40,756,0,source_row:3675,-1,15,0.0467701666057109,0.7,0.01,time_varying,1.5,0.5,catalog_residual_profile,topk_logmeanexp,2,0.19,outputs/fixation_statistics_by_stimulus_all_sessions_after_review/backimage_image_disjoint_compact_basis_delta025_v1/image_disjoint_compact_basis_delta0p25_fold0of2.npz,10,0,source_row:3675,True,1.0,0.6599703939491519,-387.515512831042,0,source_row:3675,True,1.0,0.5756044066974368,-398.2890200917013,0,source_row:3675,True,1.0,0.2179795039086798,-390.1619151253753,0,source_row:3675,True,1.0,0.1749229135163545,-388.89773502906246,0,source_row:3675,True,1.0,0.1808183978154147,-388.9621895083187,9.32683058338256,0.7219794553634968,11,-388.7372639853033,-389.53835470389714,0.801090718593855,2,0.0502833208114116,0.3498275280221905,-0.0410220381805084,0.154402744920841,-1.5916644631697516,0.040647513178019,0.0312345004744352,-0.06445447925625558,-0.07034996355525891,0.0058954842990033285,both_correct,0.0058954842990602
10,202,101,response_tables/trial_00101_hard_negative_structure_obs-empirical_prior-axis_edge_parallel_rel2x.npz,hard_negative_structure,empirical,axis_edge_parallel,2.0,per_candidate,1.0,4,16,40,756,0,source_row:3675,-1,8,0.0711891204118728,0.7,0.01,time_varying,1.5,0.5,catalog_residual_profile,topk_logmeanexp,2,0.19,outputs/fixation_statistics_by_stimulus_all_sessions_after_review/backimage_image_disjoint_compact_basis_delta025_v1/image_disjoint_compact_basis_delta0p25_fold0of2.npz,10,0,source_row:3675,True,1.0,1.1499897116586908,-469.8737827765564,0,source_row:3675,True,1.0,0.955915356872424,-498.48593740190427,0,source_row:3675,True,1.0,0.0889372520853157,-474.8818441271154,0,source_row:3675,True,1.0,0.0303489234627249,-473.709195270667,0,source_row:3675,True,1.0,0.1787683305979612,-473.3992604242691,25.0866769776352,0.1794424409011529,11,-473.2210407518925,-474.0821966722369,0.8611559203444017,2,0.0715484348148993,0.5414860914311035,0.2727821977945311,0.4071341446128173,-0.3118106558946136,0.0760347615290011,0.0624690009488704,0.3099348463979368,0.22950999017717777,0.08042485622075901,both_correct,0.14841940713523633
11,203,101,response_tables/trial_00101_hard_negative_structure_obs-empirical_prior-axis_edge_orthogonal_rel2x.npz,hard_negative_structure,empirical,axis_edge_orthogonal,2.0,per_candidate,1.0,4,16,40,756,0,source_row:3675,-1,3,0.1018352881073951,0.7,0.01,time_varying,1.5,0.5,catalog_residual_profile,topk_logmeanexp,2,0.19,outputs/fixation_statistics_by_stimulus_all_sessions_after_review/backimage_image_disjoint_compact_basis_delta025_v1/image_disjoint_compact_basis_delta0p25_fold0of2.npz,10,0,source_row:3675,True,1.0,1.1499897116586908,-469.8737827765564,0,source_row:3675,True,1.0,0.955915356872424,-498.48593740190427,1,source_row:6124,False,2.0,-0.103867264718076,-475.3285224960744,1,source_row:6124,False,2.0,-0.1679010928386901,-473.9701775113473,0,source_row:3675,True,1.0,0.083371340772544,-473.7292185191216,24.75671888278265,0.5254055204160517,11,-473.4757677546304,-474.6501720451769,1.1744042905465335,2,0.1108879450716512,-0.5947396892089389,0.2722503240403927,-0.1612446825842731,-2.1509357661990207,0.0917790839340541,0.0624690009488704,0.2409589922256714,-0.010313441385562783,0.2512724336112342,rescued_by_residual,0.2512724336112341
12,204,102,response_tables/trial_00102_hard_negative_structure_obs-empirical_prior-axis_edge_parallel_rel0p5x.npz,hard_negative_structure,empirical,axis_edge_parallel,0.5,per_candidate,1.0,4,16,40,756,0,source_row:3691,-1,6,0.0212220717221498,0.7,0.01,time_varying,1.5,0.5,catalog_residual_profile,topk_logmeanexp,2,0.19,outputs/fixation_statistics_by_stimulus_all_sessions_after_review/backimage_image_disjoint_compact_basis_delta025_v1/image_disjoint_compact_basis_delta0p25_fold0of2.npz,10,0,source_row:3691,True,1.0,2.4003602586437864,-404.3910929381012,0,source_row:3691,True,1.0,1.7322377854217734,-413.5102460711059,0,source_row:3691,True,1.0,2.3194807647410585,-406.45909688451184,0,source_row:3691,True,1.0,2.055653220836291,-405.27453621651154,0,source_row:3691,True,1.0,2.1608829923637813,-405.0417982832829,8.468447787822981,0.7398853331604727,9,-404.9081043500997,-405.5814447296682,0.673340379568458,2,0.0443282736526472,-0.5417542307374481,-0.4237055366596531,-0.4827298836985506,-2.470201280748919,0.0279913618624657,0.0237959739779244,0.23273793322863412,0.12750816170114376,0.10522977152749036,both_correct,0.10522977152749036
13,205,102,response_tables/trial_00102_hard_negative_structure_obs-empirical_prior-axis_edge_orthogonal_rel0p5x.npz,hard_negative_structure,empirical,axis_edge_orthogonal,0.5,per_candidate,1.0,4,16,40,756,0,source_row:3691,-1,7,0.0303383544087409,0.7,0.01,time_varying,1.5,0.5,catalog_residual_profile,topk_logmeanexp,2,0.19,outputs/fixation_statistics_by_stimulus_all_sessions_after_review/backimage_image_disjoint_compact_basis_delta025_v1/image_disjoint_compact_basis_delta0p25_fold0of2.npz,10,0,source_row:3691,True,1.0,2.4003602586437864,-404.3910929381012,0,source_row:3691,True,1.0,1.7322377854217734,-413.5102460711059,0,source_row:3691,True,1.0,2.4198460810603706,-406.5610798624496,0,source_row:3691,True,1.0,1.8286018499483705,-405.4024774788881,0,source_row:3691,True,1.0,2.3538967452034285,-405.1505357555593,8.359710315546636,0.6302085795143542,9,-405.02523948402,-405.6095370613258,0.584297577305847,2,0.0390308323430839,-0.5259243828906882,0.5046580308351485,-0.0106331760277698,-1.6903492067625887,0.0269171967714704,0.0237959739779244,0.25194172332879816,-0.27335317192620323,0.5252948952550014,both_correct,0.525294895255058
14,206,103,response_tables/trial_00103_hard_negative_structure_obs-empirical_prior-axis_edge_parallel_rel1x.npz,hard_negative_structure,empirical,axis_edge_parallel,1.0,per_candidate,1.0,4,16,40,756,0,source_row:3691,-1,14,0.0447801314294338,0.7,0.01,time_varying,1.5,0.5,catalog_residual_profile,topk_logmeanexp,2,0.19,outputs/fixation_statistics_by_stimulus_all_sessions_after_review/backimage_image_disjoint_compact_basis_delta025_v1/image_disjoint_compact_basis_delta0p25_fold0of2.npz,10,0,source_row:3691,True,1.0,2.5640392754983736,-471.2427873073818,0,source_row:3691,True,1.0,1.283975037393816,-490.587894889317,0,source_row:3691,True,1.0,2.018785146245932,-473.8633129770311,0,source_row:3691,True,1.0,1.8895077547780943,-472.488343121597,0,source_row:3691,True,1.0,2.184570596363585,-472.3068259555004,18.281068933816584,0.6465981484937595,14,-472.1485702471121,-472.91595432172346,0.7673840746114138,2,0.0475765311392385,0.9319724980772304,0.4196071862437354,0.6757898421604829,0.0006477700632128,0.0681507092080827,0.0475919479558489,0.18151716609656887,-0.08789914677180377,0.26941631286837264,both_correct,0.2950628415854908
15,207,103,response_tables/trial_00103_hard_negative_structure_obs-empirical_prior-axis_edge_orthogonal_rel1x.npz,hard_negative_structure,empirical,axis_edge_orthogonal,1.0,per_candidate,1.0,4,16,40,756,0,source_row:3691,-1,14,0.0602787137031555,0.7,0.01,time_varying,1.5,0.5,catalog_residual_profile,topk_logmeanexp,2,0.19,outputs/fixation_statistics_by_stimulus_all_sessions_after_review/backimage_image_disjoint_compact_basis_delta025_v1/image_disjoint_compact_basis_delta0p25_fold0of2.npz,10,0,source_row:3691,True,1.0,2.5640392754983736,-471.2427873073818,0,source_row:3691,True,1.0,1.283975037393816,-490.587894889317,0,source_row:3691,True,1.0,2.8367510041025525,-474.0235251794735,0,source_row:3691,True,1.0,2.1682957822985145,-472.8503065478966,0,source_row:3691,True,1.0,2.752010427239441,-472.5174823977976,18.07041249151939,0.4928051189293346,14,-472.3112534675072,-473.0976731940376,0.7864197265303119,2,0.074631296841776,0.960293471085042,-0.4360476212652778,0.262122924909882,-1.459093345355415,0.0833335866937792,0.0475919479558489,0.33282415009898614,-0.2508904948419399,0.5837146449409261,both_correct,0.5837146449409265
16,208,104,response_tables/trial_00104_hard_negative_structure_obs-empirical_prior-axis_edge_parallel_rel2x.npz,hard_negative_structure,empirical,axis_edge_parallel,2.0,per_candidate,1.0,4,16,40,756,0,source_row:3691,-1,5,0.0748394280672073,0.7,0.01,time_varying,1.5,0.5,catalog_residual_profile,topk_logmeanexp,2,0.19,outputs/fixation_statistics_by_stimulus_all_sessions_after_review/backimage_image_disjoint_compact_basis_delta025_v1/image_disjoint_compact_basis_delta0p25_fold0of2.npz,10,0,source_row:3691,True,1.0,3.362448729239759,-540.1179278065913,0,source_row:3691,True,1.0,0.8735814358750531,-573.5562507818091,0,source_row:3691,True,1.0,2.7922230631161256,-544.1377941151367,0,source_row:3691,True,1.0,2.4430725785215373,-542.7186068415343,0,source_row:3691,True,1.0,2.786116001690744,-542.4414809194545,31.114769862354592,0.6793809622503044,5,-542.0030360296,-543.3732931404707,1.3702571108706252,2,0.1098847833396109,0.8453266298280256,0.5824753635388207,0.7139009966834231,-0.6770369106363132,0.1450960534984921,0.0848528132259174,0.27712592207979014,-0.06591750108941596,0.3430434231692061,both_correct,0.34304342316920655
17,209,104,response_tables/trial_00104_hard_negative_structure_obs-empirical_prior-axis_edge_orthogonal_rel2x.npz,hard_negative_structure,empirical,axis_edge_orthogonal,2.0,per_candidate,1.0,4,16,40,756,0,source_row:3691,-1,13,0.1078803315758705,0.7,0.01,time_varying,1.5,0.5,catalog_residual_profile,topk_logmeanexp,2,0.19,outputs/fixation_statistics_by_stimulus_all_sessions_after_review/backimage_image_disjoint_compact_basis_delta025_v1/image_disjoint_compact_basis_delta0p25_fold0of2.npz,10,0,source_row:3691,True,1.0,3.362448729239759,-540.1179278065913,0,source_row:3691,True,1.0,0.8735814358750531,-573.5562507818091,0,source_row:3691,True,1.0,2.327248440541553,-544.4704569174074,0,source_row:3691,True,1.0,1.533663835039306,-543.119310018587,0,source_row:3691,True,1.0,2.1163578449894658,-543.0261368105888,30.53011397122032,0.5393147122299344,5,-542.5289043160873,-543.9301030365539,1.4011987204665957,2,0.137617654237002,0.8519877409781168,-0.5737819943758662,0.1391028733011253,-1.6303637483666713,0.1447285687750783,0.0848528132259174,0.09317320799823392,-0.48952080195192593,0.5826940099501599,both_correct,0.5826940099501599
18,210,105,response_tables/trial_00105_hard_negative_structure_obs-empirical_prior-axis_edge_parallel_rel0p5x.npz,hard_negative_structure,empirical,axis_edge_parallel,0.5,per_candidate,1.0,4,16,40,756,0,source_row:3717,-1,1,0.0834542214870452,0.7,0.01,time_varying,1.5,0.5,catalog_residual_profile,topk_logmeanexp,2,0.19,outputs/fixation_statistics_by_stimulus_all_sessions_after_review/backimage_image_disjoint_compact_basis_delta025_v1/image_disjoint_compact_basis_delta0p25_fold0of2.npz,10,0,source_row:3717,True,1.0,0.9494363468081132,-382.4329577151833,2,source_row:2773,False,3.0,-0.8591780339607453,-397.85934584236014,0,source_row:3717,True,1.0,0.1274333704907917,-386.3052478898875,0,source_row:3717,True,1.0,0.1132685442442493,-383.5766664365393,0,source_row:3717,True,1.0,0.1443036965570172,-384.30451781700776,13.55482802535238,0.9299657751058632,2,-383.3959443587971,-385.9676936441516,2.571749285354485,2,0.1948665005145217,-0.793289160912612,-0.8812912810688985,-0.8372902209907553,-7.142694797061145,0.133237222920222,0.0682893702121498,-0.7278513804684508,-0.7588865327811618,0.031035152312711034,both_correct,0.03103515231276789
19,211,105,response_tables/trial_00105_hard_negative_structure_obs-empirical_prior-axis_edge_orthogonal_rel0p5x.npz,hard_negative_structure,empirical,axis_edge_orthogonal,0.5,per_candidate,1.0,4,16,40,756,0,source_row:3717,-1,9,0.0948219001293182,0.7,0.01,time_varying,1.5,0.5,catalog_residual_profile,topk_logmeanexp,2,0.19,outputs/fixation_statistics_by_stimulus_all_sessions_after_review/backimage_image_disjoint_compact_basis_delta025_v1/image_disjoint_compact_basis_delta0p25_fold0of2.npz,10,0,source_row:3717,True,1.0,0.9494363468081132,-382.4329577151833,2,source_row:2773,False,3.0,-0.8591780339607453,-397.85934584236014,0,source_row:3717,True,1.0,0.2103743370344659,-386.7063112388671,0,source_row:3717,True,1.0,0.3262773208728049,-384.1813648564934,0,source_row:3717,True,1.0,0.0852975246679079,-384.518765208565,13.340580633795128,0.9577659426664038,2,-384.0200426229757,-385.48760191228416,1.46755928930844,2,0.0902322393582771,0.6733381133613681,-0.6743956342012668,-0.0005287604199493,-0.7458915231645196,0.0705154661392501,0.0682893702121498,-0.33740035207159735,-0.0964205558667004,-0.24097979620489696,both_correct,-0.240979796204897
20,212,106,response_tables/trial_00106_hard_negative_structure_obs-empirical_prior-axis_edge_parallel_rel1x.npz,hard_negative_structure,empirical,axis_edge_parallel,1.0,per_candidate,1.0,4,16,40,756,0,source_row:3717,-1,6,0.1129740700125694,0.7,0.01,time_varying,1.5,0.5,catalog_residual_profile,topk_logmeanexp,2,0.19,outputs/fixation_statistics_by_stimulus_all_sessions_after_review/backimage_image_disjoint_compact_basis_delta025_v1/image_disjoint_compact_basis_delta0p25_fold0of2.npz,10,0,source_row:3717,True,1.0,1.0767718506166943,-405.0793960356488,2,source_row:2773,False,3.0,-1.0413795537664328,-424.802205064742,1,source_row:10506,False,3.0,-0.7821537764066306,-409.4645626506952,1,source_row:10506,False,3.0,-1.0720977282658168,-407.43432414166045,1,source_row:10506,False,2.0,-0.1622899771815582,-406.71015994782704,18.09204511691496,0.8926444161684187,9,-406.18879834528485,-407.6046823458381,1.4158840005532625,2,0.2386338242221846,-0.8945828718664658,-0.9247254956638062,-0.909654183765136,-6.909180844600972,0.1595248559066333,0.0848528137288094,0.7241641938334169,-0.18564355725089854,0.9098077510843154,both_wrong,0.9098077510842586
21,213,106,response_tables/trial_00106_hard_negative_structure_obs-empirical_prior-axis_edge_orthogonal_rel1x.npz,hard_negative_structure,empirical,axis_edge_orthogonal,1.0,per_candidate,1.0,4,16,40,756,0,source_row:3717,-1,13,0.1184069141745567,0.7,0.01,time_varying,1.5,0.5,catalog_residual_profile,topk_logmeanexp,2,0.19,outputs/fixation_statistics_by_stimulus_all_sessions_after_review/backimage_image_disjoint_compact_basis_delta025_v1/image_disjoint_compact_basis_delta0p25_fold0of2.npz,10,0,source_row:3717,True,1.0,1.0767718506166943,-405.0793960356488,2,source_row:2773,False,3.0,-1.0413795537664328,-424.802205064742,1,source_row:10506,False,2.0,-0.0324346966621078,-408.2867860994902,0,source_row:3717,True,1.0,0.1008983864583115,-406.7705092034961,0,source_row:3717,True,1.0,0.0731044896239154,-406.66901704699376,18.13318801774824,0.9619705681886742,9,-406.54756938745606,-407.0600255248568,0.5124561374007612,2,0.1071211650610029,0.8920529326772018,-0.8773878295951805,0.0073325515410106,-0.5937422232914693,0.0852587842629668,0.0848528137288094,0.10149215650233145,0.1292860533367275,-0.027793896834396037,both_correct,-0.027793896834396106
22,214,107,response_tables/trial_00107_hard_negative_structure_obs-empirical_prior-axis_edge_parallel_rel2x.npz,hard_negative_structure,empirical,axis_edge_parallel,2.0,per_candidate,1.0,4,16,40,756,0,source_row:3717,-1,15,0.0990920439362526,0.7,0.01,time_varying,1.5,0.5,catalog_residual_profile,topk_logmeanexp,2,0.19,outputs/fixation_statistics_by_stimulus_all_sessions_after_review/backimage_image_disjoint_compact_basis_delta025_v1/image_disjoint_compact_basis_delta0p25_fold0of2.npz,10,0,source_row:3717,True,1.0,1.0767718506166943,-405.0793960356488,2,source_row:2773,False,3.0,-1.0413795537664328,-424.802205064742,1,source_row:10506,False,3.0,-0.4837874762639558,-408.4628355349905,1,source_row:10506,False,3.0,-0.416160310265468,-406.9977639206679,1,source_row:10506,False,2.0,-0.1505911133208997,-406.7481452450749,18.05405981966709,0.964689066524228,8,-406.5352663883143,-407.5878710951525,1.052604706838224,2,0.2181142210583587,-0.6688406598408407,-0.7375558078726445,-0.7031982338567426,-5.607474089321946,0.1491620406713191,0.0848528137288094,0.24961867559301254,-0.015950521351555835,0.2655691969445684,both_wrong,0.2655691969445683
23,215,107,response_tables/trial_00107_hard_negative_structure_obs-empirical_prior-axis_edge_orthogonal_rel2x.npz,hard_negative_structure,empirical,axis_edge_orthogonal,2.0,per_candidate,1.0,4,16,40,756,0,source_row:3717,-1,0,0.1242545917630195,0.7,0.01,time_varying,1.5,0.5,catalog_residual_profile,topk_logmeanexp,2,0.19,outputs/fixation_statistics_by_stimulus_all_sessions_after_review/backimage_image_disjoint_compact_basis_delta025_v1/image_disjoint_compact_basis_delta0p25_fold0of2.npz,10,0,source_row:3717,True,1.0,1.0767718506166943,-405.0793960356488,2,source_row:2773,False,3.0,-1.0413795537664328,-424.802205064742,0,source_row:3717,True,1.0,0.2255277903277601,-408.4003729592853,0,source_row:3717,True,1.0,0.6185884969605695,-406.9559973153755,0,source_row:3717,True,1.0,0.3301180477542971,-407.08116717367926,17.721037891062736,0.9356961423620676,8,-406.78070029855735,-407.7844521725132,1.0037518739558209,2,0.1031032367638292,0.9103295634760372,-0.8245959577684012,0.042866802853818,-0.4764274214694257,0.0786234713369441,0.0848528137288094,-0.1251698583037637,0.16330059090245186,-0.28847044920621556,both_correct,-0.2884704492062724
24,216,108,response_tables/trial_00108_hard_negative_structure_obs-empirical_prior-axis_edge_parallel_rel0p5x.npz,hard_negative_structure,empirical,axis_edge_parallel,0.5,per_candidate,1.0,4,16,40,756,0,source_row:3742,-1,13,0.0142165925353765,0.7,0.01,time_varying,1.5,0.5,catalog_residual_profile,topk_logmeanexp,2,0.19,outputs/fixation_statistics_by_stimulus_all_sessions_after_review/backimage_image_disjoint_compact_basis_delta025_v1/image_disjoint_compact_basis_delta0p25_fold0of2.npz,10,0,source_row:3742,True,1.0,0.3308417782744755,-355.9537722290379,0,source_row:3742,True,1.0,0.7206661408513924,-357.04889967188785,0,source_row:3742,True,1.0,0.4367025197498151,-357.03811318180533,0,source_row:3742,True,1.0,0.3718409774397173,-356.16966032403855,0,source_row:3742,True,1.0,0.2869058799427648,-356.3174743051408,0.7314253667470325,0.99457627170115,13,-356.14534250236534,-356.893097532564,0.7477550301986184,2,0.0204729769724758,0.3894892391484738,-0.3680682558641207,0.0107104916421765,-1.42088422803497,0.0204110987552128,0.013158124382791,-0.14781398110227428,-0.06287888360532179,-0.0849350974969525,both_correct,-0.0849350974969525
25,217,108,response_tables/trial_00108_hard_negative_structure_obs-empirical_prior-axis_edge_orthogonal_rel0p5x.npz,hard_negative_structure,empirical,axis_edge_orthogonal,0.5,per_candidate,1.0,4,16,40,756,0,source_row:3742,-1,0,0.0220103468745946,0.7,0.01,time_varying,1.5,0.5,catalog_residual_profile,topk_logmeanexp,2,0.19,outputs/fixation_statistics_by_stimulus_all_sessions_after_review/backimage_image_disjoint_compact_basis_delta025_v1/image_disjoint_compact_basis_delta0p25_fold0of2.npz,10,0,source_row:3742,True,1.0,0.3308417782744755,-355.9537722290379,0,source_row:3742,True,1.0,0.7206661408513924,-357.04889967188785,0,source_row:3742,True,1.0,0.4639166942806128,-357.22318044421166,0,source_row:3742,True,1.0,0.4574557350681516,-356.50703905904663,0,source_row:3742,True,1.0,0.3406117446811549,-356.5813051855659,0.467594486321957,0.9949669360175346,0,-356.4393894637716,-357.0860897501198,0.6467002863482207,2,0.0327414800339262,-0.1321314326166426,-0.311899333435214,-0.2220153830259283,-5.191681947677185,0.0282330324496086,0.013158124382791,-0.07426612651926234,0.04257786386773432,-0.11684399038699667,both_correct,-0.11684399038699672
26,218,109,response_tables/trial_00109_hard_negative_structure_obs-empirical_prior-axis_edge_parallel_rel1x.npz,hard_negative_structure,empirical,axis_edge_parallel,1.0,per_candidate,1.0,4,16,40,756,0,source_row:3742,-1,6,0.028433185070753,0.7,0.01,time_varying,1.5,0.5,catalog_residual_profile,topk_logmeanexp,2,0.19,outputs/fixation_statistics_by_stimulus_all_sessions_after_review/backimage_image_disjoint_compact_basis_delta025_v1/image_disjoint_compact_basis_delta0p25_fold0of2.npz,10,0,source_row:3742,True,1.0,0.3828756150697359,-416.4290157093014,0,source_row:3742,True,1.0,1.3704559625746242,-421.78869149095215,0,source_row:3742,True,1.0,0.4140964827652738,-418.290703345405,0,source_row:3742,True,1.0,0.2812208508577782,-417.0435007142786,0,source_row:3742,True,1.0,0.2804695587023502,-417.3386461973518,4.45004529360034,0.9971846535077836,6,-416.9670971274552,-417.8900640915263,0.9229669640711222,2,0.0413473970073809,-0.0262279208529257,-0.1884093982322538,-0.1073186595425897,-1.4685866838353951,0.0311796392579402,0.0263162487655821,-0.2951454830732132,-0.2943941909177852,-0.0007512921554280183,both_correct,-0.0007512921554280183
27,219,109,response_tables/trial_00109_hard_negative_structure_obs-empirical_prior-axis_edge_orthogonal_rel1x.npz,hard_negative_structure,empirical,axis_edge_orthogonal,1.0,per_candidate,1.0,4,16,40,756,0,source_row:3742,-1,5,0.0412824153900146,0.7,0.01,time_varying,1.5,0.5,catalog_residual_profile,topk_logmeanexp,2,0.19,outputs/fixation_statistics_by_stimulus_all_sessions_after_review/backimage_image_disjoint_compact_basis_delta025_v1/image_disjoint_compact_basis_delta0p25_fold0of2.npz,10,0,source_row:3742,True,1.0,0.3828756150697359,-416.4290157093014,0,source_row:3742,True,1.0,1.3704559625746242,-421.78869149095215,0,source_row:3742,True,1.0,0.4275955551705692,-418.6352118534179,0,source_row:3742,True,1.0,0.3405098557989277,-417.73092910208567,0,source_row:3742,True,1.0,0.2639244764438899,-417.7011371056542,4.087554385297949,0.9792724118857392,8,-417.5617381966604,-418.2295111217179,0.6677729250575339,2,0.0568981772501484,-0.1287155368899074,-0.0082183526954619,-0.0684669447926846,-3.6746461419347263,0.0501570929135633,0.0263162487655821,0.029791996431470125,0.10637737578650786,-0.07658537935503773,both_correct,-0.07658537935503779
28,220,110,response_tables/trial_00110_hard_negative_structure_obs-empirical_prior-axis_edge_parallel_rel2x.npz,hard_negative_structure,empirical,axis_edge_parallel,2.0,per_candidate,1.0,4,16,40,756,0,source_row:3742,-1,4,0.0568663701415061,0.7,0.01,time_varying,1.5,0.5,catalog_residual_profile,topk_logmeanexp,2,0.19,outputs/fixation_statistics_by_stimulus_all_sessions_after_review/backimage_image_disjoint_compact_basis_delta025_v1/image_disjoint_compact_basis_delta0p25_fold0of2.npz,10,0,source_row:3742,True,1.0,0.5783019351470102,-514.9785408496442,0,source_row:3742,True,1.0,2.5340878781736365,-534.7688449462121,0,source_row:3742,True,1.0,0.2346363031348346,-517.9285537177312,0,source_row:3742,True,1.0,0.1897583943716654,-517.0784467015748,0,source_row:3742,True,1.0,0.2092602389503781,-517.052999998247,17.715844947965138,0.9670872002813058,12,-516.8614031608902,-517.60306167863,0.7416585177397792,2,0.0775665952961015,0.7358453839414552,-0.5213081622722272,0.1072686108346139,-1.1719083771087933,0.0974349146247456,0.0526324975311642,0.025446703327816067,0.005944858749103332,0.019501844578712735,both_correct,0.019501844578712707
29,221,110,response_tables/trial_00110_hard_negative_structure_obs-empirical_prior-axis_edge_orthogonal_rel2x.npz,hard_negative_structure,empirical,axis_edge_orthogonal,2.0,per_candidate,1.0,4,16,40,756,0,source_row:3742,-1,6,0.0769796296954155,0.7,0.01,time_varying,1.5,0.5,catalog_residual_profile,topk_logmeanexp,2,0.19,outputs/fixation_statistics_by_stimulus_all_sessions_after_review/backimage_image_disjoint_compact_basis_delta025_v1/image_disjoint_compact_basis_delta0p25_fold0of2.npz,10,0,source_row:3742,True,1.0,0.5783019351470102,-514.9785408496442,0,source_row:3742,True,1.0,2.5340878781736365,-534.7688449462121,0,source_row:3742,True,1.0,0.2138136684183109,-518.5446510731678,0,source_row:3742,True,1.0,0.2862093565897794,-517.6898502566858,0,source_row:3742,True,1.0,0.2020894870448728,-517.6668838009035,17.101961145308564,0.9796194969216552,0,-517.5224526069643,-518.0977686823196,0.5753160753553175,2,0.0976310470625503,-0.7021189546843661,-0.5853683602660242,-0.6437436574751951,-2.440867398941804,0.0677648125487795,0.0526324975311642,0.02296645578223888,0.10708632532714546,-0.08411986954490658,both_correct,-0.0841198695449066
30,222,111,response_tables/trial_00111_hard_negative_structure_obs-empirical_prior-axis_edge_parallel_rel0p5x.npz,hard_negative_structure,empirical,axis_edge_parallel,0.5,per_candidate,1.0,4,16,40,756,0,source_row:3934,-1,8,0.0329394713044166,0.7,0.01,time_varying,1.5,0.5,catalog_residual_profile,topk_logmeanexp,2,0.19,outputs/fixation_statistics_by_stimulus_all_sessions_after_review/backimage_image_disjoint_compact_basis_delta025_v1/image_disjoint_compact_basis_delta0p25_fold0of2.npz,10,0,source_row:3934,True,1.0,0.1071648037067234,-433.85915390292416,1,source_row:1425,False,3.0,-2.6487098941163367,-449.5647689895874,1,source_row:1425,False,3.0,-0.6015360577053457,-437.89019889256457,2,source_row:1422,False,3.0,-0.4768232454716212,-435.9506135694173,1,source_row:1425,False,3.0,-0.1319515557553359,-435.30541824459954,14.259350744987842,0.976362264860899,8,-434.9799704618642,-435.9308474054259,0.9508769435616388,2,0.0697000814651348,0.4895154074321212,-0.3085934895703305,0.0904609589308953,-2.503749374390817,0.0763938935638112,0.0372363213047602,0.6451953248177915,0.3009448469519498,0.34425047786584173,both_wrong,0.3448716897162853
31,223,111,response_tables/trial_00111_hard_negative_structure_obs-empirical_prior-axis_edge_orthogonal_rel0p5x.npz,hard_negative_structure,empirical,axis_edge_orthogonal,0.5,per_candidate,1.0,4,16,40,756,0,source_row:3934,-1,10,0.0464236475527286,0.7,0.01,time_varying,1.5,0.5,catalog_residual_profile,topk_logmeanexp,2,0.19,outputs/fixation_statistics_by_stimulus_all_sessions_after_review/backimage_image_disjoint_compact_basis_delta025_v1/image_disjoint_compact_basis_delta0p25_fold0of2.npz,10,0,source_row:3934,True,1.0,0.1071648037067234,-433.85915390292416,1,source_row:1425,False,3.0,-2.6487098941163367,-449.5647689895874,2,source_row:1422,False,3.0,-0.4866980742190208,-437.7497199729905,1,source_row:1425,False,3.0,-0.2053356036312266,-435.6508423769711,0,source_row:3934,True,1.0,0.0272812072033161,-435.31121975225176,14.25354923733562,-0.3630123432894976,6,-435.1250917290378,-435.8973990397571,0.7723073107192704,2,0.0550241634294039,0.3589163779666806,0.1338044782914948,0.2463604281290877,-1.1836013725204713,0.0465054952935643,0.0372363213047602,0.3396226247193681,0.10700581388482533,0.23261681083454278,rescued_by_residual,0.2326168108345427
32,224,112,response_tables/trial_00112_hard_negative_structure_obs-empirical_prior-axis_edge_parallel_rel1x.npz,hard_negative_structure,empirical,axis_edge_parallel,1.0,per_candidate,1.0,4,16,40,756,0,source_row:3934,-1,11,0.0688274800777435,0.7,0.01,time_varying,1.5,0.5,catalog_residual_profile,topk_logmeanexp,2,0.19,outputs/fixation_statistics_by_stimulus_all_sessions_after_review/backimage_image_disjoint_compact_basis_delta025_v1/image_disjoint_compact_basis_delta0p25_fold0of2.npz,10,0,source_row:3934,True,1.0,0.1400609068652443,-477.5362107828258,1,source_row:1425,False,3.0,-3.677178101028346,-501.755260691766,1,source_row:1425,False,3.0,-0.326357972221615,-481.5830511246232,1,source_row:1425,False,3.0,-0.0515349210263593,-479.799707246927,1,source_row:1425,False,3.0,-0.0603271865556394,-479.6574688207292,22.09779187103686,0.921785181606981,2,-479.3390215259752,-480.5952527912655,1.256231265290296,2,0.1474363769709718,-0.7118206819242934,0.607556549952438,-0.0521320659859276,-2.919365549194844,0.0905288244378957,0.0744726426095205,0.1422384261978209,0.15103069172721462,-0.008792265529393717,both_wrong,-0.0087922655292801
33,225,112,response_tables/trial_00112_hard_negative_structure_obs-empirical_prior-axis_edge_orthogonal_rel1x.npz,hard_negative_structure,empirical,axis_edge_orthogonal,1.0,per_candidate,1.0,4,16,40,756,0,source_row:3934,-1,6,0.0928472951054573,0.7,0.01,time_varying,1.5,0.5,catalog_residual_profile,topk_logmeanexp,2,0.19,outputs/fixation_statistics_by_stimulus_all_sessions_after_review/backimage_image_disjoint_compact_basis_delta025_v1/image_disjoint_compact_basis_delta0p25_fold0of2.npz,10,0,source_row:3934,True,1.0,0.1400609068652443,-477.5362107828258,1,source_row:1425,False,3.0,-3.677178101028346,-501.755260691766,1,source_row:1425,False,4.0,-0.1021170765050669,-482.42878211453694,3,source_row:5865,False,2.0,-0.3240580397957728,-480.8531933347562,3,source_row:5865,False,2.0,-0.1385081596995974,-480.3523646926651,21.402895999100902,-0.895460266039292,2,-480.1367468034627,-481.0892047024921,0.9524578990294116,2,0.0896678962436694,0.2326097783699399,0.1388180408648577,0.1857139096173988,-0.4497076535833613,0.0590418694301713,0.0744726426095205,0.5008286420911077,0.31527876199498905,0.1855498800961186,both_wrong,0.1855498800961754
34,226,113,response_tables/trial_00113_hard_negative_structure_obs-empirical_prior-axis_edge_parallel_rel2x.npz,hard_negative_structure,empirical,axis_edge_parallel,2.0,per_candidate,1.0,4,16,40,756,0,source_row:3934,-1,2,0.0754476860165596,0.7,0.01,time_varying,1.5,0.5,catalog_residual_profile,topk_logmeanexp,2,0.19,outputs/fixation_statistics_by_stimulus_all_sessions_after_review/backimage_image_disjoint_compact_basis_delta025_v1/image_disjoint_compact_basis_delta0p25_fold0of2.npz,10,0,source_row:3934,True,1.0,0.1782339365057623,-493.0041715830639,1,source_row:1425,False,3.0,-4.066253829426614,-520.7154020060594,1,source_row:1425,False,3.0,-0.1322049160303322,-496.19814108622336,1,source_row:1425,False,3.0,-0.1143813416515513,-495.0437764145738,1,source_row:1425,False,2.0,-0.0274517429583056,-494.9344369216805,25.78096508437892,0.5041494176438557,2,-494.7236172703392,-495.6576484432494,0.9340311729101812,2,0.108427191781915,0.6330398450203488,-0.6741290377622132,-0.0205445963709322,-0.6328410900911623,0.1011794376101512,0.0848528139915926,0.10933949289329803,0.022409894200109193,0.08692959869318884,both_wrong,0.0869295986932457
35,227,113,response_tables/trial_00113_hard_negative_structure_obs-empirical_prior-axis_edge_orthogonal_rel2x.npz,hard_negative_structure,empirical,axis_edge_orthogonal,2.0,per_candidate,1.0,4,16,40,756,0,source_row:3934,-1,8,0.1114728301763534,0.7,0.01,time_varying,1.5,0.5,catalog_residual_profile,topk_logmeanexp,2,0.19,outputs/fixation_statistics_by_stimulus_all_sessions_after_review/backimage_image_disjoint_compact_basis_delta025_v1/image_disjoint_compact_basis_delta0p25_fold0of2.npz,10,0,source_row:3934,True,1.0,0.1782339365057623,-493.0041715830639,1,source_row:1425,False,3.0,-4.066253829426614,-520.7154020060594,3,source_row:5865,False,2.0,-0.0698980014400945,-497.2211395602754,3,source_row:5865,False,2.0,-0.2909062523676198,-495.9622173668638,3,source_row:5865,False,2.0,-0.0754687243601779,-495.5267256167849,25.18867638927452,-0.9096957920530998,7,-495.3159125984111,-496.3460973531097,1.0301847546986664,2,0.0948778941714113,0.6049325494665191,0.3384857601123414,0.4717091547894302,-0.2502520485452912,0.070889682555155,0.0848528139915926,0.4354917500788815,0.2200542220713828,0.2154375280074987,both_wrong,0.2154375280074419
36,228,114,response_tables/trial_00114_hard_negative_structure_obs-empirical_prior-axis_edge_parallel_rel0p5x.npz,hard_negative_structure,empirical,axis_edge_parallel,0.5,per_candidate,1.0,4,16,40,756,0,source_row:3945,-1,12,0.0163538847118616,0.7,0.01,time_varying,1.5,0.5,catalog_residual_profile,topk_logmeanexp,2,0.19,outputs/fixation_statistics_by_stimulus_all_sessions_after_review/backimage_image_disjoint_compact_basis_delta025_v1/image_disjoint_compact_basis_delta0p25_fold0of2.npz,10,0,source_row:3945,True,1.0,0.138476255091632,-407.38339267030415,3,source_row:10818,False,4.0,-1.068147497744803,-413.6500941682335,0,source_row:3945,True,1.0,0.032220025754043,-409.2991487743795,0,source_row:3945,True,1.0,0.0398695086002476,-407.75302198126326,0,source_row:3945,True,1.0,0.0324942850045317,-408.00655652253806,5.64353764569546,-0.8765780578894881,12,-407.7139874379374,-409.1391569350676,1.4251694971301276,2,0.0246596816181232,0.6808351573379446,0.3711720184181128,0.5260035878780287,-0.6310065843273611,0.0320168578302337,0.0193089922381755,-0.2535345412748029,-0.24615931767908705,-0.007375223595715852,both_correct,-0.0073752235957159
37,229,114,response_tables/trial_00114_hard_negative_structure_obs-empirical_prior-axis_edge_orthogonal_rel0p5x.npz,hard_negative_structure,empirical,axis_edge_orthogonal,0.5,per_candidate,1.0,4,16,40,756,0,source_row:3945,-1,1,0.0301626380532979,0.7,0.01,time_varying,1.5,0.5,catalog_residual_profile,topk_logmeanexp,2,0.19,outputs/fixation_statistics_by_stimulus_all_sessions_after_review/backimage_image_disjoint_compact_basis_delta025_v1/image_disjoint_compact_basis_delta0p25_fold0of2.npz,10,0,source_row:3945,True,1.0,0.138476255091632,-407.38339267030415,3,source_row:10818,False,4.0,-1.068147497744803,-413.6500941682335,1,source_row:3947,False,2.0,-0.0081402707920119,-410.0800030666622,1,source_row:3947,False,2.0,-0.0023920348543811,-408.49786754480175,1,source_row:3947,False,3.0,-0.0255328380945343,-408.6866500858675,4.963444082366038,-0.8339045185689089,2,-408.4443563450545,-409.5753476982348,1.1309913531802636,2,0.0379107015835248,0.3604899107904537,-0.1693782350973732,0.0955558378465402,-2.8548228739457326,0.0321618990187789,0.0193089922381755,-0.18878254106573422,-0.165641737825581,-0.023140803240153218,both_wrong,-0.023140803240153197
38,230,115,response_tables/trial_00115_hard_negative_structure_obs-empirical_prior-axis_edge_parallel_rel1x.npz,hard_negative_structure,empirical,axis_edge_parallel,1.0,per_candidate,1.0,4,16,40,756,0,source_row:3945,-1,11,0.0304963570088148,0.7,0.01,time_varying,1.5,0.5,catalog_residual_profile,topk_logmeanexp,2,0.19,outputs/fixation_statistics_by_stimulus_all_sessions_after_review/backimage_image_disjoint_compact_basis_delta025_v1/image_disjoint_compact_basis_delta0p25_fold0of2.npz,10,0,source_row:3945,True,1.0,0.1679492810841338,-520.2837941603939,3,source_row:10818,False,4.0,-3.322378190837526,-542.6739003285244,1,source_row:3947,False,3.0,-0.0073427808897577,-522.9006168384662,0,source_row:3945,True,1.0,0.0198154170733459,-521.4663988058093,0,source_row:3945,True,1.0,0.0124470266504204,-521.7193825148688,20.95451781365557,-0.9459864810074468,3,-521.3999737080699,-522.7021328625931,1.302159154523224,2,0.0377187233619765,0.7699372218828262,0.340340180541672,0.5551387012122491,0.046029900188273,0.0543527801814627,0.0386179844763511,-0.25298370905954926,-0.24561531863662367,-0.007368390422925586,both_correct,-0.007368390422925501
39,231,115,response_tables/trial_00115_hard_negative_structure_obs-empirical_prior-axis_edge_orthogonal_rel1x.npz,hard_negative_structure,empirical,axis_edge_orthogonal,1.0,per_candidate,1.0,4,16,40,756,0,source_row:3945,-1,0,0.0605332031846046,0.7,0.01,time_varying,1.5,0.5,catalog_residual_profile,topk_logmeanexp,2,0.19,outputs/fixation_statistics_by_stimulus_all_sessions_after_review/backimage_image_disjoint_compact_basis_delta025_v1/image_disjoint_compact_basis_delta0p25_fold0of2.npz,10,0,source_row:3945,True,1.0,0.1679492810841338,-520.2837941603939,3,source_row:10818,False,4.0,-3.322378190837526,-542.6739003285244,0,source_row:3945,True,1.0,0.0026066382824865,-524.406463626239,0,source_row:3945,True,1.0,0.0854482065493584,-522.7006326430113,0,source_row:3945,True,1.0,0.0169882927808657,-522.7946749543063,19.87922537421809,-0.9469546466409366,4,-522.4426444800191,-523.7498129312902,1.3071684512710815,2,0.0746903718612877,0.4935213713404616,-0.2642290646852163,0.1146461533276226,-2.740675507479801,0.0622143870440881,0.0386179844763511,-0.0940423112949702,-0.025582397526477507,-0.0684599137684927,both_correct,-0.0684599137684927
40,232,116,response_tables/trial_00116_hard_negative_structure_obs-empirical_prior-axis_edge_parallel_rel2x.npz,hard_negative_structure,empirical,axis_edge_parallel,2.0,per_candidate,1.0,4,16,40,756,0,source_row:3945,-1,5,0.0634389221668243,0.7,0.01,time_varying,1.5,0.5,catalog_residual_profile,topk_logmeanexp,2,0.19,outputs/fixation_statistics_by_stimulus_all_sessions_after_review/backimage_image_disjoint_compact_basis_delta025_v1/image_disjoint_compact_basis_delta0p25_fold0of2.npz,10,0,source_row:3945,True,1.0,0.1983008733076303,-622.8548695237138,3,source_row:10818,False,4.0,-5.541183228722275,-668.303498602658,2,source_row:3951,False,3.0,-0.0994555530480738,-628.1294919239161,1,source_row:3947,False,3.0,-0.0846614096566327,-626.5624795424732,2,source_row:3951,False,3.0,-0.0597578073061413,-626.8973649607783,41.406133641879705,-0.9289052983532744,3,-626.4656725008784,-627.9134273502683,1.4477548493898666,2,0.1390221354541014,-0.6826116534173231,-0.3428089145276814,-0.5127102839725023,-2.2398784103991387,0.0758290249998647,0.0772359689527022,-0.3348854183051344,-0.3512884861600014,0.016403067854867004,both_wrong,0.024903602350491397
41,233,116,response_tables/trial_00116_hard_negative_structure_obs-empirical_prior-axis_edge_orthogonal_rel2x.npz,hard_negative_structure,empirical,axis_edge_orthogonal,2.0,per_candidate,1.0,4,16,40,756,0,source_row:3945,-1,8,0.1190580427646637,0.7,0.01,time_varying,1.5,0.5,catalog_residual_profile,topk_logmeanexp,2,0.19,outputs/fixation_statistics_by_stimulus_all_sessions_after_review/backimage_image_disjoint_compact_basis_delta025_v1/image_disjoint_compact_basis_delta0p25_fold0of2.npz,10,0,source_row:3945,True,1.0,0.1983008733076303,-622.8548695237138,3,source_row:10818,False,4.0,-5.541183228722275,-668.303498602658,2,source_row:3951,False,2.0,-0.2312135862333662,-631.0522071030263,0,source_row:3945,True,1.0,0.0441177712438047,-628.8161132776254,2,source_row:3951,False,2.0,-0.1923749586400163,-629.0537001726378,39.24979843002018,-0.52425204432187,3,-628.3810611677837,-630.2932295643466,1.912168396562833,2,0.1335729101021521,-0.5985464441134914,0.2802178738442259,-0.1591642851346327,-1.9908702796808704,0.1122699555050721,0.0772359689527022,-0.23758689501244135,-0.0010941651286202614,-0.23649272988382108,lost_by_residual,-0.236492729883821
42,234,117,response_tables/trial_00117_hard_negative_structure_obs-empirical_prior-axis_edge_parallel_rel0p5x.npz,hard_negative_structure,empirical,axis_edge_parallel,0.5,per_candidate,1.0,4,16,40,756,0,source_row:3947,-1,7,0.0112181548029184,0.7,0.01,time_varying,1.5,0.5,catalog_residual_profile,topk_logmeanexp,2,0.19,outputs/fixation_statistics_by_stimulus_all_sessions_after_review/backimage_image_disjoint_compact_basis_delta025_v1/image_disjoint_compact_basis_delta0p25_fold0of2.npz,10,0,source_row:3947,True,1.0,0.0082962549168996,-406.11853259631937,3,source_row:10818,False,3.0,-0.6114486756458746,-411.8158682351467,1,source_row:3951,False,2.0,-0.0002583705762049,-407.5460859231596,0,source_row:3947,True,1.0,0.0064028882414959,-406.3887176080782,0,source_row:3947,True,1.0,0.0014961502766368,-406.4618313089363,5.3540369262103695,-0.8192522564236017,7,-406.3170804841542,-406.88245572707,0.5653752429157635,2,0.0164938788267083,0.6111375162541417,-0.0152072875936259,0.2979651143302579,-0.0372067299667091,0.0189859201952036,0.0161953424894463,-0.07311370085812996,-0.06820696289327088,-0.004906737964859076,both_correct,-0.0049067379648591
43,235,117,response_tables/trial_00117_hard_negative_structure_obs-empirical_prior-axis_edge_orthogonal_rel0p5x.npz,hard_negative_structure,empirical,axis_edge_orthogonal,0.5,per_candidate,1.0,4,16,40,756,0,source_row:3947,-1,13,0.024926196783781,0.7,0.01,time_varying,1.5,0.5,catalog_residual_profile,topk_logmeanexp,2,0.19,outputs/fixation_statistics_by_stimulus_all_sessions_after_review/backimage_image_disjoint_compact_basis_delta025_v1/image_disjoint_compact_basis_delta0p25_fold0of2.npz,10,0,source_row:3947,True,1.0,0.0082962549168996,-406.11853259631937,3,source_row:10818,False,3.0,-0.6114486756458746,-411.8158682351467,0,source_row:3947,True,1.0,0.0025972103628078,-408.4514571631621,0,source_row:3947,True,1.0,0.0087787192574637,-407.090650824282,0,source_row:3947,True,1.0,0.0041431293705045,-407.102080763747,4.713787471399712,-0.8480185617425592,1,-407.0001912123543,-407.5026587570397,0.5024675446854303,2,0.0451146073274954,0.5438670516219664,0.0759972083545649,0.3099321299882656,-6.759863646323839,0.042754882401823,0.0161953424894463,-0.011429939464960626,0.0018535839229230078,-0.013283523387883633,both_correct,-0.0046355898869592
44,236,118,response_tables/trial_00118_hard_negative_structure_obs-empirical_prior-axis_edge_parallel_rel1x.npz,hard_negative_structure,empirical,axis_edge_parallel,1.0,per_candidate,1.0,4,16,40,756,0,source_row:3947,-1,14,0.0371145792305469,0.7,0.01,time_varying,1.5,0.5,catalog_residual_profile,topk_logmeanexp,2,0.19,outputs/fixation_statistics_by_stimulus_all_sessions_after_review/backimage_image_disjoint_compact_basis_delta025_v1/image_disjoint_compact_basis_delta0p25_fold0of2.npz,10,0,source_row:3947,True,1.0,0.0124686356904248,-510.8409655981027,3,source_row:10818,False,3.0,-2.209257622753057,-531.3065494762408,1,source_row:3951,False,2.0,-0.017043430998342,-513.4823566603724,1,source_row:3951,False,2.0,-0.0081928571275398,-511.7699447937974,0,source_row:3947,True,1.0,0.0030002499173633,-512.1828601138078,19.12368936243297,-0.9226631150933052,14,-511.6633719464435,-513.1852288710606,1.5218569246171685,2,0.0277773494232271,0.6417551730229454,0.234553900944228,0.4381545369835867,0.2645700040545671,0.0311582928590536,0.0323906849788926,-0.41291532001042697,-0.424108427055387,0.011193107044960016,rescued_by_residual,0.0111931070449031
45,237,118,response_tables/trial_00118_hard_negative_structure_obs-empirical_prior-axis_edge_orthogonal_rel1x.npz,hard_negative_structure,empirical,axis_edge_orthogonal,1.0,per_candidate,1.0,4,16,40,756,0,source_row:3947,-1,1,0.0524184629321098,0.7,0.01,time_varying,1.5,0.5,catalog_residual_profile,topk_logmeanexp,2,0.19,outputs/fixation_statistics_by_stimulus_all_sessions_after_review/backimage_image_disjoint_compact_basis_delta025_v1/image_disjoint_compact_basis_delta0p25_fold0of2.npz,10,0,source_row:3947,True,1.0,0.0124686356904248,-510.8409655981027,3,source_row:10818,False,3.0,-2.209257622753057,-531.3065494762408,2,source_row:3945,False,3.0,-0.0226127950206773,-513.925795295068,2,source_row:3945,False,3.0,-0.0275586225316146,-512.4848894305072,0,source_row:3947,True,1.0,0.0008402418714013,-512.5482295903502,18.75831988589061,-0.9367583484621425,2,-512.2629615919049,-513.4946398262259,1.2316782343210662,2,0.0894673103047143,-0.6648995479363461,0.1579025575456274,-0.2534984951953593,-6.6293668447815,0.0836806309083829,0.0323906849788926,-0.06334015984293728,-0.08650492511833363,0.02316476527539635,rescued_by_residual,0.0283988644030159
46,238,119,response_tables/trial_00119_hard_negative_structure_obs-empirical_prior-axis_edge_parallel_rel2x.npz,hard_negative_structure,empirical,axis_edge_parallel,2.0,per_candidate,1.0,4,16,40,756,0,source_row:3947,-1,10,0.0507582873106002,0.7,0.01,time_varying,1.5,0.5,catalog_residual_profile,topk_logmeanexp,2,0.19,outputs/fixation_statistics_by_stimulus_all_sessions_after_review/backimage_image_disjoint_compact_basis_delta025_v1/image_disjoint_compact_basis_delta0p25_fold0of2.npz,10,0,source_row:3947,True,1.0,0.0179237073344893,-579.015626869475,3,source_row:10818,False,3.0,-3.249998783305159,-613.4793236433234,1,source_row:3951,False,2.0,-0.002223574917366,-581.9370877782313,0,source_row:3947,True,1.0,0.0063525783114073,-580.2829900364394,2,source_row:3945,False,2.0,-0.0059648993558312,-580.5215959000745,32.957727743248824,-0.948253476308744,10,-580.1593228283177,-581.6025322134519,1.443209385134196,2,0.0333025525631564,0.9173626414779972,0.1747026318141971,0.5460326366460971,0.7357257865393279,0.0704942131951822,0.0647813699577853,-0.23860586363514358,-0.22628838596790501,-0.012317477667238563,lost_by_residual,-0.0123174776672385
47,239,119,response_tables/trial_00119_hard_negative_structure_obs-empirical_prior-axis_edge_orthogonal_rel2x.npz,hard_negative_structure,empirical,axis_edge_orthogonal,2.0,per_candidate,1.0,4,16,40,756,0,source_row:3947,-1,9,0.1048369258642196,0.7,0.01,time_varying,1.5,0.5,catalog_residual_profile,topk_logmeanexp,2,0.19,outputs/fixation_statistics_by_stimulus_all_sessions_after_review/backimage_image_disjoint_compact_basis_delta025_v1/image_disjoint_compact_basis_delta0p25_fold0of2.npz,10,0,source_row:3947,True,1.0,0.0179237073344893,-579.015626869475,3,source_row:10818,False,3.0,-3.249998783305159,-613.4793236433234,2,source_row:3945,False,3.0,-0.0654201322056451,-583.7966314473222,2,source_row:3945,False,3.0,-0.067329280592844,-581.8812099182501,2,source_row:3945,False,3.0,-0.0533130538409523,-581.6428507843914,31.836472858931984,-0.9616084354051156,10,-581.2259313310537,-582.7125474373128,1.4866161062590209,2,0.1370532131073416,0.8146851827731448,-0.2676518912449731,0.2735166457640858,-3.4758774547091926,0.1183527248967037,0.0647813699577853,0.2383591338586939,0.22434290710680216,0.014016226751891736,both_wrong,0.014016226751891701
48,240,120,response_tables/trial_00120_hard_negative_structure_obs-empirical_prior-axis_edge_parallel_rel0p5x.npz,hard_negative_structure,empirical,axis_edge_parallel,0.5,per_candidate,1.0,4,16,40,756,0,source_row:3951,-1,14,0.016991339623928,0.7,0.01,time_varying,1.5,0.5,catalog_residual_profile,topk_logmeanexp,2,0.19,outputs/fixation_statistics_by_stimulus_all_sessions_after_review/backimage_image_disjoint_compact_basis_delta025_v1/image_disjoint_compact_basis_delta0p25_fold0of2.npz,10,0,source_row:3951,True,1.0,0.0152888809560067,-317.0450972440186,0,source_row:3951,True,1.0,0.0311961502137023,-317.4208400956285,1,source_row:3947,False,2.0,-0.0129547526896089,-318.2231561170876,0,source_row:3951,True,1.0,0.0117869571325854,-317.31345676411223,0,source_row:3951,True,1.0,0.0049189193958909,-317.4506995846866,-0.0298594890581398,0.983904122758488,11,-317.2922084497223,-318.068144492117,0.7759360423947328,2,0.0196133966490543,0.1260271487677361,-0.2271983798118023,-0.0505856155220331,-2.1683212236946123,0.0173437363872832,0.0110188991453403,-0.13724282057438586,-0.13037478283769133,-0.006868037736694532,both_correct,-0.0068680377366945
49,241,120,response_tables/trial_00120_hard_negative_structure_obs-empirical_prior-axis_edge_orthogonal_rel0p5x.npz,hard_negative_structure,empirical,axis_edge_orthogonal,0.5,per_candidate,1.0,4,16,40,756,0,source_row:3951,-1,11,0.0178254880011081,0.7,0.01,time_varying,1.5,0.5,catalog_residual_profile,topk_logmeanexp,2,0.19,outputs/fixation_statistics_by_stimulus_all_sessions_after_review/backimage_image_disjoint_compact_basis_delta025_v1/image_disjoint_compact_basis_delta0p25_fold0of2.npz,10,0,source_row:3951,True,1.0,0.0152888809560067,-317.0450972440186,0,source_row:3951,True,1.0,0.0311961502137023,-317.4208400956285,1,source_row:3947,False,2.0,-0.0169758545137597,-317.9322536154683,0,source_row:3951,True,1.0,0.0060334535771175,-317.37617068959173,0,source_row:3951,True,1.0,0.0052216438348295,-317.42276223143097,-0.0019221358024879,0.9883036063159476,3,-317.3183103285237,-317.85679219044573,0.53848186192198,2,0.0256607488466448,-0.4031636677383605,-0.0777471155276901,-0.2404553916330253,-4.423282606269831,0.0226262631110864,0.0110188991453403,-0.046591541839234196,-0.04577973209694619,-0.0008118097422880055,both_correct,-0.0008118097422880003
50,242,121,response_tables/trial_00121_hard_negative_structure_obs-empirical_prior-axis_edge_parallel_rel1x.npz,hard_negative_structure,empirical,axis_edge_parallel,1.0,per_candidate,1.0,4,16,40,756,0,source_row:3951,-1,13,0.0302428919821977,0.7,0.01,time_varying,1.5,0.5,catalog_residual_profile,topk_logmeanexp,2,0.19,outputs/fixation_statistics_by_stimulus_all_sessions_after_review/backimage_image_disjoint_compact_basis_delta025_v1/image_disjoint_compact_basis_delta0p25_fold0of2.npz,10,0,source_row:3951,True,1.0,0.0199947563936575,-404.13745216379255,3,source_row:10818,False,2.0,-0.5285492202992259,-410.08984701881553,0,source_row:3951,True,1.0,0.0209042889219972,-406.09514285971824,2,source_row:3945,False,2.0,-0.021042929699206,-405.1521716942155,0,source_row:3951,True,1.0,0.0010899376972588,-405.1878793904284,4.901967628387126,-0.849309978688263,1,-405.0193581548108,-405.8005547402885,0.7811965854776872,2,0.0523044965238191,-0.5401721552867853,0.1689034781047284,-0.1856343385910284,-4.633024557568585,0.0391790569771778,0.0220377982906807,-0.03570769621290992,-0.05784056360937484,0.022132867396464917,rescued_by_residual,0.0221328673964648
51,243,121,response_tables/trial_00121_hard_negative_structure_obs-empirical_prior-axis_edge_orthogonal_rel1x.npz,hard_negative_structure,empirical,axis_edge_orthogonal,1.0,per_candidate,1.0,4,16,40,756,0,source_row:3951,-1,4,0.0356509760022163,0.7,0.01,time_varying,1.5,0.5,catalog_residual_profile,topk_logmeanexp,2,0.19,outputs/fixation_statistics_by_stimulus_all_sessions_after_review/backimage_image_disjoint_compact_basis_delta025_v1/image_disjoint_compact_basis_delta0p25_fold0of2.npz,10,0,source_row:3951,True,1.0,0.0199947563936575,-404.13745216379255,3,source_row:10818,False,2.0,-0.5285492202992259,-410.08984701881553,0,source_row:3951,True,1.0,0.0409718105267415,-406.286136884866,1,source_row:3947,False,2.0,-0.0075456432834357,-405.1114624654655,0,source_row:3951,True,1.0,0.0048059846272963,-405.1658249040953,4.924022114720287,-0.8126921909910854,10,-405.0510368986961,-405.6049306805999,0.5538937819037528,2,0.0641836539418636,-0.0566641932128107,-0.1724094659328638,-0.1145368295728372,-7.482277332440098,0.0582909831274887,0.0220377982906807,-0.05436243862982337,-0.06671406654044176,0.01235162791061839,rescued_by_residual,0.012351627910732
52,244,122,response_tables/trial_00122_hard_negative_structure_obs-empirical_prior-axis_edge_parallel_rel2x.npz,hard_negative_structure,empirical,axis_edge_parallel,2.0,per_candidate,1.0,4,16,40,756,0,source_row:3951,-1,0,0.0739435106515884,0.7,0.01,time_varying,1.5,0.5,catalog_residual_profile,topk_logmeanexp,2,0.19,outputs/fixation_statistics_by_stimulus_all_sessions_after_review/backimage_image_disjoint_compact_basis_delta025_v1/image_disjoint_compact_basis_delta0p25_fold0of2.npz,10,0,source_row:3951,True,1.0,0.0200860301805505,-567.3688255682733,3,source_row:10818,False,2.0,-3.027970280482009,-597.87927572837,0,source_row:3951,True,1.0,0.0171792320365966,-571.4258741666043,0,source_row:3951,True,1.0,0.0273604479425557,-569.978597740507,0,source_row:3951,True,1.0,0.0181965810426163,-570.092430421381,27.786845306989,-0.9253495160387168,15,-569.8184636964659,-570.9151707878895,1.096707091423582,2,0.0550187717026806,0.4653564848491986,-0.3537796010810921,0.0557884418840532,-0.5582078297933251,0.0528026957106551,0.0440755965813615,-0.11383268087399756,-0.10466881397405814,-0.009163866899939421,both_correct,-0.0091638668999394
53,245,122,response_tables/trial_00122_hard_negative_structure_obs-empirical_prior-axis_edge_orthogonal_rel2x.npz,hard_negative_structure,empirical,axis_edge_orthogonal,2.0,per_candidate,1.0,4,16,40,756,0,source_row:3951,-1,0,0.0748878344893455,0.7,0.01,time_varying,1.5,0.5,catalog_residual_profile,topk_logmeanexp,2,0.19,outputs/fixation_statistics_by_stimulus_all_sessions_after_review/backimage_image_disjoint_compact_basis_delta025_v1/image_disjoint_compact_basis_delta0p25_fold0of2.npz,10,0,source_row:3951,True,1.0,0.0200860301805505,-567.3688255682733,3,source_row:10818,False,2.0,-3.027970280482009,-597.87927572837,2,source_row:3945,False,2.0,-0.048217849236039,-572.4428271758749,2,source_row:3945,False,2.0,-0.0335889211501125,-570.8620557321883,2,source_row:3945,False,2.0,-0.0292008332725117,-570.9286989155482,26.950576812821737,-0.9601364077283164,13,-570.6041709290025,-571.6741844817109,1.0700135527083603,2,0.1216332394164355,-0.6161008160614813,-0.2428407780364889,-0.4294707970489851,-6.615670540651055,0.1066922631016511,0.0440755965813615,-0.06664318335992903,-0.07103127123752984,0.00438808787760081,both_wrong,0.0043880878776008
54,246,123,response_tables/trial_00123_hard_negative_structure_obs-empirical_prior-axis_edge_parallel_rel0p5x.npz,hard_negative_structure,empirical,axis_edge_parallel,0.5,per_candidate,1.0,4,16,40,756,0,source_row:4014,-1,7,0.0190098918974399,0.7,0.01,time_varying,1.5,0.5,catalog_residual_profile,topk_logmeanexp,2,0.19,outputs/fixation_statistics_by_stimulus_all_sessions_after_review/backimage_image_disjoint_compact_basis_delta025_v1/image_disjoint_compact_basis_delta0p25_fold0of2.npz,10,0,source_row:4014,True,1.0,0.1600329957739745,-326.8134223933586,0,source_row:4014,True,1.0,0.1282665735216142,-327.9030111095369,0,source_row:4014,True,1.0,0.1748556246980683,-328.1370671207816,0,source_row:4014,True,1.0,0.1902363732734215,-327.3704289792369,0,source_row:4014,True,1.0,0.0365184867916923,-327.4677428117059,0.435268297831044,0.9978273642433808,6,-327.3110603048945,-328.0123029107978,0.7012426059033032,2,0.0317906341386366,-0.0471570675778858,-0.1409017912072102,-0.094029429392548,-3.4901782362220093,0.0268625930316334,0.0150026300717421,-0.09731383246895575,0.06362228072771359,-0.16093611319666934,both_correct,-0.15371788648172918
55,247,123,response_tables/trial_00123_hard_negative_structure_obs-empirical_prior-axis_edge_orthogonal_rel0p5x.npz,hard_negative_structure,empirical,axis_edge_orthogonal,0.5,per_candidate,1.0,4,16,40,756,0,source_row:4014,-1,4,0.023404961451888,0.7,0.01,time_varying,1.5,0.5,catalog_residual_profile,topk_logmeanexp,2,0.19,outputs/fixation_statistics_by_stimulus_all_sessions_after_review/backimage_image_disjoint_compact_basis_delta025_v1/image_disjoint_compact_basis_delta0p25_fold0of2.npz,10,0,source_row:4014,True,1.0,0.1600329957739745,-326.8134223933586,0,source_row:4014,True,1.0,0.1282665735216142,-327.9030111095369,0,source_row:4014,True,1.0,0.1190184355620544,-328.2106434016439,0,source_row:4014,True,1.0,0.1548687517018265,-327.3468461236896,0,source_row:4014,True,1.0,0.0209448847265321,-327.4580828357761,0.4449282737608087,0.9956086983419736,5,-327.292362927409,-328.1151144347561,0.8227515073471068,2,0.0298142548239774,-0.1003835009011317,-0.1054540561062769,-0.1029187785037043,-2.9492362673324783,0.0243451397407526,0.0150026300717421,-0.11123671208650876,0.03244205131130684,-0.1436787633978156,both_correct,-0.1339238669752944
56,248,124,response_tables/trial_00124_hard_negative_structure_obs-empirical_prior-axis_edge_parallel_rel1x.npz,hard_negative_structure,empirical,axis_edge_parallel,1.0,per_candidate,1.0,4,16,40,756,0,source_row:4014,-1,4,0.0388883054256439,0.7,0.01,time_varying,1.5,0.5,catalog_residual_profile,topk_logmeanexp,2,0.19,outputs/fixation_statistics_by_stimulus_all_sessions_after_review/backimage_image_disjoint_compact_basis_delta025_v1/image_disjoint_compact_basis_delta0p25_fold0of2.npz,10,0,source_row:4014,True,1.0,0.2331467819996646,-417.6212238999721,0,source_row:4014,True,1.0,0.2820702607133398,-427.4922165950951,0,source_row:4014,True,1.0,0.2056772466249867,-421.5275967765471,3,source_row:5599,False,2.0,-0.115029352528893,-420.62461174782703,0,source_row:4014,True,1.0,0.1293654071360492,-420.10858939918006,7.383627195915039,-0.020319792889771,13,-419.9037319869294,-420.6590121859013,0.7552801989718319,2,0.100723849555132,-0.0342144893899353,0.4033496607849913,0.1845675856975279,-10.268596768067612,0.1020076922439286,0.0300052601434842,0.5160223486469704,0.27162758898197126,0.24439475966499913,rescued_by_residual,0.24439475966494217
57,249,124,response_tables/trial_00124_hard_negative_structure_obs-empirical_prior-axis_edge_orthogonal_rel1x.npz,hard_negative_structure,empirical,axis_edge_orthogonal,1.0,per_candidate,1.0,4,16,40,756,0,source_row:4014,-1,4,0.0445215255022048,0.7,0.01,time_varying,1.5,0.5,catalog_residual_profile,topk_logmeanexp,2,0.19,outputs/fixation_statistics_by_stimulus_all_sessions_after_review/backimage_image_disjoint_compact_basis_delta025_v1/image_disjoint_compact_basis_delta0p25_fold0of2.npz,10,0,source_row:4014,True,1.0,0.2331467819996646,-417.6212238999721,0,source_row:4014,True,1.0,0.2820702607133398,-427.4922165950951,0,source_row:4014,True,1.0,0.0122542810603363,-420.9653577274384,0,source_row:4014,True,1.0,0.1184703026001443,-419.1988960096456,0,source_row:4014,True,1.0,0.0537085369762735,-419.534394086941,7.957822508154095,0.993775061039588,13,-419.0308051153993,-420.4094427938393,1.3786376784400431,2,0.0473775087947201,-0.0039068166439502,0.3757159650770457,0.1859045742165477,-1.4931571208436374,0.0441820412886288,0.0300052601434842,-0.33549807729542636,-0.2707363116714987,-0.06476176562392766,both_correct,-0.06476176562387079
58,250,125,response_tables/trial_00125_hard_negative_structure_obs-empirical_prior-axis_edge_parallel_rel2x.npz,hard_negative_structure,empirical,axis_edge_parallel,2.0,per_candidate,1.0,4,16,40,756,0,source_row:4014,-1,10,0.0760395675897598,0.7,0.01,time_varying,1.5,0.5,catalog_residual_profile,topk_logmeanexp,2,0.19,outputs/fixation_statistics_by_stimulus_all_sessions_after_review/backimage_image_disjoint_compact_basis_delta025_v1/image_disjoint_compact_basis_delta0p25_fold0of2.npz,10,0,source_row:4014,True,1.0,0.4124967033210396,-513.5643873450999,0,source_row:4014,True,1.0,0.4855497650742109,-541.7290022991153,2,source_row:10041,False,2.0,-0.0036283080549992,-520.1134272854742,0,source_row:4014,True,1.0,0.2918727052190206,-517.8966647306057,2,source_row:10041,False,3.0,-0.7954229538459003,-518.3354784280243,23.39352387109102,0.8336742409159369,1,-517.6208001363816,-519.7368852065305,2.11608507014887,2,0.1191257520619647,-0.4038912651362772,-0.5026478628974773,-0.4532695640168773,-2.9405471349450663,0.0799817903407203,0.0600105202869685,-0.43881369741859544,0.6484819616463255,-1.087295659064921,lost_by_residual,-1.087295659064921
59,251,125,response_tables/trial_00125_hard_negative_structure_obs-empirical_prior-axis_edge_orthogonal_rel2x.npz,hard_negative_structure,empirical,axis_edge_orthogonal,2.0,per_candidate,1.0,4,16,40,756,0,source_row:4014,-1,14,0.0781894624233245,0.7,0.01,time_varying,1.5,0.5,catalog_residual_profile,topk_logmeanexp,2,0.19,outputs/fixation_statistics_by_stimulus_all_sessions_after_review/backimage_image_disjoint_compact_basis_delta025_v1/image_disjoint_compact_basis_delta0p25_fold0of2.npz,10,0,source_row:4014,True,1.0,0.4124967033210396,-513.5643873450999,0,source_row:4014,True,1.0,0.4855497650742109,-541.7290022991153,2,source_row:10041,False,3.0,-0.2169029569721487,-519.1409630811474,1,source_row:11226,False,3.0,-0.1629603132716965,-517.0163815585338,2,source_row:10041,False,3.0,-0.2940422753264329,-517.1774629291866,24.55153936992872,0.9600774666262286,1,-516.6290166082297,-518.5754026267632,1.9463860185335309,2,0.1073370381890454,0.5173534489014062,-0.4800527193455766,0.0186503647779148,-2.199222390167655,0.0836922699497055,0.0600105202869685,-0.16108137065282335,0.004387764003809025,-0.16546913465663238,both_wrong,-0.1310819620547364
60,252,126,response_tables/trial_00126_hard_negative_structure_obs-empirical_prior-axis_edge_parallel_rel0p5x.npz,hard_negative_structure,empirical,axis_edge_parallel,0.5,per_candidate,1.0,4,16,40,756,0,source_row:4051,-1,11,0.0168016832321882,0.7,0.01,time_varying,1.5,0.5,catalog_residual_profile,topk_logmeanexp,2,0.19,outputs/fixation_statistics_by_stimulus_all_sessions_after_review/backimage_image_disjoint_compact_basis_delta025_v1/image_disjoint_compact_basis_delta0p25_fold0of2.npz,10,0,source_row:4051,True,1.0,0.4079251729662019,-285.59834857391763,0,source_row:4051,True,1.0,0.1433668570330724,-285.8565136915282,0,source_row:4051,True,1.0,0.5702613544878545,-286.5774364150274,0,source_row:4051,True,1.0,0.5438981390234972,-285.77302076227863,0,source_row:4051,True,1.0,0.4268291653406777,-285.90681057250816,-0.0502968809799426,0.995483277903528,11,-285.7460417961712,-286.41278279990803,0.6667410037368313,2,0.0120249865377037,0.1707011645140405,0.3253878863492355,0.248044525431638,-0.9143464195553352,0.0103676800791757,0.0086910917292682,-0.13378981022952985,-0.016720836546710416,-0.11706897368281943,both_correct,-0.11706897368281943
61,253,126,response_tables/trial_00126_hard_negative_structure_obs-empirical_prior-axis_edge_orthogonal_rel0p5x.npz,hard_negative_structure,empirical,axis_edge_orthogonal,0.5,per_candidate,1.0,4,16,40,756,0,source_row:4051,-1,2,0.0180395171046257,0.7,0.01,time_varying,1.5,0.5,catalog_residual_profile,topk_logmeanexp,2,0.19,outputs/fixation_statistics_by_stimulus_all_sessions_after_review/backimage_image_disjoint_compact_basis_delta025_v1/image_disjoint_compact_basis_delta0p25_fold0of2.npz,10,0,source_row:4051,True,1.0,0.4079251729662019,-285.59834857391763,0,source_row:4051,True,1.0,0.1433668570330724,-285.8565136915282,0,source_row:4051,True,1.0,0.5938761232238221,-286.6281469722228,0,source_row:4051,True,1.0,0.6084258500889632,-285.7953334025649,0,source_row:4051,True,1.0,0.5485986697768226,-285.8940044416603,-0.0374907501320649,0.937405359507836,11,-285.75006045725763,-286.42972986452475,0.679669407267113,2,0.0175976183690678,0.0607709639747723,-0.5484647030861657,-0.2438468695556966,-3.0997665049327274,0.0130306589964973,0.0086910917292682,-0.0986710390953931,-0.03884385878325247,-0.059827180312140626,both_correct,-0.059827180312140626
62,254,127,response_tables/trial_00127_hard_negative_structure_obs-empirical_prior-axis_edge_parallel_rel1x.npz,hard_negative_structure,empirical,axis_edge_parallel,1.0,per_candidate,1.0,4,16,40,756,0,source_row:4051,-1,2,0.0349667109549045,0.7,0.01,time_varying,1.5,0.5,catalog_residual_profile,topk_logmeanexp,2,0.19,outputs/fixation_statistics_by_stimulus_all_sessions_after_review/backimage_image_disjoint_compact_basis_delta025_v1/image_disjoint_compact_basis_delta0p25_fold0of2.npz,10,0,source_row:4051,True,1.0,0.4217364026017094,-345.4480746044736,2,source_row:6354,False,4.0,-1.6345668245288607,-348.5524975803538,0,source_row:4051,True,1.0,1.0450945337386202,-347.7439664571668,0,source_row:4051,True,1.0,1.0844506932293143,-346.35974487132097,0,source_row:4051,True,1.0,0.7063861203871511,-346.37620782795443,2.1762897523993843,-0.9921956411230916,5,-346.10851405949165,-347.26219397560175,1.153679916110093,2,0.0430412307288558,0.2045805743898127,0.4259866586133281,0.3152836165015704,-5.131414881439317,0.044286917065888,0.0173821834585365,-0.01646295663346109,0.3616016162087021,-0.3780645728421632,both_correct,-0.3780645728421632
63,255,127,response_tables/trial_00127_hard_negative_structure_obs-empirical_prior-axis_edge_orthogonal_rel1x.npz,hard_negative_structure,empirical,axis_edge_orthogonal,1.0,per_candidate,1.0,4,16,40,756,0,source_row:4051,-1,2,0.0360790342092514,0.7,0.01,time_varying,1.5,0.5,catalog_residual_profile,topk_logmeanexp,2,0.19,outputs/fixation_statistics_by_stimulus_all_sessions_after_review/backimage_image_disjoint_compact_basis_delta025_v1/image_disjoint_compact_basis_delta0p25_fold0of2.npz,10,0,source_row:4051,True,1.0,0.4217364026017094,-345.4480746044736,2,source_row:6354,False,4.0,-1.6345668245288607,-348.5524975803538,0,source_row:4051,True,1.0,1.040932655748236,-347.821072559802,0,source_row:4051,True,1.0,1.2026372592995358,-346.32817041432,0,source_row:4051,True,1.0,0.9095684125352932,-346.3829985731211,2.16949900723273,-0.7619598628025337,11,-346.13450327476505,-347.37942743713535,1.244924162370296,2,0.0365528701452528,0.0319296817712105,-0.3436888754456965,-0.155879596837243,-3.4221585401112016,0.0293979972039844,0.0173821834585365,-0.05482815880105818,0.23824068796324127,-0.29306884676429945,both_correct,-0.2930688467642426
64,256,128,response_tables/trial_00128_hard_negative_structure_obs-empirical_prior-axis_edge_parallel_rel2x.npz,hard_negative_structure,empirical,axis_edge_parallel,2.0,per_candidate,1.0,4,16,40,756,0,source_row:4051,-1,7,0.0732707604765892,0.7,0.01,time_varying,1.5,0.5,catalog_residual_profile,topk_logmeanexp,2,0.19,outputs/fixation_statistics_by_stimulus_all_sessions_after_review/backimage_image_disjoint_compact_basis_delta025_v1/image_disjoint_compact_basis_delta0p25_fold0of2.npz,10,0,source_row:4051,True,1.0,0.6830064942127478,-483.2737408567089,2,source_row:6354,False,4.0,-7.3649423283808915,-504.7468708301974,0,source_row:4051,True,1.0,0.0504893440738669,-488.5944529403049,2,source_row:6354,False,2.0,-0.7457397494150086,-486.9114139948728,0,source_row:4051,True,1.0,0.0390380601921833,-486.7579131537813,17.988957676416078,-0.1503012615576183,6,-486.4511978126556,-487.6728086241712,1.2216108115156885,2,0.078693070086008,-0.1050630010346763,-0.3977861785578883,-0.2514245897962823,-4.123943448582803,0.0644858024791631,0.0347643669170731,0.15350084109149975,-0.6312769685157491,0.7847778096072489,rescued_by_residual,0.7847778096071919
65,257,128,response_tables/trial_00128_hard_negative_structure_obs-empirical_prior-axis_edge_orthogonal_rel2x.npz,hard_negative_structure,empirical,axis_edge_orthogonal,2.0,per_candidate,1.0,4,16,40,756,0,source_row:4051,-1,6,0.069297045469284,0.7,0.01,time_varying,1.5,0.5,catalog_residual_profile,topk_logmeanexp,2,0.19,outputs/fixation_statistics_by_stimulus_all_sessions_after_review/backimage_image_disjoint_compact_basis_delta025_v1/image_disjoint_compact_basis_delta0p25_fold0of2.npz,10,0,source_row:4051,True,1.0,0.6830064942127478,-483.2737408567089,2,source_row:6354,False,4.0,-7.3649423283808915,-504.7468708301974,0,source_row:4051,True,1.0,0.424927229888226,-488.6568546254099,0,source_row:4051,True,1.0,0.1126515277799171,-486.5508854046281,0,source_row:4051,True,1.0,0.3931870162883228,-486.64792559645264,18.09894523374476,-0.368386442410072,11,-486.1666643421361,-487.72429080212135,1.557626459985272,2,0.0881006784077705,-0.4972616268173659,0.1302310321981257,-0.1835152973096201,-5.42228915674511,0.0775160509315733,0.0347643669170731,-0.09704019182453294,-0.37757568033293865,0.2805354885084057,both_correct,0.2805354885084057
66,258,129,response_tables/trial_00129_hard_negative_structure_obs-empirical_prior-axis_edge_parallel_rel0p5x.npz,hard_negative_structure,empirical,axis_edge_parallel,0.5,per_candidate,1.0,4,16,40,756,0,source_row:4079,-1,1,0.0469376742839813,0.7,0.01,time_varying,1.5,0.5,catalog_residual_profile,topk_logmeanexp,2,0.19,outputs/fixation_statistics_by_stimulus_all_sessions_after_review/backimage_image_disjoint_compact_basis_delta025_v1/image_disjoint_compact_basis_delta0p25_fold0of2.npz,10,0,source_row:4079,True,1.0,0.3075617351847768,-343.7708401959585,0,source_row:4079,True,1.0,0.1491787270163058,-344.0310623479341,0,source_row:4079,True,1.0,0.3445236072360558,-344.5534518225679,0,source_row:4079,True,1.0,0.2334670472675952,-343.9793548960931,0,source_row:4079,True,1.0,0.2267985783126391,-344.06749101230474,-0.0364286643705895,0.9955721037819644,13,-343.96011573885824,-344.4897856067938,0.5296698679355814,2,0.0461903094420424,-0.2926614432426569,-0.3109056509400117,-0.3017835470913343,-0.6161406501827655,0.0198459734231747,0.0363338396066527,-0.08813611621161499,-0.08146764725665889,-0.006668468954956097,both_correct,-0.006668468954956097
67,259,129,response_tables/trial_00129_hard_negative_structure_obs-empirical_prior-axis_edge_orthogonal_rel0p5x.npz,hard_negative_structure,empirical,axis_edge_orthogonal,0.5,per_candidate,1.0,4,16,40,756,0,source_row:4079,-1,4,0.0525316186249256,0.7,0.01,time_varying,1.5,0.5,catalog_residual_profile,topk_logmeanexp,2,0.19,outputs/fixation_statistics_by_stimulus_all_sessions_after_review/backimage_image_disjoint_compact_basis_delta025_v1/image_disjoint_compact_basis_delta0p25_fold0of2.npz,10,0,source_row:4079,True,1.0,0.3075617351847768,-343.7708401959585,0,source_row:4079,True,1.0,0.1491787270163058,-344.0310623479341,0,source_row:4079,True,1.0,0.1619615077221396,-344.7827915188907,0,source_row:4079,True,1.0,0.163298085723909,-343.9902297668409,0,source_row:4079,True,1.0,0.0966000223385208,-344.1443371102608,-0.1132747623266254,0.9967933648896125,13,-343.9853586954225,-344.75221884607595,0.7668601506534287,2,0.0390385154499839,0.0395364239498245,0.136373743098546,0.0879550835241852,-0.154420415992696,0.015556237899945,0.0363338396066527,-0.15410734341986654,-0.08740928003447834,-0.0666980633853882,both_correct,-0.0666980633853882
68,260,130,response_tables/trial_00130_hard_negative_structure_obs-empirical_prior-axis_edge_parallel_rel1x.npz,hard_negative_structure,empirical,axis_edge_parallel,1.0,per_candidate,1.0,4,16,40,756,0,source_row:4079,-1,2,0.0876744985580444,0.7,0.01,time_varying,1.5,0.5,catalog_residual_profile,topk_logmeanexp,2,0.19,outputs/fixation_statistics_by_stimulus_all_sessions_after_review/backimage_image_disjoint_compact_basis_delta025_v1/image_disjoint_compact_basis_delta0p25_fold0of2.npz,10,0,source_row:4079,True,1.0,0.3349569035487434,-386.0440150580232,1,source_row:2309,False,2.0,-0.2753237868670908,-387.8895978610126,0,source_row:4079,True,1.0,0.2699985873944683,-387.2485316578502,0,source_row:4079,True,1.0,0.228626248207604,-386.5624220820129,0,source_row:4079,True,1.0,0.2557116393024898,-386.6794501537656,1.2101477072469606,0.9373652289205284,11,-386.5448756326068,-387.1889134479771,0.6440378153702682,2,0.0732243955419931,0.1328076230587588,0.097436684177388,0.1151221536180734,-0.0153809471286912,0.0218809997596508,0.0726676792133055,-0.11702807175265661,-0.1441134628475993,0.02708539109494268,both_correct,0.027085391094885808
69,261,130,response_tables/trial_00130_hard_negative_structure_obs-empirical_prior-axis_edge_orthogonal_rel1x.npz,hard_negative_structure,empirical,axis_edge_orthogonal,1.0,per_candidate,1.0,4,16,40,756,0,source_row:4079,-1,9,0.1049179285764694,0.7,0.01,time_varying,1.5,0.5,catalog_residual_profile,topk_logmeanexp,2,0.19,outputs/fixation_statistics_by_stimulus_all_sessions_after_review/backimage_image_disjoint_compact_basis_delta025_v1/image_disjoint_compact_basis_delta0p25_fold0of2.npz,10,0,source_row:4079,True,1.0,0.3349569035487434,-386.0440150580232,1,source_row:2309,False,2.0,-0.2753237868670908,-387.8895978610126,0,source_row:4079,True,1.0,0.0588705321985116,-387.7035333406051,0,source_row:4079,True,1.0,0.1196220369324123,-386.9775796983592,0,source_row:4079,True,1.0,0.0776897460425516,-387.0799603817122,0.8096374793003633,0.9066252381599714,10,-386.9272132562224,-387.6374782617724,0.7102650055499566,2,0.0846697892920428,0.3014435357380179,-0.0784325672065156,0.1115054842657511,-0.3576079649308998,0.0447282223483198,0.0726676792133055,-0.10238068335303296,-0.06044839246317224,-0.041932290889860724,both_correct,-0.041932290889860696
70,262,131,response_tables/trial_00131_hard_negative_structure_obs-empirical_prior-axis_edge_parallel_rel2x.npz,hard_negative_structure,empirical,axis_edge_parallel,2.0,per_candidate,1.0,4,16,40,756,0,source_row:4079,-1,1,0.1131314635276794,0.7,0.01,time_varying,1.5,0.5,catalog_residual_profile,topk_logmeanexp,2,0.19,outputs/fixation_statistics_by_stimulus_all_sessions_after_review/backimage_image_disjoint_compact_basis_delta025_v1/image_disjoint_compact_basis_delta0p25_fold0of2.npz,10,0,source_row:4079,True,1.0,0.3358184526003356,-402.5132082004433,1,source_row:2309,False,2.0,-0.4571486467742716,-405.4371129250953,0,source_row:4079,True,1.0,0.4959532519280287,-405.3531430316001,0,source_row:4079,True,1.0,0.3574567502429318,-403.80291333412646,0,source_row:4079,True,1.0,0.219106872802115,-404.0637861191988,1.373326805896454,0.8358387093215746,10,-403.6559926911829,-404.7980924551652,1.1420997639822303,2,0.116596140912158,-0.7060099378290036,-0.4496118835781126,-0.5778109107035581,-0.8881471855022414,0.0411589390227696,0.0848528148034365,-0.26087278507236533,-0.1225229076315486,-0.13834987744081673,both_correct,-0.13834987744081678
71,263,131,response_tables/trial_00131_hard_negative_structure_obs-empirical_prior-axis_edge_orthogonal_rel2x.npz,hard_negative_structure,empirical,axis_edge_orthogonal,2.0,per_candidate,1.0,4,16,40,756,0,source_row:4079,-1,11,0.1276129633188247,0.7,0.01,time_varying,1.5,0.5,catalog_residual_profile,topk_logmeanexp,2,0.19,outputs/fixation_statistics_by_stimulus_all_sessions_after_review/backimage_image_disjoint_compact_basis_delta025_v1/image_disjoint_compact_basis_delta0p25_fold0of2.npz,10,0,source_row:4079,True,1.0,0.3358184526003356,-402.5132082004433,1,source_row:2309,False,2.0,-0.4571486467742716,-405.4371129250953,0,source_row:4079,True,1.0,0.0412247129062848,-406.8642715384177,1,source_row:2309,False,2.0,-0.0458372061290219,-405.0304402327312,0,source_row:4079,True,1.0,0.0893032534449957,-405.1665987519897,0.270514173105596,0.8906985405300333,10,-404.8368915137996,-406.0903893458663,1.2534978320667278,2,0.0998137505722825,0.6683818287653379,-0.4179193477609373,0.1252312405022002,-0.3837200769645099,0.0530362550329658,0.0848528148034365,-0.13615851925845845,-0.2712989788325899,0.13514045957413146,rescued_by_residual,0.1351404595740176
72,264,132,response_tables/trial_00132_hard_negative_structure_obs-empirical_prior-axis_edge_parallel_rel0p5x.npz,hard_negative_structure,empirical,axis_edge_parallel,0.5,per_candidate,1.0,4,16,40,756,0,source_row:4176,-1,1,0.0342332199215889,0.7,0.01,time_varying,1.5,0.5,catalog_residual_profile,topk_logmeanexp,2,0.19,outputs/fixation_statistics_by_stimulus_all_sessions_after_review/backimage_image_disjoint_compact_basis_delta025_v1/image_disjoint_compact_basis_delta0p25_fold0of2.npz,10,0,source_row:4176,True,1.0,2.326703755845699,-338.33263878805155,3,source_row:454,False,3.0,-2.482354512852453,-344.2404561254889,0,source_row:4176,True,1.0,0.4481716821976533,-341.24159861012686,0,source_row:4176,True,1.0,1.7426350221569464,-339.35918337081404,0,source_row:4176,True,1.0,1.5815872295812596,-339.21118811880285,5.029268006686039,0.0801297705812293,10,-339.09049167556066,-339.63248192991483,0.5419902543541752,2,0.0517107435356828,-0.786052817511884,0.7503981136729786,-0.0178273519194527,-3.501236102055952,0.0498238195508962,0.0243733309588711,0.14799525201118513,0.43853698025890253,-0.2905417282477174,both_correct,-0.1610477925756868
73,265,132,response_tables/trial_00132_hard_negative_structure_obs-empirical_prior-axis_edge_orthogonal_rel0p5x.npz,hard_negative_structure,empirical,axis_edge_orthogonal,0.5,per_candidate,1.0,4,16,40,756,0,source_row:4176,-1,4,0.0177424978464841,0.7,0.01,time_varying,1.5,0.5,catalog_residual_profile,topk_logmeanexp,2,0.19,outputs/fixation_statistics_by_stimulus_all_sessions_after_review/backimage_image_disjoint_compact_basis_delta025_v1/image_disjoint_compact_basis_delta0p25_fold0of2.npz,10,0,source_row:4176,True,1.0,2.326703755845699,-338.33263878805155,3,source_row:454,False,3.0,-2.482354512852453,-344.2404561254889,0,source_row:4176,True,1.0,1.1407453864122203,-340.42944107638243,0,source_row:4176,True,1.0,1.7566875550956524,-339.23410972292584,0,source_row:4176,True,1.0,1.821214391517856,-338.8476840950309,5.392772030457991,0.2474088927383601,14,-338.72901770003574,-339.1578862934422,0.4288685934064347,2,0.0280195705935061,0.6355777246227434,0.7575322469594128,0.6965549857910781,-0.3215791528285991,0.0311590632961965,0.0243733309588711,0.38642562789493695,0.32189879147267675,0.0645268364222602,both_correct,0.06452683642220358
74,266,133,response_tables/trial_00133_hard_negative_structure_obs-empirical_prior-axis_edge_parallel_rel1x.npz,hard_negative_structure,empirical,axis_edge_parallel,1.0,per_candidate,1.0,4,16,40,756,0,source_row:4176,-1,4,0.0727829858660698,0.7,0.01,time_varying,1.5,0.5,catalog_residual_profile,topk_logmeanexp,2,0.19,outputs/fixation_statistics_by_stimulus_all_sessions_after_review/backimage_image_disjoint_compact_basis_delta025_v1/image_disjoint_compact_basis_delta0p25_fold0of2.npz,10,0,source_row:4176,True,1.0,2.562121547708898,-401.1151058505511,3,source_row:454,False,3.0,-6.592395860407351,-416.4701028090733,0,source_row:4176,True,1.0,0.9641717078342822,-404.14791705968656,0,source_row:4176,True,1.0,1.5288798618798296,-402.40643867418913,0,source_row:4176,True,1.0,1.7482892972456625,-402.3283076062615,14.141795202811808,-0.5258404650201097,1,-402.1558866130971,-402.9606858553276,0.8047992422305015,2,0.1057798098537445,-0.9067816649487164,0.7486284740939647,-0.0790765954273757,-3.708860246722609,0.1025181669508286,0.0487466619177423,0.07813106792764302,-0.14127836743824673,0.21940943536588975,both_correct,0.2194094353658329
75,267,133,response_tables/trial_00133_hard_negative_structure_obs-empirical_prior-axis_edge_orthogonal_rel1x.npz,hard_negative_structure,empirical,axis_edge_orthogonal,1.0,per_candidate,1.0,4,16,40,756,0,source_row:4176,-1,15,0.0346136726438999,0.7,0.01,time_varying,1.5,0.5,catalog_residual_profile,topk_logmeanexp,2,0.19,outputs/fixation_statistics_by_stimulus_all_sessions_after_review/backimage_image_disjoint_compact_basis_delta025_v1/image_disjoint_compact_basis_delta0p25_fold0of2.npz,10,0,source_row:4176,True,1.0,2.562121547708898,-401.1151058505511,3,source_row:454,False,3.0,-6.592395860407351,-416.4701028090733,0,source_row:4176,True,1.0,2.418838266639284,-403.1441620173953,0,source_row:4176,True,1.0,2.08057288041897,-402.0831951456237,0,source_row:4176,True,1.0,2.521982608414419,-401.9863430520573,14.483759757016005,-0.3684518043258682,2,-401.8695390069172,-402.4302611615808,0.5607221546636083,2,0.0425762582329294,0.6300660003891105,0.6548458799839134,0.642455940186512,0.2371393390448015,0.04305868872082,0.0487466619177423,0.09685209356638325,-0.3445576344290089,0.44140972799539213,both_correct,0.441409727995449
76,268,134,response_tables/trial_00134_hard_negative_structure_obs-empirical_prior-axis_edge_parallel_rel2x.npz,hard_negative_structure,empirical,axis_edge_parallel,2.0,per_candidate,1.0,4,16,40,756,0,source_row:4176,-1,15,0.1228225380182266,0.7,0.01,time_varying,1.5,0.5,catalog_residual_profile,topk_logmeanexp,2,0.19,outputs/fixation_statistics_by_stimulus_all_sessions_after_review/backimage_image_disjoint_compact_basis_delta025_v1/image_disjoint_compact_basis_delta0p25_fold0of2.npz,10,0,source_row:4176,True,1.0,3.320835305686103,-437.4846219199167,3,source_row:454,False,3.0,-9.361582025970051,-461.4534127336857,1,source_row:4953,False,2.0,-0.1961489436202441,-442.5927853839078,1,source_row:4953,False,2.0,-0.2149355046941536,-440.95448392983536,0,source_row:4176,True,1.0,0.6497371437965853,-440.2238433148157,21.22956941886997,-0.8583892319336488,4,-440.0164399012771,-440.9582090968252,0.9417691955480904,2,0.1810235255083396,-0.9005322362167786,0.7924347536163604,-0.054048741300209,-3.551321748694709,0.1768454103513432,0.0848528139972671,0.7306406150196381,-0.13403203347110093,0.864672648490739,rescued_by_residual,0.8646726484907389
77,269,134,response_tables/trial_00134_hard_negative_structure_obs-empirical_prior-axis_edge_orthogonal_rel2x.npz,hard_negative_structure,empirical,axis_edge_orthogonal,2.0,per_candidate,1.0,4,16,40,756,0,source_row:4176,-1,7,0.049430139362812,0.7,0.01,time_varying,1.5,0.5,catalog_residual_profile,topk_logmeanexp,2,0.19,outputs/fixation_statistics_by_stimulus_all_sessions_after_review/backimage_image_disjoint_compact_basis_delta025_v1/image_disjoint_compact_basis_delta0p25_fold0of2.npz,10,0,source_row:4176,True,1.0,3.320835305686103,-437.4846219199167,3,source_row:454,False,3.0,-9.361582025970051,-461.4534127336857,0,source_row:4176,True,1.0,2.4177971218351217,-440.2357235274305,0,source_row:4176,True,1.0,2.322208065838936,-438.8152989669108,0,source_row:4176,True,1.0,2.432459154569188,-438.9012797380808,22.552132995604893,-0.5072946550487584,7,-438.6839916576781,-439.7914944416748,1.1075027839966651,2,0.0523301410454775,0.8513156375215342,0.7535319551389829,0.8024237963302585,0.6196606048072142,0.085782170011148,0.0848528139972671,-0.08598077117000003,-0.19623185990030834,0.11025108873030831,both_correct,0.11025108873025191
78,270,135,response_tables/trial_00135_hard_negative_structure_obs-empirical_prior-axis_edge_parallel_rel0p5x.npz,hard_negative_structure,empirical,axis_edge_parallel,0.5,per_candidate,1.0,4,16,40,756,0,source_row:4203,-1,12,0.0346948727965354,0.7,0.01,time_varying,1.5,0.5,catalog_residual_profile,topk_logmeanexp,2,0.19,outputs/fixation_statistics_by_stimulus_all_sessions_after_review/backimage_image_disjoint_compact_basis_delta025_v1/image_disjoint_compact_basis_delta0p25_fold0of2.npz,10,0,source_row:4203,True,1.0,0.3169344157723799,-423.3111404413376,0,source_row:4203,True,1.0,1.7697466400265969,-432.98313324906735,0,source_row:4203,True,1.0,0.5045239618804658,-427.1617801650645,0,source_row:4203,True,1.0,0.4080752793711326,-425.44528621421193,0,source_row:4203,True,1.0,0.2724622982208302,-424.6964272599529,8.286705989114466,0.9039390649413458,0,-424.5102578356029,-425.0811239924903,0.5708661568873481,2,0.0386902599991528,0.7411676132699494,0.7690610112621566,0.7551143122660531,-1.1005436859258473,0.0403420569958168,0.0266953604425415,0.7488589542590489,1.202715833544687,-0.4538568792856381,both_correct,-0.1356129811503024
79,271,135,response_tables/trial_00135_hard_negative_structure_obs-empirical_prior-axis_edge_orthogonal_rel0p5x.npz,hard_negative_structure,empirical,axis_edge_orthogonal,0.5,per_candidate,1.0,4,16,40,756,0,source_row:4203,-1,0,0.0251862499862909,0.7,0.01,time_varying,1.5,0.5,catalog_residual_profile,topk_logmeanexp,2,0.19,outputs/fixation_statistics_by_stimulus_all_sessions_after_review/backimage_image_disjoint_compact_basis_delta025_v1/image_disjoint_compact_basis_delta0p25_fold0of2.npz,10,0,source_row:4203,True,1.0,0.3169344157723799,-423.3111404413376,0,source_row:4203,True,1.0,1.7697466400265969,-432.98313324906735,0,source_row:4203,True,1.0,0.4435266644601938,-425.6463972350619,0,source_row:4203,True,1.0,0.4504476181816699,-423.95448900456097,0,source_row:4203,True,1.0,0.2049488538096966,-424.0241219903209,8.9590112587465,0.8227211593014039,0,-423.7243648962975,-424.5746996445698,0.8503347482723029,2,0.0309493574518511,0.0561498031443381,-0.1337059731111165,-0.0387780849833891,-0.3441003546074366,0.0169745169044406,0.0266953604425415,-0.06963298575993804,0.17586577861203523,-0.24549876437197327,both_correct,-0.2454987643719733
80,272,136,response_tables/trial_00136_hard_negative_structure_obs-empirical_prior-axis_edge_parallel_rel1x.npz,hard_negative_structure,empirical,axis_edge_parallel,1.0,per_candidate,1.0,4,16,40,756,0,source_row:4203,-1,9,0.0699841752648353,0.7,0.01,time_varying,1.5,0.5,catalog_residual_profile,topk_logmeanexp,2,0.19,outputs/fixation_statistics_by_stimulus_all_sessions_after_review/backimage_image_disjoint_compact_basis_delta025_v1/image_disjoint_compact_basis_delta0p25_fold0of2.npz,10,0,source_row:4203,True,1.0,0.4086304764431361,-494.4766784281953,0,source_row:4203,True,1.0,1.6848679232997483,-515.9876196130275,0,source_row:4203,True,1.0,0.0591701832629496,-498.00889866854175,0,source_row:4203,True,1.0,0.3402981456359839,-496.4220299884423,0,source_row:4203,True,1.0,0.4093244821588655,-496.551885778853,19.43573383417447,0.94500167927834,0,-496.3504726070704,-497.40681660525377,1.0563439981834222,2,0.0725112125313413,0.8146307614367436,0.6827991061453568,0.7487149337910501,-0.8445004493570991,0.0686878947783682,0.053390720885083,-0.12985579041065876,-0.09421246021548768,-0.035643330195171075,both_correct,0.06902633652288165
81,273,136,response_tables/trial_00136_hard_negative_structure_obs-empirical_prior-axis_edge_orthogonal_rel1x.npz,hard_negative_structure,empirical,axis_edge_orthogonal,1.0,per_candidate,1.0,4,16,40,756,0,source_row:4203,-1,14,0.0463247001171112,0.7,0.01,time_varying,1.5,0.5,catalog_residual_profile,topk_logmeanexp,2,0.19,outputs/fixation_statistics_by_stimulus_all_sessions_after_review/backimage_image_disjoint_compact_basis_delta025_v1/image_disjoint_compact_basis_delta0p25_fold0of2.npz,10,0,source_row:4203,True,1.0,0.4086304764431361,-494.4766784281953,0,source_row:4203,True,1.0,1.6848679232997483,-515.9876196130275,0,source_row:4203,True,1.0,0.2396729018133214,-497.00799597136125,0,source_row:4203,True,1.0,0.3911549383205965,-495.804949174486,0,source_row:4203,True,1.0,0.2159173251685615,-495.8625226220651,20.12509699096239,0.622819420435422,14,-495.5473710745679,-496.54624086829057,0.9988697937226902,2,0.0358084743880779,0.9186314107732076,-0.5775328535772609,0.1705492785979733,0.5501786473043305,0.0427986842834277,0.053390720885083,-0.05757344757910232,0.11766416557287585,-0.17523761315197817,both_correct,-0.175237613152035
82,274,137,response_tables/trial_00137_hard_negative_structure_obs-empirical_prior-axis_edge_parallel_rel2x.npz,hard_negative_structure,empirical,axis_edge_parallel,2.0,per_candidate,1.0,4,16,40,756,0,source_row:4203,-1,2,0.1140229925513267,0.7,0.01,time_varying,1.5,0.5,catalog_residual_profile,topk_logmeanexp,2,0.19,outputs/fixation_statistics_by_stimulus_all_sessions_after_review/backimage_image_disjoint_compact_basis_delta025_v1/image_disjoint_compact_basis_delta0p25_fold0of2.npz,10,0,source_row:4203,True,1.0,0.5233897456026853,-565.683537943521,0,source_row:4203,True,1.0,1.7415320276363673,-601.358652462271,2,source_row:10161,False,2.0,-1.162941097815633,-573.0351794732443,2,source_row:10161,False,2.0,-1.3660220994529482,-571.1703149291936,2,source_row:10161,False,2.0,-0.6670969965036875,-570.19012358171,31.168528880560984,0.777066702587784,0,-569.675935654343,-571.1078728627579,1.4319372084148654,2,0.1302759435517486,0.7275711467067154,0.6073727865889793,0.6674719666478474,-1.3571974274027654,0.1280093097259266,0.0848528137198835,0.9801913474835828,0.28126624453432214,0.6989251029492607,both_wrong,0.6989251029492607
83,275,137,response_tables/trial_00137_hard_negative_structure_obs-empirical_prior-axis_edge_orthogonal_rel2x.npz,hard_negative_structure,empirical,axis_edge_orthogonal,2.0,per_candidate,1.0,4,16,40,756,0,source_row:4203,-1,9,0.0953230932354927,0.7,0.01,time_varying,1.5,0.5,catalog_residual_profile,topk_logmeanexp,2,0.19,outputs/fixation_statistics_by_stimulus_all_sessions_after_review/backimage_image_disjoint_compact_basis_delta025_v1/image_disjoint_compact_basis_delta0p25_fold0of2.npz,10,0,source_row:4203,True,1.0,0.5233897456026853,-565.683537943521,0,source_row:4203,True,1.0,1.7415320276363673,-601.358652462271,0,source_row:4203,True,1.0,0.5374489609940838,-570.1653336143635,0,source_row:4203,True,1.0,0.4935995525586349,-568.5424523070918,0,source_row:4203,True,1.0,0.3622972915213722,-568.4850642505382,32.873588211732795,0.6738041939836154,0,-568.0166733428096,-569.3180118468619,1.3013385040522962,2,0.1395163935980152,-0.6513002759381749,0.4513802470416361,-0.0999600144482693,-1.703447790683342,0.0747638350038775,0.0848528137198835,0.05738805655357737,0.1886903175908401,-0.13130226103726272,both_correct,-0.13130226103726272
84,276,138,response_tables/trial_00138_hard_negative_structure_obs-empirical_prior-axis_edge_parallel_rel0p5x.npz,hard_negative_structure,empirical,axis_edge_parallel,0.5,per_candidate,1.0,4,16,40,756,0,source_row:4207,-1,8,0.015919841825962,0.7,0.01,time_varying,1.5,0.5,catalog_residual_profile,topk_logmeanexp,2,0.19,outputs/fixation_statistics_by_stimulus_all_sessions_after_review/backimage_image_disjoint_compact_basis_delta025_v1/image_disjoint_compact_basis_delta0p25_fold0of2.npz,10,0,source_row:4207,True,1.0,1.1545132266305131,-278.55541164886347,0,source_row:4207,True,1.0,0.6221837414055358,-278.8194099054457,0,source_row:4207,True,1.0,2.471741422885543,-279.2149340468216,0,source_row:4207,True,1.0,1.5292639201277325,-278.75231918167526,0,source_row:4207,True,1.0,1.4360061016931809,-278.8196227686499,-0.0002128632041262,0.9901404811714264,12,-278.7285038561256,-279.15384698019784,0.425343124072242,2,0.0147782190405777,-0.3642799488080326,0.4850438223917782,0.0603819367918727,-2.142827196193599,0.0150665676327651,0.0083360795044003,-0.06730358697461725,0.025954231459934363,-0.09325781843455161,both_correct,-0.09325781843455161
85,277,138,response_tables/trial_00138_hard_negative_structure_obs-empirical_prior-axis_edge_orthogonal_rel0p5x.npz,hard_negative_structure,empirical,axis_edge_orthogonal,0.5,per_candidate,1.0,4,16,40,756,0,source_row:4207,-1,8,0.0150057068094611,0.7,0.01,time_varying,1.5,0.5,catalog_residual_profile,topk_logmeanexp,2,0.19,outputs/fixation_statistics_by_stimulus_all_sessions_after_review/backimage_image_disjoint_compact_basis_delta025_v1/image_disjoint_compact_basis_delta0p25_fold0of2.npz,10,0,source_row:4207,True,1.0,1.1545132266305131,-278.55541164886347,0,source_row:4207,True,1.0,0.6221837414055358,-278.8194099054457,0,source_row:4207,True,1.0,0.8528850818444766,-279.78640087660625,0,source_row:4207,True,1.0,0.8126433869501852,-278.79557262572825,0,source_row:4207,True,1.0,0.8582658997619319,-278.9388865226811,-0.1194766172353638,0.989024718549489,12,-278.749185054368,-279.50442991151465,0.7552448571466357,2,0.0129204128582816,-0.018639931966438,0.0506106835572109,0.0159853757953864,-1.4023102073375775,0.0097607871791919,0.0083360795044003,-0.14331389695286134,-0.1699291186077403,0.02661522165487895,both_correct,0.045622512811746674
86,278,139,response_tables/trial_00139_hard_negative_structure_obs-empirical_prior-axis_edge_parallel_rel1x.npz,hard_negative_structure,empirical,axis_edge_parallel,1.0,per_candidate,1.0,4,16,40,756,0,source_row:4207,-1,5,0.0337105169892311,0.7,0.01,time_varying,1.5,0.5,catalog_residual_profile,topk_logmeanexp,2,0.19,outputs/fixation_statistics_by_stimulus_all_sessions_after_review/backimage_image_disjoint_compact_basis_delta025_v1/image_disjoint_compact_basis_delta0p25_fold0of2.npz,10,0,source_row:4207,True,1.0,1.1566723977613833,-317.85315026261026,1,source_row:3951,False,4.0,-0.599700082153106,-319.7304592825363,0,source_row:4207,True,1.0,4.600310952591315,-319.6315594831111,0,source_row:4207,True,1.0,3.737881393716236,-318.6077224949203,0,source_row:4207,True,1.0,2.932395330345912,-318.7372751447024,0.9931841378339072,-0.9956420107968508,1,-318.566494374693,-319.4628703811262,0.8963760064332291,2,0.0475291464139361,0.2471805629332792,-0.2019820518338107,0.0225992555497342,-7.127113822473609,0.0424292846159376,0.0166721590088007,-0.12955264978205605,0.853286154615887,-0.982838804397943,both_correct,-0.8054860633703238
87,279,139,response_tables/trial_00139_hard_negative_structure_obs-empirical_prior-axis_edge_orthogonal_rel1x.npz,hard_negative_structure,empirical,axis_edge_orthogonal,1.0,per_candidate,1.0,4,16,40,756,0,source_row:4207,-1,5,0.0316932424902915,0.7,0.01,time_varying,1.5,0.5,catalog_residual_profile,topk_logmeanexp,2,0.19,outputs/fixation_statistics_by_stimulus_all_sessions_after_review/backimage_image_disjoint_compact_basis_delta025_v1/image_disjoint_compact_basis_delta0p25_fold0of2.npz,10,0,source_row:4207,True,1.0,1.1566723977613833,-317.85315026261026,1,source_row:3951,False,4.0,-0.599700082153106,-319.7304592825363,0,source_row:4207,True,1.0,0.5126734122859489,-320.8819123549113,0,source_row:4207,True,1.0,0.7106215630909105,-319.3351224975371,0,source_row:4207,True,1.0,0.8974845701312688,-319.15180535042816,0.578653932108125,-0.995831405377718,2,-318.8393167350099,-320.0079716620093,1.1686549269994089,2,0.0841811247361567,0.1776754309857914,0.0279014830265557,0.1027884570061735,-24.49445666059892,0.084571149520907,0.0166721590088007,0.1833171471089372,-0.0035458599314210915,0.1868630070403583,both_correct,0.1868630070403583
88,280,140,response_tables/trial_00140_hard_negative_structure_obs-empirical_prior-axis_edge_parallel_rel2x.npz,hard_negative_structure,empirical,axis_edge_parallel,2.0,per_candidate,1.0,4,16,40,756,0,source_row:4207,-1,1,0.0568501949310302,0.7,0.01,time_varying,1.5,0.5,catalog_residual_profile,topk_logmeanexp,2,0.19,outputs/fixation_statistics_by_stimulus_all_sessions_after_review/backimage_image_disjoint_compact_basis_delta025_v1/image_disjoint_compact_basis_delta0p25_fold0of2.npz,10,0,source_row:4207,True,1.0,1.7640673800055993,-395.1240373205967,2,source_row:3947,False,4.0,-3.29865591113088,-404.5796273684977,0,source_row:4207,True,1.0,4.553598052932671,-398.6281926547546,0,source_row:4207,True,1.0,3.637238694913492,-397.7748246053424,0,source_row:4207,True,1.0,2.73610384384898,-397.4043512816335,7.175276086864187,-0.9950688677393468,9,-397.2712863303584,-397.96582972536834,0.69454339500993,2,0.0797534976517373,0.1703791327655759,-0.092692373883665,0.0388433794409554,-4.720787265144613,0.0709117848725106,0.0333443180176015,0.3704733237088931,1.2716081747734052,-0.9011348510645121,both_correct,-0.9011348510645121
89,281,140,response_tables/trial_00140_hard_negative_structure_obs-empirical_prior-axis_edge_orthogonal_rel2x.npz,hard_negative_structure,empirical,axis_edge_orthogonal,2.0,per_candidate,1.0,4,16,40,756,0,source_row:4207,-1,1,0.0614946149289608,0.7,0.01,time_varying,1.5,0.5,catalog_residual_profile,topk_logmeanexp,2,0.19,outputs/fixation_statistics_by_stimulus_all_sessions_after_review/backimage_image_disjoint_compact_basis_delta025_v1/image_disjoint_compact_basis_delta0p25_fold0of2.npz,10,0,source_row:4207,True,1.0,1.7640673800055993,-395.1240373205967,2,source_row:3947,False,4.0,-3.29865591113088,-404.5796273684977,0,source_row:4207,True,1.0,1.0327580055063663,-399.29983043114606,0,source_row:4207,True,1.0,0.8723837093424436,-397.67149272482334,0,source_row:4207,True,1.0,1.3809536230448316,-397.2550588151879,7.324568553309803,-0.993579208704948,1,-396.8106019286655,-398.25072730156586,1.4401253729003545,2,0.09736368702668,-0.46267874325964,-0.3789727571454261,-0.4208257502025331,-7.526098480387198,0.0806806176714172,0.0333443180176015,0.4164339096354297,-0.09213600406701516,0.5085699137024449,both_correct,0.508569913702388
90,282,141,response_tables/trial_00141_hard_negative_structure_obs-empirical_prior-axis_edge_parallel_rel0p5x.npz,hard_negative_structure,empirical,axis_edge_parallel,0.5,per_candidate,1.0,4,16,40,756,0,source_row:4292,-1,4,0.0398464724421501,0.7,0.01,time_varying,1.5,0.5,catalog_residual_profile,topk_logmeanexp,2,0.19,outputs/fixation_statistics_by_stimulus_all_sessions_after_review/backimage_image_disjoint_compact_basis_delta025_v1/image_disjoint_compact_basis_delta0p25_fold0of2.npz,10,0,source_row:4292,True,1.0,0.9636865053237784,-508.73076084000473,2,source_row:966,False,3.0,-5.185383238095483,-528.170341448737,2,source_row:966,False,2.0,-1.006332802265092,-518.0283191174578,2,source_row:966,False,2.0,-0.2933113467902331,-515.77968118017,2,source_row:966,False,2.0,-0.2232014909010331,-514.1461446794442,14.024196769292756,0.2920312224151702,11,-513.5646397731011,-515.450955119195,1.886315346093852,2,0.1617050877233999,-0.3071556569452779,0.1924958746745123,-0.0573298911353827,-16.9381903530523,0.1468889595728829,0.0381798633951366,1.6335365007257678,1.563426644836568,0.07010985588919993,both_wrong,0.07010985588919996
91,283,141,response_tables/trial_00141_hard_negative_structure_obs-empirical_prior-axis_edge_orthogonal_rel0p5x.npz,hard_negative_structure,empirical,axis_edge_orthogonal,0.5,per_candidate,1.0,4,16,40,756,0,source_row:4292,-1,8,0.0516401305794715,0.7,0.01,time_varying,1.5,0.5,catalog_residual_profile,topk_logmeanexp,2,0.19,outputs/fixation_statistics_by_stimulus_all_sessions_after_review/backimage_image_disjoint_compact_basis_delta025_v1/image_disjoint_compact_basis_delta0p25_fold0of2.npz,10,0,source_row:4292,True,1.0,0.9636865053237784,-508.73076084000473,2,source_row:966,False,3.0,-5.185383238095483,-528.170341448737,1,source_row:1446,False,3.0,-0.7644364768026435,-518.5616048076554,2,source_row:966,False,2.0,-0.6289651009209365,-516.1860962703184,2,source_row:966,False,2.0,-0.0639874034469585,-513.8405769301214,14.329764518615548,0.4591241193836232,11,-513.0432160356563,-515.1423295307385,2.099113495082179,2,0.1437326010274671,0.1177240019053071,0.0362778061569432,0.0770009040311252,-13.17234869629586,0.1401239076242425,0.0381798633951366,2.345519340197029,1.7805416427230512,0.564977697473978,both_wrong,0.564977697473978
92,284,142,response_tables/trial_00142_hard_negative_structure_obs-empirical_prior-axis_edge_parallel_rel1x.npz,hard_negative_structure,empirical,axis_edge_parallel,1.0,per_candidate,1.0,4,16,40,756,0,source_row:4292,-1,14,0.077953889966011,0.7,0.01,time_varying,1.5,0.5,catalog_residual_profile,topk_logmeanexp,2,0.19,outputs/fixation_statistics_by_stimulus_all_sessions_after_review/backimage_image_disjoint_compact_basis_delta025_v1/image_disjoint_compact_basis_delta0p25_fold0of2.npz,10,0,source_row:4292,True,1.0,1.110137456905818,-559.5567385836924,2,source_row:966,False,3.0,-6.907083275237028,-587.9686636578709,0,source_row:4292,True,1.0,0.7822263491765398,-564.6121352062027,0,source_row:4292,True,1.0,0.7697398708990022,-562.5258973444145,0,source_row:4292,True,1.0,0.7732083067497797,-562.6919406859706,25.27672297190032,-0.3073247194860564,8,-562.1906474192347,-564.2502923711746,2.0596449519399584,2,0.1795255387732406,-0.7712308874470911,0.3164082299365434,-0.2274113287552738,-4.52743629357543,0.118377447414404,0.0763597267902733,-0.16604334155613287,-0.16951177740691037,0.003468435850777496,both_correct,0.003468435850777496
93,285,142,response_tables/trial_00142_hard_negative_structure_obs-empirical_prior-axis_edge_orthogonal_rel1x.npz,hard_negative_structure,empirical,axis_edge_orthogonal,1.0,per_candidate,1.0,4,16,40,756,0,source_row:4292,-1,9,0.1038710922002792,0.7,0.01,time_varying,1.5,0.5,catalog_residual_profile,topk_logmeanexp,2,0.19,outputs/fixation_statistics_by_stimulus_all_sessions_after_review/backimage_image_disjoint_compact_basis_delta025_v1/image_disjoint_compact_basis_delta0p25_fold0of2.npz,10,0,source_row:4292,True,1.0,1.110137456905818,-559.5567385836924,2,source_row:966,False,3.0,-6.907083275237028,-587.9686636578709,0,source_row:4292,True,1.0,0.9210622379757752,-564.8225203696954,0,source_row:4292,True,1.0,0.7851367357208119,-562.6480389122114,0,source_row:4292,True,1.0,0.9343808011362852,-562.6327253940943,25.3359382637766,-0.3000444078669294,8,-562.1102820291483,-564.1251017110801,2.01481968193184,2,0.1704029514591762,-0.7655287559151273,-0.3130554416502306,-0.5392920987826789,-3.979955863077057,0.132468096246957,0.0763597267902733,0.01531351811706827,-0.13393054729840514,0.14924406541547341,both_correct,0.1492440654154733
94,286,143,response_tables/trial_00143_hard_negative_structure_obs-empirical_prior-axis_edge_parallel_rel2x.npz,hard_negative_structure,empirical,axis_edge_parallel,2.0,per_candidate,1.0,4,16,40,756,0,source_row:4292,-1,13,0.0893008187413215,0.7,0.01,time_varying,1.5,0.5,catalog_residual_profile,topk_logmeanexp,2,0.19,outputs/fixation_statistics_by_stimulus_all_sessions_after_review/backimage_image_disjoint_compact_basis_delta025_v1/image_disjoint_compact_basis_delta0p25_fold0of2.npz,10,0,source_row:4292,True,1.0,1.1496335241164388,-565.7319178552059,2,source_row:966,False,3.0,-7.141606772912041,-595.3603052960444,0,source_row:4292,True,1.0,0.2389124500531352,-572.9991996133713,0,source_row:4292,True,1.0,0.2474192674667392,-570.8788855895543,0,source_row:4292,True,1.0,0.4373297077817142,-571.2755695496702,24.08473574637424,0.3852642066349889,13,-570.583390932304,-572.5918364224459,2.0084454901418667,2,0.0821568308790866,0.6153015400104316,-0.3908212174829545,0.1122401612637385,0.0625354442289189,0.0900109664160142,0.0848528141103658,-0.3966839601158654,-0.5865944004308403,0.18991044031497495,both_correct,0.189910440314975
95,287,143,response_tables/trial_00143_hard_negative_structure_obs-empirical_prior-axis_edge_orthogonal_rel2x.npz,hard_negative_structure,empirical,axis_edge_orthogonal,2.0,per_candidate,1.0,4,16,40,756,0,source_row:4292,-1,14,0.1173751875758171,0.7,0.01,time_varying,1.5,0.5,catalog_residual_profile,topk_logmeanexp,2,0.19,outputs/fixation_statistics_by_stimulus_all_sessions_after_review/backimage_image_disjoint_compact_basis_delta025_v1/image_disjoint_compact_basis_delta0p25_fold0of2.npz,10,0,source_row:4292,True,1.0,1.1496335241164388,-565.7319178552059,2,source_row:966,False,3.0,-7.141606772912041,-595.3603052960444,0,source_row:4292,True,1.0,0.1228115592330141,-573.6170189348933,1,source_row:1446,False,3.0,-0.8561917112599531,-572.4734719513648,0,source_row:4292,True,1.0,0.2163142412193792,-571.4288451996215,23.93146009642294,0.6229621477826016,15,-571.2203791629104,-572.0943827710995,0.8740036081891276,2,0.133620397906795,-0.4590413576793437,-0.3168923448613456,-0.3879668512703447,-1.479779247487813,0.090704799827561,0.0848528141103658,1.0446267517432943,0.5067979762779942,0.5378287754653002,rescued_by_residual,1.0725059524793323
96,288,144,response_tables/trial_00144_hard_negative_structure_obs-empirical_prior-axis_edge_parallel_rel0p5x.npz,hard_negative_structure,empirical,axis_edge_parallel,0.5,per_candidate,1.0,4,16,40,756,0,source_row:4361,-1,4,0.0341117531061172,0.7,0.01,time_varying,1.5,0.5,catalog_residual_profile,topk_logmeanexp,2,0.19,outputs/fixation_statistics_by_stimulus_all_sessions_after_review/backimage_image_disjoint_compact_basis_delta025_v1/image_disjoint_compact_basis_delta0p25_fold0of2.npz,10,0,source_row:4361,True,1.0,0.1571407245384648,-418.4799700852796,1,source_row:11021,False,2.0,-0.9029441410513072,-427.8430783386245,1,source_row:11021,False,2.0,-0.2050965390380952,-422.0581091435602,1,source_row:11021,False,2.0,-0.0376861109196511,-420.1519910178265,1,source_row:11021,False,3.0,-0.1143690674450681,-420.3863717084183,7.456706630206213,0.9210787229393932,3,-420.1150472749386,-421.2065426069961,1.091495332057491,2,0.0448437757339081,0.704317929189305,-0.1597723346862267,0.2722727972515392,-2.390500513132447,0.0366411218640015,0.0243539979280405,-0.23438069059181998,-0.15769773406634613,-0.07668295652547386,both_wrong,-0.076682956525417
97,289,144,response_tables/trial_00144_hard_negative_structure_obs-empirical_prior-axis_edge_orthogonal_rel0p5x.npz,hard_negative_structure,empirical,axis_edge_orthogonal,0.5,per_candidate,1.0,4,16,40,756,0,source_row:4361,-1,10,0.0202435683459043,0.7,0.01,time_varying,1.5,0.5,catalog_residual_profile,topk_logmeanexp,2,0.19,outputs/fixation_statistics_by_stimulus_all_sessions_after_review/backimage_image_disjoint_compact_basis_delta025_v1/image_disjoint_compact_basis_delta0p25_fold0of2.npz,10,0,source_row:4361,True,1.0,0.1571407245384648,-418.4799700852796,1,source_row:11021,False,2.0,-0.9029441410513072,-427.8430783386245,0,source_row:4361,True,1.0,0.0411712064330913,-420.40112664510445,1,source_row:11021,False,2.0,-0.0087787472800755,-419.2182448635253,0,source_row:4361,True,1.0,0.0225463506149594,-419.3314553792272,8.511622959397243,0.9604666833435556,10,-419.0786007125987,-419.96484015061407,0.886239438015366,2,0.047338614590466,-0.6846547568872053,-0.0139321329670157,-0.3492934449271105,-2.778248842509471,0.0282873980965319,0.0243539979280405,-0.11321051570189411,-0.14453561359692912,0.031325097895035015,rescued_by_residual,0.0313250978950349
98,290,145,response_tables/trial_00145_hard_negative_structure_obs-empirical_prior-axis_edge_parallel_rel1x.npz,hard_negative_structure,empirical,axis_edge_parallel,1.0,per_candidate,1.0,4,16,40,756,0,source_row:4361,-1,13,0.0682235062122345,0.7,0.01,time_varying,1.5,0.5,catalog_residual_profile,topk_logmeanexp,2,0.19,outputs/fixation_statistics_by_stimulus_all_sessions_after_review/backimage_image_disjoint_compact_basis_delta025_v1/image_disjoint_compact_basis_delta0p25_fold0of2.npz,10,0,source_row:4361,True,1.0,0.2215741791810614,-471.8638044846288,1,source_row:11021,False,2.0,-1.3455626945907966,-489.6023440914065,3,source_row:9142,False,3.0,-0.7792279311443053,-476.5467487432709,3,source_row:9142,False,3.0,-0.868516405733601,-475.1894338320894,3,source_row:9142,False,3.0,-0.6077516842802879,-475.0014563646865,14.600887726719918,0.4668714950901548,6,-474.86170896502585,-475.4657501196115,0.6040411545856728,2,0.0977891834105691,0.6088237625624628,0.5613408088575357,0.5850822857099993,-3.0307059671300216,0.0946592652746152,0.0487079958560811,0.18797746740290222,-0.07278725405046771,0.26076472145336993,both_wrong,0.2607647214533131
99,291,145,response_tables/trial_00145_hard_negative_structure_obs-empirical_prior-axis_edge_orthogonal_rel1x.npz,hard_negative_structure,empirical,axis_edge_orthogonal,1.0,per_candidate,1.0,4,16,40,756,0,source_row:4361,-1,1,0.0667464584112167,0.7,0.01,time_varying,1.5,0.5,catalog_residual_profile,topk_logmeanexp,2,0.19,outputs/fixation_statistics_by_stimulus_all_sessions_after_review/backimage_image_disjoint_compact_basis_delta025_v1/image_disjoint_compact_basis_delta0p25_fold0of2.npz,10,0,source_row:4361,True,1.0,0.2215741791810614,-471.8638044846288,1,source_row:11021,False,2.0,-1.3455626945907966,-489.6023440914065,0,source_row:4361,True,1.0,0.0427919747156693,-474.99684575208784,0,source_row:4361,True,1.0,0.0183496334032611,-473.6304982997109,0,source_row:4361,True,1.0,0.0496358443127178,-473.7058786745448,15.896465416861702,0.9668171589892616,0,-473.5175968242209,-474.21653701001225,0.6989401857914004,2,0.0777251552703477,-0.7010421928875792,0.1993542913717222,-0.2508439507579285,-1.5463768409567122,0.040193759523534,0.0487079958560811,-0.07538037483391236,-0.10666658574336907,0.03128621090945671,both_correct,0.0312862109094567
100,292,146,response_tables/trial_00146_hard_negative_structure_obs-empirical_prior-axis_edge_parallel_rel2x.npz,hard_negative_structure,empirical,axis_edge_parallel,2.0,per_candidate,1.0,4,16,40,756,0,source_row:4361,-1,11,0.1185839921236038,0.7,0.01,time_varying,1.5,0.5,catalog_residual_profile,topk_logmeanexp,2,0.19,outputs/fixation_statistics_by_stimulus_all_sessions_after_review/backimage_image_disjoint_compact_basis_delta025_v1/image_disjoint_compact_basis_delta0p25_fold0of2.npz,10,0,source_row:4361,True,1.0,0.1996763588310841,-550.936754523006,1,source_row:11021,False,2.0,-2.0194853099969805,-583.4494262432809,3,source_row:9142,False,4.0,-1.686249734568264,-557.3494029504112,3,source_row:9142,False,4.0,-1.8171614065629456,-556.0131342427653,3,source_row:9142,False,4.0,-0.575803450760418,-554.8672960157579,28.58213022752296,0.0836979750055426,8,-554.6657397907226,-555.5174259575174,0.8516861667948206,2,0.1595658094136539,0.8362531674622037,0.248294809631686,0.5422739885469449,-2.536284418380591,0.1464903965116561,0.084852813278308,1.1458382270074026,-0.09551972879512505,1.2413579558025276,both_wrong,1.2413579558025276
101,293,146,response_tables/trial_00146_hard_negative_structure_obs-empirical_prior-axis_edge_orthogonal_rel2x.npz,hard_negative_structure,empirical,axis_edge_orthogonal,2.0,per_candidate,1.0,4,16,40,756,0,source_row:4361,-1,5,0.0920364633202552,0.7,0.01,time_varying,1.5,0.5,catalog_residual_profile,topk_logmeanexp,2,0.19,outputs/fixation_statistics_by_stimulus_all_sessions_after_review/backimage_image_disjoint_compact_basis_delta025_v1/image_disjoint_compact_basis_delta0p25_fold0of2.npz,10,0,source_row:4361,True,1.0,0.1996763588310841,-550.936754523006,1,source_row:11021,False,2.0,-2.0194853099969805,-583.4494262432809,1,source_row:11021,False,2.0,-0.0375800011155433,-554.9144093545032,1,source_row:11021,False,2.0,-0.0367383854808167,-553.5995337818654,0,source_row:4361,True,1.0,0.0164776056268465,-553.3680841420023,30.08134210127855,0.952367134000295,8,-553.0938667838448,-554.0262903811574,0.9324235973126632,2,0.1728862422276908,-0.8505319632756989,0.267651816043333,-0.2914400736161829,-3.151340705355172,0.0997151685662018,0.084852813278308,0.2314496398630581,0.17823364875539482,0.053215991107663285,rescued_by_residual,0.0532159911076632
102,294,147,response_tables/trial_00147_hard_negative_structure_obs-empirical_prior-axis_edge_parallel_rel0p5x.npz,hard_negative_structure,empirical,axis_edge_parallel,0.5,per_candidate,1.0,4,16,40,756,0,source_row:4406,-1,15,0.0529507473111152,0.7,0.01,time_varying,1.5,0.5,catalog_residual_profile,topk_logmeanexp,2,0.19,outputs/fixation_statistics_by_stimulus_all_sessions_after_review/backimage_image_disjoint_compact_basis_delta025_v1/image_disjoint_compact_basis_delta0p25_fold0of2.npz,10,0,source_row:4406,True,1.0,1.5042686950997677,-349.9289335638743,3,source_row:8933,False,2.0,-0.0186558486302033,-357.65213237054417,0,source_row:4406,True,1.0,0.8079144968839387,-353.2360074923966,0,source_row:4406,True,1.0,1.2177060105502164,-351.2685490004375,0,source_row:4406,True,1.0,1.1370235706964422,-351.57833361302085,6.0737987575233205,0.9124962361016028,0,-351.05412976709886,-352.92455517046386,1.8704254033650043,2,0.1455411404131638,-0.0711896772428796,0.0203808044692718,-0.0254044363868038,-8.732856442482094,0.1368371881418387,0.0466515002623119,-0.3097846125833712,-0.229102172729597,-0.08068243985377421,both_correct,-0.08068243985377421
103,295,147,response_tables/trial_00147_hard_negative_structure_obs-empirical_prior-axis_edge_orthogonal_rel0p5x.npz,hard_negative_structure,empirical,axis_edge_orthogonal,0.5,per_candidate,1.0,4,16,40,756,0,source_row:4406,-1,15,0.0487603172659873,0.7,0.01,time_varying,1.5,0.5,catalog_residual_profile,topk_logmeanexp,2,0.19,outputs/fixation_statistics_by_stimulus_all_sessions_after_review/backimage_image_disjoint_compact_basis_delta025_v1/image_disjoint_compact_basis_delta0p25_fold0of2.npz,10,0,source_row:4406,True,1.0,1.5042686950997677,-349.9289335638743,3,source_row:8933,False,2.0,-0.0186558486302033,-357.65213237054417,0,source_row:4406,True,1.0,0.4732826733073807,-352.7829455931351,0,source_row:4406,True,1.0,0.1787511246996587,-351.4111167618633,0,source_row:4406,True,1.0,0.3954752979933005,-351.4913562799157,6.160776090628417,0.8887554721802683,15,-351.2069177615439,-352.4622521414645,1.2553343799206118,2,0.0876405145938987,-0.1806228759295701,0.0808282142836992,-0.0498973308229354,-2.5292189974913306,0.0681532000821099,0.0466515002623119,-0.08023951805239449,-0.29696369134609313,0.21672417329369864,both_correct,0.2167241732936418
104,296,148,response_tables/trial_00148_hard_negative_structure_obs-empirical_prior-axis_edge_parallel_rel1x.npz,hard_negative_structure,empirical,axis_edge_parallel,1.0,per_candidate,1.0,4,16,40,756,0,source_row:4406,-1,4,0.1028680726885795,0.7,0.01,time_varying,1.5,0.5,catalog_residual_profile,topk_logmeanexp,2,0.19,outputs/fixation_statistics_by_stimulus_all_sessions_after_review/backimage_image_disjoint_compact_basis_delta025_v1/image_disjoint_compact_basis_delta0p25_fold0of2.npz,10,0,source_row:4406,True,1.0,1.452290044777044,-377.0879456630381,3,source_row:8933,False,3.0,-1.6986060569150254,-389.2687050848274,0,source_row:4406,True,1.0,0.0819425355352905,-381.200589690298,0,source_row:4406,True,1.0,0.4925662534128037,-379.74195325299866,0,source_row:4406,True,1.0,0.8234528731276214,-379.2393326027151,10.029372482112308,0.5385673149227561,12,-378.92298648332303,-380.2828960028354,1.359909519512371,2,0.2203596390137088,-0.2795288673398181,-0.0687172752686038,-0.174123071304211,-5.744218155161514,0.1927376762128311,0.0848528135581087,0.5026206502835748,0.17173403056875713,0.3308866197148177,both_correct,0.3308866197148177
105,297,148,response_tables/trial_00148_hard_negative_structure_obs-empirical_prior-axis_edge_orthogonal_rel1x.npz,hard_negative_structure,empirical,axis_edge_orthogonal,1.0,per_candidate,1.0,4,16,40,756,0,source_row:4406,-1,10,0.0930735394358635,0.7,0.01,time_varying,1.5,0.5,catalog_residual_profile,topk_logmeanexp,2,0.19,outputs/fixation_statistics_by_stimulus_all_sessions_after_review/backimage_image_disjoint_compact_basis_delta025_v1/image_disjoint_compact_basis_delta0p25_fold0of2.npz,10,0,source_row:4406,True,1.0,1.452290044777044,-377.0879456630381,3,source_row:8933,False,3.0,-1.6986060569150254,-389.2687050848274,0,source_row:4406,True,1.0,0.6092062253279664,-379.6526991148286,0,source_row:4406,True,1.0,0.6034249364672064,-378.6353942255384,0,source_row:4406,True,1.0,0.690858400905995,-378.6361829333196,10.632522151507828,0.4091336116855574,10,-378.4623774114253,-379.26692607279335,0.8045486613680168,2,0.1084774870612019,0.525925776836374,-0.2732173930342279,0.126354191901073,-0.6343562847533599,0.1093789019989713,0.0848528135581087,-0.0007887077812256393,-0.08822217222001427,0.08743346443878863,both_correct,0.08743346443878863
106,298,149,response_tables/trial_00149_hard_negative_structure_obs-empirical_prior-axis_edge_parallel_rel2x.npz,hard_negative_structure,empirical,axis_edge_parallel,2.0,per_candidate,1.0,4,16,40,756,0,source_row:4406,-1,10,0.1024339199066162,0.7,0.01,time_varying,1.5,0.5,catalog_residual_profile,topk_logmeanexp,2,0.19,outputs/fixation_statistics_by_stimulus_all_sessions_after_review/backimage_image_disjoint_compact_basis_delta025_v1/image_disjoint_compact_basis_delta0p25_fold0of2.npz,10,0,source_row:4406,True,1.0,1.452290044777044,-377.0879456630381,3,source_row:8933,False,3.0,-1.6986060569150254,-389.2687050848274,0,source_row:4406,True,1.0,0.1545594052304864,-380.3159312563562,0,source_row:4406,True,1.0,0.3906711552697857,-379.1890944153061,0,source_row:4406,True,1.0,0.7348136491056039,-378.84765545090426,10.421049633923133,0.5458528490116692,2,-378.6144475876321,-379.5045810645235,0.8901334768913785,2,0.1400052897657414,0.7143067031748254,0.3821498957437286,0.548228299459277,-1.722427951045455,0.1474766361218914,0.0848528135581087,0.3414389644018456,-0.002703529434029406,0.34414249383587503,both_correct,0.3441424938358182
107,299,149,response_tables/trial_00149_hard_negative_structure_obs-empirical_prior-axis_edge_orthogonal_rel2x.npz,hard_negative_structure,empirical,axis_edge_orthogonal,2.0,per_candidate,1.0,4,16,40,756,0,source_row:4406,-1,10,0.0865592062473297,0.7,0.01,time_varying,1.5,0.5,catalog_residual_profile,topk_logmeanexp,2,0.19,outputs/fixation_statistics_by_stimulus_all_sessions_after_review/backimage_image_disjoint_compact_basis_delta025_v1/image_disjoint_compact_basis_delta0p25_fold0of2.npz,10,0,source_row:4406,True,1.0,1.452290044777044,-377.0879456630381,3,source_row:8933,False,3.0,-1.6986060569150254,-389.2687050848274,0,source_row:4406,True,1.0,1.0831492819204414,-379.35124830642553,0,source_row:4406,True,1.0,1.0514497695370435,-377.75145176933177,0,source_row:4406,True,1.0,0.759081380158591,-378.3145903429708,10.954114741856642,0.268503767261702,10,-377.7134503139807,-379.1476009867184,1.434150672737701,2,0.0663630284685362,0.9711404048799404,-0.5994129584389332,0.1858637232205036,0.3883261712993705,0.0899056696841088,0.0848528135581087,-0.5631385736390371,-0.2707701842604706,-0.29236838937856646,both_correct,-0.29236838937845255
108,300,150,response_tables/trial_00150_hard_negative_structure_obs-empirical_prior-axis_edge_parallel_rel0p5x.npz,hard_negative_structure,empirical,axis_edge_parallel,0.5,per_candidate,1.0,4,16,40,756,0,source_row:4460,-1,8,0.0187870804220438,0.7,0.01,time_varying,1.5,0.5,catalog_residual_profile,topk_logmeanexp,2,0.19,outputs/fixation_statistics_by_stimulus_all_sessions_after_review/backimage_image_disjoint_compact_basis_delta025_v1/image_disjoint_compact_basis_delta0p25_fold0of2.npz,10,0,source_row:4460,True,1.0,0.4407424459498088,-265.76178171718254,0,source_row:4460,True,1.0,0.3023120335744806,-267.6524588237826,0,source_row:4460,True,1.0,0.2969068732016922,-267.15585576838475,0,source_row:4460,True,1.0,0.304997802105504,-266.2778722004231,0,source_row:4460,True,1.0,0.3161434602855024,-266.31304965448027,1.3394091693023142,0.9570048590531832,6,-266.1751586313805,-266.7797431391246,0.6045845077440504,2,0.0392254256847036,-0.8858380213664455,0.6524682538585902,-0.1166848837539276,-8.643017440876186,0.0413736975633669,0.0126316821563229,-0.03517745405719097,-0.046323112237189434,0.011145658179998463,both_correct,0.011145658179998408
109,301,150,response_tables/trial_00150_hard_negative_structure_obs-empirical_prior-axis_edge_orthogonal_rel0p5x.npz,hard_negative_structure,empirical,axis_edge_orthogonal,0.5,per_candidate,1.0,4,16,40,756,0,source_row:4460,-1,6,0.0139157129451632,0.7,0.01,time_varying,1.5,0.5,catalog_residual_profile,topk_logmeanexp,2,0.19,outputs/fixation_statistics_by_stimulus_all_sessions_after_review/backimage_image_disjoint_compact_basis_delta025_v1/image_disjoint_compact_basis_delta0p25_fold0of2.npz,10,0,source_row:4460,True,1.0,0.4407424459498088,-265.76178171718254,0,source_row:4460,True,1.0,0.3023120335744806,-267.6524588237826,0,source_row:4460,True,1.0,0.2505135984818025,-267.17654556931586,0,source_row:4460,True,1.0,0.3482008742712992,-266.026125461672,0,source_row:4460,True,1.0,0.3304782602261298,-266.1632129039207,1.4892459198619008,0.9358636533307044,8,-265.94369527030364,-266.8404561804894,0.8967609101857761,2,0.0172136351808477,0.7330525110146057,0.6229178214092944,0.67798516621195,-0.8570466365436593,0.0217220159384372,0.0126316821563229,-0.13708744224868497,-0.11936482820351557,-0.017722614045169394,both_correct,-0.017722614045169394
110,302,151,response_tables/trial_00151_hard_negative_structure_obs-empirical_prior-axis_edge_parallel_rel1x.npz,hard_negative_structure,empirical,axis_edge_parallel,1.0,per_candidate,1.0,4,16,40,756,0,source_row:4460,-1,10,0.0375741608440876,0.7,0.01,time_varying,1.5,0.5,catalog_residual_profile,topk_logmeanexp,2,0.19,outputs/fixation_statistics_by_stimulus_all_sessions_after_review/backimage_image_disjoint_compact_basis_delta025_v1/image_disjoint_compact_basis_delta0p25_fold0of2.npz,10,0,source_row:4460,True,1.0,0.6976985626902206,-339.09615479353283,0,source_row:4460,True,1.0,0.0463542937224019,-348.64186124285305,0,source_row:4460,True,1.0,0.2051300926842714,-341.8077221777961,0,source_row:4460,True,1.0,0.2899044240278954,-340.4748861717956,0,source_row:4460,True,1.0,0.2982343672458682,-340.36315357628075,8.278707666572302,0.737515551616997,1,-340.2530110569272,-340.7080456884603,0.4550346315331239,2,0.0484120821140721,-0.5973568182516991,0.3645404251560263,-0.1164081965478363,-2.6721900767164293,0.04564734745764,0.0252633643126459,0.1117325955148658,0.10340265229689294,0.008329943217972868,both_correct,0.008329943217972813
111,303,151,response_tables/trial_00151_hard_negative_structure_obs-empirical_prior-axis_edge_orthogonal_rel1x.npz,hard_negative_structure,empirical,axis_edge_orthogonal,1.0,per_candidate,1.0,4,16,40,756,0,source_row:4460,-1,6,0.0240852516144514,0.7,0.01,time_varying,1.5,0.5,catalog_residual_profile,topk_logmeanexp,2,0.19,outputs/fixation_statistics_by_stimulus_all_sessions_after_review/backimage_image_disjoint_compact_basis_delta025_v1/image_disjoint_compact_basis_delta0p25_fold0of2.npz,10,0,source_row:4460,True,1.0,0.6976985626902206,-339.09615479353283,0,source_row:4460,True,1.0,0.0463542937224019,-348.64186124285305,0,source_row:4460,True,1.0,0.3857788594166322,-340.6773162136559,0,source_row:4460,True,1.0,0.3752042336610657,-339.7658414711142,0,source_row:4460,True,1.0,0.3863167526233155,-339.7352090933816,8.906652149471427,0.7419380560100786,10,-339.60930215749613,-340.2536388902205,0.644336732724355,2,0.0261603785013124,0.6583961415964683,0.6861666440266596,0.672281392811564,-0.0722737561130641,0.0301300267670464,0.0252633643126459,0.03063237773255878,0.01951985877030893,0.011112518962249851,both_correct,0.011112518962249796
112,304,152,response_tables/trial_00152_hard_negative_structure_obs-empirical_prior-axis_edge_parallel_rel2x.npz,hard_negative_structure,empirical,axis_edge_parallel,2.0,per_candidate,1.0,4,16,40,756,0,source_row:4460,-1,0,0.0789981409907341,0.7,0.01,time_varying,1.5,0.5,catalog_residual_profile,topk_logmeanexp,2,0.19,outputs/fixation_statistics_by_stimulus_all_sessions_after_review/backimage_image_disjoint_compact_basis_delta025_v1/image_disjoint_compact_basis_delta0p25_fold0of2.npz,10,0,source_row:4460,True,1.0,1.0398755845167784,-413.4108511971826,2,source_row:10501,False,2.0,-0.4811319170010506,-437.44450465814873,0,source_row:4460,True,1.0,0.0379488102418008,-417.02645893497936,0,source_row:4460,True,1.0,0.0575565951191947,-415.5369535746926,0,source_row:4460,True,1.0,0.1314788093537231,-415.5685364412604,21.87596821688834,0.891931122934855,4,-415.35985661918346,-416.1198278586419,0.759971239458423,2,0.0917353044192657,-0.8647893028589531,0.7360787414332336,-0.0643552807128597,-2.296329763459143,0.0974375502068594,0.0505267286252919,-0.031582866567816836,-0.10550508080234522,0.07392221423452838,both_correct,0.07392221423452841
113,305,152,response_tables/trial_00152_hard_negative_structure_obs-empirical_prior-axis_edge_orthogonal_rel2x.npz,hard_negative_structure,empirical,axis_edge_orthogonal,2.0,per_candidate,1.0,4,16,40,756,0,source_row:4460,-1,0,0.0625929087400436,0.7,0.01,time_varying,1.5,0.5,catalog_residual_profile,topk_logmeanexp,2,0.19,outputs/fixation_statistics_by_stimulus_all_sessions_after_review/backimage_image_disjoint_compact_basis_delta025_v1/image_disjoint_compact_basis_delta0p25_fold0of2.npz,10,0,source_row:4460,True,1.0,1.0398755845167784,-413.4108511971826,2,source_row:10501,False,2.0,-0.4811319170010506,-437.44450465814873,0,source_row:4460,True,1.0,0.2421099868196279,-416.1878815176913,0,source_row:4460,True,1.0,0.2448844114121584,-415.0519939922976,0,source_row:4460,True,1.0,0.3101996692385569,-414.98962661332246,22.45487804482628,0.8241088696475627,4,-414.7878524859044,-415.63355250407847,0.8457000181740568,2,0.0488948989753984,0.8432907122928297,0.7520638803755413,0.7976772963341855,0.063549674039974,0.0692082785220833,0.0505267286252919,0.06236737897512512,-0.002947878851216501,0.06531525782634162,both_correct,0.06531525782639852
114,306,153,response_tables/trial_00153_hard_negative_structure_obs-empirical_prior-axis_edge_parallel_rel0p5x.npz,hard_negative_structure,empirical,axis_edge_parallel,0.5,per_candidate,1.0,4,16,40,756,0,source_row:4953,-1,2,0.014839269220829,0.7,0.01,time_varying,1.5,0.5,catalog_residual_profile,topk_logmeanexp,2,0.19,outputs/fixation_statistics_by_stimulus_all_sessions_after_review/backimage_image_disjoint_compact_basis_delta025_v1/image_disjoint_compact_basis_delta0p25_fold0of2.npz,10,0,source_row:4953,True,1.0,0.2335604413967758,-248.84776217257075,0,source_row:4953,True,1.0,0.0082426420736112,-249.23547988166968,0,source_row:4953,True,1.0,0.1529662182989852,-249.5594420345717,0,source_row:4953,True,1.0,0.08367833865762,-249.06671574566624,0,source_row:4953,True,1.0,0.1138555642220922,-249.1370395155108,0.0984403661588544,0.996819144616064,8,-249.04671717167537,-249.5093248421809,0.4626076705054913,2,0.0186431190607623,0.0975385614018004,0.1830440590862544,0.1402913102440274,-3.1667291850568047,0.0173035195029404,0.0091331572639869,-0.07032376984454913,-0.10050099540907809,0.030177225564528953,both_correct,0.030177225564472193
115,307,153,response_tables/trial_00153_hard_negative_structure_obs-empirical_prior-axis_edge_orthogonal_rel0p5x.npz,hard_negative_structure,empirical,axis_edge_orthogonal,0.5,per_candidate,1.0,4,16,40,756,0,source_row:4953,-1,7,0.0155830672010779,0.7,0.01,time_varying,1.5,0.5,catalog_residual_profile,topk_logmeanexp,2,0.19,outputs/fixation_statistics_by_stimulus_all_sessions_after_review/backimage_image_disjoint_compact_basis_delta025_v1/image_disjoint_compact_basis_delta0p25_fold0of2.npz,10,0,source_row:4953,True,1.0,0.2335604413967758,-248.84776217257075,0,source_row:4953,True,1.0,0.0082426420736112,-249.23547988166968,0,source_row:4953,True,1.0,0.2189750806062704,-249.64968368691652,0,source_row:4953,True,1.0,0.1176303042915378,-249.09057370972644,0,source_row:4953,True,1.0,0.1627051335769351,-249.1616710488404,0.073808832829286,0.995634693096138,7,-249.0545566488898,-249.60867191309217,0.5541152642023803,2,0.0157101118776372,0.0131216625653442,0.0542430744418273,0.0336823685035858,-1.9588073167082003,0.0130437301390979,0.0091331572639869,-0.07109733911394756,-0.11617216839925959,0.045074829285312035,both_correct,0.045074829285397314
116,308,154,response_tables/trial_00154_hard_negative_structure_obs-empirical_prior-axis_edge_parallel_rel1x.npz,hard_negative_structure,empirical,axis_edge_parallel,1.0,per_candidate,1.0,4,16,40,756,0,source_row:4953,-1,1,0.0342390090227127,0.7,0.01,time_varying,1.5,0.5,catalog_residual_profile,topk_logmeanexp,2,0.19,outputs/fixation_statistics_by_stimulus_all_sessions_after_review/backimage_image_disjoint_compact_basis_delta025_v1/image_disjoint_compact_basis_delta0p25_fold0of2.npz,10,0,source_row:4953,True,1.0,0.3701483919445536,-289.98060690985244,2,source_row:5919,False,3.0,-0.3148822638820547,-292.3064736853363,0,source_row:4953,True,1.0,0.5103370408908177,-292.376822809102,0,source_row:4953,True,1.0,0.480562737114667,-291.09338182253146,0,source_row:4953,True,1.0,0.4646484270238034,-290.8905860426366,1.4158876426997151,0.795269201848775,4,-290.6873654877889,-291.6910159370334,1.0036504492444465,2,0.0545315455769128,0.2859663245638119,0.0160402393880641,0.151003281975938,-7.912381140825172,0.0546287321335572,0.0182663145279738,0.20279577989487052,0.21871008998573416,-0.015914310090863637,both_correct,-0.015914310090863637
117,309,154,response_tables/trial_00154_hard_negative_structure_obs-empirical_prior-axis_edge_orthogonal_rel1x.npz,hard_negative_structure,empirical,axis_edge_orthogonal,1.0,per_candidate,1.0,4,16,40,756,0,source_row:4953,-1,9,0.0333153195679187,0.7,0.01,time_varying,1.5,0.5,catalog_residual_profile,topk_logmeanexp,2,0.19,outputs/fixation_statistics_by_stimulus_all_sessions_after_review/backimage_image_disjoint_compact_basis_delta025_v1/image_disjoint_compact_basis_delta0p25_fold0of2.npz,10,0,source_row:4953,True,1.0,0.3701483919445536,-289.98060690985244,2,source_row:5919,False,3.0,-0.3148822638820547,-292.3064736853363,0,source_row:4953,True,1.0,0.7925347589391549,-292.80230943344304,0,source_row:4953,True,1.0,0.7310645361922639,-291.1557129510578,0,source_row:4953,True,1.0,0.5741512784699694,-291.1626539234959,1.143819761840405,0.8000272838314673,9,-290.9027991886676,-292.2326992226771,1.3299000340095972,2,0.0394618813019903,-0.3226787953258163,0.0585104994113213,-0.1320841479572474,-3.667170952708205,0.0340299103088716,0.0182663145279738,-0.006940972438087556,0.14997228528420692,-0.15691325772229447,both_correct,-0.15691325772229447
118,310,155,response_tables/trial_00155_hard_negative_structure_obs-empirical_prior-axis_edge_parallel_rel2x.npz,hard_negative_structure,empirical,axis_edge_parallel,2.0,per_candidate,1.0,4,16,40,756,0,source_row:4953,-1,3,0.057727288454771,0.7,0.01,time_varying,1.5,0.5,catalog_residual_profile,topk_logmeanexp,2,0.19,outputs/fixation_statistics_by_stimulus_all_sessions_after_review/backimage_image_disjoint_compact_basis_delta025_v1/image_disjoint_compact_basis_delta0p25_fold0of2.npz,10,0,source_row:4953,True,1.0,0.7911282723961222,-389.0853209671692,2,source_row:5919,False,3.0,-0.9211753309762684,-403.8023959133799,0,source_row:4953,True,1.0,0.5248183772750963,-391.8733536547803,0,source_row:4953,True,1.0,0.4479721035716579,-390.9676621493191,0,source_row:4953,True,1.0,0.4809116740062222,-390.91169321226687,12.890702701113014,0.3893997260829906,8,-390.7653635525236,-391.3800200708678,0.6146565183441908,2,0.0915730917343533,-0.3642640792394558,0.0730495864691549,-0.1456072463851504,-5.283098963826431,0.0752636757297666,0.0365326290559477,0.05596893705222783,0.02302936661772037,0.03293957043450746,both_correct,0.0329395704345643
119,311,155,response_tables/trial_00155_hard_negative_structure_obs-empirical_prior-axis_edge_orthogonal_rel2x.npz,hard_negative_structure,empirical,axis_edge_orthogonal,2.0,per_candidate,1.0,4,16,40,756,0,source_row:4953,-1,15,0.0637531504034996,0.7,0.01,time_varying,1.5,0.5,catalog_residual_profile,topk_logmeanexp,2,0.19,outputs/fixation_statistics_by_stimulus_all_sessions_after_review/backimage_image_disjoint_compact_basis_delta025_v1/image_disjoint_compact_basis_delta0p25_fold0of2.npz,10,0,source_row:4953,True,1.0,0.7911282723961222,-389.0853209671692,2,source_row:5919,False,3.0,-0.9211753309762684,-403.8023959133799,0,source_row:4953,True,1.0,0.5992341742688723,-392.83919856089744,0,source_row:4953,True,1.0,0.4489013477398771,-391.9000017285088,0,source_row:4953,True,1.0,0.633773086864835,-391.6079340342272,12.19446187915264,0.1654169208685572,3,-391.32958776992615,-392.2564082962546,0.92682052632847,2,0.0731704011784151,0.1834181421416724,0.053143140055666,0.1182806410986692,-3.011520519735829,0.0655890739791519,0.0365326290559477,0.29206769428162715,0.10719595515655556,0.1848717391250716,both_correct,0.1848717391249579
120,312,156,response_tables/trial_00156_hard_negative_structure_obs-empirical_prior-axis_edge_parallel_rel0p5x.npz,hard_negative_structure,empirical,axis_edge_parallel,0.5,per_candidate,1.0,4,16,40,756,0,source_row:5125,-1,3,0.0179369077086448,0.7,0.01,time_varying,1.5,0.5,catalog_residual_profile,topk_logmeanexp,2,0.19,outputs/fixation_statistics_by_stimulus_all_sessions_after_review/backimage_image_disjoint_compact_basis_delta025_v1/image_disjoint_compact_basis_delta0p25_fold0of2.npz,10,0,source_row:5125,True,1.0,2.352175330792704,-285.9224844932454,0,source_row:5125,True,1.0,1.286622493178868,-286.3286630159729,0,source_row:5125,True,1.0,1.4114944920852397,-287.193386361897,0,source_row:5125,True,1.0,1.2785728835372652,-286.2646120830752,0,source_row:5125,True,1.0,1.446525581911942,-286.3891656114714,-0.0605025954984626,0.9885387379719874,3,-286.21386692840497,-287.09831594641,0.8844490180050002,2,0.0192699098881382,0.1296820648219474,0.0731956928467379,0.1014388788343426,-2.122705363228435,0.0170709639545184,0.0109047114753247,-0.12455352839623401,-0.292506226770854,0.16795269837462,both_correct,0.16795269837467686
121,313,156,response_tables/trial_00156_hard_negative_structure_obs-empirical_prior-axis_edge_orthogonal_rel0p5x.npz,hard_negative_structure,empirical,axis_edge_orthogonal,0.5,per_candidate,1.0,4,16,40,756,0,source_row:5125,-1,2,0.0176181588321924,0.7,0.01,time_varying,1.5,0.5,catalog_residual_profile,topk_logmeanexp,2,0.19,outputs/fixation_statistics_by_stimulus_all_sessions_after_review/backimage_image_disjoint_compact_basis_delta025_v1/image_disjoint_compact_basis_delta0p25_fold0of2.npz,10,0,source_row:5125,True,1.0,2.352175330792704,-285.9224844932454,0,source_row:5125,True,1.0,1.286622493178868,-286.3286630159729,0,source_row:5125,True,1.0,2.216863689338936,-287.2099533460235,0,source_row:5125,True,1.0,1.7067425383237946,-286.1778402797348,0,source_row:5125,True,1.0,1.748735208170615,-286.3312074330851,-0.0025444171121762,0.9452827919400616,2,-286.1552005361005,-287.0596428534922,0.9044423173916698,2,0.0224484968415387,0.4972773079321713,0.357802209742159,0.4275397588371651,-3.2378557824960863,0.0244201435687062,0.0109047114753247,-0.1533671533503025,0.09015434794588373,-0.24352150129618622,both_correct,0.04199266984682026
122,314,157,response_tables/trial_00157_hard_negative_structure_obs-empirical_prior-axis_edge_parallel_rel1x.npz,hard_negative_structure,empirical,axis_edge_parallel,1.0,per_candidate,1.0,4,16,40,756,0,source_row:5125,-1,6,0.0375074669718742,0.7,0.01,time_varying,1.5,0.5,catalog_residual_profile,topk_logmeanexp,2,0.19,outputs/fixation_statistics_by_stimulus_all_sessions_after_review/backimage_image_disjoint_compact_basis_delta025_v1/image_disjoint_compact_basis_delta0p25_fold0of2.npz,10,0,source_row:5125,True,1.0,1.7386280039527264,-363.4267153796435,2,source_row:966,False,3.0,-2.995287622034482,-368.3938457262736,0,source_row:5125,True,1.0,0.4096117952455529,-365.7205778574796,0,source_row:5125,True,1.0,0.6179810930914869,-364.5934237079618,0,source_row:5125,True,1.0,0.6159604739455062,-364.6875291876045,3.706316538669114,-0.2311290190774737,15,-364.4873278699732,-365.3850043811461,0.8976765111729605,2,0.0494492938323454,-0.3783486156702407,0.2542783974432679,-0.0620351091134863,-4.14081337630276,0.0410914388251048,0.0218094229506495,-0.09410547964273519,-0.09208486049669773,-0.002020619146037461,both_correct,-0.0020206191459806178
123,315,157,response_tables/trial_00157_hard_negative_structure_obs-empirical_prior-axis_edge_orthogonal_rel1x.npz,hard_negative_structure,empirical,axis_edge_orthogonal,1.0,per_candidate,1.0,4,16,40,756,0,source_row:5125,-1,12,0.0352363176643848,0.7,0.01,time_varying,1.5,0.5,catalog_residual_profile,topk_logmeanexp,2,0.19,outputs/fixation_statistics_by_stimulus_all_sessions_after_review/backimage_image_disjoint_compact_basis_delta025_v1/image_disjoint_compact_basis_delta0p25_fold0of2.npz,10,0,source_row:5125,True,1.0,1.7386280039527264,-363.4267153796435,2,source_row:966,False,3.0,-2.995287622034482,-368.3938457262736,0,source_row:5125,True,1.0,0.7796160370585312,-365.6093338565473,0,source_row:5125,True,1.0,0.8981743699814047,-364.2360212494635,0,source_row:5125,True,1.0,0.7815324481491643,-364.51187710572,3.8819686205536073,0.1629707266487562,12,-364.1712090175962,-365.30890070595126,1.137691688355062,2,0.0339947465960052,0.352878101566065,0.2660471024417509,0.3094626020039079,-1.429602728804526,0.0324545159360509,0.0218094229506495,-0.27585585625649856,-0.15921393442431508,-0.11664192183218347,both_correct,-0.11664192183224031
124,316,158,response_tables/trial_00158_hard_negative_structure_obs-empirical_prior-axis_edge_parallel_rel2x.npz,hard_negative_structure,empirical,axis_edge_parallel,2.0,per_candidate,1.0,4,16,40,756,0,source_row:5125,-1,1,0.0772012993693351,0.7,0.01,time_varying,1.5,0.5,catalog_residual_profile,topk_logmeanexp,2,0.19,outputs/fixation_statistics_by_stimulus_all_sessions_after_review/backimage_image_disjoint_compact_basis_delta025_v1/image_disjoint_compact_basis_delta0p25_fold0of2.npz,10,0,source_row:5125,True,1.0,2.0831681287808124,-524.0534304896829,2,source_row:966,False,4.0,-13.246085231265395,-554.9787943792409,0,source_row:5125,True,1.0,0.1719061408223297,-529.5799084928868,0,source_row:5125,True,1.0,0.2437245595722288,-528.3526678865277,3,source_row:420,False,2.0,-0.1029326497067586,-528.2112328793968,26.76756149984408,0.389112998571661,13,-527.9496224285556,-528.9895102796579,1.0398878511023213,2,0.094446999065166,0.4668211199121522,-0.1903556062020529,0.1382327568550496,-3.688435930794647,0.0949882338910005,0.0436188459012991,0.14143500713089452,0.7650449054741557,-0.6236098983432612,lost_by_residual,-0.3466572092789874
125,317,158,response_tables/trial_00158_hard_negative_structure_obs-empirical_prior-axis_edge_orthogonal_rel2x.npz,hard_negative_structure,empirical,axis_edge_orthogonal,2.0,per_candidate,1.0,4,16,40,756,0,source_row:5125,-1,1,0.0704726353287696,0.7,0.01,time_varying,1.5,0.5,catalog_residual_profile,topk_logmeanexp,2,0.19,outputs/fixation_statistics_by_stimulus_all_sessions_after_review/backimage_image_disjoint_compact_basis_delta025_v1/image_disjoint_compact_basis_delta0p25_fold0of2.npz,10,0,source_row:5125,True,1.0,2.0831681287808124,-524.0534304896829,2,source_row:966,False,4.0,-13.246085231265395,-554.9787943792409,0,source_row:5125,True,1.0,0.2779445381654568,-529.2665575477687,0,source_row:5125,True,1.0,0.7524142768871798,-527.47805674017,0,source_row:5125,True,1.0,0.3662644184558985,-527.7701017540286,27.20869262521228,0.2717202744326331,3,-527.240541522552,-528.7931896341281,1.5526481115761044,2,0.0768362895934495,0.0998974524913782,0.142822049768683,0.1213597511300306,-2.103018954170464,0.0685459757279811,0.0436188459012991,-0.2920450138585693,0.5303832944235864,-0.8224283082821557,both_correct,-0.38614985843128125
126,318,159,response_tables/trial_00159_hard_negative_structure_obs-empirical_prior-axis_edge_parallel_rel0p5x.npz,hard_negative_structure,empirical,axis_edge_parallel,0.5,per_candidate,1.0,4,16,40,756,0,source_row:5164,-1,1,0.0207343734800815,0.7,0.01,time_varying,1.5,0.5,catalog_residual_profile,topk_logmeanexp,2,0.19,outputs/fixation_statistics_by_stimulus_all_sessions_after_review/backimage_image_disjoint_compact_basis_delta025_v1/image_disjoint_compact_basis_delta0p25_fold0of2.npz,10,0,source_row:5164,True,1.0,1.422912083648498,-303.12540835405025,0,source_row:5164,True,1.0,0.3535166215984304,-305.0303529401374,0,source_row:5164,True,1.0,1.097140023884549,-304.52133987354006,0,source_row:5164,True,1.0,1.135582952487141,-303.58753280491806,0,source_row:5164,True,1.0,1.1051520737523788,-303.6669599236185,1.3633930165188417,0.7707406645263777,14,-303.5164575424988,-303.9572019411025,0.4407443986037265,2,0.0298286764265854,-0.2886385845886599,0.0292868761493771,-0.1296758542196414,-2.2074189358304066,0.0224879449226047,0.0166554410871156,-0.07942711870043695,-0.04899623996573155,-0.030430878734705402,both_correct,-0.030430878734762246
127,319,159,response_tables/trial_00159_hard_negative_structure_obs-empirical_prior-axis_edge_orthogonal_rel0p5x.npz,hard_negative_structure,empirical,axis_edge_orthogonal,0.5,per_candidate,1.0,4,16,40,756,0,source_row:5164,-1,1,0.0239956472069025,0.7,0.01,time_varying,1.5,0.5,catalog_residual_profile,topk_logmeanexp,2,0.19,outputs/fixation_statistics_by_stimulus_all_sessions_after_review/backimage_image_disjoint_compact_basis_delta025_v1/image_disjoint_compact_basis_delta0p25_fold0of2.npz,10,0,source_row:5164,True,1.0,1.422912083648498,-303.12540835405025,0,source_row:5164,True,1.0,0.3535166215984304,-305.0303529401374,0,source_row:5164,True,1.0,1.169960443443017,-304.70486053616946,0,source_row:5164,True,1.0,1.405121028459746,-303.706203218773,0,source_row:5164,True,1.0,1.2185235633073717,-303.8304565512485,1.1998963888888738,0.8158847298696538,14,-303.635094931046,-304.2349175438527,0.5998226128066904,2,0.0340699531273448,-0.6682889211742792,0.0792081840521005,-0.2945403685610893,-3.184376890397897,0.0259273877220784,0.0166554410871156,-0.12425333247551862,0.06234413267685568,-0.1865974651523743,both_correct,-0.1865974651523743
128,320,160,response_tables/trial_00160_hard_negative_structure_obs-empirical_prior-axis_edge_parallel_rel1x.npz,hard_negative_structure,empirical,axis_edge_parallel,1.0,per_candidate,1.0,4,16,40,756,0,source_row:5164,-1,15,0.040804885327816,0.7,0.01,time_varying,1.5,0.5,catalog_residual_profile,topk_logmeanexp,2,0.19,outputs/fixation_statistics_by_stimulus_all_sessions_after_review/backimage_image_disjoint_compact_basis_delta025_v1/image_disjoint_compact_basis_delta0p25_fold0of2.npz,10,0,source_row:5164,True,1.0,1.8038504273505964,-372.60868538209377,2,source_row:1446,False,3.0,-2.388500510134236,-381.4972978667472,0,source_row:5164,True,1.0,1.0797348538916935,-375.6293624315036,0,source_row:5164,True,1.0,0.6278754050175053,-374.5586370996934,0,source_row:5164,True,1.0,1.1734523028729882,-373.8907337806711,7.606564086076105,-0.7368243318199518,10,-373.7357419321459,-374.3846736809053,0.6489317487593667,2,0.078833468302386,-0.2368404578112146,0.056262470137422,-0.0902889938368963,-4.600786259938493,0.0662059885932999,0.0333108821742312,0.6679033190222867,0.12232642116680381,0.5455768978554829,both_correct,0.5455768978554829
129,321,160,response_tables/trial_00160_hard_negative_structure_obs-empirical_prior-axis_edge_orthogonal_rel1x.npz,hard_negative_structure,empirical,axis_edge_orthogonal,1.0,per_candidate,1.0,4,16,40,756,0,source_row:5164,-1,15,0.0485837794840335,0.7,0.01,time_varying,1.5,0.5,catalog_residual_profile,topk_logmeanexp,2,0.19,outputs/fixation_statistics_by_stimulus_all_sessions_after_review/backimage_image_disjoint_compact_basis_delta025_v1/image_disjoint_compact_basis_delta0p25_fold0of2.npz,10,0,source_row:5164,True,1.0,1.8038504273505964,-372.60868538209377,2,source_row:1446,False,3.0,-2.388500510134236,-381.4972978667472,0,source_row:5164,True,1.0,1.4573622263749255,-375.3005429355304,0,source_row:5164,True,1.0,1.1944883198916614,-374.2833178866212,0,source_row:5164,True,1.0,1.6719895198469317,-373.8355211537913,7.661776712955884,-0.6921945918615469,14,-373.7006189218752,-374.2764088490773,0.575789927202095,2,0.0937737295807235,-0.3477691970009752,0.0133762947307235,-0.1671964511351258,-6.924832829400203,0.0834687950372779,0.0333108821742312,0.44779673282988597,0.7920101425912662,-0.34421340976138026,both_correct,0.4775011999552703
130,322,161,response_tables/trial_00161_hard_negative_structure_obs-empirical_prior-axis_edge_parallel_rel2x.npz,hard_negative_structure,empirical,axis_edge_parallel,2.0,per_candidate,1.0,4,16,40,756,0,source_row:5164,-1,10,0.0825803875923156,0.7,0.01,time_varying,1.5,0.5,catalog_residual_profile,topk_logmeanexp,2,0.19,outputs/fixation_statistics_by_stimulus_all_sessions_after_review/backimage_image_disjoint_compact_basis_delta025_v1/image_disjoint_compact_basis_delta0p25_fold0of2.npz,10,0,source_row:5164,True,1.0,2.2909161113237246,-436.2411788367344,2,source_row:1446,False,4.0,-5.548804827846197,-454.9672827050167,0,source_row:5164,True,1.0,1.2597297631540414,-440.0036920345267,0,source_row:5164,True,1.0,1.346387269586387,-439.0051933550734,0,source_row:5164,True,1.0,1.2570638885127323,-439.01988545429913,15.947397250717586,-0.9145077865497946,1,-438.7016928557699,-439.6271750635957,0.9254822078257804,2,0.1814202802391531,-0.7890604264581315,-0.1360957589394483,-0.4625780926987899,-6.415482374912118,0.1289914858195363,0.0666217643484625,-0.014692099225726452,0.07463128184787138,-0.08932338107359783,both_correct,-0.08932338107365467
131,323,161,response_tables/trial_00161_hard_negative_structure_obs-empirical_prior-axis_edge_orthogonal_rel2x.npz,hard_negative_structure,empirical,axis_edge_orthogonal,2.0,per_candidate,1.0,4,16,40,756,0,source_row:5164,-1,13,0.0966485738754272,0.7,0.01,time_varying,1.5,0.5,catalog_residual_profile,topk_logmeanexp,2,0.19,outputs/fixation_statistics_by_stimulus_all_sessions_after_review/backimage_image_disjoint_compact_basis_delta025_v1/image_disjoint_compact_basis_delta0p25_fold0of2.npz,10,0,source_row:5164,True,1.0,2.2909161113237246,-436.2411788367344,2,source_row:1446,False,4.0,-5.548804827846197,-454.9672827050167,0,source_row:5164,True,1.0,2.046958279892408,-439.93072357854027,0,source_row:5164,True,1.0,1.7798110580837374,-439.14856098703,0,source_row:5164,True,1.0,2.210964377093717,-438.90895171871415,16.058330986302565,-0.7997836268470623,7,-438.7572394109276,-439.4815621036277,0.7243226927001274,2,0.1212017670134132,0.0432194854860852,0.1623252333713122,0.1027723594286987,-2.309677237596279,0.105125209398164,0.0666217643484625,0.23960926831585994,-0.19154405069417635,0.4311533190100363,both_correct,0.43115331900997944
132,324,162,response_tables/trial_00162_hard_negative_structure_obs-empirical_prior-axis_edge_parallel_rel0p5x.npz,hard_negative_structure,empirical,axis_edge_parallel,0.5,per_candidate,1.0,4,16,40,756,0,source_row:5444,-1,4,0.1133007705211639,0.7,0.01,time_varying,1.5,0.5,catalog_residual_profile,topk_logmeanexp,2,0.19,outputs/fixation_statistics_by_stimulus_all_sessions_after_review/backimage_image_disjoint_compact_basis_delta025_v1/image_disjoint_compact_basis_delta0p25_fold0of2.npz,10,0,source_row:5444,True,1.0,12.094957107555388,-391.608985282774,0,source_row:5444,True,1.0,1.6130831590651835,-408.40372424011935,0,source_row:5444,True,1.0,3.99206980198062,-401.5727495745384,0,source_row:5444,True,1.0,4.141493525546252,-399.53930362807534,0,source_row:5444,True,1.0,3.575955376901561,-398.4682255038656,9.935498736253749,0.8200857081120788,5,-398.0451049186556,-399.73954082116006,1.6944359025044378,2,0.2987536939560516,-0.0637076776881622,0.2604887041296316,0.0983905132207347,-11.396356922553744,0.2839431117682322,0.0848528136520696,1.0710781242097482,1.86906061013741,-0.7979824859276619,both_correct,-0.5655381486446913
133,325,162,response_tables/trial_00162_hard_negative_structure_obs-empirical_prior-axis_edge_orthogonal_rel0p5x.npz,hard_negative_structure,empirical,axis_edge_orthogonal,0.5,per_candidate,1.0,4,16,40,756,0,source_row:5444,-1,12,0.1185441687703132,0.7,0.01,time_varying,1.5,0.5,catalog_residual_profile,topk_logmeanexp,2,0.19,outputs/fixation_statistics_by_stimulus_all_sessions_after_review/backimage_image_disjoint_compact_basis_delta025_v1/image_disjoint_compact_basis_delta0p25_fold0of2.npz,10,0,source_row:5444,True,1.0,12.094957107555388,-391.608985282774,0,source_row:5444,True,1.0,1.6130831590651835,-408.40372424011935,0,source_row:5444,True,1.0,5.721437072187428,-400.4930846223336,0,source_row:5444,True,1.0,5.448646237449054,-398.7372460998639,0,source_row:5444,True,1.0,5.482061125831763,-398.4676083132228,9.936115926896548,0.7813338862180744,5,-398.0740461756238,-399.8107189650978,1.736672789474028,2,0.2429053043735881,-0.0908274761928246,-0.1541199498216298,-0.1224737130072272,-7.194859308115181,0.2186939633674294,0.0848528136520696,0.2696377866411126,0.8274835032705141,-0.5578457166294015,both_correct,0.03341488838270834
134,326,163,response_tables/trial_00163_hard_negative_structure_obs-empirical_prior-axis_edge_parallel_rel1x.npz,hard_negative_structure,empirical,axis_edge_parallel,1.0,per_candidate,1.0,4,16,40,756,0,source_row:5444,-1,3,0.1185494884848594,0.7,0.01,time_varying,1.5,0.5,catalog_residual_profile,topk_logmeanexp,2,0.19,outputs/fixation_statistics_by_stimulus_all_sessions_after_review/backimage_image_disjoint_compact_basis_delta025_v1/image_disjoint_compact_basis_delta0p25_fold0of2.npz,10,0,source_row:5444,True,1.0,12.094957107555388,-391.608985282774,0,source_row:5444,True,1.0,1.6130831590651835,-408.40372424011935,0,source_row:5444,True,1.0,2.4210468020713165,-400.82076984814495,0,source_row:5444,True,1.0,2.1439070987997297,-398.9841309208598,0,source_row:5444,True,1.0,2.680534839976758,-398.7531815008938,9.650542739225555,0.7257142929672123,5,-398.49057091621137,-399.82448947473415,1.3339185585227824,2,0.3039542640009162,-0.1613265688296536,0.2352668910001482,0.0369701610852472,-11.831693722362768,0.2842898189216832,0.0848528136520696,0.23094941996600937,-0.305678321211019,0.5366277411770284,both_correct,0.5366277411770284
135,327,163,response_tables/trial_00163_hard_negative_structure_obs-empirical_prior-axis_edge_orthogonal_rel1x.npz,hard_negative_structure,empirical,axis_edge_orthogonal,1.0,per_candidate,1.0,4,16,40,756,0,source_row:5444,-1,4,0.1242555603384971,0.7,0.01,time_varying,1.5,0.5,catalog_residual_profile,topk_logmeanexp,2,0.19,outputs/fixation_statistics_by_stimulus_all_sessions_after_review/backimage_image_disjoint_compact_basis_delta025_v1/image_disjoint_compact_basis_delta0p25_fold0of2.npz,10,0,source_row:5444,True,1.0,12.094957107555388,-391.608985282774,0,source_row:5444,True,1.0,1.6130831590651835,-408.40372424011935,0,source_row:5444,True,1.0,5.767241692376047,-399.21714278005686,0,source_row:5444,True,1.0,6.655683923807771,-397.3665892327623,0,source_row:5444,True,1.0,5.920058977340773,-397.7787288368944,10.624995403224943,0.7602767273003325,0,-397.1913857614169,-398.9084634228018,1.7170776613849057,2,0.1627318755268071,0.1832843817886476,0.028272149701632,0.1057782657451398,-2.678008801228561,0.1415926889620287,0.0848528136520696,-0.4121396041321077,0.3234853423348909,-0.7356249464669986,both_correct,-0.7356249464669986
136,328,164,response_tables/trial_00164_hard_negative_structure_obs-empirical_prior-axis_edge_parallel_rel2x.npz,hard_negative_structure,empirical,axis_edge_parallel,2.0,per_candidate,1.0,4,16,40,756,0,source_row:5444,-1,0,0.1224075332283973,0.7,0.01,time_varying,1.5,0.5,catalog_residual_profile,topk_logmeanexp,2,0.19,outputs/fixation_statistics_by_stimulus_all_sessions_after_review/backimage_image_disjoint_compact_basis_delta025_v1/image_disjoint_compact_basis_delta0p25_fold0of2.npz,10,0,source_row:5444,True,1.0,12.094957107555388,-391.608985282774,0,source_row:5444,True,1.0,1.6130831590651835,-408.40372424011935,0,source_row:5444,True,1.0,2.6523845027818425,-399.9022344612533,0,source_row:5444,True,1.0,3.026678483401952,-398.4163409788824,0,source_row:5444,True,1.0,3.428414041145857,-398.00003197259184,10.403692267527504,0.6284296811461038,7,-397.5514032443892,-398.8930723770607,1.341669132671484,2,0.2643014073729164,-0.4416575803651117,-0.1228029280181889,-0.2822302541916503,-8.70211584555696,0.2325163576197769,0.0848528136520696,0.4163090062905326,0.13577649496562572,0.28053251132490686,both_correct,0.40173555774390524
137,329,164,response_tables/trial_00164_hard_negative_structure_obs-empirical_prior-axis_edge_orthogonal_rel2x.npz,hard_negative_structure,empirical,axis_edge_orthogonal,2.0,per_candidate,1.0,4,16,40,756,0,source_row:5444,-1,2,0.1251001954078674,0.7,0.01,time_varying,1.5,0.5,catalog_residual_profile,topk_logmeanexp,2,0.19,outputs/fixation_statistics_by_stimulus_all_sessions_after_review/backimage_image_disjoint_compact_basis_delta025_v1/image_disjoint_compact_basis_delta0p25_fold0of2.npz,10,0,source_row:5444,True,1.0,12.094957107555388,-391.608985282774,0,source_row:5444,True,1.0,1.6130831590651835,-408.40372424011935,0,source_row:5444,True,1.0,7.775055918012924,-397.2390909670174,0,source_row:5444,True,1.0,8.094500705565224,-395.4921102888091,0,source_row:5444,True,1.0,8.531076663285546,-395.7129824201379,12.69074181998144,0.6759304132502968,7,-395.2299752574792,-396.6681118480861,1.4381365906069732,2,0.1262072796271578,-0.2310848094358618,0.0330966874066864,-0.0989940610145877,-1.2122607589993422,0.0940084365495287,0.0848528136520696,-0.2208721313288038,-0.6574480890491259,0.4365759577203221,both_correct,0.4365759577203221
138,330,165,response_tables/trial_00165_hard_negative_structure_obs-empirical_prior-axis_edge_parallel_rel0p5x.npz,hard_negative_structure,empirical,axis_edge_parallel,0.5,per_candidate,1.0,4,16,40,756,0,source_row:5575,-1,6,0.1167288422584533,0.7,0.01,time_varying,1.5,0.5,catalog_residual_profile,topk_logmeanexp,2,0.19,outputs/fixation_statistics_by_stimulus_all_sessions_after_review/backimage_image_disjoint_compact_basis_delta025_v1/image_disjoint_compact_basis_delta0p25_fold0of2.npz,10,0,source_row:5575,True,1.0,1.3070387558151992,-458.46757056877226,3,source_row:1425,False,4.0,-9.947507358064684,-490.7998357238648,3,source_row:1425,False,4.0,-0.6652784403685814,-465.2694460214349,3,source_row:1425,False,3.0,-0.3053172879432395,-463.037420980376,0,source_row:5575,True,1.0,0.6648313644369068,-461.90383635230097,28.89599937156379,-0.4711883800751478,12,-461.55825712194815,-462.93830579248674,1.3800486705385993,2,0.1488087391310658,0.8746865731649309,0.7792696228951806,0.8269780980300558,-2.075561164664936,0.1471907531044409,0.0848528146164133,1.1335846280750275,0.16343597569482426,0.9701486523802032,rescued_by_residual,0.9701486523801464
139,331,165,response_tables/trial_00165_hard_negative_structure_obs-empirical_prior-axis_edge_orthogonal_rel0p5x.npz,hard_negative_structure,empirical,axis_edge_orthogonal,0.5,per_candidate,1.0,4,16,40,756,0,source_row:5575,-1,9,0.0863859355449676,0.7,0.01,time_varying,1.5,0.5,catalog_residual_profile,topk_logmeanexp,2,0.19,outputs/fixation_statistics_by_stimulus_all_sessions_after_review/backimage_image_disjoint_compact_basis_delta025_v1/image_disjoint_compact_basis_delta0p25_fold0of2.npz,10,0,source_row:5575,True,1.0,1.3070387558151992,-458.46757056877226,3,source_row:1425,False,4.0,-9.947507358064684,-490.7998357238648,0,source_row:5575,True,1.0,0.4282928965658925,-464.4938629386069,0,source_row:5575,True,1.0,0.0209566208731075,-462.8467457863249,0,source_row:5575,True,1.0,1.3928284707903344,-461.3922820180878,29.40755370577693,-0.7508877483680634,8,-461.1160906524256,-462.2063817555366,1.090291103111042,2,0.1581624729090221,-0.7564781059850352,0.6390452861545922,-0.0587164099152214,-2.474356572410392,0.0866807978003819,0.0848528146164133,1.4544637682370762,0.40038690269136623,1.05407686554571,both_correct,1.3718718499172269
140,332,166,response_tables/trial_00166_hard_negative_structure_obs-empirical_prior-axis_edge_parallel_rel1x.npz,hard_negative_structure,empirical,axis_edge_parallel,1.0,per_candidate,1.0,4,16,40,756,0,source_row:5575,-1,11,0.1159209758043289,0.7,0.01,time_varying,1.5,0.5,catalog_residual_profile,topk_logmeanexp,2,0.19,outputs/fixation_statistics_by_stimulus_all_sessions_after_review/backimage_image_disjoint_compact_basis_delta025_v1/image_disjoint_compact_basis_delta0p25_fold0of2.npz,10,0,source_row:5575,True,1.0,1.3070387558151992,-458.46757056877226,3,source_row:1425,False,4.0,-9.947507358064684,-490.7998357238648,2,source_row:1422,False,4.0,-0.70169137884983,-463.3341443861495,1,source_row:10140,False,2.0,-0.2494526142855306,-461.0367049892809,0,source_row:5575,True,1.0,0.4982308774015109,-460.46640741479,30.333428309074804,-0.9290588988493318,6,-460.1188361554409,-461.64271987889816,1.5238837234572884,2,0.159124150642418,-0.8273492553329864,-0.8138982138350382,-0.8206237345840124,-2.5167353883392574,0.1136417554320137,0.0848528146164133,0.570297574490894,-0.1773859171961476,0.7476834916870416,rescued_by_residual,0.7476834916870415
141,333,166,response_tables/trial_00166_hard_negative_structure_obs-empirical_prior-axis_edge_orthogonal_rel1x.npz,hard_negative_structure,empirical,axis_edge_orthogonal,1.0,per_candidate,1.0,4,16,40,756,0,source_row:5575,-1,6,0.0537915118038654,0.7,0.01,time_varying,1.5,0.5,catalog_residual_profile,topk_logmeanexp,2,0.19,outputs/fixation_statistics_by_stimulus_all_sessions_after_review/backimage_image_disjoint_compact_basis_delta025_v1/image_disjoint_compact_basis_delta0p25_fold0of2.npz,10,0,source_row:5575,True,1.0,1.3070387558151992,-458.46757056877226,3,source_row:1425,False,4.0,-9.947507358064684,-490.7998357238648,0,source_row:5575,True,1.0,1.1009742611350362,-461.8727953818305,0,source_row:5575,True,1.0,1.2991976479140137,-460.092065059016,0,source_row:5575,True,1.0,1.7003310651818424,-459.797087066537,31.002748657327743,-0.678334129690032,6,-459.3395048347523,-460.69585551589824,1.3563506811459547,2,0.0651939915873177,0.8437312222348801,-0.8238085701432181,0.0099613260458309,0.4096866039545001,0.0992656956034237,0.0848528146164133,0.294977992479005,-0.06182494546084172,0.35680293793984674,both_correct,0.4011334172678287
142,334,167,response_tables/trial_00167_hard_negative_structure_obs-empirical_prior-axis_edge_parallel_rel2x.npz,hard_negative_structure,empirical,axis_edge_parallel,2.0,per_candidate,1.0,4,16,40,756,0,source_row:5575,-1,4,0.1253227591514587,0.7,0.01,time_varying,1.5,0.5,catalog_residual_profile,topk_logmeanexp,2,0.19,outputs/fixation_statistics_by_stimulus_all_sessions_after_review/backimage_image_disjoint_compact_basis_delta025_v1/image_disjoint_compact_basis_delta0p25_fold0of2.npz,10,0,source_row:5575,True,1.0,1.3070387558151992,-458.46757056877226,3,source_row:1425,False,4.0,-9.947507358064684,-490.7998357238648,1,source_row:10140,False,2.0,-0.1716359873358328,-462.4334903596644,1,source_row:10140,False,2.0,-0.0928745179056704,-460.7518220405251,0,source_row:5575,True,1.0,0.1770472294156775,-460.3594408747456,30.440394849119173,-0.9883011827631174,15,-460.16170560195314,-461.1271348779068,0.9654292759536816,2,0.1549342294352587,-0.869453148323777,-0.6566797776499435,-0.7630664629868602,-2.333974299469111,0.1114214432261804,0.0848528146164133,0.3923811657795113,0.12245941845816333,0.269921747321348,rescued_by_residual,0.2699217473213479
143,335,167,response_tables/trial_00167_hard_negative_structure_obs-empirical_prior-axis_edge_orthogonal_rel2x.npz,hard_negative_structure,empirical,axis_edge_orthogonal,2.0,per_candidate,1.0,4,16,40,756,0,source_row:5575,-1,15,0.0597673915326595,0.7,0.01,time_varying,1.5,0.5,catalog_residual_profile,topk_logmeanexp,2,0.19,outputs/fixation_statistics_by_stimulus_all_sessions_after_review/backimage_image_disjoint_compact_basis_delta025_v1/image_disjoint_compact_basis_delta0p25_fold0of2.npz,10,0,source_row:5575,True,1.0,1.3070387558151992,-458.46757056877226,3,source_row:1425,False,4.0,-9.947507358064684,-490.7998357238648,0,source_row:5575,True,1.0,1.4900288858580666,-461.5453860001102,0,source_row:5575,True,1.0,1.196880204791796,-459.9790140774495,0,source_row:5575,True,1.0,1.2736377319386634,-459.74742250186495,31.052413221999814,-0.807979761563385,15,-459.5810473163949,-460.45410248240137,0.873055166006452,2,0.0582797854196155,0.8449485120764865,-0.6062084993893176,0.1193700063435844,0.5282592613077302,0.0948867954816931,0.0848528146164133,0.23159157558455945,0.3043806607329884,-0.07278908514842897,both_correct,0.07675752714686745
144,336,168,response_tables/trial_00168_hard_negative_structure_obs-empirical_prior-axis_edge_parallel_rel0p5x.npz,hard_negative_structure,empirical,axis_edge_parallel,0.5,per_candidate,1.0,4,16,40,756,0,source_row:5599,-1,5,0.0186504200100898,0.7,0.01,time_varying,1.5,0.5,catalog_residual_profile,topk_logmeanexp,2,0.19,outputs/fixation_statistics_by_stimulus_all_sessions_after_review/backimage_image_disjoint_compact_basis_delta025_v1/image_disjoint_compact_basis_delta0p25_fold0of2.npz,10,0,source_row:5599,True,1.0,0.8168609751319877,-340.94551745091945,1,source_row:6806,False,3.0,-0.9822739106820676,-343.546714664833,0,source_row:5599,True,1.0,0.3850067605975482,-342.5941403169268,0,source_row:5599,True,1.0,0.4767828134514502,-341.5028394646286,0,source_row:5599,True,1.0,0.5938509736760125,-341.5209201277627,2.02579453707034,0.5689532414133452,8,-341.32793767001044,-342.23364833920124,0.905710669190796,2,0.0347456144748767,0.6268883173356105,0.631415964533975,0.6291521409347927,-3.3408301530692057,0.0384133827075627,0.0166768337741733,-0.01808066313407153,-0.13514882335863376,0.11706816022456223,both_correct,0.11706816022456229
145,337,168,response_tables/trial_00168_hard_negative_structure_obs-empirical_prior-axis_edge_orthogonal_rel0p5x.npz,hard_negative_structure,empirical,axis_edge_orthogonal,0.5,per_candidate,1.0,4,16,40,756,0,source_row:5599,-1,15,0.0240013189613819,0.7,0.01,time_varying,1.5,0.5,catalog_residual_profile,topk_logmeanexp,2,0.19,outputs/fixation_statistics_by_stimulus_all_sessions_after_review/backimage_image_disjoint_compact_basis_delta025_v1/image_disjoint_compact_basis_delta0p25_fold0of2.npz,10,0,source_row:5599,True,1.0,0.8168609751319877,-340.94551745091945,1,source_row:6806,False,3.0,-0.9822739106820676,-343.546714664833,0,source_row:5599,True,1.0,0.3530173194633903,-342.7231910184472,0,source_row:5599,True,1.0,0.4312543609452177,-341.6474608483357,0,source_row:5599,True,1.0,0.5531161717602799,-341.6325795124784,1.9141351523546173,0.5428873884583154,12,-341.46490949068004,-342.2846505696498,0.8197410789697415,2,0.0330823302125025,0.17063883406483,-0.176808762598916,-0.0030849642670429,-2.935183463831616,0.0277721712096882,0.0166768337741733,0.014881335857296563,-0.1069804749577088,0.12186181081500536,both_correct,0.12186181081506225
146,338,169,response_tables/trial_00169_hard_negative_structure_obs-empirical_prior-axis_edge_parallel_rel1x.npz,hard_negative_structure,empirical,axis_edge_parallel,1.0,per_candidate,1.0,4,16,40,756,0,source_row:5599,-1,11,0.0356959961354732,0.7,0.01,time_varying,1.5,0.5,catalog_residual_profile,topk_logmeanexp,2,0.19,outputs/fixation_statistics_by_stimulus_all_sessions_after_review/backimage_image_disjoint_compact_basis_delta025_v1/image_disjoint_compact_basis_delta0p25_fold0of2.npz,10,0,source_row:5599,True,1.0,0.9549723189185784,-430.3724583145988,1,source_row:6806,False,3.0,-4.937126938992947,-442.86747132717255,0,source_row:5599,True,1.0,0.7304272181242482,-432.7622400857258,0,source_row:5599,True,1.0,0.7949246735027486,-431.192243871898,0,source_row:5599,True,1.0,0.6855384153352588,-431.460736634181,11.406734692991565,0.2420966869956496,11,-431.0824237826493,-432.3471222154751,1.2646984328258668,2,0.0371532926961873,0.8261639158907876,0.4216756980815305,0.6239198069861591,-0.240816119298274,0.0509536169419336,0.0333536675483467,-0.2684927622830173,-0.15910650411547067,-0.10938625816754666,both_correct,-0.10938625816748981
147,339,169,response_tables/trial_00169_hard_negative_structure_obs-empirical_prior-axis_edge_orthogonal_rel1x.npz,hard_negative_structure,empirical,axis_edge_orthogonal,1.0,per_candidate,1.0,4,16,40,756,0,source_row:5599,-1,12,0.0490659102797508,0.7,0.01,time_varying,1.5,0.5,catalog_residual_profile,topk_logmeanexp,2,0.19,outputs/fixation_statistics_by_stimulus_all_sessions_after_review/backimage_image_disjoint_compact_basis_delta025_v1/image_disjoint_compact_basis_delta0p25_fold0of2.npz,10,0,source_row:5599,True,1.0,0.9549723189185784,-430.3724583145988,1,source_row:6806,False,3.0,-4.937126938992947,-442.86747132717255,0,source_row:5599,True,1.0,0.3083304029200917,-433.2379399706483,0,source_row:5599,True,1.0,0.6983356880671181,-431.531682360169,0,source_row:5599,True,1.0,0.4858119566741834,-431.8882715975318,10.979199729640754,0.0242886011683517,11,-431.4984665846681,-432.728796901884,1.2303303172159303,2,0.0579763551550761,0.7433708057592925,-0.448107486591282,0.1476316595840052,-2.0214445348144325,0.0430080855308645,0.0333536675483467,-0.3565892373628117,-0.14406550596982015,-0.21252373139299152,both_correct,-0.21252373139293468
148,340,170,response_tables/trial_00170_hard_negative_structure_obs-empirical_prior-axis_edge_parallel_rel2x.npz,hard_negative_structure,empirical,axis_edge_parallel,2.0,per_candidate,1.0,4,16,40,756,0,source_row:5599,-1,13,0.0766466408967971,0.7,0.01,time_varying,1.5,0.5,catalog_residual_profile,topk_logmeanexp,2,0.19,outputs/fixation_statistics_by_stimulus_all_sessions_after_review/backimage_image_disjoint_compact_basis_delta025_v1/image_disjoint_compact_basis_delta0p25_fold0of2.npz,10,0,source_row:5599,True,1.0,1.294258728224804,-525.2292271903698,1,source_row:6806,False,3.0,-8.870836602500276,-555.1342830383714,0,source_row:5599,True,1.0,0.3137499331963909,-529.6768004021974,0,source_row:5599,True,1.0,0.1962403551226543,-527.9864569666221,0,source_row:5599,True,1.0,0.63550239213248,-527.8075337309194,27.32674930745202,0.3344069052592548,3,-527.282631187743,-528.908956982159,1.6263257944159475,2,0.101703891293773,0.5533520221073099,0.8004742847544246,0.6769131534308672,-1.32449147088627,0.1125310338032947,0.0667073350966935,0.1789232357026549,-0.2603388013071708,0.4392620370098257,both_correct,0.43926203700982575
149,341,170,response_tables/trial_00170_hard_negative_structure_obs-empirical_prior-axis_edge_orthogonal_rel2x.npz,hard_negative_structure,empirical,axis_edge_orthogonal,2.0,per_candidate,1.0,4,16,40,756,0,source_row:5599,-1,6,0.0981318205595016,0.7,0.01,time_varying,1.5,0.5,catalog_residual_profile,topk_logmeanexp,2,0.19,outputs/fixation_statistics_by_stimulus_all_sessions_after_review/backimage_image_disjoint_compact_basis_delta025_v1/image_disjoint_compact_basis_delta0p25_fold0of2.npz,10,0,source_row:5599,True,1.0,1.294258728224804,-525.2292271903698,1,source_row:6806,False,3.0,-8.870836602500276,-555.1342830383714,3,source_row:4292,False,2.0,-0.3670483369880912,-530.3821659443771,3,source_row:4292,False,2.0,-0.7305350782851292,-529.0773862912966,0,source_row:5599,True,1.0,0.0221586595570215,-528.0723662012067,27.061916837164745,0.1497708720297348,3,-527.5218223262984,-529.1551730352004,1.6333507089019577,2,0.1389406964639646,0.3235682312684731,-0.7808517563506321,-0.2286417625410794,-3.338221880543548,0.1051156414929947,0.0667073350966935,1.0050200900899426,0.2523263522477919,0.7526937378421508,rescued_by_residual,0.7526937378421507
150,342,171,response_tables/trial_00171_hard_negative_structure_obs-empirical_prior-axis_edge_parallel_rel0p5x.npz,hard_negative_structure,empirical,axis_edge_parallel,0.5,per_candidate,1.0,4,16,40,756,0,source_row:5781,-1,1,0.0445364788174629,0.7,0.01,time_varying,1.5,0.5,catalog_residual_profile,topk_logmeanexp,2,0.19,outputs/fixation_statistics_by_stimulus_all_sessions_after_review/backimage_image_disjoint_compact_basis_delta025_v1/image_disjoint_compact_basis_delta0p25_fold0of2.npz,10,0,source_row:5781,True,1.0,2.7927613058489555,-484.3735254252605,2,source_row:1918,False,3.0,-5.80650111910353,-501.0173748850038,0,source_row:5781,True,1.0,1.256628412609757,-489.1923600951561,0,source_row:5781,True,1.0,1.7698121394553257,-486.8834341994291,0,source_row:5781,True,1.0,0.8696266182183763,-486.9362145699616,14.081160315042156,0.4580740701582712,10,-486.33039340676805,-488.38137543161776,2.050982024849702,2,0.1269934943412419,-0.4605716364952714,-0.5062104440912246,-0.483391040293248,-4.274619851482203,0.0937711181335709,0.055295003628011,-0.05278037053250273,0.8872239991661672,-0.94000436969867,both_correct,-0.9001855212369494
151,343,171,response_tables/trial_00171_hard_negative_structure_obs-empirical_prior-axis_edge_orthogonal_rel0p5x.npz,hard_negative_structure,empirical,axis_edge_orthogonal,0.5,per_candidate,1.0,4,16,40,756,0,source_row:5781,-1,0,0.0742605030536651,0.7,0.01,time_varying,1.5,0.5,catalog_residual_profile,topk_logmeanexp,2,0.19,outputs/fixation_statistics_by_stimulus_all_sessions_after_review/backimage_image_disjoint_compact_basis_delta025_v1/image_disjoint_compact_basis_delta0p25_fold0of2.npz,10,0,source_row:5781,True,1.0,2.7927613058489555,-484.3735254252605,2,source_row:1918,False,3.0,-5.80650111910353,-501.0173748850038,1,source_row:10726,False,2.0,-0.1125002216100483,-490.4782244305986,1,source_row:10726,False,2.0,-0.166999691066394,-488.2430454597574,0,source_row:5781,True,1.0,0.3232806923682574,-487.4087124989632,13.608662386040637,0.606514267122243,1,-486.94246274346494,-488.42619727434976,1.483734530884817,2,0.1106582035745352,-0.528290017346284,0.5173647923523146,-0.0054626124969847,-3.004934792727928,0.1043835733069347,0.055295003628011,0.8343329607941996,0.34405257735960504,0.49028038343459457,rescued_by_residual,0.4902803834346514
152,344,172,response_tables/trial_00172_hard_negative_structure_obs-empirical_prior-axis_edge_parallel_rel1x.npz,hard_negative_structure,empirical,axis_edge_parallel,1.0,per_candidate,1.0,4,16,40,756,0,source_row:5781,-1,3,0.0898925885558128,0.7,0.01,time_varying,1.5,0.5,catalog_residual_profile,topk_logmeanexp,2,0.19,outputs/fixation_statistics_by_stimulus_all_sessions_after_review/backimage_image_disjoint_compact_basis_delta025_v1/image_disjoint_compact_basis_delta0p25_fold0of2.npz,10,0,source_row:5781,True,1.0,3.2224750491341183,-514.2223162199084,2,source_row:1918,False,3.0,-7.234616758024686,-535.983777463681,2,source_row:1918,False,2.0,-0.0589112308687163,-522.4741796702622,0,source_row:5781,True,1.0,1.16497865436952,-520.05977081946,0,source_row:5781,True,1.0,1.4479012460792546,-518.6881966435739,17.295580820107148,0.7653999723473797,7,-518.193319183501,-519.7915051949687,1.5981860114677602,2,0.1982318344457996,-0.3195865782531193,-0.3100755498376593,-0.3148310640453893,-4.45775837212888,0.158573533840085,0.0848528136435088,1.3715741758861668,1.5265252501571922,-0.1549510742710254,both_correct,0.28292259170973466
153,345,172,response_tables/trial_00172_hard_negative_structure_obs-empirical_prior-axis_edge_orthogonal_rel1x.npz,hard_negative_structure,empirical,axis_edge_orthogonal,1.0,per_candidate,1.0,4,16,40,756,0,source_row:5781,-1,12,0.1137463226914405,0.7,0.01,time_varying,1.5,0.5,catalog_residual_profile,topk_logmeanexp,2,0.19,outputs/fixation_statistics_by_stimulus_all_sessions_after_review/backimage_image_disjoint_compact_basis_delta025_v1/image_disjoint_compact_basis_delta0p25_fold0of2.npz,10,0,source_row:5781,True,1.0,3.2224750491341183,-514.2223162199084,2,source_row:1918,False,3.0,-7.234616758024686,-535.983777463681,1,source_row:10726,False,3.0,-0.4323280967893197,-522.4147579715565,0,source_row:5781,True,1.0,0.3849833275860419,-520.4034490353604,0,source_row:5781,True,1.0,0.4634045904567756,-519.390312427925,16.593465035756026,0.8194815324040621,13,-518.9097516670686,-520.3329836035114,1.4232319364427894,2,0.1803762183600172,-0.2715361182538255,0.3540677700029292,0.0412658258745518,-3.5188305869008945,0.1716070927092514,0.0848528136435088,1.0131366074353991,1.0805630053633877,-0.06742639792798855,both_correct,0.0784212628707337
154,346,173,response_tables/trial_00173_hard_negative_structure_obs-empirical_prior-axis_edge_parallel_rel2x.npz,hard_negative_structure,empirical,axis_edge_parallel,2.0,per_candidate,1.0,4,16,40,756,0,source_row:5781,-1,11,0.0737525299191474,0.7,0.01,time_varying,1.5,0.5,catalog_residual_profile,topk_logmeanexp,2,0.19,outputs/fixation_statistics_by_stimulus_all_sessions_after_review/backimage_image_disjoint_compact_basis_delta025_v1/image_disjoint_compact_basis_delta0p25_fold0of2.npz,10,0,source_row:5781,True,1.0,3.2224750491341183,-514.2223162199084,2,source_row:1918,False,3.0,-7.234616758024686,-535.983777463681,0,source_row:5781,True,1.0,1.614596482688512,-519.0096893386093,0,source_row:5781,True,1.0,1.729436332316709,-517.6059748891847,0,source_row:5781,True,1.0,2.0996160066763423,-517.036294407722,18.94748305595897,0.045119899435216,15,-516.8061709294838,-517.745131312126,0.9389603826422216,2,0.1345935649007014,0.2156831312224229,0.1614304237127961,0.1885567774676095,-1.5160316326247587,0.1198892364853834,0.0848528136435088,0.569680481462683,0.19950080710304974,0.3701796743596333,both_correct,0.3701796743596333
155,347,173,response_tables/trial_00173_hard_negative_structure_obs-empirical_prior-axis_edge_orthogonal_rel2x.npz,hard_negative_structure,empirical,axis_edge_orthogonal,2.0,per_candidate,1.0,4,16,40,756,0,source_row:5781,-1,7,0.1153532937169075,0.7,0.01,time_varying,1.5,0.5,catalog_residual_profile,topk_logmeanexp,2,0.19,outputs/fixation_statistics_by_stimulus_all_sessions_after_review/backimage_image_disjoint_compact_basis_delta025_v1/image_disjoint_compact_basis_delta0p25_fold0of2.npz,10,0,source_row:5781,True,1.0,3.2224750491341183,-514.2223162199084,2,source_row:1918,False,3.0,-7.234616758024686,-535.983777463681,0,source_row:5781,True,1.0,1.116571692900493,-519.7734745706537,0,source_row:5781,True,1.0,1.2672059710727126,-518.2502219485427,0,source_row:5781,True,1.0,0.9493713450090128,-518.2724620315264,17.711315432154606,0.1953896793289328,13,-517.8372853647473,-519.0773511192568,1.2400657545094873,2,0.1455678654714731,0.4814375629438968,-0.4470901837370662,0.0171736896034152,-1.943056042681292,0.1041206435128635,0.0848528136435088,-0.022240082983671527,0.2955945430800284,-0.31783462606369994,both_correct,-0.31783462606369983
156,348,174,response_tables/trial_00174_hard_negative_structure_obs-empirical_prior-axis_edge_parallel_rel0p5x.npz,hard_negative_structure,empirical,axis_edge_parallel,0.5,per_candidate,1.0,4,16,40,756,0,source_row:5865,-1,5,0.0179829001426696,0.7,0.01,time_varying,1.5,0.5,catalog_residual_profile,topk_logmeanexp,2,0.19,outputs/fixation_statistics_by_stimulus_all_sessions_after_review/backimage_image_disjoint_compact_basis_delta025_v1/image_disjoint_compact_basis_delta0p25_fold0of2.npz,10,0,source_row:5865,True,1.0,0.1109309521835939,-272.8166872266946,0,source_row:5865,True,1.0,0.0783939460748115,-273.82676486045216,0,source_row:5865,True,1.0,0.0893701169130736,-274.05367758104643,0,source_row:5865,True,1.0,0.083384225880934,-273.2359097861907,0,source_row:5865,True,1.0,0.0978414906954867,-273.3068336744608,0.5199311859913678,0.941392472187933,15,-273.1598183705314,-273.90377781630747,0.7439594457760563,2,0.0302921477626171,0.2942801924760854,-0.3487867479428525,-0.0272532777333835,-5.973073777504116,0.0288576807349887,0.0114714399621713,-0.07092388827010154,-0.08538115308465422,0.014457264814552673,both_correct,0.0144572648145527
157,349,174,response_tables/trial_00174_hard_negative_structure_obs-empirical_prior-axis_edge_orthogonal_rel0p5x.npz,hard_negative_structure,empirical,axis_edge_orthogonal,0.5,per_candidate,1.0,4,16,40,756,0,source_row:5865,-1,3,0.0170916523784399,0.7,0.01,time_varying,1.5,0.5,catalog_residual_profile,topk_logmeanexp,2,0.19,outputs/fixation_statistics_by_stimulus_all_sessions_after_review/backimage_image_disjoint_compact_basis_delta025_v1/image_disjoint_compact_basis_delta0p25_fold0of2.npz,10,0,source_row:5865,True,1.0,0.1109309521835939,-272.8166872266946,0,source_row:5865,True,1.0,0.0783939460748115,-273.82676486045216,0,source_row:5865,True,1.0,0.0203173750643372,-274.08952831116005,0,source_row:5865,True,1.0,0.056283049180422,-273.1724579164066,0,source_row:5865,True,1.0,0.0147557617357847,-273.3372680843576,0.4894967760945974,0.8946258951346884,14,-273.1533770581542,-273.9942236241956,0.8408465660414208,2,0.0197115312569148,-0.1390258220416325,0.2500510333624801,0.0555126056604237,-1.952601615462089,0.0174257806743234,0.0114714399621713,-0.16481016795103187,-0.12328288050633773,-0.04152728744469414,both_correct,-0.041527287444637295
158,350,175,response_tables/trial_00175_hard_negative_structure_obs-empirical_prior-axis_edge_parallel_rel1x.npz,hard_negative_structure,empirical,axis_edge_parallel,1.0,per_candidate,1.0,4,16,40,756,0,source_row:5865,-1,3,0.0407775826752185,0.7,0.01,time_varying,1.5,0.5,catalog_residual_profile,topk_logmeanexp,2,0.19,outputs/fixation_statistics_by_stimulus_all_sessions_after_review/backimage_image_disjoint_compact_basis_delta025_v1/image_disjoint_compact_basis_delta0p25_fold0of2.npz,10,0,source_row:5865,True,1.0,0.1315719419401944,-337.97534158175284,2,source_row:1425,False,3.0,-1.5770710865386943,-343.65189701525924,0,source_row:5865,True,1.0,0.0329623338090527,-340.1193597772925,0,source_row:5865,True,1.0,0.03551412299106,-339.01666542329656,0,source_row:5865,True,1.0,0.0688465611243032,-339.1036538273348,4.548243187924413,-0.871893713698381,0,-338.9298616900621,-339.79845580382585,0.8685941137637201,2,0.0338215541516966,0.2922694303322154,0.1927709682129939,0.2425201992726047,-1.1731577654492793,0.030764186275803,0.0229428799243427,-0.0869884040382658,-0.12032084217150896,0.03333243813324316,both_correct,0.03333243813324319
159,351,175,response_tables/trial_00175_hard_negative_structure_obs-empirical_prior-axis_edge_orthogonal_rel1x.npz,hard_negative_structure,empirical,axis_edge_orthogonal,1.0,per_candidate,1.0,4,16,40,756,0,source_row:5865,-1,12,0.0330650396645069,0.7,0.01,time_varying,1.5,0.5,catalog_residual_profile,topk_logmeanexp,2,0.19,outputs/fixation_statistics_by_stimulus_all_sessions_after_review/backimage_image_disjoint_compact_basis_delta025_v1/image_disjoint_compact_basis_delta0p25_fold0of2.npz,10,0,source_row:5865,True,1.0,0.1315719419401944,-337.97534158175284,2,source_row:1425,False,3.0,-1.5770710865386943,-343.65189701525924,3,source_row:5896,False,2.0,-0.0053354693189362,-340.4747973999296,0,source_row:5865,True,1.0,0.0067353688604612,-338.92389503359624,0,source_row:5865,True,1.0,0.0342756285397172,-339.3241647476602,4.32773226759906,-0.972356808270596,0,-338.8656146192518,-340.1766717803411,1.311057161089309,2,0.0322051042641649,-0.2138006857218664,0.2381547520846086,0.0121770331813711,-0.970396170228346,0.0248213431168354,0.0229428799243427,-0.4002697140639384,-0.4278099737431944,0.027540259679255996,both_correct,0.027540259679255996
160,352,176,response_tables/trial_00176_hard_negative_structure_obs-empirical_prior-axis_edge_parallel_rel2x.npz,hard_negative_structure,empirical,axis_edge_parallel,2.0,per_candidate,1.0,4,16,40,756,0,source_row:5865,-1,10,0.0779112949967384,0.7,0.01,time_varying,1.5,0.5,catalog_residual_profile,topk_logmeanexp,2,0.19,outputs/fixation_statistics_by_stimulus_all_sessions_after_review/backimage_image_disjoint_compact_basis_delta025_v1/image_disjoint_compact_basis_delta0p25_fold0of2.npz,10,0,source_row:5865,True,1.0,0.2117690439737316,-462.5193267330205,2,source_row:1425,False,3.0,-5.865327409703696,-492.4536953207637,3,source_row:5896,False,2.0,-0.0153340164307564,-468.1006207737289,2,source_row:1425,False,4.0,-0.0915216871391635,-466.5297698453619,3,source_row:5896,False,2.0,-0.1146584675238955,-466.26662111888703,26.18707420187667,-0.9959381100367756,2,-465.9998518327991,-467.2974575384664,1.2976057056672516,2,0.1144751104384007,-0.4479025029414001,0.4879963093287311,0.0200469031936655,-5.223952745824141,0.0994106126374617,0.0458857598486854,0.2631487264748671,0.3460266612169107,-0.08287793474204364,both_wrong,-0.023136780384731992
161,353,176,response_tables/trial_00176_hard_negative_structure_obs-empirical_prior-axis_edge_orthogonal_rel2x.npz,hard_negative_structure,empirical,axis_edge_orthogonal,2.0,per_candidate,1.0,4,16,40,756,0,source_row:5865,-1,12,0.0697642415761947,0.7,0.01,time_varying,1.5,0.5,catalog_residual_profile,topk_logmeanexp,2,0.19,outputs/fixation_statistics_by_stimulus_all_sessions_after_review/backimage_image_disjoint_compact_basis_delta025_v1/image_disjoint_compact_basis_delta0p25_fold0of2.npz,10,0,source_row:5865,True,1.0,0.2117690439737316,-462.5193267330205,2,source_row:1425,False,3.0,-5.865327409703696,-492.4536953207637,3,source_row:5896,False,2.0,-0.0949703637052721,-468.6732957151905,3,source_row:5896,False,2.0,-0.0735135965729796,-467.1419641851548,3,source_row:5896,False,2.0,-0.1994666323046203,-466.49392376474873,25.95977155601497,-0.9993356764341494,2,-466.1993049948029,-467.6149556858773,1.4156506910743474,2,0.0819966211197568,0.4360485507202161,0.2133882556526399,0.324718403186428,-2.1932730624059955,0.0810657414378444,0.0458857598486854,0.6480404204060619,0.7739934561377027,-0.12595303573164074,both_wrong,-0.1259530357316407
162,354,177,response_tables/trial_00177_hard_negative_structure_obs-empirical_prior-axis_edge_parallel_rel0p5x.npz,hard_negative_structure,empirical,axis_edge_parallel,0.5,per_candidate,1.0,4,16,40,756,0,source_row:5896,-1,7,0.0159130450338125,0.7,0.01,time_varying,1.5,0.5,catalog_residual_profile,topk_logmeanexp,2,0.19,outputs/fixation_statistics_by_stimulus_all_sessions_after_review/backimage_image_disjoint_compact_basis_delta025_v1/image_disjoint_compact_basis_delta0p25_fold0of2.npz,10,0,source_row:5896,True,1.0,0.0998897825926405,-258.1589308867125,0,source_row:5896,True,1.0,0.044587444777278,-258.63649332366737,0,source_row:5896,True,1.0,0.0311002850423278,-259.31984616584646,0,source_row:5896,True,1.0,0.0413956466919671,-258.3282350478096,0,source_row:5896,True,1.0,0.0469698331042423,-258.48189418680664,0.1545991368607246,0.983257435451198,7,-258.30906152765783,-259.1816656748806,0.8726041472227735,2,0.0149968095597086,0.139384251751996,0.500908261892145,0.3201462568220705,-1.0795923635570772,0.0135786156170491,0.010399435592637,-0.15365913899705674,-0.15923332540933188,0.0055741864122751394,both_correct,0.005574186412275195
163,355,177,response_tables/trial_00177_hard_negative_structure_obs-empirical_prior-axis_edge_orthogonal_rel0p5x.npz,hard_negative_structure,empirical,axis_edge_orthogonal,0.5,per_candidate,1.0,4,16,40,756,0,source_row:5896,-1,7,0.0157329514622688,0.7,0.01,time_varying,1.5,0.5,catalog_residual_profile,topk_logmeanexp,2,0.19,outputs/fixation_statistics_by_stimulus_all_sessions_after_review/backimage_image_disjoint_compact_basis_delta025_v1/image_disjoint_compact_basis_delta0p25_fold0of2.npz,10,0,source_row:5896,True,1.0,0.0998897825926405,-258.1589308867125,0,source_row:5896,True,1.0,0.044587444777278,-258.63649332366737,0,source_row:5896,True,1.0,0.0629276542724142,-259.4464017142913,0,source_row:5896,True,1.0,0.0710870970818859,-258.38120815863283,0,source_row:5896,True,1.0,0.064029855695594,-258.5570659960621,0.0794273276052877,0.981079805251389,7,-258.35626199847866,-259.3668609485009,1.0105989500222563,2,0.0151328063224881,-0.2349725298923834,0.1727319017638016,-0.0311203140642908,-1.1174804460774648,0.0113524788882553,0.010399435592637,-0.17585783742924832,-0.16880059604295639,-0.007057241386291935,both_correct,-0.007057241386291907
164,356,178,response_tables/trial_00178_hard_negative_structure_obs-empirical_prior-axis_edge_parallel_rel1x.npz,hard_negative_structure,empirical,axis_edge_parallel,1.0,per_candidate,1.0,4,16,40,756,0,source_row:5896,-1,6,0.0342075005173683,0.7,0.01,time_varying,1.5,0.5,catalog_residual_profile,topk_logmeanexp,2,0.19,outputs/fixation_statistics_by_stimulus_all_sessions_after_review/backimage_image_disjoint_compact_basis_delta025_v1/image_disjoint_compact_basis_delta0p25_fold0of2.npz,10,0,source_row:5896,True,1.0,0.1236819136995563,-316.2281965148982,2,source_row:5865,False,3.0,-0.1999937244825673,-320.0001685833987,3,source_row:4953,False,3.0,-0.1221186853725839,-318.6043391914702,1,source_row:5919,False,3.0,-0.0740703034836087,-317.12170539034867,1,source_row:5919,False,2.0,-0.0139966262202619,-317.2958339238744,2.7043346595243065,-0.0327818859455654,6,-316.9807482033396,-318.16944809715704,1.188699893817443,2,0.0490458824808465,0.057475183759619,0.3032636151792667,0.1803693994694429,-4.5606501990172905,0.0463436452147821,0.020798871185274,-0.17412853352573165,-0.23420221078907844,0.06007367726334678,both_wrong,0.060073677263346795
165,357,178,response_tables/trial_00178_hard_negative_structure_obs-empirical_prior-axis_edge_orthogonal_rel1x.npz,hard_negative_structure,empirical,axis_edge_orthogonal,1.0,per_candidate,1.0,4,16,40,756,0,source_row:5896,-1,15,0.0385659039020538,0.7,0.01,time_varying,1.5,0.5,catalog_residual_profile,topk_logmeanexp,2,0.19,outputs/fixation_statistics_by_stimulus_all_sessions_after_review/backimage_image_disjoint_compact_basis_delta025_v1/image_disjoint_compact_basis_delta0p25_fold0of2.npz,10,0,source_row:5896,True,1.0,0.1236819136995563,-316.2281965148982,2,source_row:5865,False,3.0,-0.1999937244825673,-320.0001685833987,3,source_row:4953,False,2.0,-0.1041856823346165,-318.91648393073314,0,source_row:5896,True,1.0,0.0230731866633959,-317.4441363354947,0,source_row:5896,True,1.0,0.0128583835083873,-317.5329657620419,2.467202821356807,-0.5614280563292705,3,-317.1454043210017,-318.55866522685113,1.4132609058494268,2,0.0548211764589222,-0.2740384623649494,0.0513400382032007,-0.1113492120808743,-5.94731790045657,0.0496617733156066,0.020798871185274,-0.08882942654719272,0.025445754817894795,-0.11427518136508752,both_correct,-0.0102148031550086
166,358,179,response_tables/trial_00179_hard_negative_structure_obs-empirical_prior-axis_edge_parallel_rel2x.npz,hard_negative_structure,empirical,axis_edge_parallel,2.0,per_candidate,1.0,4,16,40,756,0,source_row:5896,-1,2,0.0652914270758628,0.7,0.01,time_varying,1.5,0.5,catalog_residual_profile,topk_logmeanexp,2,0.19,outputs/fixation_statistics_by_stimulus_all_sessions_after_review/backimage_image_disjoint_compact_basis_delta025_v1/image_disjoint_compact_basis_delta0p25_fold0of2.npz,10,0,source_row:5896,True,1.0,0.173947828817063,-423.29177916750086,2,source_row:5865,False,3.0,-0.7841538191143513,-444.2754264534338,3,source_row:4953,False,3.0,-0.1174060420494811,-427.6195387411663,3,source_row:4953,False,3.0,-0.2650218923348006,-426.3864087098388,3,source_row:4953,False,3.0,-0.126893007914191,-426.6036013385803,17.671825114853505,-0.7187242358971819,9,-426.2701372745452,-427.3797446123906,1.109607337845432,2,0.0820352533116418,0.0028215349211815,-0.567623411033058,-0.2824009380559382,-2.889211177405506,0.0640407544221329,0.0415977423705481,-0.21719262874148626,-0.3553215131620959,0.13812888442060967,both_wrong,0.1381288844206096
167,359,179,response_tables/trial_00179_hard_negative_structure_obs-empirical_prior-axis_edge_orthogonal_rel2x.npz,hard_negative_structure,empirical,axis_edge_orthogonal,2.0,per_candidate,1.0,4,16,40,756,0,source_row:5896,-1,2,0.0691908970475196,0.7,0.01,time_varying,1.5,0.5,catalog_residual_profile,topk_logmeanexp,2,0.19,outputs/fixation_statistics_by_stimulus_all_sessions_after_review/backimage_image_disjoint_compact_basis_delta025_v1/image_disjoint_compact_basis_delta0p25_fold0of2.npz,10,0,source_row:5896,True,1.0,0.173947828817063,-423.29177916750086,2,source_row:5865,False,3.0,-0.7841538191143513,-444.2754264534338,0,source_row:5896,True,1.0,0.0144845994318529,-428.2028592230842,3,source_row:4953,False,3.0,-0.2435524171102088,-426.3492568649551,3,source_row:4953,False,2.0,-0.2684657169890556,-426.7730716734392,17.50235477999462,-0.9206414413474716,9,-426.18967968323807,-427.9058926934546,1.7162130102165063,2,0.0966054546100011,-0.0317020305657632,-0.5008013681462476,-0.2662516993560054,-4.3934142148414494,0.0746433833937928,0.0415977423705481,-0.4238148084840532,-0.39890150860520635,-0.02491329987884683,both_wrong,-0.024913299878846773
168,360,180,response_tables/trial_00180_hard_negative_structure_obs-empirical_prior-axis_edge_parallel_rel0p5x.npz,hard_negative_structure,empirical,axis_edge_parallel,0.5,per_candidate,1.0,4,16,40,756,0,source_row:5919,-1,1,0.0168459620326757,0.7,0.01,time_varying,1.5,0.5,catalog_residual_profile,topk_logmeanexp,2,0.19,outputs/fixation_statistics_by_stimulus_all_sessions_after_review/backimage_image_disjoint_compact_basis_delta025_v1/image_disjoint_compact_basis_delta0p25_fold0of2.npz,10,0,source_row:5919,True,1.0,0.1080041196308911,-255.2492809756946,0,source_row:5919,True,1.0,0.0091744507966495,-255.69250111017345,0,source_row:5919,True,1.0,0.0634083958728979,-256.41496991034205,0,source_row:5919,True,1.0,0.0477042318901794,-255.46440628033992,0,source_row:5919,True,1.0,0.0365548997051803,-255.59192422188048,0.1005768882929771,0.9156568178249138,8,-255.4262137949968,-256.25963506362405,0.8334212686272622,2,0.0209306417819464,-0.1392376519568481,-0.135152839935751,-0.1371952459462996,-2.326599400459598,0.0160691858004908,0.0114757820791472,-0.1275179415405603,-0.11636860935558957,-0.011149332184970717,both_correct,-0.011149332184999104
169,361,180,response_tables/trial_00180_hard_negative_structure_obs-empirical_prior-axis_edge_orthogonal_rel0p5x.npz,hard_negative_structure,empirical,axis_edge_orthogonal,0.5,per_candidate,1.0,4,16,40,756,0,source_row:5919,-1,2,0.019128369167447,0.7,0.01,time_varying,1.5,0.5,catalog_residual_profile,topk_logmeanexp,2,0.19,outputs/fixation_statistics_by_stimulus_all_sessions_after_review/backimage_image_disjoint_compact_basis_delta025_v1/image_disjoint_compact_basis_delta0p25_fold0of2.npz,10,0,source_row:5919,True,1.0,0.1080041196308911,-255.2492809756946,0,source_row:5919,True,1.0,0.0091744507966495,-255.69250111017345,1,source_row:5896,False,2.0,-0.0104965036613293,-256.6727758623212,0,source_row:5919,True,1.0,0.0278394329741615,-255.5226987893733,0,source_row:5919,True,1.0,0.0136905313283364,-255.69922280853663,-0.0067216983632079,0.9184871441713692,2,-255.4842083275824,-256.58639350061725,1.1021851730348544,2,0.0169315474113953,0.2133530895373568,0.1250830343181581,0.1692180619277575,-1.1768510666295189,0.0139021493820574,0.0114757820791472,-0.17652401916333815,-0.16237511751756983,-0.01414890164576832,both_correct,-0.014148901645825098
170,362,181,response_tables/trial_00181_hard_negative_structure_obs-empirical_prior-axis_edge_parallel_rel1x.npz,hard_negative_structure,empirical,axis_edge_parallel,1.0,per_candidate,1.0,4,16,40,756,0,source_row:5919,-1,0,0.0306007303297519,0.7,0.01,time_varying,1.5,0.5,catalog_residual_profile,topk_logmeanexp,2,0.19,outputs/fixation_statistics_by_stimulus_all_sessions_after_review/backimage_image_disjoint_compact_basis_delta025_v1/image_disjoint_compact_basis_delta0p25_fold0of2.npz,10,0,source_row:5919,True,1.0,0.1253619904494485,-306.12724244610945,3,source_row:10765,False,2.0,-0.8480498436956054,-309.3420703321128,0,source_row:5919,True,1.0,0.1120776360806985,-307.99234867548154,0,source_row:5919,True,1.0,0.0063485916351169,-307.0166487859615,0,source_row:5919,True,1.0,0.0588908722045857,-306.97988755364315,2.3621827784696734,-0.7715979642481872,6,-306.83509149800364,-307.592750331943,0.7576588339393879,2,0.0545119708584702,-0.1250257432628095,-0.0927123712977804,-0.1088690572802949,-4.641040160911564,0.0475821953110043,0.0229515641582945,0.03676123231832662,-0.015781048251142238,0.05254228056946886,both_correct,0.0525422805694688
171,363,181,response_tables/trial_00181_hard_negative_structure_obs-empirical_prior-axis_edge_orthogonal_rel1x.npz,hard_negative_structure,empirical,axis_edge_orthogonal,1.0,per_candidate,1.0,4,16,40,756,0,source_row:5919,-1,12,0.0432868190109729,0.7,0.01,time_varying,1.5,0.5,catalog_residual_profile,topk_logmeanexp,2,0.19,outputs/fixation_statistics_by_stimulus_all_sessions_after_review/backimage_image_disjoint_compact_basis_delta025_v1/image_disjoint_compact_basis_delta0p25_fold0of2.npz,10,0,source_row:5919,True,1.0,0.1253619904494485,-306.12724244610945,3,source_row:10765,False,2.0,-0.8480498436956054,-309.3420703321128,1,source_row:5896,False,3.0,-0.0484889897355174,-308.8145273537491,0,source_row:5919,True,1.0,0.0909453504696671,-307.21963713809663,0,source_row:5919,True,1.0,0.0124965382308346,-307.3681419721682,1.973928359944637,-0.7598844643136851,4,-307.04090295198523,-308.34479917429326,1.3038962223080262,2,0.0736584431098463,0.2643842613195583,-0.0153745339157403,0.124504863701909,-9.299603205867518,0.0723512660182997,0.0229515641582945,-0.14850483407155934,-0.07005602183272686,-0.07844881223883249,both_correct,-0.0784488122388325
172,364,182,response_tables/trial_00182_hard_negative_structure_obs-empirical_prior-axis_edge_parallel_rel2x.npz,hard_negative_structure,empirical,axis_edge_parallel,2.0,per_candidate,1.0,4,16,40,756,0,source_row:5919,-1,3,0.0709339454770088,0.7,0.01,time_varying,1.5,0.5,catalog_residual_profile,topk_logmeanexp,2,0.19,outputs/fixation_statistics_by_stimulus_all_sessions_after_review/backimage_image_disjoint_compact_basis_delta025_v1/image_disjoint_compact_basis_delta0p25_fold0of2.npz,10,0,source_row:5919,True,1.0,0.1948151747056954,-435.3083770156837,3,source_row:10765,False,2.0,-5.07989429986435,-457.6340514396284,1,source_row:5896,False,2.0,-0.0740605226682191,-439.2578077453809,2,source_row:4953,False,3.0,-0.2386100687895123,-438.1549575010541,1,source_row:5896,False,2.0,-0.0983369298099887,-437.9092475424419,19.72480389718646,-0.9328626827158046,3,-437.6765527401333,-438.6903247059643,1.0137719658310402,2,0.0773840339753623,0.5274256909683523,0.4012969982091623,0.4643613445887573,-1.841961322360112,0.0878294705955248,0.045903128316589,0.245709958612224,0.19878441498337907,0.046925543628844935,both_wrong,0.1402731389795236
173,365,182,response_tables/trial_00182_hard_negative_structure_obs-empirical_prior-axis_edge_orthogonal_rel2x.npz,hard_negative_structure,empirical,axis_edge_orthogonal,2.0,per_candidate,1.0,4,16,40,756,0,source_row:5919,-1,14,0.0765134766697883,0.7,0.01,time_varying,1.5,0.5,catalog_residual_profile,topk_logmeanexp,2,0.19,outputs/fixation_statistics_by_stimulus_all_sessions_after_review/backimage_image_disjoint_compact_basis_delta025_v1/image_disjoint_compact_basis_delta0p25_fold0of2.npz,10,0,source_row:5919,True,1.0,0.1948151747056954,-435.3083770156837,3,source_row:10765,False,2.0,-5.07989429986435,-457.6340514396284,0,source_row:5919,True,1.0,0.1453255058152081,-440.04798392773785,0,source_row:5919,True,1.0,0.2299490543528008,-438.1748432435605,0,source_row:5919,True,1.0,0.1090228569985924,-438.2537475652247,19.38030387440369,-0.7149008898133757,3,-437.8383637663103,-439.4375817295204,1.5992179632100942,2,0.0785046280563613,-0.3481734506025871,0.2653625259420952,-0.0414054623302459,-1.924865857024617,0.0629771962840435,0.045903128316589,-0.07890432166425398,0.04202187569001126,-0.12092619735426524,both_correct,-0.1209261973542084
174,366,183,response_tables/trial_00183_hard_negative_structure_obs-empirical_prior-axis_edge_parallel_rel0p5x.npz,hard_negative_structure,empirical,axis_edge_parallel,0.5,per_candidate,1.0,4,16,40,756,0,source_row:6124,-1,5,0.0170885194092988,0.7,0.01,time_varying,1.5,0.5,catalog_residual_profile,topk_logmeanexp,2,0.19,outputs/fixation_statistics_by_stimulus_all_sessions_after_review/backimage_image_disjoint_compact_basis_delta025_v1/image_disjoint_compact_basis_delta0p25_fold0of2.npz,10,0,source_row:6124,True,1.0,0.246289053075202,-278.2752841137675,2,source_row:8857,False,3.0,-0.1679387587673204,-279.76443746002826,0,source_row:6124,True,1.0,0.1715511442598654,-279.2359200019025,0,source_row:6124,True,1.0,0.1493197480957064,-278.65103884741416,0,source_row:6124,True,1.0,0.1666299763426764,-278.6538278839604,1.1106095760678727,0.1966268309084709,5,-278.5536046823293,-278.98033482110054,0.4267301387712336,2,0.0281131482058955,0.3516802818570439,-0.2924171205920952,0.0296315806324743,-3.636017355544646,0.0285195182966458,0.0130568061259302,-0.002789036546232637,-0.020099264793202565,0.017310228246969928,both_correct,0.01731022824697001
175,367,183,response_tables/trial_00183_hard_negative_structure_obs-empirical_prior-axis_edge_orthogonal_rel0p5x.npz,hard_negative_structure,empirical,axis_edge_orthogonal,0.5,per_candidate,1.0,4,16,40,756,0,source_row:6124,-1,13,0.0194837488234043,0.7,0.01,time_varying,1.5,0.5,catalog_residual_profile,topk_logmeanexp,2,0.19,outputs/fixation_statistics_by_stimulus_all_sessions_after_review/backimage_image_disjoint_compact_basis_delta025_v1/image_disjoint_compact_basis_delta0p25_fold0of2.npz,10,0,source_row:6124,True,1.0,0.246289053075202,-278.2752841137675,2,source_row:8857,False,3.0,-0.1679387587673204,-279.76443746002826,0,source_row:6124,True,1.0,0.1234092674665703,-279.43866577972153,0,source_row:6124,True,1.0,0.1925082181446669,-278.65472239295354,0,source_row:6124,True,1.0,0.1676024981725277,-278.7197955672096,1.044641892818731,0.0917600809854735,14,-278.5994784631181,-279.22012565736134,0.6206471942432472,2,0.0234871018939589,-0.1985988508759414,-0.2179731668388963,-0.2082860088574188,-2.235824453507254,0.0177652386055074,0.0130568061259302,-0.06507317425604242,-0.04016745428384638,-0.02490571997219604,both_correct,-0.024905719972139195
176,368,184,response_tables/trial_00184_hard_negative_structure_obs-empirical_prior-axis_edge_parallel_rel1x.npz,hard_negative_structure,empirical,axis_edge_parallel,1.0,per_candidate,1.0,4,16,40,756,0,source_row:6124,-1,15,0.0383784361183643,0.7,0.01,time_varying,1.5,0.5,catalog_residual_profile,topk_logmeanexp,2,0.19,outputs/fixation_statistics_by_stimulus_all_sessions_after_review/backimage_image_disjoint_compact_basis_delta025_v1/image_disjoint_compact_basis_delta0p25_fold0of2.npz,10,0,source_row:6124,True,1.0,0.3257414023626097,-362.1214026531175,1,source_row:3675,False,4.0,-1.0193405747780844,-371.6241737485883,0,source_row:6124,True,1.0,0.0317890020295976,-364.7721234708128,0,source_row:6124,True,1.0,0.02792921202672,-363.3901085850788,0,source_row:6124,True,1.0,0.0955255523106188,-363.2725738794112,8.351599869177107,-0.8159697420327193,15,-363.0735949339848,-363.83796125413306,0.7643663201482696,2,0.061611841419407,-0.1435583819334046,0.2185755672410951,0.0375085926538452,-4.566657169196297,0.0533686962517431,0.0261136122518605,0.11753470566759461,0.04993836538369578,0.06759634028389883,both_correct,0.0675963402838988
177,369,184,response_tables/trial_00184_hard_negative_structure_obs-empirical_prior-axis_edge_orthogonal_rel1x.npz,hard_negative_structure,empirical,axis_edge_orthogonal,1.0,per_candidate,1.0,4,16,40,756,0,source_row:6124,-1,9,0.03650464117527,0.7,0.01,time_varying,1.5,0.5,catalog_residual_profile,topk_logmeanexp,2,0.19,outputs/fixation_statistics_by_stimulus_all_sessions_after_review/backimage_image_disjoint_compact_basis_delta025_v1/image_disjoint_compact_basis_delta0p25_fold0of2.npz,10,0,source_row:6124,True,1.0,0.3257414023626097,-362.1214026531175,1,source_row:3675,False,4.0,-1.0193405747780844,-371.6241737485883,0,source_row:6124,True,1.0,0.1467142774914691,-364.6894307061172,0,source_row:6124,True,1.0,0.1440575731029412,-363.1389415736345,0,source_row:6124,True,1.0,0.1742566909651941,-363.1635211655885,8.460652582999785,-0.8949236556853132,7,-362.87016894524174,-363.94582117530825,1.0756522300665097,2,0.0471678209515693,0.503829029102748,0.2416906103394684,0.3727598197211081,-2.26255411666588,0.0443310501106788,0.0261136122518605,-0.024579591954022817,-0.043279256449807235,0.018699664495784418,both_correct,0.030199117862252906
178,370,185,response_tables/trial_00185_hard_negative_structure_obs-empirical_prior-axis_edge_parallel_rel2x.npz,hard_negative_structure,empirical,axis_edge_parallel,2.0,per_candidate,1.0,4,16,40,756,0,source_row:6124,-1,6,0.0733315274119377,0.7,0.01,time_varying,1.5,0.5,catalog_residual_profile,topk_logmeanexp,2,0.19,outputs/fixation_statistics_by_stimulus_all_sessions_after_review/backimage_image_disjoint_compact_basis_delta025_v1/image_disjoint_compact_basis_delta0p25_fold0of2.npz,10,0,source_row:6124,True,1.0,0.4163432800438613,-453.1771583160236,1,source_row:3675,False,4.0,-1.8293981505415784,-481.1369655602655,0,source_row:6124,True,1.0,0.0196638216133919,-458.4312150978666,0,source_row:6124,True,1.0,0.0806592532642866,-457.0560052762369,3,source_row:5919,False,3.0,-0.1278376854692169,-456.7577508561781,24.37921470408736,-0.2398449980144925,5,-456.18789874138497,-457.6409856427998,1.4530869014148493,2,0.102085694731109,-0.0304983090525705,0.2037143689723715,0.0866080299599005,-2.8206379361469742,0.08718603417691,0.0522272245037211,0.298254420058754,0.5930387034492242,-0.29478428339047014,lost_by_residual,-0.2084969387335035
179,371,185,response_tables/trial_00185_hard_negative_structure_obs-empirical_prior-axis_edge_orthogonal_rel2x.npz,hard_negative_structure,empirical,axis_edge_orthogonal,2.0,per_candidate,1.0,4,16,40,756,0,source_row:6124,-1,5,0.0814294219017028,0.7,0.01,time_varying,1.5,0.5,catalog_residual_profile,topk_logmeanexp,2,0.19,outputs/fixation_statistics_by_stimulus_all_sessions_after_review/backimage_image_disjoint_compact_basis_delta025_v1/image_disjoint_compact_basis_delta0p25_fold0of2.npz,10,0,source_row:6124,True,1.0,0.4163432800438613,-453.1771583160236,1,source_row:3675,False,4.0,-1.8293981505415784,-481.1369655602655,0,source_row:6124,True,1.0,0.2105878484500749,-458.4161431680757,0,source_row:6124,True,1.0,0.1931809263676882,-457.050103796709,0,source_row:6124,True,1.0,0.1695615385652331,-456.6623095756093,24.47465598465624,-0.752088689916304,5,-456.2751787057879,-457.6718523699244,1.396673664136472,2,0.0863317004839793,0.1740486551509318,0.277833334160926,0.2259409946559289,-1.732415227446467,0.0765537535477922,0.0522272245037211,0.3877942210996821,0.41141360890225087,-0.02361938780256878,both_correct,-0.023619387802455094
180,372,186,response_tables/trial_00186_hard_negative_structure_obs-empirical_prior-axis_edge_parallel_rel0p5x.npz,hard_negative_structure,empirical,axis_edge_parallel,0.5,per_candidate,1.0,4,16,40,756,0,source_row:6142,-1,3,0.0401984527707099,0.7,0.01,time_varying,1.5,0.5,catalog_residual_profile,topk_logmeanexp,2,0.19,outputs/fixation_statistics_by_stimulus_all_sessions_after_review/backimage_image_disjoint_compact_basis_delta025_v1/image_disjoint_compact_basis_delta0p25_fold0of2.npz,10,0,source_row:6142,True,1.0,0.5641834528584013,-480.66012470000726,1,source_row:7084,False,2.0,-1.8159632129735428,-501.97004372137246,0,source_row:6142,True,1.0,0.1829290437507325,-483.8846094650629,0,source_row:6142,True,1.0,0.256579375432068,-481.398492914893,0,source_row:6142,True,1.0,0.2076283460809804,-482.06116168781296,19.908882033559507,0.6754818374784926,1,-481.367271085596,-483.4255912228151,2.058320137219084,2,0.0431599361713449,0.719266077021815,0.9463653644382336,0.8328157207300244,0.2600063625797,0.085041360142246,0.0501726223771191,-0.6626687729199716,-0.6137177435688272,-0.04895102935114437,both_correct,-0.04895102935108758
181,373,186,response_tables/trial_00186_hard_negative_structure_obs-empirical_prior-axis_edge_orthogonal_rel0p5x.npz,hard_negative_structure,empirical,axis_edge_orthogonal,0.5,per_candidate,1.0,4,16,40,756,0,source_row:6142,-1,12,0.0723728984594345,0.7,0.01,time_varying,1.5,0.5,catalog_residual_profile,topk_logmeanexp,2,0.19,outputs/fixation_statistics_by_stimulus_all_sessions_after_review/backimage_image_disjoint_compact_basis_delta025_v1/image_disjoint_compact_basis_delta0p25_fold0of2.npz,10,0,source_row:6142,True,1.0,0.5641834528584013,-480.66012470000726,1,source_row:7084,False,2.0,-1.8159632129735428,-501.97004372137246,0,source_row:6142,True,1.0,0.2602625118792048,-484.37918551566463,0,source_row:6142,True,1.0,0.280144255847631,-482.12170131158905,0,source_row:6142,True,1.0,0.2011525290604936,-482.54630168442935,19.42374203694311,0.753969335116418,1,-481.9903667372428,-483.72808914749095,1.737722410248125,2,0.0872047729978154,-0.6718691119320587,0.8796302737698536,0.1038805809188974,-2.0209734604687686,0.0666779120241434,0.0501726223771191,-0.4246003728403025,-0.3456086460531651,-0.0789917267871374,both_correct,-0.07899172678713737
182,374,187,response_tables/trial_00187_hard_negative_structure_obs-empirical_prior-axis_edge_parallel_rel1x.npz,hard_negative_structure,empirical,axis_edge_parallel,1.0,per_candidate,1.0,4,16,40,756,0,source_row:6142,-1,6,0.0699602514505386,0.7,0.01,time_varying,1.5,0.5,catalog_residual_profile,topk_logmeanexp,2,0.19,outputs/fixation_statistics_by_stimulus_all_sessions_after_review/backimage_image_disjoint_compact_basis_delta025_v1/image_disjoint_compact_basis_delta0p25_fold0of2.npz,10,0,source_row:6142,True,1.0,0.5992906640005913,-527.1800856145119,1,source_row:7084,False,2.0,-2.357141047623827,-557.6820222780833,1,source_row:7084,False,2.0,-0.0058493611115864,-532.5975877832766,0,source_row:6142,True,1.0,0.0244667931598314,-530.1505665370776,0,source_row:6142,True,1.0,0.1257271382030467,-529.6271807167152,28.054841561368107,0.6434020117254221,6,-529.2371232675005,-530.4111859021908,1.1740626346903582,2,0.095245413228021,0.310377784572122,0.4588365504063474,0.3846071674892347,-0.2599567742727486,0.0836535924693735,0.0848528135843695,0.523385820362364,0.4221254753191488,0.10126034504321524,both_correct,0.10126034504321531
183,375,187,response_tables/trial_00187_hard_negative_structure_obs-empirical_prior-axis_edge_orthogonal_rel1x.npz,hard_negative_structure,empirical,axis_edge_orthogonal,1.0,per_candidate,1.0,4,16,40,756,0,source_row:6142,-1,11,0.1210371702909469,0.7,0.01,time_varying,1.5,0.5,catalog_residual_profile,topk_logmeanexp,2,0.19,outputs/fixation_statistics_by_stimulus_all_sessions_after_review/backimage_image_disjoint_compact_basis_delta025_v1/image_disjoint_compact_basis_delta0p25_fold0of2.npz,10,0,source_row:6142,True,1.0,0.5992906640005913,-527.1800856145119,1,source_row:7084,False,2.0,-2.357141047623827,-557.6820222780833,0,source_row:6142,True,1.0,0.1801691940526097,-532.1460794735417,0,source_row:6142,True,1.0,0.2006478660006223,-530.711398694893,0,source_row:6142,True,1.0,0.147878212549017,-529.7537206392174,27.928301638865943,0.7327338428411249,3,-529.4597522554255,-530.5555347261104,1.095782470684867,2,0.1063921085981021,0.1739576101004117,-0.0187157846084159,0.0776209127459979,-0.5721223352928826,0.0673093083104249,0.0848528135843695,0.9576780556756148,1.0104477091272202,-0.052769653451605336,both_correct,-0.05276965345160528
184,376,188,response_tables/trial_00188_hard_negative_structure_obs-empirical_prior-axis_edge_parallel_rel2x.npz,hard_negative_structure,empirical,axis_edge_parallel,2.0,per_candidate,1.0,4,16,40,756,0,source_row:6142,-1,10,0.0944264605641365,0.7,0.01,time_varying,1.5,0.5,catalog_residual_profile,topk_logmeanexp,2,0.19,outputs/fixation_statistics_by_stimulus_all_sessions_after_review/backimage_image_disjoint_compact_basis_delta025_v1/image_disjoint_compact_basis_delta0p25_fold0of2.npz,10,0,source_row:6142,True,1.0,0.5992906640005913,-527.1800856145119,1,source_row:7084,False,2.0,-2.357141047623827,-557.6820222780833,0,source_row:6142,True,1.0,0.2015872599761223,-531.6741215931129,0,source_row:6142,True,1.0,0.1870555825172459,-529.2739883104325,0,source_row:6142,True,1.0,0.2105519196318255,-529.6468489486673,28.03517332941601,0.643099635786289,0,-529.0791048432418,-530.8404192715986,1.7613144283568545,2,0.1698651512499435,-0.7507344493981851,-0.8031007311056022,-0.7769175902518937,-3.007523571754567,0.096023639570579,0.0848528135843695,-0.37286063823478344,-0.396356975349363,0.023496337114579546,both_correct,0.023496337114579602
185,377,188,response_tables/trial_00188_hard_negative_structure_obs-empirical_prior-axis_edge_orthogonal_rel2x.npz,hard_negative_structure,empirical,axis_edge_orthogonal,2.0,per_candidate,1.0,4,16,40,756,0,source_row:6142,-1,6,0.1281412541866302,0.7,0.01,time_varying,1.5,0.5,catalog_residual_profile,topk_logmeanexp,2,0.19,outputs/fixation_statistics_by_stimulus_all_sessions_after_review/backimage_image_disjoint_compact_basis_delta025_v1/image_disjoint_compact_basis_delta0p25_fold0of2.npz,10,0,source_row:6142,True,1.0,0.5992906640005913,-527.1800856145119,1,source_row:7084,False,2.0,-2.357141047623827,-557.6820222780833,0,source_row:6142,True,1.0,0.2405495005353941,-531.6273331547258,0,source_row:6142,True,1.0,0.43338141456627,-529.8180012016317,0,source_row:6142,True,1.0,0.1737212085436112,-529.8616708877544,27.820351390328938,0.7561625952622723,0,-529.4962556189662,-530.8582129973817,1.3619573784154682,2,0.1194519017550938,0.6873541684975977,-0.9209006786557248,-0.1167732550790635,-0.9817717897294798,0.0925160728291729,0.0848528135843695,-0.04366968612271194,0.21599051989994678,-0.2596602060226587,both_correct,-0.2596602060226588
186,378,189,response_tables/trial_00189_hard_negative_structure_obs-empirical_prior-axis_edge_parallel_rel0p5x.npz,hard_negative_structure,empirical,axis_edge_parallel,0.5,per_candidate,1.0,4,16,40,756,0,source_row:6354,-1,8,0.0175113920122385,0.7,0.01,time_varying,1.5,0.5,catalog_residual_profile,topk_logmeanexp,2,0.19,outputs/fixation_statistics_by_stimulus_all_sessions_after_review/backimage_image_disjoint_compact_basis_delta025_v1/image_disjoint_compact_basis_delta0p25_fold0of2.npz,10,0,source_row:6354,True,1.0,0.3531287705646377,-329.5082280111047,0,source_row:6354,True,1.0,0.3916377617502462,-329.7619670715391,0,source_row:6354,True,1.0,0.0308506232981926,-330.7080688914829,0,source_row:6354,True,1.0,0.2588722301675261,-329.76564423191763,0,source_row:6354,True,1.0,0.2304751421873447,-329.9301886657181,-0.1682215941789877,0.8905611760831497,4,-329.7471566520253,-330.5528288464832,0.805672194457884,2,0.042420247534964,-0.1151344871483603,0.2735180216668723,0.0791917672592559,-33.230322649547375,0.0421908770900487,0.0072504957456736,-0.16454443380047223,-0.13614734582023402,-0.02839708798023821,both_correct,-0.028397087980181396
187,379,189,response_tables/trial_00189_hard_negative_structure_obs-empirical_prior-axis_edge_orthogonal_rel0p5x.npz,hard_negative_structure,empirical,axis_edge_orthogonal,0.5,per_candidate,1.0,4,16,40,756,0,source_row:6354,-1,8,0.0167699214071035,0.7,0.01,time_varying,1.5,0.5,catalog_residual_profile,topk_logmeanexp,2,0.19,outputs/fixation_statistics_by_stimulus_all_sessions_after_review/backimage_image_disjoint_compact_basis_delta025_v1/image_disjoint_compact_basis_delta0p25_fold0of2.npz,10,0,source_row:6354,True,1.0,0.3531287705646377,-329.5082280111047,0,source_row:6354,True,1.0,0.3916377617502462,-329.7619670715391,0,source_row:6354,True,1.0,0.2345078953597408,-330.6970349719028,0,source_row:6354,True,1.0,0.2896321378532889,-329.7760258609781,0,source_row:6354,True,1.0,0.2705841503638453,-329.91861246858963,-0.1566453970505108,0.9546674318352046,4,-329.7651268060235,-330.5551682799265,0.7900414739029884,2,0.0443817471052366,-0.1454265860928831,-0.2444413926799372,-0.1949339893864101,-36.469110625200045,0.0423640956966486,0.0072504957456736,-0.14258660761151987,-0.12353862012207628,-0.019047987489443585,both_correct,-0.019047987489443585
188,380,190,response_tables/trial_00190_hard_negative_structure_obs-empirical_prior-axis_edge_parallel_rel1x.npz,hard_negative_structure,empirical,axis_edge_parallel,1.0,per_candidate,1.0,4,16,40,756,0,source_row:6354,-1,3,0.0297359861433506,0.7,0.01,time_varying,1.5,0.5,catalog_residual_profile,topk_logmeanexp,2,0.19,outputs/fixation_statistics_by_stimulus_all_sessions_after_review/backimage_image_disjoint_compact_basis_delta025_v1/image_disjoint_compact_basis_delta0p25_fold0of2.npz,10,0,source_row:6354,True,1.0,0.3201079535807594,-369.0910755496791,0,source_row:6354,True,1.0,0.5114108270115594,-370.6727843615083,0,source_row:6354,True,1.0,0.064428308372328,-371.2220247644627,0,source_row:6354,True,1.0,0.1940054659450538,-369.5555323787804,0,source_row:6354,True,1.0,0.3433966278364551,-369.77611150849873,0.8966728530095907,0.8942927824958803,0,-369.50881524292186,-370.77264851125454,1.2638332683326894,2,0.0293781568647963,-0.2665367057795321,0.0695649435052096,-0.0984858811371612,-3.104437958671947,0.0241283825082182,0.0145009914913472,-0.22057912971831684,-0.3699702916097749,0.14939116189145807,both_correct,0.14939116189140128
189,381,190,response_tables/trial_00190_hard_negative_structure_obs-empirical_prior-axis_edge_orthogonal_rel1x.npz,hard_negative_structure,empirical,axis_edge_orthogonal,1.0,per_candidate,1.0,4,16,40,756,0,source_row:6354,-1,12,0.033539842814207,0.7,0.01,time_varying,1.5,0.5,catalog_residual_profile,topk_logmeanexp,2,0.19,outputs/fixation_statistics_by_stimulus_all_sessions_after_review/backimage_image_disjoint_compact_basis_delta025_v1/image_disjoint_compact_basis_delta0p25_fold0of2.npz,10,0,source_row:6354,True,1.0,0.3201079535807594,-369.0910755496791,0,source_row:6354,True,1.0,0.5114108270115594,-370.6727843615083,0,source_row:6354,True,1.0,0.2374828077817596,-371.2456108711619,0,source_row:6354,True,1.0,0.2042645294006888,-369.636816434916,0,source_row:6354,True,1.0,0.4194185726403816,-369.8401283461731,0.8326560153352034,0.8635204015026924,0,-369.5909358748873,-370.8601895249223,1.2692536500350116,2,0.0293001507152905,-0.3127105496418194,-0.0955990321260293,-0.2041547908839243,-3.0826703347835727,0.0231393692224591,0.0145009914913472,-0.20331191125711712,-0.4184659544968099,0.21515404323969278,both_correct,0.21515404323969284
190,382,191,response_tables/trial_00191_hard_negative_structure_obs-empirical_prior-axis_edge_parallel_rel2x.npz,hard_negative_structure,empirical,axis_edge_parallel,2.0,per_candidate,1.0,4,16,40,756,0,source_row:6354,-1,7,0.0624887235462665,0.7,0.01,time_varying,1.5,0.5,catalog_residual_profile,topk_logmeanexp,2,0.19,outputs/fixation_statistics_by_stimulus_all_sessions_after_review/backimage_image_disjoint_compact_basis_delta025_v1/image_disjoint_compact_basis_delta0p25_fold0of2.npz,10,0,source_row:6354,True,1.0,0.5562417034101372,-521.5488560037387,0,source_row:6354,True,1.0,0.9017569858065144,-537.9009734201608,0,source_row:6354,True,1.0,0.2592840597305894,-525.1330035911675,0,source_row:6354,True,1.0,0.5050003331183461,-523.7822007475597,0,source_row:6354,True,1.0,0.1457415480797408,-524.0984788867586,13.802494533402182,0.6294310104947223,2,-523.6892301856651,-524.9192416795156,1.2300114938504976,2,0.0483294404007472,-0.03112917109842,-0.1518680208554603,-0.0914985959769401,-1.776950550685434,0.0364378018765594,0.0290019829826944,-0.3162781391988574,0.04298064583974792,-0.3592587850386053,both_correct,-0.3592587850386053
191,383,191,response_tables/trial_00191_hard_negative_structure_obs-empirical_prior-axis_edge_orthogonal_rel2x.npz,hard_negative_structure,empirical,axis_edge_orthogonal,2.0,per_candidate,1.0,4,16,40,756,0,source_row:6354,-1,7,0.0636172071099281,0.7,0.01,time_varying,1.5,0.5,catalog_residual_profile,topk_logmeanexp,2,0.19,outputs/fixation_statistics_by_stimulus_all_sessions_after_review/backimage_image_disjoint_compact_basis_delta025_v1/image_disjoint_compact_basis_delta0p25_fold0of2.npz,10,0,source_row:6354,True,1.0,0.5562417034101372,-521.5488560037387,0,source_row:6354,True,1.0,0.9017569858065144,-537.9009734201608,0,source_row:6354,True,1.0,0.1876617988355065,-525.743037018166,0,source_row:6354,True,1.0,0.1649471114873222,-524.1722737164299,0,source_row:6354,True,1.0,0.1405184851812464,-524.4589794273177,13.441993992843097,0.6462211740445658,2,-524.0320048235433,-525.3927151031061,1.3607102795627952,2,0.0408703085489241,0.0094068015749466,0.2476425406004367,0.1285246710876917,-0.9859140394187678,0.0332228481083985,0.0290019829826944,-0.28670571088775887,0.14012898778594263,-0.4268346986737015,both_correct,-0.024428626306075785
0,384,192,response_tables/trial_00192_hard_negative_structure_obs-empirical_prior-axis_edge_parallel_rel0p5x.npz,hard_negative_structure,empirical,axis_edge_parallel,0.5,per_candidate,1.0,4,16,40,756,0,source_row:6409,-1,2,0.0484982952475547,0.7,0.01,time_varying,1.5,0.5,catalog_residual_profile,topk_logmeanexp,2,0.19,outputs/fixation_statistics_by_stimulus_all_sessions_after_review/backimage_image_disjoint_compact_basis_delta025_v1/image_disjoint_compact_basis_delta0p25_fold0of2.npz,10,0,source_row:6409,True,1.0,2.5406046591228915,-399.9030718594765,1,source_row:3951,False,4.0,-2.8610300852887462,-412.3485122725275,0,source_row:6409,True,1.0,2.078328715644432,-402.9955921013209,0,source_row:6409,True,1.0,2.2381943694308006,-401.4620851105584,0,source_row:6409,True,1.0,1.880878652604565,-401.557401206614,10.791111065913526,-0.9906389772972772,15,-401.3601866685308,-402.3928014346605,1.0326147661297114,2,0.0578215409034051,-0.2045367463963229,-0.278358234921241,-0.241447490658782,-0.7218598133707597,0.0308733381778878,0.0440646947601072,-0.09531609605556923,0.2863937834484318,-0.38170987950400104,both_correct,-0.35731571682623553
1,385,192,response_tables/trial_00192_hard_negative_structure_obs-empirical_prior-axis_edge_orthogonal_rel0p5x.npz,hard_negative_structure,empirical,axis_edge_orthogonal,0.5,per_candidate,1.0,4,16,40,756,0,source_row:6409,-1,0,0.0627623125910759,0.7,0.01,time_varying,1.5,0.5,catalog_residual_profile,topk_logmeanexp,2,0.19,outputs/fixation_statistics_by_stimulus_all_sessions_after_review/backimage_image_disjoint_compact_basis_delta025_v1/image_disjoint_compact_basis_delta0p25_fold0of2.npz,10,0,source_row:6409,True,1.0,2.5406046591228915,-399.9030718594765,1,source_row:3951,False,4.0,-2.8610300852887462,-412.3485122725275,0,source_row:6409,True,1.0,0.8935882282518719,-402.7505445525046,0,source_row:6409,True,1.0,0.9899744751949128,-401.1376110306685,0,source_row:6409,True,1.0,0.9240177432779432,-401.2775421030408,11.070970169486714,-0.9808508940617948,3,-401.0424303738828,-402.2227958733128,1.1803654994300246,2,0.077583749348758,-0.8581017846489557,0.8108068069679385,-0.0236474888405086,-2.099987875389632,0.0617492426501211,0.0440646947601072,-0.13993107237229196,-0.0739743404553792,-0.06595673191691276,both_correct,-0.0659567319169696
2,386,193,response_tables/trial_00193_hard_negative_structure_obs-empirical_prior-axis_edge_parallel_rel1x.npz,hard_negative_structure,empirical,axis_edge_parallel,1.0,per_candidate,1.0,4,16,40,756,0,source_row:6409,-1,7,0.0576241426169872,0.7,0.01,time_varying,1.5,0.5,catalog_residual_profile,topk_logmeanexp,2,0.19,outputs/fixation_statistics_by_stimulus_all_sessions_after_review/backimage_image_disjoint_compact_basis_delta025_v1/image_disjoint_compact_basis_delta0p25_fold0of2.npz,10,0,source_row:6409,True,1.0,2.3567775292687543,-459.3200118617269,1,source_row:3951,False,4.0,-4.864788405818786,-481.34759253091227,0,source_row:6409,True,1.0,1.6891474215856306,-463.2603402934043,0,source_row:6409,True,1.0,2.565665358259139,-461.1915255858529,0,source_row:6409,True,1.0,1.9172221649737369,-461.57039515292144,19.77719737799083,-0.9933089055707356,15,-461.0559083948615,-462.6241583272404,1.568249932378933,2,0.16119723776854,-0.9180845451093618,-0.7988565738956863,-0.858470559502524,-2.608965218414867,0.0806413908268921,0.0848528135654279,-0.37886956706853425,0.26957362621681114,-0.6484431932853454,both_correct,-0.648443193285402
3,387,193,response_tables/trial_00193_hard_negative_structure_obs-empirical_prior-axis_edge_orthogonal_rel1x.npz,hard_negative_structure,empirical,axis_edge_orthogonal,1.0,per_candidate,1.0,4,16,40,756,0,source_row:6409,-1,1,0.1226582080125808,0.7,0.01,time_varying,1.5,0.5,catalog_residual_profile,topk_logmeanexp,2,0.19,outputs/fixation_statistics_by_stimulus_all_sessions_after_review/backimage_image_disjoint_compact_basis_delta025_v1/image_disjoint_compact_basis_delta0p25_fold0of2.npz,10,0,source_row:6409,True,1.0,2.3567775292687543,-459.3200118617269,1,source_row:3951,False,4.0,-4.864788405818786,-481.34759253091227,0,source_row:6409,True,1.0,0.7569740162596759,-463.0168817728455,0,source_row:6409,True,1.0,0.8603755913480882,-460.74448175651474,0,source_row:6409,True,1.0,0.8652934410384319,-461.2059028531734,20.14168967773884,-0.994057554769724,15,-460.5786566489151,-462.4254957027856,1.84683905387044,2,0.1181337702793931,-0.9056695764354576,0.8880791527468884,-0.0087952118442845,-0.9382760748100354,0.0792019929017039,0.0848528135654279,-0.4614210966586825,-0.46633894634913986,0.004917849690457388,both_correct,0.004917849690343701
4,388,194,response_tables/trial_00194_hard_negative_structure_obs-empirical_prior-axis_edge_parallel_rel2x.npz,hard_negative_structure,empirical,axis_edge_parallel,2.0,per_candidate,1.0,4,16,40,756,0,source_row:6409,-1,3,0.0495489537715911,0.7,0.01,time_varying,1.5,0.5,catalog_residual_profile,topk_logmeanexp,2,0.19,outputs/fixation_statistics_by_stimulus_all_sessions_after_review/backimage_image_disjoint_compact_basis_delta025_v1/image_disjoint_compact_basis_delta0p25_fold0of2.npz,10,0,source_row:6409,True,1.0,2.3567775292687543,-459.3200118617269,1,source_row:3951,False,4.0,-4.864788405818786,-481.34759253091227,0,source_row:6409,True,1.0,3.45675347299823,-462.38662819847457,0,source_row:6409,True,1.0,3.118494398498399,-461.34345613315577,0,source_row:6409,True,1.0,2.350382530454226,-461.3814865978783,19.966105933033987,-0.9936418939721462,6,-461.2440376156004,-461.9525248461911,0.7084872305906629,2,0.138640776768742,-0.931324802105684,-0.8485562869835948,-0.8899405445446394,-1.6696201476681645,0.0586997834565296,0.0848528135654279,-0.03803046472251026,0.7300814033216625,-0.7681118680441728,both_correct,-0.7681118680441728
5,389,194,response_tables/trial_00194_hard_negative_structure_obs-empirical_prior-axis_edge_orthogonal_rel2x.npz,hard_negative_structure,empirical,axis_edge_orthogonal,2.0,per_candidate,1.0,4,16,40,756,0,source_row:6409,-1,13,0.1259496062994003,0.7,0.01,time_varying,1.5,0.5,catalog_residual_profile,topk_logmeanexp,2,0.19,outputs/fixation_statistics_by_stimulus_all_sessions_after_review/backimage_image_disjoint_compact_basis_delta025_v1/image_disjoint_compact_basis_delta0p25_fold0of2.npz,10,0,source_row:6409,True,1.0,2.3567775292687543,-459.3200118617269,1,source_row:3951,False,4.0,-4.864788405818786,-481.34759253091227,0,source_row:6409,True,1.0,1.380232940803296,-462.1582809167255,0,source_row:6409,True,1.0,1.3737440616046117,-460.5776785327456,0,source_row:6409,True,1.0,1.1879816986266292,-460.95892922868416,20.38866330222811,-0.9919342044547445,6,-460.51882908936506,-461.9180846730107,1.3992555836456404,2,0.1256903670650671,-0.9673709308374996,0.8749108834890734,-0.046230023674213,-1.194176172061666,0.0869465414808002,0.0848528135654279,-0.3812506959385473,-0.17865041649997693,-0.2026002794385704,both_correct,-0.18576236297798254
6,390,195,response_tables/trial_00195_hard_negative_structure_obs-empirical_prior-axis_edge_parallel_rel0p5x.npz,hard_negative_structure,empirical,axis_edge_parallel,0.5,per_candidate,1.0,4,16,40,756,0,source_row:6479,-1,7,0.0491322129964828,0.7,0.01,time_varying,1.5,0.5,catalog_residual_profile,topk_logmeanexp,2,0.19,outputs/fixation_statistics_by_stimulus_all_sessions_after_review/backimage_image_disjoint_compact_basis_delta025_v1/image_disjoint_compact_basis_delta0p25_fold0of2.npz,10,0,source_row:6479,True,1.0,1.7968800468629524,-500.2356805128759,2,source_row:3947,False,4.0,-6.736059995221581,-525.3446665688961,0,source_row:6479,True,1.0,0.7403867992015307,-504.19570555526417,0,source_row:6479,True,1.0,1.9825023805741464,-501.52170713309977,0,source_row:6479,True,1.0,0.757853392257914,-501.7896389837868,23.55502758510925,-0.9953506353445962,5,-501.26689529419104,-502.6827161923293,1.4158208981382927,2,0.1245651681640152,0.9161795875240158,-0.8629462377410438,0.026616674891486,-10.234995885166947,0.1069237816154263,0.0371629481828064,-0.2679318506870345,1.114081658676696,-1.3820135093637305,both_correct,-1.2246489883162324
7,391,195,response_tables/trial_00195_hard_negative_structure_obs-empirical_prior-axis_edge_orthogonal_rel0p5x.npz,hard_negative_structure,empirical,axis_edge_orthogonal,0.5,per_candidate,1.0,4,16,40,756,0,source_row:6479,-1,6,0.0357695147395134,0.7,0.01,time_varying,1.5,0.5,catalog_residual_profile,topk_logmeanexp,2,0.19,outputs/fixation_statistics_by_stimulus_all_sessions_after_review/backimage_image_disjoint_compact_basis_delta025_v1/image_disjoint_compact_basis_delta0p25_fold0of2.npz,10,0,source_row:6479,True,1.0,1.7968800468629524,-500.2356805128759,2,source_row:3947,False,4.0,-6.736059995221581,-525.3446665688961,0,source_row:6479,True,1.0,1.5020125941867375,-503.9146005303689,0,source_row:6479,True,1.0,1.7743016608688436,-501.5007900485126,0,source_row:6479,True,1.0,1.3591277196447322,-501.520008233258,23.824658335638105,-0.991749889264072,5,-501.21140547010543,-502.121318744064,0.909913273958523,2,0.0980298424539803,-0.8588735243628867,-0.7675654084422505,-0.8132194664025686,-5.958190101464417,0.0663977447858623,0.0371629481828064,-0.019218184745398048,0.39595575647882697,-0.415173941224225,both_correct,-0.41517394122411133
8,392,196,response_tables/trial_00196_hard_negative_structure_obs-empirical_prior-axis_edge_parallel_rel1x.npz,hard_negative_structure,empirical,axis_edge_parallel,1.0,per_candidate,1.0,4,16,40,756,0,source_row:6479,-1,3,0.103641889989376,0.7,0.01,time_varying,1.5,0.5,catalog_residual_profile,topk_logmeanexp,2,0.19,outputs/fixation_statistics_by_stimulus_all_sessions_after_review/backimage_image_disjoint_compact_basis_delta025_v1/image_disjoint_compact_basis_delta0p25_fold0of2.npz,10,0,source_row:6479,True,1.0,1.9126772671786512,-540.6359554188394,2,source_row:3947,False,4.0,-8.270112952217914,-574.2125900871292,0,source_row:6479,True,1.0,0.0208146761959824,-546.194678319714,0,source_row:6479,True,1.0,0.7233121803943732,-543.61519070374,0,source_row:6479,True,1.0,1.43195735310519,-542.9951367336755,31.21745335345372,-0.9881628351244636,15,-542.70620394648,-544.0583148491469,1.3521109026669365,2,0.1482789649078458,0.6313735848268317,-0.5676130947639034,0.0318802450314641,-2.9799606702884858,0.1145957246729994,0.0743258963656128,0.6200539700645322,-0.08859120264628473,0.708645172710817,both_correct,0.7086451727108167
9,393,196,response_tables/trial_00196_hard_negative_structure_obs-empirical_prior-axis_edge_orthogonal_rel1x.npz,hard_negative_structure,empirical,axis_edge_orthogonal,1.0,per_candidate,1.0,4,16,40,756,0,source_row:6479,-1,15,0.0691540539264679,0.7,0.01,time_varying,1.5,0.5,catalog_residual_profile,topk_logmeanexp,2,0.19,outputs/fixation_statistics_by_stimulus_all_sessions_after_review/backimage_image_disjoint_compact_basis_delta025_v1/image_disjoint_compact_basis_delta0p25_fold0of2.npz,10,0,source_row:6479,True,1.0,1.9126772671786512,-540.6359554188394,2,source_row:3947,False,4.0,-8.270112952217914,-574.2125900871292,0,source_row:6479,True,1.0,0.7517995922812588,-545.2826430470908,0,source_row:6479,True,1.0,1.1491638840843734,-542.7454334586737,0,source_row:6479,True,1.0,1.11696466992737,-542.9458025076273,31.266787579501965,-0.9925719090210232,11,-542.5067552188855,-543.6039253079023,1.0971700890167997,2,0.1457125786546261,-0.6823763287237454,-0.733052362891296,-0.7077143458075208,-2.8433839914059704,0.0884287874225084,0.0743258963656128,-0.20036904895357566,-0.1681698347965721,-0.03219921415700355,both_correct,-0.03219921415700333
10,394,197,response_tables/trial_00197_hard_negative_structure_obs-empirical_prior-axis_edge_parallel_rel2x.npz,hard_negative_structure,empirical,axis_edge_parallel,2.0,per_candidate,1.0,4,16,40,756,0,source_row:6479,-1,10,0.1214920058846473,0.7,0.01,time_varying,1.5,0.5,catalog_residual_profile,topk_logmeanexp,2,0.19,outputs/fixation_statistics_by_stimulus_all_sessions_after_review/backimage_image_disjoint_compact_basis_delta025_v1/image_disjoint_compact_basis_delta0p25_fold0of2.npz,10,0,source_row:6479,True,1.0,1.8097591059378144,-553.7340176730271,2,source_row:3947,False,4.0,-8.746602623120225,-590.3630426446822,3,source_row:3951,False,4.0,-1.500926437060798,-559.797889200224,3,source_row:3951,False,4.0,-0.5919006885634417,-557.1246652032584,0,source_row:6479,True,1.0,0.6336660192170029,-556.265566914769,34.097475729913185,-0.9782633315103738,14,-555.7032797811241,-557.1676626123534,1.4643828312292726,2,0.2215295181294482,0.9476024586466316,-0.914531031986722,0.0165357133299547,-5.816017740154976,0.1763571199682911,0.0848528134601641,0.8590982884893492,-0.3664684192910954,1.2255667077804446,rescued_by_residual,1.2255667077804446
11,395,197,response_tables/trial_00197_hard_negative_structure_obs-empirical_prior-axis_edge_orthogonal_rel2x.npz,hard_negative_structure,empirical,axis_edge_orthogonal,2.0,per_candidate,1.0,4,16,40,756,0,source_row:6479,-1,10,0.0787858814001083,0.7,0.01,time_varying,1.5,0.5,catalog_residual_profile,topk_logmeanexp,2,0.19,outputs/fixation_statistics_by_stimulus_all_sessions_after_review/backimage_image_disjoint_compact_basis_delta025_v1/image_disjoint_compact_basis_delta0p25_fold0of2.npz,10,0,source_row:6479,True,1.0,1.8097591059378144,-553.7340176730271,2,source_row:3947,False,4.0,-8.746602623120225,-590.3630426446822,0,source_row:6479,True,1.0,1.198020092155616,-557.7596402574768,0,source_row:6479,True,1.0,0.5362717191391084,-555.9606130113617,0,source_row:6479,True,1.0,1.2638732486550452,-555.8480991901572,34.514943454525,-0.9922633210325932,14,-555.4379128668759,-556.5694037859741,1.131490919098269,2,0.1817477043398225,-0.9333836288785988,-0.879027540144858,-0.9062055845117284,-3.5878094795176025,0.1042709591535021,0.0848528134601641,0.11251382120451581,-0.6023382197701039,0.7148520409746197,both_correct,0.7276015295159368
12,396,198,response_tables/trial_00198_hard_negative_structure_obs-empirical_prior-axis_edge_parallel_rel0p5x.npz,hard_negative_structure,empirical,axis_edge_parallel,0.5,per_candidate,1.0,4,16,40,756,0,source_row:6778,-1,12,0.0303118210285902,0.7,0.01,time_varying,1.5,0.5,catalog_residual_profile,topk_logmeanexp,2,0.19,outputs/fixation_statistics_by_stimulus_all_sessions_after_review/backimage_image_disjoint_compact_basis_delta025_v1/image_disjoint_compact_basis_delta0p25_fold0of2.npz,10,0,source_row:6778,True,1.0,0.1005931968294362,-368.1599031343295,1,source_row:6782,False,2.0,-0.100749839374771,-371.2348523032149,1,source_row:6782,False,2.0,-0.0259503851698355,-370.13567573509545,1,source_row:6782,False,2.0,-0.0401431304082962,-369.43760231366025,0,source_row:6778,True,1.0,0.0059549799835281,-369.08960169263753,2.145250610577307,0.977575058596021,13,-368.98935907628544,-369.4610925971875,0.4717335209020348,2,0.0535399657577785,0.386432920785346,-0.6324567259871975,-0.1230119026009257,-6.2398561498860525,0.0479833946109277,0.0198981692463724,0.3480006210227202,0.30190251063095275,0.04609811039176748,rescued_by_residual,0.0460981103918243
13,397,198,response_tables/trial_00198_hard_negative_structure_obs-empirical_prior-axis_edge_orthogonal_rel0p5x.npz,hard_negative_structure,empirical,axis_edge_orthogonal,0.5,per_candidate,1.0,4,16,40,756,0,source_row:6778,-1,1,0.0252595208585262,0.7,0.01,time_varying,1.5,0.5,catalog_residual_profile,topk_logmeanexp,2,0.19,outputs/fixation_statistics_by_stimulus_all_sessions_after_review/backimage_image_disjoint_compact_basis_delta025_v1/image_disjoint_compact_basis_delta0p25_fold0of2.npz,10,0,source_row:6778,True,1.0,0.1005931968294362,-368.1599031343295,1,source_row:6782,False,2.0,-0.100749839374771,-371.2348523032149,1,source_row:6782,False,2.0,-0.0013570556185982,-369.9496726626654,0,source_row:6778,True,1.0,0.0066142376187485,-369.1313970447679,1,source_row:6782,False,2.0,-0.004482248605143,-368.96641253332905,2.268439769885788,0.9950803410749064,13,-368.8539029509407,-369.3837175537548,0.5298146028140991,2,0.0346047430763748,0.3196120632035416,0.4668340135635585,0.39322303838355,-2.0244403071805284,0.0342901583682379,0.0198981692463724,0.1649845114388313,0.1760809976627229,-0.011096486223891588,lost_by_residual,-0.0110964862238915
14,398,199,response_tables/trial_00199_hard_negative_structure_obs-empirical_prior-axis_edge_parallel_rel1x.npz,hard_negative_structure,empirical,axis_edge_parallel,1.0,per_candidate,1.0,4,16,40,756,0,source_row:6778,-1,11,0.0619808360934257,0.7,0.01,time_varying,1.5,0.5,catalog_residual_profile,topk_logmeanexp,2,0.19,outputs/fixation_statistics_by_stimulus_all_sessions_after_review/backimage_image_disjoint_compact_basis_delta025_v1/image_disjoint_compact_basis_delta0p25_fold0of2.npz,10,0,source_row:6778,True,1.0,0.1278646706277868,-481.9032015062585,1,source_row:6782,False,2.0,-0.2388650858895289,-498.0762221125759,0,source_row:6778,True,1.0,0.0249217135323647,-486.13224757641615,0,source_row:6778,True,1.0,0.0336852392526907,-483.9307485317529,0,source_row:6778,True,1.0,0.0040423349303182,-483.87566520586046,14.200556906715462,0.9969364170991648,8,-483.3822752932703,-484.8303338366982,1.4480585434279192,2,0.0789379351039206,-0.5240465567609399,0.2330978529088488,-0.1454743519260455,-2.934461420180107,0.0661201458904274,0.0397963384927448,0.055083325892439916,0.0847262302148124,-0.029642904322372488,both_correct,-0.0296429043223725
15,399,199,response_tables/trial_00199_hard_negative_structure_obs-empirical_prior-axis_edge_orthogonal_rel1x.npz,hard_negative_structure,empirical,axis_edge_orthogonal,1.0,per_candidate,1.0,4,16,40,756,0,source_row:6778,-1,12,0.045269925147295,0.7,0.01,time_varying,1.5,0.5,catalog_residual_profile,topk_logmeanexp,2,0.19,outputs/fixation_statistics_by_stimulus_all_sessions_after_review/backimage_image_disjoint_compact_basis_delta025_v1/image_disjoint_compact_basis_delta0p25_fold0of2.npz,10,0,source_row:6778,True,1.0,0.1278646706277868,-481.9032015062585,1,source_row:6782,False,2.0,-0.2388650858895289,-498.0762221125759,1,source_row:6782,False,2.0,-0.0018562307370757,-485.16169006822224,0,source_row:6778,True,1.0,0.0126310938147184,-482.9657650709409,0,source_row:6778,True,1.0,0.0051431024725161,-483.3913700573887,14.684852055187264,0.9995952556478528,8,-482.8526524707439,-484.42848004892505,1.5758275781811335,2,0.0818832046296396,-0.8501671190928792,-0.5984524894532772,-0.7243098042730782,-3.2335376843552384,0.0460125525520767,0.0397963384927448,-0.42560498644780864,-0.41811699510554945,-0.007487991342259193,both_correct,-0.0074879913422023
16,400,200,response_tables/trial_00200_hard_negative_structure_obs-empirical_prior-axis_edge_parallel_rel2x.npz,hard_negative_structure,empirical,axis_edge_parallel,2.0,per_candidate,1.0,4,16,40,756,0,source_row:6778,-1,13,0.1212828829884529,0.7,0.01,time_varying,1.5,0.5,catalog_residual_profile,topk_logmeanexp,2,0.19,outputs/fixation_statistics_by_stimulus_all_sessions_after_review/backimage_image_disjoint_compact_basis_delta025_v1/image_disjoint_compact_basis_delta0p25_fold0of2.npz,10,0,source_row:6778,True,1.0,0.1417314097403732,-599.6793350936223,1,source_row:6782,False,2.0,-0.2805511109513645,-641.2269617398912,1,source_row:6782,False,2.0,-0.0132377717028475,-608.6871818311677,1,source_row:6782,False,2.0,-0.0294778782536013,-606.9350688287108,1,source_row:6782,False,2.0,-0.029327890711329,-604.5866491354053,36.64031260448587,0.9950883488220712,14,-604.2485461463698,-605.3044759441914,1.055929797821591,2,0.1990914133876988,-0.8199766829000115,0.6743523207396265,-0.0728121810801925,-5.256894552291556,0.1831171062558612,0.0795926769854896,2.348419693305459,2.3482697057631867,0.00014998754227235622,both_wrong,0.00014998754227229724
17,401,200,response_tables/trial_00200_hard_negative_structure_obs-empirical_prior-axis_edge_orthogonal_rel2x.npz,hard_negative_structure,empirical,axis_edge_orthogonal,2.0,per_candidate,1.0,4,16,40,756,0,source_row:6778,-1,11,0.0903005897998809,0.7,0.01,time_varying,1.5,0.5,catalog_residual_profile,topk_logmeanexp,2,0.19,outputs/fixation_statistics_by_stimulus_all_sessions_after_review/backimage_image_disjoint_compact_basis_delta025_v1/image_disjoint_compact_basis_delta0p25_fold0of2.npz,10,0,source_row:6778,True,1.0,0.1417314097403732,-599.6793350936223,1,source_row:6782,False,2.0,-0.2805511109513645,-641.2269617398912,0,source_row:6778,True,1.0,0.0043851289960912,-607.2683812371806,1,source_row:6782,False,2.0,-0.0154947552680368,-604.9003741702577,1,source_row:6782,False,2.0,-0.0180686433426444,-604.2134314457676,37.0135302941236,0.9998503547983932,10,-603.8231165544956,-605.0434962877683,1.2203797332726936,2,0.1540412922157417,-0.7340685499979369,-0.5545863237659199,-0.6443274368819284,-2.7456576670879502,0.0868853447005765,0.0795926769854896,0.686942724490109,0.6895166125647165,-0.0025738880746075665,both_wrong,-0.0025738880746076012
18,402,201,response_tables/trial_00201_hard_negative_structure_obs-empirical_prior-axis_edge_parallel_rel0p5x.npz,hard_negative_structure,empirical,axis_edge_parallel,0.5,per_candidate,1.0,4,16,40,756,0,source_row:6782,-1,6,0.0255324728786945,0.7,0.01,time_varying,1.5,0.5,catalog_residual_profile,topk_logmeanexp,2,0.19,outputs/fixation_statistics_by_stimulus_all_sessions_after_review/backimage_image_disjoint_compact_basis_delta025_v1/image_disjoint_compact_basis_delta0p25_fold0of2.npz,10,0,source_row:6782,True,1.0,0.0935041703410206,-385.4702947784856,0,source_row:6782,True,1.0,0.1449302747622596,-389.4567572763093,0,source_row:6782,True,1.0,0.053328881434254,-387.8791913394329,0,source_row:6782,True,1.0,0.030401706363591,-386.986629152982,0,source_row:6782,True,1.0,0.026473703364104,-386.5154121671759,2.941345109133408,0.7285962742121894,11,-386.35447074313095,-386.9607683852292,0.6062976420982409,2,0.0704398598456134,-0.1522048112048328,0.0451132305953638,-0.0535457903047345,-18.18602705144013,0.0683031031859663,0.0160814778520733,0.4712169858061088,0.47514498880559586,-0.003928002999487035,both_correct,-0.003928002999487
19,403,201,response_tables/trial_00201_hard_negative_structure_obs-empirical_prior-axis_edge_orthogonal_rel0p5x.npz,hard_negative_structure,empirical,axis_edge_orthogonal,0.5,per_candidate,1.0,4,16,40,756,0,source_row:6782,-1,6,0.0235077776014804,0.7,0.01,time_varying,1.5,0.5,catalog_residual_profile,topk_logmeanexp,2,0.19,outputs/fixation_statistics_by_stimulus_all_sessions_after_review/backimage_image_disjoint_compact_basis_delta025_v1/image_disjoint_compact_basis_delta0p25_fold0of2.npz,10,0,source_row:6782,True,1.0,0.0935041703410206,-385.4702947784856,0,source_row:6782,True,1.0,0.1449302747622596,-389.4567572763093,0,source_row:6782,True,1.0,0.0123405773219928,-387.4936202820419,0,source_row:6782,True,1.0,0.0447904161661085,-386.3636944501908,0,source_row:6782,True,1.0,0.0111998929058358,-386.2654167827226,3.191340493586665,0.6971188550321437,11,-386.0446105574808,-386.74575366620513,0.7011431087243523,2,0.0489349915808858,-0.0200921287439837,0.0313089769335189,0.0056084240947676,-8.259491172362775,0.0460329091869287,0.0160814778520733,0.09827766746820998,0.13186819072842582,-0.03359052326021583,both_correct,-0.0335905232602727
20,404,202,response_tables/trial_00202_hard_negative_structure_obs-empirical_prior-axis_edge_parallel_rel1x.npz,hard_negative_structure,empirical,axis_edge_parallel,1.0,per_candidate,1.0,4,16,40,756,0,source_row:6782,-1,10,0.0480438023805618,0.7,0.01,time_varying,1.5,0.5,catalog_residual_profile,topk_logmeanexp,2,0.19,outputs/fixation_statistics_by_stimulus_all_sessions_after_review/backimage_image_disjoint_compact_basis_delta025_v1/image_disjoint_compact_basis_delta0p25_fold0of2.npz,10,0,source_row:6782,True,1.0,0.1239031799245822,-485.0494050559037,3,source_row:3345,False,2.0,-0.0153883735019917,-500.4179735876797,1,source_row:6778,False,2.0,-0.0070484361519902,-490.46630913173175,1,source_row:6778,False,2.0,-0.0685334406852575,-488.4349083563538,0,source_row:6782,True,1.0,0.0095246769917594,-487.6220799755878,12.795893612091902,0.4157331052836486,9,-487.3415612347175,-488.42067930091633,1.0791180661988165,2,0.1239173747337932,0.1846928827974115,0.4970585244506826,0.340875703624047,-13.844053224872344,0.1281088919783243,0.0321629557041466,0.8128283807660068,0.7347702630890467,0.07805811767696014,rescued_by_residual,0.0780581176770169
21,405,202,response_tables/trial_00202_hard_negative_structure_obs-empirical_prior-axis_edge_orthogonal_rel1x.npz,hard_negative_structure,empirical,axis_edge_orthogonal,1.0,per_candidate,1.0,4,16,40,756,0,source_row:6782,-1,11,0.0433174930512905,0.7,0.01,time_varying,1.5,0.5,catalog_residual_profile,topk_logmeanexp,2,0.19,outputs/fixation_statistics_by_stimulus_all_sessions_after_review/backimage_image_disjoint_compact_basis_delta025_v1/image_disjoint_compact_basis_delta0p25_fold0of2.npz,10,0,source_row:6782,True,1.0,0.1239031799245822,-485.0494050559037,3,source_row:3345,False,2.0,-0.0153883735019917,-500.4179735876797,0,source_row:6782,True,1.0,0.026775719955367,-489.841196188838,0,source_row:6782,True,1.0,0.0321309325983634,-488.2284850421442,0,source_row:6782,True,1.0,0.0022220577964162,-487.12008258315166,13.297891004528026,0.3740016803292882,9,-486.8292550652167,-487.98234242526456,1.1530873600478913,2,0.0990648662974723,0.0992234116685412,-0.4685032654277633,-0.184639926879611,-8.486967444170219,0.0943460448615431,0.0321629557041466,1.1084024589925434,1.1383113337944906,-0.02990887480194715,both_correct,-0.0299088748019472
22,406,203,response_tables/trial_00203_hard_negative_structure_obs-empirical_prior-axis_edge_parallel_rel2x.npz,hard_negative_structure,empirical,axis_edge_parallel,2.0,per_candidate,1.0,4,16,40,756,0,source_row:6782,-1,0,0.0989711731672287,0.7,0.01,time_varying,1.5,0.5,catalog_residual_profile,topk_logmeanexp,2,0.19,outputs/fixation_statistics_by_stimulus_all_sessions_after_review/backimage_image_disjoint_compact_basis_delta025_v1/image_disjoint_compact_basis_delta0p25_fold0of2.npz,10,0,source_row:6782,True,1.0,0.1600241071014352,-609.8141466938613,3,source_row:3345,False,2.0,-0.7114655087918891,-650.6184953278018,1,source_row:6778,False,2.0,-0.0022863708094291,-616.886625386434,1,source_row:6778,False,2.0,-0.0895153840360762,-615.782292121858,1,source_row:6778,False,2.0,-0.0172404339401737,-615.3047886785738,35.31370664922804,0.5607783428159409,15,-615.0088252761752,-616.0213835943919,1.0125583182166338,2,0.1622499718292788,-0.589546254676215,0.4845131227966107,-0.0525165659398021,-5.362054184420889,0.1524480397956472,0.0643259114082933,0.4775034432841494,0.40522849318824683,0.07227495009590257,both_wrong,0.0722749500959025
23,407,203,response_tables/trial_00203_hard_negative_structure_obs-empirical_prior-axis_edge_orthogonal_rel2x.npz,hard_negative_structure,empirical,axis_edge_orthogonal,2.0,per_candidate,1.0,4,16,40,756,0,source_row:6782,-1,7,0.0863929986953735,0.7,0.01,time_varying,1.5,0.5,catalog_residual_profile,topk_logmeanexp,2,0.19,outputs/fixation_statistics_by_stimulus_all_sessions_after_review/backimage_image_disjoint_compact_basis_delta025_v1/image_disjoint_compact_basis_delta0p25_fold0of2.npz,10,0,source_row:6782,True,1.0,0.1600241071014352,-609.8141466938613,3,source_row:3345,False,2.0,-0.7114655087918891,-650.6184953278018,0,source_row:6782,True,1.0,0.016201795278107,-615.712825760947,1,source_row:6778,False,2.0,-0.0020493760817998,-614.6428413306883,0,source_row:6782,True,1.0,0.0295428193338693,-614.5085640511002,36.10993127670167,0.573425417929231,5,-614.1889669101852,-615.3479464837616,1.1589795735764028,2,0.1213439849643801,0.0815517677866731,0.5642000785167711,0.3228759231517221,-2.5584806598455416,0.1110410592946562,0.0643259114082933,0.13427727958810465,0.10268508417243538,0.031592195415669266,rescued_by_residual,0.0315921954156691
24,408,204,response_tables/trial_00204_hard_negative_structure_obs-empirical_prior-axis_edge_parallel_rel0p5x.npz,hard_negative_structure,empirical,axis_edge_parallel,0.5,per_candidate,1.0,4,16,40,756,0,source_row:6806,-1,7,0.0190552826970815,0.7,0.01,time_varying,1.5,0.5,catalog_residual_profile,topk_logmeanexp,2,0.19,outputs/fixation_statistics_by_stimulus_all_sessions_after_review/backimage_image_disjoint_compact_basis_delta025_v1/image_disjoint_compact_basis_delta0p25_fold0of2.npz,10,0,source_row:6806,True,1.0,1.3588446067211637,-365.2403099779384,0,source_row:6806,True,1.0,1.344446018808469,-365.9788729410728,0,source_row:6806,True,1.0,1.0827614740539389,-367.02242221199776,0,source_row:6806,True,1.0,1.201837746874162,-365.6178452762085,0,source_row:6806,True,1.0,1.138165630854985,-365.80553298986246,0.1733399512103801,0.8783655991266223,9,-365.55320399680136,-366.8137186762428,1.260514679441428,2,0.02613831171507,-0.522950642338903,0.1039931401030467,-0.2094787511179281,-7.473324875652066,0.0241319738160471,0.0089794679333657,-0.18768771365392922,-0.12401559763475234,-0.06367211601917688,both_correct,-0.06367211601917688
25,409,204,response_tables/trial_00204_hard_negative_structure_obs-empirical_prior-axis_edge_orthogonal_rel0p5x.npz,hard_negative_structure,empirical,axis_edge_orthogonal,0.5,per_candidate,1.0,4,16,40,756,0,source_row:6806,-1,9,0.0151182925328612,0.7,0.01,time_varying,1.5,0.5,catalog_residual_profile,topk_logmeanexp,2,0.19,outputs/fixation_statistics_by_stimulus_all_sessions_after_review/backimage_image_disjoint_compact_basis_delta025_v1/image_disjoint_compact_basis_delta0p25_fold0of2.npz,10,0,source_row:6806,True,1.0,1.3588446067211637,-365.2403099779384,0,source_row:6806,True,1.0,1.344446018808469,-365.9788729410728,0,source_row:6806,True,1.0,1.0409937307324526,-367.18655770878735,0,source_row:6806,True,1.0,1.3074538202636177,-365.5316544983981,0,source_row:6806,True,1.0,1.2058972607770784,-365.7998447237452,0.1790282173276409,0.7691979512477913,9,-365.4787251845357,-367.0050149026827,1.5262897181470407,2,0.0155094550540256,0.2156599305665294,0.2321119014806776,0.2238859160236035,-1.9832652499574857,0.0145575649429614,0.0089794679333657,-0.268190225347098,-0.16663366586055872,-0.1015565594865393,both_correct,-0.1015565594865393
26,410,205,response_tables/trial_00205_hard_negative_structure_obs-empirical_prior-axis_edge_parallel_rel1x.npz,hard_negative_structure,empirical,axis_edge_parallel,1.0,per_candidate,1.0,4,16,40,756,0,source_row:6806,-1,14,0.0372765436768531,0.7,0.01,time_varying,1.5,0.5,catalog_residual_profile,topk_logmeanexp,2,0.19,outputs/fixation_statistics_by_stimulus_all_sessions_after_review/backimage_image_disjoint_compact_basis_delta025_v1/image_disjoint_compact_basis_delta0p25_fold0of2.npz,10,0,source_row:6806,True,1.0,1.5917909691372074,-441.3267962523781,0,source_row:6806,True,1.0,1.7168806086512518,-446.6343290200176,0,source_row:6806,True,1.0,1.1036764470578078,-443.7076979540026,0,source_row:6806,True,1.0,1.1101447275588612,-442.687626750562,0,source_row:6806,True,1.0,0.9183631872562046,-442.4925494321771,4.14177958784046,0.9344221269345616,14,-442.35659237258,-443.054227959106,0.6976355865260189,2,0.0812115883601884,-0.6295339844627271,-0.0276163974968407,-0.3285751909797839,-19.449128791269672,0.0769449346107307,0.0179589358667314,0.19507731838490372,0.3868588586875603,-0.1917815403026566,both_correct,-0.1917815403026566
27,411,205,response_tables/trial_00205_hard_negative_structure_obs-empirical_prior-axis_edge_orthogonal_rel1x.npz,hard_negative_structure,empirical,axis_edge_orthogonal,1.0,per_candidate,1.0,4,16,40,756,0,source_row:6806,-1,14,0.0262197647243738,0.7,0.01,time_varying,1.5,0.5,catalog_residual_profile,topk_logmeanexp,2,0.19,outputs/fixation_statistics_by_stimulus_all_sessions_after_review/backimage_image_disjoint_compact_basis_delta025_v1/image_disjoint_compact_basis_delta0p25_fold0of2.npz,10,0,source_row:6806,True,1.0,1.5917909691372074,-441.3267962523781,0,source_row:6806,True,1.0,1.7168806086512518,-446.6343290200176,0,source_row:6806,True,1.0,0.5551231692741112,-444.0177794941214,0,source_row:6806,True,1.0,1.132714816767816,-442.3307783802053,0,source_row:6806,True,1.0,0.913410529464386,-442.4395071244375,4.194821895580105,0.6792012870978484,14,-442.0454281319358,-443.3287391271131,1.2833109951773167,2,0.0346225386620946,0.6689803765478456,-0.0792155108653389,0.2948824328412533,-2.7166923924357533,0.0400307935832803,0.0179589358667314,-0.10872874423222356,0.11057554307132023,-0.2193042873035438,both_correct,-0.2193042873034301
28,412,206,response_tables/trial_00206_hard_negative_structure_obs-empirical_prior-axis_edge_parallel_rel2x.npz,hard_negative_structure,empirical,axis_edge_parallel,2.0,per_candidate,1.0,4,16,40,756,0,source_row:6806,-1,13,0.0650752186775207,0.7,0.01,time_varying,1.5,0.5,catalog_residual_profile,topk_logmeanexp,2,0.19,outputs/fixation_statistics_by_stimulus_all_sessions_after_review/backimage_image_disjoint_compact_basis_delta025_v1/image_disjoint_compact_basis_delta0p25_fold0of2.npz,10,0,source_row:6806,True,1.0,2.699979716627695,-604.2123902602365,0,source_row:6806,True,1.0,3.354127561043356,-632.4736755428993,0,source_row:6806,True,1.0,2.351002584693447,-608.8146672166206,0,source_row:6806,True,1.0,1.951711950560707,-607.6166812399949,0,source_row:6806,True,1.0,1.2382340772439877,-606.8809973307667,25.59267821213257,0.9151680426479584,8,-606.7305012557538,-607.3437183766565,0.613217120902732,2,0.1156075835949082,-0.5827280579875628,-0.028672842290665,-0.3057004501391139,-9.35980204728618,0.1055293828077676,0.0359178717334629,0.7356839092282144,1.4491617825449339,-0.7134778733167195,both_correct,-0.7134778733167193
29,413,206,response_tables/trial_00206_hard_negative_structure_obs-empirical_prior-axis_edge_orthogonal_rel2x.npz,hard_negative_structure,empirical,axis_edge_orthogonal,2.0,per_candidate,1.0,4,16,40,756,0,source_row:6806,-1,8,0.0586182847619056,0.7,0.01,time_varying,1.5,0.5,catalog_residual_profile,topk_logmeanexp,2,0.19,outputs/fixation_statistics_by_stimulus_all_sessions_after_review/backimage_image_disjoint_compact_basis_delta025_v1/image_disjoint_compact_basis_delta0p25_fold0of2.npz,10,0,source_row:6806,True,1.0,2.699979716627695,-604.2123902602365,0,source_row:6806,True,1.0,3.354127561043356,-632.4736755428993,0,source_row:6806,True,1.0,2.260101740452569,-608.1963130027087,0,source_row:6806,True,1.0,1.7510106758227266,-607.0502143365301,0,source_row:6806,True,1.0,1.152204470055267,-606.616893364426,25.85678217847328,0.6035065495647166,8,-606.3172501130618,-607.2192630911753,0.9020129781134756,2,0.0571970289581266,0.5059571984588929,-0.0196491299472143,0.2431540342558392,-1.5358627856270752,0.0622805482076085,0.0359178717334629,0.4333209721040703,1.3476931317226217,-0.9143721596185514,both_correct,-0.5988062057674597
30,414,207,response_tables/trial_00207_hard_negative_structure_obs-empirical_prior-axis_edge_parallel_rel0p5x.npz,hard_negative_structure,empirical,axis_edge_parallel,0.5,per_candidate,1.0,4,16,40,756,0,source_row:6823,-1,7,0.0227385275065898,0.7,0.01,time_varying,1.5,0.5,catalog_residual_profile,topk_logmeanexp,2,0.19,outputs/fixation_statistics_by_stimulus_all_sessions_after_review/backimage_image_disjoint_compact_basis_delta025_v1/image_disjoint_compact_basis_delta0p25_fold0of2.npz,10,0,source_row:6823,True,1.0,0.6221448957352891,-273.50534956202574,0,source_row:6823,True,1.0,0.3264975322599639,-274.33958196620506,0,source_row:6823,True,1.0,0.6366963951555249,-274.5134315432024,0,source_row:6823,True,1.0,0.544585463101555,-273.84646462256484,0,source_row:6823,True,1.0,0.568779611019977,-273.8965301757651,0.443051790439938,0.9982077373843482,5,-273.79404421772523,-274.30849089410674,0.5144466763815103,2,0.0246181376075136,0.1807452183148324,-0.0051702611579472,0.0877874785784426,-3.191195468948079,0.0233753562134247,0.01202503189491,-0.05006555320028383,-0.07425970111870583,0.024194147918422004,both_correct,0.024194147918422004
31,415,207,response_tables/trial_00207_hard_negative_structure_obs-empirical_prior-axis_edge_orthogonal_rel0p5x.npz,hard_negative_structure,empirical,axis_edge_orthogonal,0.5,per_candidate,1.0,4,16,40,756,0,source_row:6823,-1,8,0.0237498674541711,0.7,0.01,time_varying,1.5,0.5,catalog_residual_profile,topk_logmeanexp,2,0.19,outputs/fixation_statistics_by_stimulus_all_sessions_after_review/backimage_image_disjoint_compact_basis_delta025_v1/image_disjoint_compact_basis_delta0p25_fold0of2.npz,10,0,source_row:6823,True,1.0,0.6221448957352891,-273.50534956202574,0,source_row:6823,True,1.0,0.3264975322599639,-274.33958196620506,0,source_row:6823,True,1.0,0.2547961804692136,-275.5404615622735,0,source_row:6823,True,1.0,0.0548642261870213,-274.43489314664333,0,source_row:6823,True,1.0,0.2499910508304879,-274.54938472888114,-0.2098027626760767,0.9944700378308612,13,-274.3429142773822,-275.3466409269719,1.0037266495896802,2,0.0268690853059491,0.1985423280751538,-0.0460713668480043,0.0762354806135747,-3.992674930894792,0.023769401860777,0.01202503189491,-0.11449158223780387,-0.3096184068812704,0.19512682464346653,both_correct,0.1951268246434666
32,416,208,response_tables/trial_00208_hard_negative_structure_obs-empirical_prior-axis_edge_parallel_rel1x.npz,hard_negative_structure,empirical,axis_edge_parallel,1.0,per_candidate,1.0,4,16,40,756,0,source_row:6823,-1,3,0.0379194542765617,0.7,0.01,time_varying,1.5,0.5,catalog_residual_profile,topk_logmeanexp,2,0.19,outputs/fixation_statistics_by_stimulus_all_sessions_after_review/backimage_image_disjoint_compact_basis_delta025_v1/image_disjoint_compact_basis_delta0p25_fold0of2.npz,10,0,source_row:6823,True,1.0,0.911307330369425,-326.7248252761202,1,source_row:2122,False,3.0,-0.3459535312200046,-331.1662261765316,0,source_row:6823,True,1.0,0.317826007806957,-329.25694510189254,0,source_row:6823,True,1.0,0.0640062036447943,-328.34575479657474,0,source_row:6823,True,1.0,0.5589250594109672,-327.9010843819375,3.265141794594115,-0.4754358504515111,14,-327.6967785747741,-328.2793268540386,0.5825482792644721,2,0.1063758680438635,-0.3687191621687795,-0.4003602780810072,-0.3845397201248933,-18.56382497397661,0.0964432420851387,0.0240500637898201,0.444670414637244,-0.05024844112892879,0.4949188557661728,both_correct,0.49491885576617284
33,417,208,response_tables/trial_00208_hard_negative_structure_obs-empirical_prior-axis_edge_orthogonal_rel1x.npz,hard_negative_structure,empirical,axis_edge_orthogonal,1.0,per_candidate,1.0,4,16,40,756,0,source_row:6823,-1,4,0.0410567484796047,0.7,0.01,time_varying,1.5,0.5,catalog_residual_profile,topk_logmeanexp,2,0.19,outputs/fixation_statistics_by_stimulus_all_sessions_after_review/backimage_image_disjoint_compact_basis_delta025_v1/image_disjoint_compact_basis_delta0p25_fold0of2.npz,10,0,source_row:6823,True,1.0,0.911307330369425,-326.7248252761202,1,source_row:2122,False,3.0,-0.3459535312200046,-331.1662261765316,0,source_row:6823,True,1.0,0.3567682772932699,-329.57461260536365,0,source_row:6823,True,1.0,0.2294380954239727,-328.41941500481863,0,source_row:6823,True,1.0,0.3922219688556652,-328.3187904911807,2.847435685350888,-0.4945886691059487,7,-328.07822961054023,-329.1119983570622,1.0337687465219574,2,0.0638314010179073,0.4124145344973188,-0.0654345112264361,0.1734900116354413,-6.0442747775120615,0.0584640706564566,0.0240500637898201,0.1006245136379107,-0.06215935979378173,0.16278387343169243,both_correct,0.16278387343169248
34,418,209,response_tables/trial_00209_hard_negative_structure_obs-empirical_prior-axis_edge_parallel_rel2x.npz,hard_negative_structure,empirical,axis_edge_parallel,2.0,per_candidate,1.0,4,16,40,756,0,source_row:6823,-1,3,0.0675707533955574,0.7,0.01,time_varying,1.5,0.5,catalog_residual_profile,topk_logmeanexp,2,0.19,outputs/fixation_statistics_by_stimulus_all_sessions_after_review/backimage_image_disjoint_compact_basis_delta025_v1/image_disjoint_compact_basis_delta0p25_fold0of2.npz,10,0,source_row:6823,True,1.0,1.393142676432774,-406.203017177935,3,source_row:7434,False,3.0,-3.8536298096476,-421.2442266173085,0,source_row:6823,True,1.0,0.2044329886511491,-410.6666793441839,0,source_row:6823,True,1.0,0.3517212680917509,-409.3567163341654,0,source_row:6823,True,1.0,0.4520334715128911,-409.1121194843992,12.132107132909312,-0.9047100469535978,6,-408.88404907222673,-409.7347611618716,0.8507120896448441,2,0.1442114920941907,-0.2191424084035782,-0.1633608228156781,-0.1912516156096282,-7.988915214525928,0.1283391169680438,0.0481001275796402,0.24459684976619656,0.1442846463451133,0.10031220342108327,both_correct,0.10031220342114017
35,419,209,response_tables/trial_00209_hard_negative_structure_obs-empirical_prior-axis_edge_orthogonal_rel2x.npz,hard_negative_structure,empirical,axis_edge_orthogonal,2.0,per_candidate,1.0,4,16,40,756,0,source_row:6823,-1,12,0.0784869417548179,0.7,0.01,time_varying,1.5,0.5,catalog_residual_profile,topk_logmeanexp,2,0.19,outputs/fixation_statistics_by_stimulus_all_sessions_after_review/backimage_image_disjoint_compact_basis_delta025_v1/image_disjoint_compact_basis_delta0p25_fold0of2.npz,10,0,source_row:6823,True,1.0,1.393142676432774,-406.203017177935,3,source_row:7434,False,3.0,-3.8536298096476,-421.2442266173085,0,source_row:6823,True,1.0,0.1092236326214788,-411.1287901550821,0,source_row:6823,True,1.0,0.1675147885331398,-410.2425950577129,0,source_row:6823,True,1.0,0.2602294185909386,-409.7780857696168,11.46614084769169,-0.9262790207424032,4,-409.5530681411054,-410.4065823600492,0.8535142189437579,2,0.0912083415357128,0.18717199727014,0.0573308001234386,0.1222513986967893,-2.5956437929124347,0.0791544913468195,0.0481001275796402,0.46450928809611014,0.37179465803819767,0.09271463005791247,both_correct,0.09271463005779881
36,420,210,response_tables/trial_00210_hard_negative_structure_obs-empirical_prior-axis_edge_parallel_rel0p5x.npz,hard_negative_structure,empirical,axis_edge_parallel,0.5,per_candidate,1.0,4,16,40,756,0,source_row:6852,-1,11,0.0157539770007133,0.7,0.01,time_varying,1.5,0.5,catalog_residual_profile,topk_logmeanexp,2,0.19,outputs/fixation_statistics_by_stimulus_all_sessions_after_review/backimage_image_disjoint_compact_basis_delta025_v1/image_disjoint_compact_basis_delta0p25_fold0of2.npz,10,0,source_row:6852,True,1.0,0.1845465946506692,-284.6249543348908,0,source_row:6852,True,1.0,0.1454254279007045,-285.0041722058834,0,source_row:6852,True,1.0,0.0610012836680766,-285.4276192886216,0,source_row:6852,True,1.0,0.1181709753827249,-284.8718008491665,0,source_row:6852,True,1.0,0.0930152119727267,-284.93513954674177,0.0690326591416123,0.9980187750239962,11,-284.8288983829537,-285.3261646046159,0.4972662216621302,2,0.0258332703668701,-0.0327990249832269,-0.0160872286586119,-0.0244431268209194,-5.085961896056066,0.0233255179354291,0.010471641721313,-0.06333869757526145,-0.019561948601904078,-0.04377674897335737,both_correct,-0.0251557634099982
37,421,210,response_tables/trial_00210_hard_negative_structure_obs-empirical_prior-axis_edge_orthogonal_rel0p5x.npz,hard_negative_structure,empirical,axis_edge_orthogonal,0.5,per_candidate,1.0,4,16,40,756,0,source_row:6852,-1,13,0.0179292876273393,0.7,0.01,time_varying,1.5,0.5,catalog_residual_profile,topk_logmeanexp,2,0.19,outputs/fixation_statistics_by_stimulus_all_sessions_after_review/backimage_image_disjoint_compact_basis_delta025_v1/image_disjoint_compact_basis_delta0p25_fold0of2.npz,10,0,source_row:6852,True,1.0,0.1845465946506692,-284.6249543348908,0,source_row:6852,True,1.0,0.1454254279007045,-285.0041722058834,0,source_row:6852,True,1.0,0.0048495870216243,-285.6329973775257,0,source_row:6852,True,1.0,0.0680834317356584,-284.9408352829413,0,source_row:6852,True,1.0,0.0474527449583774,-285.0279125311109,-0.0237403252275498,0.9930622622693916,6,-284.90707613924377,-285.521942250709,0.6148661114652327,2,0.0199806600937378,-0.0310857570939738,0.1086099007156171,0.0387620718108216,-2.640743761224234,0.0176010924781685,0.010471641721313,-0.08707724816963491,-0.06644656139241079,-0.020630686777224128,both_correct,-0.020630686777280992
38,422,211,response_tables/trial_00211_hard_negative_structure_obs-empirical_prior-axis_edge_parallel_rel1x.npz,hard_negative_structure,empirical,axis_edge_parallel,1.0,per_candidate,1.0,4,16,40,756,0,source_row:6852,-1,5,0.0371300242841243,0.7,0.01,time_varying,1.5,0.5,catalog_residual_profile,topk_logmeanexp,2,0.19,outputs/fixation_statistics_by_stimulus_all_sessions_after_review/backimage_image_disjoint_compact_basis_delta025_v1/image_disjoint_compact_basis_delta0p25_fold0of2.npz,10,0,source_row:6852,True,1.0,0.1730319118728402,-326.8893388997836,0,source_row:6852,True,1.0,0.229723612388625,-329.7589898050193,0,source_row:6852,True,1.0,0.0378997903158051,-328.71689021683386,0,source_row:6852,True,1.0,0.0387979357500967,-327.88111627927736,0,source_row:6852,True,1.0,0.0423943891046292,-327.79567928348706,1.9633105215322644,0.968175927838311,13,-327.6514562123292,-328.36707392905754,0.7156177167283317,2,0.0451080538511558,0.106188722226784,0.2616605944330636,0.1839246583299238,-3.638938763227565,0.0426348510202461,0.020943283442626,0.08543699579030317,0.08184054243577066,0.003596453354532514,both_correct,0.0035964533545325
39,423,211,response_tables/trial_00211_hard_negative_structure_obs-empirical_prior-axis_edge_orthogonal_rel1x.npz,hard_negative_structure,empirical,axis_edge_orthogonal,1.0,per_candidate,1.0,4,16,40,756,0,source_row:6852,-1,5,0.0343086458742618,0.7,0.01,time_varying,1.5,0.5,catalog_residual_profile,topk_logmeanexp,2,0.19,outputs/fixation_statistics_by_stimulus_all_sessions_after_review/backimage_image_disjoint_compact_basis_delta025_v1/image_disjoint_compact_basis_delta0p25_fold0of2.npz,10,0,source_row:6852,True,1.0,0.1730319118728402,-326.8893388997836,0,source_row:6852,True,1.0,0.229723612388625,-329.7589898050193,3,source_row:11747,False,2.0,-0.0039035512774034,-329.0901120093121,2,source_row:10423,False,2.0,-0.0426132505415921,-327.99014630781585,0,source_row:6852,True,1.0,0.0164648693225331,-328.1372292153174,1.6217605897019212,0.9840195658664386,0,-327.9316482558794,-328.8371061182502,0.9054578623707812,2,0.0316518474776353,-0.3059369092598469,-0.0067484100598275,-0.1563426596598372,-1.2840656775609167,0.0222793543013475,0.020943283442626,-0.14708290750155584,-0.2061610273656811,0.059078119864125256,rescued_by_residual,0.0590781198641252
40,424,212,response_tables/trial_00212_hard_negative_structure_obs-empirical_prior-axis_edge_parallel_rel2x.npz,hard_negative_structure,empirical,axis_edge_parallel,2.0,per_candidate,1.0,4,16,40,756,0,source_row:6852,-1,12,0.0667380318045616,0.7,0.01,time_varying,1.5,0.5,catalog_residual_profile,topk_logmeanexp,2,0.19,outputs/fixation_statistics_by_stimulus_all_sessions_after_review/backimage_image_disjoint_compact_basis_delta025_v1/image_disjoint_compact_basis_delta0p25_fold0of2.npz,10,0,source_row:6852,True,1.0,0.2168002035996323,-434.707844498644,0,source_row:6852,True,1.0,0.8133435926326342,-451.58329109481423,2,source_row:10423,False,2.0,-0.0310580803489983,-438.8785718059521,0,source_row:6852,True,1.0,0.013625090224707,-437.4233853463284,0,source_row:6852,True,1.0,0.0087541899185907,-437.5060646885106,14.077226406303623,0.3299819256793577,0,-437.20924697455416,-438.5536800730944,1.3444330985402075,2,0.0769912685001152,0.1138724024322126,-0.2278867159580179,-0.0570071567629026,-2.378573862848905,0.0666038404186778,0.0418865668852521,-0.08267934218218898,-0.07780844187607272,-0.004870900306116255,both_correct,-0.0048709003061163
41,425,212,response_tables/trial_00212_hard_negative_structure_obs-empirical_prior-axis_edge_orthogonal_rel2x.npz,hard_negative_structure,empirical,axis_edge_orthogonal,2.0,per_candidate,1.0,4,16,40,756,0,source_row:6852,-1,12,0.0817876607179641,0.7,0.01,time_varying,1.5,0.5,catalog_residual_profile,topk_logmeanexp,2,0.19,outputs/fixation_statistics_by_stimulus_all_sessions_after_review/backimage_image_disjoint_compact_basis_delta025_v1/image_disjoint_compact_basis_delta0p25_fold0of2.npz,10,0,source_row:6852,True,1.0,0.2168002035996323,-434.707844498644,0,source_row:6852,True,1.0,0.8133435926326342,-451.58329109481423,0,source_row:6852,True,1.0,0.0053632983278362,-439.87163393126656,3,source_row:11747,False,2.0,-0.0569067606987232,-438.8085085925569,0,source_row:6852,True,1.0,0.0022053791780081,-438.7187572759992,12.864533818815062,-0.1546850525254067,11,-438.4825571484838,-439.4609307610991,0.9783736126152576,2,0.0738512475106639,0.3654683595186483,0.045492227230739,0.2054802933746937,-2.1086092833338776,0.0654883099265177,0.0418865668852521,0.0897513165576811,0.09920422975250176,-0.009452913194820667,rescued_by_residual,0.0591121398767313
42,426,213,response_tables/trial_00213_hard_negative_structure_obs-empirical_prior-axis_edge_parallel_rel0p5x.npz,hard_negative_structure,empirical,axis_edge_parallel,0.5,per_candidate,1.0,4,16,40,756,0,source_row:7084,-1,3,0.0964824259281158,0.7,0.01,time_varying,1.5,0.5,catalog_residual_profile,topk_logmeanexp,2,0.19,outputs/fixation_statistics_by_stimulus_all_sessions_after_review/backimage_image_disjoint_compact_basis_delta025_v1/image_disjoint_compact_basis_delta0p25_fold0of2.npz,10,0,source_row:7084,True,1.0,0.6070869906753842,-565.4906098198913,3,source_row:9885,False,2.0,-1.1027268277499616,-599.2887744201491,3,source_row:9885,False,2.0,-0.6269195901750209,-572.0834672942672,3,source_row:9885,False,2.0,-0.3867840682815995,-569.7382856775523,0,source_row:7084,True,1.0,0.0001380725014996,-568.504733867837,30.78404055231215,0.9175912304060588,14,-568.2517780792542,-569.3073356979384,1.0555576186841336,2,0.1383194084094876,-0.9273810718715508,0.8782038795951667,-0.0245885961381921,-2.7086011937617687,0.1412599267523866,0.0718254004348112,1.2335518097153226,1.3412947430786062,-0.10774293336328356,rescued_by_residual,0.3869221407830991
43,427,213,response_tables/trial_00213_hard_negative_structure_obs-empirical_prior-axis_edge_orthogonal_rel0p5x.npz,hard_negative_structure,empirical,axis_edge_orthogonal,0.5,per_candidate,1.0,4,16,40,756,0,source_row:7084,-1,4,0.0516589619219303,0.7,0.01,time_varying,1.5,0.5,catalog_residual_profile,topk_logmeanexp,2,0.19,outputs/fixation_statistics_by_stimulus_all_sessions_after_review/backimage_image_disjoint_compact_basis_delta025_v1/image_disjoint_compact_basis_delta0p25_fold0of2.npz,10,0,source_row:7084,True,1.0,0.6070869906753842,-565.4906098198913,3,source_row:9885,False,2.0,-1.1027268277499616,-599.2887744201491,0,source_row:7084,True,1.0,0.4000774046282913,-570.0681846849109,0,source_row:7084,True,1.0,0.5054818130696503,-567.9590448807555,0,source_row:7084,True,1.0,0.2504076163540958,-567.3904494358533,31.89832498429587,0.8919997565294665,0,-567.1329927216647,-568.1976348908653,1.0646421692006245,2,0.0474118159475065,0.9508940672798808,0.9664519066545504,0.9586729869672156,0.5642703956516602,0.0988349254467793,0.0718254004348112,0.5685954449022574,0.823669641617812,-0.25507419671555454,both_correct,-0.25507419671555454
44,428,214,response_tables/trial_00214_hard_negative_structure_obs-empirical_prior-axis_edge_parallel_rel1x.npz,hard_negative_structure,empirical,axis_edge_parallel,1.0,per_candidate,1.0,4,16,40,756,0,source_row:7084,-1,14,0.1136450842022895,0.7,0.01,time_varying,1.5,0.5,catalog_residual_profile,topk_logmeanexp,2,0.19,outputs/fixation_statistics_by_stimulus_all_sessions_after_review/backimage_image_disjoint_compact_basis_delta025_v1/image_disjoint_compact_basis_delta0p25_fold0of2.npz,10,0,source_row:7084,True,1.0,0.6192314332564592,-583.4733971339022,3,source_row:9885,False,2.0,-1.3735766331199102,-621.510889980045,0,source_row:7084,True,1.0,0.1533631181272312,-590.8640119794912,0,source_row:7084,True,1.0,0.2717440366541268,-588.539558560158,0,source_row:7084,True,1.0,0.1040881011715555,-586.7352203419056,34.77566963813945,0.9052898421954402,9,-586.3844241187848,-588.0852517275572,1.7008276087724423,2,0.1664367029879972,-0.9137642842519128,0.9742088324381056,0.0302222740930963,-2.8473855455292663,0.1745243340594207,0.0848528140084264,1.8043382182523828,1.9719941537349541,-0.1676559354825713,both_correct,-0.1676559354825713
45,429,214,response_tables/trial_00214_hard_negative_structure_obs-empirical_prior-axis_edge_orthogonal_rel1x.npz,hard_negative_structure,empirical,axis_edge_orthogonal,1.0,per_candidate,1.0,4,16,40,756,0,source_row:7084,-1,9,0.0587838478386402,0.7,0.01,time_varying,1.5,0.5,catalog_residual_profile,topk_logmeanexp,2,0.19,outputs/fixation_statistics_by_stimulus_all_sessions_after_review/backimage_image_disjoint_compact_basis_delta025_v1/image_disjoint_compact_basis_delta0p25_fold0of2.npz,10,0,source_row:7084,True,1.0,0.6192314332564592,-583.4733971339022,3,source_row:9885,False,2.0,-1.3735766331199102,-621.510889980045,0,source_row:7084,True,1.0,0.3029708503706843,-588.0351377193938,0,source_row:7084,True,1.0,0.3328778981438063,-585.9763657576731,0,source_row:7084,True,1.0,0.3316418342741372,-585.3806036263719,36.13028635367312,0.8996186076754276,9,-585.0401996998531,-586.3288888915578,1.288689191704634,2,0.057439612008772,0.9062938854040838,0.9568853526771772,0.9315896190406304,0.5417626379125704,0.1091142582285903,0.0848528140084264,0.5957621313011714,0.5969981951708405,-0.001236063869669124,both_correct,-0.001236063869669124
46,430,215,response_tables/trial_00215_hard_negative_structure_obs-empirical_prior-axis_edge_parallel_rel2x.npz,hard_negative_structure,empirical,axis_edge_parallel,2.0,per_candidate,1.0,4,16,40,756,0,source_row:7084,-1,0,0.1200972720980644,0.7,0.01,time_varying,1.5,0.5,catalog_residual_profile,topk_logmeanexp,2,0.19,outputs/fixation_statistics_by_stimulus_all_sessions_after_review/backimage_image_disjoint_compact_basis_delta025_v1/image_disjoint_compact_basis_delta0p25_fold0of2.npz,10,0,source_row:7084,True,1.0,0.6192314332564592,-583.4733971339022,3,source_row:9885,False,2.0,-1.3735766331199102,-621.510889980045,3,source_row:9885,False,2.0,-1.0505931683177323,-590.119380101085,3,source_row:9885,False,2.0,-1.7396244752267194,-588.7583804842736,0,source_row:7084,True,1.0,0.167733467294056,-587.0548720523539,34.456017927691164,0.9170503911958318,8,-586.7154094791879,-587.7890650061472,1.0736555269593282,2,0.2045707261984288,-0.9233191059497718,0.9692426496597836,0.0229617718550059,-4.812386354851587,0.2165604307240599,0.0848528140084264,1.7035084319197722,-0.2038495106010032,1.9073579425207754,rescued_by_residual,1.9073579425207754
47,431,215,response_tables/trial_00215_hard_negative_structure_obs-empirical_prior-axis_edge_orthogonal_rel2x.npz,hard_negative_structure,empirical,axis_edge_orthogonal,2.0,per_candidate,1.0,4,16,40,756,0,source_row:7084,-1,1,0.0688356235623359,0.7,0.01,time_varying,1.5,0.5,catalog_residual_profile,topk_logmeanexp,2,0.19,outputs/fixation_statistics_by_stimulus_all_sessions_after_review/backimage_image_disjoint_compact_basis_delta025_v1/image_disjoint_compact_basis_delta0p25_fold0of2.npz,10,0,source_row:7084,True,1.0,0.6192314332564592,-583.4733971339022,3,source_row:9885,False,2.0,-1.3735766331199102,-621.510889980045,0,source_row:7084,True,1.0,0.285657881942484,-587.2292882992492,0,source_row:7084,True,1.0,0.3226619113221431,-585.9362812918486,0,source_row:7084,True,1.0,0.3163169016721667,-585.489922607358,36.02096737268698,0.8912486563307287,1,-585.3224260644089,-586.1760332068918,0.8536071424829288,2,0.0855809428998294,0.853407482757263,0.8980210016998222,0.8757142422285427,-0.0172357974579302,0.1358503099580445,0.0848528140084264,0.4463586844905194,0.4527036941404958,-0.006345009649976419,both_correct,-0.006345009649976419
48,432,216,response_tables/trial_00216_hard_negative_structure_obs-empirical_prior-axis_edge_parallel_rel0p5x.npz,hard_negative_structure,empirical,axis_edge_parallel,0.5,per_candidate,1.0,4,16,40,756,0,source_row:7349,-1,8,0.1065708324313163,0.7,0.01,time_varying,1.5,0.5,catalog_residual_profile,topk_logmeanexp,2,0.19,outputs/fixation_statistics_by_stimulus_all_sessions_after_review/backimage_image_disjoint_compact_basis_delta025_v1/image_disjoint_compact_basis_delta0p25_fold0of2.npz,10,0,source_row:7349,True,1.0,0.2029528666676014,-548.3276624769651,2,source_row:6852,False,4.0,-3.634194350929306,-587.7576573829759,3,source_row:10423,False,3.0,-0.3429617119725208,-556.344587944472,3,source_row:10423,False,2.0,-0.3621455206437076,-553.9652344036402,3,source_row:10423,False,2.0,-0.0141168404099971,-551.6025402419945,36.155117140981474,-0.7174875065961245,13,-551.0933223988518,-552.8404115559998,1.7470891571480252,2,0.2326610577473643,-0.8825731761396601,0.9089400581732776,0.0131834410168087,-6.518217605612667,0.1792376177711143,0.0848528145510104,2.362694161645777,2.0146654814120666,0.3480286802337105,both_wrong,0.3480286802337105
49,433,216,response_tables/trial_00216_hard_negative_structure_obs-empirical_prior-axis_edge_orthogonal_rel0p5x.npz,hard_negative_structure,empirical,axis_edge_orthogonal,0.5,per_candidate,1.0,4,16,40,756,0,source_row:7349,-1,8,0.0839270800352096,0.7,0.01,time_varying,1.5,0.5,catalog_residual_profile,topk_logmeanexp,2,0.19,outputs/fixation_statistics_by_stimulus_all_sessions_after_review/backimage_image_disjoint_compact_basis_delta025_v1/image_disjoint_compact_basis_delta0p25_fold0of2.npz,10,0,source_row:7349,True,1.0,0.2029528666676014,-548.3276624769651,2,source_row:6852,False,4.0,-3.634194350929306,-587.7576573829759,3,source_row:10423,False,4.0,-0.3184676109185602,-554.800641661073,3,source_row:10423,False,4.0,-0.312981122955307,-552.2301094990469,3,source_row:10423,False,3.0,-0.0521529278571506,-551.131044921756,36.62661246121991,0.3162962250276149,13,-550.5724489942868,-552.3093652819693,1.7369162876825612,2,0.2090812294427176,-0.8977246298276459,-0.8944814041177366,-0.8961030169726912,-5.07152217667979,0.1383621948487345,0.0848528145510104,1.0990645772908465,0.8382363821926901,0.26082819509815636,both_wrong,0.2608281950981564
50,434,217,response_tables/trial_00217_hard_negative_structure_obs-empirical_prior-axis_edge_parallel_rel1x.npz,hard_negative_structure,empirical,axis_edge_parallel,1.0,per_candidate,1.0,4,16,40,756,0,source_row:7349,-1,2,0.104345865547657,0.7,0.01,time_varying,1.5,0.5,catalog_residual_profile,topk_logmeanexp,2,0.19,outputs/fixation_statistics_by_stimulus_all_sessions_after_review/backimage_image_disjoint_compact_basis_delta025_v1/image_disjoint_compact_basis_delta0p25_fold0of2.npz,10,0,source_row:7349,True,1.0,0.2029528666676014,-548.3276624769651,2,source_row:6852,False,4.0,-3.634194350929306,-587.7576573829759,3,source_row:10423,False,3.0,-0.2054936258296038,-554.3849332800326,3,source_row:10423,False,3.0,-0.2003412168056684,-551.6230656440104,3,source_row:10423,False,4.0,-0.0524979838345416,-551.8666742851224,35.890983097853564,0.3857208148876804,9,-551.1485183236666,-553.5365327060457,2.388014382379083,2,0.1502302965061397,-0.6122657424742065,0.7371001880532916,0.0624172227895425,-2.134602994189838,0.1003309506769046,0.0848528145510104,-0.24360864111201863,-0.3914518740831454,0.14784323297112678,both_wrong,0.1478432329711268
51,435,217,response_tables/trial_00217_hard_negative_structure_obs-empirical_prior-axis_edge_orthogonal_rel1x.npz,hard_negative_structure,empirical,axis_edge_orthogonal,1.0,per_candidate,1.0,4,16,40,756,0,source_row:7349,-1,3,0.0883731693029403,0.7,0.01,time_varying,1.5,0.5,catalog_residual_profile,topk_logmeanexp,2,0.19,outputs/fixation_statistics_by_stimulus_all_sessions_after_review/backimage_image_disjoint_compact_basis_delta025_v1/image_disjoint_compact_basis_delta0p25_fold0of2.npz,10,0,source_row:7349,True,1.0,0.2029528666676014,-548.3276624769651,2,source_row:6852,False,4.0,-3.634194350929306,-587.7576573829759,3,source_row:10423,False,4.0,-0.1415449016448065,-554.0614159648802,3,source_row:10423,False,4.0,-0.1421609317892489,-551.2968023846545,0,source_row:7349,True,1.0,0.0619929974809565,-551.4473158320221,36.31034155095381,-0.7041037063126786,9,-550.5174383729998,-553.1064110428948,2.5889726698950426,2,0.1381826197944149,-0.1719931973552084,-0.2827366695598572,-0.2273649334575328,-1.6520050068497285,0.093854200101911,0.0848528145510104,-0.1505134473676435,-0.23485680438750478,0.08434335701986129,rescued_by_residual,0.2041539292702054
52,436,218,response_tables/trial_00218_hard_negative_structure_obs-empirical_prior-axis_edge_parallel_rel2x.npz,hard_negative_structure,empirical,axis_edge_parallel,2.0,per_candidate,1.0,4,16,40,756,0,source_row:7349,-1,15,0.111480675637722,0.7,0.01,time_varying,1.5,0.5,catalog_residual_profile,topk_logmeanexp,2,0.19,outputs/fixation_statistics_by_stimulus_all_sessions_after_review/backimage_image_disjoint_compact_basis_delta025_v1/image_disjoint_compact_basis_delta0p25_fold0of2.npz,10,0,source_row:7349,True,1.0,0.2029528666676014,-548.3276624769651,2,source_row:6852,False,4.0,-3.634194350929306,-587.7576573829759,3,source_row:10423,False,4.0,-0.2856282813470443,-556.1511604341179,3,source_row:10423,False,4.0,-0.0660778416693119,-554.0944522600911,0,source_row:7349,True,1.0,0.0781193320755164,-552.6884827515399,35.069174631436,-0.7914429253513888,12,-552.305329553563,-553.6538889484794,1.3485593949164922,2,0.1833308657255785,-0.6139175659531857,0.6650414726194752,0.0255619533331447,-3.6680841232079855,0.1394801941486765,0.0848528145510104,1.405969508551152,1.3260031669799446,0.07996634157120752,rescued_by_residual,0.1441971737448283
53,437,218,response_tables/trial_00218_hard_negative_structure_obs-empirical_prior-axis_edge_orthogonal_rel2x.npz,hard_negative_structure,empirical,axis_edge_orthogonal,2.0,per_candidate,1.0,4,16,40,756,0,source_row:7349,-1,7,0.0939744561910629,0.7,0.01,time_varying,1.5,0.5,catalog_residual_profile,topk_logmeanexp,2,0.19,outputs/fixation_statistics_by_stimulus_all_sessions_after_review/backimage_image_disjoint_compact_basis_delta025_v1/image_disjoint_compact_basis_delta0p25_fold0of2.npz,10,0,source_row:7349,True,1.0,0.2029528666676014,-548.3276624769651,2,source_row:6852,False,4.0,-3.634194350929306,-587.7576573829759,3,source_row:10423,False,4.0,-0.2589058917365037,-555.5829207894454,1,source_row:11747,False,3.0,-0.0908768885644804,-553.3900566599211,3,source_row:10423,False,4.0,-0.1544774569970286,-553.0828819699958,34.674775412980125,0.4821174092803171,11,-552.6824136660293,-554.2173090857236,1.534895419694294,2,0.2054087840620882,-0.8122062024635177,-0.8425170139126494,-0.8273616081880836,-4.860106634124152,0.1389476698821691,0.0848528145510104,0.3071746899253185,0.46727319532999445,-0.16009850540467596,both_wrong,-0.06360056843254822
54,438,219,response_tables/trial_00219_hard_negative_structure_obs-empirical_prior-axis_edge_parallel_rel0p5x.npz,hard_negative_structure,empirical,axis_edge_parallel,0.5,per_candidate,1.0,4,16,40,756,0,source_row:7434,-1,13,0.018052065744996,0.7,0.01,time_varying,1.5,0.5,catalog_residual_profile,topk_logmeanexp,2,0.19,outputs/fixation_statistics_by_stimulus_all_sessions_after_review/backimage_image_disjoint_compact_basis_delta025_v1/image_disjoint_compact_basis_delta0p25_fold0of2.npz,10,0,source_row:7434,True,1.0,4.388601231523353,-346.5984431856014,0,source_row:7434,True,1.0,5.034989554403751,-347.1706387372242,0,source_row:7434,True,1.0,2.095031134085445,-347.7647344410398,0,source_row:7434,True,1.0,1.993487397442891,-346.90052250547853,0,source_row:7434,True,1.0,1.818694810506997,-347.00601489009296,0.1646238471312244,0.9499370291058926,13,-346.8569293192596,-347.6060021744719,0.7490728552123187,2,0.0231451299082582,-0.2251354312832318,0.3894856283206375,0.0821750985187028,-3.222502918830496,0.0235189075374097,0.0112635331999319,-0.10549238461442201,0.06930020232147172,-0.17479258693589372,both_correct,-0.17479258693589395
55,439,219,response_tables/trial_00219_hard_negative_structure_obs-empirical_prior-axis_edge_orthogonal_rel0p5x.npz,hard_negative_structure,empirical,axis_edge_orthogonal,0.5,per_candidate,1.0,4,16,40,756,0,source_row:7434,-1,9,0.0172116812318563,0.7,0.01,time_varying,1.5,0.5,catalog_residual_profile,topk_logmeanexp,2,0.19,outputs/fixation_statistics_by_stimulus_all_sessions_after_review/backimage_image_disjoint_compact_basis_delta025_v1/image_disjoint_compact_basis_delta0p25_fold0of2.npz,10,0,source_row:7434,True,1.0,4.388601231523353,-346.5984431856014,0,source_row:7434,True,1.0,5.034989554403751,-347.1706387372242,0,source_row:7434,True,1.0,2.608905755201647,-347.97608916847366,0,source_row:7434,True,1.0,2.667821155763477,-346.8976132103262,0,source_row:7434,True,1.0,2.450380575106749,-347.04192206611134,0.1287166711128406,0.9694038992752188,9,-346.8613689292802,-347.7974894936947,0.936120564414466,2,0.0202059605802117,-0.2182343093738459,-0.0467714650809053,-0.1325028872273756,-2.2181754374875964,0.0152449343680947,0.0112635331999319,-0.14430885578514108,0.07313172487158681,-0.2174405806567279,both_correct,-0.2174405806567279
56,440,220,response_tables/trial_00220_hard_negative_structure_obs-empirical_prior-axis_edge_parallel_rel1x.npz,hard_negative_structure,empirical,axis_edge_parallel,1.0,per_candidate,1.0,4,16,40,756,0,source_row:7434,-1,8,0.0384942814707756,0.7,0.01,time_varying,1.5,0.5,catalog_residual_profile,topk_logmeanexp,2,0.19,outputs/fixation_statistics_by_stimulus_all_sessions_after_review/backimage_image_disjoint_compact_basis_delta025_v1/image_disjoint_compact_basis_delta0p25_fold0of2.npz,10,0,source_row:7434,True,1.0,5.903401072348572,-439.5272637832724,0,source_row:7434,True,1.0,10.092045949534167,-445.89476047405344,0,source_row:7434,True,1.0,2.7313734268121834,-441.9947921937383,0,source_row:7434,True,1.0,2.562617688492651,-440.8358047412752,0,source_row:7434,True,1.0,2.286482163826633,-440.8765210300265,5.01823944402696,0.8959624189889125,6,-440.6664265508368,-441.4374410986178,0.7710145477809647,2,0.0442540208342724,-0.6016064465279791,0.2651581615976286,-0.1682241424651752,-2.8591902920576766,0.0422761309408892,0.0225270663998638,-0.04071628875129818,0.23541923591471914,-0.2761355246660173,both_correct,-0.27613552466601776
57,441,220,response_tables/trial_00220_hard_negative_structure_obs-empirical_prior-axis_edge_orthogonal_rel1x.npz,hard_negative_structure,empirical,axis_edge_orthogonal,1.0,per_candidate,1.0,4,16,40,756,0,source_row:7434,-1,11,0.0333999656140804,0.7,0.01,time_varying,1.5,0.5,catalog_residual_profile,topk_logmeanexp,2,0.19,outputs/fixation_statistics_by_stimulus_all_sessions_after_review/backimage_image_disjoint_compact_basis_delta025_v1/image_disjoint_compact_basis_delta0p25_fold0of2.npz,10,0,source_row:7434,True,1.0,5.903401072348572,-439.5272637832724,0,source_row:7434,True,1.0,10.092045949534167,-445.89476047405344,0,source_row:7434,True,1.0,3.7874753984461336,-442.00281188093055,0,source_row:7434,True,1.0,3.936783385061119,-440.6822189451334,0,source_row:7434,True,1.0,3.11418082417066,-440.7179603019424,5.1768001721110295,0.9191202070590716,6,-440.4974462050541,-441.5932485940973,1.0958023890431718,2,0.0335675940258744,0.3150778738276582,0.2098202346323356,0.2624490542299969,-1.220399648257112,0.0301718998252443,0.0225270663998638,-0.03574135680901236,0.7868612040814469,-0.8226025608904592,both_correct,-0.8226025608904592
58,442,221,response_tables/trial_00221_hard_negative_structure_obs-empirical_prior-axis_edge_parallel_rel2x.npz,hard_negative_structure,empirical,axis_edge_parallel,2.0,per_candidate,1.0,4,16,40,756,0,source_row:7434,-1,11,0.0683616548776626,0.7,0.01,time_varying,1.5,0.5,catalog_residual_profile,topk_logmeanexp,2,0.19,outputs/fixation_statistics_by_stimulus_all_sessions_after_review/backimage_image_disjoint_compact_basis_delta025_v1/image_disjoint_compact_basis_delta0p25_fold0of2.npz,10,0,source_row:7434,True,1.0,10.829301516215082,-608.2924713110062,0,source_row:7434,True,1.0,18.41768383028216,-640.7370673829168,0,source_row:7434,True,1.0,6.808897911895315,-613.5977096843326,0,source_row:7434,True,1.0,6.677987869097706,-611.8017232299667,0,source_row:7434,True,1.0,4.897096443868577,-611.3725831428849,29.36448424003197,0.926756381666896,5,-611.1114641017695,-612.042015524601,0.9305514228315132,2,0.0854937163821258,-0.4105256220981683,0.4005951406346294,-0.0049652407317694,-2.600801017064504,0.0861492231627803,0.0450541327997277,0.4291400870818052,2.210031512310934,-1.7808914252291288,both_correct,-1.7808914252291288
59,443,221,response_tables/trial_00221_hard_negative_structure_obs-empirical_prior-axis_edge_orthogonal_rel2x.npz,hard_negative_structure,empirical,axis_edge_orthogonal,2.0,per_candidate,1.0,4,16,40,756,0,source_row:7434,-1,6,0.0669056326150894,0.7,0.01,time_varying,1.5,0.5,catalog_residual_profile,topk_logmeanexp,2,0.19,outputs/fixation_statistics_by_stimulus_all_sessions_after_review/backimage_image_disjoint_compact_basis_delta025_v1/image_disjoint_compact_basis_delta0p25_fold0of2.npz,10,0,source_row:7434,True,1.0,10.829301516215082,-608.2924713110062,0,source_row:7434,True,1.0,18.41768383028216,-640.7370673829168,0,source_row:7434,True,1.0,8.22418427030459,-613.0439689849103,0,source_row:7434,True,1.0,7.520212101330117,-612.0742393294952,0,source_row:7434,True,1.0,5.890899455503472,-611.3201688706265,29.416898512290345,0.9312575520060584,14,-611.0695053666805,-612.0206439369977,0.9511385703171982,2,0.0739307059201975,0.4328401518236425,0.5288124943844748,0.4808263231040586,-1.6926532888421335,0.0732269489466319,0.0450541327997277,0.7540704588686822,2.3833831046953264,-1.6293126458266443,both_correct,-1.6293126458266443
60,444,222,response_tables/trial_00222_hard_negative_structure_obs-empirical_prior-axis_edge_parallel_rel0p5x.npz,hard_negative_structure,empirical,axis_edge_parallel,0.5,per_candidate,1.0,4,16,40,756,0,source_row:7530,-1,4,0.01792773604393,0.7,0.01,time_varying,1.5,0.5,catalog_residual_profile,topk_logmeanexp,2,0.19,outputs/fixation_statistics_by_stimulus_all_sessions_after_review/backimage_image_disjoint_compact_basis_delta025_v1/image_disjoint_compact_basis_delta0p25_fold0of2.npz,10,0,source_row:7530,True,1.0,2.666815863847887,-275.38610238689773,0,source_row:7530,True,1.0,0.6109892000625337,-276.2562774526301,0,source_row:7530,True,1.0,2.1202764571850707,-276.46442487288164,0,source_row:7530,True,1.0,1.5306232995569644,-275.7221213767356,0,source_row:7530,True,1.0,1.5925650148517434,-275.79934487253195,0.4569325800981687,0.9881645212389358,10,-275.6743443978217,-276.28932420348065,0.6149798056589475,2,0.0228727520101201,-0.0955938999210404,0.1011186831431835,0.0027623916110715,-2.3599269273216152,0.0185785452257111,0.0124782449069044,-0.07722349579637466,-0.13249085744513422,0.05526736164875956,both_correct,0.06194171529477899
61,445,222,response_tables/trial_00222_hard_negative_structure_obs-empirical_prior-axis_edge_orthogonal_rel0p5x.npz,hard_negative_structure,empirical,axis_edge_orthogonal,0.5,per_candidate,1.0,4,16,40,756,0,source_row:7530,-1,4,0.017412930727005,0.7,0.01,time_varying,1.5,0.5,catalog_residual_profile,topk_logmeanexp,2,0.19,outputs/fixation_statistics_by_stimulus_all_sessions_after_review/backimage_image_disjoint_compact_basis_delta025_v1/image_disjoint_compact_basis_delta0p25_fold0of2.npz,10,0,source_row:7530,True,1.0,2.666815863847887,-275.38610238689773,0,source_row:7530,True,1.0,0.6109892000625337,-276.2562774526301,0,source_row:7530,True,1.0,1.1597253665018457,-276.5609671163393,0,source_row:7530,True,1.0,0.9503049009483676,-275.7373955174478,0,source_row:7530,True,1.0,1.0561384364747255,-275.8353622286886,0.4209152239415061,0.9999440182029428,6,-275.6767372581337,-276.3767440129333,0.7000067547995741,2,0.0223125997429909,-0.3638914428436602,-0.0301132575724635,-0.1970023502080619,-2.197373266251432,0.0167057884401243,0.0124782449069044,-0.09796671124081513,-0.20380024676717312,0.10583353552635799,both_correct,0.10583353552635788
62,446,223,response_tables/trial_00223_hard_negative_structure_obs-empirical_prior-axis_edge_parallel_rel1x.npz,hard_negative_structure,empirical,axis_edge_parallel,1.0,per_candidate,1.0,4,16,40,756,0,source_row:7530,-1,8,0.0342229939997196,0.7,0.01,time_varying,1.5,0.5,catalog_residual_profile,topk_logmeanexp,2,0.19,outputs/fixation_statistics_by_stimulus_all_sessions_after_review/backimage_image_disjoint_compact_basis_delta025_v1/image_disjoint_compact_basis_delta0p25_fold0of2.npz,10,0,source_row:7530,True,1.0,3.272104390831828,-345.6604323094227,1,source_row:10818,False,4.0,-2.711065328060215,-352.1874532651113,0,source_row:7530,True,1.0,2.6325115376810686,-347.4092593411119,0,source_row:7530,True,1.0,1.202635030759211,-346.6634381758549,0,source_row:7530,True,1.0,1.83083454511808,-346.4986348622984,5.688818402812956,-0.9986735544799124,9,-346.3671298310234,-346.908380380339,0.5412505493155777,2,0.0365189366575787,-0.217782013453986,0.4598065824485615,0.1210122844972877,-1.1412592164227189,0.0250770199664391,0.0249564898138088,0.16480331355649014,-0.4633962008023218,0.6281995143588119,both_correct,0.628199514358869
63,447,223,response_tables/trial_00223_hard_negative_structure_obs-empirical_prior-axis_edge_orthogonal_rel1x.npz,hard_negative_structure,empirical,axis_edge_orthogonal,1.0,per_candidate,1.0,4,16,40,756,0,source_row:7530,-1,8,0.0355330631136894,0.7,0.01,time_varying,1.5,0.5,catalog_residual_profile,topk_logmeanexp,2,0.19,outputs/fixation_statistics_by_stimulus_all_sessions_after_review/backimage_image_disjoint_compact_basis_delta025_v1/image_disjoint_compact_basis_delta0p25_fold0of2.npz,10,0,source_row:7530,True,1.0,3.272104390831828,-345.6604323094227,1,source_row:10818,False,4.0,-2.711065328060215,-352.1874532651113,0,source_row:7530,True,1.0,1.1674706908114558,-347.37387854842945,0,source_row:7530,True,1.0,0.936959360663991,-346.52624621582646,0,source_row:7530,True,1.0,1.1380601207470136,-346.5648530435558,5.622600221555501,-0.8570895497852177,15,-346.4348637133579,-346.9969060549555,0.5620423415975893,2,0.041052650005845,-0.4381444981133153,-0.0869243307165852,-0.2625344144149503,-1.705922735879524,0.0281404414739946,0.0249564898138088,-0.03860682772932478,-0.23536084066830654,0.19675401293898176,both_correct,0.20110076008302258
64,448,224,response_tables/trial_00224_hard_negative_structure_obs-empirical_prior-axis_edge_parallel_rel2x.npz,hard_negative_structure,empirical,axis_edge_parallel,2.0,per_candidate,1.0,4,16,40,756,0,source_row:7530,-1,2,0.0829915180802345,0.7,0.01,time_varying,1.5,0.5,catalog_residual_profile,topk_logmeanexp,2,0.19,outputs/fixation_statistics_by_stimulus_all_sessions_after_review/backimage_image_disjoint_compact_basis_delta025_v1/image_disjoint_compact_basis_delta0p25_fold0of2.npz,10,0,source_row:7530,True,1.0,3.752766709792184,-440.67841298130907,1,source_row:10818,False,4.0,-8.343662675845906,-462.7620379920385,0,source_row:7530,True,1.0,2.461772776799023,-444.9757629727064,0,source_row:7530,True,1.0,1.6330788117870156,-444.0751906869705,0,source_row:7530,True,1.0,1.594150061964115,-443.5370498430609,19.22498814897756,-0.8520546610393517,2,-443.3477532479119,-444.2938493419291,0.9460960940172072,2,0.0787777563127817,0.1124772175031743,-0.1629838136648491,-0.0252532980808373,-1.4910372500382016,0.0635379578713848,0.0499129796276176,0.5381408439095594,0.5770695937324604,-0.038928749822900954,both_correct,-0.03892874982290073
65,449,224,response_tables/trial_00224_hard_negative_structure_obs-empirical_prior-axis_edge_orthogonal_rel2x.npz,hard_negative_structure,empirical,axis_edge_orthogonal,2.0,per_candidate,1.0,4,16,40,756,0,source_row:7530,-1,1,0.0855757147073745,0.7,0.01,time_varying,1.5,0.5,catalog_residual_profile,topk_logmeanexp,2,0.19,outputs/fixation_statistics_by_stimulus_all_sessions_after_review/backimage_image_disjoint_compact_basis_delta025_v1/image_disjoint_compact_basis_delta0p25_fold0of2.npz,10,0,source_row:7530,True,1.0,3.752766709792184,-440.67841298130907,1,source_row:10818,False,4.0,-8.343662675845906,-462.7620379920385,0,source_row:7530,True,1.0,1.1285917428245398,-445.07096873501007,0,source_row:7530,True,1.0,0.9960803389773788,-443.80538299084606,0,source_row:7530,True,1.0,1.142927159371652,-443.7544426970676,19.007595294970884,-0.9973863760449716,9,-443.5700497024431,-444.49453795033503,0.9244882478919294,2,0.0846589383025231,-0.5171561156108768,-0.1811284706505494,-0.3491422931307131,-1.8768594349176448,0.0560905722397631,0.0499129796276176,0.050940293778467094,-0.09590652661580634,0.14684682039427344,both_correct,0.1468468203942731
66,450,225,response_tables/trial_00225_hard_negative_structure_obs-empirical_prior-axis_edge_parallel_rel0p5x.npz,hard_negative_structure,empirical,axis_edge_parallel,0.5,per_candidate,1.0,4,16,40,756,0,source_row:7543,-1,12,0.0158256907016038,0.7,0.01,time_varying,1.5,0.5,catalog_residual_profile,topk_logmeanexp,2,0.19,outputs/fixation_statistics_by_stimulus_all_sessions_after_review/backimage_image_disjoint_compact_basis_delta025_v1/image_disjoint_compact_basis_delta0p25_fold0of2.npz,10,0,source_row:7543,True,1.0,0.0,-284.5995695185022,0,source_row:7543,True,1.0,0.0,-284.75647457961816,0,source_row:7543,True,1.0,0.0,-285.5274993978266,0,source_row:7543,True,1.0,0.0,-284.787999457655,0,source_row:7543,True,1.0,0.0,-284.89451286116235,-0.1380382815441976,0.9994120260086816,5,-284.77203449920137,-285.4115936698275,0.6395591706261143,2,0.020189358551256,-0.0268176226090929,-0.4287019895129524,-0.2277598060610226,-4.515448200109076,0.0177827880853096,0.0085967068186458,-0.10651340350733562,-0.10651340350733562,0.0,both_correct,0.0
67,451,225,response_tables/trial_00225_hard_negative_structure_obs-empirical_prior-axis_edge_orthogonal_rel0p5x.npz,hard_negative_structure,empirical,axis_edge_orthogonal,0.5,per_candidate,1.0,4,16,40,756,0,source_row:7543,-1,5,0.0150149017572402,0.7,0.01,time_varying,1.5,0.5,catalog_residual_profile,topk_logmeanexp,2,0.19,outputs/fixation_statistics_by_stimulus_all_sessions_after_review/backimage_image_disjoint_compact_basis_delta025_v1/image_disjoint_compact_basis_delta0p25_fold0of2.npz,10,0,source_row:7543,True,1.0,0.0,-284.5995695185022,0,source_row:7543,True,1.0,0.0,-284.75647457961816,2,source_row:7546,False,2.0,-0.0010570481672971,-285.6427922969815,0,source_row:7543,True,1.0,0.0,-284.8011734572549,2,source_row:7546,False,2.0,-0.0022074911241816,-284.9602526178656,-0.2037780382474352,0.9999901105755749,5,-284.78477666659506,-285.56887066796605,0.7840940013709883,2,0.0129091300355197,0.057908575407617,0.4316370581842315,0.2447728167959242,-1.2549126311861496,0.0119845802501485,0.0085967068186458,-0.15907916061070182,-0.15683898952232767,-0.0022401710883741544,lost_by_residual,-0.0022074911241816
68,452,226,response_tables/trial_00226_hard_negative_structure_obs-empirical_prior-axis_edge_parallel_rel1x.npz,hard_negative_structure,empirical,axis_edge_parallel,1.0,per_candidate,1.0,4,16,40,756,0,source_row:7543,-1,14,0.0275002121925354,0.7,0.01,time_varying,1.5,0.5,catalog_residual_profile,topk_logmeanexp,2,0.19,outputs/fixation_statistics_by_stimulus_all_sessions_after_review/backimage_image_disjoint_compact_basis_delta025_v1/image_disjoint_compact_basis_delta0p25_fold0of2.npz,10,0,source_row:7543,True,1.0,0.0,-322.3511708325758,2,source_row:7546,False,3.0,-0.081230545555627,-323.8439558930834,0,source_row:7543,True,1.0,0.0,-324.2398599198408,2,source_row:7546,False,2.0,-0.0006378485412597,-323.07979083600287,2,source_row:7546,False,2.0,-0.0001386179712312,-323.2137498333074,0.6302060597759578,0.042132558891168,11,-322.98291477529006,-324.0757916755774,1.092876900287365,2,0.0430987523459179,0.0926603229636069,-0.1002543160818524,-0.0037969965591227,-5.283551416134684,0.040569950088594,0.0171934136372916,-0.1339589973045463,-0.13445822787457473,0.0004992305700284305,both_wrong,0.0004992305700285
69,453,226,response_tables/trial_00226_hard_negative_structure_obs-empirical_prior-axis_edge_orthogonal_rel1x.npz,hard_negative_structure,empirical,axis_edge_orthogonal,1.0,per_candidate,1.0,4,16,40,756,0,source_row:7543,-1,14,0.0311889611184597,0.7,0.01,time_varying,1.5,0.5,catalog_residual_profile,topk_logmeanexp,2,0.19,outputs/fixation_statistics_by_stimulus_all_sessions_after_review/backimage_image_disjoint_compact_basis_delta025_v1/image_disjoint_compact_basis_delta0p25_fold0of2.npz,10,0,source_row:7543,True,1.0,0.0,-322.3511708325758,2,source_row:7546,False,3.0,-0.081230545555627,-323.8439558930834,0,source_row:7543,True,1.0,0.0,-324.7158995668838,0,source_row:7543,True,1.0,0.0,-323.27047355944137,0,source_row:7543,True,1.0,0.0,-323.4811186080226,0.3628372850607775,0.0406695323047492,11,-323.1459207470953,-324.4870822789435,1.3411615318481722,2,0.0483924163075562,0.1369698113749493,0.089542088700079,0.1132559500375142,-6.921918903949865,0.0462622610887991,0.0171934136372916,-0.21064504858122746,-0.21064504858122746,0.0,both_correct,0.0
70,454,227,response_tables/trial_00227_hard_negative_structure_obs-empirical_prior-axis_edge_parallel_rel2x.npz,hard_negative_structure,empirical,axis_edge_parallel,2.0,per_candidate,1.0,4,16,40,756,0,source_row:7543,-1,0,0.0649543553590774,0.7,0.01,time_varying,1.5,0.5,catalog_residual_profile,topk_logmeanexp,2,0.19,outputs/fixation_statistics_by_stimulus_all_sessions_after_review/backimage_image_disjoint_compact_basis_delta025_v1/image_disjoint_compact_basis_delta0p25_fold0of2.npz,10,0,source_row:7543,True,1.0,0.0,-427.0809537992762,3,source_row:2460,False,3.0,-4.337370639507185,-440.8617817169942,0,source_row:7543,True,1.0,0.0,-432.49385614851775,2,source_row:7546,False,2.0,-0.0157274251417902,-430.9201906996701,2,source_row:7546,False,2.0,-0.0224995231391744,-429.9305246535469,10.931257063447276,-0.9969106501674584,14,-429.6523591068458,-430.7425253911063,1.0901662842605333,2,0.1231516344220592,-0.0595552091447162,0.2635401151526275,0.1019924530039556,-11.82614500990835,0.1175169105438578,0.0343868272745833,0.9896660461232045,0.9964381441206456,-0.006772097997441051,both_wrong,-0.006772097997384201
71,455,227,response_tables/trial_00227_hard_negative_structure_obs-empirical_prior-axis_edge_orthogonal_rel2x.npz,hard_negative_structure,empirical,axis_edge_orthogonal,2.0,per_candidate,1.0,4,16,40,756,0,source_row:7543,-1,5,0.0600596070289611,0.7,0.01,time_varying,1.5,0.5,catalog_residual_profile,topk_logmeanexp,2,0.19,outputs/fixation_statistics_by_stimulus_all_sessions_after_review/backimage_image_disjoint_compact_basis_delta025_v1/image_disjoint_compact_basis_delta0p25_fold0of2.npz,10,0,source_row:7543,True,1.0,0.0,-427.0809537992762,3,source_row:2460,False,3.0,-4.337370639507185,-440.8617817169942,2,source_row:7546,False,2.0,-0.0026171682345648,-433.25878880008247,0,source_row:7543,True,1.0,0.0,-431.19149104205167,0,source_row:7543,True,1.0,0.0,-430.9312095204921,9.930572196502055,-0.9999190896600048,14,-430.4840851359143,-431.79356132826246,1.3094761923481428,2,0.0916291960133584,0.1253021154896337,0.1136987937809109,0.1195004546352723,-6.100411807152194,0.0869582022384043,0.0343868272745833,0.26028152155959106,0.26028152155959106,0.0,both_correct,0.0
72,456,228,response_tables/trial_00228_hard_negative_structure_obs-empirical_prior-axis_edge_parallel_rel0p5x.npz,hard_negative_structure,empirical,axis_edge_parallel,0.5,per_candidate,1.0,4,16,40,756,0,source_row:7545,-1,6,0.0150402188301086,0.7,0.01,time_varying,1.5,0.5,catalog_residual_profile,topk_logmeanexp,2,0.19,outputs/fixation_statistics_by_stimulus_all_sessions_after_review/backimage_image_disjoint_compact_basis_delta025_v1/image_disjoint_compact_basis_delta0p25_fold0of2.npz,10,0,source_row:7545,True,1.0,0.0,-288.17359062136654,0,source_row:7545,True,1.0,0.0,-288.35677374988853,0,source_row:7545,True,1.0,0.0,-289.4202422266247,0,source_row:7545,True,1.0,0.0,-288.3693881558699,0,source_row:7545,True,1.0,0.0,-288.52873252701613,-0.1719587771275996,0.9997060157833224,14,-288.3375935812067,-289.2937439130065,0.9561503317998472,2,0.0224037780950992,-0.2068787142125094,-0.1254721921601155,-0.1661754531863125,-7.054230349195084,0.0198454639732456,0.0078942202539611,-0.1593443711462328,-0.1593443711462328,0.0,both_correct,0.0
73,457,228,response_tables/trial_00228_hard_negative_structure_obs-empirical_prior-axis_edge_orthogonal_rel0p5x.npz,hard_negative_structure,empirical,axis_edge_orthogonal,0.5,per_candidate,1.0,4,16,40,756,0,source_row:7545,-1,14,0.0147592620924115,0.7,0.01,time_varying,1.5,0.5,catalog_residual_profile,topk_logmeanexp,2,0.19,outputs/fixation_statistics_by_stimulus_all_sessions_after_review/backimage_image_disjoint_compact_basis_delta025_v1/image_disjoint_compact_basis_delta0p25_fold0of2.npz,10,0,source_row:7545,True,1.0,0.0,-288.17359062136654,0,source_row:7545,True,1.0,0.0,-288.35677374988853,2,source_row:7546,False,2.0,-0.0016585807319415,-289.6295913570723,0,source_row:7545,True,1.0,0.0,-288.3604317432342,2,source_row:7546,False,2.0,-0.0042561887620422,-288.5969132187262,-0.2401394688376399,0.9999714595628302,6,-288.3544612536475,-289.4626923671716,1.1082311135240843,2,0.014792521728499,0.0840039154517933,-0.0915641107822184,-0.0037800976652125,-2.5112839640995794,0.0120842001020827,0.0078942202539611,-0.23648147549198484,-0.22895729324602598,-0.007524182245958855,lost_by_residual,-0.0042561887620422
74,458,229,response_tables/trial_00229_hard_negative_structure_obs-empirical_prior-axis_edge_parallel_rel1x.npz,hard_negative_structure,empirical,axis_edge_parallel,1.0,per_candidate,1.0,4,16,40,756,0,source_row:7545,-1,4,0.0283346809446811,0.7,0.01,time_varying,1.5,0.5,catalog_residual_profile,topk_logmeanexp,2,0.19,outputs/fixation_statistics_by_stimulus_all_sessions_after_review/backimage_image_disjoint_compact_basis_delta025_v1/image_disjoint_compact_basis_delta0p25_fold0of2.npz,10,0,source_row:7545,True,1.0,0.0,-327.7197613460478,3,source_row:2460,False,3.0,-0.2435977732816354,-329.2962362391304,2,source_row:7546,False,2.0,-0.0108025852426862,-329.2902141182934,2,source_row:7546,False,2.0,-0.0136242434188602,-328.36824256919795,0,source_row:7545,True,1.0,0.0,-328.44463979693694,0.8515964421934541,-0.930730867902708,4,-328.2841189796145,-329.11729764587216,0.8331786662576519,2,0.0389913448120636,0.1584342149308528,-0.3710437408315193,-0.1063047629503332,-5.098990523338118,0.0367967524001805,0.0157884405079222,-0.07639722773899393,-0.07639722773899393,0.0,rescued_by_residual,0.0136242434188602
75,459,229,response_tables/trial_00229_hard_negative_structure_obs-empirical_prior-axis_edge_orthogonal_rel1x.npz,hard_negative_structure,empirical,axis_edge_orthogonal,1.0,per_candidate,1.0,4,16,40,756,0,source_row:7545,-1,4,0.0264812465757131,0.7,0.01,time_varying,1.5,0.5,catalog_residual_profile,topk_logmeanexp,2,0.19,outputs/fixation_statistics_by_stimulus_all_sessions_after_review/backimage_image_disjoint_compact_basis_delta025_v1/image_disjoint_compact_basis_delta0p25_fold0of2.npz,10,0,source_row:7545,True,1.0,0.0,-327.7197613460478,3,source_row:2460,False,3.0,-0.2435977732816354,-329.2962362391304,0,source_row:7545,True,1.0,0.0,-329.55483564440993,0,source_row:7545,True,1.0,0.0,-328.37997246357145,0,source_row:7545,True,1.0,0.0,-328.61849417363374,0.677742065496659,-0.9347162120551312,4,-328.331300749528,-329.38366430236914,1.0523635528411432,2,0.030199091863188,0.1863955763569219,0.3098433953078256,0.2481194858323737,-2.658552541206346,0.0297212722965839,0.0157884405079222,-0.23852171006228673,-0.23852171006228673,0.0,both_correct,0.0
76,460,230,response_tables/trial_00230_hard_negative_structure_obs-empirical_prior-axis_edge_parallel_rel2x.npz,hard_negative_structure,empirical,axis_edge_parallel,2.0,per_candidate,1.0,4,16,40,756,0,source_row:7545,-1,14,0.0601608753204345,0.7,0.01,time_varying,1.5,0.5,catalog_residual_profile,topk_logmeanexp,2,0.19,outputs/fixation_statistics_by_stimulus_all_sessions_after_review/backimage_image_disjoint_compact_basis_delta025_v1/image_disjoint_compact_basis_delta0p25_fold0of2.npz,10,0,source_row:7545,True,1.0,0.0,-433.6334249957473,3,source_row:2460,False,3.0,-4.779459699344216,-445.6845852564504,0,source_row:7545,True,1.0,0.0,-436.4217227073255,0,source_row:7545,True,1.0,0.0,-435.5367619738418,0,source_row:7545,True,1.0,0.0,-435.4410489124926,10.243536343957828,-0.9997530533376184,3,-435.2460359043218,-435.9769744265013,0.7309385221794287,2,0.0800264147459032,-0.3308285828047698,0.474646730431876,0.0719090738135531,-5.422857102049458,0.0692705400447647,0.0315768810158445,0.09571306134921542,0.09571306134921542,0.0,both_correct,0.0
77,461,230,response_tables/trial_00230_hard_negative_structure_obs-empirical_prior-axis_edge_orthogonal_rel2x.npz,hard_negative_structure,empirical,axis_edge_orthogonal,2.0,per_candidate,1.0,4,16,40,756,0,source_row:7545,-1,8,0.0576235093176364,0.7,0.01,time_varying,1.5,0.5,catalog_residual_profile,topk_logmeanexp,2,0.19,outputs/fixation_statistics_by_stimulus_all_sessions_after_review/backimage_image_disjoint_compact_basis_delta025_v1/image_disjoint_compact_basis_delta0p25_fold0of2.npz,10,0,source_row:7545,True,1.0,0.0,-433.6334249957473,3,source_row:2460,False,3.0,-4.779459699344216,-445.6845852564504,2,source_row:7546,False,2.0,-0.0047686232401815,-437.21548751696855,2,source_row:7546,False,2.0,-0.0078968034529225,-435.8338635831773,0,source_row:7545,True,1.0,0.0,-435.8855245422912,9.799060714159282,-0.9993404679857956,11,-435.4852350006755,-436.6715931419068,1.186358141231267,2,0.0608287015222105,-0.1580890315163415,-0.2478697881904042,-0.2029794098533728,-2.7108946955234234,0.0467946468722051,0.0315768810158445,-0.051660959113917215,-0.051660959113917215,0.0,rescued_by_residual,0.0078968034529225
78,462,231,response_tables/trial_00231_hard_negative_structure_obs-empirical_prior-axis_edge_parallel_rel0p5x.npz,hard_negative_structure,empirical,axis_edge_parallel,0.5,per_candidate,1.0,4,16,40,756,0,source_row:7546,-1,0,0.0177301466464996,0.7,0.01,time_varying,1.5,0.5,catalog_residual_profile,topk_logmeanexp,2,0.19,outputs/fixation_statistics_by_stimulus_all_sessions_after_review/backimage_image_disjoint_compact_basis_delta025_v1/image_disjoint_compact_basis_delta0p25_fold0of2.npz,10,0,source_row:7546,True,1.0,0.0746354101577821,-290.28093050174107,0,source_row:7546,True,1.0,0.0512259416075266,-290.4861910971674,1,source_row:7543,False,3.0,-0.0270326700388068,-291.08451099813936,1,source_row:7543,False,3.0,-0.0057761866047485,-290.5341893278742,1,source_row:7543,False,3.0,-0.0183905456832462,-290.6090484413454,-0.1228573441779872,0.998671260098335,5,-290.5146570546393,-290.965909647759,0.4512525931197046,2,0.019737837514193,0.1017891989085326,0.0592712040810706,0.0805302014948016,-4.2420877804786254,0.0183782301448542,0.0086207971258789,-0.0748591134712342,-0.06224475439273647,-0.012614359078497728,both_wrong,-0.0126143590784977
79,463,231,response_tables/trial_00231_hard_negative_structure_obs-empirical_prior-axis_edge_orthogonal_rel0p5x.npz,hard_negative_structure,empirical,axis_edge_orthogonal,0.5,per_candidate,1.0,4,16,40,756,0,source_row:7546,-1,0,0.014992612414062,0.7,0.01,time_varying,1.5,0.5,catalog_residual_profile,topk_logmeanexp,2,0.19,outputs/fixation_statistics_by_stimulus_all_sessions_after_review/backimage_image_disjoint_compact_basis_delta025_v1/image_disjoint_compact_basis_delta0p25_fold0of2.npz,10,0,source_row:7546,True,1.0,0.0746354101577821,-290.28093050174107,0,source_row:7546,True,1.0,0.0512259416075266,-290.4861910971674,0,source_row:7546,True,1.0,0.0351245522390399,-291.189070544244,0,source_row:7546,True,1.0,0.0506840643827786,-290.52733581163113,0,source_row:7546,True,1.0,0.0358799911045366,-290.6387332927086,-0.152542195541173,0.999894965332502,5,-290.5028508482235,-291.0969128533273,0.594062005103865,2,0.0173471694229237,0.0813922371924442,0.1063027809044138,0.093847509048429,-3.0491362471364205,0.0157860427024808,0.0086207971258789,-0.11139748107746072,-0.09659340779927561,-0.014804073278185115,both_correct,-0.014804073278242
80,464,232,response_tables/trial_00232_hard_negative_structure_obs-empirical_prior-axis_edge_parallel_rel1x.npz,hard_negative_structure,empirical,axis_edge_parallel,1.0,per_candidate,1.0,4,16,40,756,0,source_row:7546,-1,1,0.0323815532028675,0.7,0.01,time_varying,1.5,0.5,catalog_residual_profile,topk_logmeanexp,2,0.19,outputs/fixation_statistics_by_stimulus_all_sessions_after_review/backimage_image_disjoint_compact_basis_delta025_v1/image_disjoint_compact_basis_delta0p25_fold0of2.npz,10,0,source_row:7546,True,1.0,0.099647297268973,-331.096526481269,3,source_row:2460,False,2.0,-0.2751685416551481,-332.8265983921841,0,source_row:7546,True,1.0,0.0036274758259651,-332.8390182756058,1,source_row:7543,False,3.0,-0.0052254464827683,-331.8589853169377,0,source_row:7546,True,1.0,0.0014019388906945,-331.94501708358496,0.8815813085991522,-0.9561375734654256,1,-331.78371455820184,-332.51805856176185,0.7343440035600111,2,0.0313871355594397,0.2548003216541638,-0.2844653058374944,-0.0148324920916652,-2.313969636904293,0.0286199601531188,0.0172415942517578,-0.08603176664723833,-0.09265915202075803,0.006627385373519701,rescued_by_residual,0.0066273853734628
81,465,232,response_tables/trial_00232_hard_negative_structure_obs-empirical_prior-axis_edge_orthogonal_rel1x.npz,hard_negative_structure,empirical,axis_edge_orthogonal,1.0,per_candidate,1.0,4,16,40,756,0,source_row:7546,-1,1,0.0266876574605703,0.7,0.01,time_varying,1.5,0.5,catalog_residual_profile,topk_logmeanexp,2,0.19,outputs/fixation_statistics_by_stimulus_all_sessions_after_review/backimage_image_disjoint_compact_basis_delta025_v1/image_disjoint_compact_basis_delta0p25_fold0of2.npz,10,0,source_row:7546,True,1.0,0.099647297268973,-331.096526481269,3,source_row:2460,False,2.0,-0.2751685416551481,-332.8265983921841,1,source_row:7543,False,3.0,-0.0094472929228572,-333.2854102799094,0,source_row:7546,True,1.0,0.0053687907816879,-332.04307669749943,0,source_row:7546,True,1.0,0.0086818002900486,-332.2003607167602,0.6262376754239085,-0.9548202045239672,1,-331.9441389315004,-332.97789537450046,1.0337564430000723,2,0.0453562366716621,0.4360282228474378,0.5010002681044817,0.4685142454759597,-5.920208577626215,0.0494238254946493,0.0172415942517578,-0.1572840192607714,-0.16059702876913207,0.0033130095083606648,both_correct,0.0033130095083606995
82,466,233,response_tables/trial_00233_hard_negative_structure_obs-empirical_prior-axis_edge_parallel_rel2x.npz,hard_negative_structure,empirical,axis_edge_parallel,2.0,per_candidate,1.0,4,16,40,756,0,source_row:7546,-1,7,0.0795750319957733,0.7,0.01,time_varying,1.5,0.5,catalog_residual_profile,topk_logmeanexp,2,0.19,outputs/fixation_statistics_by_stimulus_all_sessions_after_review/backimage_image_disjoint_compact_basis_delta025_v1/image_disjoint_compact_basis_delta0p25_fold0of2.npz,10,0,source_row:7546,True,1.0,0.1331152888828342,-448.9037286658052,3,source_row:2460,False,2.0,-4.95444679647602,-463.433521183795,0,source_row:7546,True,1.0,0.0077379530151233,-451.9229897401711,0,source_row:7546,True,1.0,0.0277869398785242,-450.7938705198916,0,source_row:7546,True,1.0,0.0151440188161586,-451.0702375814775,12.363283602317496,-0.9977946005215328,6,-450.70390160347176,-451.6366602537064,0.9327586502345752,2,0.0738476217046483,-0.2400388400089735,0.4341781616352468,0.0970696608131366,-3.58625495489229,0.0615994406344449,0.0344831885035156,-0.2763670615859155,-0.26372414052355,-0.01264292106236553,both_correct,-0.012642921062365602
83,467,233,response_tables/trial_00233_hard_negative_structure_obs-empirical_prior-axis_edge_orthogonal_rel2x.npz,hard_negative_structure,empirical,axis_edge_orthogonal,2.0,per_candidate,1.0,4,16,40,756,0,source_row:7546,-1,8,0.0690517500042915,0.7,0.01,time_varying,1.5,0.5,catalog_residual_profile,topk_logmeanexp,2,0.19,outputs/fixation_statistics_by_stimulus_all_sessions_after_review/backimage_image_disjoint_compact_basis_delta025_v1/image_disjoint_compact_basis_delta0p25_fold0of2.npz,10,0,source_row:7546,True,1.0,0.1331152888828342,-448.9037286658052,3,source_row:2460,False,2.0,-4.95444679647602,-463.433521183795,0,source_row:7546,True,1.0,0.0016601600524381,-452.5823440097582,0,source_row:7546,True,1.0,0.0009059836556275,-451.09665048164,1,source_row:7543,False,3.0,-0.0020007340298775,-451.4217913729548,12.011729810840222,-0.9989031444760008,6,-450.9932599518772,-452.2880361710426,1.294776219165385,2,0.0670684063702389,-0.1577303153262427,-0.3240040437390981,-0.2408671795326704,-2.782867603292375,0.0493987434302967,0.0344831885035156,-0.3251408913147884,-0.32223417362922646,-0.0029067176855619437,lost_by_residual,-0.0029067176855049996
84,468,234,response_tables/trial_00234_hard_negative_structure_obs-empirical_prior-axis_edge_parallel_rel0p5x.npz,hard_negative_structure,empirical,axis_edge_parallel,0.5,per_candidate,1.0,4,16,40,756,0,source_row:7622,-1,13,0.0156317334622144,0.7,0.01,time_varying,1.5,0.5,catalog_residual_profile,topk_logmeanexp,2,0.19,outputs/fixation_statistics_by_stimulus_all_sessions_after_review/backimage_image_disjoint_compact_basis_delta025_v1/image_disjoint_compact_basis_delta0p25_fold0of2.npz,10,0,source_row:7622,True,1.0,2.262915639976427,-283.45781507514187,0,source_row:7622,True,1.0,2.173572944607145,-283.75464822661206,0,source_row:7622,True,1.0,2.2362790857636696,-283.7999325882096,0,source_row:7622,True,1.0,1.9248445828296208,-283.6322960913668,0,source_row:7622,True,1.0,1.826913127410819,-283.6483067122798,0.1063415143322572,0.9606293586513492,13,-283.6147380492243,-283.7598826634531,0.1451446142287977,2,0.0402988157900795,0.4325779850856021,0.0431387985917272,0.2378583918386646,-5.611584599024885,0.0411776068832507,0.0156725442460012,-0.016010620912993545,0.19631890224832205,-0.2123295231613156,both_correct,-0.09793145541880177
85,469,234,response_tables/trial_00234_hard_negative_structure_obs-empirical_prior-axis_edge_orthogonal_rel0p5x.npz,hard_negative_structure,empirical,axis_edge_orthogonal,0.5,per_candidate,1.0,4,16,40,756,0,source_row:7622,-1,1,0.0260357689112424,0.7,0.01,time_varying,1.5,0.5,catalog_residual_profile,topk_logmeanexp,2,0.19,outputs/fixation_statistics_by_stimulus_all_sessions_after_review/backimage_image_disjoint_compact_basis_delta025_v1/image_disjoint_compact_basis_delta0p25_fold0of2.npz,10,0,source_row:7622,True,1.0,2.262915639976427,-283.45781507514187,0,source_row:7622,True,1.0,2.173572944607145,-283.75464822661206,0,source_row:7622,True,1.0,2.013171329209285,-284.18109166749747,0,source_row:7622,True,1.0,1.7921335882651306,-283.63469059281914,0,source_row:7622,True,1.0,1.6921797198228887,-283.7240209416821,0.0306272849299489,0.9467323286667572,9,-283.62156446438183,-284.1297071795301,0.5081427151482671,2,0.0345187231957058,-0.8016944033784534,0.2490384861327472,-0.2763279586228531,-3.8509906492000976,0.031092539962398,0.0156725442460012,-0.08933034886297264,0.010623519579269214,-0.09995386844224186,both_correct,-0.09995386844224186
86,470,235,response_tables/trial_00235_hard_negative_structure_obs-empirical_prior-axis_edge_parallel_rel1x.npz,hard_negative_structure,empirical,axis_edge_parallel,1.0,per_candidate,1.0,4,16,40,756,0,source_row:7622,-1,11,0.0432439893484115,0.7,0.01,time_varying,1.5,0.5,catalog_residual_profile,topk_logmeanexp,2,0.19,outputs/fixation_statistics_by_stimulus_all_sessions_after_review/backimage_image_disjoint_compact_basis_delta025_v1/image_disjoint_compact_basis_delta0p25_fold0of2.npz,10,0,source_row:7622,True,1.0,2.502459616587771,-305.53965513274613,0,source_row:7622,True,1.0,2.6348503283426794,-307.2340446041452,0,source_row:7622,True,1.0,2.384012042787674,-306.5548171943499,0,source_row:7622,True,1.0,1.8694194657157936,-306.16558745196835,0,source_row:7622,True,1.0,1.888156187480604,-306.22921996694595,1.004824637199249,0.8179543973359107,8,-306.13112070384693,-306.4373305342326,0.3062098303856828,2,0.0809462742246911,-0.3405765244280521,-0.1273454459281734,-0.2339609851781128,-5.668908018035785,0.0689379089575941,0.0313450884920025,-0.06363251497759848,-0.08236923674235186,0.018736721764753383,both_correct,0.01873672176481045
87,471,235,response_tables/trial_00235_hard_negative_structure_obs-empirical_prior-axis_edge_orthogonal_rel1x.npz,hard_negative_structure,empirical,axis_edge_orthogonal,1.0,per_candidate,1.0,4,16,40,756,0,source_row:7622,-1,11,0.0487323552370071,0.7,0.01,time_varying,1.5,0.5,catalog_residual_profile,topk_logmeanexp,2,0.19,outputs/fixation_statistics_by_stimulus_all_sessions_after_review/backimage_image_disjoint_compact_basis_delta025_v1/image_disjoint_compact_basis_delta0p25_fold0of2.npz,10,0,source_row:7622,True,1.0,2.502459616587771,-305.53965513274613,0,source_row:7622,True,1.0,2.6348503283426794,-307.2340446041452,0,source_row:7622,True,1.0,2.2447057877261614,-306.6600458980644,0,source_row:7622,True,1.0,1.877042116455641,-306.05394771017603,0,source_row:7622,True,1.0,1.9199901747590504,-306.075963664643,1.158080939502213,0.7865538763404427,11,-305.9306707239119,-306.5515803209651,0.6209095970532417,2,0.0591165167825451,0.6876176350276287,-0.1029176402291919,0.2923499973992183,-2.55695747835508,0.0507949472836109,0.0313450884920025,-0.02201595446695137,-0.06496401277036057,0.0429480583034092,both_correct,0.04294805830340942
88,472,236,response_tables/trial_00236_hard_negative_structure_obs-empirical_prior-axis_edge_parallel_rel2x.npz,hard_negative_structure,empirical,axis_edge_parallel,2.0,per_candidate,1.0,4,16,40,756,0,source_row:7622,-1,3,0.0575315579771995,0.7,0.01,time_varying,1.5,0.5,catalog_residual_profile,topk_logmeanexp,2,0.19,outputs/fixation_statistics_by_stimulus_all_sessions_after_review/backimage_image_disjoint_compact_basis_delta025_v1/image_disjoint_compact_basis_delta0p25_fold0of2.npz,10,0,source_row:7622,True,1.0,2.7368668374566028,-371.4721672920578,0,source_row:7622,True,1.0,1.588526543253295,-379.8489112617177,0,source_row:7622,True,1.0,1.3615692584108956,-375.1501579811132,0,source_row:7622,True,1.0,1.2746054061315135,-374.14321437711055,0,source_row:7622,True,1.0,1.7602382762808588,-373.9913704303239,5.857540831393862,0.019971219939536,12,-373.726216965964,-374.6865817938225,0.960364827858541,2,0.2586442433311495,0.3775383330374667,0.3321415850950056,0.3548399590662361,-16.021845394429633,0.264063281997817,0.0626901769840051,0.15184394678664148,-0.333788923362647,0.48563287014928846,both_correct,0.4856328701493453
89,473,236,response_tables/trial_00236_hard_negative_structure_obs-empirical_prior-axis_edge_orthogonal_rel2x.npz,hard_negative_structure,empirical,axis_edge_orthogonal,2.0,per_candidate,1.0,4,16,40,756,0,source_row:7622,-1,2,0.0950779616832733,0.7,0.01,time_varying,1.5,0.5,catalog_residual_profile,topk_logmeanexp,2,0.19,outputs/fixation_statistics_by_stimulus_all_sessions_after_review/backimage_image_disjoint_compact_basis_delta025_v1/image_disjoint_compact_basis_delta0p25_fold0of2.npz,10,0,source_row:7622,True,1.0,2.7368668374566028,-371.4721672920578,0,source_row:7622,True,1.0,1.588526543253295,-379.8489112617177,0,source_row:7622,True,1.0,2.5736975818864494,-373.67142950492257,0,source_row:7622,True,1.0,1.8830002085975368,-373.038879016643,0,source_row:7622,True,1.0,2.017431490249124,-373.1248142092444,6.724097052473326,0.0283585967910055,9,-372.9795018513308,-373.5236249865199,0.5441231351891247,2,0.0927700945447862,0.512998618344166,-0.2908186124429191,0.1110900029506234,-1.1898633063843236,0.0640719897830743,0.0626901769840051,-0.08593519260136873,-0.2203664742529554,0.1344312816515867,both_correct,0.13443128165158735
90,474,237,response_tables/trial_00237_hard_negative_structure_obs-empirical_prior-axis_edge_parallel_rel0p5x.npz,hard_negative_structure,empirical,axis_edge_parallel,0.5,per_candidate,1.0,4,16,40,756,0,source_row:7981,-1,11,0.0220902673900127,0.7,0.01,time_varying,1.5,0.5,catalog_residual_profile,topk_logmeanexp,2,0.19,outputs/fixation_statistics_by_stimulus_all_sessions_after_review/backimage_image_disjoint_compact_basis_delta025_v1/image_disjoint_compact_basis_delta0p25_fold0of2.npz,10,0,source_row:7981,True,1.0,0.1896026575458904,-202.13673191282925,0,source_row:7981,True,1.0,0.1644990080782236,-202.3818449970248,0,source_row:7981,True,1.0,0.1789824617928275,-203.0260856783682,0,source_row:7981,True,1.0,0.1623463923726262,-202.34717207306647,0,source_row:7981,True,1.0,0.1714106376598465,-202.46379585329143,-0.0819508562666726,0.9890568187004756,13,-202.34200200332265,-202.96805324040645,0.6260512370838001,2,0.0255436494141805,0.2724543204384935,-0.45862340239407,-0.0930845409777882,-3.852157411232959,0.0191865569970565,0.0115961948483738,-0.11662378022495545,-0.12568802551220415,0.009064245287248696,both_correct,0.009064245287220274
91,475,237,response_tables/trial_00237_hard_negative_structure_obs-empirical_prior-axis_edge_orthogonal_rel0p5x.npz,hard_negative_structure,empirical,axis_edge_orthogonal,0.5,per_candidate,1.0,4,16,40,756,0,source_row:7981,-1,11,0.0220915973186492,0.7,0.01,time_varying,1.5,0.5,catalog_residual_profile,topk_logmeanexp,2,0.19,outputs/fixation_statistics_by_stimulus_all_sessions_after_review/backimage_image_disjoint_compact_basis_delta025_v1/image_disjoint_compact_basis_delta0p25_fold0of2.npz,10,0,source_row:7981,True,1.0,0.1896026575458904,-202.13673191282925,0,source_row:7981,True,1.0,0.1644990080782236,-202.3818449970248,0,source_row:7981,True,1.0,0.1181402236130679,-204.34075168352783,0,source_row:7981,True,1.0,0.2314665827510396,-202.9330297629892,0,source_row:7981,True,1.0,0.1651926984886245,-203.2088863726724,-0.8270413756475534,0.9542439528634202,0,-202.8808294600868,-204.2054431503022,1.3246136902154433,2,0.0523874761875592,-0.4010580837526445,-0.2340984477281014,-0.317578265740373,-19.40910427822467,0.0480494870132051,0.0115961948483738,-0.2758566096831885,-0.20958272542071654,-0.06627388426247194,both_correct,-0.0662738842624151
92,476,238,response_tables/trial_00238_hard_negative_structure_obs-empirical_prior-axis_edge_parallel_rel1x.npz,hard_negative_structure,empirical,axis_edge_parallel,1.0,per_candidate,1.0,4,16,40,756,0,source_row:7981,-1,5,0.0362112410366535,0.7,0.01,time_varying,1.5,0.5,catalog_residual_profile,topk_logmeanexp,2,0.19,outputs/fixation_statistics_by_stimulus_all_sessions_after_review/backimage_image_disjoint_compact_basis_delta025_v1/image_disjoint_compact_basis_delta0p25_fold0of2.npz,10,0,source_row:7981,True,1.0,0.2006252404537463,-233.67266630199708,0,source_row:7981,True,1.0,0.0888912102164738,-235.3558699562474,0,source_row:7981,True,1.0,0.2115579762882475,-235.36757325578648,0,source_row:7981,True,1.0,0.1397134228724894,-234.5213191686188,0,source_row:7981,True,1.0,0.1812400711931729,-234.60078189036707,0.7550880658803294,0.2402693297555219,10,-234.4528241580492,-235.1994921032152,0.7466679451660525,2,0.0473003141096847,0.2605659477696886,-0.4658941707462889,-0.1026641114883001,-3.1594609371184594,0.0340379313813659,0.0231923896967477,-0.0794627217482855,-0.12098937006899746,0.041526648320711956,both_correct,0.04152664832068351
93,477,238,response_tables/trial_00238_hard_negative_structure_obs-empirical_prior-axis_edge_orthogonal_rel1x.npz,hard_negative_structure,empirical,axis_edge_orthogonal,1.0,per_candidate,1.0,4,16,40,756,0,source_row:7981,-1,3,0.0356872454285621,0.7,0.01,time_varying,1.5,0.5,catalog_residual_profile,topk_logmeanexp,2,0.19,outputs/fixation_statistics_by_stimulus_all_sessions_after_review/backimage_image_disjoint_compact_basis_delta025_v1/image_disjoint_compact_basis_delta0p25_fold0of2.npz,10,0,source_row:7981,True,1.0,0.2006252404537463,-233.67266630199708,0,source_row:7981,True,1.0,0.0888912102164738,-235.3558699562474,0,source_row:7981,True,1.0,0.0046658731752131,-237.75406330346527,0,source_row:7981,True,1.0,0.0413512592312201,-235.95797211833587,3,source_row:11361,False,2.0,-0.0680242435156799,-236.1375699984098,-0.7817000421623845,-0.0953057387460875,3,-235.71049353753463,-237.453693450683,1.7431999131483735,2,0.0706547113608389,0.501852328769117,0.5205252734081588,0.5111888010886378,-8.280924796044435,0.0748958431526146,0.0231923896967477,-0.17959788007391353,-0.05365163664785655,-0.12594624342605698,lost_by_residual,-0.1093755027469
94,478,239,response_tables/trial_00239_hard_negative_structure_obs-empirical_prior-axis_edge_parallel_rel2x.npz,hard_negative_structure,empirical,axis_edge_parallel,2.0,per_candidate,1.0,4,16,40,756,0,source_row:7981,-1,5,0.072422482073307,0.7,0.01,time_varying,1.5,0.5,catalog_residual_profile,topk_logmeanexp,2,0.19,outputs/fixation_statistics_by_stimulus_all_sessions_after_review/backimage_image_disjoint_compact_basis_delta025_v1/image_disjoint_compact_basis_delta0p25_fold0of2.npz,10,0,source_row:7981,True,1.0,0.3967521013258874,-357.5411571872813,1,source_row:4460,False,3.0,-1.300468796519226,-377.17714294966027,1,source_row:4460,False,2.0,-0.0876308478763689,-364.85485679116846,1,source_row:4460,False,2.0,-0.6694921920569072,-363.5342508239792,0,source_row:7981,True,1.0,0.0265994928941495,-362.7858706292343,14.39127232042597,-0.3702415664794755,15,-362.31895033392766,-363.8035504684753,1.4846001345476338,2,0.1650061900048803,0.4838040153584867,-0.5201275616537269,-0.01816177314762,-11.654630891266594,0.1416736258889232,0.0463847793934955,0.7483801947449251,0.7860941278011069,-0.03771393305618176,rescued_by_residual,0.6960916849510568
95,479,239,response_tables/trial_00239_hard_negative_structure_obs-empirical_prior-axis_edge_orthogonal_rel2x.npz,hard_negative_structure,empirical,axis_edge_orthogonal,2.0,per_candidate,1.0,4,16,40,756,0,source_row:7981,-1,5,0.0747037678956985,0.7,0.01,time_varying,1.5,0.5,catalog_residual_profile,topk_logmeanexp,2,0.19,outputs/fixation_statistics_by_stimulus_all_sessions_after_review/backimage_image_disjoint_compact_basis_delta025_v1/image_disjoint_compact_basis_delta0p25_fold0of2.npz,10,0,source_row:7981,True,1.0,0.3967521013258874,-357.5411571872813,1,source_row:4460,False,3.0,-1.300468796519226,-377.17714294966027,0,source_row:7981,True,1.0,0.0982020522707216,-362.99187587142336,0,source_row:7981,True,1.0,0.1984142684636936,-361.35239499714135,0,source_row:7981,True,1.0,0.0003484329333218,-361.04655913694575,16.13058381271452,-0.958334364368404,5,-360.67492892198345,-362.1212339958032,1.446305073819758,2,0.0851264839675255,0.0714733667763352,0.284321146575496,0.1778972566759156,-2.368048996853608,0.0737734375243915,0.0463847793934955,0.30583586019560016,0.5319749631044033,-0.22613910290880312,both_correct,-0.1980658355303718
96,480,240,response_tables/trial_00240_hard_negative_structure_obs-empirical_prior-axis_edge_parallel_rel0p5x.npz,hard_negative_structure,empirical,axis_edge_parallel,0.5,per_candidate,1.0,4,16,40,756,0,source_row:8237,-1,9,0.0984157621860504,0.7,0.01,time_varying,1.5,0.5,catalog_residual_profile,topk_logmeanexp,2,0.19,outputs/fixation_statistics_by_stimulus_all_sessions_after_review/backimage_image_disjoint_compact_basis_delta025_v1/image_disjoint_compact_basis_delta0p25_fold0of2.npz,10,0,source_row:8237,True,1.0,1.2005108600196197,-462.9387263292495,1,source_row:420,False,4.0,-9.007713722464018,-484.9260882859229,2,source_row:7543,False,4.0,-0.7067364628723567,-470.4542162703101,2,source_row:7543,False,4.0,-0.9129816843453114,-468.9216242793997,1,source_row:420,False,4.0,-0.0420435050606329,-466.58928101505415,18.336807270868743,0.991158877138882,0,-466.2442795998422,-467.593835949178,1.3495563493358418,2,0.1391857849504304,0.5209250457414449,-0.5484156571638844,-0.0137453057112197,-2.4909992524888884,0.1333214127845037,0.0744937788163533,2.332343264345525,2.031588788984152,0.3007544753613729,both_wrong,0.8709381792846784
97,481,240,response_tables/trial_00240_hard_negative_structure_obs-empirical_prior-axis_edge_orthogonal_rel0p5x.npz,hard_negative_structure,empirical,axis_edge_orthogonal,0.5,per_candidate,1.0,4,16,40,756,0,source_row:8237,-1,4,0.0855509340763092,0.7,0.01,time_varying,1.5,0.5,catalog_residual_profile,topk_logmeanexp,2,0.19,outputs/fixation_statistics_by_stimulus_all_sessions_after_review/backimage_image_disjoint_compact_basis_delta025_v1/image_disjoint_compact_basis_delta0p25_fold0of2.npz,10,0,source_row:8237,True,1.0,1.2005108600196197,-462.9387263292495,1,source_row:420,False,4.0,-9.007713722464018,-484.9260882859229,2,source_row:7543,False,4.0,-1.0262506263028968,-469.2557724732805,2,source_row:7543,False,3.0,-0.7939881365460337,-467.0136984159593,2,source_row:7543,False,3.0,-0.2066036210326274,-465.9482944227275,18.977793863195416,-0.6937049565795901,9,-465.4764201368016,-467.1129180993111,1.636497962509452,2,0.1384613214182918,-0.4088105195919529,-0.4033646180636999,-0.4060875688278264,-2.454752452584936,0.0935464562333407,0.0744937788163533,1.0654039932318256,0.47801947771841924,0.5873845155134063,both_wrong,0.5873845155134063
98,482,241,response_tables/trial_00241_hard_negative_structure_obs-empirical_prior-axis_edge_parallel_rel1x.npz,hard_negative_structure,empirical,axis_edge_parallel,1.0,per_candidate,1.0,4,16,40,756,0,source_row:8237,-1,13,0.1157278716564178,0.7,0.01,time_varying,1.5,0.5,catalog_residual_profile,topk_logmeanexp,2,0.19,outputs/fixation_statistics_by_stimulus_all_sessions_after_review/backimage_image_disjoint_compact_basis_delta025_v1/image_disjoint_compact_basis_delta0p25_fold0of2.npz,10,0,source_row:8237,True,1.0,1.142824687223765,-471.19594991767394,1,source_row:420,False,4.0,-9.554852796001969,-494.6792279617507,2,source_row:7543,False,3.0,-0.2806678147384218,-477.1712478839061,2,source_row:7543,False,3.0,-0.2321038042796317,-474.4421984049183,2,source_row:7543,False,3.0,-0.4597654837688196,-475.1246894606911,19.554538501059653,-0.4679246365835562,8,-474.1721249745127,-476.71276762832105,2.5406426538083906,2,0.1302319913008609,-0.3322242677464241,0.3296795305659172,-0.0012723685902534,-1.3556071635174698,0.0885383222390673,0.0848528136945113,-0.6824910557728003,-0.4548293762835556,-0.22766167948924476,both_wrong,-0.2276616794891879
99,483,241,response_tables/trial_00241_hard_negative_structure_obs-empirical_prior-axis_edge_orthogonal_rel1x.npz,hard_negative_structure,empirical,axis_edge_orthogonal,1.0,per_candidate,1.0,4,16,40,756,0,source_row:8237,-1,8,0.090948536992073,0.7,0.01,time_varying,1.5,0.5,catalog_residual_profile,topk_logmeanexp,2,0.19,outputs/fixation_statistics_by_stimulus_all_sessions_after_review/backimage_image_disjoint_compact_basis_delta025_v1/image_disjoint_compact_basis_delta0p25_fold0of2.npz,10,0,source_row:8237,True,1.0,1.142824687223765,-471.19594991767394,1,source_row:420,False,4.0,-9.554852796001969,-494.6792279617507,2,source_row:7543,False,3.0,-0.4939973364421917,-476.6781349870707,2,source_row:7543,False,3.0,-0.3179424960364372,-473.9694337712734,2,source_row:7543,False,3.0,-0.4013793585340863,-474.5480407473223,20.1311872144284,-0.7620291424257253,8,-473.5891454111188,-476.1975777568331,2.6084323457142773,2,0.1093571166644704,0.3911385174326143,0.4169476995167713,0.4040431084746928,-0.6609693025918388,0.097621135299054,0.0848528136945113,-0.5786069760489454,-0.4951701135512394,-0.08343686249770599,both_wrong,-0.08343686249764909
100,484,242,response_tables/trial_00242_hard_negative_structure_obs-empirical_prior-axis_edge_parallel_rel2x.npz,hard_negative_structure,empirical,axis_edge_parallel,2.0,per_candidate,1.0,4,16,40,756,0,source_row:8237,-1,13,0.1219100058078765,0.7,0.01,time_varying,1.5,0.5,catalog_residual_profile,topk_logmeanexp,2,0.19,outputs/fixation_statistics_by_stimulus_all_sessions_after_review/backimage_image_disjoint_compact_basis_delta025_v1/image_disjoint_compact_basis_delta0p25_fold0of2.npz,10,0,source_row:8237,True,1.0,1.142824687223765,-471.19594991767394,1,source_row:420,False,4.0,-9.554852796001969,-494.6792279617507,2,source_row:7543,False,3.0,-0.0203241583920998,-476.98950960306286,0,source_row:8237,True,1.0,0.2695476757511983,-474.77518425160974,0,source_row:8237,True,1.0,0.2021728610708919,-474.99309831759246,19.686129644158257,-0.9749143606597426,9,-474.4951694660659,-475.9324121016581,1.4372426355922698,2,0.1592305365818309,-0.7033374277641,0.6874388947313498,-0.0079492665163751,-2.5214394178816586,0.1134785821947872,0.0848528136945113,-0.21791406598271124,-0.15053925130240486,-0.06737481468030637,both_correct,-0.0673748146803064
101,485,242,response_tables/trial_00242_hard_negative_structure_obs-empirical_prior-axis_edge_orthogonal_rel2x.npz,hard_negative_structure,empirical,axis_edge_orthogonal,2.0,per_candidate,1.0,4,16,40,756,0,source_row:8237,-1,2,0.0884285643696785,0.7,0.01,time_varying,1.5,0.5,catalog_residual_profile,topk_logmeanexp,2,0.19,outputs/fixation_statistics_by_stimulus_all_sessions_after_review/backimage_image_disjoint_compact_basis_delta025_v1/image_disjoint_compact_basis_delta0p25_fold0of2.npz,10,0,source_row:8237,True,1.0,1.142824687223765,-471.19594991767394,1,source_row:420,False,4.0,-9.554852796001969,-494.6792279617507,2,source_row:7543,False,3.0,-0.6467603403875728,-477.09849860815865,2,source_row:7543,False,3.0,-0.4017097692833999,-474.9820731900455,2,source_row:7543,False,3.0,-0.5481412474008494,-474.8797257091655,19.799502252585228,-0.7292636712978078,9,-474.5886841521644,-476.111472639042,1.5227884868775163,2,0.0921329868402285,0.6553848700917329,0.653497384876021,0.654441127483877,-0.1789565657889205,0.1074281302006116,0.0848528136945113,0.10234748088004153,0.24877895899749092,-0.1464314781174494,both_wrong,-0.14643147811744944
102,486,243,response_tables/trial_00243_hard_negative_structure_obs-empirical_prior-axis_edge_parallel_rel0p5x.npz,hard_negative_structure,empirical,axis_edge_parallel,0.5,per_candidate,1.0,4,16,40,756,0,source_row:8352,-1,0,0.0148502513766288,0.7,0.01,time_varying,1.5,0.5,catalog_residual_profile,topk_logmeanexp,2,0.19,outputs/fixation_statistics_by_stimulus_all_sessions_after_review/backimage_image_disjoint_compact_basis_delta025_v1/image_disjoint_compact_basis_delta0p25_fold0of2.npz,10,0,source_row:8352,True,1.0,0.0220741213921087,-349.6192385789551,1,source_row:8387,False,2.0,-0.0638058537601296,-350.5258086900158,0,source_row:8352,True,1.0,0.010170918839492,-350.51561256652377,0,source_row:8352,True,1.0,0.0178039666391214,-349.8101189778077,0,source_row:8352,True,1.0,0.0194919404610232,-349.90640719749683,0.619401492518989,0.4777153806963841,7,-349.7843138981943,-350.41430857193257,0.6299946737382811,2,0.0189952826424046,0.6567932497314031,0.5588055783139044,0.6077994140226537,-1.7076939049014546,0.0229497121435959,0.011543725110373,-0.0962882196891428,-0.09797619351104458,0.0016879738219017781,both_correct,0.0016879738219018024
103,487,243,response_tables/trial_00243_hard_negative_structure_obs-empirical_prior-axis_edge_orthogonal_rel0p5x.npz,hard_negative_structure,empirical,axis_edge_orthogonal,0.5,per_candidate,1.0,4,16,40,756,0,source_row:8352,-1,13,0.0197343174368143,0.7,0.01,time_varying,1.5,0.5,catalog_residual_profile,topk_logmeanexp,2,0.19,outputs/fixation_statistics_by_stimulus_all_sessions_after_review/backimage_image_disjoint_compact_basis_delta025_v1/image_disjoint_compact_basis_delta0p25_fold0of2.npz,10,0,source_row:8352,True,1.0,0.0220741213921087,-349.6192385789551,1,source_row:8387,False,2.0,-0.0638058537601296,-350.5258086900158,0,source_row:8352,True,1.0,0.0008016469579388,-350.6710085156981,0,source_row:8352,True,1.0,0.010787596523528,-349.9781861573942,1,source_row:8387,False,2.0,-0.000795920768553,-350.0525826988532,0.4732259911626215,0.8069129240412715,11,-349.9399758818478,-350.52731808408697,0.5873422022391992,2,0.0277100915771335,0.2343466583356653,-0.0584410043738828,0.0879528269808912,-4.762142167909094,0.0252914331869236,0.011543725110373,-0.07439654145900931,-0.06281302416692824,-0.01158351729208107,lost_by_residual,-0.011583517292081
104,488,244,response_tables/trial_00244_hard_negative_structure_obs-empirical_prior-axis_edge_parallel_rel1x.npz,hard_negative_structure,empirical,axis_edge_parallel,1.0,per_candidate,1.0,4,16,40,756,0,source_row:8352,-1,15,0.0391302332282066,0.7,0.01,time_varying,1.5,0.5,catalog_residual_profile,topk_logmeanexp,2,0.19,outputs/fixation_statistics_by_stimulus_all_sessions_after_review/backimage_image_disjoint_compact_basis_delta025_v1/image_disjoint_compact_basis_delta0p25_fold0of2.npz,10,0,source_row:8352,True,1.0,0.0284191684224879,-449.0030569178051,1,source_row:8387,False,3.0,-0.2508386076058286,-457.8393507969578,0,source_row:8352,True,1.0,0.0109694272069305,-451.53316301922337,0,source_row:8352,True,1.0,0.006702563043234,-449.8565870381516,0,source_row:8352,True,1.0,0.0106196926499819,-450.1050567726472,7.734294024310543,0.041629360545938,9,-449.8078782124742,-451.01298068277055,1.2051024702963673,2,0.0426319145005759,-0.413747092170925,-0.5034898485544114,-0.4586184703626682,-2.4097122382341274,0.0288091455126703,0.0230874502207461,-0.24846973449558618,-0.252386864102391,0.003917129606804792,both_correct,0.0039171296067479
105,489,244,response_tables/trial_00244_hard_negative_structure_obs-empirical_prior-axis_edge_orthogonal_rel1x.npz,hard_negative_structure,empirical,axis_edge_orthogonal,1.0,per_candidate,1.0,4,16,40,756,0,source_row:8352,-1,2,0.0365111269056797,0.7,0.01,time_varying,1.5,0.5,catalog_residual_profile,topk_logmeanexp,2,0.19,outputs/fixation_statistics_by_stimulus_all_sessions_after_review/backimage_image_disjoint_compact_basis_delta025_v1/image_disjoint_compact_basis_delta0p25_fold0of2.npz,10,0,source_row:8352,True,1.0,0.0284191684224879,-449.0030569178051,1,source_row:8387,False,3.0,-0.2508386076058286,-457.8393507969578,0,source_row:8352,True,1.0,0.0343040994550847,-451.6186614943583,0,source_row:8352,True,1.0,0.0374810631238915,-449.8137902187758,0,source_row:8352,True,1.0,0.023299841253447,-450.1820718213753,7.657278975582471,-0.0993509217203515,9,-449.7627052264563,-451.0558896346553,1.2931844081990107,2,0.0487944368512418,-0.6981618467711312,0.6579217439749209,-0.0201200513981051,-3.4667194527600635,0.049902171901567,0.0230874502207461,-0.3682816025994953,-0.35410038072910766,-0.014181221870387617,both_correct,-0.014181221870444502
106,490,245,response_tables/trial_00245_hard_negative_structure_obs-empirical_prior-axis_edge_parallel_rel2x.npz,hard_negative_structure,empirical,axis_edge_parallel,2.0,per_candidate,1.0,4,16,40,756,0,source_row:8352,-1,12,0.059704266488552,0.7,0.01,time_varying,1.5,0.5,catalog_residual_profile,topk_logmeanexp,2,0.19,outputs/fixation_statistics_by_stimulus_all_sessions_after_review/backimage_image_disjoint_compact_basis_delta025_v1/image_disjoint_compact_basis_delta0p25_fold0of2.npz,10,0,source_row:8352,True,1.0,0.0465436959939324,-568.1274443308496,3,source_row:2518,False,3.0,-0.7976802503393401,-596.3651037690546,0,source_row:8352,True,1.0,0.0218386060371358,-570.983640393784,0,source_row:8352,True,1.0,0.0315088154119393,-569.6757997120895,0,source_row:8352,True,1.0,0.0178218759990613,-569.8397016992038,26.52540206985077,-0.0245929784169183,7,-569.6183982278994,-570.5885530064681,0.9701547785687126,2,0.0548986939746948,0.7601487247577567,0.6715750627603293,0.7158618937590431,-0.413552979026242,0.0729631362795015,0.0461749004414922,-0.16390198711428638,-0.15021504770140837,-0.013686939412878019,both_correct,-0.013686939412877998
107,491,245,response_tables/trial_00245_hard_negative_structure_obs-empirical_prior-axis_edge_orthogonal_rel2x.npz,hard_negative_structure,empirical,axis_edge_orthogonal,2.0,per_candidate,1.0,4,16,40,756,0,source_row:8352,-1,15,0.0832333490252494,0.7,0.01,time_varying,1.5,0.5,catalog_residual_profile,topk_logmeanexp,2,0.19,outputs/fixation_statistics_by_stimulus_all_sessions_after_review/backimage_image_disjoint_compact_basis_delta025_v1/image_disjoint_compact_basis_delta0p25_fold0of2.npz,10,0,source_row:8352,True,1.0,0.0465436959939324,-568.1274443308496,3,source_row:2518,False,3.0,-0.7976802503393401,-596.3651037690546,1,source_row:8387,False,2.0,-0.0022459386573245,-571.2289230790165,0,source_row:8352,True,1.0,0.0239136837086562,-569.9795392054499,0,source_row:8352,True,1.0,0.0091781908612347,-570.0919154304461,26.27318833860852,0.4411601564161874,0,-569.846006780899,-570.8663002538946,1.020293472995604,2,0.0928027165010701,0.6711676361946548,-0.562694625430527,0.0542365053820639,-3.039330999463938,0.0705663513690142,0.0461749004414922,-0.11237622499618283,-0.09764073214876134,-0.014735492847421483,both_correct,-0.014735492847421502
108,492,246,response_tables/trial_00246_hard_negative_structure_obs-empirical_prior-axis_edge_parallel_rel0p5x.npz,hard_negative_structure,empirical,axis_edge_parallel,0.5,per_candidate,1.0,4,16,40,756,0,source_row:8387,-1,12,0.0169827695935964,0.7,0.01,time_varying,1.5,0.5,catalog_residual_profile,topk_logmeanexp,2,0.19,outputs/fixation_statistics_by_stimulus_all_sessions_after_review/backimage_image_disjoint_compact_basis_delta025_v1/image_disjoint_compact_basis_delta0p25_fold0of2.npz,10,0,source_row:8387,True,1.0,0.0306568688342281,-334.0360056377727,0,source_row:8387,True,1.0,0.0570172327879276,-334.4005816582717,1,source_row:8352,False,2.0,-0.0214144619089893,-335.2682057200629,0,source_row:8387,True,1.0,0.0212678692630561,-334.20437574105586,0,source_row:8387,True,1.0,0.0048029386207986,-334.3855480660101,0.0150335922616022,0.568303256150844,12,-334.18953605891994,-335.0177613629846,0.828225304064631,2,0.0117487458785883,0.2652103105249487,0.643887759113002,0.4545490348189753,-0.5045978967283129,0.0100738327428064,0.0095781423024735,-0.1811723249542183,-0.1647073943119608,-0.016464930642257514,both_correct,-0.0164649306422575
109,493,246,response_tables/trial_00246_hard_negative_structure_obs-empirical_prior-axis_edge_orthogonal_rel0p5x.npz,hard_negative_structure,empirical,axis_edge_orthogonal,0.5,per_candidate,1.0,4,16,40,756,0,source_row:8387,-1,1,0.0188943557441234,0.7,0.01,time_varying,1.5,0.5,catalog_residual_profile,topk_logmeanexp,2,0.19,outputs/fixation_statistics_by_stimulus_all_sessions_after_review/backimage_image_disjoint_compact_basis_delta025_v1/image_disjoint_compact_basis_delta0p25_fold0of2.npz,10,0,source_row:8387,True,1.0,0.0306568688342281,-334.0360056377727,0,source_row:8387,True,1.0,0.0570172327879276,-334.4005816582717,1,source_row:8352,False,2.0,-0.0092177616547814,-335.3037190558814,0,source_row:8387,True,1.0,0.0348136575142348,-334.2519421496628,0,source_row:8387,True,1.0,0.0142367559869285,-334.40418007081445,-0.0035984125427717,0.8632231065356962,12,-334.2301986292371,-335.0652245722883,0.8350259430511642,2,0.0191801001744623,0.3475946216638272,-0.5601281898095583,-0.1062667840728655,-3.009951981424777,0.0132967726897467,0.0095781423024735,-0.15223792115165224,-0.13166101962434595,-0.02057690152730629,both_correct,-0.020576901527306297
110,494,247,response_tables/trial_00247_hard_negative_structure_obs-empirical_prior-axis_edge_parallel_rel1x.npz,hard_negative_structure,empirical,axis_edge_parallel,1.0,per_candidate,1.0,4,16,40,756,0,source_row:8387,-1,7,0.0300674717873334,0.7,0.01,time_varying,1.5,0.5,catalog_residual_profile,topk_logmeanexp,2,0.19,outputs/fixation_statistics_by_stimulus_all_sessions_after_review/backimage_image_disjoint_compact_basis_delta025_v1/image_disjoint_compact_basis_delta0p25_fold0of2.npz,10,0,source_row:8387,True,1.0,0.0281042837711993,-417.0832174968372,0,source_row:8387,True,1.0,0.1735619940070591,-421.81790002194793,0,source_row:8387,True,1.0,0.0116041402075666,-418.61986995387633,1,source_row:8352,False,2.0,-0.0017267399829279,-417.80510260690016,0,source_row:8387,True,1.0,0.0097005620052073,-417.8366768372212,3.98122318472673,0.0394118998827414,4,-417.7005341281968,-418.26278853455193,0.5622544063551231,2,0.0358572799917462,0.2512745900206598,0.2124302854314878,0.2318524377260738,-2.503742033880385,0.0338583134837718,0.019156284604947,-0.03157423032104134,-0.04300153230911974,0.011427301988078398,rescued_by_residual,0.0114273019881352
111,495,247,response_tables/trial_00247_hard_negative_structure_obs-empirical_prior-axis_edge_orthogonal_rel1x.npz,hard_negative_structure,empirical,axis_edge_orthogonal,1.0,per_candidate,1.0,4,16,40,756,0,source_row:8387,-1,1,0.0289772190153598,0.7,0.01,time_varying,1.5,0.5,catalog_residual_profile,topk_logmeanexp,2,0.19,outputs/fixation_statistics_by_stimulus_all_sessions_after_review/backimage_image_disjoint_compact_basis_delta025_v1/image_disjoint_compact_basis_delta0p25_fold0of2.npz,10,0,source_row:8387,True,1.0,0.0281042837711993,-417.0832174968372,0,source_row:8387,True,1.0,0.1735619940070591,-421.81790002194793,0,source_row:8387,True,1.0,0.0268178288498575,-418.5774520156775,0,source_row:8387,True,1.0,0.025620638260591,-417.72246437857314,0,source_row:8387,True,1.0,0.025317959328504,-417.7949969019335,4.022903120014462,0.31399818023662,5,-417.6760667143076,-418.2209429041134,0.544876189805791,2,0.030198778319312,-0.2449240895444179,0.3148853009844917,0.0349806057200369,-1.485170482778151,0.0275580215762018,0.019156284604947,-0.07253252336033711,-0.07222984442825009,-0.00030267893208701935,both_correct,-0.000302678932087002
112,496,248,response_tables/trial_00248_hard_negative_structure_obs-empirical_prior-axis_edge_parallel_rel2x.npz,hard_negative_structure,empirical,axis_edge_parallel,2.0,per_candidate,1.0,4,16,40,756,0,source_row:8387,-1,2,0.0628041625022888,0.7,0.01,time_varying,1.5,0.5,catalog_residual_profile,topk_logmeanexp,2,0.19,outputs/fixation_statistics_by_stimulus_all_sessions_after_review/backimage_image_disjoint_compact_basis_delta025_v1/image_disjoint_compact_basis_delta0p25_fold0of2.npz,10,0,source_row:8387,True,1.0,0.0493214614892849,-583.7517664788244,2,source_row:2518,False,2.0,-0.2788905581518293,-612.7770048925934,0,source_row:8387,True,1.0,0.0131676013841115,-587.7917850934818,0,source_row:8387,True,1.0,0.023616800185664,-586.433677187651,0,source_row:8387,True,1.0,0.0110913459553785,-586.4399344334154,26.337070459178,-0.2853198243981794,4,-586.0957473481795,-587.1688909049425,1.0731435567629433,2,0.0710128197346858,0.2753412639562271,0.2072136044911985,0.2412774342237128,-2.435507987473174,0.0664924720008663,0.038312569209894,-0.006257245764345498,0.006268208465940006,-0.012525454230285504,both_correct,-0.012525454230285499
113,497,248,response_tables/trial_00248_hard_negative_structure_obs-empirical_prior-axis_edge_orthogonal_rel2x.npz,hard_negative_structure,empirical,axis_edge_orthogonal,2.0,per_candidate,1.0,4,16,40,756,0,source_row:8387,-1,10,0.0698294341564178,0.7,0.01,time_varying,1.5,0.5,catalog_residual_profile,topk_logmeanexp,2,0.19,outputs/fixation_statistics_by_stimulus_all_sessions_after_review/backimage_image_disjoint_compact_basis_delta025_v1/image_disjoint_compact_basis_delta0p25_fold0of2.npz,10,0,source_row:8387,True,1.0,0.0493214614892849,-583.7517664788244,2,source_row:2518,False,2.0,-0.2788905581518293,-612.7770048925934,1,source_row:8352,False,2.0,-0.0137631855203608,-588.2151336236775,1,source_row:8352,False,2.0,-0.0181423160028089,-586.7561446996282,3,source_row:3076,False,3.0,-0.1386443905748819,-586.6979486033097,26.0790562892837,-0.6832832537151196,4,-586.3809063634363,-587.3688746259854,0.9879682625490886,2,0.082174946997345,0.351191963535678,-0.2599883543056356,0.0456018046150212,-3.6004076024667064,0.0676622095712656,0.038312569209894,0.05819609631851108,0.3077309532511663,-0.2495348569326552,both_wrong,-0.120502074572073
114,498,249,response_tables/trial_00249_hard_negative_structure_obs-empirical_prior-axis_edge_parallel_rel0p5x.npz,hard_negative_structure,empirical,axis_edge_parallel,0.5,per_candidate,1.0,4,16,40,756,0,source_row:8547,-1,6,0.0182226635515689,0.7,0.01,time_varying,1.5,0.5,catalog_residual_profile,topk_logmeanexp,2,0.19,outputs/fixation_statistics_by_stimulus_all_sessions_after_review/backimage_image_disjoint_compact_basis_delta025_v1/image_disjoint_compact_basis_delta0p25_fold0of2.npz,10,0,source_row:8547,True,1.0,0.3314660569600391,-249.5632776972835,0,source_row:8547,True,1.0,0.2515685892270767,-249.90238731122008,0,source_row:8547,True,1.0,0.1037874215474516,-250.25237419997453,0,source_row:8547,True,1.0,0.1907647058891939,-249.81475327344,0,source_row:8547,True,1.0,0.1527538370980607,-249.8838319856908,0.01855532552932,0.9994189474709388,8,-249.7990189102136,-250.20875874656232,0.4097398363487343,2,0.0206976957219783,0.0078990516359823,0.3711873623513957,0.189543206993689,-1.9613901402348104,0.0170714900119996,0.0120274673053879,-0.06907871225078566,-0.03106784345959568,-0.03801086879118998,both_correct,-0.03801086879113319
115,499,249,response_tables/trial_00249_hard_negative_structure_obs-empirical_prior-axis_edge_orthogonal_rel0p5x.npz,hard_negative_structure,empirical,axis_edge_orthogonal,0.5,per_candidate,1.0,4,16,40,756,0,source_row:8547,-1,1,0.0169864222407341,0.7,0.01,time_varying,1.5,0.5,catalog_residual_profile,topk_logmeanexp,2,0.19,outputs/fixation_statistics_by_stimulus_all_sessions_after_review/backimage_image_disjoint_compact_basis_delta025_v1/image_disjoint_compact_basis_delta0p25_fold0of2.npz,10,0,source_row:8547,True,1.0,0.3314660569600391,-249.5632776972835,0,source_row:8547,True,1.0,0.2515685892270767,-249.90238731122008,0,source_row:8547,True,1.0,0.2150162478430672,-250.4942634831237,0,source_row:8547,True,1.0,0.2978205812308943,-249.7510150965662,0,source_row:8547,True,1.0,0.2146540844111371,-249.8874525746268,0.0149347365932897,0.9993449289680228,1,-249.72779631896685,-250.4338732956312,0.7060769766643205,2,0.0154335935555854,-0.0449660897715666,0.2988801066772454,0.1269570084528394,-0.6465910396474948,0.0132486604596226,0.0120274673053879,-0.13643747806059991,-0.05327098124089957,-0.08316649681970034,both_correct,-0.08316649681975719
116,500,250,response_tables/trial_00250_hard_negative_structure_obs-empirical_prior-axis_edge_parallel_rel1x.npz,hard_negative_structure,empirical,axis_edge_parallel,1.0,per_candidate,1.0,4,16,40,756,0,source_row:8547,-1,11,0.0396356396377086,0.7,0.01,time_varying,1.5,0.5,catalog_residual_profile,topk_logmeanexp,2,0.19,outputs/fixation_statistics_by_stimulus_all_sessions_after_review/backimage_image_disjoint_compact_basis_delta025_v1/image_disjoint_compact_basis_delta0p25_fold0of2.npz,10,0,source_row:8547,True,1.0,0.4919342425959598,-282.6343453591769,0,source_row:8547,True,1.0,0.4284662067419162,-284.3672200935445,1,source_row:1709,False,2.0,-0.0944796008292314,-284.73382911409755,0,source_row:8547,True,1.0,0.0353360039808308,-283.63487969811183,0,source_row:8547,True,1.0,0.0099519741460767,-283.7294339685777,0.6377861249667944,0.9438383608104666,8,-283.5621191876195,-284.41417876629123,0.8520595786717422,2,0.0486246501285727,-0.2305933521905064,-0.3559572406151349,-0.2932752964028207,-3.086058851813469,0.0394085188804726,0.0240549346107758,-0.09455427046589193,-0.06917024063113786,-0.025384029834754074,both_correct,-0.0253840298347541
117,501,250,response_tables/trial_00250_hard_negative_structure_obs-empirical_prior-axis_edge_orthogonal_rel1x.npz,hard_negative_structure,empirical,axis_edge_orthogonal,1.0,per_candidate,1.0,4,16,40,756,0,source_row:8547,-1,11,0.0346354059875011,0.7,0.01,time_varying,1.5,0.5,catalog_residual_profile,topk_logmeanexp,2,0.19,outputs/fixation_statistics_by_stimulus_all_sessions_after_review/backimage_image_disjoint_compact_basis_delta025_v1/image_disjoint_compact_basis_delta0p25_fold0of2.npz,10,0,source_row:8547,True,1.0,0.4919342425959598,-282.6343453591769,0,source_row:8547,True,1.0,0.4284662067419162,-284.3672200935445,0,source_row:8547,True,1.0,0.2367719563258106,-285.0628667974779,0,source_row:8547,True,1.0,0.2992186698027694,-283.5493959187881,0,source_row:8547,True,1.0,0.2978847597214553,-283.6913343106294,0.6758857829151452,0.9548766106955436,9,-283.4082138273008,-284.8240562099944,1.415842382693654,2,0.054049653985168,0.1587429231363568,-0.5612712653936416,-0.2012641711286424,-4.0486756984590935,0.0381812176784164,0.0240549346107758,-0.1419383918412791,-0.14060448175990814,-0.0013339100813709592,both_correct,-0.0013339100813141158
118,502,251,response_tables/trial_00251_hard_negative_structure_obs-empirical_prior-axis_edge_parallel_rel2x.npz,hard_negative_structure,empirical,axis_edge_parallel,2.0,per_candidate,1.0,4,16,40,756,0,source_row:8547,-1,10,0.0810663923621177,0.7,0.01,time_varying,1.5,0.5,catalog_residual_profile,topk_logmeanexp,2,0.19,outputs/fixation_statistics_by_stimulus_all_sessions_after_review/backimage_image_disjoint_compact_basis_delta025_v1/image_disjoint_compact_basis_delta0p25_fold0of2.npz,10,0,source_row:8547,True,1.0,0.830209235819666,-368.7914316045496,3,source_row:7434,False,2.0,-1.5465752266637196,-379.22287849158096,1,source_row:1709,False,2.0,-0.0340989370860143,-373.241440544748,1,source_row:1709,False,2.0,-0.2953136713489357,-372.42283917406144,1,source_row:1709,False,2.0,-0.1969150028048147,-372.2515103334992,6.971368158081759,-0.8669688059861204,15,-372.1017565052138,-372.8806197667594,0.7788632615456095,2,0.0914090718564732,-0.1119149053331029,-0.2691228523476757,-0.1905188788403893,-2.6100253020252926,0.0750808878001278,0.0481098692215517,0.1713288405622393,0.07293017201811836,0.09839866854412094,both_wrong,0.09839866854412102
119,503,251,response_tables/trial_00251_hard_negative_structure_obs-empirical_prior-axis_edge_orthogonal_rel2x.npz,hard_negative_structure,empirical,axis_edge_orthogonal,2.0,per_candidate,1.0,4,16,40,756,0,source_row:8547,-1,10,0.0718961954116821,0.7,0.01,time_varying,1.5,0.5,catalog_residual_profile,topk_logmeanexp,2,0.19,outputs/fixation_statistics_by_stimulus_all_sessions_after_review/backimage_image_disjoint_compact_basis_delta025_v1/image_disjoint_compact_basis_delta0p25_fold0of2.npz,10,0,source_row:8547,True,1.0,0.830209235819666,-368.7914316045496,3,source_row:7434,False,2.0,-1.5465752266637196,-379.22287849158096,0,source_row:8547,True,1.0,0.3112526150895291,-373.164543887856,0,source_row:8547,True,1.0,0.2492390894864797,-371.9009188925767,0,source_row:8547,True,1.0,0.2672724790746201,-371.88822353275873,7.334654958822227,-0.8401680547954257,10,-371.4420389788232,-372.5955349454502,1.1534959666270197,2,0.0689089460759745,-0.1792275130252609,0.5045801190627475,0.1626763030187432,-1.0515535744147244,0.0743236302051972,0.0481098692215517,0.012695359817996632,0.02480299092093219,-0.012107631102935557,both_correct,0.01803338958814041
120,504,252,response_tables/trial_00252_hard_negative_structure_obs-empirical_prior-axis_edge_parallel_rel0p5x.npz,hard_negative_structure,empirical,axis_edge_parallel,0.5,per_candidate,1.0,4,16,40,756,0,source_row:8553,-1,3,0.0184330847114324,0.7,0.01,time_varying,1.5,0.5,catalog_residual_profile,topk_logmeanexp,2,0.19,outputs/fixation_statistics_by_stimulus_all_sessions_after_review/backimage_image_disjoint_compact_basis_delta025_v1/image_disjoint_compact_basis_delta0p25_fold0of2.npz,10,0,source_row:8553,True,1.0,0.3645084633554347,-295.76452577968405,2,source_row:10423,False,3.0,-0.1038198225273845,-297.2607577139425,0,source_row:8553,True,1.0,0.0498553512821899,-296.9684386266582,0,source_row:8553,True,1.0,0.0927440044606555,-296.2053545511865,0,source_row:8553,True,1.0,0.1103746537031611,-296.29406942284606,0.9666882910964888,0.680963662037507,0,-296.1263391091998,-296.83016863809183,0.7038295288920153,2,0.032337033341965,0.3084977635924869,-0.0823090576597574,0.1130943529663647,-6.12514851693605,0.0319825352297543,0.0121144363877722,-0.08871487165959024,-0.10634552090203897,0.017630649242448726,both_correct,0.017630649242505597
121,505,252,response_tables/trial_00252_hard_negative_structure_obs-empirical_prior-axis_edge_orthogonal_rel0p5x.npz,hard_negative_structure,empirical,axis_edge_orthogonal,0.5,per_candidate,1.0,4,16,40,756,0,source_row:8553,-1,0,0.017364103347063,0.7,0.01,time_varying,1.5,0.5,catalog_residual_profile,topk_logmeanexp,2,0.19,outputs/fixation_statistics_by_stimulus_all_sessions_after_review/backimage_image_disjoint_compact_basis_delta025_v1/image_disjoint_compact_basis_delta0p25_fold0of2.npz,10,0,source_row:8553,True,1.0,0.3645084633554347,-295.76452577968405,2,source_row:10423,False,3.0,-0.1038198225273845,-297.2607577139425,0,source_row:8553,True,1.0,0.1828830539398609,-296.97728419199086,0,source_row:8553,True,1.0,0.228620378817709,-296.1304928652181,0,source_row:8553,True,1.0,0.2872218930072563,-296.2214277739711,1.0393299399714806,0.0749108988561276,4,-296.0787904393763,-296.7375732431265,0.6587828037502277,2,0.0231210759465738,0.0822591404617975,-0.3076114657227254,-0.1126761626304639,-2.642584647760511,0.0174570702033311,0.0121144363877722,-0.09093490875295629,-0.13491516456645058,0.043980255813494296,both_correct,0.058601514189547316
122,506,253,response_tables/trial_00253_hard_negative_structure_obs-empirical_prior-axis_edge_parallel_rel1x.npz,hard_negative_structure,empirical,axis_edge_parallel,1.0,per_candidate,1.0,4,16,40,756,0,source_row:8553,-1,6,0.0409036576747894,0.7,0.01,time_varying,1.5,0.5,catalog_residual_profile,topk_logmeanexp,2,0.19,outputs/fixation_statistics_by_stimulus_all_sessions_after_review/backimage_image_disjoint_compact_basis_delta025_v1/image_disjoint_compact_basis_delta0p25_fold0of2.npz,10,0,source_row:8553,True,1.0,0.2493193321628837,-398.0876876507127,1,source_row:6852,False,4.0,-1.7130391275293846,-411.4563228456353,0,source_row:8553,True,1.0,0.0721195636277229,-400.943467928308,0,source_row:8553,True,1.0,0.0513193081602594,-399.6059689443706,0,source_row:8553,True,1.0,0.0733492584425903,-399.4915050063222,11.964817839313127,-0.7530092245202733,1,-399.3195810270353,-400.1023234085801,0.7827423815447787,2,0.0642248085169309,0.0169840600579141,-0.0632580924291565,-0.0231370161856211,-6.026502696431501,0.0594379292776838,0.0242288727755445,0.11446393804840227,0.13965107307882363,-0.02518713503042136,both_correct,0.0220299502823309
123,507,253,response_tables/trial_00253_hard_negative_structure_obs-empirical_prior-axis_edge_orthogonal_rel1x.npz,hard_negative_structure,empirical,axis_edge_orthogonal,1.0,per_candidate,1.0,4,16,40,756,0,source_row:8553,-1,8,0.0332554504275321,0.7,0.01,time_varying,1.5,0.5,catalog_residual_profile,topk_logmeanexp,2,0.19,outputs/fixation_statistics_by_stimulus_all_sessions_after_review/backimage_image_disjoint_compact_basis_delta025_v1/image_disjoint_compact_basis_delta0p25_fold0of2.npz,10,0,source_row:8553,True,1.0,0.2493193321628837,-398.0876876507127,1,source_row:6852,False,4.0,-1.7130391275293846,-411.4563228456353,0,source_row:8553,True,1.0,0.01530049700267,-400.634672285212,1,source_row:6852,False,2.0,-0.0167868608496633,-398.9990054210499,0,source_row:8553,True,1.0,0.0548028410143501,-399.24408890431977,12.21223394131556,-0.559593624651593,1,-398.9457517907811,-400.0605941015027,1.114842310721599,2,0.0550148897315752,-0.1283960895185899,-0.3492620842589035,-0.2388290868887467,-4.155776405138362,0.0428246463818434,0.0242288727755445,-0.24508348326986606,-0.3166731851339364,0.07158970186407032,rescued_by_residual,0.0715897018640134
124,508,254,response_tables/trial_00254_hard_negative_structure_obs-empirical_prior-axis_edge_parallel_rel2x.npz,hard_negative_structure,empirical,axis_edge_parallel,2.0,per_candidate,1.0,4,16,40,756,0,source_row:8553,-1,1,0.0804858058691024,0.7,0.01,time_varying,1.5,0.5,catalog_residual_profile,topk_logmeanexp,2,0.19,outputs/fixation_statistics_by_stimulus_all_sessions_after_review/backimage_image_disjoint_compact_basis_delta025_v1/image_disjoint_compact_basis_delta0p25_fold0of2.npz,10,0,source_row:8553,True,1.0,0.2969733645155088,-489.1251454226712,1,source_row:6852,False,4.0,-3.646605456088082,-519.3316624243215,0,source_row:8553,True,1.0,0.0515754473179868,-493.2380799106504,0,source_row:8553,True,1.0,0.1231885160151478,-491.3980025555089,0,source_row:8553,True,1.0,0.0748940972907803,-491.8287415290296,27.50292089529188,-0.3831084581314052,8,-491.3193108532885,-492.95575833699263,1.636447483704103,2,0.0716489599190808,-0.0855145984104281,0.4534410661637689,0.1839632338766703,-1.1862175208987598,0.0546258460238099,0.048457745551089,-0.4307389735207039,-0.38244455479633643,-0.04829441872436746,both_correct,-0.0482944187243675
125,509,254,response_tables/trial_00254_hard_negative_structure_obs-empirical_prior-axis_edge_orthogonal_rel2x.npz,hard_negative_structure,empirical,axis_edge_orthogonal,2.0,per_candidate,1.0,4,16,40,756,0,source_row:8553,-1,5,0.0732742771506309,0.7,0.01,time_varying,1.5,0.5,catalog_residual_profile,topk_logmeanexp,2,0.19,outputs/fixation_statistics_by_stimulus_all_sessions_after_review/backimage_image_disjoint_compact_basis_delta025_v1/image_disjoint_compact_basis_delta0p25_fold0of2.npz,10,0,source_row:8553,True,1.0,0.2969733645155088,-489.1251454226712,1,source_row:6852,False,4.0,-3.646605456088082,-519.3316624243215,0,source_row:8553,True,1.0,0.0385512645436847,-493.1257798586449,0,source_row:8553,True,1.0,0.1340075266228382,-491.4874481476288,0,source_row:8553,True,1.0,0.0780677078018925,-491.8654372357346,27.46622518858692,-0.4528199443387194,8,-491.3824610595314,-492.8744501386676,1.4919890791361468,2,0.0931789064801854,-0.2506172213763961,-0.5530023432324992,-0.4018097823044476,-2.697505328100084,0.0609816645600218,0.048457745551089,-0.37798908810577814,-0.3220492692847756,-0.05593981882100252,both_correct,-0.055939818820945716
126,510,255,response_tables/trial_00255_hard_negative_structure_obs-empirical_prior-axis_edge_parallel_rel0p5x.npz,hard_negative_structure,empirical,axis_edge_parallel,0.5,per_candidate,1.0,4,16,40,756,0,source_row:8627,-1,5,0.0184376277029514,0.7,0.01,time_varying,1.5,0.5,catalog_residual_profile,topk_logmeanexp,2,0.19,outputs/fixation_statistics_by_stimulus_all_sessions_after_review/backimage_image_disjoint_compact_basis_delta025_v1/image_disjoint_compact_basis_delta0p25_fold0of2.npz,10,0,source_row:8627,True,1.0,0.2477771474557926,-216.6338786794048,0,source_row:8627,True,1.0,0.1266863569616703,-216.98021548087485,0,source_row:8627,True,1.0,0.0845048905621297,-217.42838135991897,0,source_row:8627,True,1.0,0.1166842329447774,-216.91708855269192,0,source_row:8627,True,1.0,0.0993636370441208,-216.9817372353016,-0.0015217544267613,0.8367453744300427,2,-216.8842199234569,-217.39320532347045,0.508985400013529,2,0.0236495569323694,-0.0331146603743974,-0.124900016698661,-0.0790073385365292,-3.9487133150953326,0.0201118235861375,0.0106310671442454,-0.06464868260968615,-0.04732808670902955,-0.0173205959006566,both_correct,-0.0173205959006566
127,511,255,response_tables/trial_00255_hard_negative_structure_obs-empirical_prior-axis_edge_orthogonal_rel0p5x.npz,hard_negative_structure,empirical,axis_edge_orthogonal,0.5,per_candidate,1.0,4,16,40,756,0,source_row:8627,-1,5,0.0190500952303409,0.7,0.01,time_varying,1.5,0.5,catalog_residual_profile,topk_logmeanexp,2,0.19,outputs/fixation_statistics_by_stimulus_all_sessions_after_review/backimage_image_disjoint_compact_basis_delta025_v1/image_disjoint_compact_basis_delta0p25_fold0of2.npz,10,0,source_row:8627,True,1.0,0.2477771474557926,-216.6338786794048,0,source_row:8627,True,1.0,0.1266863569616703,-216.98021548087485,2,source_row:7981,False,3.0,-0.0397815856086651,-218.24107122907057,0,source_row:8627,True,1.0,0.0099949639115379,-216.9858214645784,1,source_row:11361,False,3.0,-0.0363774386493958,-217.4012091806165,-0.4209936997417003,0.4417817845718328,5,-216.9889652595013,-218.41047796695665,1.4215127074553493,2,0.0163114165066793,0.0761604309440016,-0.0135219655279718,0.0313192327080148,-1.3541256138889255,0.0128662886161022,0.0106310671442454,-0.415387716038083,-0.2933036315793913,-0.12208408445869168,lost_by_residual,-0.046372402560933695
128,512,256,response_tables/trial_00256_hard_negative_structure_obs-empirical_prior-axis_edge_parallel_rel1x.npz,hard_negative_structure,empirical,axis_edge_parallel,1.0,per_candidate,1.0,4,16,40,756,0,source_row:8627,-1,4,0.040120180696249,0.7,0.01,time_varying,1.5,0.5,catalog_residual_profile,topk_logmeanexp,2,0.19,outputs/fixation_statistics_by_stimulus_all_sessions_after_review/backimage_image_disjoint_compact_basis_delta025_v1/image_disjoint_compact_basis_delta0p25_fold0of2.npz,10,0,source_row:8627,True,1.0,0.308188834631153,-267.38353863229105,3,source_row:4460,False,2.0,-0.3360559924870472,-270.67925936577416,0,source_row:8627,True,1.0,0.0903284881775903,-269.2179031773205,0,source_row:8627,True,1.0,0.1186586854536813,-268.6717469855179,0,source_row:8627,True,1.0,0.0115237608288794,-268.49763312134434,2.181626244429822,-0.7860700756731044,6,-268.352748904726,-268.8547055451557,0.5019566404297393,2,0.052565823174887,-0.2444488622622515,-0.0144286775450004,-0.129438769903626,-5.112139054077131,0.0476643822065076,0.0212621342884908,0.17411386417359154,0.28124878879839343,-0.1071349246248019,both_correct,-0.1071349246248019
129,513,256,response_tables/trial_00256_hard_negative_structure_obs-empirical_prior-axis_edge_orthogonal_rel1x.npz,hard_negative_structure,empirical,axis_edge_orthogonal,1.0,per_candidate,1.0,4,16,40,756,0,source_row:8627,-1,4,0.0416060201823711,0.7,0.01,time_varying,1.5,0.5,catalog_residual_profile,topk_logmeanexp,2,0.19,outputs/fixation_statistics_by_stimulus_all_sessions_after_review/backimage_image_disjoint_compact_basis_delta025_v1/image_disjoint_compact_basis_delta0p25_fold0of2.npz,10,0,source_row:8627,True,1.0,0.308188834631153,-267.38353863229105,3,source_row:4460,False,2.0,-0.3360559924870472,-270.67925936577416,1,source_row:11361,False,2.0,-0.1011008057289473,-271.1267617491128,1,source_row:11361,False,3.0,-0.1542586527653497,-269.685937209077,1,source_row:11361,False,3.0,-0.3575025933158144,-269.9470931800679,0.7321661857062622,-0.9685742120900962,6,-269.7217927336864,-270.86434677372506,1.1425540400386467,2,0.0904239968708916,0.2530815024407991,-0.1476761665056857,0.0527026679675566,-17.086464721624107,0.0909602011770815,0.0212621342884908,-0.2611559709908988,-0.05791203044043414,-0.20324394055046469,both_wrong,-0.2032439405504647
130,514,257,response_tables/trial_00257_hard_negative_structure_obs-empirical_prior-axis_edge_parallel_rel2x.npz,hard_negative_structure,empirical,axis_edge_parallel,2.0,per_candidate,1.0,4,16,40,756,0,source_row:8627,-1,3,0.0737505108118057,0.7,0.01,time_varying,1.5,0.5,catalog_residual_profile,topk_logmeanexp,2,0.19,outputs/fixation_statistics_by_stimulus_all_sessions_after_review/backimage_image_disjoint_compact_basis_delta025_v1/image_disjoint_compact_basis_delta0p25_fold0of2.npz,10,0,source_row:8627,True,1.0,0.4117528090387736,-377.2547791718106,3,source_row:4460,False,2.0,-1.453601238631336,-398.33155123187294,3,source_row:4460,False,2.0,-0.3915160867775284,-383.6337076892741,3,source_row:4460,False,3.0,-0.1857237243036138,-382.39434187712976,2,source_row:7981,False,2.0,-0.0718004533244425,-381.65287302796594,16.678678203906998,-0.7030195900503012,0,-381.2909818563837,-382.4865233802912,1.1955415239074227,2,0.1624960585021655,0.0485783117937455,0.0308002736956659,0.0396892927447057,-13.60198700391051,0.1579451153650412,0.0425242685769817,0.741468849163823,0.7897209368418885,-0.048252087678065436,both_wrong,0.1139232709791713
131,515,257,response_tables/trial_00257_hard_negative_structure_obs-empirical_prior-axis_edge_orthogonal_rel2x.npz,hard_negative_structure,empirical,axis_edge_orthogonal,2.0,per_candidate,1.0,4,16,40,756,0,source_row:8627,-1,4,0.0747412666678428,0.7,0.01,time_varying,1.5,0.5,catalog_residual_profile,topk_logmeanexp,2,0.19,outputs/fixation_statistics_by_stimulus_all_sessions_after_review/backimage_image_disjoint_compact_basis_delta025_v1/image_disjoint_compact_basis_delta0p25_fold0of2.npz,10,0,source_row:8627,True,1.0,0.4117528090387736,-377.2547791718106,3,source_row:4460,False,2.0,-1.453601238631336,-398.33155123187294,1,source_row:11361,False,3.0,-0.0786253895628306,-381.9029742688427,2,source_row:7981,False,2.0,-0.010229731564209,-380.6092042938999,1,source_row:11361,False,3.0,-0.0446649139241799,-380.3937955643465,17.937755667526403,-0.9800871345887512,2,-380.0824622116462,-381.2616026517299,1.1791404400836996,2,0.0781839653694632,-0.1355415138652657,0.2302992089806789,0.0473788475577066,-2.38035009861816,0.0629972143444932,0.0425242685769817,0.21540872955341683,0.2929136816548521,-0.07750495210143526,both_wrong,-0.0344351823599709
132,516,258,response_tables/trial_00258_hard_negative_structure_obs-empirical_prior-axis_edge_parallel_rel0p5x.npz,hard_negative_structure,empirical,axis_edge_parallel,0.5,per_candidate,1.0,4,16,40,756,0,source_row:8857,-1,8,0.0278397109359502,0.7,0.01,time_varying,1.5,0.5,catalog_residual_profile,topk_logmeanexp,2,0.19,outputs/fixation_statistics_by_stimulus_all_sessions_after_review/backimage_image_disjoint_compact_basis_delta025_v1/image_disjoint_compact_basis_delta0p25_fold0of2.npz,10,0,source_row:8857,True,1.0,0.3078184834345734,-372.5379517292363,3,source_row:10765,False,3.0,-3.059526667325372,-382.42064182952186,0,source_row:8857,True,1.0,0.1021972151696104,-375.5433546434574,2,source_row:6124,False,2.0,-0.0212013995036954,-373.82450761155127,0,source_row:8857,True,1.0,0.0945122493046142,-373.9413698089887,8.479272020533188,-0.8750000316875078,14,-373.4961571553769,-374.71774732806256,1.2215901726856373,2,0.0771979974142137,-0.5292584797375522,0.4305781347558888,-0.0493401724908317,-10.49138904936566,0.0654772489553207,0.0227729750515501,-0.11686219743745596,-0.23257584624570882,0.11571364880825286,rescued_by_residual,0.1157136488083096
133,517,258,response_tables/trial_00258_hard_negative_structure_obs-empirical_prior-axis_edge_orthogonal_rel0p5x.npz,hard_negative_structure,empirical,axis_edge_orthogonal,0.5,per_candidate,1.0,4,16,40,756,0,source_row:8857,-1,3,0.0296254362910985,0.7,0.01,time_varying,1.5,0.5,catalog_residual_profile,topk_logmeanexp,2,0.19,outputs/fixation_statistics_by_stimulus_all_sessions_after_review/backimage_image_disjoint_compact_basis_delta025_v1/image_disjoint_compact_basis_delta0p25_fold0of2.npz,10,0,source_row:8857,True,1.0,0.3078184834345734,-372.5379517292363,3,source_row:10765,False,3.0,-3.059526667325372,-382.42064182952186,3,source_row:10765,False,2.0,-0.2646678111613596,-376.01214944754975,2,source_row:6124,False,2.0,-0.2483118295017448,-374.72275470895374,2,source_row:6124,False,2.0,-0.0097108103455525,-374.371345573448,8.04929625607383,-0.9593325948925716,14,-374.0862405092226,-375.0842123081725,0.9979717989499476,2,0.0592859284451939,0.6404126507324325,0.6759308274121424,0.6581717390722874,-5.777409238056597,0.0650528091325182,0.0227729750515501,0.35140913550571895,0.1128081163495267,0.23860101915619225,both_wrong,0.2386010191561923
134,518,259,response_tables/trial_00259_hard_negative_structure_obs-empirical_prior-axis_edge_parallel_rel1x.npz,hard_negative_structure,empirical,axis_edge_parallel,1.0,per_candidate,1.0,4,16,40,756,0,source_row:8857,-1,14,0.0552333816885948,0.7,0.01,time_varying,1.5,0.5,catalog_residual_profile,topk_logmeanexp,2,0.19,outputs/fixation_statistics_by_stimulus_all_sessions_after_review/backimage_image_disjoint_compact_basis_delta025_v1/image_disjoint_compact_basis_delta0p25_fold0of2.npz,10,0,source_row:8857,True,1.0,0.423314360572931,-431.129290346644,3,source_row:10765,False,3.0,-4.987952598344009,-450.4649503109088,0,source_row:8857,True,1.0,0.039509086961857,-434.4426331701494,0,source_row:8857,True,1.0,0.0931380115130195,-433.33483668719134,0,source_row:8857,True,1.0,0.0775430289955352,-433.2613778994776,17.203572411431196,-0.7831663693985322,0,-433.0671154709959,-433.9725162718915,0.9054008008956204,2,0.1133740720297512,0.2497061022672442,-0.3003550109224414,-0.0253244543275986,-5.196236114558637,0.1129613856726084,0.0455459501031002,0.07345878771371872,0.08905377023131678,-0.015594982517598055,both_correct,-0.015594982517484299
135,519,259,response_tables/trial_00259_hard_negative_structure_obs-empirical_prior-axis_edge_orthogonal_rel1x.npz,hard_negative_structure,empirical,axis_edge_orthogonal,1.0,per_candidate,1.0,4,16,40,756,0,source_row:8857,-1,11,0.0641064643859863,0.7,0.01,time_varying,1.5,0.5,catalog_residual_profile,topk_logmeanexp,2,0.19,outputs/fixation_statistics_by_stimulus_all_sessions_after_review/backimage_image_disjoint_compact_basis_delta025_v1/image_disjoint_compact_basis_delta0p25_fold0of2.npz,10,0,source_row:8857,True,1.0,0.423314360572931,-431.129290346644,3,source_row:10765,False,3.0,-4.987952598344009,-450.4649503109088,3,source_row:10765,False,3.0,-0.3730644367672084,-435.12181564865375,3,source_row:10765,False,2.0,-0.0367903928163855,-433.6000924355679,0,source_row:8857,True,1.0,0.0123112567094949,-433.4621278990655,17.002822411843283,0.644118601911891,0,-433.2459452958777,-434.36146450794297,1.1155192120652373,2,0.0807658557098211,0.1464841203740191,0.0831108278787407,0.1147974741263799,-2.144532339033919,0.0688347536515232,0.0455459501031002,0.13796453650240892,0.08886288697652844,0.049101649525880475,rescued_by_residual,0.0491016495258804
136,520,260,response_tables/trial_00260_hard_negative_structure_obs-empirical_prior-axis_edge_parallel_rel2x.npz,hard_negative_structure,empirical,axis_edge_parallel,2.0,per_candidate,1.0,4,16,40,756,0,source_row:8857,-1,15,0.1214061230421066,0.7,0.01,time_varying,1.5,0.5,catalog_residual_profile,topk_logmeanexp,2,0.19,outputs/fixation_statistics_by_stimulus_all_sessions_after_review/backimage_image_disjoint_compact_basis_delta025_v1/image_disjoint_compact_basis_delta0p25_fold0of2.npz,10,0,source_row:8857,True,1.0,0.4733288831675963,-494.40464306282354,3,source_row:10765,False,3.0,-6.938077697093831,-528.5718082456981,0,source_row:8857,True,1.0,0.1865119479242025,-498.9607746963521,0,source_row:8857,True,1.0,0.1886987099571229,-497.4428952784714,0,source_row:8857,True,1.0,0.2678539284846124,-497.5224603792712,31.0493478664269,-0.7860117499968652,12,-497.2610324904648,-498.3208552898352,1.0598227993704086,2,0.115000405522638,-0.1189907342351241,-0.026497226697195,-0.0727439804661596,-0.8368185290651151,0.0697748140636288,0.0848528132967989,-0.07956510079981172,-0.15872031932730124,0.07915521852748952,both_correct,0.07915521852748952
137,521,260,response_tables/trial_00260_hard_negative_structure_obs-empirical_prior-axis_edge_orthogonal_rel2x.npz,hard_negative_structure,empirical,axis_edge_orthogonal,2.0,per_candidate,1.0,4,16,40,756,0,source_row:8857,-1,9,0.1173798665404319,0.7,0.01,time_varying,1.5,0.5,catalog_residual_profile,topk_logmeanexp,2,0.19,outputs/fixation_statistics_by_stimulus_all_sessions_after_review/backimage_image_disjoint_compact_basis_delta025_v1/image_disjoint_compact_basis_delta0p25_fold0of2.npz,10,0,source_row:8857,True,1.0,0.4733288831675963,-494.40464306282354,3,source_row:10765,False,3.0,-6.938077697093831,-528.5718082456981,1,source_row:3099,False,3.0,-0.0433730114011154,-499.4720956731391,0,source_row:8857,True,1.0,0.005393844723244,-497.79569396540205,0,source_row:8857,True,1.0,0.0448476094536545,-497.7617733759234,30.81003486977465,-0.9109861669044632,12,-497.4932322849672,-498.7778626709885,1.284630386021206,2,0.1147481962116836,-0.0755937582470641,-0.2216771761302864,-0.1486354671886753,-0.8287706489061255,0.0674900308587586,0.0848528132967989,0.03392058947866872,-0.005533175251798639,0.039453764730467356,both_correct,0.0394537647304105
138,522,261,response_tables/trial_00261_hard_negative_structure_obs-empirical_prior-axis_edge_parallel_rel0p5x.npz,hard_negative_structure,empirical,axis_edge_parallel,0.5,per_candidate,1.0,4,16,40,756,0,source_row:8859,-1,10,0.0314267352223396,0.7,0.01,time_varying,1.5,0.5,catalog_residual_profile,topk_logmeanexp,2,0.19,outputs/fixation_statistics_by_stimulus_all_sessions_after_review/backimage_image_disjoint_compact_basis_delta025_v1/image_disjoint_compact_basis_delta0p25_fold0of2.npz,10,0,source_row:8859,True,1.0,0.0,-405.7041966182492,0,source_row:8859,True,1.0,0.0,-416.0571559823934,3,source_row:8908,False,3.0,-0.1612001321792604,-408.77273996207583,3,source_row:8908,False,3.0,-0.1210283252559634,-407.0475603547404,3,source_row:8908,False,3.0,-0.1332860442614674,-406.9709733795772,9.086182602816224,-0.8947911972642272,8,-406.8199154339844,-407.40866972333134,0.5887542893469799,2,0.0552712068599155,-0.873403994985981,0.8243884150773866,-0.0245077899542972,-5.505201991513435,0.0561021315347507,0.0216704811696109,0.07658697516325219,0.08884469416875618,-0.012257719005503986,both_wrong,-0.012257719005504
139,523,261,response_tables/trial_00261_hard_negative_structure_obs-empirical_prior-axis_edge_orthogonal_rel0p5x.npz,hard_negative_structure,empirical,axis_edge_orthogonal,0.5,per_candidate,1.0,4,16,40,756,0,source_row:8859,-1,0,0.0163057558238506,0.7,0.01,time_varying,1.5,0.5,catalog_residual_profile,topk_logmeanexp,2,0.19,outputs/fixation_statistics_by_stimulus_all_sessions_after_review/backimage_image_disjoint_compact_basis_delta025_v1/image_disjoint_compact_basis_delta0p25_fold0of2.npz,10,0,source_row:8859,True,1.0,0.0,-405.7041966182492,0,source_row:8859,True,1.0,0.0,-416.0571559823934,0,source_row:8859,True,1.0,0.0,-407.7565549734771,0,source_row:8859,True,1.0,0.0,-406.0102560522142,0,source_row:8859,True,1.0,0.0,-406.1675083275259,9.889647654867474,0.9960671217378368,0,-405.9531017936796,-406.7962352353348,0.8431334416551977,2,0.0198645350931573,0.6051284971227652,0.4198394518950141,0.5124839745088896,0.1597283680688263,0.0209247343401125,0.0216704811696109,-0.15725227531174824,-0.15725227531174824,0.0,both_correct,0.0
140,524,262,response_tables/trial_00262_hard_negative_structure_obs-empirical_prior-axis_edge_parallel_rel1x.npz,hard_negative_structure,empirical,axis_edge_parallel,1.0,per_candidate,1.0,4,16,40,756,0,source_row:8859,-1,3,0.0611766502261161,0.7,0.01,time_varying,1.5,0.5,catalog_residual_profile,topk_logmeanexp,2,0.19,outputs/fixation_statistics_by_stimulus_all_sessions_after_review/backimage_image_disjoint_compact_basis_delta025_v1/image_disjoint_compact_basis_delta0p25_fold0of2.npz,10,0,source_row:8859,True,1.0,0.0,-472.2268461588052,0,source_row:8859,True,1.0,0.0,-492.5709197502967,3,source_row:8908,False,3.0,-0.1184372977937187,-476.1558984967611,3,source_row:8908,False,3.0,-0.1884536709887356,-474.4285097311701,3,source_row:8908,False,3.0,-0.0950185683532254,-474.3318779313385,18.239041818958185,-0.9340720487773062,13,-474.1124872304346,-474.9253860234421,0.8128987930074913,2,0.1499617737068166,0.873033134771066,-0.8042021323948312,0.0344155011881174,-10.971926357938305,0.1347683326068395,0.0433409623392218,0.09663179983158443,0.0031966971960173396,0.09343510263556709,both_wrong,0.0934351026355102
141,525,262,response_tables/trial_00262_hard_negative_structure_obs-empirical_prior-axis_edge_orthogonal_rel1x.npz,hard_negative_structure,empirical,axis_edge_orthogonal,1.0,per_candidate,1.0,4,16,40,756,0,source_row:8859,-1,10,0.0291230250149965,0.7,0.01,time_varying,1.5,0.5,catalog_residual_profile,topk_logmeanexp,2,0.19,outputs/fixation_statistics_by_stimulus_all_sessions_after_review/backimage_image_disjoint_compact_basis_delta025_v1/image_disjoint_compact_basis_delta0p25_fold0of2.npz,10,0,source_row:8859,True,1.0,0.0,-472.2268461588052,0,source_row:8859,True,1.0,0.0,-492.5709197502967,0,source_row:8859,True,1.0,0.0,-474.47148012576935,0,source_row:8859,True,1.0,0.0,-472.9394449852642,0,source_row:8859,True,1.0,0.0,-472.966601665074,19.6043180852227,0.987131996237942,8,-472.79483930587793,-473.6419969168997,0.8471576110217143,2,0.0272247752842124,0.9138058441471812,0.7616743668385463,0.8377401054928637,0.6054232355858472,0.052104559276979,0.0433409623392218,-0.027156679809820616,-0.027156679809820616,0.0,both_correct,0.0
142,526,263,response_tables/trial_00263_hard_negative_structure_obs-empirical_prior-axis_edge_parallel_rel2x.npz,hard_negative_structure,empirical,axis_edge_parallel,2.0,per_candidate,1.0,4,16,40,756,0,source_row:8859,-1,14,0.1237968802452087,0.7,0.01,time_varying,1.5,0.5,catalog_residual_profile,topk_logmeanexp,2,0.19,outputs/fixation_statistics_by_stimulus_all_sessions_after_review/backimage_image_disjoint_compact_basis_delta025_v1/image_disjoint_compact_basis_delta0p25_fold0of2.npz,10,0,source_row:8859,True,1.0,0.0,-536.6599352315693,0,source_row:8859,True,1.0,0.0,-571.6481727331484,0,source_row:8859,True,1.0,0.0,-542.0290990179072,0,source_row:8859,True,1.0,0.0,-540.2675412533722,2,source_row:8895,False,3.0,-0.0909154075695823,-539.5329396060533,32.11523312709505,-0.6676715488519999,9,-539.2938154744619,-540.2562097927919,0.9623943183299845,2,0.1542777672768998,-0.9544035966347202,0.8395598467276283,-0.0574218749535459,-2.3057818979351463,0.1498514707181918,0.0848528134051584,0.7346016473188683,0.8644992487789978,-0.1298976014601294,lost_by_residual,-0.0909154075695823
143,527,263,response_tables/trial_00263_hard_negative_structure_obs-empirical_prior-axis_edge_orthogonal_rel2x.npz,hard_negative_structure,empirical,axis_edge_orthogonal,2.0,per_candidate,1.0,4,16,40,756,0,source_row:8859,-1,9,0.0487194545567035,0.7,0.01,time_varying,1.5,0.5,catalog_residual_profile,topk_logmeanexp,2,0.19,outputs/fixation_statistics_by_stimulus_all_sessions_after_review/backimage_image_disjoint_compact_basis_delta025_v1/image_disjoint_compact_basis_delta0p25_fold0of2.npz,10,0,source_row:8859,True,1.0,0.0,-536.6599352315693,0,source_row:8859,True,1.0,0.0,-571.6481727331484,0,source_row:8859,True,1.0,0.0,-539.309912057491,0,source_row:8859,True,1.0,0.0,-538.1131843746218,0,source_row:8859,True,1.0,0.0,-538.0041473220487,33.64402541109973,0.9946340941574204,0,-537.8011125693963,-538.7656234140672,0.96451084467094,2,0.0500258328919766,0.957878869123632,0.8665342639190176,0.9122065665213248,0.6524188921628025,0.1128532607111075,0.0848528134051584,0.10903705257317142,0.10903705257317142,0.0,both_correct,0.0
144,528,264,response_tables/trial_00264_hard_negative_structure_obs-empirical_prior-axis_edge_parallel_rel0p5x.npz,hard_negative_structure,empirical,axis_edge_parallel,0.5,per_candidate,1.0,4,16,40,756,0,source_row:8878,-1,7,0.0181281082332134,0.7,0.01,time_varying,1.5,0.5,catalog_residual_profile,topk_logmeanexp,2,0.19,outputs/fixation_statistics_by_stimulus_all_sessions_after_review/backimage_image_disjoint_compact_basis_delta025_v1/image_disjoint_compact_basis_delta0p25_fold0of2.npz,10,0,source_row:8878,True,1.0,0.0,-304.7495956584541,0,source_row:8878,True,1.0,0.0,-305.7957303111283,0,source_row:8878,True,1.0,0.0,-305.8982332390448,0,source_row:8878,True,1.0,0.0,-305.18207364628114,0,source_row:8878,True,1.0,0.0,-305.1740457087165,0.6216846024117899,0.9967797787434955,5,-305.0434875726655,-305.64259744131647,0.5991098686509417,2,0.0262525156495713,-0.1458272978989627,0.1215050381114799,-0.0121611298937414,-4.949726616522171,0.0249943548206715,0.010762729384811,0.008027937564634158,0.008027937564634158,0.0,both_correct,0.0
145,529,264,response_tables/trial_00264_hard_negative_structure_obs-empirical_prior-axis_edge_orthogonal_rel0p5x.npz,hard_negative_structure,empirical,axis_edge_orthogonal,0.5,per_candidate,1.0,4,16,40,756,0,source_row:8878,-1,14,0.0193985607475042,0.7,0.01,time_varying,1.5,0.5,catalog_residual_profile,topk_logmeanexp,2,0.19,outputs/fixation_statistics_by_stimulus_all_sessions_after_review/backimage_image_disjoint_compact_basis_delta025_v1/image_disjoint_compact_basis_delta0p25_fold0of2.npz,10,0,source_row:8878,True,1.0,0.0,-304.7495956584541,0,source_row:8878,True,1.0,0.0,-305.7957303111283,0,source_row:8878,True,1.0,0.0,-306.1305651995425,0,source_row:8878,True,1.0,0.0,-305.20575037536,0,source_row:8878,True,1.0,0.0,-305.2650586631476,0.5306716479807392,0.9991143345147832,13,-305.0998686652149,-305.91966178921354,0.819793123998636,2,0.040979578915017,0.1143675367556338,0.0991764605298134,0.1067719986427236,-13.49740066724502,0.0402369738972003,0.010762729384811,-0.05930828778758723,-0.05930828778758723,0.0,both_correct,0.0
146,530,265,response_tables/trial_00265_hard_negative_structure_obs-empirical_prior-axis_edge_parallel_rel1x.npz,hard_negative_structure,empirical,axis_edge_parallel,1.0,per_candidate,1.0,4,16,40,756,0,source_row:8878,-1,6,0.0378577560186386,0.7,0.01,time_varying,1.5,0.5,catalog_residual_profile,topk_logmeanexp,2,0.19,outputs/fixation_statistics_by_stimulus_all_sessions_after_review/backimage_image_disjoint_compact_basis_delta025_v1/image_disjoint_compact_basis_delta0p25_fold0of2.npz,10,0,source_row:8878,True,1.0,0.0,-366.6541815937149,0,source_row:8878,True,1.0,0.0,-372.2038699023215,3,source_row:8908,False,3.0,-0.0416771965557813,-369.5839671654168,3,source_row:8908,False,2.0,-0.0345816473335958,-368.1465009683092,3,source_row:8908,False,3.0,-0.027557139089879,-368.2289496578305,3.974920244490932,-0.9939143721978172,0,-367.8374800018277,-368.8048321383094,0.9673521364816792,2,0.042925546757558,-0.1399797502834035,-0.2389557651604656,-0.1894677577219345,-2.976736712803379,0.0336040148162505,0.0215254587696221,-0.08244868952129991,-0.08947319776513041,0.007024508243830496,both_wrong,0.0070245082437167955
147,531,265,response_tables/trial_00265_hard_negative_structure_obs-empirical_prior-axis_edge_orthogonal_rel1x.npz,hard_negative_structure,empirical,axis_edge_orthogonal,1.0,per_candidate,1.0,4,16,40,756,0,source_row:8878,-1,6,0.0376366451382637,0.7,0.01,time_varying,1.5,0.5,catalog_residual_profile,topk_logmeanexp,2,0.19,outputs/fixation_statistics_by_stimulus_all_sessions_after_review/backimage_image_disjoint_compact_basis_delta025_v1/image_disjoint_compact_basis_delta0p25_fold0of2.npz,10,0,source_row:8878,True,1.0,0.0,-366.6541815937149,0,source_row:8878,True,1.0,0.0,-372.2038699023215,0,source_row:8878,True,1.0,0.0,-369.234372049133,2,source_row:8895,False,2.0,-0.0180173173357616,-367.9491138388028,2,source_row:8895,False,2.0,-0.0008935036920547,-367.8780889920732,4.325780910248227,0.9405422727470156,14,-367.6484988098563,-368.7565974416039,1.1080986317476231,2,0.0429727548046251,0.1201602781646749,0.1737611154244607,0.1469606967945678,-2.985488480447549,0.0385965653233218,0.0215254587696221,0.07102484672964238,0.05390103308582184,0.01712381364382054,both_wrong,0.017123813643706902
148,532,266,response_tables/trial_00266_hard_negative_structure_obs-empirical_prior-axis_edge_parallel_rel2x.npz,hard_negative_structure,empirical,axis_edge_parallel,2.0,per_candidate,1.0,4,16,40,756,0,source_row:8878,-1,6,0.0837006866931915,0.7,0.01,time_varying,1.5,0.5,catalog_residual_profile,topk_logmeanexp,2,0.19,outputs/fixation_statistics_by_stimulus_all_sessions_after_review/backimage_image_disjoint_compact_basis_delta025_v1/image_disjoint_compact_basis_delta0p25_fold0of2.npz,10,0,source_row:8878,True,1.0,0.0,-458.4414827793081,0,source_row:8878,True,1.0,0.0,-476.8698018144858,2,source_row:8895,False,3.0,-0.1043342717278505,-462.8692355716026,3,source_row:8908,False,3.0,-0.1500254294608112,-461.5110898566024,3,source_row:8908,False,3.0,-0.0506758215024092,-461.4380249601302,15.431776854355633,-0.8157532491976545,12,-461.25542144752205,-462.0628393371691,0.8074178896470698,2,0.0745488042888993,-0.0225116536700381,-0.252565951965739,-0.1375388028178886,-1.998586215516656,0.0521047184734465,0.0430509175392442,0.0730648964722036,-0.026284711486141532,0.09934960795834513,both_wrong,0.099349607958402
149,533,266,response_tables/trial_00266_hard_negative_structure_obs-empirical_prior-axis_edge_orthogonal_rel2x.npz,hard_negative_structure,empirical,axis_edge_orthogonal,2.0,per_candidate,1.0,4,16,40,756,0,source_row:8878,-1,6,0.0825742855668068,0.7,0.01,time_varying,1.5,0.5,catalog_residual_profile,topk_logmeanexp,2,0.19,outputs/fixation_statistics_by_stimulus_all_sessions_after_review/backimage_image_disjoint_compact_basis_delta025_v1/image_disjoint_compact_basis_delta0p25_fold0of2.npz,10,0,source_row:8878,True,1.0,0.0,-458.4414827793081,0,source_row:8878,True,1.0,0.0,-476.8698018144858,0,source_row:8878,True,1.0,0.0,-463.4416078260356,0,source_row:8878,True,1.0,0.0,-461.8570598417505,0,source_row:8878,True,1.0,0.0,-461.550646668512,15.319155145973866,0.958234271142122,6,-461.0953104444674,-462.4153426365856,1.3200321921181626,2,0.0840809200466073,-0.5479148904445358,-0.4507445650404147,-0.4993297277424752,-2.8144338400814424,0.0624667974530504,0.0430509175392442,0.3064131732385249,0.3064131732385249,0.0,both_correct,0.0
150,534,267,response_tables/trial_00267_hard_negative_structure_obs-empirical_prior-axis_edge_parallel_rel0p5x.npz,hard_negative_structure,empirical,axis_edge_parallel,0.5,per_candidate,1.0,4,16,40,756,0,source_row:8895,-1,13,0.0396978519856929,0.7,0.01,time_varying,1.5,0.5,catalog_residual_profile,topk_logmeanexp,2,0.19,outputs/fixation_statistics_by_stimulus_all_sessions_after_review/backimage_image_disjoint_compact_basis_delta025_v1/image_disjoint_compact_basis_delta0p25_fold0of2.npz,10,0,source_row:8895,True,1.0,0.1087623345913471,-431.1590783544875,3,source_row:8859,False,2.0,-0.2223080332386189,-445.50370011367903,1,source_row:8897,False,2.0,-0.0044125250439606,-435.929309469628,2,source_row:8908,False,2.0,-0.008539085700022,-434.14981053690326,1,source_row:8897,False,3.0,-0.0651151458684466,-434.2254649591469,11.278235154532185,-0.8405436114328874,8,-433.9494984490513,-435.3082422606003,1.358743811549061,2,0.0799848839231229,0.0794550871097703,0.5175932048992359,0.2985241460045031,-7.356642450405287,0.0824055170466051,0.0276689073119799,-0.0756544222436446,0.06735032028228716,-0.14300474252593176,both_wrong,-0.056576060168424605
151,535,267,response_tables/trial_00267_hard_negative_structure_obs-empirical_prior-axis_edge_orthogonal_rel0p5x.npz,hard_negative_structure,empirical,axis_edge_orthogonal,0.5,per_candidate,1.0,4,16,40,756,0,source_row:8895,-1,2,0.0422491244971752,0.7,0.01,time_varying,1.5,0.5,catalog_residual_profile,topk_logmeanexp,2,0.19,outputs/fixation_statistics_by_stimulus_all_sessions_after_review/backimage_image_disjoint_compact_basis_delta025_v1/image_disjoint_compact_basis_delta0p25_fold0of2.npz,10,0,source_row:8895,True,1.0,0.1087623345913471,-431.1590783544875,3,source_row:8859,False,2.0,-0.2223080332386189,-445.50370011367903,3,source_row:8859,False,2.0,-0.0230230223761509,-435.1179477497011,0,source_row:8895,True,1.0,0.0231650458510443,-433.4954423442222,0,source_row:8895,True,1.0,0.0094305553974436,-432.99993503144776,12.503765082231268,0.7261757010877828,15,-432.7089958815214,-433.6359569048009,0.9269610232794888,2,0.0871145123570449,-0.6025885445835119,-0.7222232238708387,-0.6624058842271753,-8.912815037287663,0.0688557740548065,0.0276689073119799,0.495507312774464,0.5092418032280648,-0.013734490453600756,both_correct,-0.013734490453600699
152,536,268,response_tables/trial_00268_hard_negative_structure_obs-empirical_prior-axis_edge_parallel_rel1x.npz,hard_negative_structure,empirical,axis_edge_parallel,1.0,per_candidate,1.0,4,16,40,756,0,source_row:8895,-1,8,0.0755360573530197,0.7,0.01,time_varying,1.5,0.5,catalog_residual_profile,topk_logmeanexp,2,0.19,outputs/fixation_statistics_by_stimulus_all_sessions_after_review/backimage_image_disjoint_compact_basis_delta025_v1/image_disjoint_compact_basis_delta0p25_fold0of2.npz,10,0,source_row:8895,True,1.0,0.105742754869027,-497.3792784154896,3,source_row:8859,False,2.0,-0.2503904139875885,-523.8380391861799,0,source_row:8895,True,1.0,6.490811978210331e-05,-502.5318889250676,2,source_row:8908,False,2.0,-0.0043418634692216,-500.07904245294895,0,source_row:8895,True,1.0,0.0055434212753198,-500.2265058623116,23.611533323868343,-0.6123095786376327,1,-499.757983820661,-501.3326331165434,1.5746492958824092,2,0.1084880672525336,0.4042471428571238,0.310662286299843,0.3574547145784834,-2.8434384983452445,0.1052351608664701,0.0553378146239598,-0.14746340936267188,-0.15236260638801014,0.004899197025338253,rescued_by_residual,0.009885284744541398
153,537,268,response_tables/trial_00268_hard_negative_structure_obs-empirical_prior-axis_edge_orthogonal_rel1x.npz,hard_negative_structure,empirical,axis_edge_orthogonal,1.0,per_candidate,1.0,4,16,40,756,0,source_row:8895,-1,5,0.049945943057537,0.7,0.01,time_varying,1.5,0.5,catalog_residual_profile,topk_logmeanexp,2,0.19,outputs/fixation_statistics_by_stimulus_all_sessions_after_review/backimage_image_disjoint_compact_basis_delta025_v1/image_disjoint_compact_basis_delta0p25_fold0of2.npz,10,0,source_row:8895,True,1.0,0.105742754869027,-497.3792784154896,3,source_row:8859,False,2.0,-0.2503904139875885,-523.8380391861799,0,source_row:8895,True,1.0,0.0021379601528792,-500.7990885687021,0,source_row:8895,True,1.0,0.0060405086539958,-499.0345788752025,0,source_row:8895,True,1.0,0.0144778620518195,-498.9643466606717,24.873692525508204,0.7200319220377072,5,-498.6820669595153,-499.8042916869911,1.122224727475782,2,0.0500469279802484,0.6312267868103805,0.7933031464911282,0.7122649666507543,0.1820799761022772,0.0557620347314855,0.0553378146239598,0.07023221453079032,0.061794861132966616,0.0084373533978237,both_correct,0.0084373533978237
154,538,269,response_tables/trial_00269_hard_negative_structure_obs-empirical_prior-axis_edge_parallel_rel2x.npz,hard_negative_structure,empirical,axis_edge_parallel,2.0,per_candidate,1.0,4,16,40,756,0,source_row:8895,-1,12,0.126081570982933,0.7,0.01,time_varying,1.5,0.5,catalog_residual_profile,topk_logmeanexp,2,0.19,outputs/fixation_statistics_by_stimulus_all_sessions_after_review/backimage_image_disjoint_compact_basis_delta025_v1/image_disjoint_compact_basis_delta0p25_fold0of2.npz,10,0,source_row:8895,True,1.0,0.1157054808792281,-555.8826944566163,3,source_row:8859,False,2.0,-0.2394083484355178,-595.8884923679609,3,source_row:8859,False,3.0,-0.1284624451232048,-563.748793744923,3,source_row:8859,False,2.0,-0.1884259217496264,-561.6959648191572,3,source_row:8859,False,2.0,-0.0694547782107974,-561.4523416445126,34.43615072344835,0.6883383839852059,5,-561.0994729304836,-562.4344805144896,1.3350075840060072,2,0.1451490713000658,0.4119635358081758,0.2690793349725095,0.3405214353903427,-1.9261461951436507,0.1341760674507919,0.084852814334909,0.24362317464465377,0.12465203110582479,0.11897114353882898,both_wrong,0.11897114353882901
155,539,269,response_tables/trial_00269_hard_negative_structure_obs-empirical_prior-axis_edge_orthogonal_rel2x.npz,hard_negative_structure,empirical,axis_edge_orthogonal,2.0,per_candidate,1.0,4,16,40,756,0,source_row:8895,-1,14,0.1327634006738662,0.7,0.01,time_varying,1.5,0.5,catalog_residual_profile,topk_logmeanexp,2,0.19,outputs/fixation_statistics_by_stimulus_all_sessions_after_review/backimage_image_disjoint_compact_basis_delta025_v1/image_disjoint_compact_basis_delta0p25_fold0of2.npz,10,0,source_row:8895,True,1.0,0.1157054808792281,-555.8826944566163,3,source_row:8859,False,2.0,-0.2394083484355178,-595.8884923679609,3,source_row:8859,False,3.0,-0.0825118438632444,-560.7195518500125,3,source_row:8859,False,3.0,-0.1219357475318929,-559.2873855551284,3,source_row:8859,False,4.0,-0.059474694034634,-559.1574034758112,36.73108889214973,0.4819407477415432,13,-558.8672177619878,-560.0765939273352,1.2093761653474076,2,0.1437840755409078,-0.3500405488368082,0.3778583057625104,0.0139088784628511,-1.8713694570033648,0.0952780719966012,0.084852814334909,0.12998207931718753,0.06752102581992858,0.062461053497258945,both_wrong,0.0624610534972589
156,540,270,response_tables/trial_00270_hard_negative_structure_obs-empirical_prior-axis_edge_parallel_rel0p5x.npz,hard_negative_structure,empirical,axis_edge_parallel,0.5,per_candidate,1.0,4,16,40,756,0,source_row:8897,-1,13,0.0241558644920587,0.7,0.01,time_varying,1.5,0.5,catalog_residual_profile,topk_logmeanexp,2,0.19,outputs/fixation_statistics_by_stimulus_all_sessions_after_review/backimage_image_disjoint_compact_basis_delta025_v1/image_disjoint_compact_basis_delta0p25_fold0of2.npz,10,0,source_row:8897,True,1.0,0.1018565066049745,-357.11951281119696,3,source_row:8859,False,3.0,-0.2760373390827908,-362.0536969060837,1,source_row:8895,False,4.0,-0.0810578558296128,-360.48014202426526,2,source_row:8908,False,3.0,-0.0593156481503456,-359.4760252568633,2,source_row:8908,False,4.0,-0.1034510894467644,-358.6948776844239,3.3588192216598145,-0.0151273472426699,13,-358.57766021011935,-359.1457762889438,0.5681160788244597,2,0.124143802619842,-0.5529439910338602,0.5694050263082191,0.0082305176371794,-40.14497016689637,0.1295260477916994,0.0193538186881252,0.7811475724394086,0.8252830137358842,-0.04413544129647562,both_wrong,-0.0441354412964188
157,541,270,response_tables/trial_00270_hard_negative_structure_obs-empirical_prior-axis_edge_orthogonal_rel0p5x.npz,hard_negative_structure,empirical,axis_edge_orthogonal,0.5,per_candidate,1.0,4,16,40,756,0,source_row:8897,-1,9,0.0248541329056024,0.7,0.01,time_varying,1.5,0.5,catalog_residual_profile,topk_logmeanexp,2,0.19,outputs/fixation_statistics_by_stimulus_all_sessions_after_review/backimage_image_disjoint_compact_basis_delta025_v1/image_disjoint_compact_basis_delta0p25_fold0of2.npz,10,0,source_row:8897,True,1.0,0.1018565066049745,-357.11951281119696,3,source_row:8859,False,3.0,-0.2760373390827908,-362.0536969060837,3,source_row:8859,False,3.0,-0.0813205755323451,-359.29804543869267,1,source_row:8895,False,3.0,-0.0165880821102177,-358.09701504728844,1,source_row:8895,False,3.0,-0.0229126194932973,-358.0289471074154,4.024749798668324,0.7503600504050275,13,-357.8594367826953,-358.6699294941929,0.8104927114975453,2,0.0456273156197675,0.3284965103371371,0.2768829278528438,0.3026897190949904,-4.557973877859852,0.0453260594980551,0.0193538186881252,0.06806793987306037,0.07439247725613995,-0.006324537383079587,both_wrong,-0.006324537383079601
158,542,271,response_tables/trial_00271_hard_negative_structure_obs-empirical_prior-axis_edge_parallel_rel1x.npz,hard_negative_structure,empirical,axis_edge_parallel,1.0,per_candidate,1.0,4,16,40,756,0,source_row:8897,-1,11,0.0444878749549388,0.7,0.01,time_varying,1.5,0.5,catalog_residual_profile,topk_logmeanexp,2,0.19,outputs/fixation_statistics_by_stimulus_all_sessions_after_review/backimage_image_disjoint_compact_basis_delta025_v1/image_disjoint_compact_basis_delta0p25_fold0of2.npz,10,0,source_row:8897,True,1.0,0.1380921883372252,-443.5735005101066,3,source_row:8859,False,3.0,-0.4622562231387519,-459.8943695779338,2,source_row:8908,False,3.0,-0.025369280038376,-447.5907924934573,1,source_row:8895,False,4.0,-0.0275661760118168,-445.9956165315086,0,source_row:8897,True,1.0,0.0039053846999195,-445.72635002477006,14.168019553163788,-0.8386457083703087,0,-445.4913442612743,-446.3072488560726,0.815904594798269,2,0.1150276425614863,0.4444713561059837,-0.5843512110087493,-0.0699399274513827,-7.831024930775969,0.0937863410087202,0.0387076373762505,0.2692665067385178,0.24360117708243934,0.025665329656078484,rescued_by_residual,0.0314715607117363
159,543,271,response_tables/trial_00271_hard_negative_structure_obs-empirical_prior-axis_edge_orthogonal_rel1x.npz,hard_negative_structure,empirical,axis_edge_orthogonal,1.0,per_candidate,1.0,4,16,40,756,0,source_row:8897,-1,11,0.0482677742838859,0.7,0.01,time_varying,1.5,0.5,catalog_residual_profile,topk_logmeanexp,2,0.19,outputs/fixation_statistics_by_stimulus_all_sessions_after_review/backimage_image_disjoint_compact_basis_delta025_v1/image_disjoint_compact_basis_delta0p25_fold0of2.npz,10,0,source_row:8897,True,1.0,0.1380921883372252,-443.5735005101066,3,source_row:8859,False,3.0,-0.4622562231387519,-459.8943695779338,3,source_row:8859,False,2.0,-0.0235265826968316,-446.2334962823027,0,source_row:8897,True,1.0,0.0326001582720891,-445.3528733359004,0,source_row:8897,True,1.0,0.0200928123774133,-444.9169603384215,14.977409239512326,0.712641188013992,11,-444.7186301523956,-445.3957489558883,0.6771188034927036,2,0.070653431509772,-0.1307586555935211,0.0181044281443282,-0.0563271137245964,-2.3317560236720194,0.0561070715477915,0.0387076373762505,0.43591299747890844,0.4484203433736411,-0.01250734589473268,both_correct,-0.012507345894675798
160,544,272,response_tables/trial_00272_hard_negative_structure_obs-empirical_prior-axis_edge_parallel_rel2x.npz,hard_negative_structure,empirical,axis_edge_parallel,2.0,per_candidate,1.0,4,16,40,756,0,source_row:8897,-1,3,0.0878509506583213,0.7,0.01,time_varying,1.5,0.5,catalog_residual_profile,topk_logmeanexp,2,0.19,outputs/fixation_statistics_by_stimulus_all_sessions_after_review/backimage_image_disjoint_compact_basis_delta025_v1/image_disjoint_compact_basis_delta0p25_fold0of2.npz,10,0,source_row:8897,True,1.0,0.1650060650817977,-546.5240830532614,3,source_row:8859,False,3.0,-0.5469728687530733,-584.691570616973,3,source_row:8859,False,4.0,-0.1890305561320246,-552.864995422861,3,source_row:8859,False,3.0,-0.2545178572923987,-551.0855405498731,3,source_row:8859,False,2.0,-0.0150857092185106,-549.863817436562,34.82775318041092,0.3328485275895949,0,-549.6205243583611,-550.5371043543748,0.916579996013752,2,0.1142115810250593,-0.7543065003847971,0.8522867162731671,0.048990107944185,-1.1765415791794016,0.1408629267409446,0.0774152747525011,1.2217231133111,0.9822909652372118,0.23943214807388813,both_wrong,0.23943214807388807
161,545,272,response_tables/trial_00272_hard_negative_structure_obs-empirical_prior-axis_edge_orthogonal_rel2x.npz,hard_negative_structure,empirical,axis_edge_orthogonal,2.0,per_candidate,1.0,4,16,40,756,0,source_row:8897,-1,6,0.0919842794537544,0.7,0.01,time_varying,1.5,0.5,catalog_residual_profile,topk_logmeanexp,2,0.19,outputs/fixation_statistics_by_stimulus_all_sessions_after_review/backimage_image_disjoint_compact_basis_delta025_v1/image_disjoint_compact_basis_delta0p25_fold0of2.npz,10,0,source_row:8897,True,1.0,0.1650060650817977,-546.5240830532614,3,source_row:8859,False,3.0,-0.5469728687530733,-584.691570616973,3,source_row:8859,False,3.0,-0.0388407278721842,-550.9532708723216,0,source_row:8897,True,1.0,0.0171955055722037,-549.732186981634,0,source_row:8897,True,1.0,0.0198253466414826,-549.2916143151843,35.39995630178862,0.5203149907371588,7,-549.1247704749915,-549.7906840765792,0.6659136015877039,2,0.1250993845876457,0.0505644445383921,-0.2310459257025372,-0.0902407405820725,-1.611301556007899,0.0987551099764351,0.0774152747525011,0.44057266644961146,0.4586206785907052,-0.01804801214109375,both_correct,0.0026298410692788994
162,546,273,response_tables/trial_00273_hard_negative_structure_obs-empirical_prior-axis_edge_parallel_rel0p5x.npz,hard_negative_structure,empirical,axis_edge_parallel,0.5,per_candidate,1.0,4,16,40,756,0,source_row:8908,-1,5,0.0133932586759328,0.7,0.01,time_varying,1.5,0.5,catalog_residual_profile,topk_logmeanexp,2,0.19,outputs/fixation_statistics_by_stimulus_all_sessions_after_review/backimage_image_disjoint_compact_basis_delta025_v1/image_disjoint_compact_basis_delta0p25_fold0of2.npz,10,0,source_row:8908,True,1.0,0.0948308737776528,-290.5907794842258,3,source_row:8859,False,3.0,-0.0711183968301156,-291.3015420290416,0,source_row:8908,True,1.0,0.0469707068415345,-291.5364921440212,0,source_row:8908,True,1.0,0.0760207417928882,-290.8141125933982,0,source_row:8908,True,1.0,0.0597821551613151,-290.8913106069133,0.4102314221282768,-0.3674394495881581,5,-290.74668079601435,-291.42054656871795,0.673865772703607,2,0.0239934682306944,0.2363237180533575,0.5814221739421286,0.4088729459977431,-3.361653808373112,0.0279576900044648,0.0114886085849111,-0.07719801351510114,-0.06095942688358491,-0.016238586631516227,both_correct,-0.016238586631573106
163,547,273,response_tables/trial_00273_hard_negative_structure_obs-empirical_prior-axis_edge_orthogonal_rel0p5x.npz,hard_negative_structure,empirical,axis_edge_orthogonal,0.5,per_candidate,1.0,4,16,40,756,0,source_row:8908,-1,1,0.0208683740347623,0.7,0.01,time_varying,1.5,0.5,catalog_residual_profile,topk_logmeanexp,2,0.19,outputs/fixation_statistics_by_stimulus_all_sessions_after_review/backimage_image_disjoint_compact_basis_delta025_v1/image_disjoint_compact_basis_delta0p25_fold0of2.npz,10,0,source_row:8908,True,1.0,0.0948308737776528,-290.5907794842258,3,source_row:8859,False,3.0,-0.0711183968301156,-291.3015420290416,0,source_row:8908,True,1.0,0.0135917724506384,-292.1598999162312,2,source_row:8895,False,3.0,-0.0125520785460935,-290.95398462061473,1,source_row:8897,False,3.0,-0.0161527750030359,-291.1314819351946,0.1700600938470415,-0.6659743950543587,0,-290.9201863041453,-291.9557848578603,1.0355985537149763,2,0.0181420913109498,0.2339078268047585,-0.3591908088813333,-0.0626414910382874,-1.4936748787486094,0.0146475958195837,0.0114886085849111,-0.17749731457985263,-0.16614948384682293,-0.011347830733029696,both_wrong,-0.0036006964569423993
164,548,274,response_tables/trial_00274_hard_negative_structure_obs-empirical_prior-axis_edge_parallel_rel1x.npz,hard_negative_structure,empirical,axis_edge_parallel,1.0,per_candidate,1.0,4,16,40,756,0,source_row:8908,-1,1,0.0260815508663654,0.7,0.01,time_varying,1.5,0.5,catalog_residual_profile,topk_logmeanexp,2,0.19,outputs/fixation_statistics_by_stimulus_all_sessions_after_review/backimage_image_disjoint_compact_basis_delta025_v1/image_disjoint_compact_basis_delta0p25_fold0of2.npz,10,0,source_row:8908,True,1.0,0.0834829482427039,-355.01944227260674,3,source_row:8859,False,4.0,-0.4098705819541806,-360.0808077299579,0,source_row:8908,True,1.0,0.0439093286602769,-356.6918230685551,0,source_row:8908,True,1.0,0.0313488521491081,-355.7762169872607,0,source_row:8908,True,1.0,0.032261829317747,-355.7727170295296,4.308090700428295,-0.8767333520219922,2,-355.6735847708246,-356.1906176936276,0.5170329228029118,2,0.0626568023196009,0.2445765246310331,0.8450952069485353,0.5448358657897843,-6.4360379219078,0.0776625195195477,0.0229772171698222,0.0034999577310941277,0.00258698056245521,0.0009129771686389176,both_correct,0.0009129771686389038
165,549,274,response_tables/trial_00274_hard_negative_structure_obs-empirical_prior-axis_edge_orthogonal_rel1x.npz,hard_negative_structure,empirical,axis_edge_orthogonal,1.0,per_candidate,1.0,4,16,40,756,0,source_row:8908,-1,7,0.0396230556070804,0.7,0.01,time_varying,1.5,0.5,catalog_residual_profile,topk_logmeanexp,2,0.19,outputs/fixation_statistics_by_stimulus_all_sessions_after_review/backimage_image_disjoint_compact_basis_delta025_v1/image_disjoint_compact_basis_delta0p25_fold0of2.npz,10,0,source_row:8908,True,1.0,0.0834829482427039,-355.01944227260674,3,source_row:8859,False,4.0,-0.4098705819541806,-360.0808077299579,2,source_row:8895,False,4.0,-0.0686988951487137,-357.2869878664917,2,source_row:8895,False,4.0,-0.0825804809633155,-355.82317802287747,2,source_row:8895,False,4.0,-0.0855087575830566,-356.01144426244366,4.069363467514222,0.5791859090619748,2,-355.76003731380285,-356.8639056647011,1.1038683508982672,2,0.0327324585054713,-0.1878646341050277,-0.0064751602367578,-0.0971698971708927,-1.029375411260513,0.0215399229916243,0.0229772171698222,-0.1882662395661896,-0.18533796294644844,-0.0029282766197411547,both_wrong,-0.002928276619741099
166,550,275,response_tables/trial_00275_hard_negative_structure_obs-empirical_prior-axis_edge_parallel_rel2x.npz,hard_negative_structure,empirical,axis_edge_parallel,2.0,per_candidate,1.0,4,16,40,756,0,source_row:8908,-1,5,0.0535730347037315,0.7,0.01,time_varying,1.5,0.5,catalog_residual_profile,topk_logmeanexp,2,0.19,outputs/fixation_statistics_by_stimulus_all_sessions_after_review/backimage_image_disjoint_compact_basis_delta025_v1/image_disjoint_compact_basis_delta0p25_fold0of2.npz,10,0,source_row:8908,True,1.0,0.1157977089627593,-465.8944033887112,3,source_row:8859,False,4.0,-0.9707745670590952,-487.24212547138046,0,source_row:8908,True,1.0,0.0192358935834136,-469.1791429945953,1,source_row:8897,False,2.0,-0.0023812852324454,-467.8791508908329,0,source_row:8908,True,1.0,0.014781126906314,-467.76559212063705,19.47653335074341,-0.8231831798776648,6,-467.5347281531965,-468.4643813224744,0.9296531692778558,2,0.0849890466588347,-0.3978914578684764,-0.0983592743110403,-0.2481253660897584,-2.4203540709792666,0.0665548458021107,0.0459544343396445,0.11355877019582294,0.09639635805712032,0.01716241213870262,rescued_by_residual,0.0171624121387594
167,551,275,response_tables/trial_00275_hard_negative_structure_obs-empirical_prior-axis_edge_orthogonal_rel2x.npz,hard_negative_structure,empirical,axis_edge_orthogonal,2.0,per_candidate,1.0,4,16,40,756,0,source_row:8908,-1,11,0.0788477063179016,0.7,0.01,time_varying,1.5,0.5,catalog_residual_profile,topk_logmeanexp,2,0.19,outputs/fixation_statistics_by_stimulus_all_sessions_after_review/backimage_image_disjoint_compact_basis_delta025_v1/image_disjoint_compact_basis_delta0p25_fold0of2.npz,10,0,source_row:8908,True,1.0,0.1157977089627593,-465.8944033887112,3,source_row:8859,False,4.0,-0.9707745670590952,-487.24212547138046,3,source_row:8859,False,3.0,-0.026615787308458,-469.8062401114785,2,source_row:8895,False,4.0,-0.04313036102576,-468.5240174274644,3,source_row:8859,False,3.0,-0.0529688227008477,-468.4688909544922,18.77323451688824,0.7391196961645152,8,-468.2971517832631,-469.0880634559976,0.7909116727345236,2,0.0678192980978369,-0.5305476383778883,0.1116606963621626,-0.2094434710078628,-1.177969190985983,0.0409263570363813,0.0459544343396445,0.05512647297217654,0.08578041303849204,-0.0306539400663155,both_wrong,-0.0098384616750877
168,552,276,response_tables/trial_00276_hard_negative_structure_obs-empirical_prior-axis_edge_parallel_rel0p5x.npz,hard_negative_structure,empirical,axis_edge_parallel,0.5,per_candidate,1.0,4,16,40,756,0,source_row:8933,-1,8,0.02233955450356,0.7,0.01,time_varying,1.5,0.5,catalog_residual_profile,topk_logmeanexp,2,0.19,outputs/fixation_statistics_by_stimulus_all_sessions_after_review/backimage_image_disjoint_compact_basis_delta025_v1/image_disjoint_compact_basis_delta0p25_fold0of2.npz,10,0,source_row:8933,True,1.0,1.0345797914513923,-354.57777262817183,0,source_row:8933,True,1.0,0.8084477111649448,-355.8155805519366,0,source_row:8933,True,1.0,0.6886464617092543,-355.8277965902046,0,source_row:8933,True,1.0,0.5455585381479295,-355.269121430768,0,source_row:8933,True,1.0,0.5892073535426334,-355.2442427448975,0.5713378070390718,0.9444647913425858,15,-355.1462146849981,-355.6357873204215,0.4895726354234284,2,0.0495764447867013,0.0842880372393947,-0.2958158927915548,-0.10576392777608,-5.880760473152953,0.0460533148941037,0.01889979787515,0.024878685870476147,-0.018770129524170898,0.043648815394647045,both_correct,0.04364881539470389
169,553,276,response_tables/trial_00276_hard_negative_structure_obs-empirical_prior-axis_edge_orthogonal_rel0p5x.npz,hard_negative_structure,empirical,axis_edge_orthogonal,0.5,per_candidate,1.0,4,16,40,756,0,source_row:8933,-1,13,0.0272027160972356,0.7,0.01,time_varying,1.5,0.5,catalog_residual_profile,topk_logmeanexp,2,0.19,outputs/fixation_statistics_by_stimulus_all_sessions_after_review/backimage_image_disjoint_compact_basis_delta025_v1/image_disjoint_compact_basis_delta0p25_fold0of2.npz,10,0,source_row:8933,True,1.0,1.0345797914513923,-354.57777262817183,0,source_row:8933,True,1.0,0.8084477111649448,-355.8155805519366,0,source_row:8933,True,1.0,0.5838468931353873,-356.0309446040867,0,source_row:8933,True,1.0,0.5369521227102041,-355.26760092563984,0,source_row:8933,True,1.0,0.5507177153037333,-355.29445070260306,0.5211298493335335,0.9266816024417376,9,-355.1423808572191,-355.8673204326738,0.7249395754546981,2,0.0368707198689209,-0.5445141229326544,0.5483913642410082,0.0019386206541768,-2.805825876156762,0.0358370199266614,0.01889979787515,-0.026849776963217664,-0.04061536955674683,0.013765592593529163,both_correct,0.013765592593529163
170,554,277,response_tables/trial_00277_hard_negative_structure_obs-empirical_prior-axis_edge_parallel_rel1x.npz,hard_negative_structure,empirical,axis_edge_parallel,1.0,per_candidate,1.0,4,16,40,756,0,source_row:8933,-1,10,0.0446791090071201,0.7,0.01,time_varying,1.5,0.5,catalog_residual_profile,topk_logmeanexp,2,0.19,outputs/fixation_statistics_by_stimulus_all_sessions_after_review/backimage_image_disjoint_compact_basis_delta025_v1/image_disjoint_compact_basis_delta0p25_fold0of2.npz,10,0,source_row:8933,True,1.0,1.481014475250788,-462.2846210900596,0,source_row:8933,True,1.0,1.6935207607742768,-471.907522476998,0,source_row:8933,True,1.0,1.2312641044260886,-465.8584013330824,0,source_row:8933,True,1.0,1.225006778733757,-464.6000730536071,0,source_row:8933,True,1.0,1.1530763555807084,-464.2846711983899,7.622851278608095,0.6657428589170521,10,-464.1381634776016,-464.6709256664282,0.5327621888266663,2,0.0943884764775499,0.8188004392637571,0.4944250862374937,0.6566127627506254,-5.235390283184695,0.1125500529979523,0.0377995957503001,0.3154018552172033,0.3873322783701951,-0.07193042315299181,both_correct,-0.07193042315304865
171,555,277,response_tables/trial_00277_hard_negative_structure_obs-empirical_prior-axis_edge_orthogonal_rel1x.npz,hard_negative_structure,empirical,axis_edge_orthogonal,1.0,per_candidate,1.0,4,16,40,756,0,source_row:8933,-1,2,0.0527871288359165,0.7,0.01,time_varying,1.5,0.5,catalog_residual_profile,topk_logmeanexp,2,0.19,outputs/fixation_statistics_by_stimulus_all_sessions_after_review/backimage_image_disjoint_compact_basis_delta025_v1/image_disjoint_compact_basis_delta0p25_fold0of2.npz,10,0,source_row:8933,True,1.0,1.481014475250788,-462.2846210900596,0,source_row:8933,True,1.0,1.6935207607742768,-471.907522476998,0,source_row:8933,True,1.0,0.5944298204569236,-465.909527062799,0,source_row:8933,True,1.0,0.5467377028436431,-464.8651057061171,0,source_row:8933,True,1.0,0.5417307899160164,-464.4713113341209,7.4362111428770845,0.9138627624813496,13,-464.1928394452473,-465.2220009001573,1.0291614549100243,2,0.0839009763949141,0.1193362143083724,-0.2965885399261646,-0.088626162808896,-3.926740857414696,0.0687066996440567,0.0377995957503001,0.3937943719961936,0.39880128492393396,-0.005006912927740359,both_correct,-0.005006912927626672
172,556,278,response_tables/trial_00278_hard_negative_structure_obs-empirical_prior-axis_edge_parallel_rel2x.npz,hard_negative_structure,empirical,axis_edge_parallel,2.0,per_candidate,1.0,4,16,40,756,0,source_row:8933,-1,13,0.0904382020235061,0.7,0.01,time_varying,1.5,0.5,catalog_residual_profile,topk_logmeanexp,2,0.19,outputs/fixation_statistics_by_stimulus_all_sessions_after_review/backimage_image_disjoint_compact_basis_delta025_v1/image_disjoint_compact_basis_delta0p25_fold0of2.npz,10,0,source_row:8933,True,1.0,1.927232553300314,-561.7590761093023,0,source_row:8933,True,1.0,3.066946395876357,-588.7477063336014,0,source_row:8933,True,1.0,0.9632300106444518,-568.1018974175716,0,source_row:8933,True,1.0,1.8171778867638293,-565.9621106401239,0,source_row:8933,True,1.0,1.3697252042692298,-566.408586071,22.33912026260145,0.8155987382644643,7,-565.7350995968033,-567.652152913818,1.9170533170147337,2,0.1523927749080491,-0.459720506638726,-0.3401222727231042,-0.3999213896809151,-3.0634456233506366,0.1064191213292181,0.0755991915006002,-0.4464754308760348,0.0009772516185648783,-0.4474526824945997,both_correct,-0.44745268249459946
173,557,278,response_tables/trial_00278_hard_negative_structure_obs-empirical_prior-axis_edge_orthogonal_rel2x.npz,hard_negative_structure,empirical,axis_edge_orthogonal,2.0,per_candidate,1.0,4,16,40,756,0,source_row:8933,-1,0,0.1049389317631721,0.7,0.01,time_varying,1.5,0.5,catalog_residual_profile,topk_logmeanexp,2,0.19,outputs/fixation_statistics_by_stimulus_all_sessions_after_review/backimage_image_disjoint_compact_basis_delta025_v1/image_disjoint_compact_basis_delta0p25_fold0of2.npz,10,0,source_row:8933,True,1.0,1.927232553300314,-561.7590761093023,0,source_row:8933,True,1.0,3.066946395876357,-588.7477063336014,1,source_row:10726,False,2.0,-0.0770552523232481,-567.7433121730794,1,source_row:10726,False,2.0,-0.2351149664357308,-566.284023944695,0,source_row:8933,True,1.0,0.1215452447376037,-566.0509108032031,22.69679553039828,0.85809957731864,5,-565.8168280736852,-567.0065453097225,1.189717236037268,2,0.1218258993401673,-0.7137650295533502,0.4884826756847559,-0.1126411769342971,-1.5968385542040853,0.1100003231918256,0.0755991915006002,0.23311314149191276,-0.12354706968142182,0.3566602111733346,rescued_by_residual,0.35666021117333446
174,558,279,response_tables/trial_00279_hard_negative_structure_obs-empirical_prior-axis_edge_parallel_rel0p5x.npz,hard_negative_structure,empirical,axis_edge_parallel,0.5,per_candidate,1.0,4,16,40,756,0,source_row:8991,-1,10,0.0213070251047611,0.7,0.01,time_varying,1.5,0.5,catalog_residual_profile,topk_logmeanexp,2,0.19,outputs/fixation_statistics_by_stimulus_all_sessions_after_review/backimage_image_disjoint_compact_basis_delta025_v1/image_disjoint_compact_basis_delta0p25_fold0of2.npz,10,0,source_row:8991,True,1.0,1.5038128470716288,-287.36682252424805,0,source_row:8991,True,1.0,1.3779451024635705,-288.4136563588679,0,source_row:8991,True,1.0,1.2010950706076071,-288.3922415583929,0,source_row:8991,True,1.0,1.1615526586194846,-287.9764460069558,0,source_row:8991,True,1.0,1.2133071964047415,-287.93682943908533,0.4768269197825816,0.9879257149605312,2,-287.8635774942504,-288.19836189025267,0.3347843960022487,2,0.0609006478872077,-0.074412311118086,0.0656828262598889,-0.0043647424290985,-18.382915397001515,0.0593884404566886,0.013832872143463,0.039616567870496056,-0.012137969914761015,0.05175453778525707,both_correct,0.05175453778525685
175,559,279,response_tables/trial_00279_hard_negative_structure_obs-empirical_prior-axis_edge_orthogonal_rel0p5x.npz,hard_negative_structure,empirical,axis_edge_orthogonal,0.5,per_candidate,1.0,4,16,40,756,0,source_row:8991,-1,8,0.0190260093659162,0.7,0.01,time_varying,1.5,0.5,catalog_residual_profile,topk_logmeanexp,2,0.19,outputs/fixation_statistics_by_stimulus_all_sessions_after_review/backimage_image_disjoint_compact_basis_delta025_v1/image_disjoint_compact_basis_delta0p25_fold0of2.npz,10,0,source_row:8991,True,1.0,1.5038128470716288,-287.36682252424805,0,source_row:8991,True,1.0,1.3779451024635705,-288.4136563588679,0,source_row:8991,True,1.0,1.0338677740515436,-288.56064113842973,0,source_row:8991,True,1.0,1.2817691373952584,-287.7665885008007,0,source_row:8991,True,1.0,1.1462120192306884,-287.888690938301,0.5249654205669003,0.97335360265334,8,-287.68831598301784,-288.46541475060405,0.7770987675862102,2,0.0243066519501881,0.4480756597111714,0.0991402127552268,0.2736079362331991,-2.087632183204826,0.0250001462826398,0.013832872143463,-0.12210243750030259,0.013454680664324314,-0.1355571181646269,both_correct,-0.13555711816457006
176,560,280,response_tables/trial_00280_hard_negative_structure_obs-empirical_prior-axis_edge_parallel_rel1x.npz,hard_negative_structure,empirical,axis_edge_parallel,1.0,per_candidate,1.0,4,16,40,756,0,source_row:8991,-1,0,0.046071421355009,0.7,0.01,time_varying,1.5,0.5,catalog_residual_profile,topk_logmeanexp,2,0.19,outputs/fixation_statistics_by_stimulus_all_sessions_after_review/backimage_image_disjoint_compact_basis_delta025_v1/image_disjoint_compact_basis_delta0p25_fold0of2.npz,10,0,source_row:8991,True,1.0,1.549874865874756,-347.1042776489278,1,source_row:1918,False,2.0,-1.5953080822743004,-352.880606768926,0,source_row:8991,True,1.0,1.0095671171480376,-349.8053870535475,0,source_row:8991,True,1.0,0.927347415793406,-348.6943353507371,0,source_row:8991,True,1.0,0.7792216364414344,-348.5143177388536,4.366289030072323,0.0990935899312856,3,-348.4559212224868,-348.7312387225616,0.2753175000748342,2,0.0931373246826018,-0.0732740232245591,-0.1981799840616068,-0.135727003643083,-10.333467430303774,0.0861971468455006,0.0276657442869261,0.18001761188349974,0.3281433912354714,-0.1481257793519717,both_correct,-0.14812577935197158
177,561,280,response_tables/trial_00280_hard_negative_structure_obs-empirical_prior-axis_edge_orthogonal_rel1x.npz,hard_negative_structure,empirical,axis_edge_orthogonal,1.0,per_candidate,1.0,4,16,40,756,0,source_row:8991,-1,2,0.0380520187318325,0.7,0.01,time_varying,1.5,0.5,catalog_residual_profile,topk_logmeanexp,2,0.19,outputs/fixation_statistics_by_stimulus_all_sessions_after_review/backimage_image_disjoint_compact_basis_delta025_v1/image_disjoint_compact_basis_delta0p25_fold0of2.npz,10,0,source_row:8991,True,1.0,1.549874865874756,-347.1042776489278,1,source_row:1918,False,2.0,-1.5953080822743004,-352.880606768926,0,source_row:8991,True,1.0,0.8617143007901973,-349.27523406925945,0,source_row:8991,True,1.0,1.4431216186462166,-348.14862096535387,0,source_row:8991,True,1.0,0.9106184787508482,-348.11462590581675,4.765980863109178,-0.1931630027722668,2,-347.9158671430345,-348.78843639358075,0.8725692505462348,2,0.0402258802195918,0.3709837787490833,0.2260404619954317,0.2985121203722575,-1.1141042302543975,0.039359427183301,0.0276657442869261,0.03399505953711923,0.5664981994324876,-0.5325031398953683,both_correct,-0.5325031398953683
178,562,281,response_tables/trial_00281_hard_negative_structure_obs-empirical_prior-axis_edge_parallel_rel2x.npz,hard_negative_structure,empirical,axis_edge_parallel,2.0,per_candidate,1.0,4,16,40,756,0,source_row:8991,-1,11,0.0861567482352256,0.7,0.01,time_varying,1.5,0.5,catalog_residual_profile,topk_logmeanexp,2,0.19,outputs/fixation_statistics_by_stimulus_all_sessions_after_review/backimage_image_disjoint_compact_basis_delta025_v1/image_disjoint_compact_basis_delta0p25_fold0of2.npz,10,0,source_row:8991,True,1.0,1.9939837692792253,-475.2826941061591,1,source_row:1918,False,3.0,-11.564483574069357,-502.4952173612385,1,source_row:1918,False,2.0,-3.003282997700751,-485.3135419512751,1,source_row:1918,False,2.0,-2.5259014726601663,-483.7877009902146,0,source_row:8991,True,1.0,1.4340334887126005,-479.3918996103887,23.103317750849783,0.0975219982418779,4,-479.28396835463553,-479.84245128969457,0.5584829350590326,2,0.3632139394325134,0.2561104287452943,-0.01423802428651,0.1209362022293921,-42.09037829443131,0.3640761966443276,0.0553314885738523,4.395801379825912,0.43586641845308804,3.9599349613728236,rescued_by_residual,3.959934961372767
179,563,281,response_tables/trial_00281_hard_negative_structure_obs-empirical_prior-axis_edge_orthogonal_rel2x.npz,hard_negative_structure,empirical,axis_edge_orthogonal,2.0,per_candidate,1.0,4,16,40,756,0,source_row:8991,-1,1,0.0916466563940048,0.7,0.01,time_varying,1.5,0.5,catalog_residual_profile,topk_logmeanexp,2,0.19,outputs/fixation_statistics_by_stimulus_all_sessions_after_review/backimage_image_disjoint_compact_basis_delta025_v1/image_disjoint_compact_basis_delta0p25_fold0of2.npz,10,0,source_row:8991,True,1.0,1.9939837692792253,-475.2826941061591,1,source_row:1918,False,3.0,-11.564483574069357,-502.4952173612385,0,source_row:8991,True,1.0,2.026027043108229,-480.2637749582849,0,source_row:8991,True,1.0,1.5024240493597176,-479.10423465283486,0,source_row:8991,True,1.0,1.104133507337508,-477.7924313312856,24.702786029952904,-0.5841240007832996,4,-477.6097462660351,-478.2408930488929,0.6311467828578543,2,0.1591953390082232,0.1724435600176292,-0.0338498767461512,0.0692968416357389,-7.277820181044596,0.1551437662043686,0.0553314885738523,1.3118033215492346,1.710093863571501,-0.39829054202226644,both_correct,-0.3982905420222096
180,564,282,response_tables/trial_00282_hard_negative_structure_obs-empirical_prior-axis_edge_parallel_rel0p5x.npz,hard_negative_structure,empirical,axis_edge_parallel,0.5,per_candidate,1.0,4,16,40,756,0,source_row:9005,-1,10,0.0175198856741189,0.7,0.01,time_varying,1.5,0.5,catalog_residual_profile,topk_logmeanexp,2,0.19,outputs/fixation_statistics_by_stimulus_all_sessions_after_review/backimage_image_disjoint_compact_basis_delta025_v1/image_disjoint_compact_basis_delta0p25_fold0of2.npz,10,0,source_row:9005,True,1.0,5.215424212559697,-389.2281648479764,0,source_row:9005,True,1.0,6.870816868521899,-390.3531871903388,0,source_row:9005,True,1.0,4.554559201499103,-390.2396489194117,0,source_row:9005,True,1.0,3.4493218866027746,-389.6149296263287,0,source_row:9005,True,1.0,2.1134797887664263,-389.65220603812486,0.7009811522139557,0.759741903124989,8,-389.5474715822039,-390.0704449788705,0.5229733966666004,2,0.0318824945383664,0.0734164008631047,-0.1276392927320077,-0.0271114459344514,-7.743968936868391,0.0304395967150337,0.0107819668174163,-0.037276411796142384,1.298565686040206,-1.3358420978363483,both_correct,-1.3358420978363483
181,565,282,response_tables/trial_00282_hard_negative_structure_obs-empirical_prior-axis_edge_orthogonal_rel0p5x.npz,hard_negative_structure,empirical,axis_edge_orthogonal,0.5,per_candidate,1.0,4,16,40,756,0,source_row:9005,-1,14,0.0191754978150129,0.7,0.01,time_varying,1.5,0.5,catalog_residual_profile,topk_logmeanexp,2,0.19,outputs/fixation_statistics_by_stimulus_all_sessions_after_review/backimage_image_disjoint_compact_basis_delta025_v1/image_disjoint_compact_basis_delta0p25_fold0of2.npz,10,0,source_row:9005,True,1.0,5.215424212559697,-389.2281648479764,0,source_row:9005,True,1.0,6.870816868521899,-390.3531871903388,0,source_row:9005,True,1.0,4.081854608779452,-390.6143673519404,0,source_row:9005,True,1.0,3.503846452054347,-389.6448367272873,0,source_row:9005,True,1.0,2.757261222008651,-389.7974390992823,0.5557480910565005,0.9049978850495216,14,-389.6090485208484,-390.4463216526137,0.8372731317653574,2,0.0194739301950908,0.3686404384420776,0.3621028576231566,0.3653716480326171,-2.262204902431189,0.01941505068913,0.0107819668174163,-0.1526023719949876,2.540529283391436,-2.6931316553864235,both_correct,-0.7465852300456959
182,566,283,response_tables/trial_00283_hard_negative_structure_obs-empirical_prior-axis_edge_parallel_rel1x.npz,hard_negative_structure,empirical,axis_edge_parallel,1.0,per_candidate,1.0,4,16,40,756,0,source_row:9005,-1,2,0.0315977893769741,0.7,0.01,time_varying,1.5,0.5,catalog_residual_profile,topk_logmeanexp,2,0.19,outputs/fixation_statistics_by_stimulus_all_sessions_after_review/backimage_image_disjoint_compact_basis_delta025_v1/image_disjoint_compact_basis_delta0p25_fold0of2.npz,10,0,source_row:9005,True,1.0,4.855247029146881,-436.1624213815048,0,source_row:9005,True,1.0,9.581669017913155,-440.5766185599516,0,source_row:9005,True,1.0,4.20516203135611,-437.8094048737822,0,source_row:9005,True,1.0,3.659283513423418,-436.9878032611464,0,source_row:9005,True,1.0,3.2275898770321305,-437.1462533548438,3.430365205107762,0.9364193317732836,0,-436.9066314569848,-437.6166961513938,0.7100646944090272,2,0.0452749799779203,0.3831463849671933,-0.4401309500367354,-0.028492282534771,-3.4081925951719354,0.0447108078604856,0.0215639336348327,-0.15845009369741092,0.2732435426938764,-0.4316936363912873,both_correct,-0.4316936363912873
183,567,283,response_tables/trial_00283_hard_negative_structure_obs-empirical_prior-axis_edge_orthogonal_rel1x.npz,hard_negative_structure,empirical,axis_edge_orthogonal,1.0,per_candidate,1.0,4,16,40,756,0,source_row:9005,-1,15,0.0343919433653354,0.7,0.01,time_varying,1.5,0.5,catalog_residual_profile,topk_logmeanexp,2,0.19,outputs/fixation_statistics_by_stimulus_all_sessions_after_review/backimage_image_disjoint_compact_basis_delta025_v1/image_disjoint_compact_basis_delta0p25_fold0of2.npz,10,0,source_row:9005,True,1.0,4.855247029146881,-436.1624213815048,0,source_row:9005,True,1.0,9.581669017913155,-440.5766185599516,0,source_row:9005,True,1.0,3.35121254892988,-438.9021529838435,0,source_row:9005,True,1.0,3.703898438108524,-437.3551941306562,0,source_row:9005,True,1.0,2.9156015808335383,-437.77350279964327,2.8031157603082875,0.9832592215074318,15,-437.30809213602896,-438.7374408246458,1.4293486886168694,2,0.026861352631625,0.5088108873868304,0.5318470549398946,0.5203289711633625,-0.5516714997712386,0.0264081186747377,0.0215639336348327,-0.41830866898709473,0.36998818828789126,-0.788296857274986,both_correct,-0.7882968572749856
184,568,284,response_tables/trial_00284_hard_negative_structure_obs-empirical_prior-axis_edge_parallel_rel2x.npz,hard_negative_structure,empirical,axis_edge_parallel,2.0,per_candidate,1.0,4,16,40,756,0,source_row:9005,-1,0,0.0624504648149013,0.7,0.01,time_varying,1.5,0.5,catalog_residual_profile,topk_logmeanexp,2,0.19,outputs/fixation_statistics_by_stimulus_all_sessions_after_review/backimage_image_disjoint_compact_basis_delta025_v1/image_disjoint_compact_basis_delta0p25_fold0of2.npz,10,0,source_row:9005,True,1.0,4.852304347099448,-520.6249627214106,0,source_row:9005,True,1.0,14.688492234092678,-534.9914589131873,0,source_row:9005,True,1.0,4.282898342463568,-523.547261721899,0,source_row:9005,True,1.0,3.3227357207739487,-523.0270623135688,0,source_row:9005,True,1.0,3.109803433392017,-522.5790738300216,12.41238508316576,0.8925043017213405,6,-522.4566393751016,-522.8984801479675,0.4418407728658167,2,0.153541169203117,0.607323381395643,-0.6610749786596665,-0.0268757986320117,-11.674584242795394,0.1624945880198977,0.0431278672696654,0.4479884835471921,0.660920770929124,-0.21293228738193193,both_correct,-0.21293228738193193
185,569,284,response_tables/trial_00284_hard_negative_structure_obs-empirical_prior-axis_edge_orthogonal_rel2x.npz,hard_negative_structure,empirical,axis_edge_orthogonal,2.0,per_candidate,1.0,4,16,40,756,0,source_row:9005,-1,3,0.0678251981735229,0.7,0.01,time_varying,1.5,0.5,catalog_residual_profile,topk_logmeanexp,2,0.19,outputs/fixation_statistics_by_stimulus_all_sessions_after_review/backimage_image_disjoint_compact_basis_delta025_v1/image_disjoint_compact_basis_delta0p25_fold0of2.npz,10,0,source_row:9005,True,1.0,4.852304347099448,-520.6249627214106,0,source_row:9005,True,1.0,14.688492234092678,-534.9914589131873,0,source_row:9005,True,1.0,4.63749164378055,-523.8489493455264,0,source_row:9005,True,1.0,4.053872073762136,-522.8547180653691,0,source_row:9005,True,1.0,3.938900427117005,-522.8096796266105,12.181779286576784,0.979737977985943,0,-522.5043382651011,-523.3817876068132,0.8774493417121221,2,0.0978300529138904,-0.5002730542730826,-0.5803100542765067,-0.5402915542747946,-4.145512201479263,0.0718066726740303,0.0431278672696654,0.045038438758524535,0.16001008540365547,-0.11497164664513093,both_correct,-0.11497164664513093
186,570,285,response_tables/trial_00285_hard_negative_structure_obs-empirical_prior-axis_edge_parallel_rel0p5x.npz,hard_negative_structure,empirical,axis_edge_parallel,0.5,per_candidate,1.0,4,16,40,756,0,source_row:9142,-1,4,0.0267222821712493,0.7,0.01,time_varying,1.5,0.5,catalog_residual_profile,topk_logmeanexp,2,0.19,outputs/fixation_statistics_by_stimulus_all_sessions_after_review/backimage_image_disjoint_compact_basis_delta025_v1/image_disjoint_compact_basis_delta0p25_fold0of2.npz,10,0,source_row:9142,True,1.0,1.0542806049995193,-405.775405455767,1,source_row:11021,False,2.0,-0.2140965911280545,-414.71198707322304,0,source_row:9142,True,1.0,1.044899604353816,-409.92215917253645,0,source_row:9142,True,1.0,1.3477468919741682,-408.2542678221729,0,source_row:9142,True,1.0,0.6911852752639334,-408.43391294329314,6.278074129929905,0.7711565939238603,3,-408.1680565082007,-409.32230912636993,1.1542526181692097,2,0.0751327946774537,-0.0819648569769963,-0.0562685556202454,-0.0691167062986208,-14.23730831444379,0.0713799604953696,0.0192475481952761,-0.17964512112024522,0.4769164955901033,-0.6565616167103485,both_correct,-0.6565616167102348
187,571,285,response_tables/trial_00285_hard_negative_structure_obs-empirical_prior-axis_edge_orthogonal_rel0p5x.npz,hard_negative_structure,empirical,axis_edge_orthogonal,0.5,per_candidate,1.0,4,16,40,756,0,source_row:9142,-1,14,0.0260609947144985,0.7,0.01,time_varying,1.5,0.5,catalog_residual_profile,topk_logmeanexp,2,0.19,outputs/fixation_statistics_by_stimulus_all_sessions_after_review/backimage_image_disjoint_compact_basis_delta025_v1/image_disjoint_compact_basis_delta0p25_fold0of2.npz,10,0,source_row:9142,True,1.0,1.0542806049995193,-405.775405455767,1,source_row:11021,False,2.0,-0.2140965911280545,-414.71198707322304,0,source_row:9142,True,1.0,0.8417161942945199,-409.5963881490547,0,source_row:9142,True,1.0,1.3998439857617768,-408.0097482512067,0,source_row:9142,True,1.0,0.8167746093847086,-408.02256478387096,6.6894222893520805,0.7072736112562471,3,-407.8151245293852,-408.8679092744397,1.0527847450544527,2,0.0569586755850729,-0.3030375307224626,-0.2479423293939858,-0.2754899300582242,-7.757273901420332,0.0497322304395823,0.0192475481952761,-0.012816532664260194,0.570252843712808,-0.5830693763770682,both_correct,-0.5830693763770682
188,572,286,response_tables/trial_00286_hard_negative_structure_obs-empirical_prior-axis_edge_parallel_rel1x.npz,hard_negative_structure,empirical,axis_edge_parallel,1.0,per_candidate,1.0,4,16,40,756,0,source_row:9142,-1,3,0.05375387519598,0.7,0.01,time_varying,1.5,0.5,catalog_residual_profile,topk_logmeanexp,2,0.19,outputs/fixation_statistics_by_stimulus_all_sessions_after_review/backimage_image_disjoint_compact_basis_delta025_v1/image_disjoint_compact_basis_delta0p25_fold0of2.npz,10,0,source_row:9142,True,1.0,1.216574880146709,-518.3283148156894,1,source_row:11021,False,2.0,-2.1361821228307463,-547.0863635973452,0,source_row:9142,True,1.0,0.6985160620973829,-523.2001919927868,0,source_row:9142,True,1.0,0.6518965256716456,-521.0241046974884,0,source_row:9142,True,1.0,0.5623208567313895,-521.1930304987017,25.893333098643552,-0.3355834152169812,10,-520.4770866921463,-522.7214546771979,2.244367985051668,2,0.1121902731280892,0.6936644475063507,-0.2711406862772392,0.2112618806145557,-7.493752223768457,0.1134524431254505,0.0384950963905523,-0.16892580121327683,-0.07935013227302079,-0.08957566894025604,both_correct,-0.08957566894025604
189,573,286,response_tables/trial_00286_hard_negative_structure_obs-empirical_prior-axis_edge_orthogonal_rel1x.npz,hard_negative_structure,empirical,axis_edge_orthogonal,1.0,per_candidate,1.0,4,16,40,756,0,source_row:9142,-1,6,0.0545754395425319,0.7,0.01,time_varying,1.5,0.5,catalog_residual_profile,topk_logmeanexp,2,0.19,outputs/fixation_statistics_by_stimulus_all_sessions_after_review/backimage_image_disjoint_compact_basis_delta025_v1/image_disjoint_compact_basis_delta0p25_fold0of2.npz,10,0,source_row:9142,True,1.0,1.216574880146709,-518.3283148156894,1,source_row:11021,False,2.0,-2.1361821228307463,-547.0863635973452,0,source_row:9142,True,1.0,0.6067085547546185,-523.1633294730887,0,source_row:9142,True,1.0,0.839712777902264,-521.1668469926447,0,source_row:9142,True,1.0,0.5262200966135424,-521.1744845646792,25.91187903266598,-0.1315830242788387,10,-520.4703115170771,-522.6161915591274,2.145880042050294,2,0.1167738217851706,0.6486876331280451,0.1685970115341502,0.4086423223310976,-8.201956275007038,0.1207092815237133,0.0384950963905523,-0.007637572034582263,0.3058551092541393,-0.31349268128872154,both_correct,-0.31349268128872154
190,574,287,response_tables/trial_00287_hard_negative_structure_obs-empirical_prior-axis_edge_parallel_rel2x.npz,hard_negative_structure,empirical,axis_edge_parallel,2.0,per_candidate,1.0,4,16,40,756,0,source_row:9142,-1,9,0.1056875884532928,0.7,0.01,time_varying,1.5,0.5,catalog_residual_profile,topk_logmeanexp,2,0.19,outputs/fixation_statistics_by_stimulus_all_sessions_after_review/backimage_image_disjoint_compact_basis_delta025_v1/image_disjoint_compact_basis_delta0p25_fold0of2.npz,10,0,source_row:9142,True,1.0,1.3835467303034648,-595.6303325935559,1,source_row:11021,False,2.0,-3.039469016897897,-641.5236958204238,0,source_row:9142,True,1.0,1.230963083501365,-601.1821166786867,0,source_row:9142,True,1.0,1.1862503119732537,-598.6763085750684,0,source_row:9142,True,1.0,0.5976170805781749,-598.787747579371,42.73594824105282,-0.4558798024858809,15,-598.1888797936098,-599.6407361282901,1.4518563346803148,2,0.1345237584213706,-0.6746861717652697,0.3255135477043653,-0.1745863120304522,-2.053002575764756,0.0956643463018646,0.0769901927811047,-0.11143900430249687,0.47719422709258197,-0.5886332313950788,both_correct,-0.5886332313950788
191,575,287,response_tables/trial_00287_hard_negative_structure_obs-empirical_prior-axis_edge_orthogonal_rel2x.npz,hard_negative_structure,empirical,axis_edge_orthogonal,2.0,per_candidate,1.0,4,16,40,756,0,source_row:9142,-1,3,0.1056577563285827,0.7,0.01,time_varying,1.5,0.5,catalog_residual_profile,topk_logmeanexp,2,0.19,outputs/fixation_statistics_by_stimulus_all_sessions_after_review/backimage_image_disjoint_compact_basis_delta025_v1/image_disjoint_compact_basis_delta0p25_fold0of2.npz,10,0,source_row:9142,True,1.0,1.3835467303034648,-595.6303325935559,1,source_row:11021,False,2.0,-3.039469016897897,-641.5236958204238,0,source_row:9142,True,1.0,0.5267440822200342,-600.839888349399,0,source_row:9142,True,1.0,0.5078626344371742,-598.2345467657207,0,source_row:9142,True,1.0,0.4616474160894768,-598.54029261766,42.983403202763725,-0.4822281133362534,15,-597.847232251916,-599.5062842965375,1.6590520446214896,2,0.140378725940556,-0.6655934139302978,-0.3493599201783904,-0.5074766670543441,-2.3245416547689923,0.0880671849863367,0.0769901927811047,-0.30574585193937764,-0.25953063359168027,-0.04621521834769737,both_correct,-0.04621521834769737
0,576,288,response_tables/trial_00288_hard_negative_structure_obs-empirical_prior-axis_edge_parallel_rel0p5x.npz,hard_negative_structure,empirical,axis_edge_parallel,0.5,per_candidate,1.0,4,16,40,756,0,source_row:9421,-1,6,0.0485292896628379,0.7,0.01,time_varying,1.5,0.5,catalog_residual_profile,topk_logmeanexp,2,0.19,outputs/fixation_statistics_by_stimulus_all_sessions_after_review/backimage_image_disjoint_compact_basis_delta025_v1/image_disjoint_compact_basis_delta0p25_fold0of2.npz,10,0,source_row:9421,True,1.0,1.1364430391433302,-379.4247284025233,3,source_row:2518,False,3.0,-4.174323907787084,-390.14842212273794,3,source_row:2518,False,2.0,-0.3590792799270161,-385.9298321059574,3,source_row:2518,False,2.0,-0.0022086387589297,-384.46328361107135,0,source_row:9421,True,1.0,0.6908365332647577,-380.9294045010296,9.21901762170836,-0.1640066244125675,1,-380.81628546622073,-381.353270400073,0.5369849338522954,2,0.1362143675228167,-0.8018414302932532,0.813049693456239,0.0056041315814929,-12.30907932827258,0.1183961598700509,0.0373378160161273,3.5338791100417666,3.0209024718462842,0.5129766381954823,rescued_by_residual,0.6930451720236874
1,577,288,response_tables/trial_00288_hard_negative_structure_obs-empirical_prior-axis_edge_orthogonal_rel0p5x.npz,hard_negative_structure,empirical,axis_edge_orthogonal,0.5,per_candidate,1.0,4,16,40,756,0,source_row:9421,-1,14,0.0435054004192352,0.7,0.01,time_varying,1.5,0.5,catalog_residual_profile,topk_logmeanexp,2,0.19,outputs/fixation_statistics_by_stimulus_all_sessions_after_review/backimage_image_disjoint_compact_basis_delta025_v1/image_disjoint_compact_basis_delta0p25_fold0of2.npz,10,0,source_row:9421,True,1.0,1.1364430391433302,-379.4247284025233,3,source_row:2518,False,3.0,-4.174323907787084,-390.14842212273794,3,source_row:2518,False,2.0,-0.3704838744060907,-385.9135622174446,3,source_row:2518,False,2.0,-0.2192521466557195,-384.5180418018448,0,source_row:9421,True,1.0,0.5425384859411224,-380.9537795139652,9.194642608772767,-0.1395392538859462,1,-380.8408830247671,-381.4092511931501,0.5683681683830173,2,0.081891735693268,0.8089250017545652,0.8178002405218116,0.8133626211381884,-3.81041261125303,0.1032848569690865,0.0373378160161273,3.5642622878796146,4.1049016829144875,-0.5406393950348729,rescued_by_residual,0.7617906325968419
2,578,289,response_tables/trial_00289_hard_negative_structure_obs-empirical_prior-axis_edge_parallel_rel1x.npz,hard_negative_structure,empirical,axis_edge_parallel,1.0,per_candidate,1.0,4,16,40,756,0,source_row:9421,-1,8,0.0989905148744583,0.7,0.01,time_varying,1.5,0.5,catalog_residual_profile,topk_logmeanexp,2,0.19,outputs/fixation_statistics_by_stimulus_all_sessions_after_review/backimage_image_disjoint_compact_basis_delta025_v1/image_disjoint_compact_basis_delta0p25_fold0of2.npz,10,0,source_row:9421,True,1.0,1.1901764397117631,-431.4806795569334,3,source_row:2518,False,3.0,-6.749775744331259,-450.5320947915413,0,source_row:9421,True,1.0,0.16347621241772,-438.05352959497446,1,source_row:10140,False,2.0,-0.2092787116607155,-436.5070340806366,0,source_row:9421,True,1.0,0.2084583868473828,-435.47975420048704,15.052340591054303,-0.1119915724854674,11,-435.1261954940731,-436.2407029216748,1.1145074276016658,2,0.1170260054432212,-0.6447642577111228,0.6492860893469803,0.0022609158179287,-1.4558789018662042,0.0756702131091541,0.0746756320322546,1.0272798801495355,2.5740380588707126,-1.546758178721177,rescued_by_residual,0.41773709850809826
3,579,289,response_tables/trial_00289_hard_negative_structure_obs-empirical_prior-axis_edge_orthogonal_rel1x.npz,hard_negative_structure,empirical,axis_edge_orthogonal,1.0,per_candidate,1.0,4,16,40,756,0,source_row:9421,-1,15,0.0840052738785743,0.7,0.01,time_varying,1.5,0.5,catalog_residual_profile,topk_logmeanexp,2,0.19,outputs/fixation_statistics_by_stimulus_all_sessions_after_review/backimage_image_disjoint_compact_basis_delta025_v1/image_disjoint_compact_basis_delta0p25_fold0of2.npz,10,0,source_row:9421,True,1.0,1.1901764397117631,-431.4806795569334,3,source_row:2518,False,3.0,-6.749775744331259,-450.5320947915413,0,source_row:9421,True,1.0,0.3900619521402291,-438.495120857992,1,source_row:10140,False,2.0,-0.4617491798260289,-436.8441949638944,0,source_row:9421,True,1.0,0.2358411611934343,-434.6947903521879,15.837304439353488,-0.1742005866448543,2,-434.5160792554199,-435.1900079782427,0.6739287228228363,2,0.1799676716718801,0.8168175505767485,0.8522658893541759,0.8345417199654622,-4.808061174084643,0.2162102760576277,0.0746756320322546,2.1494046117064727,1.451814270687123,0.6975903410193496,rescued_by_residual,0.6975903410194633
4,580,290,response_tables/trial_00290_hard_negative_structure_obs-empirical_prior-axis_edge_parallel_rel2x.npz,hard_negative_structure,empirical,axis_edge_parallel,2.0,per_candidate,1.0,4,16,40,756,0,source_row:9421,-1,14,0.1193030104041099,0.7,0.01,time_varying,1.5,0.5,catalog_residual_profile,topk_logmeanexp,2,0.19,outputs/fixation_statistics_by_stimulus_all_sessions_after_review/backimage_image_disjoint_compact_basis_delta025_v1/image_disjoint_compact_basis_delta0p25_fold0of2.npz,10,0,source_row:9421,True,1.0,1.306663133896052,-438.1053037249153,3,source_row:2518,False,3.0,-7.0587569112495885,-458.27497022452064,0,source_row:9421,True,1.0,0.6138713350222247,-443.9177012332588,0,source_row:9421,True,1.0,0.1979360516091901,-442.56510967621807,1,source_row:10140,False,2.0,-0.1372723239753668,-442.5495171719515,15.72545305256915,-0.8785076318747582,6,-442.3166807053945,-443.47866049089305,1.161979785498545,2,0.1550655653521772,-0.2722679201076858,0.067009007211144,-0.1026294564482708,-2.339629081983802,0.1178927193461209,0.0848528140382936,0.015592504266578544,0.3508008798511355,-0.33520837558455696,lost_by_residual,-0.33520837558455685
5,581,290,response_tables/trial_00290_hard_negative_structure_obs-empirical_prior-axis_edge_orthogonal_rel2x.npz,hard_negative_structure,empirical,axis_edge_orthogonal,2.0,per_candidate,1.0,4,16,40,756,0,source_row:9421,-1,6,0.0899736732244491,0.7,0.01,time_varying,1.5,0.5,catalog_residual_profile,topk_logmeanexp,2,0.19,outputs/fixation_statistics_by_stimulus_all_sessions_after_review/backimage_image_disjoint_compact_basis_delta025_v1/image_disjoint_compact_basis_delta0p25_fold0of2.npz,10,0,source_row:9421,True,1.0,1.306663133896052,-438.1053037249153,3,source_row:2518,False,3.0,-7.0587569112495885,-458.27497022452064,0,source_row:9421,True,1.0,0.6108320163061762,-444.1502404000767,3,source_row:2518,False,3.0,-0.2373574003278236,-442.9739746985622,0,source_row:9421,True,1.0,0.1747910967983443,-442.9581933631296,15.316776861391077,-0.3368264186993834,14,-442.6553074937877,-443.9147136851957,1.2594061914079475,2,0.1119841747704091,-0.1345998397872224,-0.1923907187697954,-0.1634952792785089,-0.7417299043812053,0.0638965022078458,0.0848528140382936,0.015781335432563992,-0.31849323852509315,0.33427457395765714,rescued_by_residual,0.41214849712616786
6,582,291,response_tables/trial_00291_hard_negative_structure_obs-empirical_prior-axis_edge_parallel_rel0p5x.npz,hard_negative_structure,empirical,axis_edge_parallel,0.5,per_candidate,1.0,4,16,40,756,0,source_row:9427,-1,2,0.0188908856362104,0.7,0.01,time_varying,1.5,0.5,catalog_residual_profile,topk_logmeanexp,2,0.19,outputs/fixation_statistics_by_stimulus_all_sessions_after_review/backimage_image_disjoint_compact_basis_delta025_v1/image_disjoint_compact_basis_delta0p25_fold0of2.npz,10,0,source_row:9427,True,1.0,0.4626656329257912,-289.3357515731684,0,source_row:9427,True,1.0,0.3956487570441709,-289.8492000735081,0,source_row:9427,True,1.0,0.1597953795759963,-290.674703318203,0,source_row:9427,True,1.0,0.4271039352164507,-289.6084362921706,0,source_row:9427,True,1.0,0.2312766801323391,-289.7749181050436,0.0742819684645041,0.409594041773936,10,-289.5577585279685,-290.50222762895976,0.9444691009912844,2,0.0231604463981341,-0.2151304270122526,-0.1858623010547134,-0.200496364033483,-3.848241914525092,0.0190782716913651,0.0105185235800474,-0.16648181287297348,0.029345442211138106,-0.19582725508411158,both_correct,-0.19582725508411158
7,583,291,response_tables/trial_00291_hard_negative_structure_obs-empirical_prior-axis_edge_orthogonal_rel0p5x.npz,hard_negative_structure,empirical,axis_edge_orthogonal,0.5,per_candidate,1.0,4,16,40,756,0,source_row:9427,-1,10,0.0194101464003324,0.7,0.01,time_varying,1.5,0.5,catalog_residual_profile,topk_logmeanexp,2,0.19,outputs/fixation_statistics_by_stimulus_all_sessions_after_review/backimage_image_disjoint_compact_basis_delta025_v1/image_disjoint_compact_basis_delta0p25_fold0of2.npz,10,0,source_row:9427,True,1.0,0.4626656329257912,-289.3357515731684,0,source_row:9427,True,1.0,0.3956487570441709,-289.8492000735081,0,source_row:9427,True,1.0,0.1487550883375661,-290.7703899994961,0,source_row:9427,True,1.0,0.4479651455045541,-289.6923600107198,0,source_row:9427,True,1.0,0.2536422937324118,-289.78686430715163,0.0623357663564547,0.4442290065438679,10,-289.5999537499982,-290.53480373475327,0.9348499847550896,2,0.0265282266681614,-0.3287539715478471,0.2100643778339495,-0.0593447968569487,-5.3607286607553695,0.0232763682003195,0.0105185235800474,-0.09450429643180769,0.09981855534033457,-0.19432285177214226,both_correct,-0.19432285177214226
8,584,292,response_tables/trial_00292_hard_negative_structure_obs-empirical_prior-axis_edge_parallel_rel1x.npz,hard_negative_structure,empirical,axis_edge_parallel,1.0,per_candidate,1.0,4,16,40,756,0,source_row:9427,-1,2,0.0347347967326641,0.7,0.01,time_varying,1.5,0.5,catalog_residual_profile,topk_logmeanexp,2,0.19,outputs/fixation_statistics_by_stimulus_all_sessions_after_review/backimage_image_disjoint_compact_basis_delta025_v1/image_disjoint_compact_basis_delta0p25_fold0of2.npz,10,0,source_row:9427,True,1.0,0.513744001174075,-334.9675157605334,0,source_row:9427,True,1.0,0.0210571977690392,-338.46945683182906,0,source_row:9427,True,1.0,0.1488239730118152,-337.2524050676031,0,source_row:9427,True,1.0,0.2625652004311405,-336.1023392123203,0,source_row:9427,True,1.0,0.0786610788179018,-336.1456243342312,2.3238324975978912,-0.3528843588869043,6,-335.9082209148406,-336.8228201234019,0.9145992085612988,2,0.0426342436718763,0.1937866869027781,-0.2688010589600966,-0.0375071860286592,-3.107216206586287,0.0376019872337663,0.0210370471600949,-0.04328512191085565,0.140618999702383,-0.18390412161323866,both_correct,-0.1839041216132387
9,585,292,response_tables/trial_00292_hard_negative_structure_obs-empirical_prior-axis_edge_orthogonal_rel1x.npz,hard_negative_structure,empirical,axis_edge_orthogonal,1.0,per_candidate,1.0,4,16,40,756,0,source_row:9427,-1,8,0.0383086539804935,0.7,0.01,time_varying,1.5,0.5,catalog_residual_profile,topk_logmeanexp,2,0.19,outputs/fixation_statistics_by_stimulus_all_sessions_after_review/backimage_image_disjoint_compact_basis_delta025_v1/image_disjoint_compact_basis_delta0p25_fold0of2.npz,10,0,source_row:9427,True,1.0,0.513744001174075,-334.9675157605334,0,source_row:9427,True,1.0,0.0210571977690392,-338.46945683182906,0,source_row:9427,True,1.0,0.0967411487395111,-337.558501712154,0,source_row:9427,True,1.0,0.1948545541777662,-336.2583516405651,0,source_row:9427,True,1.0,0.0791274492826232,-336.302649251035,2.1668075807940568,-0.3130403636570147,6,-336.03297636282963,-337.0265445704005,0.9935682075708884,2,0.0432170673733536,0.0955492344263807,0.3739450245023501,0.2347471294643654,-3.2202776629522205,0.0411072123812431,0.0210370471600949,-0.04429761046992553,0.0714294944252174,-0.11572710489514293,both_correct,-0.115727104895143
10,586,293,response_tables/trial_00293_hard_negative_structure_obs-empirical_prior-axis_edge_parallel_rel2x.npz,hard_negative_structure,empirical,axis_edge_parallel,2.0,per_candidate,1.0,4,16,40,756,0,source_row:9427,-1,10,0.0708287209272384,0.7,0.01,time_varying,1.5,0.5,catalog_residual_profile,topk_logmeanexp,2,0.19,outputs/fixation_statistics_by_stimulus_all_sessions_after_review/backimage_image_disjoint_compact_basis_delta025_v1/image_disjoint_compact_basis_delta0p25_fold0of2.npz,10,0,source_row:9427,True,1.0,0.6087685094411768,-457.929609209293,1,source_row:9142,False,2.0,-0.9418896196237938,-477.4389071132469,0,source_row:9427,True,1.0,0.0673770343624369,-463.397514459327,3,source_row:6409,False,2.0,-0.2670551291424203,-462.0712075542172,0,source_row:9427,True,1.0,0.0465197148867559,-461.2526527618256,16.18625435142127,-0.6204067656919154,10,-460.90870929935824,-462.15372032664754,1.2450110272893085,2,0.1043523366131067,0.4684634347468942,0.4261446294970464,0.4473040321219703,-5.1514118325466445,0.1063220082812954,0.0420740943201898,0.8185547923916374,1.120125034904845,-0.30157024251320763,rescued_by_residual,0.3135748440291762
11,587,293,response_tables/trial_00293_hard_negative_structure_obs-empirical_prior-axis_edge_orthogonal_rel2x.npz,hard_negative_structure,empirical,axis_edge_orthogonal,2.0,per_candidate,1.0,4,16,40,756,0,source_row:9427,-1,1,0.0712120458483696,0.7,0.01,time_varying,1.5,0.5,catalog_residual_profile,topk_logmeanexp,2,0.19,outputs/fixation_statistics_by_stimulus_all_sessions_after_review/backimage_image_disjoint_compact_basis_delta025_v1/image_disjoint_compact_basis_delta0p25_fold0of2.npz,10,0,source_row:9427,True,1.0,0.6087685094411768,-457.929609209293,1,source_row:9142,False,2.0,-0.9418896196237938,-477.4389071132469,0,source_row:9427,True,1.0,0.3342909316418172,-464.2047991140728,0,source_row:9427,True,1.0,0.5139102952977623,-462.5676823717407,0,source_row:9427,True,1.0,0.5401570399735078,-461.508825165576,15.930081947670828,-0.2558791179890145,10,-460.9181552099821,-462.6373563347333,1.7192011247512935,2,0.1066810967111257,0.3184726057434593,-0.3126099652374583,0.0029313202530005,-5.42902909237867,0.1003847333772853,0.0420740943201898,1.0588572061647028,1.2981136070952743,-0.23925640093057154,both_correct,0.026246744675745504
12,588,294,response_tables/trial_00294_hard_negative_structure_obs-empirical_prior-axis_edge_parallel_rel0p5x.npz,hard_negative_structure,empirical,axis_edge_parallel,0.5,per_candidate,1.0,4,16,40,756,0,source_row:9762,-1,9,0.0570377223193645,0.7,0.01,time_varying,1.5,0.5,catalog_residual_profile,topk_logmeanexp,2,0.19,outputs/fixation_statistics_by_stimulus_all_sessions_after_review/backimage_image_disjoint_compact_basis_delta025_v1/image_disjoint_compact_basis_delta0p25_fold0of2.npz,10,0,source_row:9762,True,1.0,0.592670004749948,-482.8722667054798,2,source_row:10818,False,2.0,-4.1709968171063565,-501.2901771716096,2,source_row:10818,False,2.0,-0.0925595281282198,-487.42345423052296,1,source_row:76,False,2.0,-0.1204401549049407,-485.56152326629206,0,source_row:9762,True,1.0,0.131588448554794,-485.14328049100953,16.146896680600094,0.8321190375524246,14,-484.8574045754608,-486.27023930025166,1.412834724790912,2,0.1068179644609218,-0.0374004352385792,0.2175618521580845,0.0900807084597526,-6.971354251683532,0.1050066258999743,0.0378336500821002,0.41824277528252196,0.1662141718227872,0.25202860345973477,rescued_by_residual,0.2520286034597347
13,589,294,response_tables/trial_00294_hard_negative_structure_obs-empirical_prior-axis_edge_orthogonal_rel0p5x.npz,hard_negative_structure,empirical,axis_edge_orthogonal,0.5,per_candidate,1.0,4,16,40,756,0,source_row:9762,-1,1,0.0529602169990539,0.7,0.01,time_varying,1.5,0.5,catalog_residual_profile,topk_logmeanexp,2,0.19,outputs/fixation_statistics_by_stimulus_all_sessions_after_review/backimage_image_disjoint_compact_basis_delta025_v1/image_disjoint_compact_basis_delta0p25_fold0of2.npz,10,0,source_row:9762,True,1.0,0.592670004749948,-482.8722667054798,2,source_row:10818,False,2.0,-4.1709968171063565,-501.2901771716096,0,source_row:9762,True,1.0,0.2996864041068079,-486.62737180849655,0,source_row:9762,True,1.0,0.4099199163085245,-485.1908683739507,0,source_row:9762,True,1.0,0.4252258886231743,-484.698140964036,16.592036207573585,0.5436636690647081,5,-484.4433802452799,-485.4401222162792,0.9967419709992668,2,0.1141833441228795,-0.7468245586150304,-0.7514866707140735,-0.7491556146645519,-8.108545471516116,0.0889375147211579,0.0378336500821002,0.4927274099147212,0.4774214375999577,0.015305972314763494,both_correct,0.015305972314649807
14,590,295,response_tables/trial_00295_hard_negative_structure_obs-empirical_prior-axis_edge_parallel_rel1x.npz,hard_negative_structure,empirical,axis_edge_parallel,1.0,per_candidate,1.0,4,16,40,756,0,source_row:9762,-1,7,0.0976941511034965,0.7,0.01,time_varying,1.5,0.5,catalog_residual_profile,topk_logmeanexp,2,0.19,outputs/fixation_statistics_by_stimulus_all_sessions_after_review/backimage_image_disjoint_compact_basis_delta025_v1/image_disjoint_compact_basis_delta0p25_fold0of2.npz,10,0,source_row:9762,True,1.0,0.7775593144049253,-531.3238775934576,2,source_row:10818,False,2.0,-5.764641193034549,-559.3485961499441,2,source_row:10818,False,3.0,-1.9207516776720013,-538.6389904340234,2,source_row:10818,False,3.0,-1.5827207018521676,-536.4043729594755,0,source_row:9762,True,1.0,0.0977455890831606,-534.3484523964471,25.000143753497014,0.8867695562617063,7,-533.8830089615278,-535.3612440385232,1.478235076995361,2,0.1754686728362986,-0.0370627748935573,-0.0953048661431136,-0.0661838205183354,-4.377528313074314,0.1542172603978601,0.0756673001642004,2.055920563028394,0.3754542720930658,1.6804662909353283,rescued_by_residual,1.6804662909353283
15,591,295,response_tables/trial_00295_hard_negative_structure_obs-empirical_prior-axis_edge_orthogonal_rel1x.npz,hard_negative_structure,empirical,axis_edge_orthogonal,1.0,per_candidate,1.0,4,16,40,756,0,source_row:9762,-1,7,0.0897631049156189,0.7,0.01,time_varying,1.5,0.5,catalog_residual_profile,topk_logmeanexp,2,0.19,outputs/fixation_statistics_by_stimulus_all_sessions_after_review/backimage_image_disjoint_compact_basis_delta025_v1/image_disjoint_compact_basis_delta0p25_fold0of2.npz,10,0,source_row:9762,True,1.0,0.7775593144049253,-531.3238775934576,2,source_row:10818,False,2.0,-5.764641193034549,-559.3485961499441,1,source_row:76,False,2.0,-0.0207530334478178,-536.5192180095282,0,source_row:9762,True,1.0,0.0053552320780454,-534.40117523754,0,source_row:9762,True,1.0,0.3415983458977507,-533.5612573224291,25.787338827514983,0.5572738618029628,7,-533.254666398135,-534.2820950601939,1.0274286620589237,2,0.1130146460878701,0.3259004682617323,0.3063300060673039,0.316115237164518,-1.2307606845113552,0.1055986240288856,0.0756673001642004,0.8399179151108456,0.5036748012911403,0.3362431138197053,both_correct,0.3362431138197053
16,592,296,response_tables/trial_00296_hard_negative_structure_obs-empirical_prior-axis_edge_parallel_rel2x.npz,hard_negative_structure,empirical,axis_edge_parallel,2.0,per_candidate,1.0,4,16,40,756,0,source_row:9762,-1,5,0.1140670850872993,0.7,0.01,time_varying,1.5,0.5,catalog_residual_profile,topk_logmeanexp,2,0.19,outputs/fixation_statistics_by_stimulus_all_sessions_after_review/backimage_image_disjoint_compact_basis_delta025_v1/image_disjoint_compact_basis_delta0p25_fold0of2.npz,10,0,source_row:9762,True,1.0,0.8210758759937562,-539.3076518640712,2,source_row:10818,False,2.0,-6.041370907196551,-569.0973038337543,2,source_row:10818,False,3.0,-1.1726905407781487,-545.6840840534223,1,source_row:76,False,3.0,-0.5788897197948017,-543.8268444914518,1,source_row:76,False,2.0,-0.0326178733673714,-542.945060379734,26.15224345402032,0.8097385074443444,13,-542.5422926962378,-543.8498634485787,1.3075707523408937,2,0.1896454708710969,0.6156841344403307,-0.71827012822096,-0.0512929968903146,-3.995195081285174,0.1376534196204371,0.0848528137856395,0.8817841117178205,0.33551226529039013,0.5462718464274303,both_wrong,0.5462718464274303
17,593,296,response_tables/trial_00296_hard_negative_structure_obs-empirical_prior-axis_edge_orthogonal_rel2x.npz,hard_negative_structure,empirical,axis_edge_orthogonal,2.0,per_candidate,1.0,4,16,40,756,0,source_row:9762,-1,5,0.1127268970012664,0.7,0.01,time_varying,1.5,0.5,catalog_residual_profile,topk_logmeanexp,2,0.19,outputs/fixation_statistics_by_stimulus_all_sessions_after_review/backimage_image_disjoint_compact_basis_delta025_v1/image_disjoint_compact_basis_delta0p25_fold0of2.npz,10,0,source_row:9762,True,1.0,0.8210758759937562,-539.3076518640712,2,source_row:10818,False,2.0,-6.041370907196551,-569.0973038337543,0,source_row:9762,True,1.0,0.2173008711379225,-543.5571865407528,0,source_row:9762,True,1.0,0.2720818696092237,-541.9414447234417,0,source_row:9762,True,1.0,0.3874715219175186,-541.7416076373881,27.355696196366125,0.4398506596080148,13,-541.4046768820313,-542.5672313174498,1.1625544354185422,2,0.1361278139093414,-0.6010935925417135,-0.6999415865354222,-0.6505175895385678,-1.5737196806727938,0.0734650705950394,0.0848528137856395,0.19983708605354877,0.08444743374525387,0.1153896523082949,both_correct,0.1153896523082949
18,594,297,response_tables/trial_00297_hard_negative_structure_obs-empirical_prior-axis_edge_parallel_rel0p5x.npz,hard_negative_structure,empirical,axis_edge_parallel,0.5,per_candidate,1.0,4,16,40,756,0,source_row:9778,-1,11,0.0328078158199787,0.7,0.01,time_varying,1.5,0.5,catalog_residual_profile,topk_logmeanexp,2,0.19,outputs/fixation_statistics_by_stimulus_all_sessions_after_review/backimage_image_disjoint_compact_basis_delta025_v1/image_disjoint_compact_basis_delta0p25_fold0of2.npz,10,0,source_row:9778,True,1.0,0.6389838626239452,-462.7311407017156,3,source_row:10803,False,2.0,-5.72885143525059,-484.4728858273467,0,source_row:9778,True,1.0,0.3614170155162242,-467.0626986260425,0,source_row:9778,True,1.0,0.2155620613374935,-465.0690645177051,0,source_row:9778,True,1.0,0.3695653621367682,-465.0472549958889,19.425630831457795,-0.2951673858380648,14,-464.5907003109614,-466.3107785739339,1.7200782629724929,2,0.1386142756877761,-0.7204729959525704,0.4797356755150123,-0.120368660218779,-22.25219508150172,0.1197916645715589,0.0287459046689589,0.021809521816180677,-0.13219377898309403,0.1540033007992747,both_correct,0.1540033007992747
19,595,297,response_tables/trial_00297_hard_negative_structure_obs-empirical_prior-axis_edge_orthogonal_rel0p5x.npz,hard_negative_structure,empirical,axis_edge_orthogonal,0.5,per_candidate,1.0,4,16,40,756,0,source_row:9778,-1,9,0.0389355346560478,0.7,0.01,time_varying,1.5,0.5,catalog_residual_profile,topk_logmeanexp,2,0.19,outputs/fixation_statistics_by_stimulus_all_sessions_after_review/backimage_image_disjoint_compact_basis_delta025_v1/image_disjoint_compact_basis_delta0p25_fold0of2.npz,10,0,source_row:9778,True,1.0,0.6389838626239452,-462.7311407017156,3,source_row:10803,False,2.0,-5.72885143525059,-484.4728858273467,0,source_row:9778,True,1.0,0.595394774158251,-467.5481886561969,0,source_row:9778,True,1.0,0.6035797587377374,-465.29119896863625,0,source_row:9778,True,1.0,0.5154014108908314,-465.5109136864219,18.961972140924843,-0.1442699718048224,14,-464.9994328672683,-467.119934825239,2.1205019579707027,2,0.1039563980921166,-0.7999761798449937,-0.3777300459415146,-0.5888531128932541,-12.078275602090978,0.0937071143839817,0.0287459046689589,-0.2197147177856209,-0.13153636993871487,-0.08817834784690604,both_correct,-0.08817834784690604
20,596,298,response_tables/trial_00298_hard_negative_structure_obs-empirical_prior-axis_edge_parallel_rel1x.npz,hard_negative_structure,empirical,axis_edge_parallel,1.0,per_candidate,1.0,4,16,40,756,0,source_row:9778,-1,10,0.0725798979401588,0.7,0.01,time_varying,1.5,0.5,catalog_residual_profile,topk_logmeanexp,2,0.19,outputs/fixation_statistics_by_stimulus_all_sessions_after_review/backimage_image_disjoint_compact_basis_delta025_v1/image_disjoint_compact_basis_delta0p25_fold0of2.npz,10,0,source_row:9778,True,1.0,0.8450778081198109,-501.6023139962618,3,source_row:10803,False,2.0,-7.05403500092973,-531.6530106775818,0,source_row:9778,True,1.0,0.2928375475345319,-508.8284928410103,2,source_row:8553,False,2.0,-0.0075238969512838,-506.7848670650171,0,source_row:9778,True,1.0,0.8324734869764256,-506.1203513013725,25.532659376209324,-0.6622441998782043,0,-505.7978349992737,-507.3605109892845,1.5626759900108027,2,0.2432807529634366,-0.8133962270187124,0.555785646204653,-0.1288052904070297,-16.90620487973336,0.2014985428698199,0.0574918093379179,0.6645157636446015,1.9162317934691373,-1.2517160298245358,rescued_by_residual,0.8399973839277094
21,597,298,response_tables/trial_00298_hard_negative_structure_obs-empirical_prior-axis_edge_orthogonal_rel1x.npz,hard_negative_structure,empirical,axis_edge_orthogonal,1.0,per_candidate,1.0,4,16,40,756,0,source_row:9778,-1,10,0.0787627846002578,0.7,0.01,time_varying,1.5,0.5,catalog_residual_profile,topk_logmeanexp,2,0.19,outputs/fixation_statistics_by_stimulus_all_sessions_after_review/backimage_image_disjoint_compact_basis_delta025_v1/image_disjoint_compact_basis_delta0p25_fold0of2.npz,10,0,source_row:9778,True,1.0,0.8450778081198109,-501.6023139962618,3,source_row:10803,False,2.0,-7.05403500092973,-531.6530106775818,1,source_row:1523,False,2.0,-0.563149028952239,-509.014577400045,1,source_row:1523,False,2.0,-0.2976283557183024,-506.4224706684238,1,source_row:1523,False,2.0,-0.54241670741078,-506.612362208594,25.04064846898785,-0.5756068888808746,0,-505.7913288379896,-508.0194350376984,2.228106199708748,2,0.0896515191670683,0.0123261632964552,-0.0519416376078487,-0.0198077371556967,-1.4316628121271644,0.0679345296095319,0.0574918093379179,-0.18989154017020837,0.05489681152226922,-0.2447883516924776,both_wrong,-0.2447883516924776
22,598,299,response_tables/trial_00299_hard_negative_structure_obs-empirical_prior-axis_edge_parallel_rel2x.npz,hard_negative_structure,empirical,axis_edge_parallel,2.0,per_candidate,1.0,4,16,40,756,0,source_row:9778,-1,11,0.1001881435513496,0.7,0.01,time_varying,1.5,0.5,catalog_residual_profile,topk_logmeanexp,2,0.19,outputs/fixation_statistics_by_stimulus_all_sessions_after_review/backimage_image_disjoint_compact_basis_delta025_v1/image_disjoint_compact_basis_delta0p25_fold0of2.npz,10,0,source_row:9778,True,1.0,1.0366837855544304,-509.8046193036728,3,source_row:10803,False,2.0,-7.181121876474094,-542.4447825133545,2,source_row:8553,False,2.0,-0.2201514054513609,-516.1711146124313,2,source_row:8553,False,2.0,-0.2753572702685005,-513.9848371567015,0,source_row:9778,True,1.0,0.1360707030878529,-512.9762129105972,29.468569602757384,-0.0624194478600218,6,-512.5799328145974,-513.8040158208221,1.224083006224646,2,0.2052176821222082,-0.7373553830619675,0.4409869795957473,-0.1481842017331101,-4.849208006243644,0.1424339417918761,0.0848528131486755,1.0086242461043184,0.5971962727479649,0.4114279733563535,rescued_by_residual,0.4114279733563534
23,599,299,response_tables/trial_00299_hard_negative_structure_obs-empirical_prior-axis_edge_orthogonal_rel2x.npz,hard_negative_structure,empirical,axis_edge_orthogonal,2.0,per_candidate,1.0,4,16,40,756,0,source_row:9778,-1,10,0.1154451519250869,0.7,0.01,time_varying,1.5,0.5,catalog_residual_profile,topk_logmeanexp,2,0.19,outputs/fixation_statistics_by_stimulus_all_sessions_after_review/backimage_image_disjoint_compact_basis_delta025_v1/image_disjoint_compact_basis_delta0p25_fold0of2.npz,10,0,source_row:9778,True,1.0,1.0366837855544304,-509.8046193036728,3,source_row:10803,False,2.0,-7.181121876474094,-542.4447825133545,0,source_row:9778,True,1.0,0.2470386113219547,-515.5181127428591,0,source_row:9778,True,1.0,0.3335626843391992,-513.0907808266101,0,source_row:9778,True,1.0,0.2125139896148766,-512.9461903913999,29.49859212195463,0.0622679156374611,6,-512.4695330303787,-514.1837501801161,1.7142171497374648,2,0.154318324047204,-0.7094474239064467,-0.4151200088554049,-0.5622837163809258,-2.307520204165308,0.1061104200271179,0.0848528131486755,0.14459043521014792,0.2656391299344705,-0.12104869472432256,both_correct,-0.12104869472432261
24,600,300,response_tables/trial_00300_hard_negative_structure_obs-empirical_prior-axis_edge_parallel_rel0p5x.npz,hard_negative_structure,empirical,axis_edge_parallel,0.5,per_candidate,1.0,4,16,40,756,0,source_row:9885,-1,15,0.0138010904192924,0.7,0.01,time_varying,1.5,0.5,catalog_residual_profile,topk_logmeanexp,2,0.19,outputs/fixation_statistics_by_stimulus_all_sessions_after_review/backimage_image_disjoint_compact_basis_delta025_v1/image_disjoint_compact_basis_delta0p25_fold0of2.npz,10,0,source_row:9885,True,1.0,1.088985458037655,-307.8047336153414,0,source_row:9885,True,1.0,1.0734600231890568,-308.0718589059305,0,source_row:9885,True,1.0,0.6762695508158458,-308.54553270514026,0,source_row:9885,True,1.0,0.8340374323001356,-308.00707543491507,0,source_row:9885,True,1.0,0.831549445974531,-308.068943487525,0.0029154184055073,0.9984833597863788,6,-307.97844694267496,-308.4315639800721,0.4531170373971349,2,0.0110495183189416,-0.087705415355915,0.2646719594141618,0.0884832720291233,-0.9470973796297384,0.0089647554244672,0.0079186201391204,-0.06186805260995243,-0.05938006628434778,-0.002487986325604652,both_correct,-0.002487986325604652
25,601,300,response_tables/trial_00300_hard_negative_structure_obs-empirical_prior-axis_edge_orthogonal_rel0p5x.npz,hard_negative_structure,empirical,axis_edge_orthogonal,0.5,per_candidate,1.0,4,16,40,756,0,source_row:9885,-1,5,0.0139295235276222,0.7,0.01,time_varying,1.5,0.5,catalog_residual_profile,topk_logmeanexp,2,0.19,outputs/fixation_statistics_by_stimulus_all_sessions_after_review/backimage_image_disjoint_compact_basis_delta025_v1/image_disjoint_compact_basis_delta0p25_fold0of2.npz,10,0,source_row:9885,True,1.0,1.088985458037655,-307.8047336153414,0,source_row:9885,True,1.0,1.0734600231890568,-308.0718589059305,0,source_row:9885,True,1.0,1.1330194848831638,-308.68013917752967,0,source_row:9885,True,1.0,1.0416962760118054,-308.0079721936367,0,source_row:9885,True,1.0,1.1856007934786703,-308.1002892264912,-0.0284303205606875,0.9906463787184158,5,-307.9849117588817,-308.5248479662302,0.5399362073484895,2,0.0126866714927805,0.1798750986479452,0.4698456753334626,0.3248603869907039,-1.566825639237022,0.0123213707076403,0.0079186201391204,-0.09231703285450976,-0.2362215503213747,0.14390451746686495,both_correct,0.14390451746686495
26,602,301,response_tables/trial_00301_hard_negative_structure_obs-empirical_prior-axis_edge_parallel_rel1x.npz,hard_negative_structure,empirical,axis_edge_parallel,1.0,per_candidate,1.0,4,16,40,756,0,source_row:9885,-1,0,0.0287045426666736,0.7,0.01,time_varying,1.5,0.5,catalog_residual_profile,topk_logmeanexp,2,0.19,outputs/fixation_statistics_by_stimulus_all_sessions_after_review/backimage_image_disjoint_compact_basis_delta025_v1/image_disjoint_compact_basis_delta0p25_fold0of2.npz,10,0,source_row:9885,True,1.0,1.2424977583635268,-337.57566143901926,0,source_row:9885,True,1.0,1.3550099957903967,-338.8034771837205,0,source_row:9885,True,1.0,0.5002762864367583,-339.5299604692902,0,source_row:9885,True,1.0,0.8288036814746533,-338.096898803835,0,source_row:9885,True,1.0,0.8037341211280022,-338.3395696641344,0.4639075195861437,0.98781166895775,11,-338.0528674669996,-339.2823235297995,1.2294560627998976,2,0.0696590207411073,-0.2136248669167023,0.282587248800821,0.0344811909420593,-18.34620200877748,0.0697922064959028,0.0158372402782408,-0.2426708602993699,-0.21760129995266198,-0.02506956034670793,both_correct,-0.025069560346651087
27,603,301,response_tables/trial_00301_hard_negative_structure_obs-empirical_prior-axis_edge_orthogonal_rel1x.npz,hard_negative_structure,empirical,axis_edge_orthogonal,1.0,per_candidate,1.0,4,16,40,756,0,source_row:9885,-1,13,0.0262163691222667,0.7,0.01,time_varying,1.5,0.5,catalog_residual_profile,topk_logmeanexp,2,0.19,outputs/fixation_statistics_by_stimulus_all_sessions_after_review/backimage_image_disjoint_compact_basis_delta025_v1/image_disjoint_compact_basis_delta0p25_fold0of2.npz,10,0,source_row:9885,True,1.0,1.2424977583635268,-337.57566143901926,0,source_row:9885,True,1.0,1.3550099957903967,-338.8034771837205,0,source_row:9885,True,1.0,1.5343428881516843,-340.124152483175,0,source_row:9885,True,1.0,1.5233353630837885,-338.29204133151046,0,source_row:9885,True,1.0,1.411614116199701,-338.53958719088854,0.2638899928319347,0.9770446995184852,11,-338.16252443283463,-339.6381397258802,1.4756152930455642,2,0.0776999167031843,-0.1761689664742352,-0.2049413929195321,-0.1905551796968836,-23.07033279872349,0.0734751535551212,0.0158372402782408,-0.2475458593780786,-0.13582461249399103,-0.11172124688408758,both_correct,-0.11172124688408758
28,604,302,response_tables/trial_00302_hard_negative_structure_obs-empirical_prior-axis_edge_parallel_rel2x.npz,hard_negative_structure,empirical,axis_edge_parallel,2.0,per_candidate,1.0,4,16,40,756,0,source_row:9885,-1,5,0.0595837831497192,0.7,0.01,time_varying,1.5,0.5,catalog_residual_profile,topk_logmeanexp,2,0.19,outputs/fixation_statistics_by_stimulus_all_sessions_after_review/backimage_image_disjoint_compact_basis_delta025_v1/image_disjoint_compact_basis_delta0p25_fold0of2.npz,10,0,source_row:9885,True,1.0,2.176042865494708,-472.86152159542905,0,source_row:9885,True,1.0,2.534145846705087,-487.0804209064642,0,source_row:9885,True,1.0,0.4380026558276881,-476.3388337664575,0,source_row:9885,True,1.0,1.208010695332746,-474.8091947549141,0,source_row:9885,True,1.0,0.8697563540876558,-474.7150992144249,12.365321692039345,0.9607645914466344,8,-474.424852619785,-475.5686797987566,1.1438271789715486,2,0.0602664056078856,-0.4326106878038076,0.2624864998495225,-0.0850620939771425,-2.6201917762115974,0.0525639187749482,0.0316744805564817,0.0940955404891497,0.4323498817342397,-0.33825434124509,both_correct,-0.33825434124509024
29,605,302,response_tables/trial_00302_hard_negative_structure_obs-empirical_prior-axis_edge_orthogonal_rel2x.npz,hard_negative_structure,empirical,axis_edge_orthogonal,2.0,per_candidate,1.0,4,16,40,756,0,source_row:9885,-1,1,0.0692579895257949,0.7,0.01,time_varying,1.5,0.5,catalog_residual_profile,topk_logmeanexp,2,0.19,outputs/fixation_statistics_by_stimulus_all_sessions_after_review/backimage_image_disjoint_compact_basis_delta025_v1/image_disjoint_compact_basis_delta0p25_fold0of2.npz,10,0,source_row:9885,True,1.0,2.176042865494708,-472.86152159542905,0,source_row:9885,True,1.0,2.534145846705087,-487.0804209064642,0,source_row:9885,True,1.0,1.2802393276317616,-477.2506393611627,0,source_row:9885,True,1.0,1.5749481032182755,-475.65845586515456,0,source_row:9885,True,1.0,1.6845041529426226,-475.2748563200007,11.80556458646356,0.987775025617816,12,-474.934437177757,-476.2569305430008,1.3224933652438151,2,0.0876748479940734,-0.4419775763536249,-0.4309951757682879,-0.4364863760609564,-6.66180404277398,0.0712388511410207,0.0316744805564817,0.3835995451538565,0.2740434954295097,0.10955604972434685,both_correct,0.10955604972434707
30,606,303,response_tables/trial_00303_hard_negative_structure_obs-empirical_prior-axis_edge_parallel_rel0p5x.npz,hard_negative_structure,empirical,axis_edge_parallel,0.5,per_candidate,1.0,4,16,40,756,0,source_row:9961,-1,0,0.015061005949974,0.7,0.01,time_varying,1.5,0.5,catalog_residual_profile,topk_logmeanexp,2,0.19,outputs/fixation_statistics_by_stimulus_all_sessions_after_review/backimage_image_disjoint_compact_basis_delta025_v1/image_disjoint_compact_basis_delta0p25_fold0of2.npz,10,0,source_row:9961,True,1.0,0.0,-313.197246020492,0,source_row:9961,True,1.0,0.0,-313.36801840927325,0,source_row:9961,True,1.0,0.0,-314.1287274227015,0,source_row:9961,True,1.0,0.0,-313.3609318049935,0,source_row:9961,True,1.0,0.0,-313.5149733015791,-0.146954892305871,0.9992324279927332,0,-313.3430674066064,-314.0330307618217,0.6899633552153546,2,0.0148873241738952,0.1592629335605579,-0.1025808073431614,0.0283410631086982,-2.2302474573779927,0.0130502160201953,0.008283211462986,-0.15404149658559163,-0.15404149658559163,0.0,both_correct,0.0
31,607,303,response_tables/trial_00303_hard_negative_structure_obs-empirical_prior-axis_edge_orthogonal_rel0p5x.npz,hard_negative_structure,empirical,axis_edge_orthogonal,0.5,per_candidate,1.0,4,16,40,756,0,source_row:9961,-1,0,0.0168095380067825,0.7,0.01,time_varying,1.5,0.5,catalog_residual_profile,topk_logmeanexp,2,0.19,outputs/fixation_statistics_by_stimulus_all_sessions_after_review/backimage_image_disjoint_compact_basis_delta025_v1/image_disjoint_compact_basis_delta0p25_fold0of2.npz,10,0,source_row:9961,True,1.0,0.0,-313.197246020492,0,source_row:9961,True,1.0,0.0,-313.36801840927325,0,source_row:9961,True,1.0,0.0,-314.21686123681906,0,source_row:9961,True,1.0,0.0,-313.3946595422079,0,source_row:9961,True,1.0,0.0,-313.5725775728158,-0.2045591635425694,0.9999122486780578,0,-313.3917960421326,-314.1931159679018,0.8013199257691781,2,0.0136508834764252,0.0478892628815545,-0.1290034434085571,-0.0405570902635012,-1.715964079440501,0.0101632832138379,0.008283211462986,-0.1779180306079411,-0.1779180306079411,0.0,both_correct,0.0
32,608,304,response_tables/trial_00304_hard_negative_structure_obs-empirical_prior-axis_edge_parallel_rel1x.npz,hard_negative_structure,empirical,axis_edge_parallel,1.0,per_candidate,1.0,4,16,40,756,0,source_row:9961,-1,7,0.0325910784304142,0.7,0.01,time_varying,1.5,0.5,catalog_residual_profile,topk_logmeanexp,2,0.19,outputs/fixation_statistics_by_stimulus_all_sessions_after_review/backimage_image_disjoint_compact_basis_delta025_v1/image_disjoint_compact_basis_delta0p25_fold0of2.npz,10,0,source_row:9961,True,1.0,0.0,-355.5379632055324,0,source_row:9961,True,1.0,0.0,-357.11825732562363,0,source_row:9961,True,1.0,0.0,-357.0107850905076,0,source_row:9961,True,1.0,0.0,-355.9995475538723,0,source_row:9961,True,1.0,0.0,-356.17270938917346,0.9455479364501684,0.9989638878305804,12,-355.974640430596,-356.8570499458168,0.882409515220786,2,0.0286983034920135,0.1602701562323099,0.1334806278282874,0.1468753920302986,-2.0009237419847032,0.0251411606074039,0.0165664229259721,-0.17316183530118678,-0.17316183530118678,0.0,both_correct,0.0
33,609,304,response_tables/trial_00304_hard_negative_structure_obs-empirical_prior-axis_edge_orthogonal_rel1x.npz,hard_negative_structure,empirical,axis_edge_orthogonal,1.0,per_candidate,1.0,4,16,40,756,0,source_row:9961,-1,12,0.0316527672111988,0.7,0.01,time_varying,1.5,0.5,catalog_residual_profile,topk_logmeanexp,2,0.19,outputs/fixation_statistics_by_stimulus_all_sessions_after_review/backimage_image_disjoint_compact_basis_delta025_v1/image_disjoint_compact_basis_delta0p25_fold0of2.npz,10,0,source_row:9961,True,1.0,0.0,-355.5379632055324,0,source_row:9961,True,1.0,0.0,-357.11825732562363,0,source_row:9961,True,1.0,0.0,-357.05551430884685,0,source_row:9961,True,1.0,0.0,-355.992526512279,0,source_row:9961,True,1.0,0.0,-356.1831328047227,0.9351245209009562,0.9993807618090784,12,-355.9683607418973,-356.90114996728715,0.932789225389854,2,0.0283975599297323,-0.0811339125433111,0.1840164872971827,0.0514412873769358,-1.9383570064620803,0.0255291310804502,0.0165664229259721,-0.1906062924436469,-0.1906062924436469,0.0,both_correct,0.0
34,610,305,response_tables/trial_00305_hard_negative_structure_obs-empirical_prior-axis_edge_parallel_rel2x.npz,hard_negative_structure,empirical,axis_edge_parallel,2.0,per_candidate,1.0,4,16,40,756,0,source_row:9961,-1,0,0.0652790516614914,0.7,0.01,time_varying,1.5,0.5,catalog_residual_profile,topk_logmeanexp,2,0.19,outputs/fixation_statistics_by_stimulus_all_sessions_after_review/backimage_image_disjoint_compact_basis_delta025_v1/image_disjoint_compact_basis_delta0p25_fold0of2.npz,10,0,source_row:9961,True,1.0,0.0,-480.2040465724799,2,source_row:3345,False,2.0,-0.1108711396689159,-496.1418342450829,0,source_row:9961,True,1.0,0.0,-483.8084055065239,0,source_row:9961,True,1.0,0.0,-483.1042686373518,0,source_row:9961,True,1.0,0.0,-482.9801667020176,13.161667543065278,0.99638270517374,5,-482.8485031027976,-483.47561271399593,0.627109611198307,2,0.096266469279792,0.1286407770648186,-0.0221196884406349,0.0532605443120918,-7.441752350512242,0.0927919235033214,0.0331328458519442,0.12410193533423808,0.12410193533423808,0.0,both_correct,0.0
35,611,305,response_tables/trial_00305_hard_negative_structure_obs-empirical_prior-axis_edge_orthogonal_rel2x.npz,hard_negative_structure,empirical,axis_edge_orthogonal,2.0,per_candidate,1.0,4,16,40,756,0,source_row:9961,-1,3,0.0667284429073333,0.7,0.01,time_varying,1.5,0.5,catalog_residual_profile,topk_logmeanexp,2,0.19,outputs/fixation_statistics_by_stimulus_all_sessions_after_review/backimage_image_disjoint_compact_basis_delta025_v1/image_disjoint_compact_basis_delta0p25_fold0of2.npz,10,0,source_row:9961,True,1.0,0.0,-480.2040465724799,2,source_row:3345,False,2.0,-0.1108711396689159,-496.1418342450829,0,source_row:9961,True,1.0,0.0,-484.1176513718326,0,source_row:9961,True,1.0,0.0,-483.2921154990135,0,source_row:9961,True,1.0,0.0,-483.1311033729066,13.01073087217634,0.9927633196913804,5,-482.9252646339439,-483.6475332557672,0.7222686218232184,2,0.0986451861851315,-0.1317692451034446,-0.0123883207306623,-0.0720787829170535,-7.864093200138999,0.0923111210250286,0.0331328458519442,0.16101212610692528,0.16101212610692528,0.0,both_correct,0.0
36,612,306,response_tables/trial_00306_hard_negative_structure_obs-empirical_prior-axis_edge_parallel_rel0p5x.npz,hard_negative_structure,empirical,axis_edge_parallel,0.5,per_candidate,1.0,4,16,40,756,0,source_row:9967,-1,8,0.0170042943209409,0.7,0.01,time_varying,1.5,0.5,catalog_residual_profile,topk_logmeanexp,2,0.19,outputs/fixation_statistics_by_stimulus_all_sessions_after_review/backimage_image_disjoint_compact_basis_delta025_v1/image_disjoint_compact_basis_delta0p25_fold0of2.npz,10,0,source_row:9967,True,1.0,0.0,-315.4309640767105,0,source_row:9967,True,1.0,0.0,-315.61834189656247,0,source_row:9967,True,1.0,0.0,-316.5852540452562,0,source_row:9967,True,1.0,0.0,-315.61772982995615,0,source_row:9967,True,1.0,0.0,-315.78379992062327,-0.165458024060797,0.9993218944455662,8,-315.6055610434172,-316.5163862265936,0.9108251831764278,2,0.014419480347242,-0.012763254850618,0.2023241469620313,0.0947804460557066,-1.5875083215404424,0.0113724171292131,0.0089641420895144,-0.16607009066711953,-0.16607009066711953,0.0,both_correct,0.0
37,613,306,response_tables/trial_00306_hard_negative_structure_obs-empirical_prior-axis_edge_orthogonal_rel0p5x.npz,hard_negative_structure,empirical,axis_edge_orthogonal,0.5,per_candidate,1.0,4,16,40,756,0,source_row:9967,-1,8,0.0149797042831778,0.7,0.01,time_varying,1.5,0.5,catalog_residual_profile,topk_logmeanexp,2,0.19,outputs/fixation_statistics_by_stimulus_all_sessions_after_review/backimage_image_disjoint_compact_basis_delta025_v1/image_disjoint_compact_basis_delta0p25_fold0of2.npz,10,0,source_row:9967,True,1.0,0.0,-315.4309640767105,0,source_row:9967,True,1.0,0.0,-315.61834189656247,0,source_row:9967,True,1.0,0.0,-316.64689112274544,0,source_row:9967,True,1.0,0.0,-315.61027437713307,0,source_row:9967,True,1.0,0.0,-315.7782870984093,-0.1599452018468241,0.9997715675371636,8,-315.5882738104418,-316.53189484121555,0.9436210307737268,2,0.0185169242012258,0.4955622172012207,-0.3541659072134669,0.0706981549938769,-3.266976331302595,0.0144011172713498,0.0089641420895144,-0.16801272127622724,-0.16801272127622724,0.0,both_correct,0.0
38,614,307,response_tables/trial_00307_hard_negative_structure_obs-empirical_prior-axis_edge_parallel_rel1x.npz,hard_negative_structure,empirical,axis_edge_parallel,1.0,per_candidate,1.0,4,16,40,756,0,source_row:9967,-1,13,0.0343541353940963,0.7,0.01,time_varying,1.5,0.5,catalog_residual_profile,topk_logmeanexp,2,0.19,outputs/fixation_statistics_by_stimulus_all_sessions_after_review/backimage_image_disjoint_compact_basis_delta025_v1/image_disjoint_compact_basis_delta0p25_fold0of2.npz,10,0,source_row:9967,True,1.0,0.0,-352.72816028990724,0,source_row:9967,True,1.0,0.0,-354.29066343430736,0,source_row:9967,True,1.0,0.0,-354.5222612057485,0,source_row:9967,True,1.0,0.0,-353.5216233821027,0,source_row:9967,True,1.0,0.0,-353.57338836607283,0.7172750682345281,0.9978954122541092,7,-353.3937305050493,-354.25945751317033,0.8657270081210413,2,0.0532740451171737,-0.3082700723990126,-0.4345980698454473,-0.37143407112223,-7.829861535344106,0.0462221101556874,0.0179282841790289,-0.05176498397014484,-0.05176498397014484,0.0,both_correct,0.0
39,615,307,response_tables/trial_00307_hard_negative_structure_obs-empirical_prior-axis_edge_orthogonal_rel1x.npz,hard_negative_structure,empirical,axis_edge_orthogonal,1.0,per_candidate,1.0,4,16,40,756,0,source_row:9967,-1,13,0.0323601178824901,0.7,0.01,time_varying,1.5,0.5,catalog_residual_profile,topk_logmeanexp,2,0.19,outputs/fixation_statistics_by_stimulus_all_sessions_after_review/backimage_image_disjoint_compact_basis_delta025_v1/image_disjoint_compact_basis_delta0p25_fold0of2.npz,10,0,source_row:9967,True,1.0,0.0,-352.72816028990724,0,source_row:9967,True,1.0,0.0,-354.29066343430736,0,source_row:9967,True,1.0,0.0,-354.5493726112521,0,source_row:9967,True,1.0,0.0,-353.4880721570283,0,source_row:9967,True,1.0,0.0,-353.5663598062472,0.72430362806017,0.9991117652204444,1,-353.3751313416807,-354.2774610165858,0.9023296749051042,2,0.0761134684029523,0.2236306061350003,-0.4551928965166879,-0.1157811451908437,-17.023767243088862,0.0686518891140452,0.0179282841790289,-0.07828764921890752,-0.07828764921890752,0.0,both_correct,0.0
40,616,308,response_tables/trial_00308_hard_negative_structure_obs-empirical_prior-axis_edge_parallel_rel2x.npz,hard_negative_structure,empirical,axis_edge_parallel,2.0,per_candidate,1.0,4,16,40,756,0,source_row:9967,-1,10,0.0732259452342987,0.7,0.01,time_varying,1.5,0.5,catalog_residual_profile,topk_logmeanexp,2,0.19,outputs/fixation_statistics_by_stimulus_all_sessions_after_review/backimage_image_disjoint_compact_basis_delta025_v1/image_disjoint_compact_basis_delta0p25_fold0of2.npz,10,0,source_row:9967,True,1.0,0.0,-452.0825167157493,2,source_row:3345,False,2.0,-0.0777502080242698,-463.57386858732673,0,source_row:9967,True,1.0,0.0,-455.7427458307059,0,source_row:9967,True,1.0,0.0,-454.1715582834045,0,source_row:9967,True,1.0,0.0,-454.4075147541184,9.166353833208348,0.9998579239924944,1,-453.9837787386995,-455.2943811262502,1.3106023875506594,2,0.0694491360118943,-0.5140205073803671,-0.2463949192644641,-0.3802077133224156,-2.751424825392891,0.04782218630472,0.0358565683580578,-0.23595647071385883,-0.23595647071385883,0.0,both_correct,0.0
41,617,308,response_tables/trial_00308_hard_negative_structure_obs-empirical_prior-axis_edge_orthogonal_rel2x.npz,hard_negative_structure,empirical,axis_edge_orthogonal,2.0,per_candidate,1.0,4,16,40,756,0,source_row:9967,-1,8,0.0701759681105613,0.7,0.01,time_varying,1.5,0.5,catalog_residual_profile,topk_logmeanexp,2,0.19,outputs/fixation_statistics_by_stimulus_all_sessions_after_review/backimage_image_disjoint_compact_basis_delta025_v1/image_disjoint_compact_basis_delta0p25_fold0of2.npz,10,0,source_row:9967,True,1.0,0.0,-452.0825167157493,2,source_row:3345,False,2.0,-0.0777502080242698,-463.57386858732673,0,source_row:9967,True,1.0,0.0,-455.8076173467194,0,source_row:9967,True,1.0,0.0,-454.5379466374994,0,source_row:9967,True,1.0,0.0,-454.5144375993367,9.059430987990083,0.9930829057529132,1,-454.2660245645275,-455.3823496456209,1.1163250810933505,2,0.0659624782547438,0.3944045904359729,-0.2084487036457031,0.0929779433951348,-2.3842035884949966,0.0512773918430283,0.0358565683580578,0.023509038162671914,0.023509038162671914,0.0,both_correct,0.0
42,618,309,response_tables/trial_00309_hard_negative_structure_obs-empirical_prior-axis_edge_parallel_rel0p5x.npz,hard_negative_structure,empirical,axis_edge_parallel,0.5,per_candidate,1.0,4,16,40,756,0,source_row:9996,-1,2,0.0134237818419933,0.7,0.01,time_varying,1.5,0.5,catalog_residual_profile,topk_logmeanexp,2,0.19,outputs/fixation_statistics_by_stimulus_all_sessions_after_review/backimage_image_disjoint_compact_basis_delta025_v1/image_disjoint_compact_basis_delta0p25_fold0of2.npz,10,0,source_row:9996,True,1.0,0.547716318002017,-222.6199119121513,0,source_row:9996,True,1.0,0.1494730622226256,-223.2039937837232,0,source_row:9996,True,1.0,0.3847526244188657,-223.20773197261823,0,source_row:9996,True,1.0,0.4148666480931524,-222.7488588210201,0,source_row:9996,True,1.0,0.4056989781281288,-222.83265351533208,0.3713402683911226,0.6574680879255136,2,-222.73183544310496,-223.12114739252897,0.3893119494240125,2,0.0256803696887732,0.620347999841663,0.3731514713707894,0.4967497356062262,-3.232618256831402,0.0303222408941555,0.012482360495062,-0.08379469431199027,-0.07462702434693824,-0.009167669965052028,both_correct,-0.009167669965023606
43,619,309,response_tables/trial_00309_hard_negative_structure_obs-empirical_prior-axis_edge_orthogonal_rel0p5x.npz,hard_negative_structure,empirical,axis_edge_orthogonal,0.5,per_candidate,1.0,4,16,40,756,0,source_row:9996,-1,13,0.0204682145267725,0.7,0.01,time_varying,1.5,0.5,catalog_residual_profile,topk_logmeanexp,2,0.19,outputs/fixation_statistics_by_stimulus_all_sessions_after_review/backimage_image_disjoint_compact_basis_delta025_v1/image_disjoint_compact_basis_delta0p25_fold0of2.npz,10,0,source_row:9996,True,1.0,0.547716318002017,-222.6199119121513,0,source_row:9996,True,1.0,0.1494730622226256,-223.2039937837232,0,source_row:9996,True,1.0,0.4885396286275636,-223.29755517669565,0,source_row:9996,True,1.0,0.4358213936976653,-222.85128621129664,0,source_row:9996,True,1.0,0.4192307988405446,-222.93836649824053,0.2656272854826227,0.4633042287184004,5,-222.8256840774488,-223.2647136436085,0.4390295661596894,2,0.0190194293702006,0.3688510415431652,0.0901809571665215,0.2295159993548434,-1.3216755286242703,0.0157351925236686,0.012482360495062,-0.08708028694388759,-0.07048969208690892,-0.01659059485697867,both_correct,-0.016590594857120722
44,620,310,response_tables/trial_00310_hard_negative_structure_obs-empirical_prior-axis_edge_parallel_rel1x.npz,hard_negative_structure,empirical,axis_edge_parallel,1.0,per_candidate,1.0,4,16,40,756,0,source_row:9996,-1,1,0.0268475636839866,0.7,0.01,time_varying,1.5,0.5,catalog_residual_profile,topk_logmeanexp,2,0.19,outputs/fixation_statistics_by_stimulus_all_sessions_after_review/backimage_image_disjoint_compact_basis_delta025_v1/image_disjoint_compact_basis_delta0p25_fold0of2.npz,10,0,source_row:9996,True,1.0,1.0003799437579346,-278.60042229827,1,source_row:10506,False,3.0,-1.158647068614016,-283.6668618984341,0,source_row:9996,True,1.0,0.5060775170408647,-280.41674499536214,0,source_row:9996,True,1.0,0.7100991637031484,-279.25138030949864,0,source_row:9996,True,1.0,0.6523846385803154,-279.305185761118,4.361676137316124,-0.5644564015712147,1,-279.12756810706503,-279.7105857993478,0.5830176922827945,2,0.0414241570071842,0.4996878902988754,0.297573517933867,0.3986307041163712,-1.7533024739689878,0.0447825256445628,0.024964720990124,-0.05380545161938244,0.06249790753713569,-0.11630335915651813,both_correct,-0.05771452512283304
45,621,310,response_tables/trial_00310_hard_negative_structure_obs-empirical_prior-axis_edge_orthogonal_rel1x.npz,hard_negative_structure,empirical,axis_edge_orthogonal,1.0,per_candidate,1.0,4,16,40,756,0,source_row:9996,-1,8,0.0426834560930728,0.7,0.01,time_varying,1.5,0.5,catalog_residual_profile,topk_logmeanexp,2,0.19,outputs/fixation_statistics_by_stimulus_all_sessions_after_review/backimage_image_disjoint_compact_basis_delta025_v1/image_disjoint_compact_basis_delta0p25_fold0of2.npz,10,0,source_row:9996,True,1.0,1.0003799437579346,-278.60042229827,1,source_row:10506,False,3.0,-1.158647068614016,-283.6668618984341,0,source_row:9996,True,1.0,0.7046145045675303,-280.5549300135209,0,source_row:9996,True,1.0,0.4168835251222162,-279.74403267285265,0,source_row:9996,True,1.0,0.526806396523682,-279.69614860141826,3.970713297015891,-0.6498848875711761,3,-279.5636526777559,-280.1059052555857,0.5422525778297995,2,0.0796009923133773,-0.5560475059337787,0.2901432750616932,-0.1329521154360427,-9.166782439222626,0.0768416477998543,0.024964720990124,0.04788407143439599,-0.015714813926422266,0.06359888536081826,both_correct,0.10992287140146578
46,622,311,response_tables/trial_00311_hard_negative_structure_obs-empirical_prior-axis_edge_parallel_rel2x.npz,hard_negative_structure,empirical,axis_edge_parallel,2.0,per_candidate,1.0,4,16,40,756,0,source_row:9996,-1,14,0.0625006332993507,0.7,0.01,time_varying,1.5,0.5,catalog_residual_profile,topk_logmeanexp,2,0.19,outputs/fixation_statistics_by_stimulus_all_sessions_after_review/backimage_image_disjoint_compact_basis_delta025_v1/image_disjoint_compact_basis_delta0p25_fold0of2.npz,10,0,source_row:9996,True,1.0,1.3558479472053475,-376.7073776227909,1,source_row:10506,False,3.0,-3.736454073864934,-400.5482315890338,0,source_row:9996,True,1.0,0.7734019872722229,-380.3594332363687,0,source_row:9996,True,1.0,0.6976926703115396,-378.7149898004718,0,source_row:9996,True,1.0,0.9308267051589496,-378.7646185073772,21.783613081656654,-0.8054093296195896,10,-378.1839922163358,-379.69343859445655,1.5094463781207423,2,0.0983945726718686,-0.5497135497671601,-0.003553708217078,-0.2766336289921191,-2.8835496618633245,0.0653813168431717,0.049929441980248,-0.04962870690536647,-0.28276274175271965,0.23313403484735318,both_correct,0.23313403484741002
47,623,311,response_tables/trial_00311_hard_negative_structure_obs-empirical_prior-axis_edge_orthogonal_rel2x.npz,hard_negative_structure,empirical,axis_edge_orthogonal,2.0,per_candidate,1.0,4,16,40,756,0,source_row:9996,-1,7,0.0814773514866828,0.7,0.01,time_varying,1.5,0.5,catalog_residual_profile,topk_logmeanexp,2,0.19,outputs/fixation_statistics_by_stimulus_all_sessions_after_review/backimage_image_disjoint_compact_basis_delta025_v1/image_disjoint_compact_basis_delta0p25_fold0of2.npz,10,0,source_row:9996,True,1.0,1.3558479472053475,-376.7073776227909,1,source_row:10506,False,3.0,-3.736454073864934,-400.5482315890338,0,source_row:9996,True,1.0,1.007272385364729,-380.3281095257624,0,source_row:9996,True,1.0,0.8189673025573825,-378.7200884321033,0,source_row:9996,True,1.0,0.826518967989557,-378.94979163974574,21.598439949288093,-0.3335983231337752,10,-378.45817444119103,-379.9352435032008,1.4770690620097753,2,0.0833290308922204,0.7219401149724174,-0.1192032946603053,0.301368410156056,-1.785346550586182,0.0700098950274593,0.049929441980248,-0.22970320764244434,-0.2372548730746189,0.007551665432174559,both_correct,0.007551665432174559
48,624,312,response_tables/trial_00312_hard_negative_structure_obs-empirical_prior-axis_edge_parallel_rel0p5x.npz,hard_negative_structure,empirical,axis_edge_parallel,0.5,per_candidate,1.0,4,16,40,756,0,source_row:10001,-1,6,0.0200431160628795,0.7,0.01,time_varying,1.5,0.5,catalog_residual_profile,topk_logmeanexp,2,0.19,outputs/fixation_statistics_by_stimulus_all_sessions_after_review/backimage_image_disjoint_compact_basis_delta025_v1/image_disjoint_compact_basis_delta0p25_fold0of2.npz,10,0,source_row:10001,True,1.0,0.5861687013085373,-249.7718221122768,0,source_row:10001,True,1.0,0.2556208594367888,-250.01570212408592,0,source_row:10001,True,1.0,0.564160253948387,-250.82885989199173,0,source_row:10001,True,1.0,0.3109782182801837,-249.98125821915687,0,source_row:10001,True,1.0,0.4437090925665359,-250.11759911797543,-0.1018969938895111,0.978197604964658,4,-249.95011539772884,-250.72036327291084,0.7702478751820081,2,0.0159143858042533,-0.0789005655999793,0.0027260563959842,-0.0380872546019975,-1.340312300500567,0.0115661123601313,0.0104028652876054,-0.1363408988185597,-0.26907177310496877,0.13273087428640906,both_correct,0.13273087428635222
49,625,312,response_tables/trial_00312_hard_negative_structure_obs-empirical_prior-axis_edge_orthogonal_rel0p5x.npz,hard_negative_structure,empirical,axis_edge_orthogonal,0.5,per_candidate,1.0,4,16,40,756,0,source_row:10001,-1,13,0.0159937422722578,0.7,0.01,time_varying,1.5,0.5,catalog_residual_profile,topk_logmeanexp,2,0.19,outputs/fixation_statistics_by_stimulus_all_sessions_after_review/backimage_image_disjoint_compact_basis_delta025_v1/image_disjoint_compact_basis_delta0p25_fold0of2.npz,10,0,source_row:10001,True,1.0,0.5861687013085373,-249.7718221122768,0,source_row:10001,True,1.0,0.2556208594367888,-250.01570212408592,0,source_row:10001,True,1.0,0.6586607366676844,-250.79210168680268,0,source_row:10001,True,1.0,0.3809037935967296,-249.99324343836588,0,source_row:10001,True,1.0,0.5403752201422378,-250.12063650262465,-0.1049343785387009,0.999374574704803,0,-249.9754361523419,-250.7293032088363,0.7538670564944141,2,0.0172218068709846,0.3665065244501874,-0.002038101347901,0.1822342115511432,-1.7406367694141185,0.013805802592681,0.0104028652876054,-0.12739306425876862,-0.2868644908042768,0.15947142654550817,both_correct,0.15947142654550822
50,626,313,response_tables/trial_00313_hard_negative_structure_obs-empirical_prior-axis_edge_parallel_rel1x.npz,hard_negative_structure,empirical,axis_edge_parallel,1.0,per_candidate,1.0,4,16,40,756,0,source_row:10001,-1,5,0.0400862321257591,0.7,0.01,time_varying,1.5,0.5,catalog_residual_profile,topk_logmeanexp,2,0.19,outputs/fixation_statistics_by_stimulus_all_sessions_after_review/backimage_image_disjoint_compact_basis_delta025_v1/image_disjoint_compact_basis_delta0p25_fold0of2.npz,10,0,source_row:10001,True,1.0,0.8616703303096642,-289.6718240708596,3,source_row:10765,False,2.0,-0.2158284985922591,-291.6467074222471,0,source_row:10001,True,1.0,0.6945719959549592,-291.55927958224544,0,source_row:10001,True,1.0,0.6889172651673334,-290.3971549754747,0,source_row:10001,True,1.0,0.5915520283051592,-290.56473008694365,1.0819773353034634,-0.6833229256880036,3,-290.33914750775466,-291.3179073407516,0.9787598329969,2,0.0344487744044986,0.2798673389589103,-0.4025540651901477,-0.0613433631156186,-1.7414580863144908,0.030801150242794,0.0208057305752108,-0.1675751114689774,-0.07020987460680317,-0.09736523686217424,both_correct,-0.09736523686217424
51,627,313,response_tables/trial_00313_hard_negative_structure_obs-empirical_prior-axis_edge_orthogonal_rel1x.npz,hard_negative_structure,empirical,axis_edge_orthogonal,1.0,per_candidate,1.0,4,16,40,756,0,source_row:10001,-1,14,0.0304992590099573,0.7,0.01,time_varying,1.5,0.5,catalog_residual_profile,topk_logmeanexp,2,0.19,outputs/fixation_statistics_by_stimulus_all_sessions_after_review/backimage_image_disjoint_compact_basis_delta025_v1/image_disjoint_compact_basis_delta0p25_fold0of2.npz,10,0,source_row:10001,True,1.0,0.8616703303096642,-289.6718240708596,3,source_row:10765,False,2.0,-0.2158284985922591,-291.6467074222471,0,source_row:10001,True,1.0,0.5409898612963389,-291.7548707804729,0,source_row:10001,True,1.0,0.3954440663750915,-290.54918151859044,0,source_row:10001,True,1.0,0.5504378501677252,-290.61907286530703,1.027634556940086,-0.903415579810372,3,-290.37219146492635,-291.41326993723635,1.041078472310005,2,0.0454522570177673,0.050529376601995,-0.3705060543147008,-0.1599883388563528,-3.772489340662183,0.0360685491769356,0.0208057305752108,-0.06989134671658803,-0.2248851305092785,0.15499378379269046,both_correct,0.15499378379263368
52,628,314,response_tables/trial_00314_hard_negative_structure_obs-empirical_prior-axis_edge_parallel_rel2x.npz,hard_negative_structure,empirical,axis_edge_parallel,2.0,per_candidate,1.0,4,16,40,756,0,source_row:10001,-1,12,0.069418728351593,0.7,0.01,time_varying,1.5,0.5,catalog_residual_profile,topk_logmeanexp,2,0.19,outputs/fixation_statistics_by_stimulus_all_sessions_after_review/backimage_image_disjoint_compact_basis_delta025_v1/image_disjoint_compact_basis_delta0p25_fold0of2.npz,10,0,source_row:10001,True,1.0,1.2571927806827716,-395.51584273122114,3,source_row:10765,False,4.0,-3.8526472627287376,-410.6799179168359,0,source_row:10001,True,1.0,0.4746701713597758,-398.9474394981477,0,source_row:10001,True,1.0,0.2965980004555035,-397.9785799321429,0,source_row:10001,True,1.0,0.5174003993072347,-397.8168229421459,12.863094974689943,-0.9531121838632488,3,-397.4537673189929,-398.51779785606186,1.0640305370690155,2,0.0796359537275193,0.2712678365834898,-0.7206361780440845,-0.2246841707302973,-2.662624863717012,0.0733322377392206,0.0416114611504217,0.16175698999700217,-0.059045408854728976,0.22080239885173114,both_correct,0.2208023988517312
53,629,314,response_tables/trial_00314_hard_negative_structure_obs-empirical_prior-axis_edge_orthogonal_rel2x.npz,hard_negative_structure,empirical,axis_edge_orthogonal,2.0,per_candidate,1.0,4,16,40,756,0,source_row:10001,-1,6,0.0684220343828201,0.7,0.01,time_varying,1.5,0.5,catalog_residual_profile,topk_logmeanexp,2,0.19,outputs/fixation_statistics_by_stimulus_all_sessions_after_review/backimage_image_disjoint_compact_basis_delta025_v1/image_disjoint_compact_basis_delta0p25_fold0of2.npz,10,0,source_row:10001,True,1.0,1.2571927806827716,-395.51584273122114,3,source_row:10765,False,4.0,-3.8526472627287376,-410.6799179168359,0,source_row:10001,True,1.0,0.1945422350858621,-399.5694287296208,0,source_row:10001,True,1.0,0.045746681960054,-398.4159554443785,0,source_row:10001,True,1.0,0.2482584619980912,-398.1871081444105,12.492809772425346,-0.9534802439187372,10,-397.9410129563857,-398.9868416866475,1.0458287302618032,2,0.0739315702970727,-0.4302122623956348,-0.3578249146595805,-0.3940185885276076,-2.1567045005286944,0.0499824125934747,0.0416114611504217,0.22884729996798114,0.026335519929943985,0.20251178003803716,both_correct,0.20251178003803721
54,630,315,response_tables/trial_00315_hard_negative_structure_obs-empirical_prior-axis_edge_parallel_rel0p5x.npz,hard_negative_structure,empirical,axis_edge_parallel,0.5,per_candidate,1.0,4,16,40,756,0,source_row:10041,-1,6,0.016589168459177,0.7,0.01,time_varying,1.5,0.5,catalog_residual_profile,topk_logmeanexp,2,0.19,outputs/fixation_statistics_by_stimulus_all_sessions_after_review/backimage_image_disjoint_compact_basis_delta025_v1/image_disjoint_compact_basis_delta0p25_fold0of2.npz,10,0,source_row:10041,True,1.0,0.0052498345315825,-309.55275503624887,0,source_row:10041,True,1.0,0.017311109966954,-310.0194526969016,0,source_row:10041,True,1.0,0.0080756645551218,-310.35632225660737,0,source_row:10041,True,1.0,0.0087310233413404,-309.7966903362926,0,source_row:10041,True,1.0,0.0016157510352172,-309.85473595327124,0.1647167436303789,0.9998539631654147,3,-309.7534051996903,-310.2559152674373,0.5025100677469823,2,0.0349001574496767,-0.4822845056540059,0.2800503741313919,-0.101117065761307,-9.772354674839937,0.0316206404009513,0.0106333978726635,-0.05804561697863164,-0.050930344672508454,-0.007115272306123188,both_correct,-0.0071152723061231994
55,631,315,response_tables/trial_00315_hard_negative_structure_obs-empirical_prior-axis_edge_orthogonal_rel0p5x.npz,hard_negative_structure,empirical,axis_edge_orthogonal,0.5,per_candidate,1.0,4,16,40,756,0,source_row:10041,-1,9,0.0142565285786986,0.7,0.01,time_varying,1.5,0.5,catalog_residual_profile,topk_logmeanexp,2,0.19,outputs/fixation_statistics_by_stimulus_all_sessions_after_review/backimage_image_disjoint_compact_basis_delta025_v1/image_disjoint_compact_basis_delta0p25_fold0of2.npz,10,0,source_row:10041,True,1.0,0.0052498345315825,-309.55275503624887,0,source_row:10041,True,1.0,0.017311109966954,-310.0194526969016,1,source_row:11226,False,2.0,-0.0007602231645478,-310.51007465649946,1,source_row:11226,False,2.0,-0.0007917847760836,-309.7291366338052,1,source_row:11226,False,2.0,-0.002272800942876,-309.8515042174311,0.1679484794705104,0.9993735996963636,9,-309.70175859153306,-310.39423833982954,0.6924797482964777,2,0.014735095585556,0.5911510624666632,0.2978241518927199,0.4444876071796915,-0.9202677415026606,0.0161454122850851,0.0106333978726635,-0.12236758362593037,-0.12088656745913795,-0.0014810161667924149,both_wrong,-0.0014810161667924001
56,632,316,response_tables/trial_00316_hard_negative_structure_obs-empirical_prior-axis_edge_parallel_rel1x.npz,hard_negative_structure,empirical,axis_edge_parallel,1.0,per_candidate,1.0,4,16,40,756,0,source_row:10041,-1,3,0.0361714214086532,0.7,0.01,time_varying,1.5,0.5,catalog_residual_profile,topk_logmeanexp,2,0.19,outputs/fixation_statistics_by_stimulus_all_sessions_after_review/backimage_image_disjoint_compact_basis_delta025_v1/image_disjoint_compact_basis_delta0p25_fold0of2.npz,10,0,source_row:10041,True,1.0,0.0062292630003071,-361.5868771886954,2,source_row:4014,False,2.0,-0.0774153485060082,-365.0567717657462,0,source_row:10041,True,1.0,0.008935015404063,-363.149681163708,2,source_row:4014,False,2.0,-0.0354381092298012,-362.33327823543095,0,source_row:10041,True,1.0,6.466046710329465e-05,-362.3762429765509,2.6805287891952503,0.9847969226378538,14,-362.20742970537566,-362.9493741263338,0.7419444209581343,2,0.0468171105878028,-0.2784849716687841,-0.1205976129044584,-0.1995412922866212,-3.8462419625933633,0.037435922214533,0.021266795745327,-0.042964741119931205,-0.03800928873278053,-0.004955452387150672,rescued_by_residual,0.035502769696904496
57,633,316,response_tables/trial_00316_hard_negative_structure_obs-empirical_prior-axis_edge_orthogonal_rel1x.npz,hard_negative_structure,empirical,axis_edge_orthogonal,1.0,per_candidate,1.0,4,16,40,756,0,source_row:10041,-1,12,0.030794832855463,0.7,0.01,time_varying,1.5,0.5,catalog_residual_profile,topk_logmeanexp,2,0.19,outputs/fixation_statistics_by_stimulus_all_sessions_after_review/backimage_image_disjoint_compact_basis_delta025_v1/image_disjoint_compact_basis_delta0p25_fold0of2.npz,10,0,source_row:10041,True,1.0,0.0062292630003071,-361.5868771886954,2,source_row:4014,False,2.0,-0.0774153485060082,-365.0567717657462,0,source_row:10041,True,1.0,0.0078973156564643,-363.5161353952668,0,source_row:10041,True,1.0,0.0095982476750577,-362.3574285111719,0,source_row:10041,True,1.0,0.0048075688329731,-362.4574624149528,2.5993093507933622,0.9790301353450054,14,-362.2087332139528,-363.25911439611394,1.0503811821611748,2,0.0389004789813618,0.1368092495562654,0.1387522443191839,0.1377807469377246,-2.345844690436267,0.0354811929087397,0.021266795745327,-0.10003390378085442,-0.09524322493888349,-0.00479067884197093,both_correct,-0.0047906788420846
58,634,317,response_tables/trial_00317_hard_negative_structure_obs-empirical_prior-axis_edge_parallel_rel2x.npz,hard_negative_structure,empirical,axis_edge_parallel,2.0,per_candidate,1.0,4,16,40,756,0,source_row:10041,-1,10,0.066356673836708,0.7,0.01,time_varying,1.5,0.5,catalog_residual_profile,topk_logmeanexp,2,0.19,outputs/fixation_statistics_by_stimulus_all_sessions_after_review/backimage_image_disjoint_compact_basis_delta025_v1/image_disjoint_compact_basis_delta0p25_fold0of2.npz,10,0,source_row:10041,True,1.0,0.0188609256350105,-447.7286343917909,3,source_row:10818,False,3.0,-0.9385292939367104,-462.61519624461175,0,source_row:10041,True,1.0,0.0687931018424024,-450.6979721315097,0,source_row:10041,True,1.0,0.0923758451944536,-450.018837032318,0,source_row:10041,True,1.0,0.0271754515293878,-449.9559226836548,12.65927356095699,-0.9210856835117184,5,-449.7810243297317,-450.4027513189676,0.6217269892358104,2,0.0862407768803067,0.754509824596483,-0.284024453474501,0.2352426855609909,-3.11112998990959,0.0888965758696205,0.0425335914906541,0.06291434866318468,0.12811474232830733,-0.06520039366512265,both_correct,-0.0652003936650658
59,635,317,response_tables/trial_00317_hard_negative_structure_obs-empirical_prior-axis_edge_orthogonal_rel2x.npz,hard_negative_structure,empirical,axis_edge_orthogonal,2.0,per_candidate,1.0,4,16,40,756,0,source_row:10041,-1,12,0.0579082183539867,0.7,0.01,time_varying,1.5,0.5,catalog_residual_profile,topk_logmeanexp,2,0.19,outputs/fixation_statistics_by_stimulus_all_sessions_after_review/backimage_image_disjoint_compact_basis_delta025_v1/image_disjoint_compact_basis_delta0p25_fold0of2.npz,10,0,source_row:10041,True,1.0,0.0188609256350105,-447.7286343917909,3,source_row:10818,False,3.0,-0.9385292939367104,-462.61519624461175,0,source_row:10041,True,1.0,0.0382382505695204,-450.899149871065,0,source_row:10041,True,1.0,0.041194304028636,-449.8740820044593,0,source_row:10041,True,1.0,0.0286304037927607,-449.8900214059082,12.72517483870348,-0.9449932250628708,1,-449.6247515017986,-450.5578920751797,0.933140573381138,2,0.0639811744704673,0.1331761532030387,-0.1935324868750095,-0.0301781668359854,-1.2627694397046958,0.0477896559318865,0.0425335914906541,-0.015939401448918034,-0.003375501213042753,-0.01256390023587528,both_correct,-0.012563900235875298
60,636,318,response_tables/trial_00318_hard_negative_structure_obs-empirical_prior-axis_edge_parallel_rel0p5x.npz,hard_negative_structure,empirical,axis_edge_parallel,0.5,per_candidate,1.0,4,16,40,756,0,source_row:10140,-1,4,0.0184131804853677,0.7,0.01,time_varying,1.5,0.5,catalog_residual_profile,topk_logmeanexp,2,0.19,outputs/fixation_statistics_by_stimulus_all_sessions_after_review/backimage_image_disjoint_compact_basis_delta025_v1/image_disjoint_compact_basis_delta0p25_fold0of2.npz,10,0,source_row:10140,True,1.0,0.5302027269231075,-320.2795375502835,1,source_row:9421,False,4.0,-1.8218657550920057,-326.5041595553224,0,source_row:10140,True,1.0,0.3869958909871798,-322.6518265741097,0,source_row:10140,True,1.0,0.2271298792272773,-321.02494143278204,0,source_row:10140,True,1.0,0.4066282896316693,-321.171388665702,5.332770889620349,-0.9330939215464596,4,-320.89535684460714,-322.2387539303983,1.343397085791139,2,0.0376516585028246,0.4102881093904197,0.3046343438428891,0.3574612266166544,-1.6593971763946094,0.0404603574578754,0.0230883293742961,-0.14644723291996797,-0.32594564332435993,0.17949841040439196,both_correct,0.17949841040439202
61,637,318,response_tables/trial_00318_hard_negative_structure_obs-empirical_prior-axis_edge_orthogonal_rel0p5x.npz,hard_negative_structure,empirical,axis_edge_orthogonal,0.5,per_candidate,1.0,4,16,40,756,0,source_row:10140,-1,13,0.0348274335265159,0.7,0.01,time_varying,1.5,0.5,catalog_residual_profile,topk_logmeanexp,2,0.19,outputs/fixation_statistics_by_stimulus_all_sessions_after_review/backimage_image_disjoint_compact_basis_delta025_v1/image_disjoint_compact_basis_delta0p25_fold0of2.npz,10,0,source_row:10140,True,1.0,0.5302027269231075,-320.2795375502835,1,source_row:9421,False,4.0,-1.8218657550920057,-326.5041595553224,1,source_row:9421,False,2.0,-0.1173205259843825,-323.15475385338846,0,source_row:10140,True,1.0,0.0612712740470442,-321.0862878266895,0,source_row:10140,True,1.0,0.0849282594733153,-321.5362392927695,4.967920262552866,-0.3523084203575424,12,-320.90215495848804,-322.6228787898417,1.7207238313536664,2,0.038719287639896,0.2663937537670794,-0.2755796338385439,-0.0045929400357322,-1.8123521382501449,0.0302522644145441,0.0230883293742961,-0.4499514660799946,-0.47360845150626574,0.02365698542627115,both_correct,0.023656985426271093
62,638,319,response_tables/trial_00319_hard_negative_structure_obs-empirical_prior-axis_edge_parallel_rel1x.npz,hard_negative_structure,empirical,axis_edge_parallel,1.0,per_candidate,1.0,4,16,40,756,0,source_row:10140,-1,8,0.0368263609707355,0.7,0.01,time_varying,1.5,0.5,catalog_residual_profile,topk_logmeanexp,2,0.19,outputs/fixation_statistics_by_stimulus_all_sessions_after_review/backimage_image_disjoint_compact_basis_delta025_v1/image_disjoint_compact_basis_delta0p25_fold0of2.npz,10,0,source_row:10140,True,1.0,0.5398054203731135,-368.38457493209216,1,source_row:9421,False,4.0,-3.490104387633494,-381.81336319538224,0,source_row:10140,True,1.0,0.3287733690544314,-370.6767472355045,0,source_row:10140,True,1.0,0.6950589610016777,-369.5033129017145,0,source_row:10140,True,1.0,0.5071758240936219,-369.5287582845382,12.284604910844052,-0.8877995832274476,8,-369.15938955886577,-370.0733071722634,0.9139176133976434,2,0.0527756294557551,0.3664144270576018,0.0192811836962816,0.1928478053769417,-0.3062365559546187,0.0466247851601719,0.0461766587485922,-0.025445382823704676,0.251769196755788,-0.2772145795794927,both_correct,-0.1878831369080558
63,639,319,response_tables/trial_00319_hard_negative_structure_obs-empirical_prior-axis_edge_orthogonal_rel1x.npz,hard_negative_structure,empirical,axis_edge_orthogonal,1.0,per_candidate,1.0,4,16,40,756,0,source_row:10140,-1,0,0.0682159215211868,0.7,0.01,time_varying,1.5,0.5,catalog_residual_profile,topk_logmeanexp,2,0.19,outputs/fixation_statistics_by_stimulus_all_sessions_after_review/backimage_image_disjoint_compact_basis_delta025_v1/image_disjoint_compact_basis_delta0p25_fold0of2.npz,10,0,source_row:10140,True,1.0,0.5398054203731135,-368.38457493209216,1,source_row:9421,False,4.0,-3.490104387633494,-381.81336319538224,2,source_row:6124,False,2.0,-0.0661687202199914,-370.9544009189193,0,source_row:10140,True,1.0,0.0577458022908672,-369.6161407496866,0,source_row:10140,True,1.0,0.1030705812896712,-369.59412427552894,12.219238919853296,-0.732835738462418,5,-369.4110651054961,-370.2986221048224,0.887556999326307,2,0.0617868188834882,0.5680358346424468,-0.2996839452599394,0.1341759446912536,-0.7903859533785482,0.0399903627217109,0.0461766587485922,0.022016474157680932,-0.023308304841123118,0.04532477899880405,both_correct,0.045324778998804
64,640,320,response_tables/trial_00320_hard_negative_structure_obs-empirical_prior-axis_edge_parallel_rel2x.npz,hard_negative_structure,empirical,axis_edge_parallel,2.0,per_candidate,1.0,4,16,40,756,0,source_row:10140,-1,6,0.0589334182441234,0.7,0.01,time_varying,1.5,0.5,catalog_residual_profile,topk_logmeanexp,2,0.19,outputs/fixation_statistics_by_stimulus_all_sessions_after_review/backimage_image_disjoint_compact_basis_delta025_v1/image_disjoint_compact_basis_delta0p25_fold0of2.npz,10,0,source_row:10140,True,1.0,0.7960871769093956,-426.6740370826032,1,source_row:9421,False,4.0,-5.5150474462745365,-451.4290276317056,0,source_row:10140,True,1.0,0.3076632145497342,-430.4695996871577,0,source_row:10140,True,1.0,0.2320357121369056,-429.0198438273591,0,source_row:10140,True,1.0,0.2548711180979239,-429.1581188209996,22.270908810705976,-0.8686833369269904,11,-428.8875390676831,-430.1055947934568,1.218055725773752,2,0.18698915379824,-0.8395433590517465,-0.6172535584160168,-0.7283984587338816,-3.856242226445815,0.1110157052791216,0.0848528132664568,-0.13827499364049345,-0.13024772081297442,-0.008027272827519027,both_correct,0.022835405961018296
65,641,320,response_tables/trial_00320_hard_negative_structure_obs-empirical_prior-axis_edge_orthogonal_rel2x.npz,hard_negative_structure,empirical,axis_edge_orthogonal,2.0,per_candidate,1.0,4,16,40,756,0,source_row:10140,-1,9,0.1291649043560028,0.7,0.01,time_varying,1.5,0.5,catalog_residual_profile,topk_logmeanexp,2,0.19,outputs/fixation_statistics_by_stimulus_all_sessions_after_review/backimage_image_disjoint_compact_basis_delta025_v1/image_disjoint_compact_basis_delta0p25_fold0of2.npz,10,0,source_row:10140,True,1.0,0.7960871769093956,-426.6740370826032,1,source_row:9421,False,4.0,-5.5150474462745365,-451.4290276317056,0,source_row:10140,True,1.0,0.081440636630873,-430.3273848614392,0,source_row:10140,True,1.0,0.0991195699913305,-428.297979459006,0,source_row:10140,True,1.0,0.1816796240639178,-428.7911583234077,22.637869308297866,-0.8518956685543891,11,-428.1719501816124,-430.0483797256219,1.8764295440095111,2,0.1382525106878951,0.9227755617736932,-0.5919678497382401,0.1654038560177265,-1.6546884619333215,0.1047226077928228,0.0848528132664568,-0.4931788644017274,-0.5757389184744284,0.08256005407270095,both_correct,0.0825600540725873
66,642,321,response_tables/trial_00321_hard_negative_structure_obs-empirical_prior-axis_edge_parallel_rel0p5x.npz,hard_negative_structure,empirical,axis_edge_parallel,0.5,per_candidate,1.0,4,16,40,756,0,source_row:10161,-1,12,0.0751723051071167,0.7,0.01,time_varying,1.5,0.5,catalog_residual_profile,topk_logmeanexp,2,0.19,outputs/fixation_statistics_by_stimulus_all_sessions_after_review/backimage_image_disjoint_compact_basis_delta025_v1/image_disjoint_compact_basis_delta0p25_fold0of2.npz,10,0,source_row:10161,True,1.0,1.3739573983547189,-514.8706478789197,2,source_row:369,False,2.0,-8.974600427284827,-540.552741916821,0,source_row:10161,True,1.0,0.4157546001222272,-520.1344296616314,0,source_row:10161,True,1.0,0.5815350678236655,-517.4856172774714,0,source_row:10161,True,1.0,0.4509868321755448,-517.5207155508782,23.032026365942784,0.344614387881119,12,-516.7662730718367,-518.8321590629341,2.065885991097389,2,0.1060680566651309,0.4154101868109176,-0.3552419518844311,0.0300841174632432,-0.5764941823328757,0.0898212063767992,0.0844769889554774,-0.035098273406788394,0.6600056927226206,-0.695103966129409,both_correct,-0.13054823564812068
67,643,321,response_tables/trial_00321_hard_negative_structure_obs-empirical_prior-axis_edge_orthogonal_rel0p5x.npz,hard_negative_structure,empirical,axis_edge_orthogonal,0.5,per_candidate,1.0,4,16,40,756,0,source_row:10161,-1,10,0.1071621850132942,0.7,0.01,time_varying,1.5,0.5,catalog_residual_profile,topk_logmeanexp,2,0.19,outputs/fixation_statistics_by_stimulus_all_sessions_after_review/backimage_image_disjoint_compact_basis_delta025_v1/image_disjoint_compact_basis_delta0p25_fold0of2.npz,10,0,source_row:10161,True,1.0,1.3739573983547189,-514.8706478789197,2,source_row:369,False,2.0,-8.974600427284827,-540.552741916821,3,source_row:25,False,3.0,-0.0916728751966502,-520.748971690358,3,source_row:25,False,2.0,-0.3735122308244172,-518.3608943501958,0,source_row:10161,True,1.0,0.3561672082566929,-517.8891331872592,22.66360872956181,0.3134727306786948,12,-517.5444959401132,-519.0355938986087,1.4910979584955155,2,0.1258439023743106,-0.2993474311935243,-0.2469797879901931,-0.2731636095918587,-1.2191543131760765,0.0846355367910046,0.0844769889554774,0.4717611629366729,0.5363336638590681,-0.06457250092239519,rescued_by_residual,0.7296794390811101
68,644,322,response_tables/trial_00322_hard_negative_structure_obs-empirical_prior-axis_edge_parallel_rel1x.npz,hard_negative_structure,empirical,axis_edge_parallel,1.0,per_candidate,1.0,4,16,40,756,0,source_row:10161,-1,4,0.0686200484633445,0.7,0.01,time_varying,1.5,0.5,catalog_residual_profile,topk_logmeanexp,2,0.19,outputs/fixation_statistics_by_stimulus_all_sessions_after_review/backimage_image_disjoint_compact_basis_delta025_v1/image_disjoint_compact_basis_delta0p25_fold0of2.npz,10,0,source_row:10161,True,1.0,1.3762424851311152,-515.1897093964269,2,source_row:369,False,2.0,-8.99022481403506,-540.9380987051992,0,source_row:10161,True,1.0,0.8369135276559518,-517.9136595612154,0,source_row:10161,True,1.0,0.9238361975448016,-516.0665156642871,0,source_row:10161,True,1.0,0.8802456205754652,-516.2975473848812,24.640551320317968,0.0234287121712417,1,-515.9684702112273,-517.6907247300766,1.7222545188492404,2,0.0621855406118532,0.8306423387569744,-0.5855464591147722,0.122547939821101,0.4629109066831022,0.0722404294288691,0.0848528136250674,-0.2310317205941601,0.03585863267971945,-0.26689035327387955,both_correct,-0.043590576969336436
69,645,322,response_tables/trial_00322_hard_negative_structure_obs-empirical_prior-axis_edge_orthogonal_rel1x.npz,hard_negative_structure,empirical,axis_edge_orthogonal,1.0,per_candidate,1.0,4,16,40,756,0,source_row:10161,-1,3,0.1056579574942588,0.7,0.01,time_varying,1.5,0.5,catalog_residual_profile,topk_logmeanexp,2,0.19,outputs/fixation_statistics_by_stimulus_all_sessions_after_review/backimage_image_disjoint_compact_basis_delta025_v1/image_disjoint_compact_basis_delta0p25_fold0of2.npz,10,0,source_row:10161,True,1.0,1.3762424851311152,-515.1897093964269,2,source_row:369,False,2.0,-8.99022481403506,-540.9380987051992,0,source_row:10161,True,1.0,0.4282618228153296,-518.4467461399433,0,source_row:10161,True,1.0,0.423044230889559,-516.7911736793571,0,source_row:10161,True,1.0,0.5441155345372408,-516.9633154627954,23.97478324240376,0.1328027298266376,3,-516.6283933215757,-518.1222677590898,1.4938744375141368,2,0.077751965452233,0.926346003061402,0.674943292443061,0.8006446477522315,0.1603655349441659,0.0579899914984959,0.0848528136250674,-0.1721417834382919,-0.2932130870859737,0.12107130364768182,both_correct,0.12107130364768182
70,646,323,response_tables/trial_00323_hard_negative_structure_obs-empirical_prior-axis_edge_parallel_rel2x.npz,hard_negative_structure,empirical,axis_edge_parallel,2.0,per_candidate,1.0,4,16,40,756,0,source_row:10161,-1,4,0.0641495510935783,0.7,0.01,time_varying,1.5,0.5,catalog_residual_profile,topk_logmeanexp,2,0.19,outputs/fixation_statistics_by_stimulus_all_sessions_after_review/backimage_image_disjoint_compact_basis_delta025_v1/image_disjoint_compact_basis_delta0p25_fold0of2.npz,10,0,source_row:10161,True,1.0,1.3762424851311152,-515.1897093964269,2,source_row:369,False,2.0,-8.99022481403506,-540.9380987051992,0,source_row:10161,True,1.0,0.6262695605518047,-517.6864594611252,0,source_row:10161,True,1.0,0.8609665271947051,-515.8345246386589,0,source_row:10161,True,1.0,0.6674302480988672,-516.3596596793027,24.5784390258965,-0.1550584777828858,4,-515.7611099797972,-517.3260631377433,1.564953157946093,2,0.0471598318373225,0.9701826954459254,-0.720593690255705,0.1247945025951102,0.6911042020729823,0.076023956629461,0.0848528136250674,-0.5251350406438178,-0.33159876154797985,-0.19353627909583793,both_correct,-0.19353627909583793
71,647,323,response_tables/trial_00323_hard_negative_structure_obs-empirical_prior-axis_edge_orthogonal_rel2x.npz,hard_negative_structure,empirical,axis_edge_orthogonal,2.0,per_candidate,1.0,4,16,40,756,0,source_row:10161,-1,3,0.1093835085630416,0.7,0.01,time_varying,1.5,0.5,catalog_residual_profile,topk_logmeanexp,2,0.19,outputs/fixation_statistics_by_stimulus_all_sessions_after_review/backimage_image_disjoint_compact_basis_delta025_v1/image_disjoint_compact_basis_delta0p25_fold0of2.npz,10,0,source_row:10161,True,1.0,1.3762424851311152,-515.1897093964269,2,source_row:369,False,2.0,-8.99022481403506,-540.9380987051992,0,source_row:10161,True,1.0,0.0118591958324714,-518.5714183759055,1,source_row:4203,False,4.0,-0.3086231285677741,-517.4011318268435,0,source_row:10161,True,1.0,0.1174127072378041,-517.250932513403,23.687166191796223,-0.5585588311554982,4,-516.9685033722413,-518.0188587649127,1.0503553926713494,2,0.1180439381466427,-0.8518198438748456,-0.6847308549635472,-0.7682753494191964,-0.9353293571805548,0.0538139012727873,0.0848528136250674,0.15019931344056658,-0.27583652236501166,0.42603583580557824,rescued_by_residual,0.4260358358055782
72,648,324,response_tables/trial_00324_hard_negative_structure_obs-empirical_prior-axis_edge_parallel_rel0p5x.npz,hard_negative_structure,empirical,axis_edge_parallel,0.5,per_candidate,1.0,4,16,40,756,0,source_row:10370,-1,14,0.0244612302631139,0.7,0.01,time_varying,1.5,0.5,catalog_residual_profile,topk_logmeanexp,2,0.19,outputs/fixation_statistics_by_stimulus_all_sessions_after_review/backimage_image_disjoint_compact_basis_delta025_v1/image_disjoint_compact_basis_delta0p25_fold0of2.npz,10,0,source_row:10370,True,1.0,0.247639252893407,-376.2681667960801,2,source_row:6354,False,4.0,-1.324522530481886,-380.03689875311056,2,source_row:6354,False,4.0,-0.3463532668935158,-378.17354486111367,1,source_row:3076,False,3.0,-0.0853869745617998,-377.1484322582753,1,source_row:3076,False,2.0,-0.0386277152373963,-377.0785924236368,2.958306329473772,-0.6403373008727111,3,-376.9314887794864,-377.6294394469325,0.6979506674461504,2,0.0441018666764336,-0.1313085309948871,-0.2806630511875606,-0.2059857910912238,-5.593899854206815,0.0391089781941139,0.0171745670778273,0.06983983463851473,0.02308057531411123,0.0467592593244035,both_wrong,0.04675925932440351
73,649,324,response_tables/trial_00324_hard_negative_structure_obs-empirical_prior-axis_edge_orthogonal_rel0p5x.npz,hard_negative_structure,empirical,axis_edge_orthogonal,0.5,per_candidate,1.0,4,16,40,756,0,source_row:10370,-1,11,0.0245127603411674,0.7,0.01,time_varying,1.5,0.5,catalog_residual_profile,topk_logmeanexp,2,0.19,outputs/fixation_statistics_by_stimulus_all_sessions_after_review/backimage_image_disjoint_compact_basis_delta025_v1/image_disjoint_compact_basis_delta0p25_fold0of2.npz,10,0,source_row:10370,True,1.0,0.247639252893407,-376.2681667960801,2,source_row:6354,False,4.0,-1.324522530481886,-380.03689875311056,2,source_row:6354,False,4.0,-0.4937724666450549,-378.4810726297238,0,source_row:10370,True,1.0,0.0257029423675021,-377.346433768573,2,source_row:6354,False,3.0,-0.1425315789907699,-377.3133083268277,2.72359042628284,0.9231953706102612,12,-377.1855274989524,-377.7391163056951,0.5535888067426527,2,0.0637575714912173,0.5331445905376463,-0.4059243913891704,0.0636100995742379,-12.781355506695784,0.0579137943602389,0.0171745670778273,0.03312544174525556,0.20135996310352766,-0.1682345213582721,lost_by_residual,-0.168234521358272
74,650,325,response_tables/trial_00325_hard_negative_structure_obs-empirical_prior-axis_edge_parallel_rel1x.npz,hard_negative_structure,empirical,axis_edge_parallel,1.0,per_candidate,1.0,4,16,40,756,0,source_row:10370,-1,8,0.0497115887701511,0.7,0.01,time_varying,1.5,0.5,catalog_residual_profile,topk_logmeanexp,2,0.19,outputs/fixation_statistics_by_stimulus_all_sessions_after_review/backimage_image_disjoint_compact_basis_delta025_v1/image_disjoint_compact_basis_delta0p25_fold0of2.npz,10,0,source_row:10370,True,1.0,0.4138115249444922,-510.7122316904147,2,source_row:6354,False,4.0,-4.314124723841246,-531.4849075983122,3,source_row:8352,False,4.0,-0.7679979146934102,-516.6186875718203,3,source_row:8352,False,3.0,-0.7041776108709428,-515.2232030830066,3,source_row:8352,False,2.0,-0.413286165498107,-514.1289637053814,17.355943892930895,0.1349862619216301,11,-513.4771774763203,-515.1833457730098,1.7061682966894978,2,0.1011117984011761,0.2299721771310285,-0.5270683436292031,-0.1485480832490872,-7.665070119587506,0.1007445928360302,0.0343491341556546,1.0942393776252857,0.8033479322524499,0.29089144537283573,both_wrong,0.2908914453728358
75,651,325,response_tables/trial_00325_hard_negative_structure_obs-empirical_prior-axis_edge_orthogonal_rel1x.npz,hard_negative_structure,empirical,axis_edge_orthogonal,1.0,per_candidate,1.0,4,16,40,756,0,source_row:10370,-1,11,0.0511218197643756,0.7,0.01,time_varying,1.5,0.5,catalog_residual_profile,topk_logmeanexp,2,0.19,outputs/fixation_statistics_by_stimulus_all_sessions_after_review/backimage_image_disjoint_compact_basis_delta025_v1/image_disjoint_compact_basis_delta0p25_fold0of2.npz,10,0,source_row:10370,True,1.0,0.4138115249444922,-510.7122316904147,2,source_row:6354,False,4.0,-4.314124723841246,-531.4849075983122,3,source_row:8352,False,4.0,-0.9127527912736468,-517.365911609605,3,source_row:8352,False,4.0,-1.361146852480374,-516.2814212967982,1,source_row:3076,False,4.0,-0.3258428110810882,-514.3520164240433,17.132891174268934,0.3489579826378463,11,-513.8472297388773,-515.2054339900855,1.3582042512081216,2,0.1369481602470834,0.1660524668638743,-0.4571587746284181,-0.1455531538822718,-14.895742404811369,0.1232478309212557,0.0343491341556546,1.9294048727548443,1.5995769708499665,0.32982790190487776,both_wrong,1.0353040413992858
76,652,326,response_tables/trial_00326_hard_negative_structure_obs-empirical_prior-axis_edge_parallel_rel2x.npz,hard_negative_structure,empirical,axis_edge_parallel,2.0,per_candidate,1.0,4,16,40,756,0,source_row:10370,-1,13,0.1097689718008041,0.7,0.01,time_varying,1.5,0.5,catalog_residual_profile,topk_logmeanexp,2,0.19,outputs/fixation_statistics_by_stimulus_all_sessions_after_review/backimage_image_disjoint_compact_basis_delta025_v1/image_disjoint_compact_basis_delta0p25_fold0of2.npz,10,0,source_row:10370,True,1.0,0.4853315728468033,-621.1227381127151,2,source_row:6354,False,4.0,-6.719336226781934,-668.2721856819555,2,source_row:6354,False,3.0,-1.258045948561744,-630.1187917209718,2,source_row:6354,False,4.0,-1.3637029792913609,-629.0181248871095,3,source_row:8352,False,3.0,-0.5273615059460326,-627.5777062834162,40.69447939853933,0.8837461999158412,8,-627.2809701841298,-628.4766346122218,1.195664428091959,2,0.1624624588397608,-0.4586554287007161,-0.5861596519161315,-0.5224075403084238,-4.592609088200048,0.1259543619454407,0.0686982683113093,1.4404186036932742,0.8863768988816219,0.5540417048116524,both_wrong,0.8363414733453283
77,653,326,response_tables/trial_00326_hard_negative_structure_obs-empirical_prior-axis_edge_orthogonal_rel2x.npz,hard_negative_structure,empirical,axis_edge_orthogonal,2.0,per_candidate,1.0,4,16,40,756,0,source_row:10370,-1,14,0.102496214210987,0.7,0.01,time_varying,1.5,0.5,catalog_residual_profile,topk_logmeanexp,2,0.19,outputs/fixation_statistics_by_stimulus_all_sessions_after_review/backimage_image_disjoint_compact_basis_delta025_v1/image_disjoint_compact_basis_delta0p25_fold0of2.npz,10,0,source_row:10370,True,1.0,0.4853315728468033,-621.1227381127151,2,source_row:6354,False,4.0,-6.719336226781934,-668.2721856819555,2,source_row:6354,False,4.0,-1.4614845582223095,-630.1726928300485,2,source_row:6354,False,4.0,-1.2724238025463137,-628.8028615802509,2,source_row:6354,False,4.0,-0.4018559733851816,-627.3105419686042,40.96164371335135,0.7791151180116355,5,-627.0379273914451,-628.3192957621125,1.281368370667337,2,0.1337449547272725,-0.2276611773118676,-0.4582657266662749,-0.3429634519890713,-2.7902096797635334,0.0951746089406876,0.0686982683113093,1.4923196116467352,0.6217517824856031,0.8705678291611321,both_wrong,0.8705678291611321
78,654,327,response_tables/trial_00327_hard_negative_structure_obs-empirical_prior-axis_edge_parallel_rel0p5x.npz,hard_negative_structure,empirical,axis_edge_parallel,0.5,per_candidate,1.0,4,16,40,756,0,source_row:10392,-1,15,0.0979475975036621,0.7,0.01,time_varying,1.5,0.5,catalog_residual_profile,topk_logmeanexp,2,0.19,outputs/fixation_statistics_by_stimulus_all_sessions_after_review/backimage_image_disjoint_compact_basis_delta025_v1/image_disjoint_compact_basis_delta0p25_fold0of2.npz,10,0,source_row:10392,True,1.0,1.463184718903392,-494.2962905906241,1,source_row:2457,False,2.0,-9.474064012296822,-520.713765119779,1,source_row:2457,False,2.0,-0.3402046293393255,-500.5823030301072,0,source_row:10392,True,1.0,0.3554036486474956,-497.861638192636,0,source_row:10392,True,1.0,0.6756585591551243,-497.51344795459823,23.20031716518082,0.4831979020734019,11,-496.8821496253389,-498.7143820321621,1.8322324068232088,2,0.127414092083402,0.8460808299399921,0.8746678601323112,0.8603743450361516,-1.2547709443476904,0.1594662746926834,0.0848528139047657,0.34819023803777327,0.027935327530144605,0.32025491050762867,both_correct,0.3202549105076287
79,655,327,response_tables/trial_00327_hard_negative_structure_obs-empirical_prior-axis_edge_orthogonal_rel0p5x.npz,hard_negative_structure,empirical,axis_edge_orthogonal,0.5,per_candidate,1.0,4,16,40,756,0,source_row:10392,-1,5,0.1066076681017875,0.7,0.01,time_varying,1.5,0.5,catalog_residual_profile,topk_logmeanexp,2,0.19,outputs/fixation_statistics_by_stimulus_all_sessions_after_review/backimage_image_disjoint_compact_basis_delta025_v1/image_disjoint_compact_basis_delta0p25_fold0of2.npz,10,0,source_row:10392,True,1.0,1.463184718903392,-494.2962905906241,1,source_row:2457,False,2.0,-9.474064012296822,-520.713765119779,0,source_row:10392,True,1.0,0.1062102973459104,-499.755699512426,1,source_row:2457,False,2.0,-0.0048940383257445,-497.7270976311669,0,source_row:10392,True,1.0,0.7849370497896757,-497.0697517783811,23.644013341397965,0.3395058122389308,0,-496.4952125044744,-498.2650217511674,1.7698092466930575,2,0.155130055770941,0.8139771105594792,-0.9056042332134135,-0.0458135613269672,-2.342407515470725,0.0931300382206835,0.0848528139047657,0.6573458527857952,-0.13248523532962508,0.7898310881154202,rescued_by_residual,0.7898310881154202
80,656,328,response_tables/trial_00328_hard_negative_structure_obs-empirical_prior-axis_edge_parallel_rel1x.npz,hard_negative_structure,empirical,axis_edge_parallel,1.0,per_candidate,1.0,4,16,40,756,0,source_row:10392,-1,2,0.0920951440930366,0.7,0.01,time_varying,1.5,0.5,catalog_residual_profile,topk_logmeanexp,2,0.19,outputs/fixation_statistics_by_stimulus_all_sessions_after_review/backimage_image_disjoint_compact_basis_delta025_v1/image_disjoint_compact_basis_delta0p25_fold0of2.npz,10,0,source_row:10392,True,1.0,1.463184718903392,-494.2962905906241,1,source_row:2457,False,2.0,-9.474064012296822,-520.713765119779,0,source_row:10392,True,1.0,0.5518235002259644,-499.7092652579357,0,source_row:10392,True,1.0,1.2153665135487015,-497.01073740757954,0,source_row:10392,True,1.0,1.1012592715470646,-496.847868906286,23.865896213493045,0.3766471553700392,2,-495.9848681386265,-498.2881802228346,2.3033120842081303,2,0.1226064467550934,0.6023724759777297,0.0128004108968059,0.3075864434372678,-1.087825101163304,0.1307589957489879,0.0848528139047657,0.1628685012935307,0.276975743295111,-0.11410724200158029,both_correct,-0.11410724200163691
81,657,328,response_tables/trial_00328_hard_negative_structure_obs-empirical_prior-axis_edge_orthogonal_rel1x.npz,hard_negative_structure,empirical,axis_edge_orthogonal,1.0,per_candidate,1.0,4,16,40,756,0,source_row:10392,-1,11,0.1086224094033241,0.7,0.01,time_varying,1.5,0.5,catalog_residual_profile,topk_logmeanexp,2,0.19,outputs/fixation_statistics_by_stimulus_all_sessions_after_review/backimage_image_disjoint_compact_basis_delta025_v1/image_disjoint_compact_basis_delta0p25_fold0of2.npz,10,0,source_row:10392,True,1.0,1.463184718903392,-494.2962905906241,1,source_row:2457,False,2.0,-9.474064012296822,-520.713765119779,0,source_row:10392,True,1.0,0.4961294085666736,-500.0227711091918,0,source_row:10392,True,1.0,0.8376143700607486,-497.5425343213195,0,source_row:10392,True,1.0,0.9141689256205724,-497.2280144600494,23.48575065972966,0.0980492767507659,2,-496.5170215350667,-498.42084080327646,1.9038192682097588,2,0.1075232799533118,0.3327123552610805,0.1198080526895915,0.226260203975336,-0.6057299566207646,0.0735480275970498,0.0848528139047657,0.3145198612701279,0.23796530571019048,0.0765545555599374,both_correct,0.07655455555982382
82,658,329,response_tables/trial_00329_hard_negative_structure_obs-empirical_prior-axis_edge_parallel_rel2x.npz,hard_negative_structure,empirical,axis_edge_parallel,2.0,per_candidate,1.0,4,16,40,756,0,source_row:10392,-1,10,0.0946144387125969,0.7,0.01,time_varying,1.5,0.5,catalog_residual_profile,topk_logmeanexp,2,0.19,outputs/fixation_statistics_by_stimulus_all_sessions_after_review/backimage_image_disjoint_compact_basis_delta025_v1/image_disjoint_compact_basis_delta0p25_fold0of2.npz,10,0,source_row:10392,True,1.0,1.463184718903392,-494.2962905906241,1,source_row:2457,False,2.0,-9.474064012296822,-520.713765119779,0,source_row:10392,True,1.0,0.1604183295311827,-498.9942921976914,0,source_row:10392,True,1.0,0.6927218449241082,-497.2425953359885,0,source_row:10392,True,1.0,1.0222790956269705,-496.8947095723592,23.81905554741985,0.3904271511971456,13,-496.6530471377175,-497.7749526436299,1.1219055059123662,2,0.1337466276812047,0.3733821200063845,0.4760167612635996,0.424699440634992,-1.4844667149487307,0.1271093933648973,0.0848528139047657,0.3478857636292787,0.01832851292653004,0.32955725070274866,both_correct,0.32955725070286235
83,659,329,response_tables/trial_00329_hard_negative_structure_obs-empirical_prior-axis_edge_orthogonal_rel2x.npz,hard_negative_structure,empirical,axis_edge_orthogonal,2.0,per_candidate,1.0,4,16,40,756,0,source_row:10392,-1,14,0.1086184382438659,0.7,0.01,time_varying,1.5,0.5,catalog_residual_profile,topk_logmeanexp,2,0.19,outputs/fixation_statistics_by_stimulus_all_sessions_after_review/backimage_image_disjoint_compact_basis_delta025_v1/image_disjoint_compact_basis_delta0p25_fold0of2.npz,10,0,source_row:10392,True,1.0,1.463184718903392,-494.2962905906241,1,source_row:2457,False,2.0,-9.474064012296822,-520.713765119779,0,source_row:10392,True,1.0,0.345868218004739,-499.1279791104196,0,source_row:10392,True,1.0,0.4643164291896937,-497.7842464726468,0,source_row:10392,True,1.0,0.6614383166977404,-497.4434829748832,23.27028214489588,0.4758562899068158,12,-497.08325692617296,-498.1986956937694,1.1154387675964583,2,0.1727317486845841,0.2414663054391762,-0.5204319018679627,-0.1394827982143932,-3.143924567977921,0.1267832107971448,0.0848528139047657,0.34076349776364623,0.14364161025559952,0.1971218875080467,both_correct,0.19712188750804677
84,660,330,response_tables/trial_00330_hard_negative_structure_obs-empirical_prior-axis_edge_parallel_rel0p5x.npz,hard_negative_structure,empirical,axis_edge_parallel,0.5,per_candidate,1.0,4,16,40,756,0,source_row:10423,-1,2,0.023281343281269,0.7,0.01,time_varying,1.5,0.5,catalog_residual_profile,topk_logmeanexp,2,0.19,outputs/fixation_statistics_by_stimulus_all_sessions_after_review/backimage_image_disjoint_compact_basis_delta025_v1/image_disjoint_compact_basis_delta0p25_fold0of2.npz,10,0,source_row:10423,True,1.0,0.2018994994846252,-318.2240251947412,1,source_row:6852,False,2.0,-0.0896518165121165,-320.29394028748214,0,source_row:10423,True,1.0,0.0677937810739308,-319.5058148178434,0,source_row:10423,True,1.0,0.0814429131535234,-318.8420571330312,0,source_row:10423,True,1.0,0.0895729148807049,-318.8114251325507,1.4825151549314342,0.6697910745110729,12,-318.6887110032929,-319.1592060228015,0.4704950195085757,2,0.0385111058388192,-0.1491356261191962,-0.1242978537480704,-0.1367167399336333,-4.211886990382659,0.0324884492138601,0.016868967220886,0.030632000480466104,0.022501998753284624,0.00813000172718148,both_correct,0.008130001727181507
85,661,330,response_tables/trial_00330_hard_negative_structure_obs-empirical_prior-axis_edge_orthogonal_rel0p5x.npz,hard_negative_structure,empirical,axis_edge_orthogonal,0.5,per_candidate,1.0,4,16,40,756,0,source_row:10423,-1,2,0.0264320597052574,0.7,0.01,time_varying,1.5,0.5,catalog_residual_profile,topk_logmeanexp,2,0.19,outputs/fixation_statistics_by_stimulus_all_sessions_after_review/backimage_image_disjoint_compact_basis_delta025_v1/image_disjoint_compact_basis_delta0p25_fold0of2.npz,10,0,source_row:10423,True,1.0,0.2018994994846252,-318.2240251947412,1,source_row:6852,False,2.0,-0.0896518165121165,-320.29394028748214,0,source_row:10423,True,1.0,0.0141152875903003,-319.7969816523861,1,source_row:6852,False,2.0,-0.0478694412008167,-319.00726282023385,1,source_row:6852,False,2.0,-0.0137965057765541,-319.0188235571612,1.275116730320974,0.9362353246210412,0,-318.87930298426625,-319.55118940542286,0.6718864211566142,2,0.0312775023613373,-0.1995915734798227,0.247603084271872,0.0240057553960246,-2.437851731925374,0.0272593314770515,0.016868967220886,-0.011560736927378912,-0.045633672351584664,0.03407293542420575,both_wrong,0.0340729354242626
86,662,331,response_tables/trial_00331_hard_negative_structure_obs-empirical_prior-axis_edge_parallel_rel1x.npz,hard_negative_structure,empirical,axis_edge_parallel,1.0,per_candidate,1.0,4,16,40,756,0,source_row:10423,-1,7,0.0520868971943855,0.7,0.01,time_varying,1.5,0.5,catalog_residual_profile,topk_logmeanexp,2,0.19,outputs/fixation_statistics_by_stimulus_all_sessions_after_review/backimage_image_disjoint_compact_basis_delta025_v1/image_disjoint_compact_basis_delta0p25_fold0of2.npz,10,0,source_row:10423,True,1.0,0.2147688424793727,-419.3343651995736,1,source_row:6852,False,2.0,-0.7273567844889612,-432.8155629364082,1,source_row:6852,False,2.0,-0.031326887347177,-424.8855108332036,1,source_row:6852,False,2.0,-0.0796403367128277,-423.3076315684143,0,source_row:10423,True,1.0,0.0111688081226475,-423.25772751840736,9.557835418000876,0.6913629387116256,2,-422.7128954607465,-424.1180060188024,1.4051105580559238,2,0.0899842956278611,0.0483154931974552,0.0889809997440537,0.0686482464707545,-6.113715017991384,0.0851849408526024,0.033737934441772,0.04990405000694409,-0.04090509482853122,0.09080914483547531,rescued_by_residual,0.09080914483547521
87,663,331,response_tables/trial_00331_hard_negative_structure_obs-empirical_prior-axis_edge_orthogonal_rel1x.npz,hard_negative_structure,empirical,axis_edge_orthogonal,1.0,per_candidate,1.0,4,16,40,756,0,source_row:10423,-1,6,0.0545952841639518,0.7,0.01,time_varying,1.5,0.5,catalog_residual_profile,topk_logmeanexp,2,0.19,outputs/fixation_statistics_by_stimulus_all_sessions_after_review/backimage_image_disjoint_compact_basis_delta025_v1/image_disjoint_compact_basis_delta0p25_fold0of2.npz,10,0,source_row:10423,True,1.0,0.2147688424793727,-419.3343651995736,1,source_row:6852,False,2.0,-0.7273567844889612,-432.8155629364082,0,source_row:10423,True,1.0,0.0790095183492667,-425.0268350094215,0,source_row:10423,True,1.0,0.0671024879284232,-423.0128854214368,0,source_row:10423,True,1.0,0.0023665955902174,-422.8661607434542,9.94940219295404,0.104444625020385,2,-422.2303863991148,-423.9302391899225,1.6998527908077676,2,0.0853864003912985,0.233890412848403,-0.098534048282091,0.0676781822831559,-5.4053140968129565,0.0787782367685005,0.033737934441772,0.14672467798260413,0.21146057032075305,-0.06473589233814891,both_correct,-0.0647358923382058
88,664,332,response_tables/trial_00332_hard_negative_structure_obs-empirical_prior-axis_edge_parallel_rel2x.npz,hard_negative_structure,empirical,axis_edge_parallel,2.0,per_candidate,1.0,4,16,40,756,0,source_row:10423,-1,11,0.0950376391410827,0.7,0.01,time_varying,1.5,0.5,catalog_residual_profile,topk_logmeanexp,2,0.19,outputs/fixation_statistics_by_stimulus_all_sessions_after_review/backimage_image_disjoint_compact_basis_delta025_v1/image_disjoint_compact_basis_delta0p25_fold0of2.npz,10,0,source_row:10423,True,1.0,0.2213996713202277,-476.5899754199747,1,source_row:6852,False,2.0,-1.1099670647620314,-505.5191760397421,2,source_row:8553,False,3.0,-0.0469884681659209,-484.260302587712,2,source_row:8553,False,3.0,-0.0580772894422807,-481.68894447784817,2,source_row:8553,False,2.0,-0.0500506584269828,-482.1141793609913,23.40499667875082,-0.376807152189045,6,-481.26663761442506,-483.557440258002,2.290802643576967,2,0.1014582400566619,0.1850564758899462,0.4579766207983627,0.3215165483441544,-1.2608808630076696,0.0906045616566935,0.0674758688835441,-0.425234883143105,-0.43326151415840286,0.00802663101529788,both_wrong,0.008026631015297901
89,665,332,response_tables/trial_00332_hard_negative_structure_obs-empirical_prior-axis_edge_orthogonal_rel2x.npz,hard_negative_structure,empirical,axis_edge_orthogonal,2.0,per_candidate,1.0,4,16,40,756,0,source_row:10423,-1,11,0.1064328625798225,0.7,0.01,time_varying,1.5,0.5,catalog_residual_profile,topk_logmeanexp,2,0.19,outputs/fixation_statistics_by_stimulus_all_sessions_after_review/backimage_image_disjoint_compact_basis_delta025_v1/image_disjoint_compact_basis_delta0p25_fold0of2.npz,10,0,source_row:10423,True,1.0,0.2213996713202277,-476.5899754199747,1,source_row:6852,False,2.0,-1.1099670647620314,-505.5191760397421,1,source_row:6852,False,2.0,-0.1232999344852601,-483.87191455995605,1,source_row:6852,False,2.0,-0.1494954737549392,-481.2525255535653,1,source_row:6852,False,3.0,-0.0818507861036437,-481.73618736429216,23.78298867544993,0.1369953601808241,6,-480.7580344548858,-483.2732402798443,2.515205824958514,2,0.1071261094120148,0.1924268022993382,-0.2464658781298395,-0.0270195379152506,-1.5205405798370668,0.0799026102973556,0.0674758688835441,-0.48366181072685777,-0.5513064983782101,0.06764468765135234,both_wrong,0.06764468765129551
90,666,333,response_tables/trial_00333_hard_negative_structure_obs-empirical_prior-axis_edge_parallel_rel0p5x.npz,hard_negative_structure,empirical,axis_edge_parallel,0.5,per_candidate,1.0,4,16,40,756,0,source_row:10488,-1,8,0.0719091892242431,0.7,0.01,time_varying,1.5,0.5,catalog_residual_profile,topk_logmeanexp,2,0.19,outputs/fixation_statistics_by_stimulus_all_sessions_after_review/backimage_image_disjoint_compact_basis_delta025_v1/image_disjoint_compact_basis_delta0p25_fold0of2.npz,10,0,source_row:10488,True,1.0,1.1005431506920331,-448.9827291639528,2,source_row:10726,False,4.0,-8.229030450273797,-469.4665055943999,0,source_row:10488,True,1.0,0.4711348112732594,-452.63604178853245,0,source_row:10488,True,1.0,0.5755447240617286,-450.7924288850305,0,source_row:10488,True,1.0,0.4142006052546207,-450.8794825396878,18.587023054712063,-0.9550505759767784,5,-450.6110314172839,-451.8311825802704,1.2201511629864967,2,0.0795732882130499,0.6050582572912906,-0.7173844072833616,-0.0561630749960355,-0.3480112292311861,0.0806314968599607,0.0685362834164708,-0.087053654657268,0.07429046414983986,-0.16134411880710786,both_correct,-0.16134411880710792
91,667,333,response_tables/trial_00333_hard_negative_structure_obs-empirical_prior-axis_edge_orthogonal_rel0p5x.npz,hard_negative_structure,empirical,axis_edge_orthogonal,0.5,per_candidate,1.0,4,16,40,756,0,source_row:10488,-1,6,0.0867430418729782,0.7,0.01,time_varying,1.5,0.5,catalog_residual_profile,topk_logmeanexp,2,0.19,outputs/fixation_statistics_by_stimulus_all_sessions_after_review/backimage_image_disjoint_compact_basis_delta025_v1/image_disjoint_compact_basis_delta0p25_fold0of2.npz,10,0,source_row:10488,True,1.0,1.1005431506920331,-448.9827291639528,2,source_row:10726,False,4.0,-8.229030450273797,-469.4665055943999,0,source_row:10488,True,1.0,0.3409596142232658,-454.09770797659945,0,source_row:10488,True,1.0,0.2876764171332979,-452.4531547080725,0,source_row:10488,True,1.0,0.4195472881238515,-451.3500989071438,18.11640668725608,-0.9692083617245784,8,-451.0202551666798,-452.3824076763575,1.362152509677685,2,0.081600231858198,0.7663084323729288,0.6534733000161774,0.7098908661945531,-0.4175607698366084,0.0597652098947386,0.0685362834164708,1.1030558009287006,1.589711369049951,-0.4866555681212503,both_correct,0.1318708709905536
92,668,334,response_tables/trial_00334_hard_negative_structure_obs-empirical_prior-axis_edge_parallel_rel1x.npz,hard_negative_structure,empirical,axis_edge_parallel,1.0,per_candidate,1.0,4,16,40,756,0,source_row:10488,-1,9,0.0890664830803871,0.7,0.01,time_varying,1.5,0.5,catalog_residual_profile,topk_logmeanexp,2,0.19,outputs/fixation_statistics_by_stimulus_all_sessions_after_review/backimage_image_disjoint_compact_basis_delta025_v1/image_disjoint_compact_basis_delta0p25_fold0of2.npz,10,0,source_row:10488,True,1.0,1.176743328987527,-457.7044602038593,2,source_row:10726,False,4.0,-8.610445356878643,-480.378141252894,1,source_row:9778,False,2.0,-0.0867836501794272,-463.9123742375697,0,source_row:10488,True,1.0,0.1781324206823455,-461.260997899968,3,source_row:10423,False,3.0,-0.0691632407716724,-461.6963324109587,18.681808841935265,-0.9490859454429488,9,-460.8104491271915,-463.2353785827816,2.4249294555901315,2,0.1294944960247984,0.405621750454165,-0.3188626618443939,0.0433795443048855,-1.3290033922807094,0.1305444501624411,0.0848528139354189,-0.43533451099068543,0.1305737050171274,-0.5659082160078128,lost_by_residual,-0.24729566145401788
93,669,334,response_tables/trial_00334_hard_negative_structure_obs-empirical_prior-axis_edge_orthogonal_rel1x.npz,hard_negative_structure,empirical,axis_edge_orthogonal,1.0,per_candidate,1.0,4,16,40,756,0,source_row:10488,-1,5,0.107607252895832,0.7,0.01,time_varying,1.5,0.5,catalog_residual_profile,topk_logmeanexp,2,0.19,outputs/fixation_statistics_by_stimulus_all_sessions_after_review/backimage_image_disjoint_compact_basis_delta025_v1/image_disjoint_compact_basis_delta0p25_fold0of2.npz,10,0,source_row:10488,True,1.0,1.176743328987527,-457.7044602038593,2,source_row:10726,False,4.0,-8.610445356878643,-480.378141252894,0,source_row:10488,True,1.0,0.3021436394476495,-463.61052010983394,0,source_row:10488,True,1.0,0.1890962312400006,-462.1166161747069,0,source_row:10488,True,1.0,0.1270855736546536,-462.0942057049824,18.28393554791154,0.0932795499472947,5,-461.57868219681694,-463.16705291752766,1.5883707207107136,2,0.0879556344897732,0.6979282113913035,0.6521049555587988,0.6750165834750511,-0.0744713337916886,0.0667308849697029,0.0848528139354189,0.022410469724491122,0.8178337893409093,-0.7954233196164182,both_correct,-0.06201065758534702
94,670,335,response_tables/trial_00335_hard_negative_structure_obs-empirical_prior-axis_edge_parallel_rel2x.npz,hard_negative_structure,empirical,axis_edge_parallel,2.0,per_candidate,1.0,4,16,40,756,0,source_row:10488,-1,2,0.0854460150003433,0.7,0.01,time_varying,1.5,0.5,catalog_residual_profile,topk_logmeanexp,2,0.19,outputs/fixation_statistics_by_stimulus_all_sessions_after_review/backimage_image_disjoint_compact_basis_delta025_v1/image_disjoint_compact_basis_delta0p25_fold0of2.npz,10,0,source_row:10488,True,1.0,1.176743328987527,-457.7044602038593,2,source_row:10726,False,4.0,-8.610445356878643,-480.378141252894,3,source_row:10423,False,2.0,-0.0755121245117607,-461.9295733163345,3,source_row:10423,False,2.0,-0.0612962641946523,-460.2330831534646,0,source_row:10488,True,1.0,0.1543136704638072,-460.2970861886065,20.08105506428745,-0.931904665724726,2,-460.0376473325376,-461.1316927152564,1.0940453827187753,2,0.1235699933397786,0.0487723653754676,-0.064468507360988,-0.0078480709927602,-1.120769886738751,0.0931638988822812,0.0848528139354189,-0.06400303514192274,-0.2796129698003824,0.21560993465845968,rescued_by_residual,0.2156099346584595
95,671,335,response_tables/trial_00335_hard_negative_structure_obs-empirical_prior-axis_edge_orthogonal_rel2x.npz,hard_negative_structure,empirical,axis_edge_orthogonal,2.0,per_candidate,1.0,4,16,40,756,0,source_row:10488,-1,5,0.1089796721935272,0.7,0.01,time_varying,1.5,0.5,catalog_residual_profile,topk_logmeanexp,2,0.19,outputs/fixation_statistics_by_stimulus_all_sessions_after_review/backimage_image_disjoint_compact_basis_delta025_v1/image_disjoint_compact_basis_delta0p25_fold0of2.npz,10,0,source_row:10488,True,1.0,1.176743328987527,-457.7044602038593,2,source_row:10726,False,4.0,-8.610445356878643,-480.378141252894,3,source_row:10423,False,2.0,-0.0242244438762782,-462.5219830904332,0,source_row:10488,True,1.0,0.3033790834588217,-460.7031268785788,0,source_row:10488,True,1.0,0.2495380621752474,-460.6265311184961,19.75161013439788,-0.9673507519872296,2,-460.3016025069951,-461.6373003390592,1.3356978320641133,2,0.1153660003176817,-0.0413206064276929,-0.0559345834938859,-0.0486275949607894,-0.8485158289922403,0.0758812346533452,0.0848528139354189,0.07659576008273916,0.13043678136625658,-0.05384102128351742,both_correct,-0.05384102128357429
96,672,336,response_tables/trial_00336_hard_negative_structure_obs-empirical_prior-axis_edge_parallel_rel0p5x.npz,hard_negative_structure,empirical,axis_edge_parallel,0.5,per_candidate,1.0,4,16,40,756,0,source_row:10501,-1,11,0.113068863749504,0.7,0.01,time_varying,1.5,0.5,catalog_residual_profile,topk_logmeanexp,2,0.19,outputs/fixation_statistics_by_stimulus_all_sessions_after_review/backimage_image_disjoint_compact_basis_delta025_v1/image_disjoint_compact_basis_delta0p25_fold0of2.npz,10,0,source_row:10501,True,1.0,0.7987310847006484,-389.4124161627544,0,source_row:10501,True,1.0,1.5810845427344589,-409.8325543273307,0,source_row:10501,True,1.0,0.4750430148968689,-395.6696600934486,0,source_row:10501,True,1.0,0.4954285259864832,-392.9532581512533,0,source_row:10501,True,1.0,0.4190822502259834,-392.9228883293869,16.909665997943762,0.9914064982777931,4,-392.1598541995,-394.37794487515134,2.2180906756513536,2,0.1450428443947797,0.3000425115999679,0.2221072367670739,0.2610748741835209,-1.9218648228288304,0.1275020160350921,0.0848528137136691,0.030369821866372604,0.10671609762681555,-0.07634627576044295,both_correct,-0.0763462757604998
97,673,336,response_tables/trial_00336_hard_negative_structure_obs-empirical_prior-axis_edge_orthogonal_rel0p5x.npz,hard_negative_structure,empirical,axis_edge_orthogonal,0.5,per_candidate,1.0,4,16,40,756,0,source_row:10501,-1,4,0.0905604436993599,0.7,0.01,time_varying,1.5,0.5,catalog_residual_profile,topk_logmeanexp,2,0.19,outputs/fixation_statistics_by_stimulus_all_sessions_after_review/backimage_image_disjoint_compact_basis_delta025_v1/image_disjoint_compact_basis_delta0p25_fold0of2.npz,10,0,source_row:10501,True,1.0,0.7987310847006484,-389.4124161627544,0,source_row:10501,True,1.0,1.5810845427344589,-409.8325543273307,0,source_row:10501,True,1.0,0.3847201696206639,-395.4709421712731,0,source_row:10501,True,1.0,0.3799093368165813,-393.2425411164042,0,source_row:10501,True,1.0,0.5807647003206853,-392.451130622011,17.381423705319662,0.918056637662364,11,-392.0880822130068,-393.748891731521,1.660809518514213,2,0.123837350369606,-0.0273249990560254,0.0991448262469279,0.0359099135954512,-1.1299568551311965,0.0883056556247864,0.0848528137136691,0.7914104943931761,0.5905551308890722,0.20085536350410393,both_correct,0.200855363504104
98,674,337,response_tables/trial_00337_hard_negative_structure_obs-empirical_prior-axis_edge_parallel_rel1x.npz,hard_negative_structure,empirical,axis_edge_parallel,1.0,per_candidate,1.0,4,16,40,756,0,source_row:10501,-1,15,0.111259788274765,0.7,0.01,time_varying,1.5,0.5,catalog_residual_profile,topk_logmeanexp,2,0.19,outputs/fixation_statistics_by_stimulus_all_sessions_after_review/backimage_image_disjoint_compact_basis_delta025_v1/image_disjoint_compact_basis_delta0p25_fold0of2.npz,10,0,source_row:10501,True,1.0,0.7987310847006484,-389.4124161627544,0,source_row:10501,True,1.0,1.5810845427344589,-409.8325543273307,0,source_row:10501,True,1.0,0.5818269491654746,-394.3575063924661,0,source_row:10501,True,1.0,0.7301613992864304,-393.0675675732475,0,source_row:10501,True,1.0,0.4447565731873055,-391.8040683662648,18.028485961065883,0.9515202855201046,11,-391.63795587639,-392.35814466332897,0.7201887869389907,2,0.1341573024866663,-0.4938527114675886,-0.4656201467867345,-0.4797364291271616,-1.499747475372371,0.0868421452050278,0.0848528137136691,1.263499206982715,1.5489040330818966,-0.2854048260991817,both_correct,-0.28540482609912493
99,675,337,response_tables/trial_00337_hard_negative_structure_obs-empirical_prior-axis_edge_orthogonal_rel1x.npz,hard_negative_structure,empirical,axis_edge_orthogonal,1.0,per_candidate,1.0,4,16,40,756,0,source_row:10501,-1,15,0.0959641709923744,0.7,0.01,time_varying,1.5,0.5,catalog_residual_profile,topk_logmeanexp,2,0.19,outputs/fixation_statistics_by_stimulus_all_sessions_after_review/backimage_image_disjoint_compact_basis_delta025_v1/image_disjoint_compact_basis_delta0p25_fold0of2.npz,10,0,source_row:10501,True,1.0,0.7987310847006484,-389.4124161627544,0,source_row:10501,True,1.0,1.5810845427344589,-409.8325543273307,0,source_row:10501,True,1.0,0.5416862762884875,-394.413630811681,0,source_row:10501,True,1.0,0.4877811244436998,-392.8438154583199,0,source_row:10501,True,1.0,0.4873105551004641,-392.1287219198055,17.70383240752517,0.918407084968646,15,-391.9680411747964,-392.63822616724514,0.6701849924487533,2,0.1126649406295161,-0.503014400435587,0.5058774098530834,0.0014315047087481,-0.7629706743949984,0.0467771085153719,0.0848528137136691,0.7150935385143953,0.7280744239912451,-0.012980885476849835,both_correct,-0.0004705693432356939
100,676,338,response_tables/trial_00338_hard_negative_structure_obs-empirical_prior-axis_edge_parallel_rel2x.npz,hard_negative_structure,empirical,axis_edge_parallel,2.0,per_candidate,1.0,4,16,40,756,0,source_row:10501,-1,12,0.1190899983048439,0.7,0.01,time_varying,1.5,0.5,catalog_residual_profile,topk_logmeanexp,2,0.19,outputs/fixation_statistics_by_stimulus_all_sessions_after_review/backimage_image_disjoint_compact_basis_delta025_v1/image_disjoint_compact_basis_delta0p25_fold0of2.npz,10,0,source_row:10501,True,1.0,0.7987310847006484,-389.4124161627544,0,source_row:10501,True,1.0,1.5810845427344589,-409.8325543273307,0,source_row:10501,True,1.0,0.5652224509485677,-393.7605718912544,0,source_row:10501,True,1.0,0.5727504707144249,-392.0088611461097,0,source_row:10501,True,1.0,0.4105503454916857,-391.93203691875306,17.900517408577628,0.8687270369395093,6,-391.463236962141,-392.7704372195008,1.3072002573597956,2,0.1866873590283131,-0.8372684521377768,-0.7938605496803408,-0.8155645009090589,-3.840579172855023,0.1372020499370967,0.0848528137136691,0.07682422735666705,0.2390243525793494,-0.16220012522268235,both_correct,-0.1622001252227392
101,677,338,response_tables/trial_00338_hard_negative_structure_obs-empirical_prior-axis_edge_orthogonal_rel2x.npz,hard_negative_structure,empirical,axis_edge_orthogonal,2.0,per_candidate,1.0,4,16,40,756,0,source_row:10501,-1,8,0.0906359180808067,0.7,0.01,time_varying,1.5,0.5,catalog_residual_profile,topk_logmeanexp,2,0.19,outputs/fixation_statistics_by_stimulus_all_sessions_after_review/backimage_image_disjoint_compact_basis_delta025_v1/image_disjoint_compact_basis_delta0p25_fold0of2.npz,10,0,source_row:10501,True,1.0,0.7987310847006484,-389.4124161627544,0,source_row:10501,True,1.0,1.5810845427344589,-409.8325543273307,0,source_row:10501,True,1.0,0.08665518340473,-394.91646232764384,2,source_row:8627,False,3.0,-0.1270338874358572,-392.7309844321008,0,source_row:10501,True,1.0,0.0797522515771333,-392.60289135778953,17.229662969541153,0.39347967110187,6,-392.0067828737559,-393.7800198984809,1.7732370247250628,2,0.2258132918359681,-0.8495106317692674,0.8079479550547286,-0.0207813383572694,-6.0821726117097406,0.1563507996240714,0.0848528137136691,0.12809307431126626,-0.07869306470172432,0.2067861390129906,rescued_by_residual,0.20678613901299048
102,678,339,response_tables/trial_00339_hard_negative_structure_obs-empirical_prior-axis_edge_parallel_rel0p5x.npz,hard_negative_structure,empirical,axis_edge_parallel,0.5,per_candidate,1.0,4,16,40,756,0,source_row:10506,-1,0,0.0634506717324256,0.7,0.01,time_varying,1.5,0.5,catalog_residual_profile,topk_logmeanexp,2,0.19,outputs/fixation_statistics_by_stimulus_all_sessions_after_review/backimage_image_disjoint_compact_basis_delta025_v1/image_disjoint_compact_basis_delta0p25_fold0of2.npz,10,0,source_row:10506,True,1.0,1.1421393945224736,-444.52093205746746,0,source_row:10506,True,1.0,1.8349655259813744,-472.1468697339171,0,source_row:10506,True,1.0,0.71428819989967,-449.9336944216954,0,source_row:10506,True,1.0,0.4813212879143975,-447.5662631178756,0,source_row:10506,True,1.0,0.3429708901257413,-447.8378526942551,24.309017039661967,0.4386564571098002,13,-447.1936095830505,-449.47614753977183,2.2825379567213417,2,0.1203917944503458,0.0635662997996577,-0.2977345102817635,-0.1170841052410529,-1.0130811135788584,0.0646700025409106,0.0848528141908416,-0.27158957637948333,-0.13323917859088397,-0.13835039778859937,both_correct,-0.1383503977886562
103,679,339,response_tables/trial_00339_hard_negative_structure_obs-empirical_prior-axis_edge_orthogonal_rel0p5x.npz,hard_negative_structure,empirical,axis_edge_orthogonal,0.5,per_candidate,1.0,4,16,40,756,0,source_row:10506,-1,11,0.1194857358932495,0.7,0.01,time_varying,1.5,0.5,catalog_residual_profile,topk_logmeanexp,2,0.19,outputs/fixation_statistics_by_stimulus_all_sessions_after_review/backimage_image_disjoint_compact_basis_delta025_v1/image_disjoint_compact_basis_delta0p25_fold0of2.npz,10,0,source_row:10506,True,1.0,1.1421393945224736,-444.52093205746746,0,source_row:10506,True,1.0,1.8349655259813744,-472.1468697339171,0,source_row:10506,True,1.0,0.7660057550891111,-449.8249824490945,0,source_row:10506,True,1.0,0.8345947331721391,-447.51188872845927,0,source_row:10506,True,1.0,0.5769335897994665,-447.73793948507256,24.40893024884452,0.860557542800196,13,-447.0423580403109,-449.35794927227874,2.315591231967801,2,0.1115504840952485,0.0460095300511293,0.2914524270127713,0.1687309785319503,-0.728265329215807,0.0758888279005915,0.0848528141908416,-0.2260507566132901,0.031610386759382436,-0.25766114337267254,both_correct,-0.25766114337267254
104,680,340,response_tables/trial_00340_hard_negative_structure_obs-empirical_prior-axis_edge_parallel_rel1x.npz,hard_negative_structure,empirical,axis_edge_parallel,1.0,per_candidate,1.0,4,16,40,756,0,source_row:10506,-1,7,0.0692403092980384,0.7,0.01,time_varying,1.5,0.5,catalog_residual_profile,topk_logmeanexp,2,0.19,outputs/fixation_statistics_by_stimulus_all_sessions_after_review/backimage_image_disjoint_compact_basis_delta025_v1/image_disjoint_compact_basis_delta0p25_fold0of2.npz,10,0,source_row:10506,True,1.0,1.1421393945224736,-444.52093205746746,0,source_row:10506,True,1.0,1.8349655259813744,-472.1468697339171,0,source_row:10506,True,1.0,0.6631481591706461,-449.9509129510419,0,source_row:10506,True,1.0,0.4813212879143975,-447.5662631178756,0,source_row:10506,True,1.0,0.7110411578159415,-447.8576728750837,24.28919685883335,0.8670668700576403,12,-447.2658324932088,-448.9521305250566,1.686298031847798,2,0.1376618956708319,0.3905857858309208,-0.5845201944360844,-0.0969672043025817,-1.6320551832462713,0.0706228156883795,0.0848528141908416,-0.2914097572081005,-0.5211296271096444,0.22971986990154392,both_correct,0.22971986990154397
105,681,340,response_tables/trial_00340_hard_negative_structure_obs-empirical_prior-axis_edge_orthogonal_rel1x.npz,hard_negative_structure,empirical,axis_edge_orthogonal,1.0,per_candidate,1.0,4,16,40,756,0,source_row:10506,-1,14,0.1197570115327835,0.7,0.01,time_varying,1.5,0.5,catalog_residual_profile,topk_logmeanexp,2,0.19,outputs/fixation_statistics_by_stimulus_all_sessions_after_review/backimage_image_disjoint_compact_basis_delta025_v1/image_disjoint_compact_basis_delta0p25_fold0of2.npz,10,0,source_row:10506,True,1.0,1.1421393945224736,-444.52093205746746,0,source_row:10506,True,1.0,1.8349655259813744,-472.1468697339171,0,source_row:10506,True,1.0,0.7099962182635409,-449.65675628997263,0,source_row:10506,True,1.0,0.8345947331721391,-447.51188872845927,0,source_row:10506,True,1.0,0.6076887894879519,-447.80493171223134,24.34193802168573,0.9651982790555652,12,-447.27422512213616,-449.1479280052585,1.8737028831223483,2,0.1172058136856811,0.5975342408878066,0.8788937358385362,0.7382139883631714,-0.907944807849653,0.0987029621495537,0.0848528141908416,-0.29304298377206806,-0.054342006742786,-0.23870097702928206,both_correct,-0.22690594368418715
106,682,341,response_tables/trial_00341_hard_negative_structure_obs-empirical_prior-axis_edge_parallel_rel2x.npz,hard_negative_structure,empirical,axis_edge_parallel,2.0,per_candidate,1.0,4,16,40,756,0,source_row:10506,-1,9,0.0688676163554191,0.7,0.01,time_varying,1.5,0.5,catalog_residual_profile,topk_logmeanexp,2,0.19,outputs/fixation_statistics_by_stimulus_all_sessions_after_review/backimage_image_disjoint_compact_basis_delta025_v1/image_disjoint_compact_basis_delta0p25_fold0of2.npz,10,0,source_row:10506,True,1.0,1.1421393945224736,-444.52093205746746,0,source_row:10506,True,1.0,1.8349655259813744,-472.1468697339171,0,source_row:10506,True,1.0,1.6003911516465337,-450.1833549374456,0,source_row:10506,True,1.0,1.277238932153011,-448.94329025041947,0,source_row:10506,True,1.0,0.6433828937800854,-447.5194215126856,24.62744822123153,0.8910996712210525,9,-447.3787207810936,-448.0523088618364,0.6735880807428316,2,0.1370269676266249,-0.6100690906733034,0.8192981894551663,0.1046145493909314,-1.6078318970108008,0.1927635996064776,0.0848528141908416,1.4238687377338692,2.2892071769225595,-0.8653384391886902,both_correct,-0.6338560383729257
107,683,341,response_tables/trial_00341_hard_negative_structure_obs-empirical_prior-axis_edge_orthogonal_rel2x.npz,hard_negative_structure,empirical,axis_edge_orthogonal,2.0,per_candidate,1.0,4,16,40,756,0,source_row:10506,-1,2,0.1295175105333328,0.7,0.01,time_varying,1.5,0.5,catalog_residual_profile,topk_logmeanexp,2,0.19,outputs/fixation_statistics_by_stimulus_all_sessions_after_review/backimage_image_disjoint_compact_basis_delta025_v1/image_disjoint_compact_basis_delta0p25_fold0of2.npz,10,0,source_row:10506,True,1.0,1.1421393945224736,-444.52093205746746,0,source_row:10506,True,1.0,1.8349655259813744,-472.1468697339171,0,source_row:10506,True,1.0,0.6348417693953365,-451.149601145992,0,source_row:10506,True,1.0,0.8289152357208991,-449.8950263760527,0,source_row:10506,True,1.0,0.3912855305432572,-448.7598582768002,23.38701145711684,0.9533607576109756,11,-448.5713581741195,-449.4111440452717,0.8397858711522304,2,0.1613317605321421,-0.5543855278334436,-0.8027281275204279,-0.6785568276769358,-2.614991205733297,0.1231087351026577,0.0848528141908416,1.135168099252553,1.572797804430138,-0.43762970517758504,both_correct,-0.4376297051776419
108,684,342,response_tables/trial_00342_hard_negative_structure_obs-empirical_prior-axis_edge_parallel_rel0p5x.npz,hard_negative_structure,empirical,axis_edge_parallel,0.5,per_candidate,1.0,4,16,40,756,0,source_row:10563,-1,14,0.0572425238788127,0.7,0.01,time_varying,1.5,0.5,catalog_residual_profile,topk_logmeanexp,2,0.19,outputs/fixation_statistics_by_stimulus_all_sessions_after_review/backimage_image_disjoint_compact_basis_delta025_v1/image_disjoint_compact_basis_delta0p25_fold0of2.npz,10,0,source_row:10563,True,1.0,2.995588463815011,-486.2922759669275,0,source_row:10563,True,1.0,13.393999993766611,-500.1419603427195,0,source_row:10563,True,1.0,3.1629484172069624,-490.9580815072817,0,source_row:10563,True,1.0,3.071681190283244,-488.7256761507604,0,source_row:10563,True,1.0,2.4561284342799468,-488.153688687836,11.988271654883532,0.9993960009569144,3,-487.9237449376927,-489.1221548651045,1.1984099274118307,2,0.0615214303203911,0.7158543327657367,0.7763046738556613,0.746079503310699,0.2497662098301739,0.0839670219993431,0.0710277591808118,0.5719874629244259,1.1875402189276087,-0.6155527560031828,both_correct,-0.6155527560032974
109,685,342,response_tables/trial_00342_hard_negative_structure_obs-empirical_prior-axis_edge_orthogonal_rel0p5x.npz,hard_negative_structure,empirical,axis_edge_orthogonal,0.5,per_candidate,1.0,4,16,40,756,0,source_row:10563,-1,6,0.1009012311697006,0.7,0.01,time_varying,1.5,0.5,catalog_residual_profile,topk_logmeanexp,2,0.19,outputs/fixation_statistics_by_stimulus_all_sessions_after_review/backimage_image_disjoint_compact_basis_delta025_v1/image_disjoint_compact_basis_delta0p25_fold0of2.npz,10,0,source_row:10563,True,1.0,2.995588463815011,-486.2922759669275,0,source_row:10563,True,1.0,13.393999993766611,-500.1419603427195,0,source_row:10563,True,1.0,2.5880107990431043,-490.2388946922735,0,source_row:10563,True,1.0,2.3456987232398774,-488.69722442147815,0,source_row:10563,True,1.0,2.3769917148016475,-488.19555316077066,11.94640718194887,0.9996125824633328,10,-488.1207690526871,-488.4881578856404,0.3673888329532815,2,0.1076131707121431,0.6076240040264138,-0.7905562293142269,-0.0914661126439065,-1.295485893107208,0.0796013470611444,0.0710277591808118,0.5016712607074965,0.4745483696580095,0.027122891049486952,both_correct,0.03129299156177012
110,686,343,response_tables/trial_00343_hard_negative_structure_obs-empirical_prior-axis_edge_parallel_rel1x.npz,hard_negative_structure,empirical,axis_edge_parallel,1.0,per_candidate,1.0,4,16,40,756,0,source_row:10563,-1,0,0.0595252811908721,0.7,0.01,time_varying,1.5,0.5,catalog_residual_profile,topk_logmeanexp,2,0.19,outputs/fixation_statistics_by_stimulus_all_sessions_after_review/backimage_image_disjoint_compact_basis_delta025_v1/image_disjoint_compact_basis_delta0p25_fold0of2.npz,10,0,source_row:10563,True,1.0,3.2854323307730056,-502.9634306607358,0,source_row:10563,True,1.0,14.52611560042783,-519.4074574441765,0,source_row:10563,True,1.0,2.724394005608133,-507.0186360743736,0,source_row:10563,True,1.0,2.568645255025615,-505.4720187099715,0,source_row:10563,True,1.0,2.2509611431223107,-505.0237522287268,14.383705215449766,0.9995059082900772,0,-504.8340721155124,-505.50979557636254,0.675723460850179,2,0.1203965397737426,0.730856083147515,0.859030938083062,0.7949435106152885,-1.013239832709528,0.1725333871449666,0.0848528137247709,0.4482664812447297,0.7659505931480339,-0.31768411190330426,both_correct,-0.31768411190330426
111,687,343,response_tables/trial_00343_hard_negative_structure_obs-empirical_prior-axis_edge_orthogonal_rel1x.npz,hard_negative_structure,empirical,axis_edge_orthogonal,1.0,per_candidate,1.0,4,16,40,756,0,source_row:10563,-1,1,0.1244480311870575,0.7,0.01,time_varying,1.5,0.5,catalog_residual_profile,topk_logmeanexp,2,0.19,outputs/fixation_statistics_by_stimulus_all_sessions_after_review/backimage_image_disjoint_compact_basis_delta025_v1/image_disjoint_compact_basis_delta0p25_fold0of2.npz,10,0,source_row:10563,True,1.0,3.2854323307730056,-502.9634306607358,0,source_row:10563,True,1.0,14.52611560042783,-519.4074574441765,0,source_row:10563,True,1.0,2.6191632382491434,-506.7052931963165,0,source_row:10563,True,1.0,2.5266477801649216,-505.7931675911199,0,source_row:10563,True,1.0,2.4265383326068672,-505.07528881758543,14.332168626591113,0.9994199876226552,14,-504.9453518937706,-505.4437776861573,0.4984257923866835,2,0.1309173518776741,0.7182727622925983,-0.8737148552082087,-0.0777210464578052,-1.3804656985803785,0.0995368533539892,0.0848528137247709,0.717878773534494,0.8472558380895521,-0.12937706455505804,both_correct,-0.1001094475580544
112,688,344,response_tables/trial_00344_hard_negative_structure_obs-empirical_prior-axis_edge_parallel_rel2x.npz,hard_negative_structure,empirical,axis_edge_parallel,2.0,per_candidate,1.0,4,16,40,756,0,source_row:10563,-1,4,0.0595252811908721,0.7,0.01,time_varying,1.5,0.5,catalog_residual_profile,topk_logmeanexp,2,0.19,outputs/fixation_statistics_by_stimulus_all_sessions_after_review/backimage_image_disjoint_compact_basis_delta025_v1/image_disjoint_compact_basis_delta0p25_fold0of2.npz,10,0,source_row:10563,True,1.0,3.2854323307730056,-502.9634306607358,0,source_row:10563,True,1.0,14.52611560042783,-519.4074574441765,0,source_row:10563,True,1.0,2.717781177550876,-506.79940628111706,0,source_row:10563,True,1.0,2.1370867708500327,-505.9035771941471,0,source_row:10563,True,1.0,2.3691315433082423,-505.5417469538635,13.865710490313065,0.9994248782356612,4,-505.3270602987423,-506.09860893488246,0.77154863614021,2,0.1144624095664001,0.4884652253231193,0.2862204598724057,0.3873428425977625,-0.8196726679424886,0.1057041673734002,0.0848528137247709,0.36183024028360933,0.1297854678253998,0.23204477245820954,both_correct,0.23204477245820954
113,689,344,response_tables/trial_00344_hard_negative_structure_obs-empirical_prior-axis_edge_orthogonal_rel2x.npz,hard_negative_structure,empirical,axis_edge_orthogonal,2.0,per_candidate,1.0,4,16,40,756,0,source_row:10563,-1,14,0.13802070915699,0.7,0.01,time_varying,1.5,0.5,catalog_residual_profile,topk_logmeanexp,2,0.19,outputs/fixation_statistics_by_stimulus_all_sessions_after_review/backimage_image_disjoint_compact_basis_delta025_v1/image_disjoint_compact_basis_delta0p25_fold0of2.npz,10,0,source_row:10563,True,1.0,3.2854323307730056,-502.9634306607358,0,source_row:10563,True,1.0,14.52611560042783,-519.4074574441765,0,source_row:10563,True,1.0,2.3026988007985096,-506.8051264456744,0,source_row:10563,True,1.0,3.103710589906825,-505.2262699111324,0,source_row:10563,True,1.0,2.597007730375708,-505.63990506426296,13.767552379913582,0.9996366376619876,14,-505.0637664749469,-506.4876239979319,1.4238575229850312,2,0.1020074323891843,0.6002208127598925,-0.6726258271255047,-0.0362025071828061,-0.4452105926325278,0.0576195170706093,0.0848528137247709,-0.4136351531305422,0.09803985494409062,-0.5116750080746328,both_correct,-0.5067028595311172
114,690,345,response_tables/trial_00345_hard_negative_structure_obs-empirical_prior-axis_edge_parallel_rel0p5x.npz,hard_negative_structure,empirical,axis_edge_parallel,0.5,per_candidate,1.0,4,16,40,756,0,source_row:10644,-1,14,0.025050176307559,0.7,0.01,time_varying,1.5,0.5,catalog_residual_profile,topk_logmeanexp,2,0.19,outputs/fixation_statistics_by_stimulus_all_sessions_after_review/backimage_image_disjoint_compact_basis_delta025_v1/image_disjoint_compact_basis_delta0p25_fold0of2.npz,10,0,source_row:10644,True,1.0,1.0726331688825326,-265.5642615156449,0,source_row:10644,True,1.0,0.1651047019939255,-269.0269810827641,0,source_row:10644,True,1.0,0.2652697730576392,-267.7971347327769,0,source_row:10644,True,1.0,0.6255262982190288,-266.59027643991976,0,source_row:10644,True,1.0,0.6058113673624348,-266.4633336072693,2.563647475494804,-0.0428998957132403,15,-266.37691234076215,-266.80639956195506,0.4294872211929146,2,0.0915967811288095,0.4802878414078601,-0.3842396087199178,0.0480241163439711,-29.16179200428945,0.0897313381868655,0.0166782946345062,0.1269428326504567,0.14665776350705073,-0.019714930856594037,both_correct,-0.019714930856594037
115,691,345,response_tables/trial_00345_hard_negative_structure_obs-empirical_prior-axis_edge_orthogonal_rel0p5x.npz,hard_negative_structure,empirical,axis_edge_orthogonal,0.5,per_candidate,1.0,4,16,40,756,0,source_row:10644,-1,10,0.0266144778579473,0.7,0.01,time_varying,1.5,0.5,catalog_residual_profile,topk_logmeanexp,2,0.19,outputs/fixation_statistics_by_stimulus_all_sessions_after_review/backimage_image_disjoint_compact_basis_delta025_v1/image_disjoint_compact_basis_delta0p25_fold0of2.npz,10,0,source_row:10644,True,1.0,1.0726331688825326,-265.5642615156449,0,source_row:10644,True,1.0,0.1651047019939255,-269.0269810827641,0,source_row:10644,True,1.0,0.9219124201582644,-267.44679895112887,0,source_row:10644,True,1.0,1.1967689487299251,-266.23494350091954,0,source_row:10644,True,1.0,0.8742945622487923,-266.34224544206586,2.68473564069825,0.0775365617104524,0,-266.1450997224275,-266.9014078424211,0.756308119993605,2,0.0292831058266883,0.3467853460142045,-0.0386787929237246,0.1540532765452399,-2.0826980704848115,0.0290241862787224,0.0166782946345062,-0.10730194114631786,0.21517244533481517,-0.322474386481133,both_correct,-0.3224743864811328
116,692,346,response_tables/trial_00346_hard_negative_structure_obs-empirical_prior-axis_edge_parallel_rel1x.npz,hard_negative_structure,empirical,axis_edge_parallel,1.0,per_candidate,1.0,4,16,40,756,0,source_row:10644,-1,1,0.0533061511814594,0.7,0.01,time_varying,1.5,0.5,catalog_residual_profile,topk_logmeanexp,2,0.19,outputs/fixation_statistics_by_stimulus_all_sessions_after_review/backimage_image_disjoint_compact_basis_delta025_v1/image_disjoint_compact_basis_delta0p25_fold0of2.npz,10,0,source_row:10644,True,1.0,1.7002198742983978,-359.0655451516872,2,source_row:3691,False,3.0,-4.631793028441393,-375.1285674108269,0,source_row:10644,True,1.0,1.1241952827417094,-362.4524379938024,0,source_row:10644,True,1.0,1.2722949627148523,-360.9499818671811,0,source_row:10644,True,1.0,0.9354405485824486,-361.0671049974631,14.061462413363811,-0.7110377795838088,2,-360.8166552408175,-361.9971322848564,1.1804770440389802,2,0.099704389702949,0.6882652211520239,-0.5148413306587155,0.0867119452466542,-7.934397777770599,0.093015829359675,0.0333565892690125,-0.11712313028198196,0.2197312838503649,-0.33685441413234685,both_correct,-0.3368544141324037
117,693,346,response_tables/trial_00346_hard_negative_structure_obs-empirical_prior-axis_edge_orthogonal_rel1x.npz,hard_negative_structure,empirical,axis_edge_orthogonal,1.0,per_candidate,1.0,4,16,40,756,0,source_row:10644,-1,3,0.0441739521920681,0.7,0.01,time_varying,1.5,0.5,catalog_residual_profile,topk_logmeanexp,2,0.19,outputs/fixation_statistics_by_stimulus_all_sessions_after_review/backimage_image_disjoint_compact_basis_delta025_v1/image_disjoint_compact_basis_delta0p25_fold0of2.npz,10,0,source_row:10644,True,1.0,1.7002198742983978,-359.0655451516872,2,source_row:3691,False,3.0,-4.631793028441393,-375.1285674108269,0,source_row:10644,True,1.0,0.8863387770696818,-362.5208083244608,0,source_row:10644,True,1.0,0.4298795408579963,-361.2140936222689,0,source_row:10644,True,1.0,0.985959883515534,-360.9321543418275,14.19641306899939,-0.8114067358549937,5,-360.5567991651544,-361.6929287797701,1.1361296146157542,2,0.0552366214158663,0.3049022222547242,-0.1818987659686056,0.0615017281430592,-1.7421483026692308,0.0517890191777817,0.0333565892690125,0.28193928044134964,-0.2741410622162448,0.5560803426575944,both_correct,0.5560803426575377
118,694,347,response_tables/trial_00347_hard_negative_structure_obs-empirical_prior-axis_edge_parallel_rel2x.npz,hard_negative_structure,empirical,axis_edge_parallel,2.0,per_candidate,1.0,4,16,40,756,0,source_row:10644,-1,7,0.1002112552523613,0.7,0.01,time_varying,1.5,0.5,catalog_residual_profile,topk_logmeanexp,2,0.19,outputs/fixation_statistics_by_stimulus_all_sessions_after_review/backimage_image_disjoint_compact_basis_delta025_v1/image_disjoint_compact_basis_delta0p25_fold0of2.npz,10,0,source_row:10644,True,1.0,2.4283582232507683,-399.7681834474624,2,source_row:3691,False,3.0,-6.947998260868587,-424.49996606566447,0,source_row:10644,True,1.0,0.2600368972018714,-405.613010305432,0,source_row:10644,True,1.0,0.6900054098291548,-403.9769189398644,0,source_row:10644,True,1.0,1.0465766457101608,-403.8186534179127,20.68131264775178,-0.5685943175483743,8,-403.4657146053767,-404.7429906736582,1.2772760682815374,2,0.1529889785071592,0.5885090784095555,-0.6145301011975273,-0.0130105113939859,-4.258925563663696,0.1316961608723199,0.0667131785380251,0.15826552195170507,-0.19830571392930096,0.35657123588100603,both_correct,0.35657123588100603
119,695,347,response_tables/trial_00347_hard_negative_structure_obs-empirical_prior-axis_edge_orthogonal_rel2x.npz,hard_negative_structure,empirical,axis_edge_orthogonal,2.0,per_candidate,1.0,4,16,40,756,0,source_row:10644,-1,3,0.0889060422778129,0.7,0.01,time_varying,1.5,0.5,catalog_residual_profile,topk_logmeanexp,2,0.19,outputs/fixation_statistics_by_stimulus_all_sessions_after_review/backimage_image_disjoint_compact_basis_delta025_v1/image_disjoint_compact_basis_delta0p25_fold0of2.npz,10,0,source_row:10644,True,1.0,2.4283582232507683,-399.7681834474624,2,source_row:3691,False,3.0,-6.947998260868587,-424.49996606566447,0,source_row:10644,True,1.0,2.4136093472276343,-404.0468696687264,0,source_row:10644,True,1.0,2.612277855551838,-402.65863091292,0,source_row:10644,True,1.0,2.087321301426357,-402.5585821491944,21.9413839164701,-0.5607563727461633,4,-402.3363187000948,-403.2299147562889,0.8935960561940988,2,0.1288411398501144,-0.4620676242679429,-0.5122552474144119,-0.4871614358411774,-2.7298026280225325,0.0851877907414376,0.0667131785380251,0.10004876372556737,0.6250053178511052,-0.5249565541255379,both_correct,-0.524956554125481
120,696,348,response_tables/trial_00348_hard_negative_structure_obs-empirical_prior-axis_edge_parallel_rel0p5x.npz,hard_negative_structure,empirical,axis_edge_parallel,0.5,per_candidate,1.0,4,16,40,756,0,source_row:10726,-1,12,0.1043753698468208,0.7,0.01,time_varying,1.5,0.5,catalog_residual_profile,topk_logmeanexp,2,0.19,outputs/fixation_statistics_by_stimulus_all_sessions_after_review/backimage_image_disjoint_compact_basis_delta025_v1/image_disjoint_compact_basis_delta0p25_fold0of2.npz,10,0,source_row:10726,True,1.0,1.2029945886079076,-551.2422843120434,1,source_row:8933,False,2.0,-0.8902390467393388,-577.4190896022442,0,source_row:10726,True,1.0,1.9615141898284487,-557.6339262166251,0,source_row:10726,True,1.0,1.9705346134007868,-554.862696462616,0,source_row:10726,True,1.0,0.8428600493616614,-554.8321372314385,22.586952370805648,0.93718078165954,11,-554.0384077946435,-556.1330936924523,2.0946858978088585,2,0.1557627043053694,-0.2405097043319002,0.3059363070378509,0.0327133013529753,-2.369724974283273,0.1204772561417095,0.0848528141580151,0.030559231177448964,1.1582337952165744,-1.1276745640391255,both_correct,-1.1276745640391255
121,697,348,response_tables/trial_00348_hard_negative_structure_obs-empirical_prior-axis_edge_orthogonal_rel0p5x.npz,hard_negative_structure,empirical,axis_edge_orthogonal,0.5,per_candidate,1.0,4,16,40,756,0,source_row:10726,-1,12,0.1021359786391258,0.7,0.01,time_varying,1.5,0.5,catalog_residual_profile,topk_logmeanexp,2,0.19,outputs/fixation_statistics_by_stimulus_all_sessions_after_review/backimage_image_disjoint_compact_basis_delta025_v1/image_disjoint_compact_basis_delta0p25_fold0of2.npz,10,0,source_row:10726,True,1.0,1.2029945886079076,-551.2422843120434,1,source_row:8933,False,2.0,-0.8902390467393388,-577.4190896022442,0,source_row:10726,True,1.0,1.432492537737403,-557.5793239946534,0,source_row:10726,True,1.0,1.3828364243778424,-555.0224961004503,0,source_row:10726,True,1.0,1.5166424859369272,-554.7391743843192,22.679915217924982,0.7867836389261142,11,-554.3274122971106,-555.804152580988,1.4767402838773478,2,0.120419342905713,-0.1046728288577579,-0.203026986890629,-0.1538499078741935,-1.014002500525934,0.0805646723909863,0.0848528141580151,0.2833217161311268,0.14951565457204197,0.1338060615590848,both_correct,0.1338060615590848
122,698,349,response_tables/trial_00349_hard_negative_structure_obs-empirical_prior-axis_edge_parallel_rel1x.npz,hard_negative_structure,empirical,axis_edge_parallel,1.0,per_candidate,1.0,4,16,40,756,0,source_row:10726,-1,1,0.101469874382019,0.7,0.01,time_varying,1.5,0.5,catalog_residual_profile,topk_logmeanexp,2,0.19,outputs/fixation_statistics_by_stimulus_all_sessions_after_review/backimage_image_disjoint_compact_basis_delta025_v1/image_disjoint_compact_basis_delta0p25_fold0of2.npz,10,0,source_row:10726,True,1.0,1.2029945886079076,-551.2422843120434,1,source_row:8933,False,2.0,-0.8902390467393388,-577.4190896022442,0,source_row:10726,True,1.0,0.994093858391011,-556.0914446699996,0,source_row:10726,True,1.0,1.03285635309976,-553.9935054443854,0,source_row:10726,True,1.0,0.615033788400865,-554.3574739005843,23.06161570165989,0.945414271337243,5,-553.8598413165867,-555.1621035564561,1.302262239869492,2,0.0899179441544817,0.8537539017884039,-0.8330864748041591,0.0103337134921224,-0.1229495280224504,0.1030925544332144,0.0848528141580151,-0.3639684561989043,0.053854108499990616,-0.4178225646988949,both_correct,-0.4178225646988951
123,699,349,response_tables/trial_00349_hard_negative_structure_obs-empirical_prior-axis_edge_orthogonal_rel1x.npz,hard_negative_structure,empirical,axis_edge_orthogonal,1.0,per_candidate,1.0,4,16,40,756,0,source_row:10726,-1,1,0.0975718349218368,0.7,0.01,time_varying,1.5,0.5,catalog_residual_profile,topk_logmeanexp,2,0.19,outputs/fixation_statistics_by_stimulus_all_sessions_after_review/backimage_image_disjoint_compact_basis_delta025_v1/image_disjoint_compact_basis_delta0p25_fold0of2.npz,10,0,source_row:10726,True,1.0,1.2029945886079076,-551.2422843120434,1,source_row:8933,False,2.0,-0.8902390467393388,-577.4190896022442,0,source_row:10726,True,1.0,1.7224240110417668,-555.2457411220025,0,source_row:10726,True,1.0,1.1405845449502294,-553.9187731103679,0,source_row:10726,True,1.0,1.2963067781789732,-553.9296218734195,23.489467728824707,0.8613746825891643,1,-553.6749920563913,-554.7050165333163,1.030024476925064,2,0.0672832257155688,0.9016900147205004,0.8216388615507564,0.8616644381356283,0.3712454974523322,0.0792952583003727,0.0848528141580151,-0.01084876305162652,-0.1665709962803703,0.1557222332287438,both_correct,0.1557222332287438
124,700,350,response_tables/trial_00350_hard_negative_structure_obs-empirical_prior-axis_edge_parallel_rel2x.npz,hard_negative_structure,empirical,axis_edge_parallel,2.0,per_candidate,1.0,4,16,40,756,0,source_row:10726,-1,15,0.1050427034497261,0.7,0.01,time_varying,1.5,0.5,catalog_residual_profile,topk_logmeanexp,2,0.19,outputs/fixation_statistics_by_stimulus_all_sessions_after_review/backimage_image_disjoint_compact_basis_delta025_v1/image_disjoint_compact_basis_delta0p25_fold0of2.npz,10,0,source_row:10726,True,1.0,1.2029945886079076,-551.2422843120434,1,source_row:8933,False,2.0,-0.8902390467393388,-577.4190896022442,0,source_row:10726,True,1.0,0.758577426148122,-554.5242927366222,0,source_row:10726,True,1.0,0.8234064280802613,-552.9163110886584,0,source_row:10726,True,1.0,0.9372185167921998,-553.0632284510835,24.35586115116064,0.834962320593925,15,-552.8174488248413,-554.0701988006895,1.2527499758481326,2,0.0773403370910002,0.8599945821426119,-0.8287113546469783,0.0156416137478168,0.1692322662844946,0.0816218052017611,0.0848528141580151,-0.14691736242514253,-0.260729451137081,0.11381208871193849,both_correct,0.11381208871193849
125,701,350,response_tables/trial_00350_hard_negative_structure_obs-empirical_prior-axis_edge_orthogonal_rel2x.npz,hard_negative_structure,empirical,axis_edge_orthogonal,2.0,per_candidate,1.0,4,16,40,756,0,source_row:10726,-1,15,0.0948178321123123,0.7,0.01,time_varying,1.5,0.5,catalog_residual_profile,topk_logmeanexp,2,0.19,outputs/fixation_statistics_by_stimulus_all_sessions_after_review/backimage_image_disjoint_compact_basis_delta025_v1/image_disjoint_compact_basis_delta0p25_fold0of2.npz,10,0,source_row:10726,True,1.0,1.2029945886079076,-551.2422843120434,1,source_row:8933,False,2.0,-0.8902390467393388,-577.4190896022442,0,source_row:10726,True,1.0,1.3300918905333674,-554.8773803332346,0,source_row:10726,True,1.0,1.3975677268340403,-553.1612665022926,0,source_row:10726,True,1.0,1.3865617888034194,-553.3163484456529,24.102741156591264,0.5766490689889918,2,-552.9742587628389,-554.4978947797534,1.5236360169145655,2,0.075044991573281,0.9460899172665332,0.8971602430933415,0.9216250801799372,0.2178124020746539,0.0948633603327925,0.0848528141580151,-0.155081943360301,-0.1440760053296799,-0.01100593803062111,both_correct,-0.011005938030620888
126,702,351,response_tables/trial_00351_hard_negative_structure_obs-empirical_prior-axis_edge_parallel_rel0p5x.npz,hard_negative_structure,empirical,axis_edge_parallel,0.5,per_candidate,1.0,4,16,40,756,0,source_row:10765,-1,14,0.1192809492349624,0.7,0.01,time_varying,1.5,0.5,catalog_residual_profile,topk_logmeanexp,2,0.19,outputs/fixation_statistics_by_stimulus_all_sessions_after_review/backimage_image_disjoint_compact_basis_delta025_v1/image_disjoint_compact_basis_delta0p25_fold0of2.npz,10,0,source_row:10765,True,1.0,1.9932018793358568,-534.5112336180914,0,source_row:10765,True,1.0,7.20485824724085,-564.4920203234882,0,source_row:10765,True,1.0,1.172909450775137,-540.1256315582923,0,source_row:10765,True,1.0,1.2825513147784022,-538.3158965467784,0,source_row:10765,True,1.0,1.0063875022540287,-537.7197756600164,26.77224466347184,0.7857756588094031,5,-537.3734732583935,-538.8056281273545,1.4321548689609926,2,0.1321376860437159,-0.810991593488367,0.8923923101150324,0.0407003583133326,-1.4250510944655037,0.1125336810591229,0.0848528142109519,0.5961208867620371,0.8722846992864106,-0.2761638125243735,both_correct,-0.2761638125243735
127,703,351,response_tables/trial_00351_hard_negative_structure_obs-empirical_prior-axis_edge_orthogonal_rel0p5x.npz,hard_negative_structure,empirical,axis_edge_orthogonal,0.5,per_candidate,1.0,4,16,40,756,0,source_row:10765,-1,0,0.0670961067080497,0.7,0.01,time_varying,1.5,0.5,catalog_residual_profile,topk_logmeanexp,2,0.19,outputs/fixation_statistics_by_stimulus_all_sessions_after_review/backimage_image_disjoint_compact_basis_delta025_v1/image_disjoint_compact_basis_delta0p25_fold0of2.npz,10,0,source_row:10765,True,1.0,1.9932018793358568,-534.5112336180914,0,source_row:10765,True,1.0,7.20485824724085,-564.4920203234882,0,source_row:10765,True,1.0,2.674354947883557,-539.4380984989924,0,source_row:10765,True,1.0,2.242716381608716,-537.5542141605629,0,source_row:10765,True,1.0,2.2531981947187205,-537.2334852246904,27.25853509879778,0.8852857124661845,5,-536.7236955816037,-538.3809262386374,1.657230657033665,2,0.0646636323316485,0.7180260816021098,0.7760015045409788,0.7470137930715444,0.4192520416468719,0.0693716455254993,0.0848528142109519,0.32072893587246654,0.3102471227624619,0.010481813110004623,both_correct,0.010481813110004623
128,704,352,response_tables/trial_00352_hard_negative_structure_obs-empirical_prior-axis_edge_parallel_rel1x.npz,hard_negative_structure,empirical,axis_edge_parallel,1.0,per_candidate,1.0,4,16,40,756,0,source_row:10765,-1,8,0.1203014254570007,0.7,0.01,time_varying,1.5,0.5,catalog_residual_profile,topk_logmeanexp,2,0.19,outputs/fixation_statistics_by_stimulus_all_sessions_after_review/backimage_image_disjoint_compact_basis_delta025_v1/image_disjoint_compact_basis_delta0p25_fold0of2.npz,10,0,source_row:10765,True,1.0,1.9932018793358568,-534.5112336180914,0,source_row:10765,True,1.0,7.20485824724085,-564.4920203234882,0,source_row:10765,True,1.0,0.3152012410728275,-539.9142471188735,2,source_row:3099,False,2.0,-0.1311509941270969,-538.3725893951529,0,source_row:10765,True,1.0,0.2900286396929914,-537.9543865196251,26.53763380386306,0.690326233412476,12,-537.7373883379818,-538.7405065588766,1.003118220894862,2,0.1593180438604798,-0.3278331712762152,0.5200026938752857,0.0960847612995352,-2.5253109471115214,0.1453950344051982,0.0848528142109519,0.41820287552775426,-0.002976758292334125,0.4211796338200884,rescued_by_residual,0.42117963382008833
129,705,352,response_tables/trial_00352_hard_negative_structure_obs-empirical_prior-axis_edge_orthogonal_rel1x.npz,hard_negative_structure,empirical,axis_edge_orthogonal,1.0,per_candidate,1.0,4,16,40,756,0,source_row:10765,-1,0,0.0680978745222091,0.7,0.01,time_varying,1.5,0.5,catalog_residual_profile,topk_logmeanexp,2,0.19,outputs/fixation_statistics_by_stimulus_all_sessions_after_review/backimage_image_disjoint_compact_basis_delta025_v1/image_disjoint_compact_basis_delta0p25_fold0of2.npz,10,0,source_row:10765,True,1.0,1.9932018793358568,-534.5112336180914,0,source_row:10765,True,1.0,7.20485824724085,-564.4920203234882,0,source_row:10765,True,1.0,2.0779350950017488,-539.1508984531683,0,source_row:10765,True,1.0,1.1314018107304946,-538.0397741918763,0,source_row:10765,True,1.0,1.7184325006035124,-537.373694143713,27.11832617977518,0.9459647729870756,14,-537.0980182463754,-538.139851074281,1.0418328279055231,2,0.1330481660243021,-0.0680654581884111,0.1637856244430586,0.0478600831273237,-1.4585853176288437,0.099992833958787,0.0848528142109519,0.6660800481632805,0.07904935829026272,0.5870306898730178,both_correct,0.5870306898730178
130,706,353,response_tables/trial_00353_hard_negative_structure_obs-empirical_prior-axis_edge_parallel_rel2x.npz,hard_negative_structure,empirical,axis_edge_parallel,2.0,per_candidate,1.0,4,16,40,756,0,source_row:10765,-1,8,0.127415120601654,0.7,0.01,time_varying,1.5,0.5,catalog_residual_profile,topk_logmeanexp,2,0.19,outputs/fixation_statistics_by_stimulus_all_sessions_after_review/backimage_image_disjoint_compact_basis_delta025_v1/image_disjoint_compact_basis_delta0p25_fold0of2.npz,10,0,source_row:10765,True,1.0,1.9932018793358568,-534.5112336180914,0,source_row:10765,True,1.0,7.20485824724085,-564.4920203234882,0,source_row:10765,True,1.0,0.8534477275361496,-539.7463786813844,0,source_row:10765,True,1.0,0.8315307411488675,-537.7724389925484,0,source_row:10765,True,1.0,0.9990947803704556,-537.861519223695,26.63050109979315,0.919801446697794,1,-537.2487903518793,-538.7522375357165,1.5034471838372383,2,0.1314769980058353,-0.8562115281229091,0.8444208831512449,-0.0058953224858321,-1.4008612241269385,0.108292079802302,0.0848528142109519,-0.0890802311466814,1.040265993765729,-1.1293462249124104,both_correct,0.16756403922158813
131,707,353,response_tables/trial_00353_hard_negative_structure_obs-empirical_prior-axis_edge_orthogonal_rel2x.npz,hard_negative_structure,empirical,axis_edge_orthogonal,2.0,per_candidate,1.0,4,16,40,756,0,source_row:10765,-1,1,0.0399848371744155,0.7,0.01,time_varying,1.5,0.5,catalog_residual_profile,topk_logmeanexp,2,0.19,outputs/fixation_statistics_by_stimulus_all_sessions_after_review/backimage_image_disjoint_compact_basis_delta025_v1/image_disjoint_compact_basis_delta0p25_fold0of2.npz,10,0,source_row:10765,True,1.0,1.9932018793358568,-534.5112336180914,0,source_row:10765,True,1.0,7.20485824724085,-564.4920203234882,0,source_row:10765,True,1.0,2.750852837653497,-538.4385596375947,0,source_row:10765,True,1.0,3.1463278645344417,-536.1297104901864,0,source_row:10765,True,1.0,2.1241102463840207,-536.7696338227853,27.722386500702896,0.8538781112085353,1,-535.9625410464721,-537.9941606755731,2.031619629100988,2,0.0410127769400312,0.9187288278886734,0.9035464119495402,0.9111376199191068,0.7663822425339075,0.0842807313436414,0.0848528142109519,-0.6399233325988689,0.3822942855515521,-1.022217618150421,both_correct,-1.022217618150421
132,708,354,response_tables/trial_00354_hard_negative_structure_obs-empirical_prior-axis_edge_parallel_rel0p5x.npz,hard_negative_structure,empirical,axis_edge_parallel,0.5,per_candidate,1.0,4,16,40,756,0,source_row:10803,-1,3,0.0163669064640998,0.7,0.01,time_varying,1.5,0.5,catalog_residual_profile,topk_logmeanexp,2,0.19,outputs/fixation_statistics_by_stimulus_all_sessions_after_review/backimage_image_disjoint_compact_basis_delta025_v1/image_disjoint_compact_basis_delta0p25_fold0of2.npz,10,0,source_row:10803,True,1.0,3.402997678308168,-336.5615611182629,0,source_row:10803,True,1.0,4.475643065632198,-337.9774016503177,0,source_row:10803,True,1.0,2.835733579307316,-337.85299346444003,0,source_row:10803,True,1.0,1.9520119378362324,-337.2386963356381,0,source_row:10803,True,1.0,1.542505515506889,-337.20049735102214,0.7769042992955519,0.9703478625153809,0,-337.09800198440814,-337.5761195033038,0.4781175188956581,2,0.0454294308813185,-0.4404582319451037,-0.0344163035724355,-0.2374372677587696,-15.553051959399706,0.0407582329041344,0.0111660162890448,0.03819898461597404,0.44770540694531746,-0.4095064223293434,both_correct,-0.4095064223293434
133,709,354,response_tables/trial_00354_hard_negative_structure_obs-empirical_prior-axis_edge_orthogonal_rel0p5x.npz,hard_negative_structure,empirical,axis_edge_orthogonal,0.5,per_candidate,1.0,4,16,40,756,0,source_row:10803,-1,6,0.0197052396833896,0.7,0.01,time_varying,1.5,0.5,catalog_residual_profile,topk_logmeanexp,2,0.19,outputs/fixation_statistics_by_stimulus_all_sessions_after_review/backimage_image_disjoint_compact_basis_delta025_v1/image_disjoint_compact_basis_delta0p25_fold0of2.npz,10,0,source_row:10803,True,1.0,3.402997678308168,-336.5615611182629,0,source_row:10803,True,1.0,4.475643065632198,-337.9774016503177,0,source_row:10803,True,1.0,2.715721859058021,-338.10637380024616,0,source_row:10803,True,1.0,2.2606702727396737,-337.3413353592585,0,source_row:10803,True,1.0,1.6002299787745071,-337.3261156105109,0.6512860398067346,0.9554986437450848,6,-337.20339291391826,-337.8103764495932,0.6069835356749422,2,0.0413223541684434,-0.3908646823059481,0.1104702239781024,-0.1401972291639228,-12.69536455597939,0.0394994034815897,0.0111660162890448,0.01521974874759735,0.8019275981809528,-0.7867078494333555,both_correct,-0.6604402939651666
134,710,355,response_tables/trial_00355_hard_negative_structure_obs-empirical_prior-axis_edge_parallel_rel1x.npz,hard_negative_structure,empirical,axis_edge_parallel,1.0,per_candidate,1.0,4,16,40,756,0,source_row:10803,-1,11,0.0374447181820869,0.7,0.01,time_varying,1.5,0.5,catalog_residual_profile,topk_logmeanexp,2,0.19,outputs/fixation_statistics_by_stimulus_all_sessions_after_review/backimage_image_disjoint_compact_basis_delta025_v1/image_disjoint_compact_basis_delta0p25_fold0of2.npz,10,0,source_row:10803,True,1.0,2.810104610668759,-392.01825613980816,0,source_row:10803,True,1.0,6.928707618042552,-397.71119502893583,0,source_row:10803,True,1.0,2.616755062576772,-394.3207097820083,0,source_row:10803,True,1.0,2.2377939534908933,-393.3977449867485,0,source_row:10803,True,1.0,2.0942603725004005,-393.1393719067933,4.571823122142519,0.992077078425874,5,-392.9817911544173,-393.553073263925,0.5712821095077629,2,0.0688804828268467,0.3367384181727028,0.23469047876072,0.2857144484667114,-8.513402244960217,0.070457089186741,0.0223320325780897,0.2583730799551631,0.5538205902050777,-0.29544751024991456,both_correct,-0.14353358099049274
135,711,355,response_tables/trial_00355_hard_negative_structure_obs-empirical_prior-axis_edge_orthogonal_rel1x.npz,hard_negative_structure,empirical,axis_edge_orthogonal,1.0,per_candidate,1.0,4,16,40,756,0,source_row:10803,-1,15,0.0373172760009765,0.7,0.01,time_varying,1.5,0.5,catalog_residual_profile,topk_logmeanexp,2,0.19,outputs/fixation_statistics_by_stimulus_all_sessions_after_review/backimage_image_disjoint_compact_basis_delta025_v1/image_disjoint_compact_basis_delta0p25_fold0of2.npz,10,0,source_row:10803,True,1.0,2.810104610668759,-392.01825613980816,0,source_row:10803,True,1.0,6.928707618042552,-397.71119502893583,0,source_row:10803,True,1.0,2.6365776568219985,-394.7886970986448,0,source_row:10803,True,1.0,2.068564853037401,-393.767976015865,0,source_row:10803,True,1.0,1.6198830643483575,-393.6161246121763,4.09507041675954,0.9950618334350028,11,-393.41445331218415,-394.1605748782621,0.7461215660779885,2,0.0586644972171287,0.4377295340310862,-0.3064237213255679,0.0656529063527591,-5.900716731619737,0.0534072984585315,0.0223320325780897,0.15185140368868133,0.9767147387132127,-0.8248633350245314,both_correct,-0.4486817886890435
136,712,356,response_tables/trial_00356_hard_negative_structure_obs-empirical_prior-axis_edge_parallel_rel2x.npz,hard_negative_structure,empirical,axis_edge_parallel,2.0,per_candidate,1.0,4,16,40,756,0,source_row:10803,-1,7,0.0710275322198867,0.7,0.01,time_varying,1.5,0.5,catalog_residual_profile,topk_logmeanexp,2,0.19,outputs/fixation_statistics_by_stimulus_all_sessions_after_review/backimage_image_disjoint_compact_basis_delta025_v1/image_disjoint_compact_basis_delta0p25_fold0of2.npz,10,0,source_row:10803,True,1.0,3.252018700789847,-494.6992667583491,0,source_row:10803,True,1.0,12.644487200884214,-515.0395957011539,0,source_row:10803,True,1.0,2.1449693581646443,-499.1788470465835,0,source_row:10803,True,1.0,1.9099965432466208,-497.8804174238458,0,source_row:10803,True,1.0,1.8482557778112323,-497.806063118801,17.233532582352836,0.9979971161761888,5,-497.495681161111,-498.5003423108776,1.004661149766605,2,0.0891582665056315,0.0715704130475027,0.1295081206078526,0.1005392668276777,-2.984801893686473,0.0806012017743108,0.0446640651561794,0.0743543050448352,0.3745138315582608,-0.3001595265134256,both_correct,-0.061740765435388534
137,713,356,response_tables/trial_00356_hard_negative_structure_obs-empirical_prior-axis_edge_orthogonal_rel2x.npz,hard_negative_structure,empirical,axis_edge_orthogonal,2.0,per_candidate,1.0,4,16,40,756,0,source_row:10803,-1,7,0.0838149264454841,0.7,0.01,time_varying,1.5,0.5,catalog_residual_profile,topk_logmeanexp,2,0.19,outputs/fixation_statistics_by_stimulus_all_sessions_after_review/backimage_image_disjoint_compact_basis_delta025_v1/image_disjoint_compact_basis_delta0p25_fold0of2.npz,10,0,source_row:10803,True,1.0,3.252018700789847,-494.6992667583491,0,source_row:10803,True,1.0,12.644487200884214,-515.0395957011539,0,source_row:10803,True,1.0,2.723748341858596,-499.25206933828656,0,source_row:10803,True,1.0,2.2569205235622576,-497.8985972516473,0,source_row:10803,True,1.0,2.2272414445857294,-498.0824397789791,16.95715592217482,0.9886827337818797,14,-497.7580933592799,-498.7514351927825,0.9933418335025976,2,0.0969220496207214,0.2755262974807256,-0.1877735548842251,0.0438763712982502,-3.708999913649156,0.084884495793904,0.0446640651561794,-0.18384252733181938,-0.15416344835517748,-0.029679078976641904,both_correct,-0.029679078976528217
138,714,357,response_tables/trial_00357_hard_negative_structure_obs-empirical_prior-axis_edge_parallel_rel0p5x.npz,hard_negative_structure,empirical,axis_edge_parallel,0.5,per_candidate,1.0,4,16,40,756,0,source_row:10818,-1,14,0.0155532890930771,0.7,0.01,time_varying,1.5,0.5,catalog_residual_profile,topk_logmeanexp,2,0.19,outputs/fixation_statistics_by_stimulus_all_sessions_after_review/backimage_image_disjoint_compact_basis_delta025_v1/image_disjoint_compact_basis_delta0p25_fold0of2.npz,10,0,source_row:10818,True,1.0,0.9636902902145152,-329.69082804510094,0,source_row:10818,True,1.0,0.8114397532408475,-329.9575779407519,0,source_row:10818,True,1.0,0.4128021339222414,-330.9878964816305,0,source_row:10818,True,1.0,0.5163108711522,-330.1059709109262,0,source_row:10818,True,1.0,0.5711759447185045,-330.16227842838623,-0.2047004876343408,0.9936327557930892,7,-330.01807690072513,-330.7554828669749,0.737405966249753,2,0.0321606102663007,0.2846228450944006,0.0840792824624136,0.1843510637784071,-13.71552545828148,0.0322539275582231,0.0083837128316103,-0.05630751746002716,-0.1111725910263317,0.054865073566304545,both_correct,0.054865073566304545
139,715,357,response_tables/trial_00357_hard_negative_structure_obs-empirical_prior-axis_edge_orthogonal_rel0p5x.npz,hard_negative_structure,empirical,axis_edge_orthogonal,0.5,per_candidate,1.0,4,16,40,756,0,source_row:10818,-1,4,0.014189613983035,0.7,0.01,time_varying,1.5,0.5,catalog_residual_profile,topk_logmeanexp,2,0.19,outputs/fixation_statistics_by_stimulus_all_sessions_after_review/backimage_image_disjoint_compact_basis_delta025_v1/image_disjoint_compact_basis_delta0p25_fold0of2.npz,10,0,source_row:10818,True,1.0,0.9636902902145152,-329.69082804510094,0,source_row:10818,True,1.0,0.8114397532408475,-329.9575779407519,0,source_row:10818,True,1.0,0.490594700210238,-330.6928453568069,0,source_row:10818,True,1.0,0.58328335519559,-329.9869524932828,0,source_row:10818,True,1.0,0.4762523613163694,-330.09457820884535,-0.137000268093459,0.9903047036537664,12,-329.9644931704544,-330.5909980096248,0.6265048391704227,2,0.021410152502069,-0.3214193741164946,-0.1548117712925003,-0.2381155727044974,-5.5217888444317405,0.0186454215720845,0.0083837128316103,-0.10762571556256262,-0.0005947216833419589,-0.10703099387922066,both_correct,-0.10703099387922066
140,716,358,response_tables/trial_00358_hard_negative_structure_obs-empirical_prior-axis_edge_parallel_rel1x.npz,hard_negative_structure,empirical,axis_edge_parallel,1.0,per_candidate,1.0,4,16,40,756,0,source_row:10818,-1,11,0.0330117046833038,0.7,0.01,time_varying,1.5,0.5,catalog_residual_profile,topk_logmeanexp,2,0.19,outputs/fixation_statistics_by_stimulus_all_sessions_after_review/backimage_image_disjoint_compact_basis_delta025_v1/image_disjoint_compact_basis_delta0p25_fold0of2.npz,10,0,source_row:10818,True,1.0,1.2393070675603894,-370.0602616805251,0,source_row:10818,True,1.0,1.307968114128073,-371.8943490882195,0,source_row:10818,True,1.0,1.1448154930950525,-372.6681776016696,0,source_row:10818,True,1.0,0.7480381714086661,-371.32458660861664,0,source_row:10818,True,1.0,0.9402139531908348,-371.4168618915664,0.477487196653044,0.98509761826355,7,-371.1545359661564,-372.1986075939749,1.0440716278184825,2,0.0629324659397464,-0.4471352348776165,-0.2516405829538331,-0.3493879089157248,-13.086941777844975,0.0565473875777544,0.0167674256632206,-0.09227528294974263,-0.284451064731968,0.19217578178222539,both_correct,0.19217578178216865
141,717,358,response_tables/trial_00358_hard_negative_structure_obs-empirical_prior-axis_edge_orthogonal_rel1x.npz,hard_negative_structure,empirical,axis_edge_orthogonal,1.0,per_candidate,1.0,4,16,40,756,0,source_row:10818,-1,11,0.0339121706783771,0.7,0.01,time_varying,1.5,0.5,catalog_residual_profile,topk_logmeanexp,2,0.19,outputs/fixation_statistics_by_stimulus_all_sessions_after_review/backimage_image_disjoint_compact_basis_delta025_v1/image_disjoint_compact_basis_delta0p25_fold0of2.npz,10,0,source_row:10818,True,1.0,1.2393070675603894,-370.0602616805251,0,source_row:10818,True,1.0,1.307968114128073,-371.8943490882195,0,source_row:10818,True,1.0,0.1169782848196518,-372.21365099736136,0,source_row:10818,True,1.0,0.3446982196357453,-371.0555015448064,0,source_row:10818,True,1.0,0.2935382328176956,-371.1618970236758,0.7324520645436792,0.9443837314574552,7,-370.8978696812668,-371.9202452288896,1.0223755476228007,2,0.0497836552146401,-0.2613486537503975,0.1404618909584745,-0.0604433813959615,-7.815374788181618,0.0484481694725174,0.0167674256632206,-0.10639547886938772,-0.055235492051394885,-0.05115998681799283,both_correct,-0.05115998681804973
142,718,359,response_tables/trial_00359_hard_negative_structure_obs-empirical_prior-axis_edge_parallel_rel2x.npz,hard_negative_structure,empirical,axis_edge_parallel,2.0,per_candidate,1.0,4,16,40,756,0,source_row:10818,-1,2,0.0611084662377834,0.7,0.01,time_varying,1.5,0.5,catalog_residual_profile,topk_logmeanexp,2,0.19,outputs/fixation_statistics_by_stimulus_all_sessions_after_review/backimage_image_disjoint_compact_basis_delta025_v1/image_disjoint_compact_basis_delta0p25_fold0of2.npz,10,0,source_row:10818,True,1.0,1.3324311760786711,-487.7819365115779,0,source_row:10818,True,1.0,2.89141722168904,-503.0673602530056,0,source_row:10818,True,1.0,1.6919433004122195,-492.6414364189652,0,source_row:10818,True,1.0,1.660627567641768,-491.1417857153997,0,source_row:10818,True,1.0,1.3989268843137663,-491.3616066555815,11.705753597424064,0.977535652473096,15,-490.9500801439417,-492.2111385470576,1.2610584031158396,2,0.0610388364985487,0.4897364125421789,0.1614829167619822,0.3256096646520806,-2.3129869314565936,0.0598839349572808,0.0335348513264412,-0.21982094018181897,0.041879743146239434,-0.2617006833280584,both_correct,-0.2617006833280018
143,719,359,response_tables/trial_00359_hard_negative_structure_obs-empirical_prior-axis_edge_orthogonal_rel2x.npz,hard_negative_structure,empirical,axis_edge_orthogonal,2.0,per_candidate,1.0,4,16,40,756,0,source_row:10818,-1,2,0.0634403079748153,0.7,0.01,time_varying,1.5,0.5,catalog_residual_profile,topk_logmeanexp,2,0.19,outputs/fixation_statistics_by_stimulus_all_sessions_after_review/backimage_image_disjoint_compact_basis_delta025_v1/image_disjoint_compact_basis_delta0p25_fold0of2.npz,10,0,source_row:10818,True,1.0,1.3324311760786711,-487.7819365115779,0,source_row:10818,True,1.0,2.89141722168904,-503.0673602530056,0,source_row:10818,True,1.0,0.6250450833349532,-492.153703693844,0,source_row:10818,True,1.0,0.6371773370078131,-490.6561951719576,0,source_row:10818,True,1.0,0.6985346427018158,-490.7286269144293,12.338733338576333,0.9394058488837398,6,-490.42437500157337,-491.8083986517886,1.3840236502152266,2,0.0861755126952313,-0.3764938261749891,0.2377561734317538,-0.0693688263716176,-5.603512149701912,0.0854643945220951,0.0335348513264412,-0.07243174247167872,-0.13378904816573822,0.061357305694059505,both_correct,0.06135730569400266
144,720,360,response_tables/trial_00360_hard_negative_structure_obs-empirical_prior-axis_edge_parallel_rel0p5x.npz,hard_negative_structure,empirical,axis_edge_parallel,0.5,per_candidate,1.0,4,16,40,756,0,source_row:11021,-1,15,0.035395011305809,0.7,0.01,time_varying,1.5,0.5,catalog_residual_profile,topk_logmeanexp,2,0.19,outputs/fixation_statistics_by_stimulus_all_sessions_after_review/backimage_image_disjoint_compact_basis_delta025_v1/image_disjoint_compact_basis_delta0p25_fold0of2.npz,10,0,source_row:11021,True,1.0,0.1476348640080687,-413.434786261595,2,source_row:3951,False,2.0,-0.0015446493756599,-422.6138885685241,3,source_row:4361,False,2.0,-0.0107139195010859,-417.3481634237125,3,source_row:4361,False,2.0,-0.0116135175989597,-415.3434460515783,0,source_row:11021,True,1.0,0.0373429556545943,-415.30251314338113,7.3113754251429555,0.8639788104743499,1,-415.1040011185155,-415.95539044262586,0.8513893241103574,2,0.1041004469266017,0.0732726323100413,0.1593479939979172,0.1163103131539792,-10.856178585385932,0.104120255291358,0.0302329292598745,0.040932908197191864,-0.008023565056419102,0.048956473253610966,rescued_by_residual,0.048956473253554
145,721,360,response_tables/trial_00360_hard_negative_structure_obs-empirical_prior-axis_edge_orthogonal_rel0p5x.npz,hard_negative_structure,empirical,axis_edge_orthogonal,0.5,per_candidate,1.0,4,16,40,756,0,source_row:11021,-1,0,0.0442008711397647,0.7,0.01,time_varying,1.5,0.5,catalog_residual_profile,topk_logmeanexp,2,0.19,outputs/fixation_statistics_by_stimulus_all_sessions_after_review/backimage_image_disjoint_compact_basis_delta025_v1/image_disjoint_compact_basis_delta0p25_fold0of2.npz,10,0,source_row:11021,True,1.0,0.1476348640080687,-413.434786261595,2,source_row:3951,False,2.0,-0.0015446493756599,-422.6138885685241,0,source_row:11021,True,1.0,0.0044331245565558,-417.19743430434056,0,source_row:11021,True,1.0,0.004578171224125,-415.59003467824994,0,source_row:11021,True,1.0,0.0605236150571499,-415.2001076635247,7.413780904999385,0.7365169446830641,4,-414.95417744323487,-415.8798664209098,0.9256889776749516,2,0.0703221750165462,-0.0266349780935249,-0.0254482904600922,-0.0260416342768086,-4.410334711247576,0.0633102900492191,0.0302329292598745,0.38992701472523095,0.33398157089220604,0.05594544383302491,both_correct,0.0559454438330249
146,722,361,response_tables/trial_00361_hard_negative_structure_obs-empirical_prior-axis_edge_parallel_rel1x.npz,hard_negative_structure,empirical,axis_edge_parallel,1.0,per_candidate,1.0,4,16,40,756,0,source_row:11021,-1,3,0.070790022611618,0.7,0.01,time_varying,1.5,0.5,catalog_residual_profile,topk_logmeanexp,2,0.19,outputs/fixation_statistics_by_stimulus_all_sessions_after_review/backimage_image_disjoint_compact_basis_delta025_v1/image_disjoint_compact_basis_delta0p25_fold0of2.npz,10,0,source_row:11021,True,1.0,0.1826158389774264,-446.26410092479017,2,source_row:3951,False,2.0,-0.1217155931187221,-459.1509035177613,0,source_row:11021,True,1.0,0.1731034824030075,-449.22701577947663,0,source_row:11021,True,1.0,0.0752345708662574,-447.79193871687824,0,source_row:11021,True,1.0,0.0781685661322058,-447.80095863651576,11.349944881245564,0.5602368279533195,12,-447.6307634755072,-448.3501856971878,0.7194222216805883,2,0.0991359314685221,-0.0928770799718462,-0.4372147112815111,-0.2650458956266787,-1.6880771919560762,0.058975465118083,0.060465858519749,-0.009019919637523799,-0.01195391490352904,0.0029339952660052404,both_correct,0.002933995265948397
147,723,361,response_tables/trial_00361_hard_negative_structure_obs-empirical_prior-axis_edge_orthogonal_rel1x.npz,hard_negative_structure,empirical,axis_edge_orthogonal,1.0,per_candidate,1.0,4,16,40,756,0,source_row:11021,-1,14,0.0886842831969261,0.7,0.01,time_varying,1.5,0.5,catalog_residual_profile,topk_logmeanexp,2,0.19,outputs/fixation_statistics_by_stimulus_all_sessions_after_review/backimage_image_disjoint_compact_basis_delta025_v1/image_disjoint_compact_basis_delta0p25_fold0of2.npz,10,0,source_row:11021,True,1.0,0.1826158389774264,-446.26410092479017,2,source_row:3951,False,2.0,-0.1217155931187221,-459.1509035177613,0,source_row:11021,True,1.0,0.0387068277761954,-449.4417261113047,0,source_row:11021,True,1.0,0.044154969268618,-447.8638871268929,0,source_row:11021,True,1.0,0.0669137248260085,-448.0707524067493,11.080151111012016,0.6311791560238741,3,-447.7416869305686,-448.5661533402176,0.8244664096489487,2,0.0734324931074547,-0.2519893844594333,0.0332983816002165,-0.1093455014296083,-0.4748780060145352,0.0389849240544664,0.060465858519749,-0.20686527985640168,-0.22962403541379217,0.022758755557390487,both_correct,0.022758755557390507
148,724,362,response_tables/trial_00362_hard_negative_structure_obs-empirical_prior-axis_edge_parallel_rel2x.npz,hard_negative_structure,empirical,axis_edge_parallel,2.0,per_candidate,1.0,4,16,40,756,0,source_row:11021,-1,11,0.0966591835021972,0.7,0.01,time_varying,1.5,0.5,catalog_residual_profile,topk_logmeanexp,2,0.19,outputs/fixation_statistics_by_stimulus_all_sessions_after_review/backimage_image_disjoint_compact_basis_delta025_v1/image_disjoint_compact_basis_delta0p25_fold0of2.npz,10,0,source_row:11021,True,1.0,0.2077328987013516,-466.2347555667906,2,source_row:3951,False,2.0,-0.2248872798416528,-481.6834542288469,0,source_row:11021,True,1.0,0.0587539046882739,-469.7520065092811,3,source_row:4361,False,2.0,-0.0858580356502329,-468.579476655645,0,source_row:11021,True,1.0,0.0137042531300721,-468.26888986816937,13.41456436067756,-0.1054795428632774,0,-468.09057649458975,-468.9342086438845,0.8436321492947627,2,0.0831999065965405,0.1116034268677071,0.3710064996342055,0.2413049632509563,0.0385799443872214,0.0545768714459681,0.0848528140933395,0.3105867874756427,0.2110244986953944,0.09956228878024831,rescued_by_residual,0.099562288780305
149,725,362,response_tables/trial_00362_hard_negative_structure_obs-empirical_prior-axis_edge_orthogonal_rel2x.npz,hard_negative_structure,empirical,axis_edge_orthogonal,2.0,per_candidate,1.0,4,16,40,756,0,source_row:11021,-1,3,0.1304258555173874,0.7,0.01,time_varying,1.5,0.5,catalog_residual_profile,topk_logmeanexp,2,0.19,outputs/fixation_statistics_by_stimulus_all_sessions_after_review/backimage_image_disjoint_compact_basis_delta025_v1/image_disjoint_compact_basis_delta0p25_fold0of2.npz,10,0,source_row:11021,True,1.0,0.2077328987013516,-466.2347555667906,2,source_row:3951,False,2.0,-0.2248872798416528,-481.6834542288469,3,source_row:4361,False,2.0,-0.082285713502415,-470.605371532743,0,source_row:11021,True,1.0,0.0213794482251614,-468.60080007778674,3,source_row:4361,False,2.0,-0.0188805157305864,-468.64189403473694,13.04156019410999,0.3270028410634018,0,-468.2085230377413,-469.4513793846143,1.2428563468729976,2,0.0916124366054057,0.1215767527718419,0.0494534074758977,0.0855150801238698,-0.1656720099101958,0.0367011512045996,0.0848528140933395,-0.04109395695019202,-0.0008339929945009317,-0.04025996395569109,lost_by_residual,-0.040259963955747796
150,726,363,response_tables/trial_00363_hard_negative_structure_obs-empirical_prior-axis_edge_parallel_rel0p5x.npz,hard_negative_structure,empirical,axis_edge_parallel,0.5,per_candidate,1.0,4,16,40,756,0,source_row:11058,-1,7,0.0176340583711862,0.7,0.01,time_varying,1.5,0.5,catalog_residual_profile,topk_logmeanexp,2,0.19,outputs/fixation_statistics_by_stimulus_all_sessions_after_review/backimage_image_disjoint_compact_basis_delta025_v1/image_disjoint_compact_basis_delta0p25_fold0of2.npz,10,0,source_row:11058,True,1.0,1.0964039305948177,-282.7621336766087,0,source_row:11058,True,1.0,0.6835426186514155,-283.14756687576136,0,source_row:11058,True,1.0,1.1982609718320418,-283.81399065542286,0,source_row:11058,True,1.0,0.8259494787703829,-283.05439543040615,0,source_row:11058,True,1.0,0.976619826188994,-283.1819052347517,-0.0343383589903965,0.9864262576008476,7,-283.0450730314729,-283.743284742279,0.6982117108061061,2,0.0154335956124292,0.0861658747174664,0.1873787534028458,0.1367723140601561,-1.433322441756768,0.0124873258525701,0.0098938947487527,-0.12750980434555004,-0.27818015176421795,0.15067034741866792,both_correct,0.15067034741861107
151,727,363,response_tables/trial_00363_hard_negative_structure_obs-empirical_prior-axis_edge_orthogonal_rel0p5x.npz,hard_negative_structure,empirical,axis_edge_orthogonal,0.5,per_candidate,1.0,4,16,40,756,0,source_row:11058,-1,0,0.0141289848834276,0.7,0.01,time_varying,1.5,0.5,catalog_residual_profile,topk_logmeanexp,2,0.19,outputs/fixation_statistics_by_stimulus_all_sessions_after_review/backimage_image_disjoint_compact_basis_delta025_v1/image_disjoint_compact_basis_delta0p25_fold0of2.npz,10,0,source_row:11058,True,1.0,1.0964039305948177,-282.7621336766087,0,source_row:11058,True,1.0,0.6835426186514155,-283.14756687576136,0,source_row:11058,True,1.0,0.8117954993447825,-284.1074332920407,0,source_row:11058,True,1.0,0.6418162611219032,-283.04148078894275,0,source_row:11058,True,1.0,0.7140392272121403,-283.2058386675797,-0.0582717918183561,0.958173951944716,7,-283.01289787309497,-284.00256778790936,0.9896699148143852,2,0.0223366824988061,-0.2097621367860708,-0.2813206286762185,-0.2455413827311446,-4.096860767877761,0.0182085806822616,0.0098938947487527,-0.16435787863696305,-0.2365808447272002,0.07222296609023715,both_correct,0.07222296609023715
152,728,364,response_tables/trial_00364_hard_negative_structure_obs-empirical_prior-axis_edge_parallel_rel1x.npz,hard_negative_structure,empirical,axis_edge_parallel,1.0,per_candidate,1.0,4,16,40,756,0,source_row:11058,-1,8,0.0349086821079254,0.7,0.01,time_varying,1.5,0.5,catalog_residual_profile,topk_logmeanexp,2,0.19,outputs/fixation_statistics_by_stimulus_all_sessions_after_review/backimage_image_disjoint_compact_basis_delta025_v1/image_disjoint_compact_basis_delta0p25_fold0of2.npz,10,0,source_row:11058,True,1.0,1.590081894908394,-340.9115372653855,1,source_row:1446,False,3.0,-0.4932277349720948,-344.4097782137044,0,source_row:11058,True,1.0,1.05080004468266,-342.7254510236739,0,source_row:11058,True,1.0,1.0439557702658249,-341.70710689792645,0,source_row:11058,True,1.0,0.9863317179707564,-341.8551430458814,2.554635167822994,0.7353032245351631,15,-341.63991517324206,-342.42712256355463,0.7872073903125738,2,0.036537421965535,0.2116029735915431,-0.0160181432292839,0.0977924151811295,-2.409425760902383,0.0328765699162634,0.0197877894975055,-0.14803614795494013,-0.09041209565987174,-0.057624052295068395,both_correct,-0.057624052295068506
153,729,364,response_tables/trial_00364_hard_negative_structure_obs-empirical_prior-axis_edge_orthogonal_rel1x.npz,hard_negative_structure,empirical,axis_edge_orthogonal,1.0,per_candidate,1.0,4,16,40,756,0,source_row:11058,-1,15,0.0300271958112716,0.7,0.01,time_varying,1.5,0.5,catalog_residual_profile,topk_logmeanexp,2,0.19,outputs/fixation_statistics_by_stimulus_all_sessions_after_review/backimage_image_disjoint_compact_basis_delta025_v1/image_disjoint_compact_basis_delta0p25_fold0of2.npz,10,0,source_row:11058,True,1.0,1.590081894908394,-340.9115372653855,1,source_row:1446,False,3.0,-0.4932277349720948,-344.4097782137044,0,source_row:11058,True,1.0,0.9263503973845104,-342.79277403758164,0,source_row:11058,True,1.0,0.7378858763717062,-341.6571044096995,0,source_row:11058,True,1.0,0.7193420291620782,-341.78419907501154,2.625579138692842,0.6230612726996573,1,-341.59918396699777,-342.56918719719573,0.9700032301979604,2,0.042843611194248,0.2397917840099453,-0.3895227069615745,-0.0748654614758145,-3.68789175893092,0.0327889568133712,0.0197877894975055,-0.12709466531202906,-0.10855081810240108,-0.018543847209627984,both_correct,-0.018543847209627984
154,730,365,response_tables/trial_00365_hard_negative_structure_obs-empirical_prior-axis_edge_parallel_rel2x.npz,hard_negative_structure,empirical,axis_edge_parallel,2.0,per_candidate,1.0,4,16,40,756,0,source_row:11058,-1,0,0.0673198997974395,0.7,0.01,time_varying,1.5,0.5,catalog_residual_profile,topk_logmeanexp,2,0.19,outputs/fixation_statistics_by_stimulus_all_sessions_after_review/backimage_image_disjoint_compact_basis_delta025_v1/image_disjoint_compact_basis_delta0p25_fold0of2.npz,10,0,source_row:11058,True,1.0,2.6962271500633506,-431.7790057471164,1,source_row:1446,False,4.0,-4.31981893310774,-447.4253956593792,0,source_row:11058,True,1.0,1.353945910677794,-434.9455521851758,0,source_row:11058,True,1.0,0.7322968460417769,-434.01547268121845,0,source_row:11058,True,1.0,1.1565248102555188,-433.81850108683193,13.60689457254722,0.0652560936937982,7,-433.6866136006334,-434.3239774938162,0.6373638931827941,2,0.0760745451832544,-0.2940376760149327,-0.3647530346085246,-0.3293953553117287,-2.69508279886882,0.0581207798116413,0.0395755789950111,0.19697159438652534,-0.22725636982727337,0.4242279642137987,both_correct,0.42422796421374187
155,731,365,response_tables/trial_00365_hard_negative_structure_obs-empirical_prior-axis_edge_orthogonal_rel2x.npz,hard_negative_structure,empirical,axis_edge_orthogonal,2.0,per_candidate,1.0,4,16,40,756,0,source_row:11058,-1,11,0.0526513457298278,0.7,0.01,time_varying,1.5,0.5,catalog_residual_profile,topk_logmeanexp,2,0.19,outputs/fixation_statistics_by_stimulus_all_sessions_after_review/backimage_image_disjoint_compact_basis_delta025_v1/image_disjoint_compact_basis_delta0p25_fold0of2.npz,10,0,source_row:11058,True,1.0,2.6962271500633506,-431.7790057471164,1,source_row:1446,False,4.0,-4.31981893310774,-447.4253956593792,0,source_row:11058,True,1.0,1.191988743056868,-434.7111309668707,0,source_row:11058,True,1.0,1.2114010917161977,-433.5334760085659,0,source_row:11058,True,1.0,1.0017170566097209,-433.6402365156746,13.785159143704504,0.0447906066868149,3,-433.4464217851505,-434.40572443955,0.9593026543994938,2,0.0868974254579735,0.0789953855953965,-0.6874280609899548,-0.3042163376972791,-3.821245700307904,0.0592713131363338,0.0395755789950111,-0.10676050710867457,0.10292352799768878,-0.20968403510636335,both_correct,-0.20968403510647682
156,732,366,response_tables/trial_00366_hard_negative_structure_obs-empirical_prior-axis_edge_parallel_rel0p5x.npz,hard_negative_structure,empirical,axis_edge_parallel,0.5,per_candidate,1.0,4,16,40,756,0,source_row:11072,-1,12,0.0183547977358102,0.7,0.01,time_varying,1.5,0.5,catalog_residual_profile,topk_logmeanexp,2,0.19,outputs/fixation_statistics_by_stimulus_all_sessions_after_review/backimage_image_disjoint_compact_basis_delta025_v1/image_disjoint_compact_basis_delta0p25_fold0of2.npz,10,0,source_row:11072,True,1.0,2.060738954186548,-313.3393861972323,3,source_row:2518,False,3.0,-0.4711567477415315,-315.4902631521313,0,source_row:11072,True,1.0,0.8870347292030374,-314.7581474431021,0,source_row:11072,True,1.0,0.7512523688081387,-314.1112576251172,0,source_row:11072,True,1.0,0.8700246520176051,-314.1485799989653,1.3416831531660025,-0.021156152959222,15,-314.0620533366857,-314.50747899036594,0.4454256536802177,2,0.0665630832941975,-0.6162280637500533,-0.2564590306044157,-0.4363435471772345,-16.187349104312023,0.0566575359055609,0.0160556902743218,-0.03732237384809878,-0.1560946570575652,0.11877228320946642,both_correct,0.11877228320946642
157,733,366,response_tables/trial_00366_hard_negative_structure_obs-empirical_prior-axis_edge_orthogonal_rel0p5x.npz,hard_negative_structure,empirical,axis_edge_orthogonal,0.5,per_candidate,1.0,4,16,40,756,0,source_row:11072,-1,13,0.0244927555322647,0.7,0.01,time_varying,1.5,0.5,catalog_residual_profile,topk_logmeanexp,2,0.19,outputs/fixation_statistics_by_stimulus_all_sessions_after_review/backimage_image_disjoint_compact_basis_delta025_v1/image_disjoint_compact_basis_delta0p25_fold0of2.npz,10,0,source_row:11072,True,1.0,2.060738954186548,-313.3393861972323,3,source_row:2518,False,3.0,-0.4711567477415315,-315.4902631521313,0,source_row:11072,True,1.0,0.7737740275204033,-314.96610162576707,0,source_row:11072,True,1.0,0.7125613930302279,-314.1000222071431,0,source_row:11072,True,1.0,0.8251729071383807,-314.147698087938,1.342565064193309,0.0839623528411955,1,-313.98947185424765,-314.6357578833157,0.646286029068051,2,0.0422455445885066,-0.0656358859952625,-0.3874319496945715,-0.226533917844917,-5.923151932424968,0.0360626797446821,0.0160556902743218,-0.04767588079488405,-0.16028739490309363,0.11261151410820958,both_correct,0.11261151410815273
158,734,367,response_tables/trial_00367_hard_negative_structure_obs-empirical_prior-axis_edge_parallel_rel1x.npz,hard_negative_structure,empirical,axis_edge_parallel,1.0,per_candidate,1.0,4,16,40,756,0,source_row:11072,-1,5,0.0370587147772312,0.7,0.01,time_varying,1.5,0.5,catalog_residual_profile,topk_logmeanexp,2,0.19,outputs/fixation_statistics_by_stimulus_all_sessions_after_review/backimage_image_disjoint_compact_basis_delta025_v1/image_disjoint_compact_basis_delta0p25_fold0of2.npz,10,0,source_row:11072,True,1.0,2.2130800576832144,-387.2033947499898,1,source_row:369,False,4.0,-4.600329960298723,-397.3265251384183,0,source_row:11072,True,1.0,1.7300105460117834,-389.7171157474251,0,source_row:11072,True,1.0,1.5712234071851867,-388.3671676733261,0,source_row:11072,True,1.0,1.5025403949848055,-388.4756456056336,8.850879532784631,-0.5721757667696492,5,-388.0737017933423,-389.1050931031294,1.0313913097870682,2,0.0507396303635819,0.0343804154688237,0.1774860814773791,0.1059332484731014,-1.496759111322275,0.0401076453769148,0.0321113805486437,-0.10847793230749403,-0.03979492010722652,-0.06868301220026751,both_correct,-0.0686830122003812
159,735,367,response_tables/trial_00367_hard_negative_structure_obs-empirical_prior-axis_edge_orthogonal_rel1x.npz,hard_negative_structure,empirical,axis_edge_orthogonal,1.0,per_candidate,1.0,4,16,40,756,0,source_row:11072,-1,7,0.0544798672199249,0.7,0.01,time_varying,1.5,0.5,catalog_residual_profile,topk_logmeanexp,2,0.19,outputs/fixation_statistics_by_stimulus_all_sessions_after_review/backimage_image_disjoint_compact_basis_delta025_v1/image_disjoint_compact_basis_delta0p25_fold0of2.npz,10,0,source_row:11072,True,1.0,2.2130800576832144,-387.2033947499898,1,source_row:369,False,4.0,-4.600329960298723,-397.3265251384183,0,source_row:11072,True,1.0,1.7938683028513085,-389.5236827573821,0,source_row:11072,True,1.0,1.3894220375389637,-388.2913295415306,0,source_row:11072,True,1.0,1.463870469037488,-388.4555776571088,8.870947481309486,-0.766912152708472,15,-388.2179957183564,-389.13030348615,0.9123077677936068,2,0.0608622132468947,-0.8175178708338514,0.075408251104908,-0.3710548098644716,-2.592340776687766,0.0525466079220036,0.0321113805486437,-0.1642481155781752,-0.23869654707669952,0.07444843149852431,both_correct,0.07444843149852431
160,736,368,response_tables/trial_00368_hard_negative_structure_obs-empirical_prior-axis_edge_parallel_rel2x.npz,hard_negative_structure,empirical,axis_edge_parallel,2.0,per_candidate,1.0,4,16,40,756,0,source_row:11072,-1,10,0.0729064866900444,0.7,0.01,time_varying,1.5,0.5,catalog_residual_profile,topk_logmeanexp,2,0.19,outputs/fixation_statistics_by_stimulus_all_sessions_after_review/backimage_image_disjoint_compact_basis_delta025_v1/image_disjoint_compact_basis_delta0p25_fold0of2.npz,10,0,source_row:11072,True,1.0,3.13038871336164,-492.4235601237774,1,source_row:369,False,4.0,-11.58174905440336,-521.3823240457286,0,source_row:11072,True,1.0,1.0735788860869775,-497.2485285636049,0,source_row:11072,True,1.0,1.208376974334385,-495.94284561454793,0,source_row:11072,True,1.0,1.209569095833615,-495.9151581373016,25.46716590842709,-0.5084495855455752,14,-495.7229318112697,-496.5195674869937,0.7966356757239623,2,0.0859192908387866,0.7965422854101054,0.3240307896566207,0.560286537533363,-0.7897955398794241,0.11623915651112,0.0642227610972875,0.027687477246331582,0.026495355747101712,0.00119212149922987,both_correct,0.00119212149922987
161,737,368,response_tables/trial_00368_hard_negative_structure_obs-empirical_prior-axis_edge_orthogonal_rel2x.npz,hard_negative_structure,empirical,axis_edge_orthogonal,2.0,per_candidate,1.0,4,16,40,756,0,source_row:11072,-1,6,0.0946494415402412,0.7,0.01,time_varying,1.5,0.5,catalog_residual_profile,topk_logmeanexp,2,0.19,outputs/fixation_statistics_by_stimulus_all_sessions_after_review/backimage_image_disjoint_compact_basis_delta025_v1/image_disjoint_compact_basis_delta0p25_fold0of2.npz,10,0,source_row:11072,True,1.0,3.13038871336164,-492.4235601237774,1,source_row:369,False,4.0,-11.58174905440336,-521.3823240457286,1,source_row:369,False,2.0,-0.4014590349513014,-498.3508042993528,1,source_row:369,False,2.0,-0.3780192609980872,-496.78690427313904,0,source_row:11072,True,1.0,0.750725525703217,-495.8883188578777,25.49400518785092,-0.4633527460613749,7,-495.5057047315745,-496.7306284480928,1.2249237165182765,2,0.2028045476947576,-0.8298723047452408,0.1202097771848949,-0.3548312637801729,-8.971888934001033,0.1955244177447855,0.0642227610972875,0.8985854152613229,-0.23015937143998144,1.1287447867013043,rescued_by_residual,1.1287447867013043
162,738,369,response_tables/trial_00369_hard_negative_structure_obs-empirical_prior-axis_edge_parallel_rel0p5x.npz,hard_negative_structure,empirical,axis_edge_parallel,0.5,per_candidate,1.0,4,16,40,756,0,source_row:11226,-1,12,0.0269849859178066,0.7,0.01,time_varying,1.5,0.5,catalog_residual_profile,topk_logmeanexp,2,0.19,outputs/fixation_statistics_by_stimulus_all_sessions_after_review/backimage_image_disjoint_compact_basis_delta025_v1/image_disjoint_compact_basis_delta0p25_fold0of2.npz,10,0,source_row:11226,True,1.0,0.0086567157140962,-387.9978166148289,3,source_row:10818,False,4.0,-0.2199242489195967,-393.0747789416914,2,source_row:4014,False,3.0,-0.1164236396141404,-391.282991212493,2,source_row:4014,False,3.0,-0.2062942381028847,-389.8511807123148,2,source_row:4014,False,3.0,-0.0909964124078896,-389.4501917925516,3.624587149139813,-0.6983779937442155,11,-389.07155749349647,-390.0827635341502,1.0112060406537466,2,0.0889208183029781,-0.3923200663538919,0.406658131117289,0.0071690323816985,-22.55514003720988,0.0862556209778049,0.0183214822188564,0.4009889197631651,0.28569109406828375,0.11529782569488134,both_wrong,0.1152978256949951
163,739,369,response_tables/trial_00369_hard_negative_structure_obs-empirical_prior-axis_edge_orthogonal_rel0p5x.npz,hard_negative_structure,empirical,axis_edge_orthogonal,0.5,per_candidate,1.0,4,16,40,756,0,source_row:11226,-1,2,0.0234100632369518,0.7,0.01,time_varying,1.5,0.5,catalog_residual_profile,topk_logmeanexp,2,0.19,outputs/fixation_statistics_by_stimulus_all_sessions_after_review/backimage_image_disjoint_compact_basis_delta025_v1/image_disjoint_compact_basis_delta0p25_fold0of2.npz,10,0,source_row:11226,True,1.0,0.0086567157140962,-387.9978166148289,3,source_row:10818,False,4.0,-0.2199242489195967,-393.0747789416914,2,source_row:4014,False,3.0,-0.041151498637646,-390.9156248706452,2,source_row:4014,False,3.0,-0.0463391149563676,-389.2266460814184,1,source_row:10041,False,2.0,-0.0038139940011205,-389.3044922680641,3.770286673627311,-0.7493791524916855,11,-389.0468321670708,-390.01103650671854,0.9642043396477789,2,0.0471802758587293,-0.0900049668877479,0.0855451407810821,-0.0022299130533328,-5.6313162610872025,0.043203689588245,0.0183214822188564,-0.07784618664572918,-0.07502752294897164,-0.0028186636967575396,both_wrong,0.042525120955247096
164,740,370,response_tables/trial_00370_hard_negative_structure_obs-empirical_prior-axis_edge_parallel_rel1x.npz,hard_negative_structure,empirical,axis_edge_parallel,1.0,per_candidate,1.0,4,16,40,756,0,source_row:11226,-1,7,0.0548293814063072,0.7,0.01,time_varying,1.5,0.5,catalog_residual_profile,topk_logmeanexp,2,0.19,outputs/fixation_statistics_by_stimulus_all_sessions_after_review/backimage_image_disjoint_compact_basis_delta025_v1/image_disjoint_compact_basis_delta0p25_fold0of2.npz,10,0,source_row:11226,True,1.0,0.016101259501795,-481.2617863436449,3,source_row:10818,False,4.0,-2.3956087847116123,-498.8971683205459,2,source_row:4014,False,4.0,-0.2086094755614453,-487.203809264086,2,source_row:4014,False,2.0,-0.1461264588049289,-485.73073112752087,2,source_row:4014,False,2.0,-0.454057916778936,-485.07223413135154,13.82493418919438,-0.4886211992373218,8,-484.8629023745957,-485.8388428575736,0.9759404829779896,2,0.1996940406866311,0.776662998812483,-0.58264400485075,0.0970094969808665,-28.69949106916421,0.2019447053130408,0.0366429644377128,0.6584969961693332,0.9664284541433972,-0.30793145797406396,both_wrong,-0.3079314579740071
165,741,370,response_tables/trial_00370_hard_negative_structure_obs-empirical_prior-axis_edge_orthogonal_rel1x.npz,hard_negative_structure,empirical,axis_edge_orthogonal,1.0,per_candidate,1.0,4,16,40,756,0,source_row:11226,-1,12,0.0429353080689907,0.7,0.01,time_varying,1.5,0.5,catalog_residual_profile,topk_logmeanexp,2,0.19,outputs/fixation_statistics_by_stimulus_all_sessions_after_review/backimage_image_disjoint_compact_basis_delta025_v1/image_disjoint_compact_basis_delta0p25_fold0of2.npz,10,0,source_row:11226,True,1.0,0.016101259501795,-481.2617863436449,3,source_row:10818,False,4.0,-2.3956087847116123,-498.8971683205459,0,source_row:11226,True,1.0,0.0282696105440436,-485.9576284445941,1,source_row:10041,False,2.0,-0.0224732971015555,-484.55463146874513,0,source_row:11226,True,1.0,0.0122191953112746,-483.472738762018,15.424429558527947,-0.9927708944264312,12,-483.3222100408758,-484.1041237583301,0.7819137174543016,2,0.1573750077635798,-0.7169962108924749,-0.5658299446556586,-0.6414130777740668,-17.4454955314326,0.1359287199545846,0.0366429644377128,1.0818927067271034,1.0472002143142731,0.034692492412830234,rescued_by_residual,0.0346924924128301
166,742,371,response_tables/trial_00371_hard_negative_structure_obs-empirical_prior-axis_edge_parallel_rel2x.npz,hard_negative_structure,empirical,axis_edge_parallel,2.0,per_candidate,1.0,4,16,40,756,0,source_row:11226,-1,10,0.112354889512062,0.7,0.01,time_varying,1.5,0.5,catalog_residual_profile,topk_logmeanexp,2,0.19,outputs/fixation_statistics_by_stimulus_all_sessions_after_review/backimage_image_disjoint_compact_basis_delta025_v1/image_disjoint_compact_basis_delta0p25_fold0of2.npz,10,0,source_row:11226,True,1.0,0.0313437461174999,-534.3383991579577,3,source_row:10818,False,4.0,-3.5089078137800698,-563.56786247205,2,source_row:4014,False,3.0,-0.172885191340697,-540.2381036388925,2,source_row:4014,False,3.0,-0.1760942692986873,-537.9004004039842,2,source_row:4014,False,3.0,-0.3288460953964431,-537.9354646227457,25.63239784930431,-0.9477676322280668,12,-537.6821277590456,-538.8786718599086,1.1965441008630933,2,0.1114489418759007,-0.6265762707281627,0.4456586740434354,-0.0904587983423636,-1.312654231267064,0.074638891506237,0.0732859288754256,-0.035064218761476695,0.11768760733627914,-0.15275182609775584,both_wrong,-0.1527518260977558
167,743,371,response_tables/trial_00371_hard_negative_structure_obs-empirical_prior-axis_edge_orthogonal_rel2x.npz,hard_negative_structure,empirical,axis_edge_orthogonal,2.0,per_candidate,1.0,4,16,40,756,0,source_row:11226,-1,12,0.0816912651062011,0.7,0.01,time_varying,1.5,0.5,catalog_residual_profile,topk_logmeanexp,2,0.19,outputs/fixation_statistics_by_stimulus_all_sessions_after_review/backimage_image_disjoint_compact_basis_delta025_v1/image_disjoint_compact_basis_delta0p25_fold0of2.npz,10,0,source_row:11226,True,1.0,0.0313437461174999,-534.3383991579577,3,source_row:10818,False,4.0,-3.5089078137800698,-563.56786247205,1,source_row:10041,False,2.0,-0.0049988840064543,-539.4988607869111,1,source_row:10041,False,2.0,-0.0719701835982959,-537.3566677855974,2,source_row:4014,False,3.0,-0.1117529287695333,-537.6491794813924,25.918682990657658,-0.9834787290086416,12,-537.1789357695736,-538.6016641815929,1.4227284120192962,2,0.0636391754709248,0.6466517939789154,0.4068496122344211,0.5267507031066683,0.2459365429643121,0.0570655394348999,0.0732859288754256,-0.29251169579492853,-0.010277355887069461,-0.28223433990785907,both_wrong,-0.039782745171237394
168,744,372,response_tables/trial_00372_hard_negative_structure_obs-empirical_prior-axis_edge_parallel_rel0p5x.npz,hard_negative_structure,empirical,axis_edge_parallel,0.5,per_candidate,1.0,4,16,40,756,0,source_row:11361,-1,9,0.03056007809937,0.7,0.01,time_varying,1.5,0.5,catalog_residual_profile,topk_logmeanexp,2,0.19,outputs/fixation_statistics_by_stimulus_all_sessions_after_review/backimage_image_disjoint_compact_basis_delta025_v1/image_disjoint_compact_basis_delta0p25_fold0of2.npz,10,0,source_row:11361,True,1.0,0.2588112447048729,-288.6849416495008,3,source_row:4460,False,3.0,-0.8038349411393142,-293.34262564965803,2,source_row:7981,False,2.0,-0.0340568828084997,-291.40782268815525,2,source_row:7981,False,2.0,-0.0276293071993904,-290.1784998573998,0,source_row:11361,True,1.0,0.036845438349303,-290.4086933620628,2.933932287595269,0.1233782421556768,15,-290.0810217777063,-291.3197371468428,1.2387153691364574,2,0.0780591699074811,-0.6303612999869025,0.073858813551004,-0.2782512432179492,-13.507239846584064,0.0750089776072556,0.02049422656233,-0.23019350466302058,0.3214205432351491,-0.5516140478981697,rescued_by_residual,0.0644747455486934
169,745,372,response_tables/trial_00372_hard_negative_structure_obs-empirical_prior-axis_edge_orthogonal_rel0p5x.npz,hard_negative_structure,empirical,axis_edge_orthogonal,0.5,per_candidate,1.0,4,16,40,756,0,source_row:11361,-1,14,0.0243422053754329,0.7,0.01,time_varying,1.5,0.5,catalog_residual_profile,topk_logmeanexp,2,0.19,outputs/fixation_statistics_by_stimulus_all_sessions_after_review/backimage_image_disjoint_compact_basis_delta025_v1/image_disjoint_compact_basis_delta0p25_fold0of2.npz,10,0,source_row:11361,True,1.0,0.2588112447048729,-288.6849416495008,3,source_row:4460,False,3.0,-0.8038349411393142,-293.34262564965803,3,source_row:4460,False,3.0,-0.235273053621313,-291.19040008086154,3,source_row:4460,False,3.0,-0.0994053547248086,-289.81126749107466,0,source_row:11361,True,1.0,0.0091975722079382,-289.6702361093988,3.672389540259246,0.407750603645976,0,-289.322588037968,-290.5780349065848,1.2554468686167866,2,0.0383493865964641,0.4477929359824867,0.4050515980322763,0.4264222670073815,-2.501497152431001,0.0416956281010305,0.02049422656233,0.14103138167587304,0.03242845474312617,0.10860292693274687,rescued_by_residual,0.1086029269327468
170,746,373,response_tables/trial_00373_hard_negative_structure_obs-empirical_prior-axis_edge_parallel_rel1x.npz,hard_negative_structure,empirical,axis_edge_parallel,1.0,per_candidate,1.0,4,16,40,756,0,source_row:11361,-1,8,0.0598697736859321,0.7,0.01,time_varying,1.5,0.5,catalog_residual_profile,topk_logmeanexp,2,0.19,outputs/fixation_statistics_by_stimulus_all_sessions_after_review/backimage_image_disjoint_compact_basis_delta025_v1/image_disjoint_compact_basis_delta0p25_fold0of2.npz,10,0,source_row:11361,True,1.0,0.3742132550226529,-349.3762584948473,3,source_row:4460,False,4.0,-1.5902261938117022,-363.0518746867325,0,source_row:11361,True,1.0,0.056528992660958,-353.4919439589477,0,source_row:11361,True,1.0,0.1094556539541145,-351.7790251493494,0,source_row:11361,True,1.0,0.0646125829623542,-352.0225912895994,11.029283397133042,-0.997142523876372,15,-351.5311223220956,-352.9967006880128,1.4655783659171675,2,0.0815602622240325,-0.1566461394715465,-0.2274864548284854,-0.192066297150016,-2.959443676828235,0.0668721378424734,0.04098845312466,-0.2435661402499818,-0.19872306925822159,-0.044843070991760214,both_correct,-0.0448430709917603
171,747,373,response_tables/trial_00373_hard_negative_structure_obs-empirical_prior-axis_edge_orthogonal_rel1x.npz,hard_negative_structure,empirical,axis_edge_orthogonal,1.0,per_candidate,1.0,4,16,40,756,0,source_row:11361,-1,2,0.0510085262358188,0.7,0.01,time_varying,1.5,0.5,catalog_residual_profile,topk_logmeanexp,2,0.19,outputs/fixation_statistics_by_stimulus_all_sessions_after_review/backimage_image_disjoint_compact_basis_delta025_v1/image_disjoint_compact_basis_delta0p25_fold0of2.npz,10,0,source_row:11361,True,1.0,0.3742132550226529,-349.3762584948473,3,source_row:4460,False,4.0,-1.5902261938117022,-363.0518746867325,0,source_row:11361,True,1.0,0.1474360149691733,-352.22983734558994,0,source_row:11361,True,1.0,0.2050507301487982,-350.98002250880813,0,source_row:11361,True,1.0,0.198752913714145,-351.0811677156577,11.97070697107472,-0.7614345112899592,5,-350.8026279903479,-351.7069021082311,0.904274117883176,2,0.0395315617646169,0.5586418470756433,0.2500902769595414,0.4043660620175924,0.0698245196936475,0.0400359761927247,0.04098845312466,-0.10114520684959416,-0.09484739041494095,-0.006297816434653214,both_correct,-0.006297816434653214
172,748,374,response_tables/trial_00374_hard_negative_structure_obs-empirical_prior-axis_edge_parallel_rel2x.npz,hard_negative_structure,empirical,axis_edge_parallel,2.0,per_candidate,1.0,4,16,40,756,0,source_row:11361,-1,15,0.1231990158557891,0.7,0.01,time_varying,1.5,0.5,catalog_residual_profile,topk_logmeanexp,2,0.19,outputs/fixation_statistics_by_stimulus_all_sessions_after_review/backimage_image_disjoint_compact_basis_delta025_v1/image_disjoint_compact_basis_delta0p25_fold0of2.npz,10,0,source_row:11361,True,1.0,0.5859236005729827,-427.0014428402234,3,source_row:4460,False,4.0,-2.5857194694481223,-459.0053452966642,3,source_row:4460,False,4.0,-1.7294497239811903,-437.2008694100852,3,source_row:4460,False,3.0,-1.854182118502308,-435.6474478488499,3,source_row:4460,False,4.0,-1.06718604487412,-434.81969423750496,24.185651059159227,0.99130221956486,6,-434.3733254251477,-435.9160502322488,1.5427248071011377,2,0.1660817318517121,-0.0597315730397683,-0.24191388218991,-0.1508227276148392,-3.1045039800808656,0.1388467580369559,0.0819769062493201,0.8277536113449173,0.040757537716729075,0.7869960736281882,both_wrong,0.786996073628188
173,749,374,response_tables/trial_00374_hard_negative_structure_obs-empirical_prior-axis_edge_orthogonal_rel2x.npz,hard_negative_structure,empirical,axis_edge_orthogonal,2.0,per_candidate,1.0,4,16,40,756,0,source_row:11361,-1,0,0.0900028496980667,0.7,0.01,time_varying,1.5,0.5,catalog_residual_profile,topk_logmeanexp,2,0.19,outputs/fixation_statistics_by_stimulus_all_sessions_after_review/backimage_image_disjoint_compact_basis_delta025_v1/image_disjoint_compact_basis_delta0p25_fold0of2.npz,10,0,source_row:11361,True,1.0,0.5859236005729827,-427.0014428402234,3,source_row:4460,False,4.0,-2.5857194694481223,-459.0053452966642,0,source_row:11361,True,1.0,0.3119224929044435,-432.1822694956118,0,source_row:11361,True,1.0,0.3158576773598724,-430.9192252266083,0,source_row:11361,True,1.0,0.2807129840066977,-430.9792757176856,28.0260695789786,-0.1736338586442551,2,-430.650279521372,-431.86988611262126,1.2196065912493168,2,0.1122652118378064,0.1055657594476802,0.2367594185611383,0.1711625890044093,-0.8754580386472384,0.0845698353915938,0.0819769062493201,-0.060050491077277,-0.024905797724102285,-0.035144693353174716,both_correct,-0.035144693353174716
174,750,375,response_tables/trial_00375_hard_negative_structure_obs-empirical_prior-axis_edge_parallel_rel0p5x.npz,hard_negative_structure,empirical,axis_edge_parallel,0.5,per_candidate,1.0,4,16,40,756,0,source_row:11459,-1,5,0.0157662257552146,0.7,0.01,time_varying,1.5,0.5,catalog_residual_profile,topk_logmeanexp,2,0.19,outputs/fixation_statistics_by_stimulus_all_sessions_after_review/backimage_image_disjoint_compact_basis_delta025_v1/image_disjoint_compact_basis_delta0p25_fold0of2.npz,10,0,source_row:11459,True,1.0,4.216810634991873,-246.2130323695514,0,source_row:11459,True,1.0,2.025252985458735,-246.49448773936783,0,source_row:11459,True,1.0,2.766191515790041,-246.8632041750368,0,source_row:11459,True,1.0,2.565966594074069,-246.3777089600812,0,source_row:11459,True,1.0,3.1033793644398884,-246.44931128036507,0.0451764590027892,0.9732566826313912,1,-246.35994193820875,-246.8157785424506,0.4558366042418527,2,0.0162170707926708,0.5183702532973975,-0.1994553885063451,0.1594574323955262,-0.5984983335424752,0.0166049672002495,0.0128267407977467,-0.07160232028385849,-0.609015090649649,0.5374127703657905,both_correct,0.5374127703658194
175,751,375,response_tables/trial_00375_hard_negative_structure_obs-empirical_prior-axis_edge_orthogonal_rel0p5x.npz,hard_negative_structure,empirical,axis_edge_orthogonal,0.5,per_candidate,1.0,4,16,40,756,0,source_row:11459,-1,0,0.0176599528640508,0.7,0.01,time_varying,1.5,0.5,catalog_residual_profile,topk_logmeanexp,2,0.19,outputs/fixation_statistics_by_stimulus_all_sessions_after_review/backimage_image_disjoint_compact_basis_delta025_v1/image_disjoint_compact_basis_delta0p25_fold0of2.npz,10,0,source_row:11459,True,1.0,4.216810634991873,-246.2130323695514,0,source_row:11459,True,1.0,2.025252985458735,-246.49448773936783,0,source_row:11459,True,1.0,3.630865605223988,-247.12305293518563,0,source_row:11459,True,1.0,3.0559899843215987,-246.44342233500032,0,source_row:11459,True,1.0,3.500005795170125,-246.52498984495023,-0.0305021055823715,0.9969574310974548,0,-246.3888074176564,-247.0107073216365,0.6218999039800792,2,0.0176983353825399,0.8073390524629555,0.7489418826249277,0.7781404675439416,-0.9038477021823964,0.0192053794312455,0.0128267407977467,-0.08156750994990603,-0.5044871575662455,0.4229196476163395,both_correct,0.44401581084852637
176,752,376,response_tables/trial_00376_hard_negative_structure_obs-empirical_prior-axis_edge_parallel_rel1x.npz,hard_negative_structure,empirical,axis_edge_parallel,1.0,per_candidate,1.0,4,16,40,756,0,source_row:11459,-1,3,0.0325868688523769,0.7,0.01,time_varying,1.5,0.5,catalog_residual_profile,topk_logmeanexp,2,0.19,outputs/fixation_statistics_by_stimulus_all_sessions_after_review/backimage_image_disjoint_compact_basis_delta025_v1/image_disjoint_compact_basis_delta0p25_fold0of2.npz,10,0,source_row:11459,True,1.0,5.8069063607522935,-290.5727789431724,0,source_row:11459,True,1.0,0.932439605521438,-292.6904918907892,0,source_row:11459,True,1.0,3.6017151464796484,-292.42921577004444,0,source_row:11459,True,1.0,2.914548660604908,-291.2847676188201,0,source_row:11459,True,1.0,3.4127977336568733,-291.39602551558505,1.294466375204138,0.8535287933864496,7,-291.2179014603308,-292.1080974740765,0.8901960137457081,2,0.0378712352438215,0.0977798508183598,-0.1289627431501571,-0.0155914461658986,-1.1793466379699376,0.0298224052171513,0.0256534815954934,-0.11125789676492559,-0.6095069698168913,0.49824907305196575,both_correct,0.4982490730519653
177,753,376,response_tables/trial_00376_hard_negative_structure_obs-empirical_prior-axis_edge_orthogonal_rel1x.npz,hard_negative_structure,empirical,axis_edge_orthogonal,1.0,per_candidate,1.0,4,16,40,756,0,source_row:11459,-1,6,0.0370934605598449,0.7,0.01,time_varying,1.5,0.5,catalog_residual_profile,topk_logmeanexp,2,0.19,outputs/fixation_statistics_by_stimulus_all_sessions_after_review/backimage_image_disjoint_compact_basis_delta025_v1/image_disjoint_compact_basis_delta0p25_fold0of2.npz,10,0,source_row:11459,True,1.0,5.8069063607522935,-290.5727789431724,0,source_row:11459,True,1.0,0.932439605521438,-292.6904918907892,0,source_row:11459,True,1.0,4.0477122992641625,-293.30789069079447,0,source_row:11459,True,1.0,2.891378724426545,-291.8260373467445,0,source_row:11459,True,1.0,3.5186281036060905,-291.8162811023011,0.8742107884880852,0.9097537464640872,6,-291.4294476694291,-292.9101401837782,1.480692514349073,2,0.0525856283703383,-0.1664797369512497,0.0225098772590451,-0.0719849298461023,-3.2018593124894794,0.0462288855213269,0.0256534815954934,0.009756244443394735,-0.6174931347361508,0.6272493791795455,both_correct,0.6272493791795455
178,754,377,response_tables/trial_00377_hard_negative_structure_obs-empirical_prior-axis_edge_parallel_rel2x.npz,hard_negative_structure,empirical,axis_edge_parallel,2.0,per_candidate,1.0,4,16,40,756,0,source_row:11459,-1,8,0.0747924596071243,0.7,0.01,time_varying,1.5,0.5,catalog_residual_profile,topk_logmeanexp,2,0.19,outputs/fixation_statistics_by_stimulus_all_sessions_after_review/backimage_image_disjoint_compact_basis_delta025_v1/image_disjoint_compact_basis_delta0p25_fold0of2.npz,10,0,source_row:11459,True,1.0,6.328451569235995,-415.35032053449777,3,source_row:9885,False,2.0,-2.7388968175390573,-431.5332237769363,0,source_row:11459,True,1.0,3.5219318376965134,-418.6796486135953,0,source_row:11459,True,1.0,2.9634606657407403,-418.00963287052696,0,source_row:11459,True,1.0,2.8922826222730578,-417.5303163417004,14.002907435235954,0.3786987775306513,4,-417.41060993361015,-417.8660783074602,0.4554683738501239,2,0.1587714438823851,-0.788297798045052,0.7078526801294068,-0.0402225589578225,-8.576177088956962,0.1232973327854866,0.0513069631909868,0.47931652882653,0.5504945722942693,-0.07117804346773937,both_correct,-0.07117804346768253
179,755,377,response_tables/trial_00377_hard_negative_structure_obs-empirical_prior-axis_edge_orthogonal_rel2x.npz,hard_negative_structure,empirical,axis_edge_orthogonal,2.0,per_candidate,1.0,4,16,40,756,0,source_row:11459,-1,10,0.0741869211196899,0.7,0.01,time_varying,1.5,0.5,catalog_residual_profile,topk_logmeanexp,2,0.19,outputs/fixation_statistics_by_stimulus_all_sessions_after_review/backimage_image_disjoint_compact_basis_delta025_v1/image_disjoint_compact_basis_delta0p25_fold0of2.npz,10,0,source_row:11459,True,1.0,6.328451569235995,-415.35032053449777,3,source_row:9885,False,2.0,-2.7388968175390573,-431.5332237769363,0,source_row:11459,True,1.0,3.406530837184846,-419.0455726217066,0,source_row:11459,True,1.0,3.0304672377099564,-418.145177956713,0,source_row:11459,True,1.0,2.896589757455672,-417.9466034110708,13.586620365865542,0.1410018812767696,13,-417.76532907892937,-418.4780415975948,0.7127125186654553,2,0.1029561278384062,-0.6275724936743257,-0.6372462467577812,-0.6324093702160534,-3.026723238280645,0.0720730880394502,0.0513069631909868,0.19857454564220234,0.33245202589642986,-0.13387748025422752,both_correct,-0.13387748025428436
180,756,378,response_tables/trial_00378_hard_negative_structure_obs-empirical_prior-axis_edge_parallel_rel0p5x.npz,hard_negative_structure,empirical,axis_edge_parallel,0.5,per_candidate,1.0,4,16,40,756,0,source_row:11510,-1,11,0.0192734505981206,0.7,0.01,time_varying,1.5,0.5,catalog_residual_profile,topk_logmeanexp,2,0.19,outputs/fixation_statistics_by_stimulus_all_sessions_after_review/backimage_image_disjoint_compact_basis_delta025_v1/image_disjoint_compact_basis_delta0p25_fold0of2.npz,10,0,source_row:11510,True,1.0,0.9021683569384606,-243.2281490419797,3,source_row:5919,False,2.0,-0.0010693381977375,-244.050771176381,0,source_row:11510,True,1.0,0.6620119971596523,-244.1247709012509,0,source_row:11510,True,1.0,0.5232035699667108,-243.53955930262208,0,source_row:11510,True,1.0,0.5779538741640806,-243.6251260784869,0.425645097894062,0.6927838529024003,7,-243.51268271621285,-244.0433503970821,0.5306676808692146,2,0.0361655395823902,0.5183290307350147,-0.8029011999511567,-0.142286084608071,-7.264143968812435,0.0380220619421311,0.0125804452455319,-0.08556677586480532,-0.1403170800622604,0.05475030419745508,both_correct,0.054750304197369815
181,757,378,response_tables/trial_00378_hard_negative_structure_obs-empirical_prior-axis_edge_orthogonal_rel0p5x.npz,hard_negative_structure,empirical,axis_edge_orthogonal,0.5,per_candidate,1.0,4,16,40,756,0,source_row:11510,-1,2,0.0182122234255075,0.7,0.01,time_varying,1.5,0.5,catalog_residual_profile,topk_logmeanexp,2,0.19,outputs/fixation_statistics_by_stimulus_all_sessions_after_review/backimage_image_disjoint_compact_basis_delta025_v1/image_disjoint_compact_basis_delta0p25_fold0of2.npz,10,0,source_row:11510,True,1.0,0.9021683569384606,-243.2281490419797,3,source_row:5919,False,2.0,-0.0010693381977375,-244.050771176381,0,source_row:11510,True,1.0,0.8350732854353282,-244.2796538050375,0,source_row:11510,True,1.0,0.4639082830187249,-243.743417048817,0,source_row:11510,True,1.0,0.5839040558000193,-243.75602877983044,0.2947423965505606,0.5151419910358915,2,-243.6288091689355,-244.1676963042117,0.5388871352761555,2,0.0337302080368993,0.2412386956608631,0.7207401898076852,0.4809894427342741,-6.188628093784464,0.038719602887602,0.0125804452455319,-0.012611731013436156,-0.13260750379475894,0.11999577278132278,both_correct,0.11999577278129436
182,758,379,response_tables/trial_00379_hard_negative_structure_obs-empirical_prior-axis_edge_parallel_rel1x.npz,hard_negative_structure,empirical,axis_edge_parallel,1.0,per_candidate,1.0,4,16,40,756,0,source_row:11510,-1,12,0.0385469011962413,0.7,0.01,time_varying,1.5,0.5,catalog_residual_profile,topk_logmeanexp,2,0.19,outputs/fixation_statistics_by_stimulus_all_sessions_after_review/backimage_image_disjoint_compact_basis_delta025_v1/image_disjoint_compact_basis_delta0p25_fold0of2.npz,10,0,source_row:11510,True,1.0,1.187869612846896,-296.18410302635766,3,source_row:5919,False,2.0,-1.509950041648949,-301.46539913546417,0,source_row:11510,True,1.0,1.0564770169498274,-297.86803953726377,0,source_row:11510,True,1.0,0.9590478157883808,-297.1716990640043,0,source_row:11510,True,1.0,1.0757810551143052,-297.1345242454317,4.330874890032476,-0.190621477388547,13,-297.0237345666568,-297.54948272306945,0.5257481564126465,2,0.0573619631037935,0.5606569032181955,-0.5735880259186146,-0.0064655613502095,-4.197517934133911,0.0617677945075627,0.0251608904910639,0.03717481857262328,-0.056125808834224244,0.09330062740684752,both_correct,0.11673323932592439
183,759,379,response_tables/trial_00379_hard_negative_structure_obs-empirical_prior-axis_edge_orthogonal_rel1x.npz,hard_negative_structure,empirical,axis_edge_orthogonal,1.0,per_candidate,1.0,4,16,40,756,0,source_row:11510,-1,13,0.0368930511176586,0.7,0.01,time_varying,1.5,0.5,catalog_residual_profile,topk_logmeanexp,2,0.19,outputs/fixation_statistics_by_stimulus_all_sessions_after_review/backimage_image_disjoint_compact_basis_delta025_v1/image_disjoint_compact_basis_delta0p25_fold0of2.npz,10,0,source_row:11510,True,1.0,1.187869612846896,-296.18410302635766,3,source_row:5919,False,2.0,-1.509950041648949,-301.46539913546417,0,source_row:11510,True,1.0,0.8450526642202476,-298.21580755615406,0,source_row:11510,True,1.0,0.6697856606593859,-297.39647033007503,0,source_row:11510,True,1.0,0.6685382637401176,-297.3699372809948,4.095461854469363,-0.3748971829954797,13,-297.2264000527262,-297.91279018108906,0.6863901283628593,2,0.0719481087574338,-0.7772649606270143,-0.4192025503575197,-0.598233755492267,-7.176863536066062,0.0601072008405889,0.0251608904910639,0.026533049080228466,0.027780445999496806,-0.0012473969192683398,both_correct,-0.0012473969192683398
184,760,380,response_tables/trial_00380_hard_negative_structure_obs-empirical_prior-axis_edge_parallel_rel2x.npz,hard_negative_structure,empirical,axis_edge_parallel,2.0,per_candidate,1.0,4,16,40,756,0,source_row:11510,-1,13,0.0728451162576675,0.7,0.01,time_varying,1.5,0.5,catalog_residual_profile,topk_logmeanexp,2,0.19,outputs/fixation_statistics_by_stimulus_all_sessions_after_review/backimage_image_disjoint_compact_basis_delta025_v1/image_disjoint_compact_basis_delta0p25_fold0of2.npz,10,0,source_row:11510,True,1.0,2.064186937035004,-364.4959913010284,3,source_row:5919,False,2.0,-3.4385262457277577,-380.98451241220096,0,source_row:11510,True,1.0,1.7284629874718576,-367.1710688595827,0,source_row:11510,True,1.0,1.3085630472024263,-366.2735604708863,0,source_row:11510,True,1.0,1.382222103441677,-366.1187199291872,14.86579248301382,-0.2840339774437322,15,-365.89128573834,-366.7772187335002,0.8859329951602604,2,0.0762776242701458,0.4054669762621078,-0.4069765703411784,-0.0007547970395353,-1.2976417273672318,0.0720088569191187,0.0503217809821278,0.15484054169911587,0.08118148545997883,0.07365905623913704,both_correct,0.07365905623925073
185,761,380,response_tables/trial_00380_hard_negative_structure_obs-empirical_prior-axis_edge_orthogonal_rel2x.npz,hard_negative_structure,empirical,axis_edge_orthogonal,2.0,per_candidate,1.0,4,16,40,756,0,source_row:11510,-1,8,0.0690338388085365,0.7,0.01,time_varying,1.5,0.5,catalog_residual_profile,topk_logmeanexp,2,0.19,outputs/fixation_statistics_by_stimulus_all_sessions_after_review/backimage_image_disjoint_compact_basis_delta025_v1/image_disjoint_compact_basis_delta0p25_fold0of2.npz,10,0,source_row:11510,True,1.0,2.064186937035004,-364.4959913010284,3,source_row:5919,False,2.0,-3.4385262457277577,-380.98451241220096,0,source_row:11510,True,1.0,0.7720185121464738,-367.68748873974585,0,source_row:11510,True,1.0,1.1555938538471082,-366.2911145981337,0,source_row:11510,True,1.0,1.0855291627255497,-366.2393565117648,14.745155900436146,-0.7811150864001091,1,-365.83088299627457,-367.1459823280701,1.3150993317955226,2,0.14476798938377,-0.5687323044615932,-0.7462626672703992,-0.6574974858659962,-7.276240055264237,0.1128249352885151,0.0503217809821278,0.05175808636886359,0.1218227774903653,-0.07006469112150171,both_correct,-0.07006469112155855
186,762,381,response_tables/trial_00381_hard_negative_structure_obs-empirical_prior-axis_edge_parallel_rel0p5x.npz,hard_negative_structure,empirical,axis_edge_parallel,0.5,per_candidate,1.0,4,16,40,756,0,source_row:11747,-1,9,0.0805275440216064,0.7,0.01,time_varying,1.5,0.5,catalog_residual_profile,topk_logmeanexp,2,0.19,outputs/fixation_statistics_by_stimulus_all_sessions_after_review/backimage_image_disjoint_compact_basis_delta025_v1/image_disjoint_compact_basis_delta0p25_fold0of2.npz,10,0,source_row:11747,True,1.0,0.2083364016747282,-534.6384371239294,3,source_row:6852,False,3.0,-1.840476355983128,-567.1702444478842,1,source_row:10423,False,4.0,-0.4789036268754216,-541.0155145693776,1,source_row:10423,False,4.0,-0.4746742758072741,-538.3322510154986,1,source_row:10423,False,4.0,-0.1515454225227586,-537.8021760901701,29.36806835771415,0.1995813807388954,9,-536.9481600555209,-539.3295956221402,2.3814355666193023,2,0.1178961619153164,0.723022328416709,-0.7915229485199056,-0.0342503100515982,-1.7825892192239654,0.1299290816102933,0.0706765135688379,0.530074925328563,0.20694607204404747,0.32312885328451557,both_wrong,0.3231288532845155
187,763,381,response_tables/trial_00381_hard_negative_structure_obs-empirical_prior-axis_edge_orthogonal_rel0p5x.npz,hard_negative_structure,empirical,axis_edge_orthogonal,0.5,per_candidate,1.0,4,16,40,756,0,source_row:11747,-1,2,0.0723648443818092,0.7,0.01,time_varying,1.5,0.5,catalog_residual_profile,topk_logmeanexp,2,0.19,outputs/fixation_statistics_by_stimulus_all_sessions_after_review/backimage_image_disjoint_compact_basis_delta025_v1/image_disjoint_compact_basis_delta0p25_fold0of2.npz,10,0,source_row:11747,True,1.0,0.2083364016747282,-534.6384371239294,3,source_row:6852,False,3.0,-1.840476355983128,-567.1702444478842,1,source_row:10423,False,4.0,-0.2880127574161406,-538.5737710244291,1,source_row:10423,False,4.0,-0.2803869074213025,-535.8182152790863,1,source_row:10423,False,4.0,-0.0839680955185713,-536.2920715507347,30.87817289714951,0.1677096788396279,9,-535.4009376820953,-537.8525283968372,2.451590714741883,2,0.0584499625380179,0.8433732256925719,0.9092715942717002,0.8763224099821361,0.3160596306788928,0.0699984308505431,0.0706765135688379,-0.47385627164840116,-0.6702750835511324,0.19641881190273125,both_wrong,0.1964188119027312
188,764,382,response_tables/trial_00382_hard_negative_structure_obs-empirical_prior-axis_edge_parallel_rel1x.npz,hard_negative_structure,empirical,axis_edge_parallel,1.0,per_candidate,1.0,4,16,40,756,0,source_row:11747,-1,7,0.101973682641983,0.7,0.01,time_varying,1.5,0.5,catalog_residual_profile,topk_logmeanexp,2,0.19,outputs/fixation_statistics_by_stimulus_all_sessions_after_review/backimage_image_disjoint_compact_basis_delta025_v1/image_disjoint_compact_basis_delta0p25_fold0of2.npz,10,0,source_row:11747,True,1.0,0.2073174497545551,-542.3997839526907,3,source_row:6852,False,3.0,-1.8887064673732537,-576.7098933627018,1,source_row:10423,False,3.0,-0.1286505286017245,-545.8791733311564,1,source_row:10423,False,3.0,-0.156417611973211,-543.9054986433107,1,source_row:10423,False,3.0,-0.0459291890085751,-544.0336902558862,32.67620310681559,0.5160728580886905,2,-543.6431460040803,-545.4757183978929,1.8325723938125973,2,0.0856574755679573,0.9048300241996846,-0.6982195335217194,0.1033052453389826,-0.0190559957637104,0.1034957567908531,0.0848528134600701,-0.12819161257550604,-0.23868003554014194,0.1104884229646359,both_wrong,0.1104884229646359
189,765,382,response_tables/trial_00382_hard_negative_structure_obs-empirical_prior-axis_edge_orthogonal_rel1x.npz,hard_negative_structure,empirical,axis_edge_orthogonal,1.0,per_candidate,1.0,4,16,40,756,0,source_row:11747,-1,7,0.0864487066864967,0.7,0.01,time_varying,1.5,0.5,catalog_residual_profile,topk_logmeanexp,2,0.19,outputs/fixation_statistics_by_stimulus_all_sessions_after_review/backimage_image_disjoint_compact_basis_delta025_v1/image_disjoint_compact_basis_delta0p25_fold0of2.npz,10,0,source_row:11747,True,1.0,0.2073174497545551,-542.3997839526907,3,source_row:6852,False,3.0,-1.8887064673732537,-576.7098933627018,1,source_row:10423,False,3.0,-0.0321099263592259,-545.2512778509887,0,source_row:11747,True,1.0,0.0062374719857416,-543.2774673494392,1,source_row:10423,False,3.0,-0.0136190701940677,-543.5971939409565,33.11269942174533,0.8566648940438862,2,-543.2343152776978,-545.0046366574092,1.7703213797113904,2,0.0627834196049517,0.9221439575903784,0.9278963010982992,0.9250201293443387,0.4525336383998823,0.0760813233375976,0.0848528134600701,-0.3197265915172238,-0.2941356115285316,-0.025590979988692197,lost_by_residual,-0.0198565421798093
190,766,383,response_tables/trial_00383_hard_negative_structure_obs-empirical_prior-axis_edge_parallel_rel2x.npz,hard_negative_structure,empirical,axis_edge_parallel,2.0,per_candidate,1.0,4,16,40,756,0,source_row:11747,-1,9,0.1120860427618026,0.7,0.01,time_varying,1.5,0.5,catalog_residual_profile,topk_logmeanexp,2,0.19,outputs/fixation_statistics_by_stimulus_all_sessions_after_review/backimage_image_disjoint_compact_basis_delta025_v1/image_disjoint_compact_basis_delta0p25_fold0of2.npz,10,0,source_row:11747,True,1.0,0.2073174497545551,-542.3997839526907,3,source_row:6852,False,3.0,-1.8887064673732537,-576.7098933627018,1,source_row:10423,False,3.0,-0.1521929793682375,-548.5517490148494,1,source_row:10423,False,3.0,-0.0546319334645204,-546.9535884327869,2,source_row:7349,False,4.0,-0.0835906565445157,-546.6770495621109,30.03284380059085,-0.4231176794637037,2,-546.2531666865995,-547.6040686211377,1.3509019345382285,2,0.2172439998901413,-0.8427137572988859,0.9139673500529372,0.0356267963770257,-5.5548549725436525,0.1597577252321346,0.0848528134600701,0.2765388706759495,0.4170354787189581,-0.14049660804300856,both_wrong,-0.028958723079995294
191,767,383,response_tables/trial_00383_hard_negative_structure_obs-empirical_prior-axis_edge_orthogonal_rel2x.npz,hard_negative_structure,empirical,axis_edge_orthogonal,2.0,per_candidate,1.0,4,16,40,756,0,source_row:11747,-1,9,0.1010901257395744,0.7,0.01,time_varying,1.5,0.5,catalog_residual_profile,topk_logmeanexp,2,0.19,outputs/fixation_statistics_by_stimulus_all_sessions_after_review/backimage_image_disjoint_compact_basis_delta025_v1/image_disjoint_compact_basis_delta0p25_fold0of2.npz,10,0,source_row:11747,True,1.0,0.2073174497545551,-542.3997839526907,3,source_row:6852,False,3.0,-1.8887064673732537,-576.7098933627018,2,source_row:7349,False,3.0,-0.0377088385882871,-548.893147619189,0,source_row:11747,True,1.0,0.0126832003255685,-546.4754162998634,2,source_row:7349,False,4.0,-0.0603746810363645,-547.0137919477738,29.696101414927966,-0.447539199379676,2,-546.1639192232891,-548.4411117390366,2.2771925157475152,2,0.1723207873061968,-0.8428630893626338,-0.8907446037984346,-0.8668038465805341,-3.124229713252996,0.1037327825296542,0.0848528134600701,-0.5383756479104704,-0.4653177665485373,-0.07305788136193314,lost_by_residual,-0.073057881361933
