table_index,trial_id,response_cache_path,prior_scale,candidate_index,true_candidate_index,n_fit_trajectories,n_fit_samples,linear_train_r2,linear_residual_var,quadratic_train_r2,quadratic_residual_var,profile_energy,profile_start_index,optimizer_success,optimizer_iterations,optimizer_final_iterations,optimizer_stage_success_fraction,quadratic_continuation_scales,observation_continuation_scales,trajectory_hat_rms,trajectory_hat_temporal_std_mean
0,0,response_tables/trial_00000_hard_negative_structure_obs-empirical_prior-axis_edge_parallel_rel0p5x.npz,0.5,0,0,16,640,0.004355106995195035,4.759601871841547e-05,0.3958136841030546,2.888265023291062e-05,10.707627458272283,1,True,64,64,1.0,1,1,0.03930043934756848,0.011650735143081348
0,0,response_tables/trial_00000_hard_negative_structure_obs-empirical_prior-axis_edge_parallel_rel0p5x.npz,0.5,1,0,16,640,0.005945517317530902,4.516731748815745e-05,0.3921667115146611,2.761840482505806e-05,12.576788091494883,1,True,51,51,1.0,1,1,0.026621014674476643,0.01568442536075145
0,0,response_tables/trial_00000_hard_negative_structure_obs-empirical_prior-axis_edge_parallel_rel0p5x.npz,0.5,2,0,16,640,0.0033731758259575306,5.909326349233514e-05,0.389336060488643,3.620826191660907e-05,20.963688593492282,1,True,51,51,1.0,1,1,0.02218488581828135,0.014726974753645171
0,0,response_tables/trial_00000_hard_negative_structure_obs-empirical_prior-axis_edge_parallel_rel0p5x.npz,0.5,3,0,16,640,0.0033033406965090606,3.4540332594507956e-05,0.46034046122343864,1.8701798368790724e-05,119.75368364942778,2,True,60,60,1.0,1,1,0.01264193859963606,0.009513881750885923
1,0,response_tables/trial_00000_hard_negative_structure_obs-empirical_prior-axis_edge_orthogonal_rel0p5x.npz,0.5,0,0,16,640,0.007212996133107441,5.896519498411515e-05,0.4055706799772737,3.530529773545911e-05,10.636115414367886,1,True,65,65,1.0,1,1,0.03458883330812799,0.010864525706855335
1,0,response_tables/trial_00000_hard_negative_structure_obs-empirical_prior-axis_edge_orthogonal_rel0p5x.npz,0.5,1,0,16,640,0.007090770598931151,6.0190203938738474e-05,0.4000593898491521,3.6368427855074844e-05,10.345884845863116,2,True,72,72,1.0,1,1,0.02331243080536129,0.015294276868913464
1,0,response_tables/trial_00000_hard_negative_structure_obs-empirical_prior-axis_edge_orthogonal_rel0p5x.npz,0.5,2,0,16,640,0.005684885639803183,6.501378844065945e-05,0.3880725217128205,4.0011182611850575e-05,19.806753130574034,1,True,62,62,1.0,1,1,0.020615052941578192,0.015787790325407364
1,0,response_tables/trial_00000_hard_negative_structure_obs-empirical_prior-axis_edge_orthogonal_rel0p5x.npz,0.5,3,0,16,640,0.002292850353909359,5.947992518048124e-05,0.40339430401683785,3.556761337424026e-05,63.340268580047045,1,True,57,57,1.0,1,1,0.009250343862531435,0.007040900037038547
2,1,response_tables/trial_00001_hard_negative_structure_obs-empirical_prior-axis_edge_parallel_rel1x.npz,1.0,0,0,16,640,0.007458042647148333,0.00013334193967053809,0.3906079039251036,8.18680998909493e-05,25.665446771367286,1,False,80,80,0.0,1,1,0.08133338139169019,0.020732632734491076
2,1,response_tables/trial_00001_hard_negative_structure_obs-empirical_prior-axis_edge_parallel_rel1x.npz,1.0,1,0,16,640,0.009960160397893048,0.00013323759699925512,0.38032464474907735,8.339467963882629e-05,22.183934296283375,1,False,80,80,0.0,1,1,0.07328198334871719,0.020703360474045127
2,1,response_tables/trial_00001_hard_negative_structure_obs-empirical_prior-axis_edge_parallel_rel1x.npz,1.0,2,0,16,640,0.0061904807554670205,0.00016517230265340437,0.38917187360909655,0.0001015203479215469,18.215290964716758,1,False,80,80,0.0,1,1,0.06806002057908958,0.01817489135132635
2,1,response_tables/trial_00001_hard_negative_structure_obs-empirical_prior-axis_edge_parallel_rel1x.npz,1.0,3,0,16,640,0.0040157540110613565,0.00010124248630155763,0.39559463707003706,6.143822246532234e-05,48.37395226007607,0,True,70,70,1.0,1,1,0.06383172112085375,0.01633523109487921
3,1,response_tables/trial_00001_hard_negative_structure_obs-empirical_prior-axis_edge_orthogonal_rel1x.npz,1.0,0,0,16,640,0.01039103543272002,0.00016133439567563373,0.39364908187415804,9.885243813042236e-05,21.085526558986228,1,False,80,80,0.0,1,1,0.07394768617912202,0.018516775821231533
3,1,response_tables/trial_00001_hard_negative_structure_obs-empirical_prior-axis_edge_orthogonal_rel1x.npz,1.0,1,0,16,640,0.010502229066765123,0.0001672385966953297,0.3846318862044913,0.00010400559033614719,17.310687556100472,1,True,78,78,1.0,1,1,0.06795931350756274,0.019590077551444946
3,1,response_tables/trial_00001_hard_negative_structure_obs-empirical_prior-axis_edge_orthogonal_rel1x.npz,1.0,2,0,16,640,0.009173637857322614,0.00017905186131103332,0.39207913180589593,0.00010985715271501785,18.14980758624858,1,False,80,80,0.0,1,1,0.06422171319424312,0.01763166923718045
3,1,response_tables/trial_00001_hard_negative_structure_obs-empirical_prior-axis_edge_orthogonal_rel1x.npz,1.0,3,0,16,640,0.001808553981333616,0.00015154779475751027,0.36510024493396687,9.639198788580026e-05,32.77326875055051,1,True,62,62,1.0,1,1,0.05941080219406111,0.015130397272616006
4,2,response_tables/trial_00002_hard_negative_structure_obs-empirical_prior-axis_edge_parallel_rel2x.npz,2.0,0,0,16,640,0.003910279990863241,0.0002359873575013871,0.4875581732309584,0.00012140451823084819,53.40592725173795,1,False,80,80,0.0,1,1,0.10876548644412,0.02127831026724926
4,2,response_tables/trial_00002_hard_negative_structure_obs-empirical_prior-axis_edge_parallel_rel2x.npz,2.0,1,0,16,640,0.007839245940876594,0.00023932619901218693,0.4847657006620264,0.00012428335424152093,52.38125608122168,1,False,80,80,0.0,1,1,0.10416202591140541,0.021930587820881753
4,2,response_tables/trial_00002_hard_negative_structure_obs-empirical_prior-axis_edge_parallel_rel2x.npz,2.0,2,0,16,640,0.0034508240196831075,0.00028932596784857624,0.478366043035942,0.0001514448590184671,44.085908221129976,0,True,76,76,1.0,1,1,0.09705658347649637,0.019392655720996698
4,2,response_tables/trial_00002_hard_negative_structure_obs-empirical_prior-axis_edge_parallel_rel2x.npz,2.0,3,0,16,640,0.0053164794249517255,0.0001751921434804486,0.46511530988397753,9.420845267661324e-05,97.8913043791776,0,True,68,68,1.0,1,1,0.10784539923196451,0.017407565380856332
5,2,response_tables/trial_00002_hard_negative_structure_obs-empirical_prior-axis_edge_orthogonal_rel2x.npz,2.0,0,0,16,640,0.0039444756544373405,0.0002982064530433516,0.4756891967025114,0.0001569720373233037,39.44710098875389,1,False,80,80,0.0,1,1,0.10298492297832469,0.02034462856940429
5,2,response_tables/trial_00002_hard_negative_structure_obs-empirical_prior-axis_edge_orthogonal_rel2x.npz,2.0,1,0,16,640,0.00587222226358286,0.0003176025636196881,0.47993249525683357,0.0001661504451045712,37.10993026508979,1,True,79,79,1.0,1,1,0.09792155867688486,0.020753258573855172
5,2,response_tables/trial_00002_hard_negative_structure_obs-empirical_prior-axis_edge_orthogonal_rel2x.npz,2.0,2,0,16,640,0.004208281179255424,0.00031896222007556693,0.46744688707306437,0.00017058218098910227,39.397550423192925,1,False,80,80,0.0,1,1,0.09457633634359705,0.019004724856664774
5,2,response_tables/trial_00002_hard_negative_structure_obs-empirical_prior-axis_edge_orthogonal_rel2x.npz,2.0,3,0,16,640,0.0031338013476015503,0.0002515386290886005,0.4605723482101215,0.0001361134445195711,71.09947586735993,0,True,66,66,1.0,1,1,0.09939458422744632,0.016045955563498776
6,3,response_tables/trial_00003_hard_negative_structure_obs-empirical_prior-axis_edge_parallel_rel0p5x.npz,0.5,0,0,16,640,0.0018852399459393654,3.133069460646598e-05,0.31139594101026313,2.161519330283403e-05,255.14574026201225,1,True,57,57,1.0,1,1,0.12493296423791385,0.0189652131387687
6,3,response_tables/trial_00003_hard_negative_structure_obs-empirical_prior-axis_edge_parallel_rel0p5x.npz,0.5,1,0,16,640,0.0013739021473215818,4.270844017765567e-05,0.23888394235617627,3.255080123184384e-05,382.2320604854563,2,False,80,80,0.0,1,1,0.12599427712094138,0.02460158951123494
6,3,response_tables/trial_00003_hard_negative_structure_obs-empirical_prior-axis_edge_parallel_rel0p5x.npz,0.5,2,0,16,640,0.003537740443870674,3.3859332836686606e-05,0.2928510852182399,2.402859741156975e-05,223.97892496278973,0,False,80,80,0.0,1,1,0.12137326833940926,0.019962122705942074
6,3,response_tables/trial_00003_hard_negative_structure_obs-empirical_prior-axis_edge_parallel_rel0p5x.npz,0.5,3,0,16,640,0.0009038958533496011,3.5433179049813155e-05,0.31887599264469846,2.4156223618107647e-05,218.65054650660744,1,True,61,61,1.0,1,1,0.11311423137659872,0.018386859232777532
7,3,response_tables/trial_00003_hard_negative_structure_obs-empirical_prior-axis_edge_orthogonal_rel0p5x.npz,0.5,0,0,16,640,0.0009972633650223717,6.402140967061097e-05,0.26879409746968075,4.685956396590653e-05,119.86733692521089,1,True,57,57,1.0,1,1,0.10685535001383052,0.01653831794117271
7,3,response_tables/trial_00003_hard_negative_structure_obs-empirical_prior-axis_edge_orthogonal_rel0p5x.npz,0.5,1,0,16,640,0.003258491596212054,5.185854893926188e-05,0.23168779369732329,3.997381047668649e-05,329.0195517134584,0,False,80,80,0.0,1,1,0.141504660527502,0.030728855936654254
7,3,response_tables/trial_00003_hard_negative_structure_obs-empirical_prior-axis_edge_orthogonal_rel0p5x.npz,0.5,2,0,16,640,0.0015166633017541509,6.0874879233104393e-05,0.26033600230396503,4.509535099675784e-05,132.1787362862429,0,True,68,68,1.0,1,1,0.10991288840252919,0.01809281562164632
7,3,response_tables/trial_00003_hard_negative_structure_obs-empirical_prior-axis_edge_orthogonal_rel0p5x.npz,0.5,3,0,16,640,0.0009684257933829654,6.202945764251922e-05,0.2683798996270981,4.54259897266378e-05,112.44196702882459,1,True,58,58,1.0,1,1,0.10314915852130326,0.016855865895942092
8,4,response_tables/trial_00004_hard_negative_structure_obs-empirical_prior-axis_edge_parallel_rel1x.npz,1.0,0,0,16,640,0.006853783610298758,8.283366566568994e-05,0.30797140111686416,5.771885815500949e-05,88.7655162847084,0,True,59,59,1.0,1,1,0.113782092678257,0.01777229636647598
8,4,response_tables/trial_00004_hard_negative_structure_obs-empirical_prior-axis_edge_parallel_rel1x.npz,1.0,1,0,16,640,0.0010898509249424038,0.00011377178593081364,0.3434783359386163,7.477513597363684e-05,93.8360318633214,0,False,80,80,0.0,1,1,0.09827508385509234,0.018500925396922583
8,4,response_tables/trial_00004_hard_negative_structure_obs-empirical_prior-axis_edge_parallel_rel1x.npz,1.0,2,0,16,640,0.005524269409069693,9.179272986031169e-05,0.2971402878627809,6.487580310036436e-05,76.50534720445906,1,True,61,61,1.0,1,1,0.10634277717391757,0.017996199924772773
8,4,response_tables/trial_00004_hard_negative_structure_obs-empirical_prior-axis_edge_parallel_rel1x.npz,1.0,3,0,16,640,0.004191768192292944,8.89481651602338e-05,0.30010698304848715,6.251625330841703e-05,77.35571414524497,0,True,57,57,1.0,1,1,0.10919060772254235,0.017918076372969965
9,4,response_tables/trial_00004_hard_negative_structure_obs-empirical_prior-axis_edge_orthogonal_rel1x.npz,1.0,0,0,16,640,0.0034949493217680816,0.000149673650133911,0.2630972614074656,0.00011068174978516364,50.9907853025782,0,True,53,53,1.0,1,1,0.10254249440678061,0.016067721491254103
9,4,response_tables/trial_00004_hard_negative_structure_obs-empirical_prior-axis_edge_orthogonal_rel1x.npz,1.0,1,0,16,640,0.003666982434836319,0.00013098192966756316,0.3331809718288755,8.766270063231204e-05,89.67681856648626,1,False,80,80,0.0,1,1,0.09211509840242461,0.01796790533477148
9,4,response_tables/trial_00004_hard_negative_structure_obs-empirical_prior-axis_edge_orthogonal_rel1x.npz,1.0,2,0,16,640,0.004252762267454968,0.0001490687183421887,0.2827550776810007,0.00010737542345686527,50.3160025337136,1,True,58,58,1.0,1,1,0.09491779011404326,0.016151211587684306
9,4,response_tables/trial_00004_hard_negative_structure_obs-empirical_prior-axis_edge_orthogonal_rel1x.npz,1.0,3,0,16,640,0.0036662468573981366,0.00014542439372830447,0.2566726518313105,0.00010849570097182914,48.076521681237274,1,True,57,57,1.0,1,1,0.09942928030005878,0.016384500318123427
10,5,response_tables/trial_00005_hard_negative_structure_obs-empirical_prior-axis_edge_parallel_rel2x.npz,2.0,0,0,16,640,0.006673500168508206,0.00013338885901485395,0.14816288356942275,0.00011438895574260172,60.36068731664867,1,True,55,55,1.0,1,1,0.15021032336439308,0.025187921895119796
10,5,response_tables/trial_00005_hard_negative_structure_obs-empirical_prior-axis_edge_parallel_rel2x.npz,2.0,1,0,16,640,0.005938651594868838,0.00017869405882580091,0.16430196312884937,0.00015022641650925384,67.96418770064739,0,True,71,71,1.0,1,1,0.1423532835656763,0.02818595912035687
10,5,response_tables/trial_00005_hard_negative_structure_obs-empirical_prior-axis_edge_parallel_rel2x.npz,2.0,2,0,16,640,0.006530571658747708,0.00015031461074088427,0.14443402475380573,0.00012944944541172312,49.9293359529807,1,True,56,56,1.0,1,1,0.13737898590577166,0.024862417397252406
10,5,response_tables/trial_00005_hard_negative_structure_obs-empirical_prior-axis_edge_parallel_rel2x.npz,2.0,3,0,16,640,0.004130398585213801,0.00014372549417554945,0.14304084022665697,0.00012367771699398175,54.09173710584881,0,True,41,41,1.0,1,1,0.14371811822482666,0.025155898237978442
11,5,response_tables/trial_00005_hard_negative_structure_obs-empirical_prior-axis_edge_orthogonal_rel2x.npz,2.0,0,0,16,640,0.0040750900151209635,0.00023424988666733524,0.14041051634002177,0.00020218265163268214,38.3553079106578,1,True,53,53,1.0,1,1,0.1305338943399344,0.021936524110836603
11,5,response_tables/trial_00005_hard_negative_structure_obs-empirical_prior-axis_edge_orthogonal_rel2x.npz,2.0,1,0,16,640,0.010122806992780786,0.00021342661077652773,0.15187243420270913,0.00018286408976082164,59.5627976028812,0,True,66,66,1.0,1,1,0.1336095898608645,0.027444275953270793
11,5,response_tables/trial_00005_hard_negative_structure_obs-empirical_prior-axis_edge_orthogonal_rel2x.npz,2.0,2,0,16,640,0.004868433000245864,0.00022903963606541995,0.14527513050096963,0.00019672360875491135,37.42128604486368,0,True,50,50,1.0,1,1,0.12137766974885199,0.02200550480078451
11,5,response_tables/trial_00005_hard_negative_structure_obs-empirical_prior-axis_edge_orthogonal_rel2x.npz,2.0,3,0,16,640,0.003908989267095708,0.00023249286136969806,0.1387781955681815,0.00020101368191145926,35.48168323699521,0,True,45,45,1.0,1,1,0.12527584331728836,0.02196399996892296
12,6,response_tables/trial_00006_hard_negative_structure_obs-empirical_prior-axis_edge_parallel_rel0p5x.npz,0.5,0,0,16,640,0.005574821724216306,3.861512406810119e-05,0.34303256383915703,2.551109888432225e-05,13.200557664160163,1,True,71,71,1.0,1,1,0.033897435478775974,0.006140401539286794
12,6,response_tables/trial_00006_hard_negative_structure_obs-empirical_prior-axis_edge_parallel_rel0p5x.npz,0.5,1,0,16,640,0.0013217461979426748,1.7853879234230757e-05,0.32754323625505255,1.202185168690333e-05,471.0224908582846,1,True,53,53,1.0,1,1,0.09422286644724548,0.009656928062475336
12,6,response_tables/trial_00006_hard_negative_structure_obs-empirical_prior-axis_edge_parallel_rel0p5x.npz,0.5,2,0,16,640,0.0018660451510799092,6.113415346643243e-05,0.32187853121439813,4.153388604828747e-05,113.44055802587883,0,True,45,45,1.0,1,1,0.03929539290449733,0.007837898279381618
12,6,response_tables/trial_00006_hard_negative_structure_obs-empirical_prior-axis_edge_parallel_rel0p5x.npz,0.5,3,0,16,640,0.0006483960417172918,5.222074443149842e-05,0.3096868203536888,3.607205711105248e-05,75.48755076973706,0,True,15,15,1.0,1,1,0.03465108026559399,0.005303470016765905
13,6,response_tables/trial_00006_hard_negative_structure_obs-empirical_prior-axis_edge_orthogonal_rel0p5x.npz,0.5,0,0,16,640,0.0022622197691695156,6.106479683321086e-05,0.25784625243667947,4.5422222864483886e-05,8.785470474785752,2,True,76,76,1.0,1,1,0.03491887509808357,0.006613024604652133
13,6,response_tables/trial_00006_hard_negative_structure_obs-empirical_prior-axis_edge_orthogonal_rel0p5x.npz,0.5,1,0,16,640,0.004891804135646272,5.218258423759142e-05,0.22515804682956742,4.0632019372542226e-05,145.96635527439918,0,True,55,55,1.0,1,1,0.0739351169557444,0.008337519577848593
13,6,response_tables/trial_00006_hard_negative_structure_obs-empirical_prior-axis_edge_orthogonal_rel0p5x.npz,0.5,2,0,16,640,0.0013606820806584263,9.910777245975478e-05,0.27381363144936854,7.206877606986485e-05,73.2044144623204,0,False,80,80,0.0,1,1,0.05164178610005454,0.018563774287153605
13,6,response_tables/trial_00006_hard_negative_structure_obs-empirical_prior-axis_edge_orthogonal_rel0p5x.npz,0.5,3,0,16,640,0.010287061123267716,5.749092474475486e-05,0.26797124367486114,4.2522441091503895e-05,70.21833180299822,2,True,32,32,1.0,1,1,0.02435273963510345,0.005294989638066671
14,7,response_tables/trial_00007_hard_negative_structure_obs-empirical_prior-axis_edge_parallel_rel1x.npz,1.0,0,0,16,640,0.004487884429494549,6.104129042210837e-05,0.37376511965501336,3.839851329351833e-05,30.03424695613542,0,True,73,73,1.0,1,1,0.07341782242630988,0.01066868481846768
14,7,response_tables/trial_00007_hard_negative_structure_obs-empirical_prior-axis_edge_parallel_rel1x.npz,1.0,1,0,16,640,0.0021813946660890204,2.8802386256889523e-05,0.42935678921407106,1.6471817707215262e-05,513.0308908595207,1,True,63,63,1.0,1,1,0.11942156453332689,0.013539555760595493
14,7,response_tables/trial_00007_hard_negative_structure_obs-empirical_prior-axis_edge_parallel_rel1x.npz,1.0,2,0,16,640,0.003444001189197743,8.676476912616357e-05,0.41281968174253814,5.1122631151516666e-05,147.5278184297197,1,True,47,47,1.0,1,1,0.07057650461068306,0.012271585102351873
14,7,response_tables/trial_00007_hard_negative_structure_obs-empirical_prior-axis_edge_parallel_rel1x.npz,1.0,3,0,16,640,0.00153627180707816,7.91741769676978e-05,0.3685885539054444,5.006840024424106e-05,91.31096214524548,1,True,16,16,1.0,1,1,0.07052201984210485,0.008902067411816683
15,7,response_tables/trial_00007_hard_negative_structure_obs-empirical_prior-axis_edge_orthogonal_rel1x.npz,1.0,0,0,16,640,0.001250024525073834,9.71580398360371e-05,0.29097891758526284,6.897331690755131e-05,18.779320265141408,0,True,73,73,1.0,1,1,0.0712981771892951,0.009886988207658095
15,7,response_tables/trial_00007_hard_negative_structure_obs-empirical_prior-axis_edge_orthogonal_rel1x.npz,1.0,1,0,16,640,0.005081095448648321,6.255777006377352e-05,0.350655035303885,4.082902918790811e-05,231.9338707096307,0,True,67,67,1.0,1,1,0.09746378143091657,0.011085216661820694
15,7,response_tables/trial_00007_hard_negative_structure_obs-empirical_prior-axis_edge_orthogonal_rel1x.npz,1.0,2,0,16,640,0.001421256910078994,0.00014978686656686731,0.33758659168443383,9.936204780050359e-05,96.1665605135885,1,True,74,74,1.0,1,1,0.06068060106887795,0.010704075903613297
15,7,response_tables/trial_00007_hard_negative_structure_obs-empirical_prior-axis_edge_orthogonal_rel1x.npz,1.0,3,0,16,640,0.007659332614127767,7.959687414115549e-05,0.36365343488523183,5.1042146228902925e-05,105.27374836293704,1,True,13,13,1.0,1,1,0.06289552094234986,0.008095839286079695
16,8,response_tables/trial_00008_hard_negative_structure_obs-empirical_prior-axis_edge_parallel_rel2x.npz,2.0,0,0,16,640,0.001814038773128468,0.00012765421585281346,0.40128880280212775,7.656690373270308e-05,38.56337813545619,1,True,79,79,1.0,1,1,0.10411537315377221,0.014847150790781062
16,8,response_tables/trial_00008_hard_negative_structure_obs-empirical_prior-axis_edge_parallel_rel2x.npz,2.0,1,0,16,640,0.0007703334050723765,5.7228339469355385e-05,0.4065911865139513,3.39859815591862e-05,353.30747991111144,1,True,61,61,1.0,1,1,0.14636414808580614,0.017487441679477467
16,8,response_tables/trial_00008_hard_negative_structure_obs-empirical_prior-axis_edge_parallel_rel2x.npz,2.0,2,0,16,640,0.0037654566066439576,0.0001873119393617105,0.39735174849707466,0.00011330987616375562,107.15914607708145,0,True,67,67,1.0,1,1,0.10010483832183126,0.01854006265775473
16,8,response_tables/trial_00008_hard_negative_structure_obs-empirical_prior-axis_edge_parallel_rel2x.npz,2.0,3,0,16,640,0.0006775798506575281,0.00017429397105778822,0.38580368196477544,0.00010712329986895867,73.72628443541977,1,True,35,35,1.0,1,1,0.09195160102458744,0.012410447492909421
17,8,response_tables/trial_00008_hard_negative_structure_obs-empirical_prior-axis_edge_orthogonal_rel2x.npz,2.0,0,0,16,640,0.00018327535159223807,0.00019083830900121682,0.36879650586249135,0.00012047988845077722,25.056805149623816,1,False,80,80,0.0,1,1,0.0929747576683055,0.013619577916301681
17,8,response_tables/trial_00008_hard_negative_structure_obs-empirical_prior-axis_edge_orthogonal_rel2x.npz,2.0,1,0,16,640,0.00021005257603512462,0.00013942577531698462,0.36013387303774214,8.923257438290429e-05,176.15641778556494,0,True,43,43,1.0,1,1,0.12843494194809016,0.015719171493855506
17,8,response_tables/trial_00008_hard_negative_structure_obs-empirical_prior-axis_edge_orthogonal_rel2x.npz,2.0,2,0,16,640,0.0010224164738640296,0.00029758450403127146,0.363254249288924,0.00018967959996713752,85.10073487101046,0,False,80,80,0.0,1,1,0.09066815715215641,0.017049094371354004
17,8,response_tables/trial_00008_hard_negative_structure_obs-empirical_prior-axis_edge_orthogonal_rel2x.npz,2.0,3,0,16,640,0.002746074911637253,0.0001884272647548902,0.36018599554102537,0.00012089037684298461,74.49996845776654,1,True,18,18,1.0,1,1,0.09525272308097522,0.012903602837386896
18,9,response_tables/trial_00009_hard_negative_structure_obs-empirical_prior-axis_edge_parallel_rel0p5x.npz,0.5,0,0,16,640,0.0008540332997071243,6.782583645295456e-05,0.29182004777473247,4.807395437677853e-05,7.252613969948776,1,True,66,66,1.0,1,1,0.03869483422726903,0.008368044069156026
18,9,response_tables/trial_00009_hard_negative_structure_obs-empirical_prior-axis_edge_parallel_rel0p5x.npz,0.5,1,0,16,640,0.0012403225068173818,0.0001012105336538385,0.30332928609856624,7.059797899725086e-05,10.970751512081334,0,True,63,63,1.0,1,1,0.048655100472913854,0.008276999616087367
18,9,response_tables/trial_00009_hard_negative_structure_obs-empirical_prior-axis_edge_parallel_rel0p5x.npz,0.5,2,0,16,640,0.0005450731410540088,8.36333731694406e-05,0.3258512697639657,5.641208103773943e-05,25.743811235502548,0,True,70,70,1.0,1,1,0.06900787789197672,0.010757979261549921
18,9,response_tables/trial_00009_hard_negative_structure_obs-empirical_prior-axis_edge_parallel_rel0p5x.npz,0.5,3,0,16,640,0.020481218779591526,7.340745951495815e-05,0.38777943618908484,4.588126038398236e-05,31.01361594627923,1,True,48,48,1.0,1,1,0.06864449967654976,0.008124084258255301
19,9,response_tables/trial_00009_hard_negative_structure_obs-empirical_prior-axis_edge_orthogonal_rel0p5x.npz,0.5,0,0,16,640,0.002334977375048286,6.933069875645027e-05,0.263481982437609,5.118281952990959e-05,6.364204269743625,1,True,60,60,1.0,1,1,0.04127784265301542,0.008489925021973724
19,9,response_tables/trial_00009_hard_negative_structure_obs-empirical_prior-axis_edge_orthogonal_rel0p5x.npz,0.5,1,0,16,640,0.0022559055469026923,9.656067766436425e-05,0.29254740512201394,6.846655606042532e-05,11.816111043470032,0,True,64,64,1.0,1,1,0.04905863805432597,0.008976419781915943
19,9,response_tables/trial_00009_hard_negative_structure_obs-empirical_prior-axis_edge_orthogonal_rel0p5x.npz,0.5,2,0,16,640,0.0011031736957566318,0.00010059677499485388,0.28926004916922743,7.157710889733059e-05,18.961659201251017,0,True,68,68,1.0,1,1,0.06714260575671556,0.010877539777054353
19,9,response_tables/trial_00009_hard_negative_structure_obs-empirical_prior-axis_edge_orthogonal_rel0p5x.npz,0.5,3,0,16,640,0.01971134635871341,6.372512973775758e-05,0.3407026471628374,4.285861025652785e-05,32.853761593666555,1,True,46,46,1.0,1,1,0.07482597450283447,0.00885866505170653
20,10,response_tables/trial_00010_hard_negative_structure_obs-empirical_prior-axis_edge_parallel_rel1x.npz,1.0,0,0,16,640,0.00031439877769878777,0.0001001227933892537,0.2952791558200605,7.058080999932131e-05,16.498810612035395,1,True,68,68,1.0,1,1,0.06272521527147928,0.011878054300464215
20,10,response_tables/trial_00010_hard_negative_structure_obs-empirical_prior-axis_edge_parallel_rel1x.npz,1.0,1,0,16,640,0.0007570955118028078,0.00016247792133140162,0.2268291906947375,0.00012571836674124754,11.193801906223687,2,True,73,73,1.0,1,1,0.059681502548102075,0.011861202968836797
20,10,response_tables/trial_00010_hard_negative_structure_obs-empirical_prior-axis_edge_parallel_rel1x.npz,1.0,2,0,16,640,0.00044896734022414897,0.00011244930316028296,0.2283529773802654,8.68101448991561e-05,26.679923086970547,1,True,75,75,1.0,1,1,0.08316428180068207,0.015722581698161858
20,10,response_tables/trial_00010_hard_negative_structure_obs-empirical_prior-axis_edge_parallel_rel1x.npz,1.0,3,0,16,640,0.00039378703739278986,9.728635636153225e-05,0.26981404080468163,7.106511595793805e-05,35.70995321428679,1,True,48,48,1.0,1,1,0.08819565971661047,0.011917557141855408
21,10,response_tables/trial_00010_hard_negative_structure_obs-empirical_prior-axis_edge_orthogonal_rel1x.npz,1.0,0,0,16,640,0.0010183222326772823,0.00010020023346125014,0.2786426559466354,7.235385382110037e-05,18.461240988095845,2,True,60,60,1.0,1,1,0.06300887732108952,0.01199156332631479
21,10,response_tables/trial_00010_hard_negative_structure_obs-empirical_prior-axis_edge_orthogonal_rel1x.npz,1.0,1,0,16,640,0.0018728362328561676,0.00015756280734017185,0.23289264663729914,0.00012109437806595347,12.696904987014365,1,True,72,72,1.0,1,1,0.05891549426962303,0.011888857885767124
21,10,response_tables/trial_00010_hard_negative_structure_obs-empirical_prior-axis_edge_orthogonal_rel1x.npz,1.0,2,0,16,640,0.0015072266398447054,0.00014140378069046845,0.21960957392710934,0.00011051673042159223,26.15976445160642,0,True,73,73,1.0,1,1,0.07677320580438245,0.014641228281350251
21,10,response_tables/trial_00010_hard_negative_structure_obs-empirical_prior-axis_edge_orthogonal_rel1x.npz,1.0,3,0,16,640,0.0008662118744068303,7.721930203556815e-05,0.24743330678786635,5.816305631508843e-05,53.46901121198712,2,True,30,30,1.0,1,1,0.09568902306559507,0.012875295649710928
22,11,response_tables/trial_00011_hard_negative_structure_obs-empirical_prior-axis_edge_parallel_rel2x.npz,2.0,0,0,16,640,0.006150766786975015,0.00016968216003139316,0.32915248706661737,0.00011453533518179557,38.32387641857801,1,True,70,70,1.0,1,1,0.09920823894722049,0.017521835765876338
22,11,response_tables/trial_00011_hard_negative_structure_obs-empirical_prior-axis_edge_parallel_rel2x.npz,2.0,1,0,16,640,0.006077123948349916,0.000249821350999294,0.3138529172009593,0.0001724622657746063,29.12785392345689,1,True,78,78,1.0,1,1,0.09452298056287989,0.017705157358991995
22,11,response_tables/trial_00011_hard_negative_structure_obs-empirical_prior-axis_edge_parallel_rel2x.npz,2.0,2,0,16,640,0.000471204117108992,0.00018497291354531862,0.33044799719780604,0.00012390737039149377,45.15784240918893,1,False,80,80,0.0,1,1,0.1145456126200776,0.020994898048981935
22,11,response_tables/trial_00011_hard_negative_structure_obs-empirical_prior-axis_edge_parallel_rel2x.npz,2.0,3,0,16,640,0.0063968810115278,0.00016861954748998128,0.30417539189191956,0.00011808500628603536,51.50533099444928,0,True,60,60,1.0,1,1,0.1175486320777817,0.017016620273317525
23,11,response_tables/trial_00011_hard_negative_structure_obs-empirical_prior-axis_edge_orthogonal_rel2x.npz,2.0,0,0,16,640,0.007581345914495885,0.00015050034820677803,0.2984375408211586,0.00010639198886533846,38.40201225554546,1,True,70,70,1.0,1,1,0.10510287974850163,0.018759978469488764
23,11,response_tables/trial_00011_hard_negative_structure_obs-empirical_prior-axis_edge_orthogonal_rel2x.npz,2.0,1,0,16,640,0.008196895032622442,0.00023583707538152085,0.2934070947177362,0.0001680180304260917,28.56475265082655,1,True,76,76,1.0,1,1,0.09753348861050132,0.018305827416971295
23,11,response_tables/trial_00011_hard_negative_structure_obs-empirical_prior-axis_edge_orthogonal_rel2x.npz,2.0,2,0,16,640,0.0005415601903454581,0.0002256650614502787,0.31235885630103544,0.00015526066394328506,40.559250703190635,1,True,79,79,1.0,1,1,0.11013479329870127,0.019679738498023822
23,11,response_tables/trial_00011_hard_negative_structure_obs-empirical_prior-axis_edge_orthogonal_rel2x.npz,2.0,3,0,16,640,0.003202218107276833,0.0001039208684402815,0.27401730602487206,7.568711869247506e-05,80.22438748129022,0,True,56,56,1.0,1,1,0.13942882050754143,0.019926102050139123
24,12,response_tables/trial_00012_hard_negative_structure_obs-empirical_prior-axis_edge_parallel_rel0p5x.npz,0.5,0,0,16,640,0.003173971114534324,3.0193480319298306e-05,0.3642702164356617,1.925601273664885e-05,61.51398814184625,0,False,80,80,0.0,1,1,0.07909345395500202,0.02141180998193995
24,12,response_tables/trial_00012_hard_negative_structure_obs-empirical_prior-axis_edge_parallel_rel0p5x.npz,0.5,1,0,16,640,0.005254223916843825,7.079760416354071e-05,0.3735835641134204,4.458303210299501e-05,60.604514911433526,1,False,80,80,0.0,1,1,0.08405767484332012,0.019597432246788445
24,12,response_tables/trial_00012_hard_negative_structure_obs-empirical_prior-axis_edge_parallel_rel0p5x.npz,0.5,2,0,16,640,0.002014851928551553,5.6178842396919076e-05,0.3739508733184166,3.5241722072256266e-05,113.25412504749222,0,True,63,63,1.0,1,1,0.08477242768757601,0.01523222078690813
24,12,response_tables/trial_00012_hard_negative_structure_obs-empirical_prior-axis_edge_parallel_rel0p5x.npz,0.5,3,0,16,640,0.0017720413914790178,2.2408850516933794e-05,0.3764910378499535,1.3996922254376991e-05,79.64684327847023,0,True,67,67,1.0,1,1,0.09524857030326482,0.02255082004654684
25,12,response_tables/trial_00012_hard_negative_structure_obs-empirical_prior-axis_edge_orthogonal_rel0p5x.npz,0.5,0,0,16,640,0.001745991349802245,4.469918139095511e-05,0.299138231918161,3.138274129631207e-05,41.849762200099555,2,True,74,74,1.0,1,1,0.07509358119873505,0.020148818891205195
25,12,response_tables/trial_00012_hard_negative_structure_obs-empirical_prior-axis_edge_orthogonal_rel0p5x.npz,0.5,1,0,16,640,0.0028701544996699857,8.57620917692259e-05,0.31727454499360963,5.872050003283667e-05,42.60850428784989,0,False,80,80,0.0,1,1,0.08374911310516313,0.017945545032129043
25,12,response_tables/trial_00012_hard_negative_structure_obs-empirical_prior-axis_edge_orthogonal_rel0p5x.npz,0.5,2,0,16,640,0.0030195872311123972,8.037647326543763e-05,0.3562567287588033,5.189852595701677e-05,97.1753689880172,0,True,63,63,1.0,1,1,0.07507735722120677,0.013963410282857882
25,12,response_tables/trial_00012_hard_negative_structure_obs-empirical_prior-axis_edge_orthogonal_rel0p5x.npz,0.5,3,0,16,640,0.0018914658763058423,2.585181003440948e-05,0.3109189434374955,1.784775098452006e-05,90.19987832047521,0,False,80,80,0.0,1,1,0.08406933098484325,0.021691476824925553
26,13,response_tables/trial_00013_hard_negative_structure_obs-empirical_prior-axis_edge_parallel_rel1x.npz,1.0,0,0,16,640,0.003329592561861716,4.6291062089829136e-05,0.23474591605309603,3.554276724793816e-05,63.023595501750286,1,False,80,80,0.0,1,1,0.12294966092674169,0.02754157493359171
26,13,response_tables/trial_00013_hard_negative_structure_obs-empirical_prior-axis_edge_parallel_rel1x.npz,1.0,1,0,16,640,0.0055514073561095945,0.00011009467503042262,0.24606404587590136,8.346769705044764e-05,45.17530282224992,1,False,80,80,0.0,1,1,0.11407649562474714,0.025460827056903765
26,13,response_tables/trial_00013_hard_negative_structure_obs-empirical_prior-axis_edge_parallel_rel1x.npz,1.0,2,0,16,640,0.0023205986773194853,8.284280225376271e-05,0.234349379738233,6.35761777237511e-05,91.30401518199682,1,True,59,59,1.0,1,1,0.11784145108035052,0.0212028542195897
26,13,response_tables/trial_00013_hard_negative_structure_obs-empirical_prior-axis_edge_parallel_rel1x.npz,1.0,3,0,16,640,0.0018132409075289901,3.787099545248648e-05,0.216078202118125,2.9741827941778235e-05,82.66587330283369,0,True,77,77,1.0,1,1,0.13268538952219838,0.027599737919585466
27,13,response_tables/trial_00013_hard_negative_structure_obs-empirical_prior-axis_edge_orthogonal_rel1x.npz,1.0,0,0,16,640,0.00622718631100605,6.353710809048713e-05,0.2032918859426912,5.0937728283709446e-05,47.45908258684334,1,True,77,77,1.0,1,1,0.1154679257358594,0.02759451419005546
27,13,response_tables/trial_00013_hard_negative_structure_obs-empirical_prior-axis_edge_orthogonal_rel1x.npz,1.0,1,0,16,640,0.005188750486078031,0.00012247758789286052,0.2251922818306813,9.539154331891317e-05,40.05685262985085,1,False,80,80,0.0,1,1,0.11392507620905797,0.0256024774943248
27,13,response_tables/trial_00013_hard_negative_structure_obs-empirical_prior-axis_edge_orthogonal_rel1x.npz,1.0,2,0,16,640,0.004089179623938843,0.00013997342484243472,0.20779045546520303,0.00011134358706889925,70.78429831752071,0,True,62,62,1.0,1,1,0.10202240312281709,0.019125100441084432
27,13,response_tables/trial_00013_hard_negative_structure_obs-empirical_prior-axis_edge_orthogonal_rel1x.npz,1.0,3,0,16,640,0.005927986730818402,3.8609665828038045e-05,0.18483293100419196,3.1661014200011305e-05,92.76779136244126,1,True,65,65,1.0,1,1,0.132842073075422,0.029020852615640674
28,14,response_tables/trial_00014_hard_negative_structure_obs-empirical_prior-axis_edge_parallel_rel2x.npz,2.0,0,0,16,640,0.005070320667049488,9.322390436510425e-05,0.40605496432381294,5.565204893789878e-05,48.683394098264785,0,True,75,75,1.0,1,1,0.11807653692141423,0.023953144206885157
28,14,response_tables/trial_00014_hard_negative_structure_obs-empirical_prior-axis_edge_parallel_rel2x.npz,2.0,1,0,16,640,0.0006513526297305949,0.00020988847930979515,0.40349569347457126,0.0001252809838966825,31.33744527961607,1,False,80,80,0.0,1,1,0.0943843197673002,0.021242776488825128
28,14,response_tables/trial_00014_hard_negative_structure_obs-empirical_prior-axis_edge_parallel_rel2x.npz,2.0,2,0,16,640,0.0011087766501214347,0.0001507309868402344,0.43765134875911194,8.485745511463371e-05,75.94702831074261,1,True,55,55,1.0,1,1,0.09479140882687807,0.017264391060642766
28,14,response_tables/trial_00014_hard_negative_structure_obs-empirical_prior-axis_edge_parallel_rel2x.npz,2.0,3,0,16,640,0.0019536508486072135,7.514314627513698e-05,0.37562969755348674,4.7008988116115075e-05,59.13268062345722,1,True,75,75,1.0,1,1,0.1210855209533363,0.023648632982532336
29,14,response_tables/trial_00014_hard_negative_structure_obs-empirical_prior-axis_edge_orthogonal_rel2x.npz,2.0,0,0,16,640,0.006143099982896194,0.00011807847885187864,0.38302478358235137,7.330179530136667e-05,37.66557501814185,1,False,80,80,0.0,1,1,0.1046998277031978,0.021649497702859986
29,14,response_tables/trial_00014_hard_negative_structure_obs-empirical_prior-axis_edge_orthogonal_rel2x.npz,2.0,1,0,16,640,0.001295290296894236,0.0002436334556523944,0.3852895238146793,0.0001499582770399474,26.408735363030864,1,False,80,80,0.0,1,1,0.09337867676359274,0.02099527302508413
29,14,response_tables/trial_00014_hard_negative_structure_obs-empirical_prior-axis_edge_orthogonal_rel2x.npz,2.0,2,0,16,640,0.00013379127955126524,0.00023152471712982497,0.4278485442110712,0.00013248492928515963,60.63084139385768,1,True,49,49,1.0,1,1,0.08188928790482644,0.015471518439906603
29,14,response_tables/trial_00014_hard_negative_structure_obs-empirical_prior-axis_edge_orthogonal_rel2x.npz,2.0,3,0,16,640,0.0002493409650989875,7.500315614874164e-05,0.3471250139033726,4.897989722265682e-05,62.4172357172338,1,False,80,80,0.0,1,1,0.12073611929090881,0.023677988733280524
30,15,response_tables/trial_00015_hard_negative_structure_obs-empirical_prior-axis_edge_parallel_rel0p5x.npz,0.5,0,0,16,640,0.0031434400723526768,9.350133474747869e-05,0.297100892461312,6.592924939215833e-05,16.882004281185452,1,True,75,75,1.0,1,1,0.05455594913313563,0.012481658588827053
30,15,response_tables/trial_00015_hard_negative_structure_obs-empirical_prior-axis_edge_parallel_rel0p5x.npz,0.5,1,0,16,640,0.0031434400723526768,9.350133474747869e-05,0.297100892461312,6.592924939215833e-05,16.882004281185452,1,True,75,75,1.0,1,1,0.05455594913313563,0.012481658588827053
30,15,response_tables/trial_00015_hard_negative_structure_obs-empirical_prior-axis_edge_parallel_rel0p5x.npz,0.5,2,0,16,640,0.0032235597584675535,2.2929291592610436e-05,0.38552630999467596,1.4135011468273994e-05,179.05592367767284,1,True,74,74,1.0,1,1,0.10921127313107898,0.015219529120341534
30,15,response_tables/trial_00015_hard_negative_structure_obs-empirical_prior-axis_edge_parallel_rel0p5x.npz,0.5,3,0,16,640,0.0014094275964863234,9.929488833358868e-05,0.38096089972313163,6.155417448831963e-05,35.47679603346239,2,True,75,75,1.0,1,1,0.04889421664415733,0.008319994841496713
31,15,response_tables/trial_00015_hard_negative_structure_obs-empirical_prior-axis_edge_orthogonal_rel0p5x.npz,0.5,0,0,16,640,0.002910445305829623,0.00011136656444075327,0.2820730833992836,8.018643244727238e-05,15.741521881805213,1,True,77,77,1.0,1,1,0.05225475966157282,0.011984373777076304
31,15,response_tables/trial_00015_hard_negative_structure_obs-empirical_prior-axis_edge_orthogonal_rel0p5x.npz,0.5,1,0,16,640,0.002910445305829623,0.00011136656444075327,0.2820730833992836,8.018643244727238e-05,15.741521881805213,1,True,77,77,1.0,1,1,0.05225475966157282,0.011984373777076304
31,15,response_tables/trial_00015_hard_negative_structure_obs-empirical_prior-axis_edge_orthogonal_rel0p5x.npz,0.5,2,0,16,640,0.0006150322601735647,6.71996967779164e-05,0.40782611038619676,3.9818395419578303e-05,81.92911111474163,0,True,66,66,1.0,1,1,0.0823151343222635,0.010584513538274304
31,15,response_tables/trial_00015_hard_negative_structure_obs-empirical_prior-axis_edge_orthogonal_rel0p5x.npz,0.5,3,0,16,640,0.0009078386189482757,8.86417037118102e-05,0.3822218818437497,5.4810664146888756e-05,40.514882454418334,1,True,40,40,1.0,1,1,0.04950877883266982,0.008496328456686473
32,16,response_tables/trial_00016_hard_negative_structure_obs-empirical_prior-axis_edge_parallel_rel1x.npz,1.0,0,0,16,640,0.0024988783025385874,8.537432392679093e-05,0.4374800085397855,4.8145072643623315e-05,45.1744618896629,1,False,80,80,0.0,1,1,0.0819664914939721,0.017129315931534432
32,16,response_tables/trial_00016_hard_negative_structure_obs-empirical_prior-axis_edge_parallel_rel1x.npz,1.0,1,0,16,640,0.0024988783025385874,8.537432392679093e-05,0.4374800085397855,4.8145072643623315e-05,45.1744618896629,1,False,80,80,0.0,1,1,0.0819664914939721,0.017129315931534432
32,16,response_tables/trial_00016_hard_negative_structure_obs-empirical_prior-axis_edge_parallel_rel1x.npz,1.0,2,0,16,640,0.0013780930983413597,2.2691598127206736e-05,0.4135947317446308,1.3324835550836841e-05,306.8874315027995,1,False,80,80,0.0,1,1,0.13618385560326954,0.016815180286334046
32,16,response_tables/trial_00016_hard_negative_structure_obs-empirical_prior-axis_edge_parallel_rel1x.npz,1.0,3,0,16,640,0.0008736625389199615,0.00011206897682931268,0.40843447352054607,6.635411438408666e-05,55.803919982055874,0,True,56,56,1.0,1,1,0.08437913359357414,0.012068655897366446
33,16,response_tables/trial_00016_hard_negative_structure_obs-empirical_prior-axis_edge_orthogonal_rel1x.npz,1.0,0,0,16,640,0.0006185053336632551,0.00011552910439403999,0.4097678357598301,6.823119467705271e-05,43.04289552048053,0,True,79,79,1.0,1,1,0.0803831621099855,0.01552443157869995
33,16,response_tables/trial_00016_hard_negative_structure_obs-empirical_prior-axis_edge_orthogonal_rel1x.npz,1.0,1,0,16,640,0.0006185053336632551,0.00011552910439403999,0.4097678357598301,6.823119467705271e-05,43.04289552048053,0,True,79,79,1.0,1,1,0.0803831621099855,0.01552443157869995
33,16,response_tables/trial_00016_hard_negative_structure_obs-empirical_prior-axis_edge_orthogonal_rel1x.npz,1.0,2,0,16,640,0.0016511337926461422,7.516421370399284e-05,0.3927324314138304,4.572027959937074e-05,99.16422920880957,1,False,80,80,0.0,1,1,0.10160228799603471,0.013540880894784802
33,16,response_tables/trial_00016_hard_negative_structure_obs-empirical_prior-axis_edge_orthogonal_rel1x.npz,1.0,3,0,16,640,0.0036770900837319598,9.660351094762764e-05,0.40411982497277055,5.7776566652025484e-05,72.53589904995177,0,True,66,66,1.0,1,1,0.08445465993725931,0.012335443114022692
34,17,response_tables/trial_00017_hard_negative_structure_obs-empirical_prior-axis_edge_parallel_rel2x.npz,2.0,0,0,16,640,0.0006504598289955865,0.00020900480417935304,0.2524510568073809,0.00015634301533747674,37.592132639474876,0,True,72,72,1.0,1,1,0.12172595529750961,0.02551717740156835
34,17,response_tables/trial_00017_hard_negative_structure_obs-empirical_prior-axis_edge_parallel_rel2x.npz,2.0,1,0,16,640,0.0006504598289955865,0.00020900480417935304,0.2524510568073809,0.00015634301533747674,37.592132639474876,0,True,72,72,1.0,1,1,0.12172595529750961,0.02551717740156835
34,17,response_tables/trial_00017_hard_negative_structure_obs-empirical_prior-axis_edge_parallel_rel2x.npz,2.0,2,0,16,640,0.005485804581044307,5.179509814684712e-05,0.172400055880516,4.3102069864307985e-05,185.45507762347114,2,True,74,74,1.0,1,1,0.23344353278025756,0.03422391602621663
34,17,response_tables/trial_00017_hard_negative_structure_obs-empirical_prior-axis_edge_parallel_rel2x.npz,2.0,3,0,16,640,0.0014399052423831327,0.0002288021008597886,0.17240758393257383,0.00018962792970193547,47.79661389921977,2,True,54,54,1.0,1,1,0.13585595307785692,0.02230659095553334
35,17,response_tables/trial_00017_hard_negative_structure_obs-empirical_prior-axis_edge_orthogonal_rel2x.npz,2.0,0,0,16,640,0.0007997445667343728,0.0002550104344205312,0.2585516876834628,0.00018922839060146523,35.896339685604524,0,True,69,69,1.0,1,1,0.11386181302931818,0.02373272386559728
35,17,response_tables/trial_00017_hard_negative_structure_obs-empirical_prior-axis_edge_orthogonal_rel2x.npz,2.0,1,0,16,640,0.0007997445667343728,0.0002550104344205312,0.2585516876834628,0.00018922839060146523,35.896339685604524,0,True,69,69,1.0,1,1,0.11386181302931818,0.02373272386559728
35,17,response_tables/trial_00017_hard_negative_structure_obs-empirical_prior-axis_edge_orthogonal_rel2x.npz,2.0,2,0,16,640,0.0005598350028367394,0.00017040084590281502,0.16952422432710357,0.00014159304341832175,66.15654564116154,2,True,74,74,1.0,1,1,0.17223503270232704,0.026176205174097206
35,17,response_tables/trial_00017_hard_negative_structure_obs-empirical_prior-axis_edge_orthogonal_rel2x.npz,2.0,3,0,16,640,0.000973366465716885,0.00019128746715800792,0.15986452720368405,0.00016086396625109378,60.16179825214872,2,True,56,56,1.0,1,1,0.14796450169797132,0.02414045553330966
36,18,response_tables/trial_00018_hard_negative_structure_obs-empirical_prior-axis_edge_parallel_rel0p5x.npz,0.5,0,0,16,640,0.004254666639799454,0.0001071254641537438,0.49914271940478394,5.3883826377055624e-05,11.650711904243975,0,True,76,76,1.0,1,1,0.04224750553174733,0.00809050183080304
36,18,response_tables/trial_00018_hard_negative_structure_obs-empirical_prior-axis_edge_parallel_rel0p5x.npz,0.5,1,0,16,640,0.004254666639799454,0.0001071254641537438,0.49914271940478394,5.3883826377055624e-05,11.650711904243975,0,True,76,76,1.0,1,1,0.04224750553174733,0.00809050183080304
36,18,response_tables/trial_00018_hard_negative_structure_obs-empirical_prior-axis_edge_parallel_rel0p5x.npz,0.5,2,0,16,640,0.005609209597274845,3.6697457580352486e-05,0.4912041140432346,1.8776838665605856e-05,105.93110286072164,0,True,73,73,1.0,1,1,0.08417566017640654,0.010031817621900125
36,18,response_tables/trial_00018_hard_negative_structure_obs-empirical_prior-axis_edge_parallel_rel0p5x.npz,0.5,3,0,16,640,0.004364373221932394,0.00013254536694882205,0.4513087304276614,7.30452825421963e-05,23.00340833333809,1,True,52,52,1.0,1,1,0.03992006334110183,0.006099007301552905
37,18,response_tables/trial_00018_hard_negative_structure_obs-empirical_prior-axis_edge_orthogonal_rel0p5x.npz,0.5,0,0,16,640,0.004239193490639281,0.00013158920027207046,0.4884318500347147,6.76034277494549e-05,10.369093115208367,0,False,80,80,0.0,1,1,0.03907209888391962,0.007500345772740348
37,18,response_tables/trial_00018_hard_negative_structure_obs-empirical_prior-axis_edge_orthogonal_rel0p5x.npz,0.5,1,0,16,640,0.004239193490639281,0.00013158920027207046,0.4884318500347147,6.76034277494549e-05,10.369093115208367,0,False,80,80,0.0,1,1,0.03907209888391962,0.007500345772740348
37,18,response_tables/trial_00018_hard_negative_structure_obs-empirical_prior-axis_edge_orthogonal_rel0p5x.npz,0.5,2,0,16,640,0.001235680149846985,8.816318580783772e-05,0.4812537405261792,4.5790905774420224e-05,47.89614876172969,1,True,63,63,1.0,1,1,0.06844614166203875,0.008226126767415595
37,18,response_tables/trial_00018_hard_negative_structure_obs-empirical_prior-axis_edge_orthogonal_rel0p5x.npz,0.5,3,0,16,640,0.0037244419999691303,0.0001222353710993699,0.4176665492886922,7.144784882022683e-05,22.159021878998598,1,True,26,26,1.0,1,1,0.0434453292144898,0.006527595503347632
38,19,response_tables/trial_00019_hard_negative_structure_obs-empirical_prior-axis_edge_parallel_rel1x.npz,1.0,0,0,16,640,0.005388912876530649,0.00010857292259926005,0.26089621403059216,8.068144341619922e-05,22.50023812733664,0,True,72,72,1.0,1,1,0.09165439962893049,0.015581447649503456
38,19,response_tables/trial_00019_hard_negative_structure_obs-empirical_prior-axis_edge_parallel_rel1x.npz,1.0,1,0,16,640,0.005388912876530649,0.00010857292259926005,0.26089621403059216,8.068144341619922e-05,22.50023812733664,0,True,72,72,1.0,1,1,0.09165439962893049,0.015581447649503456
38,19,response_tables/trial_00019_hard_negative_structure_obs-empirical_prior-axis_edge_parallel_rel1x.npz,1.0,2,0,16,640,0.0037483716285243718,3.320372231412426e-05,0.2149935842403311,2.616320445698788e-05,146.06110090005677,0,True,70,70,1.0,1,1,0.16596911864141584,0.020051206187019367
38,19,response_tables/trial_00019_hard_negative_structure_obs-empirical_prior-axis_edge_parallel_rel1x.npz,1.0,3,0,16,640,0.0031182570010270805,0.00013188538589196017,0.21246741430398597,0.00010418892681749012,33.872874625616134,1,True,55,55,1.0,1,1,0.08843499613259437,0.011654373077349274
39,19,response_tables/trial_00019_hard_negative_structure_obs-empirical_prior-axis_edge_orthogonal_rel1x.npz,1.0,0,0,16,640,0.005869130082021168,0.00013790122654870697,0.24965691410281254,0.00010408411508849035,21.008240471495014,1,True,79,79,1.0,1,1,0.08456951435798352,0.014267392117195701
39,19,response_tables/trial_00019_hard_negative_structure_obs-empirical_prior-axis_edge_orthogonal_rel1x.npz,1.0,1,0,16,640,0.005869130082021168,0.00013790122654870697,0.24965691410281254,0.00010408411508849035,21.008240471495014,1,True,79,79,1.0,1,1,0.08456951435798352,0.014267392117195701
39,19,response_tables/trial_00019_hard_negative_structure_obs-empirical_prior-axis_edge_orthogonal_rel1x.npz,1.0,2,0,16,640,0.0020415957010021524,8.68171978210902e-05,0.20495260396316473,6.916499401331e-05,63.44941686515894,0,True,66,66,1.0,1,1,0.13246796853078313,0.01647630688151693
39,19,response_tables/trial_00019_hard_negative_structure_obs-empirical_prior-axis_edge_orthogonal_rel1x.npz,1.0,3,0,16,640,0.003420604447525344,0.00011642896905209911,0.20495984684780455,9.288342283578656e-05,43.597013553014165,1,True,53,53,1.0,1,1,0.09039860502659768,0.01194793837754546
40,20,response_tables/trial_00020_hard_negative_structure_obs-empirical_prior-axis_edge_parallel_rel2x.npz,2.0,0,0,16,640,0.0008050076345036405,0.00017327099941543162,0.24692012191123547,0.0001305920306978087,33.67624583350029,1,True,79,79,1.0,1,1,0.11199816730787282,0.02088440786059813
40,20,response_tables/trial_00020_hard_negative_structure_obs-empirical_prior-axis_edge_parallel_rel2x.npz,2.0,1,0,16,640,0.0008050076345036405,0.00017327099941543162,0.24692012191123547,0.0001305920306978087,33.67624583350029,1,True,79,79,1.0,1,1,0.11199816730787282,0.02088440786059813
40,20,response_tables/trial_00020_hard_negative_structure_obs-empirical_prior-axis_edge_parallel_rel2x.npz,2.0,2,0,16,640,0.0021497935698345794,4.105106105420187e-05,0.2310789080528759,3.163303117840668e-05,176.87997118484236,1,True,79,79,1.0,1,1,0.18981517762156414,0.024784274397681914
40,20,response_tables/trial_00020_hard_negative_structure_obs-empirical_prior-axis_edge_parallel_rel2x.npz,2.0,3,0,16,640,0.0010404789167286488,0.00020624146503979757,0.23959937982370572,0.00015698948216867425,42.98687161432608,0,True,44,44,1.0,1,1,0.11636926921532618,0.01637339015132755
41,20,response_tables/trial_00020_hard_negative_structure_obs-empirical_prior-axis_edge_orthogonal_rel2x.npz,2.0,0,0,16,640,0.0009680946855571415,0.00022424543401940896,0.24591729679734986,0.00016926346612822514,33.886931105049555,0,True,71,71,1.0,1,1,0.10317997113469253,0.01921106398005821
41,20,response_tables/trial_00020_hard_negative_structure_obs-empirical_prior-axis_edge_orthogonal_rel2x.npz,2.0,1,0,16,640,0.0009680946855571415,0.00022424543401940896,0.24591729679734986,0.00016926346612822514,33.886931105049555,0,True,71,71,1.0,1,1,0.10317997113469253,0.01921106398005821
41,20,response_tables/trial_00020_hard_negative_structure_obs-empirical_prior-axis_edge_orthogonal_rel2x.npz,2.0,2,0,16,640,0.0007879424115047051,0.00015368776422380626,0.22352334223487225,0.0001194290647291625,57.06129170505133,1,True,74,74,1.0,1,1,0.135006253380128,0.01832902589569619
41,20,response_tables/trial_00020_hard_negative_structure_obs-empirical_prior-axis_edge_orthogonal_rel2x.npz,2.0,3,0,16,640,0.0034190786278857077,0.00017946790861489835,0.24040441070427265,0.00013679073006566585,48.66933803017254,1,True,58,58,1.0,1,1,0.11751875831755258,0.01664498795614854
42,21,response_tables/trial_00021_hard_negative_structure_obs-empirical_prior-axis_edge_parallel_rel0p5x.npz,0.5,0,0,16,640,0.006503737007777288,8.454416899306662e-05,0.4632960831688858,4.5672226795447635e-05,4.33049729165974,1,True,75,75,1.0,1,1,0.024020665853926905,0.0063051758238724925
42,21,response_tables/trial_00021_hard_negative_structure_obs-empirical_prior-axis_edge_parallel_rel0p5x.npz,0.5,1,0,16,640,0.0008284543331643635,8.03436640602929e-05,0.47396293152570157,4.2298788127071804e-05,16.919816608673564,1,True,65,65,1.0,1,1,0.0438936513246518,0.005481489711989427
42,21,response_tables/trial_00021_hard_negative_structure_obs-empirical_prior-axis_edge_parallel_rel0p5x.npz,0.5,2,0,16,640,0.003586171380983716,8.205977856260564e-05,0.47172538006580167,4.350611872993193e-05,27.650345259629873,1,True,75,75,1.0,1,1,0.04367932341205469,0.006971589220482856
42,21,response_tables/trial_00021_hard_negative_structure_obs-empirical_prior-axis_edge_parallel_rel0p5x.npz,0.5,3,0,16,640,0.006355175085740683,8.477952641423609e-05,0.47130040982600796,4.510958015025085e-05,39.17761204532046,1,False,80,80,0.0,1,1,0.0822725423992521,0.02514390699904634
43,21,response_tables/trial_00021_hard_negative_structure_obs-empirical_prior-axis_edge_orthogonal_rel0p5x.npz,0.5,0,0,16,640,0.009582253165830057,8.270998957869793e-05,0.4654099530660708,4.464372468295864e-05,4.65730832524968,1,True,74,74,1.0,1,1,0.022353620953746576,0.006211118765834346
43,21,response_tables/trial_00021_hard_negative_structure_obs-empirical_prior-axis_edge_orthogonal_rel0p5x.npz,0.5,1,0,16,640,0.0015250317347952347,0.00011594528423358785,0.4568113135022105,6.307636009932229e-05,11.846025824223595,1,True,63,63,1.0,1,1,0.038869702702771944,0.0048923493938163075
43,21,response_tables/trial_00021_hard_negative_structure_obs-empirical_prior-axis_edge_orthogonal_rel0p5x.npz,0.5,2,0,16,640,0.005591799280609044,0.00010156469246539835,0.4581985868786487,5.5337329138254414e-05,23.017122353524492,1,True,63,63,1.0,1,1,0.038959683678376426,0.005376162367962626
43,21,response_tables/trial_00021_hard_negative_structure_obs-empirical_prior-axis_edge_orthogonal_rel0p5x.npz,0.5,3,0,16,640,0.004078596840591198,9.461888889881397e-05,0.4643653364996959,5.088871125302723e-05,34.79417177123784,2,False,80,80,0.0,1,1,0.08852512429043391,0.04145500166617361
44,22,response_tables/trial_00022_hard_negative_structure_obs-empirical_prior-axis_edge_parallel_rel1x.npz,1.0,0,0,16,640,0.016384965614648972,0.00011627815275852489,0.24736871734539623,8.897238471964118e-05,10.088606716142348,1,True,73,73,1.0,1,1,0.05146210174366655,0.010637470588635498
44,22,response_tables/trial_00022_hard_negative_structure_obs-empirical_prior-axis_edge_parallel_rel1x.npz,1.0,1,0,16,640,0.014821429800819241,0.00010160452259059528,0.16735165678317576,8.587360703683513e-05,21.010026101222916,1,True,71,71,1.0,1,1,0.08224011681371142,0.011394430716349548
44,22,response_tables/trial_00022_hard_negative_structure_obs-empirical_prior-axis_edge_parallel_rel1x.npz,1.0,2,0,16,640,0.010610189546970794,0.00010412060287401799,0.2570575965825854,7.818517042243736e-05,32.84131673181868,1,True,75,75,1.0,1,1,0.07010257966463378,0.010139563627596933
44,22,response_tables/trial_00022_hard_negative_structure_obs-empirical_prior-axis_edge_parallel_rel1x.npz,1.0,3,0,16,640,0.016041939513866676,0.00011160897357318502,0.258154369012091,8.414650252817268e-05,41.39728434246727,0,True,77,77,1.0,1,1,0.0780684079645457,0.012238578943192946
45,22,response_tables/trial_00022_hard_negative_structure_obs-empirical_prior-axis_edge_orthogonal_rel1x.npz,1.0,0,0,16,640,0.023071803480454567,0.00010249926716555332,0.2364796030059665,8.010852940539016e-05,12.25580229703851,1,True,71,71,1.0,1,1,0.05160644721615638,0.01066947280748274
45,22,response_tables/trial_00022_hard_negative_structure_obs-empirical_prior-axis_edge_orthogonal_rel1x.npz,1.0,1,0,16,640,0.015773974562729554,0.0001757227708091462,0.1634790932821012,0.00014935164054714103,14.148643898000508,0,True,70,70,1.0,1,1,0.06888993987329377,0.009513267056612281
45,22,response_tables/trial_00022_hard_negative_structure_obs-empirical_prior-axis_edge_orthogonal_rel1x.npz,1.0,2,0,16,640,0.017676050373326868,0.0001149445105410063,0.23177416642072246,8.989228294727601e-05,31.596753791282726,1,True,72,72,1.0,1,1,0.06601610048631579,0.010645403735993736
45,22,response_tables/trial_00022_hard_negative_structure_obs-empirical_prior-axis_edge_orthogonal_rel1x.npz,1.0,3,0,16,640,0.02157390353570887,0.00011394628262238456,0.25003779093618805,8.733966330098982e-05,43.75059550879398,0,True,72,72,1.0,1,1,0.07561161763121323,0.011862475338508807
46,23,response_tables/trial_00023_hard_negative_structure_obs-empirical_prior-axis_edge_parallel_rel2x.npz,2.0,0,0,16,640,0.003581345255159074,0.00020792169359128598,0.38680803469637237,0.00012795415994610018,23.856668326492038,1,True,77,77,1.0,1,1,0.0826443429658529,0.019466432329299184
46,23,response_tables/trial_00023_hard_negative_structure_obs-empirical_prior-axis_edge_parallel_rel2x.npz,2.0,1,0,16,640,0.0015323288188633377,0.00015208533421497345,0.3754835094301142,9.512556283242212e-05,47.35914506110373,1,False,80,80,0.0,1,1,0.10972110134764786,0.017332460034437974
46,23,response_tables/trial_00023_hard_negative_structure_obs-empirical_prior-axis_edge_parallel_rel2x.npz,2.0,2,0,16,640,0.0010197183059945658,0.00019108321152477216,0.40510169990930345,0.00011379111259252804,39.2579526054768,0,True,75,75,1.0,1,1,0.08969519309377567,0.01595767710295698
46,23,response_tables/trial_00023_hard_negative_structure_obs-empirical_prior-axis_edge_parallel_rel2x.npz,2.0,3,0,16,640,0.0031043848001426344,0.0001951084067938952,0.40567543728952027,0.00011631881691612514,37.15279574931041,1,False,80,80,0.0,1,1,0.09804589316425742,0.01810494694067974
47,23,response_tables/trial_00023_hard_negative_structure_obs-empirical_prior-axis_edge_orthogonal_rel2x.npz,2.0,0,0,16,640,0.006488965132205871,0.00020343624550117818,0.3818991167958542,0.00012656540149727312,26.216636181832044,1,True,79,79,1.0,1,1,0.08203307805668576,0.019426166025168758
47,23,response_tables/trial_00023_hard_negative_structure_obs-empirical_prior-axis_edge_orthogonal_rel2x.npz,2.0,1,0,16,640,0.001366912618328442,0.00027314558585077233,0.3608390673636267,0.00017482295510118948,31.701161761343165,0,True,70,70,1.0,1,1,0.09462015951259416,0.015094454361282091
47,23,response_tables/trial_00023_hard_negative_structure_obs-empirical_prior-axis_edge_orthogonal_rel2x.npz,2.0,2,0,16,640,0.00233369522218263,0.00022048880929421074,0.38259717685864647,0.00013644884334310336,38.029143709389345,1,False,80,80,0.0,1,1,0.08595273130828343,0.015450915453352258
47,23,response_tables/trial_00023_hard_negative_structure_obs-empirical_prior-axis_edge_orthogonal_rel2x.npz,2.0,3,0,16,640,0.0015407822809822003,0.00022427431186893457,0.38271273095900515,0.00013865531514235834,36.26174100796299,0,True,75,75,1.0,1,1,0.09690618407528509,0.017959711144101893
48,24,response_tables/trial_00024_hard_negative_structure_obs-empirical_prior-axis_edge_parallel_rel0p5x.npz,0.5,0,0,16,640,0.013276176399824147,2.8167033271557255e-05,0.22744716653158825,2.205330493080101e-05,6.613558046026198,1,True,64,64,1.0,1,1,0.027224305348843618,0.006776293844300674
48,24,response_tables/trial_00024_hard_negative_structure_obs-empirical_prior-axis_edge_parallel_rel0p5x.npz,0.5,1,0,16,640,0.0036389743939294616,4.678166927174871e-05,0.24790978958277599,3.531253690383622e-05,42.00892111530752,0,True,64,64,1.0,1,1,0.01675667674760645,0.0051780266082738224
48,24,response_tables/trial_00024_hard_negative_structure_obs-empirical_prior-axis_edge_parallel_rel0p5x.npz,0.5,2,0,16,640,0.017145549015774697,3.8977412804043386e-05,0.21290511093968034,3.12141053806442e-05,54.81489671164424,0,True,27,27,1.0,1,1,0.009084541818474904,0.0015885907317907465
48,24,response_tables/trial_00024_hard_negative_structure_obs-empirical_prior-axis_edge_parallel_rel0p5x.npz,0.5,3,0,16,640,0.017145549015774697,3.8977412804043386e-05,0.21290511093968034,3.12141053806442e-05,54.81489671164424,0,True,27,27,1.0,1,1,0.009084541818474904,0.0015885907317907465
49,24,response_tables/trial_00024_hard_negative_structure_obs-empirical_prior-axis_edge_orthogonal_rel0p5x.npz,0.5,0,0,16,640,0.010783698839920475,5.2183042628659634e-05,0.22191361340341065,4.104553779889542e-05,3.6729593729040926,2,True,76,76,1.0,1,1,0.027764169558964328,0.01987809448722618
49,24,response_tables/trial_00024_hard_negative_structure_obs-empirical_prior-axis_edge_orthogonal_rel0p5x.npz,0.5,1,0,16,640,0.007094707528391031,5.5027382692985984e-05,0.22968329449682912,4.269139511081337e-05,35.933732349268624,1,True,47,47,1.0,1,1,0.01236499096741545,0.005413938677153217
49,24,response_tables/trial_00024_hard_negative_structure_obs-empirical_prior-axis_edge_orthogonal_rel0p5x.npz,0.5,2,0,16,640,0.010760152813148127,4.685456041115306e-05,0.20467564367172963,3.7669907056428626e-05,45.825108768377135,1,True,26,26,1.0,1,1,0.007196465360290856,0.0012336335781014092
49,24,response_tables/trial_00024_hard_negative_structure_obs-empirical_prior-axis_edge_orthogonal_rel0p5x.npz,0.5,3,0,16,640,0.010760152813148127,4.685456041115306e-05,0.20467564367172963,3.7669907056428626e-05,45.825108768377135,1,True,26,26,1.0,1,1,0.007196465360290856,0.0012336335781014092
50,25,response_tables/trial_00025_hard_negative_structure_obs-empirical_prior-axis_edge_parallel_rel1x.npz,1.0,0,0,16,640,0.0055909380014522725,6.16277206693167e-05,0.259866519396587,4.5869191204839285e-05,16.182730387798436,1,True,60,60,1.0,1,1,0.06112568667809346,0.01094961967727549
50,25,response_tables/trial_00025_hard_negative_structure_obs-empirical_prior-axis_edge_parallel_rel1x.npz,1.0,1,0,16,640,0.006462233996117006,0.00010240536085451686,0.2580261775639714,7.647630480799435e-05,30.38251703201352,1,True,63,63,1.0,1,1,0.048355183855001864,0.010084334442362255
50,25,response_tables/trial_00025_hard_negative_structure_obs-empirical_prior-axis_edge_parallel_rel1x.npz,1.0,2,0,16,640,0.008390772915378708,8.677505789300164e-05,0.23591364281518568,6.686468426166311e-05,12.426780328685851,1,True,64,64,1.0,1,1,0.024045830322117455,0.014878762836508566
50,25,response_tables/trial_00025_hard_negative_structure_obs-empirical_prior-axis_edge_parallel_rel1x.npz,1.0,3,0,16,640,0.008390772915378708,8.677505789300164e-05,0.23591364281518568,6.686468426166311e-05,12.426780328685851,1,True,64,64,1.0,1,1,0.024045830322117455,0.014878762836508566
51,25,response_tables/trial_00025_hard_negative_structure_obs-empirical_prior-axis_edge_orthogonal_rel1x.npz,1.0,0,0,16,640,0.0064872696775214456,0.00012534335120075997,0.2431466055682555,9.548598415538499e-05,8.818329860253439,1,True,58,58,1.0,1,1,0.05020908044711571,0.00911972514665786
51,25,response_tables/trial_00025_hard_negative_structure_obs-empirical_prior-axis_edge_orthogonal_rel1x.npz,1.0,1,0,16,640,0.013299591453604154,0.00011436744192415306,0.2223855672177919,9.013249889256597e-05,29.042176914405047,1,True,64,64,1.0,1,1,0.05281383784905799,0.010244828445180964
51,25,response_tables/trial_00025_hard_negative_structure_obs-empirical_prior-axis_edge_orthogonal_rel1x.npz,1.0,2,0,16,640,0.007795065077757624,0.00011520769852004376,0.22874807695618538,8.955222445048528e-05,9.68908280363724,2,True,57,57,1.0,1,1,0.027060655206288454,0.02320139817899696
51,25,response_tables/trial_00025_hard_negative_structure_obs-empirical_prior-axis_edge_orthogonal_rel1x.npz,1.0,3,0,16,640,0.007795065077757624,0.00011520769852004376,0.22874807695618538,8.955222445048528e-05,9.68908280363724,2,True,57,57,1.0,1,1,0.027060655206288454,0.02320139817899696
52,26,response_tables/trial_00026_hard_negative_structure_obs-empirical_prior-axis_edge_parallel_rel2x.npz,2.0,0,0,16,640,0.003525612769712194,0.0001281477265993331,0.1639006915518234,0.00010752331114773257,44.599218448795774,0,True,60,60,1.0,1,1,0.12979054281024122,0.021403483071232604
52,26,response_tables/trial_00026_hard_negative_structure_obs-empirical_prior-axis_edge_parallel_rel2x.npz,2.0,1,0,16,640,0.008088057218361033,0.00020860557002041553,0.15956023808366215,0.00017674997955032713,43.5701092866721,0,True,65,65,1.0,1,1,0.11315491286891,0.020260759756803574
52,26,response_tables/trial_00026_hard_negative_structure_obs-empirical_prior-axis_edge_parallel_rel2x.npz,2.0,2,0,16,640,0.004786222591784628,0.00018941971549826236,0.25635734187940873,0.0001415380131698036,26.255442380112484,1,True,72,72,1.0,1,1,0.07855638467163541,0.020476219793042833
52,26,response_tables/trial_00026_hard_negative_structure_obs-empirical_prior-axis_edge_parallel_rel2x.npz,2.0,3,0,16,640,0.004786222591784628,0.00018941971549826236,0.25635734187940873,0.0001415380131698036,26.255442380112484,1,True,72,72,1.0,1,1,0.07855638467163541,0.020476219793042833
53,26,response_tables/trial_00026_hard_negative_structure_obs-empirical_prior-axis_edge_orthogonal_rel2x.npz,2.0,0,0,16,640,0.0036268754592277963,0.0002381074639634366,0.16908160308089215,0.00019856805385247715,27.02509674983427,0,True,59,59,1.0,1,1,0.10514239356767129,0.01774873554828851
53,26,response_tables/trial_00026_hard_negative_structure_obs-empirical_prior-axis_edge_orthogonal_rel2x.npz,2.0,1,0,16,640,0.010189934625193575,0.00022237197750622323,0.14481301870074426,0.00019212738566876713,44.9976991919035,1,True,72,72,1.0,1,1,0.11032660619561431,0.020210086819040227
53,26,response_tables/trial_00026_hard_negative_structure_obs-empirical_prior-axis_edge_orthogonal_rel2x.npz,2.0,2,0,16,640,0.003157918640330326,0.00023400319372419046,0.2492344415400981,0.00017623808394817854,22.205728432930414,1,True,73,73,1.0,1,1,0.07487075322235608,0.019566134831368657
53,26,response_tables/trial_00026_hard_negative_structure_obs-empirical_prior-axis_edge_orthogonal_rel2x.npz,2.0,3,0,16,640,0.003157918640330326,0.00023400319372419046,0.2492344415400981,0.00017623808394817854,22.205728432930414,1,True,73,73,1.0,1,1,0.07487075322235608,0.019566134831368657
54,27,response_tables/trial_00027_hard_negative_structure_obs-empirical_prior-axis_edge_parallel_rel0p5x.npz,0.5,0,0,16,640,0.002846705720687459,4.365285510239101e-05,0.5107000313161093,2.1420317976284373e-05,10.423166771795922,1,True,78,78,1.0,1,1,0.030204431394165267,0.007639022178865843
54,27,response_tables/trial_00027_hard_negative_structure_obs-empirical_prior-axis_edge_parallel_rel0p5x.npz,0.5,1,0,16,640,0.0029315262636410155,4.406413300110887e-05,0.5071068615613273,2.1782765556820193e-05,11.581017232369177,1,True,77,77,1.0,1,1,0.03176181176793042,0.007635924025809912
54,27,response_tables/trial_00027_hard_negative_structure_obs-empirical_prior-axis_edge_parallel_rel0p5x.npz,0.5,2,0,16,640,0.002297631241084508,4.4356077652688086e-05,0.5077833460587431,2.188307937097858e-05,11.464504539801647,1,False,80,80,0.0,1,1,0.040888817982933034,0.007429886394179822
54,27,response_tables/trial_00027_hard_negative_structure_obs-empirical_prior-axis_edge_parallel_rel0p5x.npz,0.5,3,0,16,640,0.002191920385508306,4.66958731300836e-05,0.5157851406484282,2.2660505664293766e-05,12.517422357046748,1,False,80,80,0.0,1,1,0.04644399810621046,0.007696986874998103
55,27,response_tables/trial_00027_hard_negative_structure_obs-empirical_prior-axis_edge_orthogonal_rel0p5x.npz,0.5,0,0,16,640,0.0038956518806015916,5.569322426467851e-05,0.4825409228679749,2.893167215354134e-05,8.2151782520706,1,True,73,73,1.0,1,1,0.029686450979679382,0.007114463646018085
55,27,response_tables/trial_00027_hard_negative_structure_obs-empirical_prior-axis_edge_orthogonal_rel0p5x.npz,0.5,1,0,16,640,0.004041398854472966,5.6219443867235825e-05,0.4804421466627147,2.932777882321744e-05,8.609366662238914,1,True,73,73,1.0,1,1,0.03139675581444081,0.007324255214687409
55,27,response_tables/trial_00027_hard_negative_structure_obs-empirical_prior-axis_edge_orthogonal_rel0p5x.npz,0.5,2,0,16,640,0.004086254494661712,5.447385758556807e-05,0.49202670419757155,2.7784800739719082e-05,9.293638642804783,1,False,80,80,0.0,1,1,0.04133002548297385,0.007176678151534258
55,27,response_tables/trial_00027_hard_negative_structure_obs-empirical_prior-axis_edge_orthogonal_rel0p5x.npz,0.5,3,0,16,640,0.0035579207061194884,5.4768241161057915e-05,0.48851516351373936,2.8113149230665812e-05,10.205248914084308,1,False,80,80,0.0,1,1,0.04686549110562466,0.007568341093298538
56,28,response_tables/trial_00028_hard_negative_structure_obs-empirical_prior-axis_edge_parallel_rel1x.npz,1.0,0,0,16,640,0.00286188610795568,0.00011659548739922091,0.2943031531754582,8.251722270492711e-05,13.512250304982466,1,False,80,80,0.0,1,1,0.07507418031670265,0.015942397579630656
56,28,response_tables/trial_00028_hard_negative_structure_obs-empirical_prior-axis_edge_parallel_rel1x.npz,1.0,1,0,16,640,0.0017739088081725196,0.00011394472899078663,0.3008881507398864,7.980167108543667e-05,14.583313576539645,1,False,80,80,0.0,1,1,0.07501240573560095,0.015885999860323814
56,28,response_tables/trial_00028_hard_negative_structure_obs-empirical_prior-axis_edge_parallel_rel1x.npz,1.0,2,0,16,640,0.0013084429510501483,0.00011704549614523177,0.2997578028048512,8.206757613403577e-05,15.89329325034371,1,True,76,76,1.0,1,1,0.07943614118908086,0.015587492096390246
56,28,response_tables/trial_00028_hard_negative_structure_obs-empirical_prior-axis_edge_parallel_rel1x.npz,1.0,3,0,16,640,0.001456402184605854,0.0001193698066820012,0.3063781911631931,8.291826357147886e-05,17.815032655080863,1,False,80,80,0.0,1,1,0.0831121602442043,0.016324058525099844
57,28,response_tables/trial_00028_hard_negative_structure_obs-empirical_prior-axis_edge_orthogonal_rel1x.npz,1.0,0,0,16,640,0.004823910831565303,0.00014203482906537923,0.2819072528199704,0.00010248857635238206,12.28566104226337,1,True,76,76,1.0,1,1,0.07020301443709967,0.015286226997560728
57,28,response_tables/trial_00028_hard_negative_structure_obs-empirical_prior-axis_edge_orthogonal_rel1x.npz,1.0,1,0,16,640,0.00297649828071056,0.00014188905165720043,0.28330707582845405,0.00010199446569190045,13.121413771893957,1,False,80,80,0.0,1,1,0.07222493655492565,0.015438702333739746
57,28,response_tables/trial_00028_hard_negative_structure_obs-empirical_prior-axis_edge_orthogonal_rel1x.npz,1.0,2,0,16,640,0.00365164525512518,0.0001407861635257465,0.2844539504945319,0.00010110819439419256,13.752335041450442,1,True,76,76,1.0,1,1,0.07735770949387687,0.015386238269661567
57,28,response_tables/trial_00028_hard_negative_structure_obs-empirical_prior-axis_edge_orthogonal_rel1x.npz,1.0,3,0,16,640,0.0026563482948943618,0.000143181876039026,0.28826208590457925,0.00010217939384690404,15.728060077542887,0,False,80,80,0.0,1,1,0.08137262557971711,0.016053074983810825
58,29,response_tables/trial_00029_hard_negative_structure_obs-empirical_prior-axis_edge_parallel_rel2x.npz,2.0,0,0,16,640,0.0003364242513483884,0.0001840798255638905,0.3743617004951234,0.0001152061471807628,41.125782187902445,0,True,69,69,1.0,1,1,0.10854480803267107,0.023770944335780878
58,29,response_tables/trial_00029_hard_negative_structure_obs-empirical_prior-axis_edge_parallel_rel2x.npz,2.0,1,0,16,640,0.00027210274655875555,0.00018664839444541517,0.37514197408945904,0.00011666049093253174,41.21679484358211,0,True,69,69,1.0,1,1,0.10869318974906528,0.023743309094042445
58,29,response_tables/trial_00029_hard_negative_structure_obs-empirical_prior-axis_edge_parallel_rel2x.npz,2.0,2,0,16,640,0.0002963445577843782,0.00019533286130310712,0.3698124254272851,0.000123132831843555,41.92323444724461,0,True,76,76,1.0,1,1,0.11230515436748079,0.023454453294760362
58,29,response_tables/trial_00029_hard_negative_structure_obs-empirical_prior-axis_edge_parallel_rel2x.npz,2.0,3,0,16,640,0.00017521347970472778,0.00020222214018567338,0.380301399713179,0.0001253387382565388,42.873999639930965,1,False,80,80,0.0,1,1,0.1126431470739509,0.023882088788234213
59,29,response_tables/trial_00029_hard_negative_structure_obs-empirical_prior-axis_edge_orthogonal_rel2x.npz,2.0,0,0,16,640,0.0005503468967141822,0.00025186805013520055,0.3442873597691497,0.00016524400566966942,30.38352102934978,0,True,70,70,1.0,1,1,0.10142689530078387,0.022450096837405065
59,29,response_tables/trial_00029_hard_negative_structure_obs-empirical_prior-axis_edge_orthogonal_rel2x.npz,2.0,1,0,16,640,0.0004882980682715532,0.0002540660573889269,0.34240994726157237,0.00016715293253148988,30.096100247107316,0,True,67,67,1.0,1,1,0.10190474121797644,0.02250326132964032
59,29,response_tables/trial_00029_hard_negative_structure_obs-empirical_prior-axis_edge_orthogonal_rel2x.npz,2.0,2,0,16,640,0.0005385175551091415,0.00025408129908285605,0.3434742193364515,0.000166900802244351,31.18673539044027,1,False,80,80,0.0,1,1,0.10516131375838518,0.022321961072973746
59,29,response_tables/trial_00029_hard_negative_structure_obs-empirical_prior-axis_edge_orthogonal_rel2x.npz,2.0,3,0,16,640,0.0005740935847249329,0.0002601345432242397,0.3481727772950166,0.000169660177659063,31.279432607700286,0,True,69,69,1.0,1,1,0.10721042284756774,0.02300750556183274
60,30,response_tables/trial_00030_hard_negative_structure_obs-empirical_prior-axis_edge_parallel_rel0p5x.npz,0.5,0,0,16,640,0.00026831962055418046,0.00011246095050213019,0.365555046950905,7.136943228016917e-05,5.604941674966839,1,True,75,75,1.0,1,1,0.03920545791342017,0.008531447033593988
60,30,response_tables/trial_00030_hard_negative_structure_obs-empirical_prior-axis_edge_parallel_rel0p5x.npz,0.5,1,0,16,640,0.000320925282635387,0.00011133542146408975,0.3641215055009883,7.081852764099734e-05,5.3255775521303885,1,True,64,64,1.0,1,1,0.037711034185700334,0.008391983144116292
60,30,response_tables/trial_00030_hard_negative_structure_obs-empirical_prior-axis_edge_parallel_rel0p5x.npz,0.5,2,0,16,640,0.0004926528067775715,0.00011504178037095336,0.3605256417807885,7.360252916368931e-05,6.011193164577781,1,True,74,74,1.0,1,1,0.049905061908954836,0.009092806072799012
60,30,response_tables/trial_00030_hard_negative_structure_obs-empirical_prior-axis_edge_parallel_rel0p5x.npz,0.5,3,0,16,640,0.00023137091241454133,0.000122904547034552,0.37339023250732517,7.703101237673096e-05,6.967708037833118,1,True,72,72,1.0,1,1,0.053271835697104114,0.009468922529383651
61,30,response_tables/trial_00030_hard_negative_structure_obs-empirical_prior-axis_edge_orthogonal_rel0p5x.npz,0.5,0,0,16,640,0.0003261855304600436,0.0001384697586649442,0.34602402607669946,9.058544294258945e-05,4.722616071891689,0,True,69,69,1.0,1,1,0.03585292105105431,0.007994740282225944
61,30,response_tables/trial_00030_hard_negative_structure_obs-empirical_prior-axis_edge_orthogonal_rel0p5x.npz,0.5,1,0,16,640,0.00042097858577050395,0.0001380778456381832,0.3467857621389404,9.023240061244336e-05,4.347364823943172,1,True,76,76,1.0,1,1,0.034338721222951354,0.007875875316766928
61,30,response_tables/trial_00030_hard_negative_structure_obs-empirical_prior-axis_edge_orthogonal_rel0p5x.npz,0.5,2,0,16,640,0.0005013738099879372,0.0001382349999192544,0.3442865106300277,9.068802274959838e-05,4.9137332803824645,1,True,72,72,1.0,1,1,0.0452720720669202,0.00857554803260422
61,30,response_tables/trial_00030_hard_negative_structure_obs-empirical_prior-axis_edge_orthogonal_rel0p5x.npz,0.5,3,0,16,640,0.0003649309917828081,0.00014014249404552487,0.3506989324943818,9.10278898847946e-05,6.019840240856601,0,True,73,73,1.0,1,1,0.05042028908075376,0.009198709013532862
62,31,response_tables/trial_00031_hard_negative_structure_obs-empirical_prior-axis_edge_parallel_rel1x.npz,1.0,0,0,16,640,0.0006699749974949931,8.209851875863911e-05,0.0852836245489621,7.514720625812595e-05,24.157203163706317,0,True,66,66,1.0,1,1,0.11166400347731777,0.020314398940295037
62,31,response_tables/trial_00031_hard_negative_structure_obs-empirical_prior-axis_edge_parallel_rel1x.npz,1.0,1,0,16,640,0.0007767002663857658,8.10382953687283e-05,0.08636085671679272,7.409731015435178e-05,23.96097251408623,1,True,77,77,1.0,1,1,0.1101194211235467,0.02017648179873768
62,31,response_tables/trial_00031_hard_negative_structure_obs-empirical_prior-axis_edge_parallel_rel1x.npz,1.0,2,0,16,640,0.0005794066877525816,8.430523123720678e-05,0.08480477761886929,7.72004753217272e-05,27.301924119634982,0,True,70,70,1.0,1,1,0.12150248889380497,0.021128296892304586
62,31,response_tables/trial_00031_hard_negative_structure_obs-empirical_prior-axis_edge_parallel_rel1x.npz,1.0,3,0,16,640,0.0006541143367260194,8.323977487257682e-05,0.08845386516079412,7.59265597012219e-05,30.4148858601418,2,True,74,74,1.0,1,1,0.12513629476300983,0.021940241906064605
63,31,response_tables/trial_00031_hard_negative_structure_obs-empirical_prior-axis_edge_orthogonal_rel1x.npz,1.0,0,0,16,640,0.0018683648750098536,0.00010488955175185874,0.08492341255668456,9.616163810250405e-05,18.631812424891216,2,True,78,78,1.0,1,1,0.09907165829046377,0.01811253880682688
63,31,response_tables/trial_00031_hard_negative_structure_obs-empirical_prior-axis_edge_orthogonal_rel1x.npz,1.0,1,0,16,640,0.0020455423289228447,0.00010411076227685025,0.0857519964311203,9.537815661826185e-05,17.940126319447206,1,True,69,69,1.0,1,1,0.09752997922827931,0.017928578422936835
63,31,response_tables/trial_00031_hard_negative_structure_obs-empirical_prior-axis_edge_orthogonal_rel1x.npz,1.0,2,0,16,640,0.0023581934862864085,0.00010168397626696073,0.08532508526974203,9.322763111385046e-05,19.241807414537682,2,True,75,75,1.0,1,1,0.10799165182092751,0.018965924328051265
63,31,response_tables/trial_00031_hard_negative_structure_obs-empirical_prior-axis_edge_orthogonal_rel1x.npz,1.0,3,0,16,640,0.0024561761107534386,0.00010356165459682434,0.08528190504308808,9.496296516984939e-05,21.34020125054097,2,False,80,80,0.0,1,1,0.11330216096440625,0.020192381949816346
64,32,response_tables/trial_00032_hard_negative_structure_obs-empirical_prior-axis_edge_parallel_rel2x.npz,2.0,0,0,16,640,0.0006453986047255666,0.00017099056313171586,0.2688947554255018,0.0001250928322177188,38.32529641882804,0,True,77,77,1.0,1,1,0.11045665723665046,0.021902560667796354
64,32,response_tables/trial_00032_hard_negative_structure_obs-empirical_prior-axis_edge_parallel_rel2x.npz,2.0,1,0,16,640,0.0007650923086198747,0.00017095817466443068,0.26918553548996926,0.0001250343697055731,38.19010205954017,0,True,78,78,1.0,1,1,0.10980004166323573,0.021830363590662233
64,32,response_tables/trial_00032_hard_negative_structure_obs-empirical_prior-axis_edge_parallel_rel2x.npz,2.0,2,0,16,640,0.00038422513961600124,0.00017861401534110865,0.2638403113378939,0.00013153897850658083,38.57209394124529,0,True,71,71,1.0,1,1,0.1146739703667087,0.021765012264611264
64,32,response_tables/trial_00032_hard_negative_structure_obs-empirical_prior-axis_edge_parallel_rel2x.npz,2.0,3,0,16,640,0.00015756897454988206,0.00017462635991303418,0.2767001048122353,0.00012632713305893244,42.244881488577285,0,True,67,67,1.0,1,1,0.11781080450610842,0.022352056852866453
65,32,response_tables/trial_00032_hard_negative_structure_obs-empirical_prior-axis_edge_orthogonal_rel2x.npz,2.0,0,0,16,640,0.0019742046928299395,0.0002293923870258901,0.2502137313052074,0.00017233548746322492,29.60392347226356,0,True,67,67,1.0,1,1,0.10168539263370535,0.020342216190679028
65,32,response_tables/trial_00032_hard_negative_structure_obs-empirical_prior-axis_edge_orthogonal_rel2x.npz,2.0,1,0,16,640,0.001969030107753955,0.00022799849263643345,0.25116097531210146,0.00017107101283100605,29.6725124528554,1,True,72,72,1.0,1,1,0.10141236007873061,0.02033970086716961
65,32,response_tables/trial_00032_hard_negative_structure_obs-empirical_prior-axis_edge_orthogonal_rel2x.npz,2.0,2,0,16,640,0.002537317634859537,0.00023029394414358722,0.2516965761190081,0.0001727681144853293,29.878674672962845,1,True,79,79,1.0,1,1,0.10486405190782824,0.02020657130689163
65,32,response_tables/trial_00032_hard_negative_structure_obs-empirical_prior-axis_edge_orthogonal_rel2x.npz,2.0,3,0,16,640,0.0008935588614346068,0.00023149505836024683,0.2608669972712615,0.00017125866730243939,31.35469181266162,0,True,63,63,1.0,1,1,0.10880574265017898,0.02087541688388153
66,33,response_tables/trial_00033_hard_negative_structure_obs-empirical_prior-axis_edge_parallel_rel0p5x.npz,0.5,0,0,16,640,0.0019267020887072661,7.177597973148623e-05,0.3839067153599086,4.430606369649842e-05,6.730560391655017,0,True,73,73,1.0,1,1,0.02784132938413006,0.008361489144037114
66,33,response_tables/trial_00033_hard_negative_structure_obs-empirical_prior-axis_edge_parallel_rel0p5x.npz,0.5,1,0,16,640,0.002322788778178042,7.269624929531724e-05,0.459576077088491,3.937825960464221e-05,62.26614963786568,1,True,71,71,1.0,1,1,0.048141209227723955,0.007589827764542478
66,33,response_tables/trial_00033_hard_negative_structure_obs-empirical_prior-axis_edge_parallel_rel0p5x.npz,0.5,2,0,16,640,0.005227226312115474,5.3239473845411134e-05,0.45407241128808673,2.921762471741667e-05,126.53619036063259,0,True,56,56,1.0,1,1,0.06609117407856886,0.008292681417524799
66,33,response_tables/trial_00033_hard_negative_structure_obs-empirical_prior-axis_edge_parallel_rel0p5x.npz,0.5,3,0,16,640,0.0017739230435762643,5.393130595544639e-05,0.43948498096002153,3.0283026743437358e-05,96.25918634622215,0,True,73,73,1.0,1,1,0.06720739002546246,0.009800679195081777
67,33,response_tables/trial_00033_hard_negative_structure_obs-empirical_prior-axis_edge_orthogonal_rel0p5x.npz,0.5,0,0,16,640,0.0016474300501395645,8.72743116711264e-05,0.3675677150542356,5.528617244908909e-05,5.221576806440492,0,True,68,68,1.0,1,1,0.02696389316688626,0.0076812527497014445
67,33,response_tables/trial_00033_hard_negative_structure_obs-empirical_prior-axis_edge_orthogonal_rel0p5x.npz,0.5,1,0,16,640,0.008724054041284401,9.248710850125279e-05,0.42337904141096094,5.3799353629571404e-05,48.81474031445058,2,True,67,67,1.0,1,1,0.040450613902082315,0.007337054063124938
67,33,response_tables/trial_00033_hard_negative_structure_obs-empirical_prior-axis_edge_orthogonal_rel0p5x.npz,0.5,2,0,16,640,0.010637472857561447,7.986034850250536e-05,0.4013367662253817,4.8323494344348386e-05,82.81201601604624,0,True,54,54,1.0,1,1,0.05692867827975395,0.007727657308039316
67,33,response_tables/trial_00033_hard_negative_structure_obs-empirical_prior-axis_edge_orthogonal_rel0p5x.npz,0.5,3,0,16,640,0.006313218212887328,5.6489724324010825e-05,0.43230180495850634,3.227286014558558e-05,82.68183043695922,0,True,65,65,1.0,1,1,0.06602263001674036,0.011859792709056871
68,34,response_tables/trial_00034_hard_negative_structure_obs-empirical_prior-axis_edge_parallel_rel1x.npz,1.0,0,0,16,640,0.0012909860817102992,0.00014837312009653703,0.35177214230564324,9.630391679580329e-05,12.632990772776015,1,False,80,80,0.0,1,1,0.05414667760266708,0.012566031577660085
68,34,response_tables/trial_00034_hard_negative_structure_obs-empirical_prior-axis_edge_parallel_rel1x.npz,1.0,1,0,16,640,0.0011974191207665408,0.00015841048044176813,0.3831993628893885,9.782482257451695e-05,37.20659086120556,1,True,68,68,1.0,1,1,0.0598910180601316,0.009936274262297762
68,34,response_tables/trial_00034_hard_negative_structure_obs-empirical_prior-axis_edge_parallel_rel1x.npz,1.0,2,0,16,640,0.0038115786130415996,0.00011606250881095175,0.38577468731503894,7.156129225649436e-05,70.36661844036985,0,True,64,64,1.0,1,1,0.08740652880746974,0.01157539352962127
68,34,response_tables/trial_00034_hard_negative_structure_obs-empirical_prior-axis_edge_parallel_rel1x.npz,1.0,3,0,16,640,0.001477424529261362,0.00011146800968835297,0.3745847836721804,6.981693865059308e-05,55.75241346761649,1,True,73,73,1.0,1,1,0.07709692502217282,0.013231685285441
69,34,response_tables/trial_00034_hard_negative_structure_obs-empirical_prior-axis_edge_orthogonal_rel1x.npz,1.0,0,0,16,640,0.001455388809219249,0.00017913288429111972,0.3353089108701327,0.00011924157481201394,9.98730013680108,0,True,68,68,1.0,1,1,0.051829911745155534,0.011997239466688108
69,34,response_tables/trial_00034_hard_negative_structure_obs-empirical_prior-axis_edge_orthogonal_rel1x.npz,1.0,1,0,16,640,0.0024165920391578943,0.00019499214970071757,0.3729703468391745,0.00012256204245201719,32.866271918681875,1,True,69,69,1.0,1,1,0.054227128095759,0.009526316771513263
69,34,response_tables/trial_00034_hard_negative_structure_obs-empirical_prior-axis_edge_orthogonal_rel1x.npz,1.0,2,0,16,640,0.0037975748933362086,0.00016359621721555382,0.3628794560224602,0.00010462784297466594,54.150845769884924,0,True,59,59,1.0,1,1,0.08056793441183331,0.010978516272861701
69,34,response_tables/trial_00034_hard_negative_structure_obs-empirical_prior-axis_edge_orthogonal_rel1x.npz,1.0,3,0,16,640,0.0034981902843356227,0.00011739021527181966,0.3946040207888599,7.131704491792922e-05,53.83038159269251,1,True,73,73,1.0,1,1,0.07366980230499147,0.012658613651348719
70,35,response_tables/trial_00035_hard_negative_structure_obs-empirical_prior-axis_edge_parallel_rel2x.npz,2.0,0,0,16,640,0.007809887345814337,0.00014446367144556633,0.41014691739405507,8.588307909941783e-05,35.57923712389679,1,True,78,78,1.0,1,1,0.0786652662626121,0.01771796456137319
70,35,response_tables/trial_00035_hard_negative_structure_obs-empirical_prior-axis_edge_parallel_rel2x.npz,2.0,1,0,16,640,0.005777852689587415,0.00019071872169200375,0.41511725319903137,0.00011219634375612183,51.059835245732856,1,False,80,80,0.0,1,1,0.08140865973385465,0.013890605239839725
70,35,response_tables/trial_00035_hard_negative_structure_obs-empirical_prior-axis_edge_parallel_rel2x.npz,2.0,2,0,16,640,0.001164461079107948,0.0001209326197986637,0.4445817333518157,6.724649199242941e-05,98.86376573319617,1,True,67,67,1.0,1,1,0.095317659211315,0.013359991464332997
70,35,response_tables/trial_00035_hard_negative_structure_obs-empirical_prior-axis_edge_parallel_rel2x.npz,2.0,3,0,16,640,0.004894228091195885,0.00012861700650117328,0.40804354661687314,7.65101250163048e-05,81.6004092413516,1,False,80,80,0.0,1,1,0.09714129500244294,0.01690856051117138
71,35,response_tables/trial_00035_hard_negative_structure_obs-empirical_prior-axis_edge_orthogonal_rel2x.npz,2.0,0,0,16,640,0.0070733203361558195,0.0002010025489743175,0.41230279445927076,0.00011897015032244123,24.016646081215928,0,True,71,71,1.0,1,1,0.07207376573038018,0.016266645474457782
71,35,response_tables/trial_00035_hard_negative_structure_obs-empirical_prior-axis_edge_orthogonal_rel2x.npz,2.0,1,0,16,640,0.008296102567921015,0.00021102777189321292,0.38420783625382515,0.00013103633917457293,56.53780099822469,1,True,78,78,1.0,1,1,0.07790561998141166,0.013398694156747368
71,35,response_tables/trial_00035_hard_negative_structure_obs-empirical_prior-axis_edge_orthogonal_rel2x.npz,2.0,2,0,16,640,0.0015071815484209994,0.00017271315557878462,0.3962205417502137,0.00010443806262891677,84.40439126362683,1,True,63,63,1.0,1,1,0.0878360391735021,0.012543032426694588
71,35,response_tables/trial_00035_hard_negative_structure_obs-empirical_prior-axis_edge_orthogonal_rel2x.npz,2.0,3,0,16,640,0.015488843035569633,0.00011538604607385003,0.41087506546255637,6.904624326390169e-05,83.59629033243345,0,True,79,79,1.0,1,1,0.09720045557235608,0.01786162159797711
72,36,response_tables/trial_00036_hard_negative_structure_obs-empirical_prior-axis_edge_parallel_rel0p5x.npz,0.5,0,0,16,640,0.0017054529185855927,7.483184245951345e-05,0.26719073644270774,5.4931149853229814e-05,16.324324179551002,1,True,77,77,1.0,1,1,0.07405392130131531,0.014470796389664193
72,36,response_tables/trial_00036_hard_negative_structure_obs-empirical_prior-axis_edge_parallel_rel0p5x.npz,0.5,1,0,16,640,0.0007861881697147632,8.265523036061042e-05,0.37682751868410147,5.1548992205391384e-05,39.84701748524586,1,True,71,71,1.0,1,1,0.056800670347087225,0.011552745642978677
72,36,response_tables/trial_00036_hard_negative_structure_obs-empirical_prior-axis_edge_parallel_rel0p5x.npz,0.5,2,0,16,640,0.001031689306184913,5.800265191878531e-05,0.41282870152548923,3.409266548051383e-05,95.2913677484598,1,True,59,59,1.0,1,1,0.03793745746716042,0.015353881568724408
72,36,response_tables/trial_00036_hard_negative_structure_obs-empirical_prior-axis_edge_parallel_rel0p5x.npz,0.5,3,0,16,640,0.0030912973073660144,7.089689365438508e-05,0.3645097799832867,4.519399060840357e-05,32.37604193066445,1,True,71,71,1.0,1,1,0.0461752871586189,0.014824767119651725
73,36,response_tables/trial_00036_hard_negative_structure_obs-empirical_prior-axis_edge_orthogonal_rel0p5x.npz,0.5,0,0,16,640,0.0034057746278582934,0.00016094670110611994,0.23110745122855214,0.00012417362661682168,7.508720389790169,2,True,76,76,1.0,1,1,0.059959441910893266,0.012167135506157951
73,36,response_tables/trial_00036_hard_negative_structure_obs-empirical_prior-axis_edge_orthogonal_rel0p5x.npz,0.5,1,0,16,640,0.0047879945010905756,0.00012761447724661846,0.37593037808946117,8.00234705023316e-05,30.590990975209028,1,True,68,68,1.0,1,1,0.05259928232555798,0.010556653045151413
73,36,response_tables/trial_00036_hard_negative_structure_obs-empirical_prior-axis_edge_orthogonal_rel0p5x.npz,0.5,2,0,16,640,0.004605653749013006,0.00010745013631560825,0.3628762381610776,6.87757925462875e-05,51.33349841405926,1,True,64,64,1.0,1,1,0.03403278718514297,0.013371486290919835
73,36,response_tables/trial_00036_hard_negative_structure_obs-empirical_prior-axis_edge_orthogonal_rel0p5x.npz,0.5,3,0,16,640,0.0018297217233569363,0.00010396647398553497,0.3486512821502985,6.78425625402807e-05,23.651086759216813,1,True,68,68,1.0,1,1,0.040084951254215,0.013548586337093604
74,37,response_tables/trial_00037_hard_negative_structure_obs-empirical_prior-axis_edge_parallel_rel1x.npz,1.0,0,0,16,640,0.0037273230363279453,0.00010363945862090215,0.3986952406453932,6.255205142794023e-05,37.89234123288351,1,False,80,80,0.0,1,1,0.10522198052137237,0.01793621344795045
74,37,response_tables/trial_00037_hard_negative_structure_obs-empirical_prior-axis_edge_parallel_rel1x.npz,1.0,1,0,16,640,0.0024760727265871196,0.00010268236971319343,0.3845766217165927,6.334999004161093e-05,66.8511798447186,0,True,77,77,1.0,1,1,0.098073952190928,0.018191366590631624
74,37,response_tables/trial_00037_hard_negative_structure_obs-empirical_prior-axis_edge_parallel_rel1x.npz,1.0,2,0,16,640,0.0011344974244444916,8.220456293966362e-05,0.4042789176947843,4.902661176962551e-05,127.34435317335306,0,True,71,71,1.0,1,1,0.08901590095365783,0.020564087566222335
74,37,response_tables/trial_00037_hard_negative_structure_obs-empirical_prior-axis_edge_parallel_rel1x.npz,1.0,3,0,16,640,0.0029958392502931197,8.81046902383916e-05,0.39395111634008195,5.355619491500281e-05,67.7389652756614,1,False,80,80,0.0,1,1,0.08970158337297768,0.02023064729259252
75,37,response_tables/trial_00037_hard_negative_structure_obs-empirical_prior-axis_edge_orthogonal_rel1x.npz,1.0,0,0,16,640,0.0026068863353455596,0.00019404540421583328,0.32407071237602847,0.0001315037872643795,20.365774855418287,1,False,80,80,0.0,1,1,0.09398676732261657,0.016479994151024344
75,37,response_tables/trial_00037_hard_negative_structure_obs-empirical_prior-axis_edge_orthogonal_rel1x.npz,1.0,1,0,16,640,0.011322338967674095,0.00012956771717949193,0.3627950716772411,8.350667886244698e-05,61.29150218737747,2,False,80,80,0.0,1,1,0.08824439160338862,0.01689127932296923
75,37,response_tables/trial_00037_hard_negative_structure_obs-empirical_prior-axis_edge_orthogonal_rel1x.npz,1.0,2,0,16,640,0.008481343779086714,0.00011508167709230268,0.35674830131688273,7.465969884930977e-05,94.17898491799141,0,True,72,72,1.0,1,1,0.0772245886879081,0.018107613103343898
75,37,response_tables/trial_00037_hard_negative_structure_obs-empirical_prior-axis_edge_orthogonal_rel1x.npz,1.0,3,0,16,640,0.0031406610135034096,0.00010920035783916228,0.37172006057091467,6.882454878596737e-05,59.24783359025915,1,False,80,80,0.0,1,1,0.08562149546674369,0.019324684938608214
76,38,response_tables/trial_00038_hard_negative_structure_obs-empirical_prior-axis_edge_parallel_rel2x.npz,2.0,0,0,16,640,0.004239730448393875,0.00012038174678185346,0.1309482963864661,0.00010506340263189312,92.33428731702787,0,True,66,66,1.0,1,1,0.19053458993419367,0.02994605603341001
76,38,response_tables/trial_00038_hard_negative_structure_obs-empirical_prior-axis_edge_parallel_rel2x.npz,2.0,1,0,16,640,0.001394017080341703,0.00013611978555823747,0.14111739161422954,0.00011707411979583209,84.1293044823756,1,True,78,78,1.0,1,1,0.18084266057468779,0.028099222516263705
76,38,response_tables/trial_00038_hard_negative_structure_obs-empirical_prior-axis_edge_parallel_rel2x.npz,2.0,2,0,16,640,0.0009070121482683824,0.0001067538435427971,0.13015054463870912,9.294407406771549e-05,135.11642471345277,2,True,75,75,1.0,1,1,0.18237343867114997,0.029808438700359402
76,38,response_tables/trial_00038_hard_negative_structure_obs-empirical_prior-axis_edge_parallel_rel2x.npz,2.0,3,0,16,640,0.002398062789349509,0.00010996886565025773,0.15532838622752565,9.311086491396595e-05,95.771932945195,2,True,77,77,1.0,1,1,0.1687305116672217,0.029592360297947682
77,38,response_tables/trial_00038_hard_negative_structure_obs-empirical_prior-axis_edge_orthogonal_rel2x.npz,2.0,0,0,16,640,0.002643663058511714,0.0003144367505189202,0.1146181076267817,0.0002791345428855081,42.296251522726855,2,True,70,70,1.0,1,1,0.14950013273161744,0.023957659844529345
77,38,response_tables/trial_00038_hard_negative_structure_obs-empirical_prior-axis_edge_orthogonal_rel2x.npz,2.0,1,0,16,640,0.005051835176854036,0.00019539112311086888,0.13126718605203092,0.00017060454624862924,67.21635766715471,2,True,77,77,1.0,1,1,0.1586700090155815,0.025288657941880326
77,38,response_tables/trial_00038_hard_negative_structure_obs-empirical_prior-axis_edge_orthogonal_rel2x.npz,2.0,2,0,16,640,0.002370844253132942,0.00018232258568810306,0.11873497394954591,0.00016105635776625293,89.10232481968895,1,True,71,71,1.0,1,1,0.15215232892713015,0.025517004729122373
77,38,response_tables/trial_00038_hard_negative_structure_obs-empirical_prior-axis_edge_orthogonal_rel2x.npz,2.0,3,0,16,640,0.0012137905495094303,0.00016942024733669454,0.13506763642402309,0.00014671513641260144,72.88514343796493,1,True,74,74,1.0,1,1,0.1563513279093957,0.027558433307354017
78,39,response_tables/trial_00039_hard_negative_structure_obs-empirical_prior-axis_edge_parallel_rel0p5x.npz,0.5,0,0,16,640,0.0028461830435670965,1.9626559878852625e-05,0.3669674332860018,1.2459714203168805e-05,14.57924593936917,1,True,54,54,1.0,1,1,0.018481357993847917,0.006009079764923222
78,39,response_tables/trial_00039_hard_negative_structure_obs-empirical_prior-axis_edge_parallel_rel0p5x.npz,0.5,1,0,16,640,0.0024336522489184498,2.5600237897686575e-05,0.36134505387229887,1.638960515484733e-05,24.915361652886126,0,True,51,51,1.0,1,1,0.008173397830692755,0.0036029007683284976
78,39,response_tables/trial_00039_hard_negative_structure_obs-empirical_prior-axis_edge_parallel_rel0p5x.npz,0.5,2,0,16,640,0.006647689513232469,3.7175289565853286e-05,0.36040375207772546,2.3936296790906375e-05,336.07567951400057,2,True,34,34,1.0,1,1,0.029225273311501057,0.005140026717572778
78,39,response_tables/trial_00039_hard_negative_structure_obs-empirical_prior-axis_edge_parallel_rel0p5x.npz,0.5,3,0,16,640,0.005702017185765906,6.151446050180117e-05,0.30278695280485446,4.313463890536643e-05,143.47266331142788,1,True,15,15,1.0,1,1,0.008979161441635833,0.0012956610035108791
79,39,response_tables/trial_00039_hard_negative_structure_obs-empirical_prior-axis_edge_orthogonal_rel0p5x.npz,0.5,0,0,16,640,0.002055991342811425,5.314047060996646e-05,0.31356580482263885,3.65525879789406e-05,5.329100447457556,2,True,62,62,1.0,1,1,0.009366343245087418,0.005023309534227018
79,39,response_tables/trial_00039_hard_negative_structure_obs-empirical_prior-axis_edge_orthogonal_rel0p5x.npz,0.5,1,0,16,640,0.002409191087598961,5.1429211870343405e-05,0.306400926860222,3.575740009520453e-05,10.85410548364652,2,True,59,59,1.0,1,1,0.009877516604469365,0.0021528161576380165
79,39,response_tables/trial_00039_hard_negative_structure_obs-empirical_prior-axis_edge_orthogonal_rel0p5x.npz,0.5,2,0,16,640,0.0012920707044000723,5.881385880114617e-05,0.31918909884714664,4.0092919096903993e-05,205.14103125912106,1,True,34,34,1.0,1,1,0.015068878460837707,0.0027667507883168577
79,39,response_tables/trial_00039_hard_negative_structure_obs-empirical_prior-axis_edge_orthogonal_rel0p5x.npz,0.5,3,0,16,640,0.003400655015249332,9.697750722842383e-05,0.2626318318838554,7.175213109796617e-05,86.21943473241696,2,True,21,21,1.0,1,1,0.008319907249017296,0.0012543314211916749
80,40,response_tables/trial_00040_hard_negative_structure_obs-empirical_prior-axis_edge_parallel_rel1x.npz,1.0,0,0,16,640,0.002885067581502865,2.7739965830362e-05,0.49292861024931234,1.4106842218399929e-05,43.9764607597668,2,True,65,65,1.0,1,1,0.048440453658880535,0.01057171126617042
80,40,response_tables/trial_00040_hard_negative_structure_obs-empirical_prior-axis_edge_parallel_rel1x.npz,1.0,1,0,16,640,0.004075756864408087,3.6136764467605776e-05,0.4733664912483351,1.910871353687565e-05,42.847468776354525,2,True,38,38,1.0,1,1,0.03139212762203597,0.011074758968464517
80,40,response_tables/trial_00040_hard_negative_structure_obs-empirical_prior-axis_edge_parallel_rel1x.npz,1.0,2,0,16,640,0.010294030771551554,6.0961063702841546e-05,0.4059379323259802,3.6591327805317554e-05,187.39316704417487,1,True,33,33,1.0,1,1,0.006900963942464784,0.002441605780144126
80,40,response_tables/trial_00040_hard_negative_structure_obs-empirical_prior-axis_edge_parallel_rel1x.npz,1.0,3,0,16,640,0.003005799783851626,7.999220058527657e-05,0.45344320741105504,4.385209119024135e-05,107.42914858909054,0,True,25,25,1.0,1,1,0.0028225209946287394,0.0010621290596587443
81,40,response_tables/trial_00040_hard_negative_structure_obs-empirical_prior-axis_edge_orthogonal_rel1x.npz,1.0,0,0,16,640,0.0035227169625529076,6.535164734700093e-05,0.43749759459964577,3.689041331430158e-05,20.090050480465706,1,True,58,58,1.0,1,1,0.03750273710956917,0.008119151334746227
81,40,response_tables/trial_00040_hard_negative_structure_obs-empirical_prior-axis_edge_orthogonal_rel1x.npz,1.0,1,0,16,640,0.0039054918944354533,6.10598158249214e-05,0.41791845086887414,3.568114460607469e-05,23.352085173492792,0,True,66,66,1.0,1,1,0.027701696243252465,0.009724476251042625
81,40,response_tables/trial_00040_hard_negative_structure_obs-empirical_prior-axis_edge_orthogonal_rel1x.npz,1.0,2,0,16,640,0.006083910568924211,9.698987681899647e-05,0.3450341117538246,6.391390731787361e-05,107.28717516191014,0,True,49,49,1.0,1,1,0.00597617333622982,0.0015572717822439088
81,40,response_tables/trial_00040_hard_negative_structure_obs-empirical_prior-axis_edge_orthogonal_rel1x.npz,1.0,3,0,16,640,0.0022294733083834117,0.00014635262620541097,0.36606436659398633,9.298545338054061e-05,50.6951990372233,2,True,25,25,1.0,1,1,0.0021376343896326827,0.0009878273843815727
82,41,response_tables/trial_00041_hard_negative_structure_obs-empirical_prior-axis_edge_parallel_rel2x.npz,2.0,0,0,16,640,0.0009439135885493943,5.899490264370503e-05,0.43657367569876926,3.3270685801480056e-05,59.77155589378201,1,True,70,70,1.0,1,1,0.0944927093977188,0.017263788406850493
82,41,response_tables/trial_00041_hard_negative_structure_obs-empirical_prior-axis_edge_parallel_rel2x.npz,2.0,1,0,16,640,0.0038278684201430435,8.050464767468346e-05,0.42194024582855294,4.671531693090326e-05,53.66966911628071,2,True,78,78,1.0,1,1,0.07897673383193989,0.01628176924539729
82,41,response_tables/trial_00041_hard_negative_structure_obs-empirical_prior-axis_edge_parallel_rel2x.npz,2.0,2,0,16,640,0.0033775432598791566,0.00012877432552561987,0.41939726651246534,7.502010906692289e-05,120.34005615723035,0,True,66,66,1.0,1,1,0.04058778451442947,0.01958312659326223
82,41,response_tables/trial_00041_hard_negative_structure_obs-empirical_prior-axis_edge_parallel_rel2x.npz,2.0,3,0,16,640,0.008141724141524254,0.00019224594195156806,0.3815227964512047,0.0001198757276778272,59.94017296088633,1,True,75,75,1.0,1,1,0.04366101310247191,0.020827140036817803
83,41,response_tables/trial_00041_hard_negative_structure_obs-empirical_prior-axis_edge_orthogonal_rel2x.npz,2.0,0,0,16,640,0.0031786133890265855,0.00013350449540508517,0.36910962854105667,8.44952785211699e-05,26.101814903221243,0,True,63,63,1.0,1,1,0.07742618565704447,0.014445417302572861
83,41,response_tables/trial_00041_hard_negative_structure_obs-empirical_prior-axis_edge_orthogonal_rel2x.npz,2.0,1,0,16,640,0.004582961440272815,0.0001289337833131449,0.3648657324041008,8.226729185934972e-05,28.495893199733583,2,True,77,77,1.0,1,1,0.07214180375477251,0.014910471384117982
83,41,response_tables/trial_00041_hard_negative_structure_obs-empirical_prior-axis_edge_orthogonal_rel2x.npz,2.0,2,0,16,640,0.0008791565858964345,0.00018242945114854318,0.3683275144911575,0.00011533706417658302,78.90856767680631,0,True,66,66,1.0,1,1,0.03992076079765473,0.018072676094834657
83,41,response_tables/trial_00041_hard_negative_structure_obs-empirical_prior-axis_edge_orthogonal_rel2x.npz,2.0,3,0,16,640,0.003117631184082259,0.00028923621126070555,0.34969192833216656,0.00018868088019740304,37.43395055151028,0,True,67,67,1.0,1,1,0.04267730653109385,0.018731210567890257
84,42,response_tables/trial_00042_hard_negative_structure_obs-empirical_prior-axis_edge_parallel_rel0p5x.npz,0.5,0,0,16,640,0.002097443556165257,5.0275787914032584e-05,0.31705908132792426,3.440756070144848e-05,12.459574572782836,2,True,65,65,1.0,1,1,0.03260827106738362,0.008317475823859355
84,42,response_tables/trial_00042_hard_negative_structure_obs-empirical_prior-axis_edge_parallel_rel0p5x.npz,0.5,1,0,16,640,0.0020725310027341903,5.712910995211418e-05,0.3238210013172095,3.870973148166288e-05,47.309916224191056,2,True,76,76,1.0,1,1,0.06747265713411245,0.009585932650084998
84,42,response_tables/trial_00042_hard_negative_structure_obs-empirical_prior-axis_edge_parallel_rel0p5x.npz,0.5,2,0,16,640,0.0017500024585552776,5.796702755229855e-05,0.3419404505696345,3.8212628226226926e-05,31.67761842918202,2,True,64,64,1.0,1,1,0.058135844839943406,0.008492454366846657
84,42,response_tables/trial_00042_hard_negative_structure_obs-empirical_prior-axis_edge_parallel_rel0p5x.npz,0.5,3,0,16,640,0.00019278268971134604,6.071789007587098e-05,0.2992473307256269,4.255642768596836e-05,114.4944428254332,0,True,59,59,1.0,1,1,0.09714975555520074,0.011485682269217404
85,42,response_tables/trial_00042_hard_negative_structure_obs-empirical_prior-axis_edge_orthogonal_rel0p5x.npz,0.5,0,0,16,640,0.0010709349923695433,8.175856742421791e-05,0.27937074832563313,5.898077984189235e-05,7.37881466821314,1,True,56,56,1.0,1,1,0.028780440797271958,0.006918960226566674
85,42,response_tables/trial_00042_hard_negative_structure_obs-empirical_prior-axis_edge_orthogonal_rel0p5x.npz,0.5,1,0,16,640,0.0016823334657217748,8.610815224612818e-05,0.2568699379433953,6.409738970601264e-05,36.44771036183413,2,True,62,62,1.0,1,1,0.06511168294351553,0.009107717642208073
85,42,response_tables/trial_00042_hard_negative_structure_obs-empirical_prior-axis_edge_orthogonal_rel0p5x.npz,0.5,2,0,16,640,0.0005042156577621526,9.513430225300198e-05,0.2856767976071938,6.799092152999064e-05,23.75989279264052,1,True,56,56,1.0,1,1,0.05106717595515817,0.007568041359108066
85,42,response_tables/trial_00042_hard_negative_structure_obs-empirical_prior-axis_edge_orthogonal_rel0p5x.npz,0.5,3,0,16,640,0.0010960677537322772,9.915292388414954e-05,0.2930285052215078,7.017520759218853e-05,78.53414208003656,0,True,60,60,1.0,1,1,0.08234274521639953,0.010237156290460438
86,43,response_tables/trial_00043_hard_negative_structure_obs-empirical_prior-axis_edge_parallel_rel1x.npz,1.0,0,0,16,640,0.008329145177423669,7.846308374547109e-05,0.4034325536052298,4.720167107731463e-05,28.52084003267918,1,True,77,77,1.0,1,1,0.0633523390373494,0.013754207639870702
86,43,response_tables/trial_00043_hard_negative_structure_obs-empirical_prior-axis_edge_parallel_rel1x.npz,1.0,1,0,16,640,0.0032494083296944476,8.170121126857709e-05,0.4271230530698864,4.69573239917536e-05,77.47256180089127,1,True,63,63,1.0,1,1,0.09009115796472508,0.012911974920973334
86,43,response_tables/trial_00043_hard_negative_structure_obs-empirical_prior-axis_edge_parallel_rel1x.npz,1.0,2,0,16,640,0.005028601373739394,8.632696778990141e-05,0.4338450580653078,4.9121451635664854e-05,40.893785223814255,1,True,66,66,1.0,1,1,0.08082776914354642,0.012374807876476993
86,43,response_tables/trial_00043_hard_negative_structure_obs-empirical_prior-axis_edge_parallel_rel1x.npz,1.0,3,0,16,640,0.002154583182548908,8.444415309786825e-05,0.44978718618281366,4.6562578033955444e-05,135.68364341017127,1,True,65,65,1.0,1,1,0.0903125748825876,0.011600984252347842
87,43,response_tables/trial_00043_hard_negative_structure_obs-empirical_prior-axis_edge_orthogonal_rel1x.npz,1.0,0,0,16,640,0.010897239235015066,0.00011420900877988455,0.35797272488387977,7.413314532046357e-05,18.57577698998753,2,True,72,72,1.0,1,1,0.06380685709451701,0.047955522891942645
87,43,response_tables/trial_00043_hard_negative_structure_obs-empirical_prior-axis_edge_orthogonal_rel1x.npz,1.0,1,0,16,640,0.01339920545660922,0.00011154178734122299,0.3424229485824911,7.434346296429462e-05,52.908941226309096,1,True,62,62,1.0,1,1,0.082004464174549,0.011766316736812938
87,43,response_tables/trial_00043_hard_negative_structure_obs-empirical_prior-axis_edge_orthogonal_rel1x.npz,1.0,2,0,16,640,0.0078870863663556,0.00012919339435527255,0.36297132133219523,8.295416395430431e-05,31.047169956003504,0,True,70,70,1.0,1,1,0.07306659169579365,0.01151853666805112
87,43,response_tables/trial_00043_hard_negative_structure_obs-empirical_prior-axis_edge_orthogonal_rel1x.npz,1.0,3,0,16,640,0.005000822182680054,0.0001595258727130533,0.392422196859637,9.741151696191778e-05,76.70868916335147,1,True,61,61,1.0,1,1,0.07521832839655027,0.010049774229656964
88,44,response_tables/trial_00044_hard_negative_structure_obs-empirical_prior-axis_edge_parallel_rel2x.npz,2.0,0,0,16,640,0.0054063503191976725,0.00011387511143795479,0.28456389202009214,8.19132180756384e-05,46.484424605377555,0,True,72,72,1.0,1,1,0.11165545404023351,0.018451441111695718
88,44,response_tables/trial_00044_hard_negative_structure_obs-empirical_prior-axis_edge_parallel_rel2x.npz,2.0,1,0,16,640,0.0018071672264041716,0.00011836350227204251,0.3015719217587889,8.281805950866032e-05,98.76840202676037,0,True,55,55,1.0,1,1,0.1301320906972108,0.018271006276956905
88,44,response_tables/trial_00044_hard_negative_structure_obs-empirical_prior-axis_edge_parallel_rel2x.npz,2.0,2,0,16,640,0.0025346821628601246,0.00012542703454115133,0.2930633624214365,8.889428481808046e-05,54.885919525091026,1,True,66,66,1.0,1,1,0.12334878696983158,0.018251915834603748
88,44,response_tables/trial_00044_hard_negative_structure_obs-empirical_prior-axis_edge_parallel_rel2x.npz,2.0,3,0,16,640,0.003464052030846654,0.00013461499571873912,0.26125713015235463,9.97915513880369e-05,147.44080751108385,0,True,68,68,1.0,1,1,0.1520504195211451,0.01971632879729963
89,44,response_tables/trial_00044_hard_negative_structure_obs-empirical_prior-axis_edge_orthogonal_rel2x.npz,2.0,0,0,16,640,0.005908667292378156,0.00019526531931507926,0.25831463004439403,0.00014568624212952432,28.05254398022584,0,True,71,71,1.0,1,1,0.09716715681011805,0.016232260400035385
89,44,response_tables/trial_00044_hard_negative_structure_obs-empirical_prior-axis_edge_orthogonal_rel2x.npz,2.0,1,0,16,640,0.0088004069821489,0.00018821209342466993,0.2591359279016804,0.00014067759806902895,62.55165567994906,1,True,62,62,1.0,1,1,0.11291828006143631,0.016148805090188772
89,44,response_tables/trial_00044_hard_negative_structure_obs-empirical_prior-axis_edge_orthogonal_rel2x.npz,2.0,2,0,16,640,0.0044944838051065306,0.0002175690738847067,0.2608630603434535,0.0001615393755423131,38.09955555700784,0,True,62,62,1.0,1,1,0.10593215183506885,0.01612597999605844
89,44,response_tables/trial_00044_hard_negative_structure_obs-empirical_prior-axis_edge_orthogonal_rel2x.npz,2.0,3,0,16,640,0.005725393246547084,0.00025139940025586775,0.2543767507746515,0.00018852863826438363,87.47539824320754,1,True,65,65,1.0,1,1,0.12705388659736405,0.016940056630825918
90,45,response_tables/trial_00045_hard_negative_structure_obs-empirical_prior-axis_edge_parallel_rel0p5x.npz,0.5,0,0,16,640,0.0004322057694886583,3.69465636926136e-05,0.24353023218655712,2.7961043382326752e-05,14.05498122682904,1,True,78,78,1.0,1,1,0.05878263219628496,0.018152780764934116
90,45,response_tables/trial_00045_hard_negative_structure_obs-empirical_prior-axis_edge_parallel_rel0p5x.npz,0.5,1,0,16,640,0.00411318872390154,4.2750777160492036e-05,0.2768384264873577,3.10434066705385e-05,13.652407387475963,1,True,67,67,1.0,1,1,0.03751860555200071,0.01507964882199016
90,45,response_tables/trial_00045_hard_negative_structure_obs-empirical_prior-axis_edge_parallel_rel0p5x.npz,0.5,2,0,16,640,0.002830494221763291,2.9696730676852314e-05,0.26104682487254416,2.2006783498095896e-05,39.586740686145134,2,False,80,80,0.0,1,1,0.059171529457387254,0.04587171007858189
90,45,response_tables/trial_00045_hard_negative_structure_obs-empirical_prior-axis_edge_parallel_rel0p5x.npz,0.5,3,0,16,640,0.004755466513216011,2.3956135313624908e-05,0.28093681647185176,1.7308283888077208e-05,25.744636730144908,2,True,41,41,1.0,1,1,0.047058972127503186,0.0162753299695466
91,45,response_tables/trial_00045_hard_negative_structure_obs-empirical_prior-axis_edge_orthogonal_rel0p5x.npz,0.5,0,0,16,640,0.00035831185148726963,5.4259879555964625e-05,0.21364154614225372,4.268300882205396e-05,10.458971429292765,1,True,76,76,1.0,1,1,0.05346966669721008,0.016870068543571495
91,45,response_tables/trial_00045_hard_negative_structure_obs-empirical_prior-axis_edge_orthogonal_rel0p5x.npz,0.5,1,0,16,640,0.0023691531229181884,7.243062107279295e-05,0.21124357895967527,5.7265788873650473e-05,7.587060976435488,1,True,72,72,1.0,1,1,0.036902202660721584,0.013961194660832411
91,45,response_tables/trial_00045_hard_negative_structure_obs-empirical_prior-axis_edge_orthogonal_rel0p5x.npz,0.5,2,0,16,640,0.0026592657600833514,3.229565826245557e-05,0.2220830016179871,2.5190329316537386e-05,34.79424498331239,0,False,80,80,0.0,1,1,0.05983028491298197,0.01540680998752613
91,45,response_tables/trial_00045_hard_negative_structure_obs-empirical_prior-axis_edge_orthogonal_rel0p5x.npz,0.5,3,0,16,640,0.0019421594664751352,7.062391996918768e-05,0.18988557823722418,5.7324789971966784e-05,9.320144102079972,1,True,64,64,1.0,1,1,0.040017727815347695,0.013483116441203827
92,46,response_tables/trial_00046_hard_negative_structure_obs-empirical_prior-axis_edge_parallel_rel1x.npz,1.0,0,0,16,640,0.0010585651721058964,6.942498848711394e-05,0.3322210928533531,4.640967060154119e-05,39.12008649908941,0,True,69,69,1.0,1,1,0.08980729589289915,0.024525874963095176
92,46,response_tables/trial_00046_hard_negative_structure_obs-empirical_prior-axis_edge_parallel_rel1x.npz,1.0,1,0,16,640,0.0014594278736370647,7.844826682100792e-05,0.35496983695597994,5.067545551035659e-05,44.31203175498915,0,True,73,73,1.0,1,1,0.07575766813059812,0.01796796907325468
92,46,response_tables/trial_00046_hard_negative_structure_obs-empirical_prior-axis_edge_parallel_rel1x.npz,1.0,2,0,16,640,0.0025084445026036795,5.954018021073253e-05,0.35297262726385936,3.862100502171838e-05,67.56307218917142,1,False,80,80,0.0,1,1,0.08990260137946779,0.01932703904490199
92,46,response_tables/trial_00046_hard_negative_structure_obs-empirical_prior-axis_edge_parallel_rel1x.npz,1.0,3,0,16,640,0.00240703179694457,4.81918926640202e-05,0.4087917810098016,2.8560188313058446e-05,82.29788713762278,0,True,68,68,1.0,1,1,0.07966998401247756,0.01791636373480311
93,46,response_tables/trial_00046_hard_negative_structure_obs-empirical_prior-axis_edge_orthogonal_rel1x.npz,1.0,0,0,16,640,0.003691046285284827,0.00010109014358673594,0.335599906719655,6.74131257963007e-05,23.147077270161414,1,False,80,80,0.0,1,1,0.07831463738835612,0.022025331422990176
93,46,response_tables/trial_00046_hard_negative_structure_obs-empirical_prior-axis_edge_orthogonal_rel1x.npz,1.0,1,0,16,640,0.0007728592413374091,0.0001243572540130306,0.31788713611451014,8.489129169906231e-05,25.63100169887778,2,False,80,80,0.0,1,1,0.06894176400047122,0.016313434144342154
93,46,response_tables/trial_00046_hard_negative_structure_obs-empirical_prior-axis_edge_orthogonal_rel1x.npz,1.0,2,0,16,640,0.0022313203399787485,7.369036176010482e-05,0.32424756622296713,4.9907801598130364e-05,62.445231414249974,1,False,80,80,0.0,1,1,0.08744498672863996,0.018860046055199444
93,46,response_tables/trial_00046_hard_negative_structure_obs-empirical_prior-axis_edge_orthogonal_rel1x.npz,1.0,3,0,16,640,0.0009463118316962449,0.00011483672703497988,0.3300160901229139,7.701163639908625e-05,32.079735978381635,2,True,63,63,1.0,1,1,0.06619381539875734,0.015163905017498404
94,47,response_tables/trial_00047_hard_negative_structure_obs-empirical_prior-axis_edge_parallel_rel2x.npz,2.0,0,0,16,640,7.065106147685629e-05,0.0001338808231656182,0.27080986808042473,9.763147287283048e-05,63.60558755104868,0,True,70,70,1.0,1,1,0.1323385765030769,0.02818136060882957
94,47,response_tables/trial_00047_hard_negative_structure_obs-empirical_prior-axis_edge_parallel_rel2x.npz,2.0,1,0,16,640,0.00026723256110705584,0.00015466875325001881,0.26822685566776827,0.00011321269401388351,82.08256276344574,0,True,50,50,1.0,1,1,0.13456321521312375,0.021905290887562878
94,47,response_tables/trial_00047_hard_negative_structure_obs-empirical_prior-axis_edge_parallel_rel2x.npz,2.0,2,0,16,640,0.00022443757118439933,0.00012555271802612965,0.25662606622824635,9.335356994331922e-05,85.32348115575297,1,True,78,78,1.0,1,1,0.14183137316181726,0.023310879149650247
94,47,response_tables/trial_00047_hard_negative_structure_obs-empirical_prior-axis_edge_parallel_rel2x.npz,2.0,3,0,16,640,0.0010264102138610731,8.751346064607257e-05,0.275625843644852,6.345762277738432e-05,140.92240952750075,1,True,60,60,1.0,1,1,0.1390027462202377,0.022058801368983583
95,47,response_tables/trial_00047_hard_negative_structure_obs-empirical_prior-axis_edge_orthogonal_rel2x.npz,2.0,0,0,16,640,0.0001915603399649246,0.00018036759890558213,0.26322061491891313,0.00013291659015740446,42.82563660608722,1,True,74,74,1.0,1,1,0.12248624862246921,0.026235836689557812
95,47,response_tables/trial_00047_hard_negative_structure_obs-empirical_prior-axis_edge_orthogonal_rel2x.npz,2.0,1,0,16,640,0.0003256974697886106,0.0001981136480888715,0.2615365598217382,0.00014634735107592927,50.87398155751134,1,True,69,69,1.0,1,1,0.10992379158103464,0.01866415770836899
95,47,response_tables/trial_00047_hard_negative_structure_obs-empirical_prior-axis_edge_orthogonal_rel2x.npz,2.0,2,0,16,640,0.00021746848144943431,0.00014263778421365081,0.24265759867633174,0.0001080491392980986,76.13939467183276,0,True,59,59,1.0,1,1,0.1396959010470789,0.02292934166375879
95,47,response_tables/trial_00047_hard_negative_structure_obs-empirical_prior-axis_edge_orthogonal_rel2x.npz,2.0,3,0,16,640,0.00036858294900921074,0.00019267211306631625,0.2631759633477453,0.00014201778943548468,58.22478695015177,0,True,45,45,1.0,1,1,0.11041822615522863,0.017793897939424257
