trial_id,response_cache_path,prior_family,prior_scale,poly_model,degree,include_intercept,n_candidates,n_trajectories,n_timebins,basis_dim,ridge,mean_cv_r2_energy,median_cv_r2_energy,mean_train_r2_energy,median_coef_s2_over_s1,median_coef_s3_over_s1
0,response_tables/trial_00000_hard_negative_structure_obs-empirical_prior-axis_edge_parallel_rel0p5x.npz,axis_edge_parallel,0.5,linear,1,False,4,16,40,10,0.0001,-0.0022029922808654567,-0.0022503501907570334,0.004244653079837735,7.282897390129842e-05,
0,response_tables/trial_00000_hard_negative_structure_obs-empirical_prior-axis_edge_parallel_rel0p5x.npz,axis_edge_parallel,0.5,quadratic,2,False,4,16,40,10,0.0001,0.5771096852933789,0.5706899541604735,0.587418318126916,0.0022012080265546314,3.952818728207452e-07
0,response_tables/trial_00000_hard_negative_structure_obs-empirical_prior-axis_edge_parallel_rel0p5x.npz,axis_edge_parallel,0.5,cubic,3,False,4,16,40,10,0.0001,0.5788125913962416,0.5726082580318272,0.591793665860654,0.08641905814950834,0.0014680900107033213
0,response_tables/trial_00000_hard_negative_structure_obs-empirical_prior-axis_edge_parallel_rel0p5x.npz,axis_edge_parallel,0.5,affine_linear,1,True,4,16,40,10,0.0001,0.3191351510027117,0.32354425051091973,0.3859235979785947,0.09267299682852342,5.7351743361978554e-05
0,response_tables/trial_00000_hard_negative_structure_obs-empirical_prior-axis_edge_parallel_rel0p5x.npz,axis_edge_parallel,0.5,affine_quadratic,2,True,4,16,40,10,0.0001,0.6758821599647404,0.6724924775382755,0.6974473866829292,0.0031728514782352947,0.0005916015558319017
0,response_tables/trial_00000_hard_negative_structure_obs-empirical_prior-axis_edge_orthogonal_rel0p5x.npz,axis_edge_orthogonal,0.5,linear,1,False,4,16,40,10,0.0001,-0.0006877423090909662,0.0001972018072720072,0.005570858490613229,4.400501596058037e-05,
0,response_tables/trial_00000_hard_negative_structure_obs-empirical_prior-axis_edge_orthogonal_rel0p5x.npz,axis_edge_orthogonal,0.5,quadratic,2,False,4,16,40,10,0.0001,0.56649897493862,0.5658357188039222,0.5734431134220708,0.001390479538300937,3.642367799058281e-07
0,response_tables/trial_00000_hard_negative_structure_obs-empirical_prior-axis_edge_orthogonal_rel0p5x.npz,axis_edge_orthogonal,0.5,cubic,3,False,4,16,40,10,0.0001,0.5679622922364649,0.5684433245440997,0.5771695296135804,0.059958550790926365,0.0012063170982411437
0,response_tables/trial_00000_hard_negative_structure_obs-empirical_prior-axis_edge_orthogonal_rel0p5x.npz,axis_edge_orthogonal,0.5,affine_linear,1,True,4,16,40,10,0.0001,0.35399379664681524,0.32920230164812797,0.4086610766020604,0.06013788713283583,3.940818923077501e-05
0,response_tables/trial_00000_hard_negative_structure_obs-empirical_prior-axis_edge_orthogonal_rel0p5x.npz,axis_edge_orthogonal,0.5,affine_quadratic,2,True,4,16,40,10,0.0001,0.6827611956113369,0.6708688083609525,0.7002554342486907,0.0018477699177790598,0.0005864968511191787
1,response_tables/trial_00001_hard_negative_structure_obs-empirical_prior-axis_edge_parallel_rel1x.npz,axis_edge_parallel,1.0,linear,1,False,4,16,40,10,0.0001,-0.0037624396611142252,-0.00429772991729227,0.006906172006886729,9.78162183107823e-05,
1,response_tables/trial_00001_hard_negative_structure_obs-empirical_prior-axis_edge_parallel_rel1x.npz,axis_edge_parallel,1.0,quadratic,2,False,4,16,40,10,0.0001,0.3808076737138397,0.38215934084410313,0.40161285527277124,0.007941977422659601,7.317984830945579e-07
1,response_tables/trial_00001_hard_negative_structure_obs-empirical_prior-axis_edge_parallel_rel1x.npz,axis_edge_parallel,1.0,cubic,3,False,4,16,40,10,0.0001,0.3736739156707749,0.38054141840118366,0.4101605808365397,0.14655892977148172,0.0016680094306472152
1,response_tables/trial_00001_hard_negative_structure_obs-empirical_prior-axis_edge_parallel_rel1x.npz,axis_edge_parallel,1.0,affine_linear,1,True,4,16,40,10,0.0001,0.6600394511475158,0.6584162566358382,0.6829341890620161,0.23457796151931143,2.9391316599356503e-05
1,response_tables/trial_00001_hard_negative_structure_obs-empirical_prior-axis_edge_parallel_rel1x.npz,axis_edge_parallel,1.0,affine_quadratic,2,True,4,16,40,10,0.0001,0.708360253946714,0.7093832457263365,0.727993318505132,0.019004890344655807,0.0061906343472965635
1,response_tables/trial_00001_hard_negative_structure_obs-empirical_prior-axis_edge_orthogonal_rel1x.npz,axis_edge_orthogonal,1.0,linear,1,False,4,16,40,10,0.0001,-0.0027680932561916505,-0.0012894144952697584,0.007968936264718451,5.334270687582248e-05,
1,response_tables/trial_00001_hard_negative_structure_obs-empirical_prior-axis_edge_orthogonal_rel1x.npz,axis_edge_orthogonal,1.0,quadratic,2,False,4,16,40,10,0.0001,0.37327223594464065,0.38362185071973537,0.3964264030054808,0.0047534829058590074,6.350643820225326e-07
1,response_tables/trial_00001_hard_negative_structure_obs-empirical_prior-axis_edge_orthogonal_rel1x.npz,axis_edge_orthogonal,1.0,cubic,3,False,4,16,40,10,0.0001,0.366382442263647,0.3826881564632641,0.4060137011584296,0.08565931066222951,0.0012412423282092918
1,response_tables/trial_00001_hard_negative_structure_obs-empirical_prior-axis_edge_orthogonal_rel1x.npz,axis_edge_orthogonal,1.0,affine_linear,1,True,4,16,40,10,0.0001,0.670907057606076,0.6562595306874175,0.6924315911474099,0.13391417750075807,2.668772140116966e-05
1,response_tables/trial_00001_hard_negative_structure_obs-empirical_prior-axis_edge_orthogonal_rel1x.npz,axis_edge_orthogonal,1.0,affine_quadratic,2,True,4,16,40,10,0.0001,0.7149214267740995,0.7047512482450564,0.7340756054379715,0.009819596314168753,0.005327901974644892
2,response_tables/trial_00002_hard_negative_structure_obs-empirical_prior-axis_edge_parallel_rel2x.npz,axis_edge_parallel,2.0,linear,1,False,4,16,40,10,0.0001,0.003905425064864382,0.0037338119116713253,0.0051292215647367745,0.00013025579880936207,
2,response_tables/trial_00002_hard_negative_structure_obs-empirical_prior-axis_edge_parallel_rel2x.npz,axis_edge_parallel,2.0,quadratic,2,False,4,16,40,10,0.0001,0.4702628899256633,0.47792278292235846,0.4827505146956722,0.0037596877392505742,9.490698394057886e-07
2,response_tables/trial_00002_hard_negative_structure_obs-empirical_prior-axis_edge_parallel_rel2x.npz,axis_edge_parallel,2.0,cubic,3,False,4,16,40,10,0.0001,0.47070904382203227,0.47874634027534746,0.4840043750775789,0.09894764966526762,0.002326155496179417
2,response_tables/trial_00002_hard_negative_structure_obs-empirical_prior-axis_edge_parallel_rel2x.npz,axis_edge_parallel,2.0,affine_linear,1,True,4,16,40,10,0.0001,0.8200790241232863,0.8193694645656291,0.8294027167383375,0.15545896723787828,4.624371054058217e-05
2,response_tables/trial_00002_hard_negative_structure_obs-empirical_prior-axis_edge_parallel_rel2x.npz,axis_edge_parallel,2.0,affine_quadratic,2,True,4,16,40,10,0.0001,0.8349465276687948,0.8366352327644184,0.8429142432881043,0.020184283005880856,0.012211642281934419
2,response_tables/trial_00002_hard_negative_structure_obs-empirical_prior-axis_edge_orthogonal_rel2x.npz,axis_edge_orthogonal,2.0,linear,1,False,4,16,40,10,0.0001,0.002820100666925479,0.0024478584716546292,0.004289707004328652,9.983307074017453e-05,
2,response_tables/trial_00002_hard_negative_structure_obs-empirical_prior-axis_edge_orthogonal_rel2x.npz,axis_edge_orthogonal,2.0,quadratic,2,False,4,16,40,10,0.0001,0.46347031504661823,0.4668045674776675,0.47464904763853627,0.003217425796131045,1.1600833361958688e-06
2,response_tables/trial_00002_hard_negative_structure_obs-empirical_prior-axis_edge_orthogonal_rel2x.npz,axis_edge_orthogonal,2.0,cubic,3,False,4,16,40,10,0.0001,0.4638044202277487,0.4677743155800979,0.4759094579016414,0.09805457206962301,0.0020278583956711603
2,response_tables/trial_00002_hard_negative_structure_obs-empirical_prior-axis_edge_orthogonal_rel2x.npz,axis_edge_orthogonal,2.0,affine_linear,1,True,4,16,40,10,0.0001,0.831125293477544,0.8283346263189029,0.8391790508820962,0.13750011788507893,5.656676027834042e-05
2,response_tables/trial_00002_hard_negative_structure_obs-empirical_prior-axis_edge_orthogonal_rel2x.npz,axis_edge_orthogonal,2.0,affine_quadratic,2,True,4,16,40,10,0.0001,0.8425215809851301,0.8406316075853064,0.8500096416881483,0.02293654459817096,0.008514865169179694
3,response_tables/trial_00003_hard_negative_structure_obs-empirical_prior-axis_edge_parallel_rel0p5x.npz,axis_edge_parallel,0.5,linear,1,False,4,16,40,10,0.0001,-0.01403835196484815,-0.01487315373928566,0.0019253802592515135,4.9694145134667395e-06,
3,response_tables/trial_00003_hard_negative_structure_obs-empirical_prior-axis_edge_parallel_rel0p5x.npz,axis_edge_parallel,0.5,quadratic,2,False,4,16,40,10,0.0001,-0.6483590189788742,-0.4504953083822322,0.33682123270994496,0.0034385439337000345,2.610430408016528e-08
3,response_tables/trial_00003_hard_negative_structure_obs-empirical_prior-axis_edge_parallel_rel0p5x.npz,axis_edge_parallel,0.5,cubic,3,False,4,16,40,10,0.0001,-0.6510961210224266,-0.4497529324112427,0.38735271502001717,0.043843382172833865,0.0013148485600661887
3,response_tables/trial_00003_hard_negative_structure_obs-empirical_prior-axis_edge_parallel_rel0p5x.npz,axis_edge_parallel,0.5,affine_linear,1,True,4,16,40,10,0.0001,0.34588620676219406,0.34211929439816224,0.3883769421450466,0.2741025451590516,2.8063952056322697e-06
3,response_tables/trial_00003_hard_negative_structure_obs-empirical_prior-axis_edge_parallel_rel0p5x.npz,axis_edge_parallel,0.5,affine_quadratic,2,True,4,16,40,10,0.0001,0.367810436753104,0.4149438786536824,0.5663348013763414,0.004964751830544782,0.002240234368768605
3,response_tables/trial_00003_hard_negative_structure_obs-empirical_prior-axis_edge_orthogonal_rel0p5x.npz,axis_edge_orthogonal,0.5,linear,1,False,4,16,40,10,0.0001,-0.017097764834609674,-0.014209663285078333,0.0016853735322406027,7.043543764814455e-06,
3,response_tables/trial_00003_hard_negative_structure_obs-empirical_prior-axis_edge_orthogonal_rel0p5x.npz,axis_edge_orthogonal,0.5,quadratic,2,False,4,16,40,10,0.0001,-0.8147771857648445,-0.7825682947310035,0.2983057653718829,0.003606525640727128,1.7251448154590832e-08
3,response_tables/trial_00003_hard_negative_structure_obs-empirical_prior-axis_edge_orthogonal_rel0p5x.npz,axis_edge_orthogonal,0.5,cubic,3,False,4,16,40,10,0.0001,-0.8095786005499617,-0.7789382029700755,0.35017945729107036,0.04698732374286999,0.0010663011533249426
3,response_tables/trial_00003_hard_negative_structure_obs-empirical_prior-axis_edge_orthogonal_rel0p5x.npz,axis_edge_orthogonal,0.5,affine_linear,1,True,4,16,40,10,0.0001,0.4601236711456603,0.4945934704467214,0.4989234608293666,0.18805548419734625,4.269624616593289e-06
3,response_tables/trial_00003_hard_negative_structure_obs-empirical_prior-axis_edge_orthogonal_rel0p5x.npz,axis_edge_orthogonal,0.5,affine_quadratic,2,True,4,16,40,10,0.0001,0.49237780444452794,0.5404286920395718,0.6312680457720046,0.00715705601811043,0.002704530346262726
4,response_tables/trial_00004_hard_negative_structure_obs-empirical_prior-axis_edge_parallel_rel1x.npz,axis_edge_parallel,1.0,linear,1,False,4,16,40,10,0.0001,-0.006956673051483009,-0.002924613791534414,0.004414974310682662,4.286352391830964e-06,
4,response_tables/trial_00004_hard_negative_structure_obs-empirical_prior-axis_edge_parallel_rel1x.npz,axis_edge_parallel,1.0,quadratic,2,False,4,16,40,10,0.0001,0.2718539784200563,0.27757909765613237,0.31947428676710193,0.004027767108916509,7.570519902278759e-08
4,response_tables/trial_00004_hard_negative_structure_obs-empirical_prior-axis_edge_parallel_rel1x.npz,axis_edge_parallel,1.0,cubic,3,False,4,16,40,10,0.0001,0.11602890563458781,0.20289400944373243,0.33114357713314335,0.05666980324754019,0.001223839484713267
4,response_tables/trial_00004_hard_negative_structure_obs-empirical_prior-axis_edge_parallel_rel1x.npz,axis_edge_parallel,1.0,affine_linear,1,True,4,16,40,10,0.0001,0.628710424365033,0.6304828104274649,0.6639705943926363,0.13628069802009024,3.220407752059952e-06
4,response_tables/trial_00004_hard_negative_structure_obs-empirical_prior-axis_edge_parallel_rel1x.npz,axis_edge_parallel,1.0,affine_quadratic,2,True,4,16,40,10,0.0001,0.690695060067213,0.6881085265632864,0.7138700191289331,0.009915251582721996,0.006043392833251898
4,response_tables/trial_00004_hard_negative_structure_obs-empirical_prior-axis_edge_orthogonal_rel1x.npz,axis_edge_orthogonal,1.0,linear,1,False,4,16,40,10,0.0001,-0.008509074825920337,-0.002659837961199174,0.0037702832791868812,5.039482731861921e-06,
4,response_tables/trial_00004_hard_negative_structure_obs-empirical_prior-axis_edge_orthogonal_rel1x.npz,axis_edge_orthogonal,1.0,quadratic,2,False,4,16,40,10,0.0001,0.23738926642180708,0.2356939797679563,0.2906276051410953,0.0037671425483339427,8.533758930546741e-08
4,response_tables/trial_00004_hard_negative_structure_obs-empirical_prior-axis_edge_orthogonal_rel1x.npz,axis_edge_orthogonal,1.0,cubic,3,False,4,16,40,10,0.0001,0.08090173797867875,0.15772444343395908,0.30527872305996906,0.05202238157235666,0.0014049501286355816
4,response_tables/trial_00004_hard_negative_structure_obs-empirical_prior-axis_edge_orthogonal_rel1x.npz,axis_edge_orthogonal,1.0,affine_linear,1,True,4,16,40,10,0.0001,0.7093414983296387,0.7444936735357174,0.7374043032373139,0.13967530544256893,3.3019797317661194e-06
4,response_tables/trial_00004_hard_negative_structure_obs-empirical_prior-axis_edge_orthogonal_rel1x.npz,axis_edge_orthogonal,1.0,affine_quadratic,2,True,4,16,40,10,0.0001,0.7433403280643253,0.7742939937860794,0.769550714405892,0.01907142308196441,0.0070080925715520215
5,response_tables/trial_00005_hard_negative_structure_obs-empirical_prior-axis_edge_parallel_rel2x.npz,axis_edge_parallel,2.0,linear,1,False,4,16,40,10,0.0001,0.004060552972459969,0.004273624450222335,0.005818303034141076,1.6044631482127637e-05,
5,response_tables/trial_00005_hard_negative_structure_obs-empirical_prior-axis_edge_parallel_rel2x.npz,axis_edge_parallel,2.0,quadratic,2,False,4,16,40,10,0.0001,-0.9188903285533065,-0.9446309573344263,0.150191346843088,0.01141216665657869,2.5734835008534324e-07
5,response_tables/trial_00005_hard_negative_structure_obs-empirical_prior-axis_edge_parallel_rel2x.npz,axis_edge_parallel,2.0,cubic,3,False,4,16,40,10,0.0001,-7.54691612949536,-7.747581241002606,0.3753377741815289,0.0035368876187745913,0.0008956404677261766
5,response_tables/trial_00005_hard_negative_structure_obs-empirical_prior-axis_edge_parallel_rel2x.npz,axis_edge_parallel,2.0,affine_linear,1,True,4,16,40,10,0.0001,0.8360354642260351,0.8327475538178313,0.8408440257503642,0.14405999468790914,3.515613036599635e-06
5,response_tables/trial_00005_hard_negative_structure_obs-empirical_prior-axis_edge_parallel_rel2x.npz,axis_edge_parallel,2.0,affine_quadratic,2,True,4,16,40,10,0.0001,0.814815825408495,0.8128880502144367,0.8421042190514905,0.14952815561627675,0.04539626729006156
5,response_tables/trial_00005_hard_negative_structure_obs-empirical_prior-axis_edge_orthogonal_rel2x.npz,axis_edge_orthogonal,2.0,linear,1,False,4,16,40,10,0.0001,0.003951299776224937,0.0027728950223906423,0.005743852062790433,1.9625095748929492e-05,
5,response_tables/trial_00005_hard_negative_structure_obs-empirical_prior-axis_edge_orthogonal_rel2x.npz,axis_edge_orthogonal,2.0,quadratic,2,False,4,16,40,10,0.0001,-0.9339123723416568,-0.9935417458332169,0.14427984897433724,0.010060661715136724,2.5704827511341e-07
5,response_tables/trial_00005_hard_negative_structure_obs-empirical_prior-axis_edge_orthogonal_rel2x.npz,axis_edge_orthogonal,2.0,cubic,3,False,4,16,40,10,0.0001,-7.856948495410269,-8.060082954772195,0.35355860614554524,0.00374743466168213,0.001573988750963561
5,response_tables/trial_00005_hard_negative_structure_obs-empirical_prior-axis_edge_orthogonal_rel2x.npz,axis_edge_orthogonal,2.0,affine_linear,1,True,4,16,40,10,0.0001,0.8731473578287533,0.8855073157200544,0.876591402534203,0.12433591003107118,3.399198756914909e-06
5,response_tables/trial_00005_hard_negative_structure_obs-empirical_prior-axis_edge_orthogonal_rel2x.npz,axis_edge_orthogonal,2.0,affine_quadratic,2,True,4,16,40,10,0.0001,0.863792704432403,0.8765511525764857,0.8770320502980976,0.3097306927694593,0.052321310031218024
6,response_tables/trial_00006_hard_negative_structure_obs-empirical_prior-axis_edge_parallel_rel0p5x.npz,axis_edge_parallel,0.5,linear,1,False,4,16,40,10,0.0001,-0.0026263968996933784,-0.001861985150309442,0.002352854934622506,3.7567094386494634e-05,
6,response_tables/trial_00006_hard_negative_structure_obs-empirical_prior-axis_edge_parallel_rel0p5x.npz,axis_edge_parallel,0.5,quadratic,2,False,4,16,40,10,0.0001,-0.3897937693115273,-0.4030140190874456,0.3642576812331674,0.004768947513304535,1.2912036467342076e-07
6,response_tables/trial_00006_hard_negative_structure_obs-empirical_prior-axis_edge_parallel_rel0p5x.npz,axis_edge_parallel,0.5,cubic,3,False,4,16,40,10,0.0001,-0.4511233669836234,-0.4814028552783195,0.49780520397025374,0.025922109973301737,0.0011147646915065945
6,response_tables/trial_00006_hard_negative_structure_obs-empirical_prior-axis_edge_parallel_rel0p5x.npz,axis_edge_parallel,0.5,affine_linear,1,True,4,16,40,10,0.0001,0.40106971995816393,0.4410575879418367,0.450173652907919,0.2746210366947548,1.3899345005712501e-05
6,response_tables/trial_00006_hard_negative_structure_obs-empirical_prior-axis_edge_parallel_rel0p5x.npz,axis_edge_parallel,0.5,affine_quadratic,2,True,4,16,40,10,0.0001,0.15475311067547,0.19257412581199046,0.5876655093200716,0.007507282302244006,0.0016295666306751942
6,response_tables/trial_00006_hard_negative_structure_obs-empirical_prior-axis_edge_orthogonal_rel0p5x.npz,axis_edge_orthogonal,0.5,linear,1,False,4,16,40,10,0.0001,0.0011205484745544503,-0.00028389505623727107,0.004700646868045638,8.237959514423003e-05,
6,response_tables/trial_00006_hard_negative_structure_obs-empirical_prior-axis_edge_orthogonal_rel0p5x.npz,axis_edge_orthogonal,0.5,quadratic,2,False,4,16,40,10,0.0001,-0.650207690036881,-0.7199659604499976,0.28674390353237883,0.010684027682480819,1.2154869635008815e-07
6,response_tables/trial_00006_hard_negative_structure_obs-empirical_prior-axis_edge_orthogonal_rel0p5x.npz,axis_edge_orthogonal,0.5,cubic,3,False,4,16,40,10,0.0001,-0.7541824671538302,-0.8365375052086642,0.4104311891018761,0.022992473824433486,0.0005869082596129798
6,response_tables/trial_00006_hard_negative_structure_obs-empirical_prior-axis_edge_orthogonal_rel0p5x.npz,axis_edge_orthogonal,0.5,affine_linear,1,True,4,16,40,10,0.0001,0.44494419585376477,0.45830129398135183,0.48706934071614455,0.2820529667813807,1.4147515430835732e-05
6,response_tables/trial_00006_hard_negative_structure_obs-empirical_prior-axis_edge_orthogonal_rel0p5x.npz,axis_edge_orthogonal,0.5,affine_quadratic,2,True,4,16,40,10,0.0001,0.012561413578285469,0.012049078831332105,0.5672801637329622,0.01932654440862524,0.00219345837416071
7,response_tables/trial_00007_hard_negative_structure_obs-empirical_prior-axis_edge_parallel_rel1x.npz,axis_edge_parallel,1.0,linear,1,False,4,16,40,10,0.0001,-0.006198726236617436,-0.004463768922485456,0.0029124375247918943,4.868555447290932e-05,
7,response_tables/trial_00007_hard_negative_structure_obs-empirical_prior-axis_edge_parallel_rel1x.npz,axis_edge_parallel,1.0,quadratic,2,False,4,16,40,10,0.0001,0.38458112337724204,0.38564538553634753,0.41584170083973115,0.006484496575903081,3.417878531602438e-07
7,response_tables/trial_00007_hard_negative_structure_obs-empirical_prior-axis_edge_parallel_rel1x.npz,axis_edge_parallel,1.0,cubic,3,False,4,16,40,10,0.0001,0.362808512625452,0.35845907433494256,0.42885452542568003,0.07768511289731957,0.00414474234519072
7,response_tables/trial_00007_hard_negative_structure_obs-empirical_prior-axis_edge_parallel_rel1x.npz,axis_edge_parallel,1.0,affine_linear,1,True,4,16,40,10,0.0001,0.5574458423265614,0.6179453957799536,0.578587399336545,0.4392501842757257,2.4461147973820407e-05
7,response_tables/trial_00007_hard_negative_structure_obs-empirical_prior-axis_edge_parallel_rel1x.npz,axis_edge_parallel,1.0,affine_quadratic,2,True,4,16,40,10,0.0001,0.6651552209440258,0.702803650275118,0.6912238055301584,0.012808413035022661,0.004188524883300413
7,response_tables/trial_00007_hard_negative_structure_obs-empirical_prior-axis_edge_orthogonal_rel1x.npz,axis_edge_orthogonal,1.0,linear,1,False,4,16,40,10,0.0001,-0.004963155018774645,-0.004264665761529285,0.003852992862644622,7.57031816100041e-05,
7,response_tables/trial_00007_hard_negative_structure_obs-empirical_prior-axis_edge_orthogonal_rel1x.npz,axis_edge_orthogonal,1.0,quadratic,2,False,4,16,40,10,0.0001,0.2963157893792545,0.29888699187028284,0.3522808335121659,0.003763687499248471,5.398308791983762e-07
7,response_tables/trial_00007_hard_negative_structure_obs-empirical_prior-axis_edge_orthogonal_rel1x.npz,axis_edge_orthogonal,1.0,cubic,3,False,4,16,40,10,0.0001,0.26704834856425513,0.2579717954246013,0.3594551415723121,0.17132825677383048,0.002440869801959784
7,response_tables/trial_00007_hard_negative_structure_obs-empirical_prior-axis_edge_orthogonal_rel1x.npz,axis_edge_orthogonal,1.0,affine_linear,1,True,4,16,40,10,0.0001,0.6060223417846378,0.636416044566963,0.633191340579295,0.19803906613725974,4.0689789746858116e-05
7,response_tables/trial_00007_hard_negative_structure_obs-empirical_prior-axis_edge_orthogonal_rel1x.npz,axis_edge_orthogonal,1.0,affine_quadratic,2,True,4,16,40,10,0.0001,0.6499225530051169,0.6831567831596554,0.6965423031462934,0.00605602922900828,0.003886567164910089
8,response_tables/trial_00008_hard_negative_structure_obs-empirical_prior-axis_edge_parallel_rel2x.npz,axis_edge_parallel,2.0,linear,1,False,4,16,40,10,0.0001,-0.0013885362832714299,-9.07730056308731e-05,0.001756859870876759,0.00011127478630481471,
8,response_tables/trial_00008_hard_negative_structure_obs-empirical_prior-axis_edge_parallel_rel2x.npz,axis_edge_parallel,2.0,quadratic,2,False,4,16,40,10,0.0001,0.3949243797242272,0.39581743260369234,0.402552742373701,0.005355482833934069,2.3917370317816293e-07
8,response_tables/trial_00008_hard_negative_structure_obs-empirical_prior-axis_edge_parallel_rel2x.npz,axis_edge_parallel,2.0,cubic,3,False,4,16,40,10,0.0001,0.39423867596050044,0.3927499269944812,0.4169357660336712,0.059094126269167144,0.0015156974116406058
8,response_tables/trial_00008_hard_negative_structure_obs-empirical_prior-axis_edge_parallel_rel2x.npz,axis_edge_parallel,2.0,affine_linear,1,True,4,16,40,10,0.0001,0.7930920946985864,0.8424636165824754,0.8007688177003845,0.28492686698857217,1.569400147825252e-05
8,response_tables/trial_00008_hard_negative_structure_obs-empirical_prior-axis_edge_parallel_rel2x.npz,axis_edge_parallel,2.0,affine_quadratic,2,True,4,16,40,10,0.0001,0.8046610762941644,0.8460795648961527,0.8127781437049318,0.0569196991507519,0.02451328110670816
8,response_tables/trial_00008_hard_negative_structure_obs-empirical_prior-axis_edge_orthogonal_rel2x.npz,axis_edge_orthogonal,2.0,linear,1,False,4,16,40,10,0.0001,-0.0005499951589273133,-0.000982727024176011,0.0010404593955354313,0.00020003302496058082,
8,response_tables/trial_00008_hard_negative_structure_obs-empirical_prior-axis_edge_orthogonal_rel2x.npz,axis_edge_orthogonal,2.0,quadratic,2,False,4,16,40,10,0.0001,0.3555573732422961,0.35364740554397694,0.3674802260915436,0.003245198958349042,4.004439306283684e-07
8,response_tables/trial_00008_hard_negative_structure_obs-empirical_prior-axis_edge_orthogonal_rel2x.npz,axis_edge_orthogonal,2.0,cubic,3,False,4,16,40,10,0.0001,0.36273231723527116,0.362764925400185,0.3852714595916703,0.03180320168823627,0.0010340641188055528
8,response_tables/trial_00008_hard_negative_structure_obs-empirical_prior-axis_edge_orthogonal_rel2x.npz,axis_edge_orthogonal,2.0,affine_linear,1,True,4,16,40,10,0.0001,0.824346698476297,0.8416886965559791,0.8294768058684157,0.1582298390673902,2.352949651875899e-05
8,response_tables/trial_00008_hard_negative_structure_obs-empirical_prior-axis_edge_orthogonal_rel2x.npz,axis_edge_orthogonal,2.0,affine_quadratic,2,True,4,16,40,10,0.0001,0.8237521884609967,0.8400198599165034,0.8320847057149916,0.11697584745180663,0.033250468734440326
9,response_tables/trial_00009_hard_negative_structure_obs-empirical_prior-axis_edge_parallel_rel0p5x.npz,axis_edge_parallel,0.5,linear,1,False,4,16,40,10,0.0001,-0.0007345885883190129,-0.006447406516629006,0.005780241743460396,0.00020211688411027277,
9,response_tables/trial_00009_hard_negative_structure_obs-empirical_prior-axis_edge_parallel_rel0p5x.npz,axis_edge_parallel,0.5,quadratic,2,False,4,16,40,10,0.0001,0.25570205152528835,0.2578302780749973,0.33351637042438464,0.006054979285804369,6.793645443319893e-07
9,response_tables/trial_00009_hard_negative_structure_obs-empirical_prior-axis_edge_parallel_rel0p5x.npz,axis_edge_parallel,0.5,cubic,3,False,4,16,40,10,0.0001,0.14722639260480533,0.16140764952561132,0.35721702141885336,0.08984033102971602,0.0027967461571980867
9,response_tables/trial_00009_hard_negative_structure_obs-empirical_prior-axis_edge_parallel_rel0p5x.npz,axis_edge_parallel,0.5,affine_linear,1,True,4,16,40,10,0.0001,0.4526521847867281,0.4683517874428324,0.4721965276557562,0.3433758844076437,3.946755011416282e-05
9,response_tables/trial_00009_hard_negative_structure_obs-empirical_prior-axis_edge_parallel_rel0p5x.npz,axis_edge_parallel,0.5,affine_quadratic,2,True,4,16,40,10,0.0001,0.5233787689596652,0.5131599440288419,0.5784139363552037,0.009584582246882896,0.0028886009392112117
9,response_tables/trial_00009_hard_negative_structure_obs-empirical_prior-axis_edge_orthogonal_rel0p5x.npz,axis_edge_orthogonal,0.5,linear,1,False,4,16,40,10,0.0001,-0.0006155835471441107,-0.006274570545114488,0.006351438442668028,0.00014373489276720932,
9,response_tables/trial_00009_hard_negative_structure_obs-empirical_prior-axis_edge_orthogonal_rel0p5x.npz,axis_edge_orthogonal,0.5,quadratic,2,False,4,16,40,10,0.0001,0.22963164633862154,0.23890943648277602,0.3021771170678333,0.010261636697649835,6.614434887354523e-07
9,response_tables/trial_00009_hard_negative_structure_obs-empirical_prior-axis_edge_orthogonal_rel0p5x.npz,axis_edge_orthogonal,0.5,cubic,3,False,4,16,40,10,0.0001,0.1398575552854111,0.1561988141218102,0.3282301149256701,0.11741936499787556,0.002431501253767019
9,response_tables/trial_00009_hard_negative_structure_obs-empirical_prior-axis_edge_orthogonal_rel0p5x.npz,axis_edge_orthogonal,0.5,affine_linear,1,True,4,16,40,10,0.0001,0.4239887104268556,0.413214130142172,0.441365651541194,0.43262272852104566,3.078849173197569e-05
9,response_tables/trial_00009_hard_negative_structure_obs-empirical_prior-axis_edge_orthogonal_rel0p5x.npz,axis_edge_orthogonal,0.5,affine_quadratic,2,True,4,16,40,10,0.0001,0.481108181088033,0.4834998350289636,0.5336164425874685,0.015542876632702506,0.003934071039735201
10,response_tables/trial_00010_hard_negative_structure_obs-empirical_prior-axis_edge_parallel_rel1x.npz,axis_edge_parallel,1.0,linear,1,False,4,16,40,10,0.0001,-0.0008284336894875399,-0.00045165425336990417,0.0004785687546959294,0.00033978039180831217,
10,response_tables/trial_00010_hard_negative_structure_obs-empirical_prior-axis_edge_parallel_rel1x.npz,axis_edge_parallel,1.0,quadratic,2,False,4,16,40,10,0.0001,0.21532187247521445,0.20872268550504297,0.2603112218320458,0.0044110722953699544,5.142040157826978e-07
10,response_tables/trial_00010_hard_negative_structure_obs-empirical_prior-axis_edge_parallel_rel1x.npz,axis_edge_parallel,1.0,cubic,3,False,4,16,40,10,0.0001,0.20511644710669108,0.20353531385342183,0.26922082103793227,0.11743330651335734,0.0021421888608750303
10,response_tables/trial_00010_hard_negative_structure_obs-empirical_prior-axis_edge_parallel_rel1x.npz,axis_edge_parallel,1.0,affine_linear,1,True,4,16,40,10,0.0001,0.6410097109664338,0.6451845361073536,0.6542096748523394,0.24313578735710648,4.3271128865094756e-05
10,response_tables/trial_00010_hard_negative_structure_obs-empirical_prior-axis_edge_parallel_rel1x.npz,axis_edge_parallel,1.0,affine_quadratic,2,True,4,16,40,10,0.0001,0.6739237689471692,0.6801307971299624,0.6944183911849516,0.017074420080668888,0.004443552086352318
10,response_tables/trial_00010_hard_negative_structure_obs-empirical_prior-axis_edge_orthogonal_rel1x.npz,axis_edge_orthogonal,1.0,linear,1,False,4,16,40,10,0.0001,4.9027236178889044e-05,-0.00037574468037437914,0.0013161673631003068,0.0002389090820871219,
10,response_tables/trial_00010_hard_negative_structure_obs-empirical_prior-axis_edge_orthogonal_rel1x.npz,axis_edge_orthogonal,1.0,quadratic,2,False,4,16,40,10,0.0001,0.20360565405808317,0.19914653172770758,0.24962618951631574,0.009443939641740767,4.692785068707956e-07
10,response_tables/trial_00010_hard_negative_structure_obs-empirical_prior-axis_edge_orthogonal_rel1x.npz,axis_edge_orthogonal,1.0,cubic,3,False,4,16,40,10,0.0001,0.19773134199481265,0.1973813557341989,0.2590843118784259,0.24955069279251466,0.0037380633278399685
10,response_tables/trial_00010_hard_negative_structure_obs-empirical_prior-axis_edge_orthogonal_rel1x.npz,axis_edge_orthogonal,1.0,affine_linear,1,True,4,16,40,10,0.0001,0.6090900341161509,0.612770330664628,0.6220586692329085,0.48968106902912195,3.946110174753414e-05
10,response_tables/trial_00010_hard_negative_structure_obs-empirical_prior-axis_edge_orthogonal_rel1x.npz,axis_edge_orthogonal,1.0,affine_quadratic,2,True,4,16,40,10,0.0001,0.6422291380719846,0.6430258225068288,0.6639239321222241,0.027662255423666092,0.008076194140815991
11,response_tables/trial_00011_hard_negative_structure_obs-empirical_prior-axis_edge_parallel_rel2x.npz,axis_edge_parallel,2.0,linear,1,False,4,16,40,10,0.0001,0.002482135010342418,0.004178668452811285,0.004774013481722905,5.3146117158367876e-05,
11,response_tables/trial_00011_hard_negative_structure_obs-empirical_prior-axis_edge_parallel_rel2x.npz,axis_edge_parallel,2.0,quadratic,2,False,4,16,40,10,0.0001,0.3058017543303688,0.30754991668845494,0.32177553001111864,0.006836040583764594,7.804440568808221e-07
11,response_tables/trial_00011_hard_negative_structure_obs-empirical_prior-axis_edge_parallel_rel2x.npz,axis_edge_parallel,2.0,cubic,3,False,4,16,40,10,0.0001,0.2869082474373774,0.2833770988414074,0.32661599952326875,0.10542569158408913,0.004942217423019278
11,response_tables/trial_00011_hard_negative_structure_obs-empirical_prior-axis_edge_parallel_rel2x.npz,axis_edge_parallel,2.0,affine_linear,1,True,4,16,40,10,0.0001,0.8214300272977118,0.8298967517875696,0.8291054259511257,0.2183917497024281,2.2628514702891054e-05
11,response_tables/trial_00011_hard_negative_structure_obs-empirical_prior-axis_edge_parallel_rel2x.npz,axis_edge_parallel,2.0,affine_quadratic,2,True,4,16,40,10,0.0001,0.8216516530183382,0.828475044179336,0.833144644545612,0.13329175991104592,0.0377626336494267
11,response_tables/trial_00011_hard_negative_structure_obs-empirical_prior-axis_edge_orthogonal_rel2x.npz,axis_edge_orthogonal,2.0,linear,1,False,4,16,40,10,0.0001,0.002261084032010058,0.002535458860378814,0.004880524762325145,4.291341244759329e-05,
11,response_tables/trial_00011_hard_negative_structure_obs-empirical_prior-axis_edge_orthogonal_rel2x.npz,axis_edge_orthogonal,2.0,quadratic,2,False,4,16,40,10,0.0001,0.28067353896786773,0.2805620436428018,0.296741640365333,0.010334931113611771,9.77163383706468e-07
11,response_tables/trial_00011_hard_negative_structure_obs-empirical_prior-axis_edge_orthogonal_rel2x.npz,axis_edge_orthogonal,2.0,cubic,3,False,4,16,40,10,0.0001,0.2641962670198091,0.25787651895898756,0.3028201513476454,0.24417072314944205,0.0063730818372252866
11,response_tables/trial_00011_hard_negative_structure_obs-empirical_prior-axis_edge_orthogonal_rel2x.npz,axis_edge_orthogonal,2.0,affine_linear,1,True,4,16,40,10,0.0001,0.7748488319137586,0.7737978256510437,0.7838832418502168,0.2649250671219646,2.889305161442911e-05
11,response_tables/trial_00011_hard_negative_structure_obs-empirical_prior-axis_edge_orthogonal_rel2x.npz,axis_edge_orthogonal,2.0,affine_quadratic,2,True,4,16,40,10,0.0001,0.7754407841377435,0.7746779928516643,0.7891227866533265,0.16716093133550486,0.04117201558258851
12,response_tables/trial_00012_hard_negative_structure_obs-empirical_prior-axis_edge_parallel_rel0p5x.npz,axis_edge_parallel,0.5,linear,1,False,4,16,40,10,0.0001,-0.006657947558707522,-0.006252493000356463,0.003053854597097755,3.796996078410236e-05,
12,response_tables/trial_00012_hard_negative_structure_obs-empirical_prior-axis_edge_parallel_rel0p5x.npz,axis_edge_parallel,0.5,quadratic,2,False,4,16,40,10,0.0001,0.3626621237701346,0.35968216166907035,0.3989579798172929,0.005448566045446201,2.6530554565847163e-07
12,response_tables/trial_00012_hard_negative_structure_obs-empirical_prior-axis_edge_parallel_rel0p5x.npz,axis_edge_parallel,0.5,cubic,3,False,4,16,40,10,0.0001,0.3388483996922909,0.3353556011463087,0.415072398313896,0.0701048806741753,0.0025737743886795218
12,response_tables/trial_00012_hard_negative_structure_obs-empirical_prior-axis_edge_parallel_rel0p5x.npz,axis_edge_parallel,0.5,affine_linear,1,True,4,16,40,10,0.0001,0.37612521091226303,0.3773951676279569,0.4093101467386551,0.31714259052245986,2.1838683936242293e-05
12,response_tables/trial_00012_hard_negative_structure_obs-empirical_prior-axis_edge_parallel_rel0p5x.npz,axis_edge_parallel,0.5,affine_quadratic,2,True,4,16,40,10,0.0001,0.5240581525774098,0.5265835432021373,0.5659260522316235,0.007431880539516838,0.001523350361523906
12,response_tables/trial_00012_hard_negative_structure_obs-empirical_prior-axis_edge_orthogonal_rel0p5x.npz,axis_edge_orthogonal,0.5,linear,1,False,4,16,40,10,0.0001,-0.005363221125491591,-0.00647285364814576,0.002381864092583702,2.6994416205790016e-05,
12,response_tables/trial_00012_hard_negative_structure_obs-empirical_prior-axis_edge_orthogonal_rel0p5x.npz,axis_edge_orthogonal,0.5,quadratic,2,False,4,16,40,10,0.0001,0.2872156330422704,0.2806878496880866,0.344059101671215,0.004271265349148039,1.349108432938047e-07
12,response_tables/trial_00012_hard_negative_structure_obs-empirical_prior-axis_edge_orthogonal_rel0p5x.npz,axis_edge_orthogonal,0.5,cubic,3,False,4,16,40,10,0.0001,0.24686636450747465,0.24438774959826737,0.35635612375248593,0.104051210319927,0.002589952433068747
12,response_tables/trial_00012_hard_negative_structure_obs-empirical_prior-axis_edge_orthogonal_rel0p5x.npz,axis_edge_orthogonal,0.5,affine_linear,1,True,4,16,40,10,0.0001,0.4067822117606235,0.378102853648862,0.43110737699813084,0.2179928462058855,1.4437442107906185e-05
12,response_tables/trial_00012_hard_negative_structure_obs-empirical_prior-axis_edge_orthogonal_rel0p5x.npz,axis_edge_orthogonal,0.5,affine_quadratic,2,True,4,16,40,10,0.0001,0.48830062185329304,0.456777223748579,0.5463824250008655,0.007174920003542445,0.002168501222608204
13,response_tables/trial_00013_hard_negative_structure_obs-empirical_prior-axis_edge_parallel_rel1x.npz,axis_edge_parallel,1.0,linear,1,False,4,16,40,10,0.0001,-0.001067139579019577,-0.0012358727431677208,0.003253755817449022,4.840503383126912e-05,
13,response_tables/trial_00013_hard_negative_structure_obs-empirical_prior-axis_edge_parallel_rel1x.npz,axis_edge_parallel,1.0,quadratic,2,False,4,16,40,10,0.0001,0.07351743113216722,0.07183458518676455,0.23852511881437874,0.007122959283162134,6.627633987851286e-07
13,response_tables/trial_00013_hard_negative_structure_obs-empirical_prior-axis_edge_parallel_rel1x.npz,axis_edge_parallel,1.0,cubic,3,False,4,16,40,10,0.0001,-0.6318930964148748,-0.6540531663973687,0.24680029911892062,0.1778211563272976,0.004652771239224826
13,response_tables/trial_00013_hard_negative_structure_obs-empirical_prior-axis_edge_parallel_rel1x.npz,axis_edge_parallel,1.0,affine_linear,1,True,4,16,40,10,0.0001,0.6584666679637776,0.6494945032806649,0.6842938569369617,0.25122687432133056,2.7806895257668282e-05
13,response_tables/trial_00013_hard_negative_structure_obs-empirical_prior-axis_edge_parallel_rel1x.npz,axis_edge_parallel,1.0,affine_quadratic,2,True,4,16,40,10,0.0001,0.6596343833436009,0.656035589669018,0.7065270692807284,0.020461861572052605,0.01337421442201078
13,response_tables/trial_00013_hard_negative_structure_obs-empirical_prior-axis_edge_orthogonal_rel1x.npz,axis_edge_orthogonal,1.0,linear,1,False,4,16,40,10,0.0001,-0.002645003876420776,-0.0021549785601695515,0.005358351445759885,3.6632808079195556e-05,
13,response_tables/trial_00013_hard_negative_structure_obs-empirical_prior-axis_edge_orthogonal_rel1x.npz,axis_edge_orthogonal,1.0,quadratic,2,False,4,16,40,10,0.0001,0.04925291991041153,0.04818442327575767,0.21028524598235646,0.011294955339895815,8.001830834995875e-07
13,response_tables/trial_00013_hard_negative_structure_obs-empirical_prior-axis_edge_orthogonal_rel1x.npz,axis_edge_orthogonal,1.0,cubic,3,False,4,16,40,10,0.0001,-0.6267175425138913,-0.6197262013887155,0.2177752642751075,0.14977577167698658,0.003595240384712192
13,response_tables/trial_00013_hard_negative_structure_obs-empirical_prior-axis_edge_orthogonal_rel1x.npz,axis_edge_orthogonal,1.0,affine_linear,1,True,4,16,40,10,0.0001,0.6355601774865381,0.5997540092443893,0.6719805908884968,0.24672788293191714,2.9267582621867793e-05
13,response_tables/trial_00013_hard_negative_structure_obs-empirical_prior-axis_edge_orthogonal_rel1x.npz,axis_edge_orthogonal,1.0,affine_quadratic,2,True,4,16,40,10,0.0001,0.6293811087020265,0.597972856127586,0.6866443719500112,0.04952516403860286,0.016444772014847175
14,response_tables/trial_00014_hard_negative_structure_obs-empirical_prior-axis_edge_parallel_rel2x.npz,axis_edge_parallel,2.0,linear,1,False,4,16,40,10,0.0001,-0.0033851465668450487,-0.004998524504645996,0.0021960308229005965,0.00010290748008734779,
14,response_tables/trial_00014_hard_negative_structure_obs-empirical_prior-axis_edge_parallel_rel2x.npz,axis_edge_parallel,2.0,quadratic,2,False,4,16,40,10,0.0001,0.3932556122172952,0.39060684448266964,0.4077520194566323,0.006295658616836233,7.147283613539507e-07
14,response_tables/trial_00014_hard_negative_structure_obs-empirical_prior-axis_edge_parallel_rel2x.npz,axis_edge_parallel,2.0,cubic,3,False,4,16,40,10,0.0001,0.3832419129797511,0.38710306896895624,0.41799685067114706,0.16117363523747907,0.00306854065401473
14,response_tables/trial_00014_hard_negative_structure_obs-empirical_prior-axis_edge_parallel_rel2x.npz,axis_edge_parallel,2.0,affine_linear,1,True,4,16,40,10,0.0001,0.7597022308180903,0.7521814946891587,0.770211958506301,0.28532458908781544,3.179780758121458e-05
14,response_tables/trial_00014_hard_negative_structure_obs-empirical_prior-axis_edge_parallel_rel2x.npz,axis_edge_parallel,2.0,affine_quadratic,2,True,4,16,40,10,0.0001,0.7684778686593776,0.760821164620195,0.778666544479329,0.04974255590430507,0.023259985197902084
14,response_tables/trial_00014_hard_negative_structure_obs-empirical_prior-axis_edge_orthogonal_rel2x.npz,axis_edge_orthogonal,2.0,linear,1,False,4,16,40,10,0.0001,-0.0025943169930927323,-0.003809370355444708,0.0019553856388433988,0.00024856544106966226,
14,response_tables/trial_00014_hard_negative_structure_obs-empirical_prior-axis_edge_orthogonal_rel2x.npz,axis_edge_orthogonal,2.0,quadratic,2,False,4,16,40,10,0.0001,0.3728598357059003,0.3704532407428277,0.3877683770336846,0.0032277105607687387,1.4601787067982926e-06
14,response_tables/trial_00014_hard_negative_structure_obs-empirical_prior-axis_edge_orthogonal_rel2x.npz,axis_edge_orthogonal,2.0,cubic,3,False,4,16,40,10,0.0001,0.3614545100536506,0.36689090133598345,0.39740741940053415,0.1797591465632876,0.002156745810582824
14,response_tables/trial_00014_hard_negative_structure_obs-empirical_prior-axis_edge_orthogonal_rel2x.npz,axis_edge_orthogonal,2.0,affine_linear,1,True,4,16,40,10,0.0001,0.7561906360997332,0.7385560427770388,0.7665145791212757,0.14154565161680846,5.891637914319026e-05
14,response_tables/trial_00014_hard_negative_structure_obs-empirical_prior-axis_edge_orthogonal_rel2x.npz,axis_edge_orthogonal,2.0,affine_quadratic,2,True,4,16,40,10,0.0001,0.7611958315439836,0.7440515988875208,0.771823369589218,0.06670629308443789,0.01336086862253862
15,response_tables/trial_00015_hard_negative_structure_obs-empirical_prior-axis_edge_parallel_rel0p5x.npz,axis_edge_parallel,0.5,linear,1,False,4,16,40,10,0.0001,-0.002348812046081672,-0.0018784697173235276,0.0027300263268234815,8.498905235199695e-05,
15,response_tables/trial_00015_hard_negative_structure_obs-empirical_prior-axis_edge_parallel_rel0p5x.npz,axis_edge_parallel,0.5,quadratic,2,False,4,16,40,10,0.0001,0.21889768540219912,0.18877503312072513,0.35602304383591177,0.00642499726050464,3.914165449835835e-07
15,response_tables/trial_00015_hard_negative_structure_obs-empirical_prior-axis_edge_parallel_rel0p5x.npz,axis_edge_parallel,0.5,cubic,3,False,4,16,40,10,0.0001,0.25352682654463965,0.25599830241326627,0.39307107635493205,0.03385773319685147,0.001982913460257715
15,response_tables/trial_00015_hard_negative_structure_obs-empirical_prior-axis_edge_parallel_rel0p5x.npz,axis_edge_parallel,0.5,affine_linear,1,True,4,16,40,10,0.0001,0.37555230187885036,0.3673621494711343,0.44975175108985643,0.2603593793098493,2.5883269010324138e-05
15,response_tables/trial_00015_hard_negative_structure_obs-empirical_prior-axis_edge_parallel_rel0p5x.npz,axis_edge_parallel,0.5,affine_quadratic,2,True,4,16,40,10,0.0001,0.43228565353068316,0.39679309438107524,0.576905050615226,0.009201611010925415,0.002696012978970107
15,response_tables/trial_00015_hard_negative_structure_obs-empirical_prior-axis_edge_orthogonal_rel0p5x.npz,axis_edge_orthogonal,0.5,linear,1,False,4,16,40,10,0.0001,-0.0026145725680790655,-0.0013209273866485738,0.0018359803549296838,0.00010639445601817987,
15,response_tables/trial_00015_hard_negative_structure_obs-empirical_prior-axis_edge_orthogonal_rel0p5x.npz,axis_edge_orthogonal,0.5,quadratic,2,False,4,16,40,10,0.0001,0.2234186309013285,0.21288555058014785,0.3544643121311023,0.0037831233891413353,4.798968362571689e-07
15,response_tables/trial_00015_hard_negative_structure_obs-empirical_prior-axis_edge_orthogonal_rel0p5x.npz,axis_edge_orthogonal,0.5,cubic,3,False,4,16,40,10,0.0001,0.26649923975483947,0.2288100374124905,0.39088445615391004,0.03845157615724788,0.0012639365756564257
15,response_tables/trial_00015_hard_negative_structure_obs-empirical_prior-axis_edge_orthogonal_rel0p5x.npz,axis_edge_orthogonal,0.5,affine_linear,1,True,4,16,40,10,0.0001,0.4275734388821759,0.43284793332755145,0.4906086563603399,0.22719467919170294,3.746170775580028e-05
15,response_tables/trial_00015_hard_negative_structure_obs-empirical_prior-axis_edge_orthogonal_rel0p5x.npz,axis_edge_orthogonal,0.5,affine_quadratic,2,True,4,16,40,10,0.0001,0.49347527532169055,0.48892426902240765,0.6071209548123753,0.005686369090332313,0.0026522734579761784
16,response_tables/trial_00016_hard_negative_structure_obs-empirical_prior-axis_edge_parallel_rel1x.npz,axis_edge_parallel,1.0,linear,1,False,4,16,40,10,0.0001,-0.003518186871995399,-0.0035608571923138044,0.00181241147859168,0.00014595226845160657,
16,response_tables/trial_00016_hard_negative_structure_obs-empirical_prior-axis_edge_parallel_rel1x.npz,axis_edge_parallel,1.0,quadratic,2,False,4,16,40,10,0.0001,0.38381908995867997,0.41739710689238974,0.4578666132653815,0.0045014999112194054,4.30365139817717e-07
16,response_tables/trial_00016_hard_negative_structure_obs-empirical_prior-axis_edge_parallel_rel1x.npz,axis_edge_parallel,1.0,cubic,3,False,4,16,40,10,0.0001,0.37995298160111063,0.4117319706337157,0.46325482238862514,0.1884628341411181,0.0025892958174573203
16,response_tables/trial_00016_hard_negative_structure_obs-empirical_prior-axis_edge_parallel_rel1x.npz,axis_edge_parallel,1.0,affine_linear,1,True,4,16,40,10,0.0001,0.4759854625180254,0.49125820136629095,0.5872583730729148,0.3515482523562435,5.476597795485857e-05
16,response_tables/trial_00016_hard_negative_structure_obs-empirical_prior-axis_edge_parallel_rel1x.npz,axis_edge_parallel,1.0,affine_quadratic,2,True,4,16,40,10,0.0001,0.560620750335919,0.6197115639062352,0.6995094392233747,0.007506902565533878,0.0033170176164509764
16,response_tables/trial_00016_hard_negative_structure_obs-empirical_prior-axis_edge_orthogonal_rel1x.npz,axis_edge_orthogonal,1.0,linear,1,False,4,16,40,10,0.0001,-0.0033432542055006342,-0.0036539844198577587,0.00164133889962631,0.0003709837813562403,
16,response_tables/trial_00016_hard_negative_structure_obs-empirical_prior-axis_edge_orthogonal_rel1x.npz,axis_edge_orthogonal,1.0,quadratic,2,False,4,16,40,10,0.0001,0.40670256668629445,0.4140393029899806,0.43605811453391596,0.004049419949490242,3.887928834522896e-07
16,response_tables/trial_00016_hard_negative_structure_obs-empirical_prior-axis_edge_orthogonal_rel1x.npz,axis_edge_orthogonal,1.0,cubic,3,False,4,16,40,10,0.0001,0.3916533376495674,0.4056385269093966,0.44128826568539614,0.14901551083697936,0.002730909169843729
16,response_tables/trial_00016_hard_negative_structure_obs-empirical_prior-axis_edge_orthogonal_rel1x.npz,axis_edge_orthogonal,1.0,affine_linear,1,True,4,16,40,10,0.0001,0.6061608655495028,0.6141720850383741,0.6798491048075178,0.4188460888045156,5.510961601521637e-05
16,response_tables/trial_00016_hard_negative_structure_obs-empirical_prior-axis_edge_orthogonal_rel1x.npz,axis_edge_orthogonal,1.0,affine_quadratic,2,True,4,16,40,10,0.0001,0.6750382341927967,0.6774143850943849,0.7531468435398645,0.008108007314831172,0.0033330836510968493
17,response_tables/trial_00017_hard_negative_structure_obs-empirical_prior-axis_edge_parallel_rel2x.npz,axis_edge_parallel,2.0,linear,1,False,4,16,40,10,0.0001,0.000328540767325497,-0.00018981425874531332,0.0020566628476543225,0.00017955277213713432,
17,response_tables/trial_00017_hard_negative_structure_obs-empirical_prior-axis_edge_parallel_rel2x.npz,axis_edge_parallel,2.0,quadratic,2,False,4,16,40,10,0.0001,-0.258757032127672,-0.24177272450424053,0.21291915250043708,0.005690768205644424,1.2713619069280083e-06
17,response_tables/trial_00017_hard_negative_structure_obs-empirical_prior-axis_edge_parallel_rel2x.npz,axis_edge_parallel,2.0,cubic,3,False,4,16,40,10,0.0001,0.16934331267599215,0.23256835211461818,0.40558590068509104,0.005137980361947181,0.001208993838670684
17,response_tables/trial_00017_hard_negative_structure_obs-empirical_prior-axis_edge_parallel_rel2x.npz,axis_edge_parallel,2.0,affine_linear,1,True,4,16,40,10,0.0001,0.7727473264342388,0.8038701806335897,0.7862330493213827,0.14557278445002533,3.357510724477047e-05
17,response_tables/trial_00017_hard_negative_structure_obs-empirical_prior-axis_edge_parallel_rel2x.npz,axis_edge_parallel,2.0,affine_quadratic,2,True,4,16,40,10,0.0001,0.7534063155166579,0.7977410121898791,0.7876256151035088,0.13552056110560304,0.05500196169470031
17,response_tables/trial_00017_hard_negative_structure_obs-empirical_prior-axis_edge_orthogonal_rel2x.npz,axis_edge_orthogonal,2.0,linear,1,False,4,16,40,10,0.0001,-0.000677556984641059,-0.0005616757476668566,0.000783174736258635,0.00023250736103466344,
17,response_tables/trial_00017_hard_negative_structure_obs-empirical_prior-axis_edge_orthogonal_rel2x.npz,axis_edge_orthogonal,2.0,quadratic,2,False,4,16,40,10,0.0001,-0.2732474158361187,-0.25979551966528164,0.21212155227354532,0.0060453388622159114,1.5774040360891978e-06
17,response_tables/trial_00017_hard_negative_structure_obs-empirical_prior-axis_edge_orthogonal_rel2x.npz,axis_edge_orthogonal,2.0,cubic,3,False,4,16,40,10,0.0001,0.1367089853343499,0.18284952110854452,0.4083906489884143,0.003108929871729252,0.001488863184993753
17,response_tables/trial_00017_hard_negative_structure_obs-empirical_prior-axis_edge_orthogonal_rel2x.npz,axis_edge_orthogonal,2.0,affine_linear,1,True,4,16,40,10,0.0001,0.8083815178539655,0.8205870178100554,0.8154852692115524,0.1913675149123349,4.2572434768852225e-05
17,response_tables/trial_00017_hard_negative_structure_obs-empirical_prior-axis_edge_orthogonal_rel2x.npz,axis_edge_orthogonal,2.0,affine_quadratic,2,True,4,16,40,10,0.0001,0.798634127337052,0.8116698091310226,0.8161524498161647,0.2102542540244306,0.08616997883190855
18,response_tables/trial_00018_hard_negative_structure_obs-empirical_prior-axis_edge_parallel_rel0p5x.npz,axis_edge_parallel,0.5,linear,1,False,4,16,40,10,0.0001,0.0017386825492586577,0.0012968270951421723,0.0046207656123154195,0.00022738890549356538,
18,response_tables/trial_00018_hard_negative_structure_obs-empirical_prior-axis_edge_parallel_rel0p5x.npz,axis_edge_parallel,0.5,quadratic,2,False,4,16,40,10,0.0001,0.43975285708039613,0.4572389587864843,0.4964689798173964,0.005690327135325015,4.884110688617141e-07
18,response_tables/trial_00018_hard_negative_structure_obs-empirical_prior-axis_edge_parallel_rel0p5x.npz,axis_edge_parallel,0.5,cubic,3,False,4,16,40,10,0.0001,0.35554441793492986,0.37400177973761195,0.5162381931034318,0.055621154836790206,0.0033161158187011716
18,response_tables/trial_00018_hard_negative_structure_obs-empirical_prior-axis_edge_parallel_rel0p5x.npz,axis_edge_parallel,0.5,affine_linear,1,True,4,16,40,10,0.0001,0.507888710709749,0.5077939929989019,0.5392126522472849,0.26772161032968755,3.8225239632802575e-05
18,response_tables/trial_00018_hard_negative_structure_obs-empirical_prior-axis_edge_parallel_rel0p5x.npz,axis_edge_parallel,0.5,affine_quadratic,2,True,4,16,40,10,0.0001,0.6240169462341353,0.6367473329790657,0.6700958322263861,0.008749630907918905,0.002012791011995208
18,response_tables/trial_00018_hard_negative_structure_obs-empirical_prior-axis_edge_orthogonal_rel0p5x.npz,axis_edge_orthogonal,0.5,linear,1,False,4,16,40,10,0.0001,0.0007822026775356761,0.0010224974477962556,0.003359653884809549,0.00020329724915168237,
18,response_tables/trial_00018_hard_negative_structure_obs-empirical_prior-axis_edge_orthogonal_rel0p5x.npz,axis_edge_orthogonal,0.5,quadratic,2,False,4,16,40,10,0.0001,0.4255288283485614,0.4492313138870429,0.4798936318324392,0.003988024710381586,5.340864430585361e-07
18,response_tables/trial_00018_hard_negative_structure_obs-empirical_prior-axis_edge_orthogonal_rel0p5x.npz,axis_edge_orthogonal,0.5,cubic,3,False,4,16,40,10,0.0001,0.3423596474527957,0.3655618765617086,0.5012042398772709,0.06272081875885699,0.002352517697670163
18,response_tables/trial_00018_hard_negative_structure_obs-empirical_prior-axis_edge_orthogonal_rel0p5x.npz,axis_edge_orthogonal,0.5,affine_linear,1,True,4,16,40,10,0.0001,0.5482421247454938,0.5484531483104816,0.5743009713162067,0.21401112091889582,3.5892893144720266e-05
18,response_tables/trial_00018_hard_negative_structure_obs-empirical_prior-axis_edge_orthogonal_rel0p5x.npz,axis_edge_orthogonal,0.5,affine_quadratic,2,True,4,16,40,10,0.0001,0.6385300138488286,0.6521244741479185,0.6823753862904007,0.006226842222055522,0.0021169735134501082
19,response_tables/trial_00019_hard_negative_structure_obs-empirical_prior-axis_edge_parallel_rel1x.npz,axis_edge_parallel,1.0,linear,1,False,4,16,40,10,0.0001,0.0017931160585688555,0.0021252730527767105,0.004411145847426912,0.00013026873692872129,
19,response_tables/trial_00019_hard_negative_structure_obs-empirical_prior-axis_edge_parallel_rel1x.npz,axis_edge_parallel,1.0,quadratic,2,False,4,16,40,10,0.0001,-0.19134174121618347,-0.15945131156742665,0.2394394486924477,0.012514584978574713,6.056735022597851e-07
19,response_tables/trial_00019_hard_negative_structure_obs-empirical_prior-axis_edge_parallel_rel1x.npz,axis_edge_parallel,1.0,cubic,3,False,4,16,40,10,0.0001,-0.05357625247274417,-0.06466879578466833,0.3164911748879461,0.030778831437175247,0.003739432537862655
19,response_tables/trial_00019_hard_negative_structure_obs-empirical_prior-axis_edge_parallel_rel1x.npz,axis_edge_parallel,1.0,affine_linear,1,True,4,16,40,10,0.0001,0.5535201268844478,0.5930668144157505,0.5887686707051122,0.3164627361263722,3.149242614582108e-05
19,response_tables/trial_00019_hard_negative_structure_obs-empirical_prior-axis_edge_parallel_rel1x.npz,axis_edge_parallel,1.0,affine_quadratic,2,True,4,16,40,10,0.0001,0.4621149403317476,0.5448190186575632,0.6205079170926687,0.0315763896116275,0.012788923936195393
19,response_tables/trial_00019_hard_negative_structure_obs-empirical_prior-axis_edge_orthogonal_rel1x.npz,axis_edge_orthogonal,1.0,linear,1,False,4,16,40,10,0.0001,0.001976583252021019,0.0026779242590770913,0.00430014651835714,8.965278711598295e-05,
19,response_tables/trial_00019_hard_negative_structure_obs-empirical_prior-axis_edge_orthogonal_rel1x.npz,axis_edge_orthogonal,1.0,quadratic,2,False,4,16,40,10,0.0001,-0.21800408860205134,-0.21261161902670656,0.2293390509482479,0.008816587224711594,6.337850925704421e-07
19,response_tables/trial_00019_hard_negative_structure_obs-empirical_prior-axis_edge_orthogonal_rel1x.npz,axis_edge_orthogonal,1.0,cubic,3,False,4,16,40,10,0.0001,-0.07482905094385445,-0.07247155401030292,0.300658875150586,0.01780355247283301,0.0031996206919780047
19,response_tables/trial_00019_hard_negative_structure_obs-empirical_prior-axis_edge_orthogonal_rel1x.npz,axis_edge_orthogonal,1.0,affine_linear,1,True,4,16,40,10,0.0001,0.6339404132380355,0.6497011054656143,0.6554915111012389,0.21570009039663213,2.0533558001270917e-05
19,response_tables/trial_00019_hard_negative_structure_obs-empirical_prior-axis_edge_orthogonal_rel1x.npz,axis_edge_orthogonal,1.0,affine_quadratic,2,True,4,16,40,10,0.0001,0.5686013029438741,0.5872891094579322,0.6756888044861488,0.02263082915531628,0.016326590547729614
20,response_tables/trial_00020_hard_negative_structure_obs-empirical_prior-axis_edge_parallel_rel2x.npz,axis_edge_parallel,2.0,linear,1,False,4,16,40,10,0.0001,-0.006889238052923241,-0.007386415703274363,0.0012000780511788323,0.00023007883774620215,
20,response_tables/trial_00020_hard_negative_structure_obs-empirical_prior-axis_edge_parallel_rel2x.npz,axis_edge_parallel,2.0,quadratic,2,False,4,16,40,10,0.0001,0.1735801602020138,0.18939981103856063,0.2429471432570762,0.004557566240383393,1.2269014793042805e-06
20,response_tables/trial_00020_hard_negative_structure_obs-empirical_prior-axis_edge_parallel_rel2x.npz,axis_edge_parallel,2.0,cubic,3,False,4,16,40,10,0.0001,0.08567888227509618,0.2506803223261421,0.3088591711743963,0.018750621921845033,0.0014277021711766042
20,response_tables/trial_00020_hard_negative_structure_obs-empirical_prior-axis_edge_parallel_rel2x.npz,axis_edge_parallel,2.0,affine_linear,1,True,4,16,40,10,0.0001,0.7440267538938845,0.7714217762831028,0.7545406290798565,0.17653934019255035,5.312003205659762e-05
20,response_tables/trial_00020_hard_negative_structure_obs-empirical_prior-axis_edge_parallel_rel2x.npz,axis_edge_parallel,2.0,affine_quadratic,2,True,4,16,40,10,0.0001,0.7455921179812941,0.7725705700068323,0.7599744939609188,0.06756100781989126,0.025441479498365612
20,response_tables/trial_00020_hard_negative_structure_obs-empirical_prior-axis_edge_orthogonal_rel2x.npz,axis_edge_orthogonal,2.0,linear,1,False,4,16,40,10,0.0001,-0.004043211991831663,-0.004100939468345888,0.0015358104248761884,0.0001547672159866705,
20,response_tables/trial_00020_hard_negative_structure_obs-empirical_prior-axis_edge_orthogonal_rel2x.npz,axis_edge_orthogonal,2.0,quadratic,2,False,4,16,40,10,0.0001,0.1750713215174127,0.18897797201925115,0.24074115873430224,0.003946760129986439,1.3081683290308244e-06
20,response_tables/trial_00020_hard_negative_structure_obs-empirical_prior-axis_edge_orthogonal_rel2x.npz,axis_edge_orthogonal,2.0,cubic,3,False,4,16,40,10,0.0001,0.10064401836654197,0.25125210806605724,0.30179153708816225,0.014683812772144316,0.0010060399131366876
20,response_tables/trial_00020_hard_negative_structure_obs-empirical_prior-axis_edge_orthogonal_rel2x.npz,axis_edge_orthogonal,2.0,affine_linear,1,True,4,16,40,10,0.0001,0.8007161809304284,0.8116270738050197,0.8084455549130591,0.14011551008139173,5.212531345992423e-05
20,response_tables/trial_00020_hard_negative_structure_obs-empirical_prior-axis_edge_orthogonal_rel2x.npz,axis_edge_orthogonal,2.0,affine_quadratic,2,True,4,16,40,10,0.0001,0.8001308836938967,0.8126057993262445,0.8107582211591735,0.07909253245395421,0.03663015974886502
21,response_tables/trial_00021_hard_negative_structure_obs-empirical_prior-axis_edge_parallel_rel0p5x.npz,axis_edge_parallel,0.5,linear,1,False,4,16,40,10,0.0001,-0.001266963483454453,0.00026810602666066385,0.00431849678348209,0.00016403395682890783,
21,response_tables/trial_00021_hard_negative_structure_obs-empirical_prior-axis_edge_parallel_rel0p5x.npz,axis_edge_parallel,0.5,quadratic,2,False,4,16,40,10,0.0001,0.4450654928296459,0.44973254507530624,0.5280942244726372,0.004423289776895207,3.148138278536485e-07
21,response_tables/trial_00021_hard_negative_structure_obs-empirical_prior-axis_edge_parallel_rel0p5x.npz,axis_edge_parallel,0.5,cubic,3,False,4,16,40,10,0.0001,0.45578676069322643,0.46269196712722627,0.5453643394921277,0.03276880426427829,0.002230588572357871
21,response_tables/trial_00021_hard_negative_structure_obs-empirical_prior-axis_edge_parallel_rel0p5x.npz,axis_edge_parallel,0.5,affine_linear,1,True,4,16,40,10,0.0001,0.35406198196268734,0.3509130411515011,0.44861960509524723,0.20957568304717242,3.646942266407959e-05
21,response_tables/trial_00021_hard_negative_structure_obs-empirical_prior-axis_edge_parallel_rel0p5x.npz,axis_edge_parallel,0.5,affine_quadratic,2,True,4,16,40,10,0.0001,0.5843422183520574,0.5804033154407894,0.6538047122605477,0.00621942509847746,0.0010039092878412962
21,response_tables/trial_00021_hard_negative_structure_obs-empirical_prior-axis_edge_orthogonal_rel0p5x.npz,axis_edge_orthogonal,0.5,linear,1,False,4,16,40,10,0.0001,-0.001157010238300421,-0.0008915557476876779,0.005194555374813753,0.00012247954577594453,
21,response_tables/trial_00021_hard_negative_structure_obs-empirical_prior-axis_edge_orthogonal_rel0p5x.npz,axis_edge_orthogonal,0.5,quadratic,2,False,4,16,40,10,0.0001,0.4542827345375192,0.45229578033523976,0.5181569408504323,0.003216854271125385,4.0625599610165885e-07
21,response_tables/trial_00021_hard_negative_structure_obs-empirical_prior-axis_edge_orthogonal_rel0p5x.npz,axis_edge_orthogonal,0.5,cubic,3,False,4,16,40,10,0.0001,0.4668871965326468,0.47968530622764494,0.535787213717015,0.03196386538941934,0.001374741606646455
21,response_tables/trial_00021_hard_negative_structure_obs-empirical_prior-axis_edge_orthogonal_rel0p5x.npz,axis_edge_orthogonal,0.5,affine_linear,1,True,4,16,40,10,0.0001,0.3536601909892658,0.31372898829592344,0.4484895777017944,0.12782763079288478,4.573513485668151e-05
21,response_tables/trial_00021_hard_negative_structure_obs-empirical_prior-axis_edge_orthogonal_rel0p5x.npz,axis_edge_orthogonal,0.5,affine_quadratic,2,True,4,16,40,10,0.0001,0.5947456557511737,0.5707200882828039,0.6482932181327674,0.004106607952128006,0.0008632009496245451
22,response_tables/trial_00022_hard_negative_structure_obs-empirical_prior-axis_edge_parallel_rel1x.npz,axis_edge_parallel,1.0,linear,1,False,4,16,40,10,0.0001,0.0024523191295127977,0.004202030234686738,0.014464913532491214,3.3563732479590495e-05,
22,response_tables/trial_00022_hard_negative_structure_obs-empirical_prior-axis_edge_parallel_rel1x.npz,axis_edge_parallel,1.0,quadratic,2,False,4,16,40,10,0.0001,0.06404005454913603,0.11111546136541994,0.24254814713995637,0.005451754293866174,7.540017005318835e-07
22,response_tables/trial_00022_hard_negative_structure_obs-empirical_prior-axis_edge_parallel_rel1x.npz,axis_edge_parallel,1.0,cubic,3,False,4,16,40,10,0.0001,0.17043179302602662,0.20429569305751855,0.29157764734534447,0.03837616265575066,0.001584690483019269
22,response_tables/trial_00022_hard_negative_structure_obs-empirical_prior-axis_edge_parallel_rel1x.npz,axis_edge_parallel,1.0,affine_linear,1,True,4,16,40,10,0.0001,0.6148606596138397,0.6118938372816618,0.6733204289309505,0.09118635182237711,2.9881170503358246e-05
22,response_tables/trial_00022_hard_negative_structure_obs-empirical_prior-axis_edge_parallel_rel1x.npz,axis_edge_parallel,1.0,affine_quadratic,2,True,4,16,40,10,0.0001,0.6322014757680465,0.635081256134319,0.7021164557023649,0.02672807820573193,0.006694802759680787
22,response_tables/trial_00022_hard_negative_structure_obs-empirical_prior-axis_edge_orthogonal_rel1x.npz,axis_edge_orthogonal,1.0,linear,1,False,4,16,40,10,0.0001,0.004845583902076678,0.008128751721263594,0.019524314181359803,2.9102577490638412e-05,
22,response_tables/trial_00022_hard_negative_structure_obs-empirical_prior-axis_edge_orthogonal_rel1x.npz,axis_edge_orthogonal,1.0,quadratic,2,False,4,16,40,10,0.0001,0.07673116011308911,0.12280862071241772,0.22965302110414318,0.010874194878144668,6.033380400597761e-07
22,response_tables/trial_00022_hard_negative_structure_obs-empirical_prior-axis_edge_orthogonal_rel1x.npz,axis_edge_orthogonal,1.0,cubic,3,False,4,16,40,10,0.0001,0.18112958992992634,0.21962418202325812,0.2779588932117971,0.0518909518118737,0.0019469412219766246
22,response_tables/trial_00022_hard_negative_structure_obs-empirical_prior-axis_edge_orthogonal_rel1x.npz,axis_edge_orthogonal,1.0,affine_linear,1,True,4,16,40,10,0.0001,0.6201071395837564,0.5855007431308971,0.6704590046033834,0.07919557311761379,2.0337334560526274e-05
22,response_tables/trial_00022_hard_negative_structure_obs-empirical_prior-axis_edge_orthogonal_rel1x.npz,axis_edge_orthogonal,1.0,affine_quadratic,2,True,4,16,40,10,0.0001,0.6422746357824662,0.6114917494625349,0.696598676137236,0.0553788084219712,0.0075770415822330114
23,response_tables/trial_00023_hard_negative_structure_obs-empirical_prior-axis_edge_parallel_rel2x.npz,axis_edge_parallel,2.0,linear,1,False,4,16,40,10,0.0001,-0.000517227969237144,-0.0005774259746182953,0.0023094533292730424,0.00019144406391293086,
23,response_tables/trial_00023_hard_negative_structure_obs-empirical_prior-axis_edge_parallel_rel2x.npz,axis_edge_parallel,2.0,quadratic,2,False,4,16,40,10,0.0001,0.3763008498435197,0.3777124914826542,0.397514845212285,0.002681539507090656,1.024839131639461e-06
23,response_tables/trial_00023_hard_negative_structure_obs-empirical_prior-axis_edge_parallel_rel2x.npz,axis_edge_parallel,2.0,cubic,3,False,4,16,40,10,0.0001,0.3344713562289727,0.3386462719556517,0.40112644481335613,0.15041691444731375,0.0014443974271164445
23,response_tables/trial_00023_hard_negative_structure_obs-empirical_prior-axis_edge_parallel_rel2x.npz,axis_edge_parallel,2.0,affine_linear,1,True,4,16,40,10,0.0001,0.7924363068851863,0.7943504201146501,0.8008919257365638,0.1153246103709333,5.242736297283705e-05
23,response_tables/trial_00023_hard_negative_structure_obs-empirical_prior-axis_edge_parallel_rel2x.npz,axis_edge_parallel,2.0,affine_quadratic,2,True,4,16,40,10,0.0001,0.8013947532437777,0.8040891477500783,0.8102454393643574,0.028947539405796606,0.01131964286652059
23,response_tables/trial_00023_hard_negative_structure_obs-empirical_prior-axis_edge_orthogonal_rel2x.npz,axis_edge_orthogonal,2.0,linear,1,False,4,16,40,10,0.0001,-2.9666788764759477e-05,0.0006292912849734655,0.002932600285302983,0.0001833680520888089,
23,response_tables/trial_00023_hard_negative_structure_obs-empirical_prior-axis_edge_orthogonal_rel2x.npz,axis_edge_orthogonal,2.0,quadratic,2,False,4,16,40,10,0.0001,0.3520555713916018,0.3513946963368397,0.3810797808694145,0.0036691929552373553,1.0466758441779977e-06
23,response_tables/trial_00023_hard_negative_structure_obs-empirical_prior-axis_edge_orthogonal_rel2x.npz,axis_edge_orthogonal,2.0,cubic,3,False,4,16,40,10,0.0001,0.30314646340729,0.3014674786417539,0.3836454733886023,0.25282251356753116,0.0019440299752316952
23,response_tables/trial_00023_hard_negative_structure_obs-empirical_prior-axis_edge_orthogonal_rel2x.npz,axis_edge_orthogonal,2.0,affine_linear,1,True,4,16,40,10,0.0001,0.800440878604109,0.7841944387568991,0.809346299890533,0.17036369785428157,4.703534689257757e-05
23,response_tables/trial_00023_hard_negative_structure_obs-empirical_prior-axis_edge_orthogonal_rel2x.npz,axis_edge_orthogonal,2.0,affine_quadratic,2,True,4,16,40,10,0.0001,0.8035827085298574,0.7867156516373607,0.8156299567522255,0.038524917392508795,0.017817649985841233
24,response_tables/trial_00024_hard_negative_structure_obs-empirical_prior-axis_edge_parallel_rel0p5x.npz,axis_edge_parallel,0.5,linear,1,False,4,16,40,10,0.0001,-0.0032718003857531985,0.010984367213083157,0.01280386094128641,1.9342910149407787e-05,
24,response_tables/trial_00024_hard_negative_structure_obs-empirical_prior-axis_edge_parallel_rel0p5x.npz,axis_edge_parallel,0.5,quadratic,2,False,4,16,40,10,0.0001,0.36711049993780276,0.35202132305256306,0.4501324508591058,0.006384214650019031,9.49983923141384e-08
24,response_tables/trial_00024_hard_negative_structure_obs-empirical_prior-axis_edge_parallel_rel0p5x.npz,axis_edge_parallel,0.5,cubic,3,False,4,16,40,10,0.0001,0.36674948436641547,0.35295484911221764,0.4551607970067431,0.06285315931068756,0.005446920467668049
24,response_tables/trial_00024_hard_negative_structure_obs-empirical_prior-axis_edge_parallel_rel0p5x.npz,axis_edge_parallel,0.5,affine_linear,1,True,4,16,40,10,0.0001,0.1832693096525027,0.1648157063370128,0.35523973005246523,0.08099641560249718,1.1000512321504081e-05
24,response_tables/trial_00024_hard_negative_structure_obs-empirical_prior-axis_edge_parallel_rel0p5x.npz,axis_edge_parallel,0.5,affine_quadratic,2,True,4,16,40,10,0.0001,0.4439874072857392,0.42171089376533816,0.563600396535419,0.007855997031654773,0.0006652251479913498
24,response_tables/trial_00024_hard_negative_structure_obs-empirical_prior-axis_edge_orthogonal_rel0p5x.npz,axis_edge_orthogonal,0.5,linear,1,False,4,16,40,10,0.0001,-0.006651396842734386,0.0081817676716478,0.009851446673349668,3.0247105518507062e-05,
24,response_tables/trial_00024_hard_negative_structure_obs-empirical_prior-axis_edge_orthogonal_rel0p5x.npz,axis_edge_orthogonal,0.5,quadratic,2,False,4,16,40,10,0.0001,0.3412562959552041,0.34385339961942896,0.4332135748582784,0.005103261103717629,1.7682842412984028e-07
24,response_tables/trial_00024_hard_negative_structure_obs-empirical_prior-axis_edge_orthogonal_rel0p5x.npz,axis_edge_orthogonal,0.5,cubic,3,False,4,16,40,10,0.0001,0.34253535518568345,0.34510843689704007,0.44102603006237734,0.041890877630056556,0.004211747990983264
24,response_tables/trial_00024_hard_negative_structure_obs-empirical_prior-axis_edge_orthogonal_rel0p5x.npz,axis_edge_orthogonal,0.5,affine_linear,1,True,4,16,40,10,0.0001,0.2688425677278997,0.23925393252097027,0.41493890296325364,0.0991968158245016,1.930226541835579e-05
24,response_tables/trial_00024_hard_negative_structure_obs-empirical_prior-axis_edge_orthogonal_rel0p5x.npz,axis_edge_orthogonal,0.5,affine_quadratic,2,True,4,16,40,10,0.0001,0.4807629674363909,0.4530167268708626,0.5928355917865381,0.006524778461559014,0.0006798727133933931
25,response_tables/trial_00025_hard_negative_structure_obs-empirical_prior-axis_edge_parallel_rel1x.npz,axis_edge_parallel,1.0,linear,1,False,4,16,40,10,0.0001,0.0026071605516390928,0.0035205787727757842,0.0072088527099127275,6.486628721900925e-05,
25,response_tables/trial_00025_hard_negative_structure_obs-empirical_prior-axis_edge_parallel_rel1x.npz,axis_edge_parallel,1.0,quadratic,2,False,4,16,40,10,0.0001,0.2018135929820266,0.19343459854384915,0.2639228801324787,0.007270385459845071,4.134198271241599e-07
25,response_tables/trial_00025_hard_negative_structure_obs-empirical_prior-axis_edge_parallel_rel1x.npz,axis_edge_parallel,1.0,cubic,3,False,4,16,40,10,0.0001,-0.07861475381552277,-0.16626358101502658,0.2722049761330101,0.24427527389380266,0.005484889639608144
25,response_tables/trial_00025_hard_negative_structure_obs-empirical_prior-axis_edge_parallel_rel1x.npz,axis_edge_parallel,1.0,affine_linear,1,True,4,16,40,10,0.0001,0.6216735725121101,0.6205516134251787,0.6366083774509516,0.13511824850945334,2.3158468379843825e-05
25,response_tables/trial_00025_hard_negative_structure_obs-empirical_prior-axis_edge_parallel_rel1x.npz,axis_edge_parallel,1.0,affine_quadratic,2,True,4,16,40,10,0.0001,0.6533191503223301,0.6497762087634907,0.6692714420743864,0.021488741110515918,0.006295645897214862
25,response_tables/trial_00025_hard_negative_structure_obs-empirical_prior-axis_edge_orthogonal_rel1x.npz,axis_edge_orthogonal,1.0,linear,1,False,4,16,40,10,0.0001,0.004659602757847436,0.005044034596256242,0.008844460383592323,3.541827417261421e-05,
25,response_tables/trial_00025_hard_negative_structure_obs-empirical_prior-axis_edge_orthogonal_rel1x.npz,axis_edge_orthogonal,1.0,quadratic,2,False,4,16,40,10,0.0001,0.1692780572341744,0.1686267485232451,0.24600883005151425,0.005217022691761062,4.081906451503235e-07
25,response_tables/trial_00025_hard_negative_structure_obs-empirical_prior-axis_edge_orthogonal_rel1x.npz,axis_edge_orthogonal,1.0,cubic,3,False,4,16,40,10,0.0001,-0.1212952471531411,-0.20573518156796444,0.25643822746958,0.2034902045748872,0.0035960380310532543
25,response_tables/trial_00025_hard_negative_structure_obs-empirical_prior-axis_edge_orthogonal_rel1x.npz,axis_edge_orthogonal,1.0,affine_linear,1,True,4,16,40,10,0.0001,0.697555393108879,0.6914004703676486,0.7080202161691362,0.11457208646726834,1.7374487996333447e-05
25,response_tables/trial_00025_hard_negative_structure_obs-empirical_prior-axis_edge_orthogonal_rel1x.npz,axis_edge_orthogonal,1.0,affine_quadratic,2,True,4,16,40,10,0.0001,0.7099988375265749,0.7086022375102778,0.7267673987624188,0.013821731052791766,0.007740300891364401
26,response_tables/trial_00026_hard_negative_structure_obs-empirical_prior-axis_edge_parallel_rel2x.npz,axis_edge_parallel,2.0,linear,1,False,4,16,40,10,0.0001,-0.0019937056930219854,-0.003345382394779328,0.0052965437437316465,0.00010941907503077405,
26,response_tables/trial_00026_hard_negative_structure_obs-empirical_prior-axis_edge_parallel_rel2x.npz,axis_edge_parallel,2.0,quadratic,2,False,4,16,40,10,0.0001,-0.07382566525109496,-0.059602113357042685,0.2094634832346135,0.009398078236441013,2.77019525850902e-06
26,response_tables/trial_00026_hard_negative_structure_obs-empirical_prior-axis_edge_parallel_rel2x.npz,axis_edge_parallel,2.0,cubic,3,False,4,16,40,10,0.0001,0.2250564461447558,0.21691067840431477,0.33299253651912675,0.007701617998228041,0.0013832326534752013
26,response_tables/trial_00026_hard_negative_structure_obs-empirical_prior-axis_edge_parallel_rel2x.npz,axis_edge_parallel,2.0,affine_linear,1,True,4,16,40,10,0.0001,0.7843377382885302,0.7830740847260557,0.7998887282158952,0.20375551462141145,5.5454997364789296e-05
26,response_tables/trial_00026_hard_negative_structure_obs-empirical_prior-axis_edge_parallel_rel2x.npz,axis_edge_parallel,2.0,affine_quadratic,2,True,4,16,40,10,0.0001,0.779812528242249,0.7771324250929612,0.8044570518787397,0.1813110621507348,0.02896154788574984
26,response_tables/trial_00026_hard_negative_structure_obs-empirical_prior-axis_edge_orthogonal_rel2x.npz,axis_edge_orthogonal,2.0,linear,1,False,4,16,40,10,0.0001,-0.00136623498736832,-0.0024481856489443343,0.0050331760486701516,0.00012387664585536596,
26,response_tables/trial_00026_hard_negative_structure_obs-empirical_prior-axis_edge_orthogonal_rel2x.npz,axis_edge_orthogonal,2.0,quadratic,2,False,4,16,40,10,0.0001,-0.06606296758346164,-0.05716188472990563,0.2035002033063692,0.007449967353507532,3.375118521231603e-06
26,response_tables/trial_00026_hard_negative_structure_obs-empirical_prior-axis_edge_orthogonal_rel2x.npz,axis_edge_orthogonal,2.0,cubic,3,False,4,16,40,10,0.0001,0.2366816416657184,0.2453001022859499,0.3234197166241429,0.006248684804504695,0.0017277326349481393
26,response_tables/trial_00026_hard_negative_structure_obs-empirical_prior-axis_edge_orthogonal_rel2x.npz,axis_edge_orthogonal,2.0,affine_linear,1,True,4,16,40,10,0.0001,0.8112586272603765,0.8055583298744988,0.8220987013797877,0.1679842165194828,6.62090427447129e-05
26,response_tables/trial_00026_hard_negative_structure_obs-empirical_prior-axis_edge_orthogonal_rel2x.npz,axis_edge_orthogonal,2.0,affine_quadratic,2,True,4,16,40,10,0.0001,0.8077167820259356,0.8024880323665081,0.825081458605254,0.26108955802917855,0.03390625526963593
27,response_tables/trial_00027_hard_negative_structure_obs-empirical_prior-axis_edge_parallel_rel0p5x.npz,axis_edge_parallel,0.5,linear,1,False,4,16,40,10,0.0001,0.0016291301844779948,0.0017214918598961737,0.0025670813765421574,0.00020270931314769059,
27,response_tables/trial_00027_hard_negative_structure_obs-empirical_prior-axis_edge_parallel_rel0p5x.npz,axis_edge_parallel,0.5,quadratic,2,False,4,16,40,10,0.0001,0.5300243926866909,0.5283218021172797,0.5923072436492468,0.006797296190009457,2.9651623830095273e-07
27,response_tables/trial_00027_hard_negative_structure_obs-empirical_prior-axis_edge_parallel_rel0p5x.npz,axis_edge_parallel,0.5,cubic,3,False,4,16,40,10,0.0001,0.5199438563379449,0.518137727229502,0.5950190259657612,0.26307090026434143,0.001979800735420593
27,response_tables/trial_00027_hard_negative_structure_obs-empirical_prior-axis_edge_parallel_rel0p5x.npz,axis_edge_parallel,0.5,affine_linear,1,True,4,16,40,10,0.0001,0.3405594153100179,0.3476643002239419,0.3996701661810207,0.5040653079766265,5.74930024861539e-05
27,response_tables/trial_00027_hard_negative_structure_obs-empirical_prior-axis_edge_parallel_rel0p5x.npz,axis_edge_parallel,0.5,affine_quadratic,2,True,4,16,40,10,0.0001,0.6708199223807995,0.672329055765635,0.7275189018492767,0.008403788670694714,0.0012702817138219892
27,response_tables/trial_00027_hard_negative_structure_obs-empirical_prior-axis_edge_orthogonal_rel0p5x.npz,axis_edge_orthogonal,0.5,linear,1,False,4,16,40,10,0.0001,0.002988522244093933,0.0030399708949601645,0.0038955120636628426,0.00012917428974847144,
27,response_tables/trial_00027_hard_negative_structure_obs-empirical_prior-axis_edge_orthogonal_rel0p5x.npz,axis_edge_orthogonal,0.5,quadratic,2,False,4,16,40,10,0.0001,0.506306926280184,0.5058021007703751,0.5636684999259469,0.006976706686490117,2.9224609592425547e-07
27,response_tables/trial_00027_hard_negative_structure_obs-empirical_prior-axis_edge_orthogonal_rel0p5x.npz,axis_edge_orthogonal,0.5,cubic,3,False,4,16,40,10,0.0001,0.4951174409452118,0.4946675394021724,0.565685162259098,0.41819737594540407,0.003531756262321825
27,response_tables/trial_00027_hard_negative_structure_obs-empirical_prior-axis_edge_orthogonal_rel0p5x.npz,axis_edge_orthogonal,0.5,affine_linear,1,True,4,16,40,10,0.0001,0.33744885735940433,0.34069137083950013,0.40175685783971304,0.34167957840010504,4.402224423193968e-05
27,response_tables/trial_00027_hard_negative_structure_obs-empirical_prior-axis_edge_orthogonal_rel0p5x.npz,axis_edge_orthogonal,0.5,affine_quadratic,2,True,4,16,40,10,0.0001,0.6474904923754905,0.6499987734499769,0.703213245200528,0.008621186078921914,0.0010577091132932827
28,response_tables/trial_00028_hard_negative_structure_obs-empirical_prior-axis_edge_parallel_rel1x.npz,axis_edge_parallel,1.0,linear,1,False,4,16,40,10,0.0001,-0.008433761162006226,-0.00851663258912827,0.0018501759159645081,0.00026866246914777377,
28,response_tables/trial_00028_hard_negative_structure_obs-empirical_prior-axis_edge_parallel_rel1x.npz,axis_edge_parallel,1.0,quadratic,2,False,4,16,40,10,0.0001,0.2846551970635407,0.28323899311275713,0.3063899730240968,0.005696066638135827,1.4000594330643005e-06
28,response_tables/trial_00028_hard_negative_structure_obs-empirical_prior-axis_edge_parallel_rel1x.npz,axis_edge_parallel,1.0,cubic,3,False,4,16,40,10,0.0001,0.2386440812964065,0.2357596171758249,0.3076074165312245,0.2342966833368983,0.004794636021725274
28,response_tables/trial_00028_hard_negative_structure_obs-empirical_prior-axis_edge_parallel_rel1x.npz,axis_edge_parallel,1.0,affine_linear,1,True,4,16,40,10,0.0001,0.7122049189366035,0.7173616895812157,0.7351868598838915,0.2846475328401278,7.812577149750065e-05
28,response_tables/trial_00028_hard_negative_structure_obs-empirical_prior-axis_edge_parallel_rel1x.npz,axis_edge_parallel,1.0,affine_quadratic,2,True,4,16,40,10,0.0001,0.7381673734921393,0.7413850544628501,0.7543896640959231,0.019730519016583133,0.010375676520452168
28,response_tables/trial_00028_hard_negative_structure_obs-empirical_prior-axis_edge_orthogonal_rel1x.npz,axis_edge_orthogonal,1.0,linear,1,False,4,16,40,10,0.0001,-0.016210878086997893,-0.01600965843580504,0.0035271309826895303,0.00012797679027319364,
28,response_tables/trial_00028_hard_negative_structure_obs-empirical_prior-axis_edge_orthogonal_rel1x.npz,axis_edge_orthogonal,1.0,quadratic,2,False,4,16,40,10,0.0001,0.26584123375979085,0.26491380323021235,0.2901835574236989,0.004016024742604675,1.1540995828705678e-06
28,response_tables/trial_00028_hard_negative_structure_obs-empirical_prior-axis_edge_orthogonal_rel1x.npz,axis_edge_orthogonal,1.0,cubic,3,False,4,16,40,10,0.0001,0.24469800894568064,0.2433721201208524,0.2953703848547119,0.3367193740574408,0.0025054728865534044
28,response_tables/trial_00028_hard_negative_structure_obs-empirical_prior-axis_edge_orthogonal_rel1x.npz,axis_edge_orthogonal,1.0,affine_linear,1,True,4,16,40,10,0.0001,0.6212047459716564,0.6224691411602514,0.6792459214950143,0.1417845338159553,5.348992332101894e-05
28,response_tables/trial_00028_hard_negative_structure_obs-empirical_prior-axis_edge_orthogonal_rel1x.npz,axis_edge_orthogonal,1.0,affine_quadratic,2,True,4,16,40,10,0.0001,0.646113999680596,0.6471862572777801,0.6989482235435032,0.02277239558120418,0.009680952283194107
29,response_tables/trial_00029_hard_negative_structure_obs-empirical_prior-axis_edge_parallel_rel2x.npz,axis_edge_parallel,2.0,linear,1,False,4,16,40,10,0.0001,-0.005256630068865509,-0.005215624364941274,0.0002700220516387297,0.0019110124867470972,
29,response_tables/trial_00029_hard_negative_structure_obs-empirical_prior-axis_edge_parallel_rel2x.npz,axis_edge_parallel,2.0,quadratic,2,False,4,16,40,10,0.0001,0.3392482768875058,0.33941560051926806,0.37692023542646214,0.0036757223870325607,2.0705997792313864e-06
29,response_tables/trial_00029_hard_negative_structure_obs-empirical_prior-axis_edge_parallel_rel2x.npz,axis_edge_parallel,2.0,cubic,3,False,4,16,40,10,0.0001,0.23928377006954898,0.2403551695077663,0.3772893792721953,0.24121304987254022,0.0029768520952306505
29,response_tables/trial_00029_hard_negative_structure_obs-empirical_prior-axis_edge_parallel_rel2x.npz,axis_edge_parallel,2.0,affine_linear,1,True,4,16,40,10,0.0001,0.813011560028418,0.8165885343893657,0.8274107683557133,0.17446719959293988,9.393887589811257e-05
29,response_tables/trial_00029_hard_negative_structure_obs-empirical_prior-axis_edge_parallel_rel2x.npz,axis_edge_parallel,2.0,affine_quadratic,2,True,4,16,40,10,0.0001,0.8226407580561188,0.8253407496146323,0.8341583861495947,0.043327407749750475,0.01871618868607255
29,response_tables/trial_00029_hard_negative_structure_obs-empirical_prior-axis_edge_orthogonal_rel2x.npz,axis_edge_orthogonal,2.0,linear,1,False,4,16,40,10,0.0001,-0.005364812974325783,-0.005652202519299654,0.0005378156052156802,0.0006776892215054727,
29,response_tables/trial_00029_hard_negative_structure_obs-empirical_prior-axis_edge_orthogonal_rel2x.npz,axis_edge_orthogonal,2.0,quadratic,2,False,4,16,40,10,0.0001,0.32237196916078925,0.3221362481366682,0.3464372211028043,0.0036500724620824347,2.1358693823453466e-06
29,response_tables/trial_00029_hard_negative_structure_obs-empirical_prior-axis_edge_orthogonal_rel2x.npz,axis_edge_orthogonal,2.0,cubic,3,False,4,16,40,10,0.0001,0.22923593852716403,0.22918557148542273,0.3476004181230946,0.4437453922739888,0.0021863524239686015
29,response_tables/trial_00029_hard_negative_structure_obs-empirical_prior-axis_edge_orthogonal_rel2x.npz,axis_edge_orthogonal,2.0,affine_linear,1,True,4,16,40,10,0.0001,0.8056000895505153,0.8066089873276376,0.8148023749253118,0.16012298489697896,8.733470849661207e-05
29,response_tables/trial_00029_hard_negative_structure_obs-empirical_prior-axis_edge_orthogonal_rel2x.npz,axis_edge_orthogonal,2.0,affine_quadratic,2,True,4,16,40,10,0.0001,0.8088535102584129,0.809727004712181,0.8187230536283996,0.10478724261405001,0.024447618974037022
30,response_tables/trial_00030_hard_negative_structure_obs-empirical_prior-axis_edge_parallel_rel0p5x.npz,axis_edge_parallel,0.5,linear,1,False,4,16,40,10,0.0001,-0.0043759120601233326,-0.004488349742241771,0.0003283190264847524,0.0020956152711917213,
30,response_tables/trial_00030_hard_negative_structure_obs-empirical_prior-axis_edge_parallel_rel0p5x.npz,axis_edge_parallel,0.5,quadratic,2,False,4,16,40,10,0.0001,0.16625858746754757,0.1626686496310833,0.36920125310942314,0.00423701812333286,1.2641756836924101e-06
30,response_tables/trial_00030_hard_negative_structure_obs-empirical_prior-axis_edge_parallel_rel0p5x.npz,axis_edge_parallel,0.5,cubic,3,False,4,16,40,10,0.0001,0.14494987115118166,0.13961876324493128,0.37178820118082745,0.1800499101873767,0.003110777129879517
30,response_tables/trial_00030_hard_negative_structure_obs-empirical_prior-axis_edge_parallel_rel0p5x.npz,axis_edge_parallel,0.5,affine_linear,1,True,4,16,40,10,0.0001,0.5860461893869722,0.5904258788871836,0.5967940398766457,0.2639943455852649,0.0001066054827218212
30,response_tables/trial_00030_hard_negative_structure_obs-empirical_prior-axis_edge_parallel_rel0p5x.npz,axis_edge_parallel,0.5,affine_quadratic,2,True,4,16,40,10,0.0001,0.5638525725735875,0.564664851674307,0.6644456366330056,0.010353810897850466,0.005780540830175381
30,response_tables/trial_00030_hard_negative_structure_obs-empirical_prior-axis_edge_orthogonal_rel0p5x.npz,axis_edge_orthogonal,0.5,linear,1,False,4,16,40,10,0.0001,-0.007329411163208399,-0.007431666094738554,0.00040336952803432524,0.0013176991549991815,
30,response_tables/trial_00030_hard_negative_structure_obs-empirical_prior-axis_edge_orthogonal_rel0p5x.npz,axis_edge_orthogonal,0.5,quadratic,2,False,4,16,40,10,0.0001,0.19618010837522398,0.19614711474558383,0.3500796123104162,0.003465675412716035,1.3898961646369608e-06
30,response_tables/trial_00030_hard_negative_structure_obs-empirical_prior-axis_edge_orthogonal_rel0p5x.npz,axis_edge_orthogonal,0.5,cubic,3,False,4,16,40,10,0.0001,0.17557116041781717,0.17429388079592428,0.3545548509719746,0.08984106607222797,0.002171948242485759
30,response_tables/trial_00030_hard_negative_structure_obs-empirical_prior-axis_edge_orthogonal_rel0p5x.npz,axis_edge_orthogonal,0.5,affine_linear,1,True,4,16,40,10,0.0001,0.5291326784392231,0.5288843106290823,0.5580740488060945,0.21980413690221048,0.0001157920301063228
30,response_tables/trial_00030_hard_negative_structure_obs-empirical_prior-axis_edge_orthogonal_rel0p5x.npz,axis_edge_orthogonal,0.5,affine_quadratic,2,True,4,16,40,10,0.0001,0.5346679336560975,0.5348179707939247,0.6237340256362642,0.007976814192636596,0.006805069208096268
31,response_tables/trial_00031_hard_negative_structure_obs-empirical_prior-axis_edge_parallel_rel1x.npz,axis_edge_parallel,1.0,linear,1,False,4,16,40,10,0.0001,-0.0068117290229957606,-0.006467561249865694,0.000670059727626876,0.00045145808296033035,
31,response_tables/trial_00031_hard_negative_structure_obs-empirical_prior-axis_edge_parallel_rel1x.npz,axis_edge_parallel,1.0,quadratic,2,False,4,16,40,10,0.0001,-1.1467642439971328,-1.1472958844032974,0.0867965553605019,0.014971678544088988,2.1127484735340997e-06
31,response_tables/trial_00031_hard_negative_structure_obs-empirical_prior-axis_edge_parallel_rel1x.npz,axis_edge_parallel,1.0,cubic,3,False,4,16,40,10,0.0001,-5.761003042393231,-5.820439211034483,0.23260669467138248,0.004886490137713169,0.001001747880319957
31,response_tables/trial_00031_hard_negative_structure_obs-empirical_prior-axis_edge_parallel_rel1x.npz,axis_edge_parallel,1.0,affine_linear,1,True,4,16,40,10,0.0001,0.6664895697971076,0.6697035746073294,0.6880258390565285,0.386276221893419,5.4970235555380794e-05
31,response_tables/trial_00031_hard_negative_structure_obs-empirical_prior-axis_edge_parallel_rel1x.npz,axis_edge_parallel,1.0,affine_quadratic,2,True,4,16,40,10,0.0001,0.5123274940310731,0.5177511198135873,0.6935008080223453,0.0754354329894843,0.022026514514281958
31,response_tables/trial_00031_hard_negative_structure_obs-empirical_prior-axis_edge_orthogonal_rel1x.npz,axis_edge_orthogonal,1.0,linear,1,False,4,16,40,10,0.0001,-0.008190210180271884,-0.00826825038296819,0.0021821039008165233,0.00015099824140378247,
31,response_tables/trial_00031_hard_negative_structure_obs-empirical_prior-axis_edge_orthogonal_rel1x.npz,axis_edge_orthogonal,1.0,quadratic,2,False,4,16,40,10,0.0001,-0.765081114903611,-0.7622146934614741,0.08587624578064038,0.012548323567228988,2.9557190833747157e-06
31,response_tables/trial_00031_hard_negative_structure_obs-empirical_prior-axis_edge_orthogonal_rel1x.npz,axis_edge_orthogonal,1.0,cubic,3,False,4,16,40,10,0.0001,-4.991975876836358,-5.056110991527847,0.21463356659089877,0.005165477747257147,0.0010994399496168203
31,response_tables/trial_00031_hard_negative_structure_obs-empirical_prior-axis_edge_orthogonal_rel1x.npz,axis_edge_orthogonal,1.0,affine_linear,1,True,4,16,40,10,0.0001,0.6308503343756897,0.631559237512562,0.648145049050394,0.19000230802282364,6.920053272017167e-05
31,response_tables/trial_00031_hard_negative_structure_obs-empirical_prior-axis_edge_orthogonal_rel1x.npz,axis_edge_orthogonal,1.0,affine_quadratic,2,True,4,16,40,10,0.0001,0.5543848245237613,0.5549138632692096,0.6539103931165664,0.07650976353938724,0.03105785102115627
32,response_tables/trial_00032_hard_negative_structure_obs-empirical_prior-axis_edge_parallel_rel2x.npz,axis_edge_parallel,2.0,linear,1,False,4,16,40,10,0.0001,-0.004169324062068325,-0.004196507973169283,0.00048807361822833517,0.00042005455853917026,
32,response_tables/trial_00032_hard_negative_structure_obs-empirical_prior-axis_edge_parallel_rel2x.npz,axis_edge_parallel,2.0,quadratic,2,False,4,16,40,10,0.0001,0.12046750411740426,0.11424532614785338,0.2716249734533315,0.004220366419641288,9.944643122640292e-07
32,response_tables/trial_00032_hard_negative_structure_obs-empirical_prior-axis_edge_parallel_rel2x.npz,axis_edge_parallel,2.0,cubic,3,False,4,16,40,10,0.0001,0.14430179297905127,0.13933068162919215,0.2867245829496694,0.08649546068631453,0.0016304719844903266
32,response_tables/trial_00032_hard_negative_structure_obs-empirical_prior-axis_edge_parallel_rel2x.npz,axis_edge_parallel,2.0,affine_linear,1,True,4,16,40,10,0.0001,0.7944278672947054,0.7975674409861715,0.8101965134811652,0.18521205349232997,4.069045164215901e-05
32,response_tables/trial_00032_hard_negative_structure_obs-empirical_prior-axis_edge_parallel_rel2x.npz,axis_edge_parallel,2.0,affine_quadratic,2,True,4,16,40,10,0.0001,0.8018298000506243,0.8042310257649801,0.8158692346032529,0.05755594636413784,0.013240025058866331
32,response_tables/trial_00032_hard_negative_structure_obs-empirical_prior-axis_edge_orthogonal_rel2x.npz,axis_edge_orthogonal,2.0,linear,1,False,4,16,40,10,0.0001,-0.0011907876742263124,-0.001216253589702232,0.0018435367434218308,0.00018659723770067806,
32,response_tables/trial_00032_hard_negative_structure_obs-empirical_prior-axis_edge_orthogonal_rel2x.npz,axis_edge_orthogonal,2.0,quadratic,2,False,4,16,40,10,0.0001,0.10278522059476386,0.0985982751791063,0.2553267864839701,0.0039167725378401064,1.5465246955141166e-06
32,response_tables/trial_00032_hard_negative_structure_obs-empirical_prior-axis_edge_orthogonal_rel2x.npz,axis_edge_orthogonal,2.0,cubic,3,False,4,16,40,10,0.0001,0.12156469799505265,0.11795617049181512,0.26734753719468546,0.0943959387100539,0.001904364369194196
32,response_tables/trial_00032_hard_negative_structure_obs-empirical_prior-axis_edge_orthogonal_rel2x.npz,axis_edge_orthogonal,2.0,affine_linear,1,True,4,16,40,10,0.0001,0.7703314737533529,0.7707833257296328,0.7809613990020763,0.12821148851225928,6.91440606454034e-05
32,response_tables/trial_00032_hard_negative_structure_obs-empirical_prior-axis_edge_orthogonal_rel2x.npz,axis_edge_orthogonal,2.0,affine_quadratic,2,True,4,16,40,10,0.0001,0.7759969543125516,0.7762838017690347,0.7861148954219601,0.0988009050805378,0.019482937053129066
33,response_tables/trial_00033_hard_negative_structure_obs-empirical_prior-axis_edge_parallel_rel0p5x.npz,axis_edge_parallel,0.5,linear,1,False,4,16,40,10,0.0001,-0.008766408019272587,-0.010982843615293891,0.0028127022950479585,0.00021634148727390487,
33,response_tables/trial_00033_hard_negative_structure_obs-empirical_prior-axis_edge_parallel_rel0p5x.npz,axis_edge_parallel,0.5,quadratic,2,False,4,16,40,10,0.0001,0.3033598124177893,0.3525133619576445,0.445717066144326,0.004552660360977469,8.264504676337689e-07
33,response_tables/trial_00033_hard_negative_structure_obs-empirical_prior-axis_edge_parallel_rel0p5x.npz,axis_edge_parallel,0.5,cubic,3,False,4,16,40,10,0.0001,0.14956086100084007,0.18800824696799168,0.45143759877865397,0.17729995331039694,0.003849596676978804
33,response_tables/trial_00033_hard_negative_structure_obs-empirical_prior-axis_edge_parallel_rel0p5x.npz,axis_edge_parallel,0.5,affine_linear,1,True,4,16,40,10,0.0001,0.2031569534631044,0.1987702079556674,0.3462725331788097,0.22093321870335805,7.017681010255871e-05
33,response_tables/trial_00033_hard_negative_structure_obs-empirical_prior-axis_edge_parallel_rel0p5x.npz,axis_edge_parallel,0.5,affine_quadratic,2,True,4,16,40,10,0.0001,0.4200945759069472,0.45035890509954735,0.5632363377922509,0.006150968478596912,0.0012307158154104205
33,response_tables/trial_00033_hard_negative_structure_obs-empirical_prior-axis_edge_orthogonal_rel0p5x.npz,axis_edge_orthogonal,0.5,linear,1,False,4,16,40,10,0.0001,-0.004758332105575469,-0.004612071368290227,0.006830646368822857,7.730556753720379e-05,
33,response_tables/trial_00033_hard_negative_structure_obs-empirical_prior-axis_edge_orthogonal_rel0p5x.npz,axis_edge_orthogonal,0.5,quadratic,2,False,4,16,40,10,0.0001,0.2605417744972969,0.30192005862711485,0.4167878029373615,0.006190025752177095,8.191570323693384e-07
33,response_tables/trial_00033_hard_negative_structure_obs-empirical_prior-axis_edge_orthogonal_rel0p5x.npz,axis_edge_orthogonal,0.5,cubic,3,False,4,16,40,10,0.0001,0.05670302899356955,0.0589882539768542,0.42323729140081123,0.14143693916956557,0.003519639741625175
33,response_tables/trial_00033_hard_negative_structure_obs-empirical_prior-axis_edge_orthogonal_rel0p5x.npz,axis_edge_orthogonal,0.5,affine_linear,1,True,4,16,40,10,0.0001,0.23480460183751228,0.22774481889089493,0.3615552110012471,0.1135970942530245,4.1531780597044136e-05
33,response_tables/trial_00033_hard_negative_structure_obs-empirical_prior-axis_edge_orthogonal_rel0p5x.npz,axis_edge_orthogonal,0.5,affine_quadratic,2,True,4,16,40,10,0.0001,0.41264423384989396,0.4068602733017639,0.5514697937876892,0.008109506220724861,0.0012249534559729894
34,response_tables/trial_00034_hard_negative_structure_obs-empirical_prior-axis_edge_parallel_rel1x.npz,axis_edge_parallel,1.0,linear,1,False,4,16,40,10,0.0001,-0.0014727045965641783,-0.0014369727666331267,0.0019443603144995991,0.00032237478222358023,
34,response_tables/trial_00034_hard_negative_structure_obs-empirical_prior-axis_edge_parallel_rel1x.npz,axis_edge_parallel,1.0,quadratic,2,False,4,16,40,10,0.0001,0.3514529305157491,0.35233870201966694,0.37694555310122047,0.006056197311517625,1.0626916154425444e-06
34,response_tables/trial_00034_hard_negative_structure_obs-empirical_prior-axis_edge_parallel_rel1x.npz,axis_edge_parallel,1.0,cubic,3,False,4,16,40,10,0.0001,0.3397736775488932,0.34044238065134114,0.381479214750473,0.2892222522981198,0.003008327894823238
34,response_tables/trial_00034_hard_negative_structure_obs-empirical_prior-axis_edge_parallel_rel1x.npz,axis_edge_parallel,1.0,affine_linear,1,True,4,16,40,10,0.0001,0.609916258345087,0.6118280462738737,0.6409582326899896,0.3136027121127578,6.622087583420078e-05
34,response_tables/trial_00034_hard_negative_structure_obs-empirical_prior-axis_edge_parallel_rel1x.npz,axis_edge_parallel,1.0,affine_quadratic,2,True,4,16,40,10,0.0001,0.6484580793387169,0.6504475744212581,0.6804363373057555,0.018284234078026648,0.008505358252480322
34,response_tables/trial_00034_hard_negative_structure_obs-empirical_prior-axis_edge_orthogonal_rel1x.npz,axis_edge_orthogonal,1.0,linear,1,False,4,16,40,10,0.0001,-0.001374871220274021,-0.001423660140276728,0.002791948321693938,0.00016692711595796923,
34,response_tables/trial_00034_hard_negative_structure_obs-empirical_prior-axis_edge_orthogonal_rel1x.npz,axis_edge_orthogonal,1.0,quadratic,2,False,4,16,40,10,0.0001,0.3464939021334226,0.3463324620675596,0.36949164671444545,0.007796431052981305,7.746155388786821e-07
34,response_tables/trial_00034_hard_negative_structure_obs-empirical_prior-axis_edge_orthogonal_rel1x.npz,axis_edge_orthogonal,1.0,cubic,3,False,4,16,40,10,0.0001,0.3341726507726346,0.33262594146463215,0.37367899993091713,0.3205910743747396,0.0031461944792378427
34,response_tables/trial_00034_hard_negative_structure_obs-empirical_prior-axis_edge_orthogonal_rel1x.npz,axis_edge_orthogonal,1.0,affine_linear,1,True,4,16,40,10,0.0001,0.6385301313838698,0.6295199274089276,0.6639174718461147,0.29415143291122176,4.231127303345458e-05
34,response_tables/trial_00034_hard_negative_structure_obs-empirical_prior-axis_edge_orthogonal_rel1x.npz,axis_edge_orthogonal,1.0,affine_quadratic,2,True,4,16,40,10,0.0001,0.6719105251183775,0.6671954904222731,0.6973319854638674,0.02373794284589681,0.008895166180855651
35,response_tables/trial_00035_hard_negative_structure_obs-empirical_prior-axis_edge_parallel_rel2x.npz,axis_edge_parallel,2.0,linear,1,False,4,16,40,10,0.0001,0.002638225627887514,0.00424582829530884,0.004911628291731807,0.00014250406972371736,
35,response_tables/trial_00035_hard_negative_structure_obs-empirical_prior-axis_edge_parallel_rel2x.npz,axis_edge_parallel,2.0,quadratic,2,False,4,16,40,10,0.0001,0.4102608841267844,0.4024096512218713,0.42512794016340427,0.005147167845368481,1.0652031944589882e-06
35,response_tables/trial_00035_hard_negative_structure_obs-empirical_prior-axis_edge_parallel_rel2x.npz,axis_edge_parallel,2.0,cubic,3,False,4,16,40,10,0.0001,0.4094314213240974,0.4003784871664808,0.4274627591438066,0.2798827074455285,0.00377531940214707
35,response_tables/trial_00035_hard_negative_structure_obs-empirical_prior-axis_edge_parallel_rel2x.npz,axis_edge_parallel,2.0,affine_linear,1,True,4,16,40,10,0.0001,0.8093690588698936,0.8091676275172357,0.813173506657796,0.17110522713457516,5.6208068864844086e-05
35,response_tables/trial_00035_hard_negative_structure_obs-empirical_prior-axis_edge_parallel_rel2x.npz,axis_edge_parallel,2.0,affine_quadratic,2,True,4,16,40,10,0.0001,0.8157447537657571,0.8132422672709564,0.8222128423464153,0.03541460869408167,0.020256921695494687
35,response_tables/trial_00035_hard_negative_structure_obs-empirical_prior-axis_edge_orthogonal_rel2x.npz,axis_edge_orthogonal,2.0,linear,1,False,4,16,40,10,0.0001,0.005606055365199147,0.005662240296512244,0.008091396451345018,0.00013634448203445109,
35,response_tables/trial_00035_hard_negative_structure_obs-empirical_prior-axis_edge_orthogonal_rel2x.npz,axis_edge_orthogonal,2.0,quadratic,2,False,4,16,40,10,0.0001,0.3847192411085202,0.3849052434371649,0.4062964653382891,0.006258800144037956,7.141061823176063e-07
35,response_tables/trial_00035_hard_negative_structure_obs-empirical_prior-axis_edge_orthogonal_rel2x.npz,axis_edge_orthogonal,2.0,cubic,3,False,4,16,40,10,0.0001,0.38359965106564187,0.3821494536281562,0.4084907162433876,0.2880010000760789,0.00454381854050748
35,response_tables/trial_00035_hard_negative_structure_obs-empirical_prior-axis_edge_orthogonal_rel2x.npz,axis_edge_orthogonal,2.0,affine_linear,1,True,4,16,40,10,0.0001,0.8143796140427687,0.8194346960368954,0.8188400109952838,0.2023881129123793,3.035441741042661e-05
35,response_tables/trial_00035_hard_negative_structure_obs-empirical_prior-axis_edge_orthogonal_rel2x.npz,axis_edge_orthogonal,2.0,affine_quadratic,2,True,4,16,40,10,0.0001,0.8156629267742902,0.8195199367951189,0.8241011217747329,0.07744869734652876,0.02178079197639149
36,response_tables/trial_00036_hard_negative_structure_obs-empirical_prior-axis_edge_parallel_rel0p5x.npz,axis_edge_parallel,0.5,linear,1,False,4,16,40,10,0.0001,-0.001511895354127324,-0.0019352793717603012,0.0016536882493227711,7.831299134702309e-05,
36,response_tables/trial_00036_hard_negative_structure_obs-empirical_prior-axis_edge_parallel_rel0p5x.npz,axis_edge_parallel,0.5,quadratic,2,False,4,16,40,10,0.0001,0.1988276090521062,0.2952930039313099,0.37185298046863946,0.004283811831127885,2.620350489765814e-07
36,response_tables/trial_00036_hard_negative_structure_obs-empirical_prior-axis_edge_parallel_rel0p5x.npz,axis_edge_parallel,0.5,cubic,3,False,4,16,40,10,0.0001,0.07610405328129935,0.3626260608300103,0.4291711425457321,0.02527852204181695,0.0012062780554297238
36,response_tables/trial_00036_hard_negative_structure_obs-empirical_prior-axis_edge_parallel_rel0p5x.npz,axis_edge_parallel,0.5,affine_linear,1,True,4,16,40,10,0.0001,0.5155253453559776,0.5225271133765015,0.5638107335245851,0.2604992109495169,1.7800801757511146e-05
36,response_tables/trial_00036_hard_negative_structure_obs-empirical_prior-axis_edge_parallel_rel0p5x.npz,axis_edge_parallel,0.5,affine_quadratic,2,True,4,16,40,10,0.0001,0.5753465350353967,0.5941261740409031,0.659225100289955,0.007125421986181607,0.003573806216027319
36,response_tables/trial_00036_hard_negative_structure_obs-empirical_prior-axis_edge_orthogonal_rel0p5x.npz,axis_edge_orthogonal,0.5,linear,1,False,4,16,40,10,0.0001,0.0003024426342484732,0.0006017342839658713,0.0036573554272842645,3.511474052391792e-05,
36,response_tables/trial_00036_hard_negative_structure_obs-empirical_prior-axis_edge_orthogonal_rel0p5x.npz,axis_edge_orthogonal,0.5,quadratic,2,False,4,16,40,10,0.0001,0.19107637126914412,0.2802967069158587,0.34497535707951965,0.003174241978425592,3.603571252770103e-07
36,response_tables/trial_00036_hard_negative_structure_obs-empirical_prior-axis_edge_orthogonal_rel0p5x.npz,axis_edge_orthogonal,0.5,cubic,3,False,4,16,40,10,0.0001,0.08970861903855834,0.3490776355867978,0.39542300767948035,0.019793303071889624,0.000738418719005383
36,response_tables/trial_00036_hard_negative_structure_obs-empirical_prior-axis_edge_orthogonal_rel0p5x.npz,axis_edge_orthogonal,0.5,affine_linear,1,True,4,16,40,10,0.0001,0.5337106441632542,0.5284020920475045,0.5726079892919691,0.10830503779261659,2.0745701223345095e-05
36,response_tables/trial_00036_hard_negative_structure_obs-empirical_prior-axis_edge_orthogonal_rel0p5x.npz,axis_edge_orthogonal,0.5,affine_quadratic,2,True,4,16,40,10,0.0001,0.5956115514995475,0.6058248520129927,0.6523227028437677,0.005810099730334091,0.0026635827694222063
37,response_tables/trial_00037_hard_negative_structure_obs-empirical_prior-axis_edge_parallel_rel1x.npz,axis_edge_parallel,1.0,linear,1,False,4,16,40,10,0.0001,0.0005927328345173566,0.00135482522196112,0.002583451125416497,0.00014394635326250084,
37,response_tables/trial_00037_hard_negative_structure_obs-empirical_prior-axis_edge_parallel_rel1x.npz,axis_edge_parallel,1.0,quadratic,2,False,4,16,40,10,0.0001,0.3455504714669331,0.34548411862942,0.4012279988065244,0.004761838656854901,5.478361482930612e-07
37,response_tables/trial_00037_hard_negative_structure_obs-empirical_prior-axis_edge_parallel_rel1x.npz,axis_edge_parallel,1.0,cubic,3,False,4,16,40,10,0.0001,0.1457070109066864,0.14165814813961908,0.4089002249385936,0.13485054920587097,0.0019876234629730163
37,response_tables/trial_00037_hard_negative_structure_obs-empirical_prior-axis_edge_parallel_rel1x.npz,axis_edge_parallel,1.0,affine_linear,1,True,4,16,40,10,0.0001,0.6803462032918672,0.6894211724764072,0.6895274811416252,0.23314051956294857,3.315649674121893e-05
37,response_tables/trial_00037_hard_negative_structure_obs-empirical_prior-axis_edge_parallel_rel1x.npz,axis_edge_parallel,1.0,affine_quadratic,2,True,4,16,40,10,0.0001,0.7104832791288851,0.7223350809392755,0.7387083652894725,0.01080413380921276,0.005853704200893234
37,response_tables/trial_00037_hard_negative_structure_obs-empirical_prior-axis_edge_orthogonal_rel1x.npz,axis_edge_orthogonal,1.0,linear,1,False,4,16,40,10,0.0001,0.004369032783597987,0.0035990303777224675,0.006387852070318445,9.538646181247686e-05,
37,response_tables/trial_00037_hard_negative_structure_obs-empirical_prior-axis_edge_orthogonal_rel1x.npz,axis_edge_orthogonal,1.0,quadratic,2,False,4,16,40,10,0.0001,0.30802690866968435,0.30842196407788663,0.35902569785139193,0.005563230148854565,7.882198854150776e-07
37,response_tables/trial_00037_hard_negative_structure_obs-empirical_prior-axis_edge_orthogonal_rel1x.npz,axis_edge_orthogonal,1.0,cubic,3,False,4,16,40,10,0.0001,0.1008441451061062,0.10391238236534417,0.3632949424038393,0.0992647017285745,0.0038183833070769904
37,response_tables/trial_00037_hard_negative_structure_obs-empirical_prior-axis_edge_orthogonal_rel1x.npz,axis_edge_orthogonal,1.0,affine_linear,1,True,4,16,40,10,0.0001,0.7098519432604931,0.6921341745013407,0.7175703124980513,0.18672586901185811,3.991012224972764e-05
37,response_tables/trial_00037_hard_negative_structure_obs-empirical_prior-axis_edge_orthogonal_rel1x.npz,axis_edge_orthogonal,1.0,affine_quadratic,2,True,4,16,40,10,0.0001,0.7291758061222654,0.7135962388821557,0.7470542176907793,0.016912030935924312,0.009101167632289327
38,response_tables/trial_00038_hard_negative_structure_obs-empirical_prior-axis_edge_parallel_rel2x.npz,axis_edge_parallel,2.0,linear,1,False,4,16,40,10,0.0001,0.0006465891716074534,0.0006007025589152559,0.0022347162194228387,0.0001755656897585206,
38,response_tables/trial_00038_hard_negative_structure_obs-empirical_prior-axis_edge_parallel_rel2x.npz,axis_edge_parallel,2.0,quadratic,2,False,4,16,40,10,0.0001,-1.2462052028020971,-1.204992089074726,0.1396074266523849,0.01616501950946718,1.2409089565414859e-06
38,response_tables/trial_00038_hard_negative_structure_obs-empirical_prior-axis_edge_parallel_rel2x.npz,axis_edge_parallel,2.0,cubic,3,False,4,16,40,10,0.0001,-5.107461962020177,-2.9403071985645397,0.4418689332146135,0.004252201960978235,0.0007482819375724025
38,response_tables/trial_00038_hard_negative_structure_obs-empirical_prior-axis_edge_parallel_rel2x.npz,axis_edge_parallel,2.0,affine_linear,1,True,4,16,40,10,0.0001,0.8089700383852194,0.8067301319857008,0.8147016328817577,0.25359204755925185,2.6356040128506552e-05
38,response_tables/trial_00038_hard_negative_structure_obs-empirical_prior-axis_edge_parallel_rel2x.npz,axis_edge_parallel,2.0,affine_quadratic,2,True,4,16,40,10,0.0001,0.704968886489219,0.708071814715084,0.817405960878685,0.10763084613341131,0.07029753056364751
38,response_tables/trial_00038_hard_negative_structure_obs-empirical_prior-axis_edge_orthogonal_rel2x.npz,axis_edge_orthogonal,2.0,linear,1,False,4,16,40,10,0.0001,0.0006593243189959574,0.0005544583141522397,0.0028200466394877055,8.17662880857231e-05,
38,response_tables/trial_00038_hard_negative_structure_obs-empirical_prior-axis_edge_orthogonal_rel2x.npz,axis_edge_orthogonal,2.0,quadratic,2,False,4,16,40,10,0.0001,-1.07535467171899,-1.0564876516463622,0.12511898533918187,0.01319877277612001,1.2860549021866604e-06
38,response_tables/trial_00038_hard_negative_structure_obs-empirical_prior-axis_edge_orthogonal_rel2x.npz,axis_edge_orthogonal,2.0,cubic,3,False,4,16,40,10,0.0001,-4.823287167536901,-3.5714736767533437,0.3888103953567572,0.0031072060875638337,0.001229457038109838
38,response_tables/trial_00038_hard_negative_structure_obs-empirical_prior-axis_edge_orthogonal_rel2x.npz,axis_edge_orthogonal,2.0,affine_linear,1,True,4,16,40,10,0.0001,0.8324692408422467,0.818783794279883,0.8366820217536657,0.17975810910991907,2.3370501103090915e-05
38,response_tables/trial_00038_hard_negative_structure_obs-empirical_prior-axis_edge_orthogonal_rel2x.npz,axis_edge_orthogonal,2.0,affine_quadratic,2,True,4,16,40,10,0.0001,0.799821323625959,0.7956410318070511,0.8374109924305974,0.1997357480695598,0.0965771090609772
39,response_tables/trial_00039_hard_negative_structure_obs-empirical_prior-axis_edge_parallel_rel0p5x.npz,axis_edge_parallel,0.5,linear,1,False,4,16,40,10,0.0001,0.0016946283225647285,0.0013475943978880633,0.004407726069764223,1.2439865853194368e-05,
39,response_tables/trial_00039_hard_negative_structure_obs-empirical_prior-axis_edge_parallel_rel0p5x.npz,axis_edge_parallel,0.5,quadratic,2,False,4,16,40,10,0.0001,0.47324949590866994,0.4853888224675701,0.49550425658385516,0.004126223192497611,8.214659446250073e-08
39,response_tables/trial_00039_hard_negative_structure_obs-empirical_prior-axis_edge_parallel_rel0p5x.npz,axis_edge_parallel,0.5,cubic,3,False,4,16,40,10,0.0001,0.4718161425130928,0.48457677195069,0.49948603538760517,0.08047468114118528,0.0030699377491989685
39,response_tables/trial_00039_hard_negative_structure_obs-empirical_prior-axis_edge_parallel_rel0p5x.npz,axis_edge_parallel,0.5,affine_linear,1,True,4,16,40,10,0.0001,0.31256781569297265,0.3020803721295497,0.37367091607522324,0.19859966218641845,8.894193366598365e-06
39,response_tables/trial_00039_hard_negative_structure_obs-empirical_prior-axis_edge_parallel_rel0p5x.npz,axis_edge_parallel,0.5,affine_quadratic,2,True,4,16,40,10,0.0001,0.5701386174637021,0.5567089255766449,0.6020090243929097,0.005866169644437558,0.0006835623283602996
39,response_tables/trial_00039_hard_negative_structure_obs-empirical_prior-axis_edge_orthogonal_rel0p5x.npz,axis_edge_orthogonal,0.5,linear,1,False,4,16,40,10,0.0001,0.0011071001256548474,0.0008411362025143587,0.002289653952275761,1.6975504300420328e-05,
39,response_tables/trial_00039_hard_negative_structure_obs-empirical_prior-axis_edge_orthogonal_rel0p5x.npz,axis_edge_orthogonal,0.5,quadratic,2,False,4,16,40,10,0.0001,0.4082325562224282,0.41499197118634507,0.4286847829856043,0.0018243776315205198,7.873976709823108e-08
39,response_tables/trial_00039_hard_negative_structure_obs-empirical_prior-axis_edge_orthogonal_rel0p5x.npz,axis_edge_orthogonal,0.5,cubic,3,False,4,16,40,10,0.0001,0.40965291002358767,0.41843783067503476,0.4372063576135837,0.1677033626344695,0.0012380562821892875
39,response_tables/trial_00039_hard_negative_structure_obs-empirical_prior-axis_edge_orthogonal_rel0p5x.npz,axis_edge_orthogonal,0.5,affine_linear,1,True,4,16,40,10,0.0001,0.4043865244379353,0.41058692004858194,0.4241403696289582,0.15300363014663365,1.2638538926527052e-05
39,response_tables/trial_00039_hard_negative_structure_obs-empirical_prior-axis_edge_orthogonal_rel0p5x.npz,axis_edge_orthogonal,0.5,affine_quadratic,2,True,4,16,40,10,0.0001,0.571658275677144,0.5687912847932938,0.5866289713715014,0.002224989559006127,0.0008668961455393409
40,response_tables/trial_00040_hard_negative_structure_obs-empirical_prior-axis_edge_parallel_rel1x.npz,axis_edge_parallel,1.0,linear,1,False,4,16,40,10,0.0001,0.002820884151633729,0.001790863368367257,0.005065266739217866,3.679218408844644e-05,
40,response_tables/trial_00040_hard_negative_structure_obs-empirical_prior-axis_edge_parallel_rel1x.npz,axis_edge_parallel,1.0,quadratic,2,False,4,16,40,10,0.0001,0.4208709828969024,0.41968563052457525,0.48510098228089393,0.005472889788185203,2.6811622234502056e-07
40,response_tables/trial_00040_hard_negative_structure_obs-empirical_prior-axis_edge_parallel_rel1x.npz,axis_edge_parallel,1.0,cubic,3,False,4,16,40,10,0.0001,0.3831413009379693,0.40598859042628055,0.4877333196977643,0.1658067722879858,0.005362396022147683
40,response_tables/trial_00040_hard_negative_structure_obs-empirical_prior-axis_edge_parallel_rel1x.npz,axis_edge_parallel,1.0,affine_linear,1,True,4,16,40,10,0.0001,0.38908398761136814,0.36296477210332234,0.48154086046602,0.19361257433428253,1.905916902733581e-05
40,response_tables/trial_00040_hard_negative_structure_obs-empirical_prior-axis_edge_parallel_rel1x.npz,axis_edge_parallel,1.0,affine_quadratic,2,True,4,16,40,10,0.0001,0.6172873838570856,0.5991395845116956,0.6709387144360336,0.007917487792941042,0.0019383529707552305
40,response_tables/trial_00040_hard_negative_structure_obs-empirical_prior-axis_edge_orthogonal_rel1x.npz,axis_edge_orthogonal,1.0,linear,1,False,4,16,40,10,0.0001,0.001218614902401799,0.0005212951910997243,0.003935478201182924,3.383259385865781e-05,
40,response_tables/trial_00040_hard_negative_structure_obs-empirical_prior-axis_edge_orthogonal_rel1x.npz,axis_edge_orthogonal,1.0,quadratic,2,False,4,16,40,10,0.0001,0.357881307965332,0.36052340290440255,0.4160494936019018,0.0038857618813985936,2.5019883287884587e-07
40,response_tables/trial_00040_hard_negative_structure_obs-empirical_prior-axis_edge_orthogonal_rel1x.npz,axis_edge_orthogonal,1.0,cubic,3,False,4,16,40,10,0.0001,0.31612750031351067,0.33018412832896626,0.41771898105370353,0.15520267801751025,0.003799711885399736
40,response_tables/trial_00040_hard_negative_structure_obs-empirical_prior-axis_edge_orthogonal_rel1x.npz,axis_edge_orthogonal,1.0,affine_linear,1,True,4,16,40,10,0.0001,0.5337179180241012,0.5330075610388727,0.5897500775721891,0.19561848436382,1.539232041723351e-05
40,response_tables/trial_00040_hard_negative_structure_obs-empirical_prior-axis_edge_orthogonal_rel1x.npz,axis_edge_orthogonal,1.0,affine_quadratic,2,True,4,16,40,10,0.0001,0.67806874389742,0.6791982592795647,0.7032334205705142,0.006353279490829438,0.002908144339230126
41,response_tables/trial_00041_hard_negative_structure_obs-empirical_prior-axis_edge_parallel_rel2x.npz,axis_edge_parallel,2.0,linear,1,False,4,16,40,10,0.0001,0.0017807053530181916,0.0024625156931085135,0.004072776187405286,6.922566273069785e-05,
41,response_tables/trial_00041_hard_negative_structure_obs-empirical_prior-axis_edge_parallel_rel2x.npz,axis_edge_parallel,2.0,quadratic,2,False,4,16,40,10,0.0001,0.4073324442926377,0.4107132895743987,0.41777361727870915,0.006288139124164853,5.067269922149824e-07
41,response_tables/trial_00041_hard_negative_structure_obs-empirical_prior-axis_edge_parallel_rel2x.npz,axis_edge_parallel,2.0,cubic,3,False,4,16,40,10,0.0001,0.42239264953432176,0.4307479110897944,0.4498182160997122,0.021727772867389132,0.0015396680480209862
41,response_tables/trial_00041_hard_negative_structure_obs-empirical_prior-axis_edge_parallel_rel2x.npz,axis_edge_parallel,2.0,affine_linear,1,True,4,16,40,10,0.0001,0.7417295325441136,0.7494977692767422,0.7720999692435558,0.22351853249290374,2.5622349823756764e-05
41,response_tables/trial_00041_hard_negative_structure_obs-empirical_prior-axis_edge_parallel_rel2x.npz,axis_edge_parallel,2.0,affine_quadratic,2,True,4,16,40,10,0.0001,0.7659295284204862,0.7693718550112987,0.7906961666862804,0.030767722323772978,0.016008826789701003
41,response_tables/trial_00041_hard_negative_structure_obs-empirical_prior-axis_edge_orthogonal_rel2x.npz,axis_edge_orthogonal,2.0,linear,1,False,4,16,40,10,0.0001,0.0013254284963872265,0.0010680775767994977,0.002939600635398054,7.717278269972482e-05,
41,response_tables/trial_00041_hard_negative_structure_obs-empirical_prior-axis_edge_orthogonal_rel2x.npz,axis_edge_orthogonal,2.0,quadratic,2,False,4,16,40,10,0.0001,0.3489668956349603,0.3491244373189517,0.3655660361055283,0.007792010233910102,4.457720874814923e-07
41,response_tables/trial_00041_hard_negative_structure_obs-empirical_prior-axis_edge_orthogonal_rel2x.npz,axis_edge_orthogonal,2.0,cubic,3,False,4,16,40,10,0.0001,0.3622668593547037,0.3625136622788359,0.3953658818121943,0.016020441879515353,0.002003859266377791
41,response_tables/trial_00041_hard_negative_structure_obs-empirical_prior-axis_edge_orthogonal_rel2x.npz,axis_edge_orthogonal,2.0,affine_linear,1,True,4,16,40,10,0.0001,0.7942555210525509,0.7911948999863898,0.804427804396503,0.33192650224000264,2.3519643926287854e-05
41,response_tables/trial_00041_hard_negative_structure_obs-empirical_prior-axis_edge_orthogonal_rel2x.npz,axis_edge_orthogonal,2.0,affine_quadratic,2,True,4,16,40,10,0.0001,0.7961307749471129,0.7937798862037058,0.8090668478656673,0.09417509600545948,0.029463613662851877
42,response_tables/trial_00042_hard_negative_structure_obs-empirical_prior-axis_edge_parallel_rel0p5x.npz,axis_edge_parallel,0.5,linear,1,False,4,16,40,10,0.0001,-0.01139360346395002,-0.012689388876688912,0.0015282204824713097,0.0002713945083030099,
42,response_tables/trial_00042_hard_negative_structure_obs-empirical_prior-axis_edge_parallel_rel0p5x.npz,axis_edge_parallel,0.5,quadratic,2,False,4,16,40,10,0.0001,0.07495178165910008,0.07665793804761728,0.3317997656369173,0.008461143807637843,3.5575678413312296e-07
42,response_tables/trial_00042_hard_negative_structure_obs-empirical_prior-axis_edge_parallel_rel0p5x.npz,axis_edge_parallel,0.5,cubic,3,False,4,16,40,10,0.0001,-0.7685275877749831,-0.7981742408773047,0.35658446007972616,0.03571525970608174,0.0027488913548129835
42,response_tables/trial_00042_hard_negative_structure_obs-empirical_prior-axis_edge_parallel_rel0p5x.npz,axis_edge_parallel,0.5,affine_linear,1,True,4,16,40,10,0.0001,0.39123852341488846,0.40013345514238363,0.4255028691187912,0.5432685934926073,3.598370958155269e-05
42,response_tables/trial_00042_hard_negative_structure_obs-empirical_prior-axis_edge_parallel_rel0p5x.npz,axis_edge_parallel,0.5,affine_quadratic,2,True,4,16,40,10,0.0001,0.40284936146589734,0.3970625500551421,0.5400886200165692,0.013092239427222478,0.0019699955067193223
42,response_tables/trial_00042_hard_negative_structure_obs-empirical_prior-axis_edge_orthogonal_rel0p5x.npz,axis_edge_orthogonal,0.5,linear,1,False,4,16,40,10,0.0001,-0.012010435395526653,-0.0145305836845937,0.0010884097293726858,0.00010060528646131206,
42,response_tables/trial_00042_hard_negative_structure_obs-empirical_prior-axis_edge_orthogonal_rel0p5x.npz,axis_edge_orthogonal,0.5,quadratic,2,False,4,16,40,10,0.0001,-0.026804122830825866,-0.03909242181411987,0.28851315997957094,0.005391925401995713,3.7893672245746386e-07
42,response_tables/trial_00042_hard_negative_structure_obs-empirical_prior-axis_edge_orthogonal_rel0p5x.npz,axis_edge_orthogonal,0.5,cubic,3,False,4,16,40,10,0.0001,-0.9333879354782885,-0.9760514334553516,0.31828078687319106,0.03578876093727014,0.002111701429979473
42,response_tables/trial_00042_hard_negative_structure_obs-empirical_prior-axis_edge_orthogonal_rel0p5x.npz,axis_edge_orthogonal,0.5,affine_linear,1,True,4,16,40,10,0.0001,0.4557518831950018,0.44754814878861593,0.4854839416595294,0.3580325945339175,3.7627701880843224e-05
42,response_tables/trial_00042_hard_negative_structure_obs-empirical_prior-axis_edge_orthogonal_rel0p5x.npz,axis_edge_orthogonal,0.5,affine_quadratic,2,True,4,16,40,10,0.0001,0.40933391236247296,0.3687381157151718,0.5622736098413882,0.009084717840960297,0.002639102180178197
43,response_tables/trial_00043_hard_negative_structure_obs-empirical_prior-axis_edge_parallel_rel1x.npz,axis_edge_parallel,1.0,linear,1,False,4,16,40,10,0.0001,0.0012629811230496224,0.0017736539196874235,0.0046904694531464675,3.895180696205176e-05,
43,response_tables/trial_00043_hard_negative_structure_obs-empirical_prior-axis_edge_parallel_rel1x.npz,axis_edge_parallel,1.0,quadratic,2,False,4,16,40,10,0.0001,0.38971730715469965,0.3890042994009889,0.434614588680743,0.005265610908884768,2.5412708360985157e-07
43,response_tables/trial_00043_hard_negative_structure_obs-empirical_prior-axis_edge_parallel_rel1x.npz,axis_edge_parallel,1.0,cubic,3,False,4,16,40,10,0.0001,0.3168756152851483,0.2987545662100143,0.4385511045497933,0.31438072765604985,0.005058861598940564
43,response_tables/trial_00043_hard_negative_structure_obs-empirical_prior-axis_edge_parallel_rel1x.npz,axis_edge_parallel,1.0,affine_linear,1,True,4,16,40,10,0.0001,0.6385387856213623,0.6437627153903092,0.6612265716736017,0.19930109330136644,1.8888452086128122e-05
43,response_tables/trial_00043_hard_negative_structure_obs-empirical_prior-axis_edge_parallel_rel1x.npz,axis_edge_parallel,1.0,affine_quadratic,2,True,4,16,40,10,0.0001,0.7087657243741442,0.716045067328442,0.7375438466641054,0.009962097676213727,0.004413018695258671
43,response_tables/trial_00043_hard_negative_structure_obs-empirical_prior-axis_edge_orthogonal_rel1x.npz,axis_edge_orthogonal,1.0,linear,1,False,4,16,40,10,0.0001,0.004320685584782963,0.005447029744423071,0.009296157553253026,3.3517766549952736e-05,
43,response_tables/trial_00043_hard_negative_structure_obs-empirical_prior-axis_edge_orthogonal_rel1x.npz,axis_edge_orthogonal,1.0,quadratic,2,False,4,16,40,10,0.0001,0.3246430004046087,0.3196298897765544,0.3690299451922207,0.009342155794714181,3.533102304587013e-07
43,response_tables/trial_00043_hard_negative_structure_obs-empirical_prior-axis_edge_orthogonal_rel1x.npz,axis_edge_orthogonal,1.0,cubic,3,False,4,16,40,10,0.0001,0.25488679207294856,0.23675721625049007,0.3730690389276284,0.35007870879442515,0.006234910188390688
43,response_tables/trial_00043_hard_negative_structure_obs-empirical_prior-axis_edge_orthogonal_rel1x.npz,axis_edge_orthogonal,1.0,affine_linear,1,True,4,16,40,10,0.0001,0.6919239422754323,0.6885060508689167,0.7138712925582154,0.17561659684414735,1.888695768934964e-05
43,response_tables/trial_00043_hard_negative_structure_obs-empirical_prior-axis_edge_orthogonal_rel1x.npz,axis_edge_orthogonal,1.0,affine_quadratic,2,True,4,16,40,10,0.0001,0.7262863517873261,0.7209575376922412,0.7520699977392479,0.02684020227489683,0.009506783635930554
44,response_tables/trial_00044_hard_negative_structure_obs-empirical_prior-axis_edge_parallel_rel2x.npz,axis_edge_parallel,2.0,linear,1,False,4,16,40,10,0.0001,-0.0002468111965187869,-0.0005372217041471061,0.0033030746378922837,0.00013848442916341701,
44,response_tables/trial_00044_hard_negative_structure_obs-empirical_prior-axis_edge_parallel_rel2x.npz,axis_edge_parallel,2.0,quadratic,2,False,4,16,40,10,0.0001,0.2127911936794699,0.22300102007584133,0.28615982852995425,0.00785195831721344,1.5820394093026686e-06
44,response_tables/trial_00044_hard_negative_structure_obs-empirical_prior-axis_edge_parallel_rel2x.npz,axis_edge_parallel,2.0,cubic,3,False,4,16,40,10,0.0001,0.11936359888701012,0.08859151208180521,0.3147251400353205,0.10092362572987806,0.003018073488965333
44,response_tables/trial_00044_hard_negative_structure_obs-empirical_prior-axis_edge_parallel_rel2x.npz,axis_edge_parallel,2.0,affine_linear,1,True,4,16,40,10,0.0001,0.8092850193868291,0.8077695531823654,0.8191171014066844,0.23850927652427928,4.849798070360683e-05
44,response_tables/trial_00044_hard_negative_structure_obs-empirical_prior-axis_edge_parallel_rel2x.npz,axis_edge_parallel,2.0,affine_quadratic,2,True,4,16,40,10,0.0001,0.8116524267269514,0.8076953244268308,0.8251833747498731,0.09937157127388246,0.0371699960420458
44,response_tables/trial_00044_hard_negative_structure_obs-empirical_prior-axis_edge_orthogonal_rel2x.npz,axis_edge_orthogonal,2.0,linear,1,False,4,16,40,10,0.0001,0.003463207156103043,0.003323463896048484,0.0062322599129433776,7.693302571523539e-05,
44,response_tables/trial_00044_hard_negative_structure_obs-empirical_prior-axis_edge_orthogonal_rel2x.npz,axis_edge_orthogonal,2.0,quadratic,2,False,4,16,40,10,0.0001,0.193429117321605,0.19619990175584023,0.2591070873473811,0.008155339234594845,1.3176604011319204e-06
44,response_tables/trial_00044_hard_negative_structure_obs-empirical_prior-axis_edge_orthogonal_rel2x.npz,axis_edge_orthogonal,2.0,cubic,3,False,4,16,40,10,0.0001,0.06627314184345567,0.01785937797038195,0.2816174173480356,0.078591385797704,0.0038239095894075825
44,response_tables/trial_00044_hard_negative_structure_obs-empirical_prior-axis_edge_orthogonal_rel2x.npz,axis_edge_orthogonal,2.0,affine_linear,1,True,4,16,40,10,0.0001,0.8183203468536712,0.8209535180586778,0.8232815202612513,0.15590061610304606,3.531952946501108e-05
44,response_tables/trial_00044_hard_negative_structure_obs-empirical_prior-axis_edge_orthogonal_rel2x.npz,axis_edge_orthogonal,2.0,affine_quadratic,2,True,4,16,40,10,0.0001,0.8179343619353723,0.8216227289144502,0.8254646848580003,0.22714650315443352,0.04795695001192357
45,response_tables/trial_00045_hard_negative_structure_obs-empirical_prior-axis_edge_parallel_rel0p5x.npz,axis_edge_parallel,0.5,linear,1,False,4,16,40,10,0.0001,0.00019021156129409023,0.0010272783877347536,0.0030332761352847293,5.5118343126088804e-05,
45,response_tables/trial_00045_hard_negative_structure_obs-empirical_prior-axis_edge_parallel_rel0p5x.npz,axis_edge_parallel,0.5,quadratic,2,False,4,16,40,10,0.0001,0.1954752122262049,0.20008816963339793,0.4343625997902082,0.0044443066226211815,4.4525949669633105e-08
45,response_tables/trial_00045_hard_negative_structure_obs-empirical_prior-axis_edge_parallel_rel0p5x.npz,axis_edge_parallel,0.5,cubic,3,False,4,16,40,10,0.0001,0.19651021177260886,0.20087622750943612,0.43648913425990554,0.14068516831733585,0.003386308073129982
45,response_tables/trial_00045_hard_negative_structure_obs-empirical_prior-axis_edge_parallel_rel0p5x.npz,axis_edge_parallel,0.5,affine_linear,1,True,4,16,40,10,0.0001,0.25892712002060014,0.2682577070641349,0.3711875329324615,0.22121471133885473,1.0994373704006808e-05
45,response_tables/trial_00045_hard_negative_structure_obs-empirical_prior-axis_edge_parallel_rel0p5x.npz,axis_edge_parallel,0.5,affine_quadratic,2,True,4,16,40,10,0.0001,0.4434365217679189,0.4597051952205292,0.5780481833046931,0.0060053083047484496,0.0005646338635983354
45,response_tables/trial_00045_hard_negative_structure_obs-empirical_prior-axis_edge_orthogonal_rel0p5x.npz,axis_edge_orthogonal,0.5,linear,1,False,4,16,40,10,0.0001,-0.00675792998153929,-0.002398465090063473,0.0018324867524098232,4.948237265561458e-05,
45,response_tables/trial_00045_hard_negative_structure_obs-empirical_prior-axis_edge_orthogonal_rel0p5x.npz,axis_edge_orthogonal,0.5,quadratic,2,False,4,16,40,10,0.0001,-0.1347771792268432,-0.06929816113709003,0.34474531120469754,0.004302055767958236,5.897557915931084e-08
45,response_tables/trial_00045_hard_negative_structure_obs-empirical_prior-axis_edge_orthogonal_rel0p5x.npz,axis_edge_orthogonal,0.5,cubic,3,False,4,16,40,10,0.0001,-0.1319786573329764,-0.06762475084435449,0.3493571298066166,0.0674487058197185,0.0028980857411997664
45,response_tables/trial_00045_hard_negative_structure_obs-empirical_prior-axis_edge_orthogonal_rel0p5x.npz,axis_edge_orthogonal,0.5,affine_linear,1,True,4,16,40,10,0.0001,0.39597612575454577,0.4019256562651052,0.4781054203962183,0.35066784235460446,1.2458437603806283e-05
45,response_tables/trial_00045_hard_negative_structure_obs-empirical_prior-axis_edge_orthogonal_rel0p5x.npz,axis_edge_orthogonal,0.5,affine_quadratic,2,True,4,16,40,10,0.0001,0.4162840512722621,0.4478379089455335,0.5959644291498286,0.007143389754967285,0.001038521430520532
46,response_tables/trial_00046_hard_negative_structure_obs-empirical_prior-axis_edge_parallel_rel1x.npz,axis_edge_parallel,1.0,linear,1,False,4,16,40,10,0.0001,-0.003407075658392378,-0.0034569048237079736,0.0018583902986597511,0.00010143287676273541,
46,response_tables/trial_00046_hard_negative_structure_obs-empirical_prior-axis_edge_parallel_rel1x.npz,axis_edge_parallel,1.0,quadratic,2,False,4,16,40,10,0.0001,0.32403051784581516,0.313916875121193,0.37342249778762204,0.005054382841679788,8.768589154450435e-07
46,response_tables/trial_00046_hard_negative_structure_obs-empirical_prior-axis_edge_parallel_rel1x.npz,axis_edge_parallel,1.0,cubic,3,False,4,16,40,10,0.0001,0.21383027518141798,0.20320497760651296,0.38146726392113683,0.15778769718280689,0.002717233949815565
46,response_tables/trial_00046_hard_negative_structure_obs-empirical_prior-axis_edge_parallel_rel1x.npz,axis_edge_parallel,1.0,affine_linear,1,True,4,16,40,10,0.0001,0.5265876658485227,0.5605699774716398,0.5865407159730969,0.3190226989221667,5.720637920937181e-05
46,response_tables/trial_00046_hard_negative_structure_obs-empirical_prior-axis_edge_parallel_rel1x.npz,axis_edge_parallel,1.0,affine_quadratic,2,True,4,16,40,10,0.0001,0.6188174585304473,0.6387383387606642,0.6638724054916445,0.009435492954952737,0.002798188236138641
46,response_tables/trial_00046_hard_negative_structure_obs-empirical_prior-axis_edge_orthogonal_rel1x.npz,axis_edge_orthogonal,1.0,linear,1,False,4,16,40,10,0.0001,-0.004740103361789483,-0.004776534752482631,0.001910408029641819,9.443956027937024e-05,
46,response_tables/trial_00046_hard_negative_structure_obs-empirical_prior-axis_edge_orthogonal_rel1x.npz,axis_edge_orthogonal,1.0,quadratic,2,False,4,16,40,10,0.0001,0.24485259091721415,0.2523318359288975,0.33712786162924824,0.0027796518784011137,5.577514795778424e-07
46,response_tables/trial_00046_hard_negative_structure_obs-empirical_prior-axis_edge_orthogonal_rel1x.npz,axis_edge_orthogonal,1.0,cubic,3,False,4,16,40,10,0.0001,0.06865850929723138,0.11979662806233249,0.34502926452228067,0.12671287768905892,0.0019555153777438628
46,response_tables/trial_00046_hard_negative_structure_obs-empirical_prior-axis_edge_orthogonal_rel1x.npz,axis_edge_orthogonal,1.0,affine_linear,1,True,4,16,40,10,0.0001,0.6579395673824908,0.6612805446383999,0.6861958178892198,0.14949860567395448,3.427844358922941e-05
46,response_tables/trial_00046_hard_negative_structure_obs-empirical_prior-axis_edge_orthogonal_rel1x.npz,axis_edge_orthogonal,1.0,affine_quadratic,2,True,4,16,40,10,0.0001,0.7069409991979816,0.7088105121989478,0.7274231377815237,0.011270230894528412,0.004370314800976588
47,response_tables/trial_00047_hard_negative_structure_obs-empirical_prior-axis_edge_parallel_rel2x.npz,axis_edge_parallel,2.0,linear,1,False,4,16,40,10,0.0001,-0.002346614963912308,-0.0024804923639418774,0.0003971839094701335,0.0003355710481849805,
47,response_tables/trial_00047_hard_negative_structure_obs-empirical_prior-axis_edge_parallel_rel2x.npz,axis_edge_parallel,2.0,quadratic,2,False,4,16,40,10,0.0001,0.21642311809948173,0.21719647879524157,0.26862287725615724,0.0033327879347330846,1.3524287944800788e-06
47,response_tables/trial_00047_hard_negative_structure_obs-empirical_prior-axis_edge_parallel_rel2x.npz,axis_edge_parallel,2.0,cubic,3,False,4,16,40,10,0.0001,0.18066550517173982,0.1780982765327574,0.2876979097448811,0.07282373002886362,0.0016076073615363996
47,response_tables/trial_00047_hard_negative_structure_obs-empirical_prior-axis_edge_parallel_rel2x.npz,axis_edge_parallel,2.0,affine_linear,1,True,4,16,40,10,0.0001,0.7203846832049112,0.7304723693492876,0.729150391755249,0.11750496490143647,4.332360166301897e-05
47,response_tables/trial_00047_hard_negative_structure_obs-empirical_prior-axis_edge_parallel_rel2x.npz,axis_edge_parallel,2.0,affine_quadratic,2,True,4,16,40,10,0.0001,0.7152748941490283,0.7253514764408626,0.7336339515168299,0.10857277859150455,0.02383374772395512
47,response_tables/trial_00047_hard_negative_structure_obs-empirical_prior-axis_edge_orthogonal_rel2x.npz,axis_edge_orthogonal,2.0,linear,1,False,4,16,40,10,0.0001,-0.0014769315539908678,-0.0014939849153022822,0.00027582804448955667,0.00034641587461606646,
47,response_tables/trial_00047_hard_negative_structure_obs-empirical_prior-axis_edge_orthogonal_rel2x.npz,axis_edge_orthogonal,2.0,quadratic,2,False,4,16,40,10,0.0001,0.21583735442346916,0.21808723525367069,0.2584196290000267,0.003722213865920537,8.813950344422181e-07
47,response_tables/trial_00047_hard_negative_structure_obs-empirical_prior-axis_edge_orthogonal_rel2x.npz,axis_edge_orthogonal,2.0,cubic,3,False,4,16,40,10,0.0001,0.18504902646629712,0.1890265212786435,0.2758404406786436,0.07365652537113723,0.0016653723522019816
47,response_tables/trial_00047_hard_negative_structure_obs-empirical_prior-axis_edge_orthogonal_rel2x.npz,axis_edge_orthogonal,2.0,affine_linear,1,True,4,16,40,10,0.0001,0.7522992771158038,0.7523371172759855,0.7579467062305488,0.12026915922809167,2.7987507483524203e-05
47,response_tables/trial_00047_hard_negative_structure_obs-empirical_prior-axis_edge_orthogonal_rel2x.npz,axis_edge_orthogonal,2.0,affine_quadratic,2,True,4,16,40,10,0.0001,0.750365446822507,0.7513183021397034,0.7595733927709888,0.18251514638861294,0.03351924071818024
