table_index,trial_id,prior_scale,prior_family,feature_cosine,image_correct,candidate_posterior_true_mass,candidate_posterior_N_eff_fraction,encoder_label,encoder_slug,image_correct_float
0,0,0.5,axis_edge_parallel,0.8955354539306337,True,0.3384094919130818,0.848326664409434,"k=10, ridge 0.01",k10_ridge0p01,1.0
1,0,0.5,axis_edge_orthogonal,0.8950788976900653,True,0.3370243575142621,0.8486057907193576,"k=10, ridge 0.01",k10_ridge0p01,1.0
2,1,1.0,axis_edge_parallel,0.8317489044734371,False,0.225110846061853,0.8695011759217336,"k=10, ridge 0.01",k10_ridge0p01,0.0
3,1,1.0,axis_edge_orthogonal,0.8571588523675182,False,0.2614920945037178,0.8827237212917263,"k=10, ridge 0.01",k10_ridge0p01,0.0
4,2,2.0,axis_edge_parallel,0.7697400196628623,False,0.1443765703019035,0.7141410462082584,"k=10, ridge 0.01",k10_ridge0p01,0.0
5,2,2.0,axis_edge_orthogonal,0.8542817350586118,False,0.2582377717131024,0.8266099755793604,"k=10, ridge 0.01",k10_ridge0p01,0.0
6,3,0.5,axis_edge_parallel,0.8992362454907632,False,0.2052107014269953,0.581426380753597,"k=10, ridge 0.01",k10_ridge0p01,0.0
7,3,0.5,axis_edge_orthogonal,0.9150340770590504,False,0.2749259689415648,0.7096295673591586,"k=10, ridge 0.01",k10_ridge0p01,0.0
8,4,1.0,axis_edge_parallel,0.90740280458316,False,0.2418351092715,0.7908762989888958,"k=10, ridge 0.01",k10_ridge0p01,0.0
9,4,1.0,axis_edge_orthogonal,0.9230531599656582,False,0.2905935095431075,0.8192584915735958,"k=10, ridge 0.01",k10_ridge0p01,0.0
10,5,2.0,axis_edge_parallel,0.8953437931354302,False,0.2098514362970798,0.7568528343565856,"k=10, ridge 0.01",k10_ridge0p01,0.0
11,5,2.0,axis_edge_orthogonal,0.91761718547384,False,0.2722543724953918,0.7950473561579763,"k=10, ridge 0.01",k10_ridge0p01,0.0
12,6,0.5,axis_edge_parallel,0.9952376982542324,True,0.8851888682329336,0.3162628346128571,"k=10, ridge 0.01",k10_ridge0p01,1.0
13,6,0.5,axis_edge_orthogonal,0.9962843138897656,True,0.8991949827590736,0.3070933266205484,"k=10, ridge 0.01",k10_ridge0p01,1.0
14,7,1.0,axis_edge_parallel,0.9978104818594512,True,0.9247856335928252,0.2911149522969951,"k=10, ridge 0.01",k10_ridge0p01,1.0
15,7,1.0,axis_edge_orthogonal,0.9987044871803452,True,0.9458012142475102,0.2787535738871786,"k=10, ridge 0.01",k10_ridge0p01,1.0
16,8,2.0,axis_edge_parallel,0.9978722100902306,True,0.9281704925867184,0.288982121275301,"k=10, ridge 0.01",k10_ridge0p01,1.0
17,8,2.0,axis_edge_orthogonal,0.9991687648295756,True,0.9581933679731968,0.2718335510071702,"k=10, ridge 0.01",k10_ridge0p01,1.0
18,9,0.5,axis_edge_parallel,0.889799893128167,True,0.4638683031682291,0.7821836343576085,"k=10, ridge 0.01",k10_ridge0p01,1.0
19,9,0.5,axis_edge_orthogonal,0.8942605617560604,True,0.4767682965777454,0.7585368777960945,"k=10, ridge 0.01",k10_ridge0p01,1.0
20,10,1.0,axis_edge_parallel,0.8982765538592828,True,0.491411847796268,0.6994806947839928,"k=10, ridge 0.01",k10_ridge0p01,1.0
21,10,1.0,axis_edge_orthogonal,0.9010825313490476,True,0.5001716013209616,0.6825797810171592,"k=10, ridge 0.01",k10_ridge0p01,1.0
22,11,2.0,axis_edge_parallel,0.9560589833907942,True,0.6517640807299544,0.5161072398261871,"k=10, ridge 0.01",k10_ridge0p01,1.0
23,11,2.0,axis_edge_orthogonal,0.941288426520234,True,0.6107136528974416,0.5591890764622216,"k=10, ridge 0.01",k10_ridge0p01,1.0
24,12,0.5,axis_edge_parallel,0.9357058376733488,True,0.5499257340148657,0.6127336860540628,"k=10, ridge 0.01",k10_ridge0p01,1.0
25,12,0.5,axis_edge_orthogonal,0.9419062410968064,True,0.5603544243649934,0.6162490416011654,"k=10, ridge 0.01",k10_ridge0p01,1.0
26,13,1.0,axis_edge_parallel,0.9345540770331838,True,0.5531089226040834,0.6006257000386369,"k=10, ridge 0.01",k10_ridge0p01,1.0
27,13,1.0,axis_edge_orthogonal,0.96913391550788,True,0.6556167786231971,0.5217048193746928,"k=10, ridge 0.01",k10_ridge0p01,1.0
28,14,2.0,axis_edge_parallel,0.9545307834761452,True,0.6090645003861694,0.5612195942223476,"k=10, ridge 0.01",k10_ridge0p01,1.0
29,14,2.0,axis_edge_orthogonal,0.9399211883222784,True,0.5454973496265131,0.6425061444744548,"k=10, ridge 0.01",k10_ridge0p01,1.0
30,15,0.5,axis_edge_parallel,0.997358353803146,True,0.4580564980912789,0.5901152655204033,"k=10, ridge 0.01",k10_ridge0p01,1.0
31,15,0.5,axis_edge_orthogonal,0.9974994987734388,True,0.460672547831717,0.5837900817968995,"k=10, ridge 0.01",k10_ridge0p01,1.0
32,16,1.0,axis_edge_parallel,0.9974590897847468,True,0.4620056617153155,0.580333342854997,"k=10, ridge 0.01",k10_ridge0p01,1.0
33,16,1.0,axis_edge_orthogonal,0.9985171912175188,True,0.4701337871973238,0.5626338934928112,"k=10, ridge 0.01",k10_ridge0p01,1.0
34,17,2.0,axis_edge_parallel,0.9975497115883276,True,0.4641537768273207,0.5751246562108102,"k=10, ridge 0.01",k10_ridge0p01,1.0
35,17,2.0,axis_edge_orthogonal,0.9997326099268716,True,0.4854282560654543,0.5299727770172393,"k=10, ridge 0.01",k10_ridge0p01,1.0
36,18,0.5,axis_edge_parallel,0.9969926954281174,True,0.4544210732830774,0.5986949628779648,"k=10, ridge 0.01",k10_ridge0p01,1.0
37,18,0.5,axis_edge_orthogonal,0.9968479333382902,True,0.454142048029937,0.5991514770278893,"k=10, ridge 0.01",k10_ridge0p01,1.0
38,19,1.0,axis_edge_parallel,0.9985103568449636,True,0.4691668908676393,0.5649370115263549,"k=10, ridge 0.01",k10_ridge0p01,1.0
39,19,1.0,axis_edge_orthogonal,0.998809813702786,True,0.4721592237160145,0.5583976213819355,"k=10, ridge 0.01",k10_ridge0p01,1.0
40,20,2.0,axis_edge_parallel,0.9982008889648026,True,0.4687180030628302,0.5653627274825632,"k=10, ridge 0.01",k10_ridge0p01,1.0
41,20,2.0,axis_edge_orthogonal,0.9990975877949178,True,0.4757982925743559,0.550453267462378,"k=10, ridge 0.01",k10_ridge0p01,1.0
42,21,0.5,axis_edge_parallel,0.938878827551226,True,0.5731795379226747,0.6421044050280766,"k=10, ridge 0.01",k10_ridge0p01,1.0
43,21,0.5,axis_edge_orthogonal,0.937544177703615,True,0.5686595987409072,0.6485993338960689,"k=10, ridge 0.01",k10_ridge0p01,1.0
44,22,1.0,axis_edge_parallel,0.9737310136240708,True,0.7136077815055228,0.463268871970688,"k=10, ridge 0.01",k10_ridge0p01,1.0
45,22,1.0,axis_edge_orthogonal,0.973523367588114,True,0.7081752954044962,0.4708537169332465,"k=10, ridge 0.01",k10_ridge0p01,1.0
46,23,2.0,axis_edge_parallel,0.9915300847429164,True,0.82776170651938,0.3593364947220759,"k=10, ridge 0.01",k10_ridge0p01,1.0
47,23,2.0,axis_edge_orthogonal,0.9889182748326278,True,0.8036382217195724,0.3792820064983121,"k=10, ridge 0.01",k10_ridge0p01,1.0
48,24,0.5,axis_edge_parallel,0.9531097754372568,True,0.6087454966114582,0.5927516730442686,"k=10, ridge 0.01",k10_ridge0p01,1.0
49,24,0.5,axis_edge_orthogonal,0.9537459067502776,True,0.6111558349260251,0.5895553037156139,"k=10, ridge 0.01",k10_ridge0p01,1.0
50,25,1.0,axis_edge_parallel,0.9151843937657734,True,0.4773522417314109,0.7697834402030478,"k=10, ridge 0.01",k10_ridge0p01,1.0
51,25,1.0,axis_edge_orthogonal,0.9174974998279568,True,0.4884167669127628,0.744668251816276,"k=10, ridge 0.01",k10_ridge0p01,1.0
52,26,2.0,axis_edge_parallel,0.8488729995610363,True,0.3212260013949601,0.8340293580820155,"k=10, ridge 0.01",k10_ridge0p01,1.0
53,26,2.0,axis_edge_orthogonal,0.8574942505973037,True,0.3426750112648021,0.8265296314381417,"k=10, ridge 0.01",k10_ridge0p01,1.0
54,27,0.5,axis_edge_parallel,0.9352165137740908,True,0.288823169355731,0.9807089317285936,"k=10, ridge 0.01",k10_ridge0p01,1.0
55,27,0.5,axis_edge_orthogonal,0.934884279977375,True,0.2874336220574976,0.9813284309318054,"k=10, ridge 0.01",k10_ridge0p01,1.0
56,28,1.0,axis_edge_parallel,0.9440585788241598,True,0.3096771872062739,0.960513174826994,"k=10, ridge 0.01",k10_ridge0p01,1.0
57,28,1.0,axis_edge_orthogonal,0.9408558518573914,True,0.3014816214406253,0.9687756389965698,"k=10, ridge 0.01",k10_ridge0p01,1.0
58,29,2.0,axis_edge_parallel,0.9548515808942878,True,0.3484185996269406,0.914001491148682,"k=10, ridge 0.01",k10_ridge0p01,1.0
59,29,2.0,axis_edge_orthogonal,0.9530604541751788,True,0.3165959051140193,0.9321979229054032,"k=10, ridge 0.01",k10_ridge0p01,1.0
60,30,0.5,axis_edge_parallel,0.9445311717025248,True,0.2790427880526386,0.9862799456164192,"k=10, ridge 0.01",k10_ridge0p01,1.0
61,30,0.5,axis_edge_orthogonal,0.9440841593308428,True,0.2778629489487194,0.9869544281959464,"k=10, ridge 0.01",k10_ridge0p01,1.0
62,31,1.0,axis_edge_parallel,0.9570920511229736,False,0.3014646147543286,0.9567139896995892,"k=10, ridge 0.01",k10_ridge0p01,0.0
63,31,1.0,axis_edge_orthogonal,0.9464575775756482,False,0.2793043877589699,0.9830094856749958,"k=10, ridge 0.01",k10_ridge0p01,0.0
64,32,2.0,axis_edge_parallel,0.968872199072633,False,0.3224980198130066,0.909172825415234,"k=10, ridge 0.01",k10_ridge0p01,0.0
65,32,2.0,axis_edge_orthogonal,0.962875239020727,True,0.3149135884098875,0.9363463205020472,"k=10, ridge 0.01",k10_ridge0p01,1.0
66,33,0.5,axis_edge_parallel,0.9850952051240052,True,0.810146527289348,0.3723642173394357,"k=10, ridge 0.01",k10_ridge0p01,1.0
67,33,0.5,axis_edge_orthogonal,0.9863389347130976,True,0.8167790372715644,0.3672029535019988,"k=10, ridge 0.01",k10_ridge0p01,1.0
68,34,1.0,axis_edge_parallel,0.9894880739119176,True,0.8401524757702666,0.3488773343236599,"k=10, ridge 0.01",k10_ridge0p01,1.0
69,34,1.0,axis_edge_orthogonal,0.9918218344113074,True,0.8577366663261793,0.3359941802638203,"k=10, ridge 0.01",k10_ridge0p01,1.0
70,35,2.0,axis_edge_parallel,0.9918604137319448,True,0.8599165147653409,0.334287074013386,"k=10, ridge 0.01",k10_ridge0p01,1.0
71,35,2.0,axis_edge_orthogonal,0.9945143632413528,True,0.8816151395838133,0.3193568568994077,"k=10, ridge 0.01",k10_ridge0p01,1.0
72,36,0.5,axis_edge_parallel,0.9647424684474089,True,0.7144783698429068,0.4540004484910421,"k=10, ridge 0.01",k10_ridge0p01,1.0
73,36,0.5,axis_edge_orthogonal,0.9699269523116582,True,0.7359673852764814,0.4334634817427135,"k=10, ridge 0.01",k10_ridge0p01,1.0
74,37,1.0,axis_edge_parallel,0.937576691720637,True,0.6413454430605193,0.516625002430645,"k=10, ridge 0.01",k10_ridge0p01,1.0
75,37,1.0,axis_edge_orthogonal,0.9453279133340244,True,0.6646915855777233,0.4934616590614209,"k=10, ridge 0.01",k10_ridge0p01,1.0
76,38,2.0,axis_edge_parallel,0.7995395287915198,False,0.3736141597490192,0.6807784241314397,"k=10, ridge 0.01",k10_ridge0p01,0.0
77,38,2.0,axis_edge_orthogonal,0.8250387319485918,False,0.4299236324486584,0.6312948251645515,"k=10, ridge 0.01",k10_ridge0p01,0.0
78,39,0.5,axis_edge_parallel,0.9278632753646722,True,0.5483980620222333,0.5130982032617872,"k=10, ridge 0.01",k10_ridge0p01,1.0
79,39,0.5,axis_edge_orthogonal,0.927037002487579,True,0.546336244325351,0.5131375552970464,"k=10, ridge 0.01",k10_ridge0p01,1.0
80,40,1.0,axis_edge_parallel,0.9210905606383554,True,0.5136502542630274,0.5460471835098041,"k=10, ridge 0.01",k10_ridge0p01,1.0
81,40,1.0,axis_edge_orthogonal,0.9174326742260106,True,0.5031256256430028,0.5488501879798399,"k=10, ridge 0.01",k10_ridge0p01,1.0
82,41,2.0,axis_edge_parallel,0.9339790063505872,True,0.5414704207644396,0.551059265717873,"k=10, ridge 0.01",k10_ridge0p01,1.0
83,41,2.0,axis_edge_orthogonal,0.921897633943872,True,0.5072113532778229,0.5604193345839537,"k=10, ridge 0.01",k10_ridge0p01,1.0
84,42,0.5,axis_edge_parallel,0.9356594630116696,True,0.5858222360073566,0.5413150694297558,"k=10, ridge 0.01",k10_ridge0p01,1.0
85,42,0.5,axis_edge_orthogonal,0.9442240893749666,True,0.6141951778895809,0.5184563655554552,"k=10, ridge 0.01",k10_ridge0p01,1.0
86,43,1.0,axis_edge_parallel,0.932264203581781,True,0.5855078261402756,0.5269185677216519,"k=10, ridge 0.01",k10_ridge0p01,1.0
87,43,1.0,axis_edge_orthogonal,0.9413848815066186,True,0.612644127120694,0.509803079213996,"k=10, ridge 0.01",k10_ridge0p01,1.0
88,44,2.0,axis_edge_parallel,0.9310339577156562,True,0.6042102856132258,0.4861731548398031,"k=10, ridge 0.01",k10_ridge0p01,1.0
89,44,2.0,axis_edge_orthogonal,0.9496448198404194,True,0.6544089718126285,0.4658714897151386,"k=10, ridge 0.01",k10_ridge0p01,1.0
90,45,0.5,axis_edge_parallel,0.8437148985095568,True,0.2973759453816977,0.981133864647454,"k=10, ridge 0.01",k10_ridge0p01,1.0
91,45,0.5,axis_edge_orthogonal,0.8459588798089983,True,0.3050419843455518,0.9720567508597864,"k=10, ridge 0.01",k10_ridge0p01,1.0
92,46,1.0,axis_edge_parallel,0.8306840910983156,False,0.2687014830028802,0.9904830196797024,"k=10, ridge 0.01",k10_ridge0p01,0.0
93,46,1.0,axis_edge_orthogonal,0.8472881116286031,True,0.3139058030476689,0.9511211831461376,"k=10, ridge 0.01",k10_ridge0p01,1.0
94,47,2.0,axis_edge_parallel,0.8735516323121669,True,0.3559393062628094,0.9242719770138303,"k=10, ridge 0.01",k10_ridge0p01,1.0
95,47,2.0,axis_edge_orthogonal,0.874853279858205,True,0.3712374106324719,0.9089342890334868,"k=10, ridge 0.01",k10_ridge0p01,1.0
96,48,0.5,axis_edge_parallel,0.8988484092910927,True,0.3958270557569775,0.8789681508906432,"k=10, ridge 0.01",k10_ridge0p01,1.0
97,48,0.5,axis_edge_orthogonal,0.8985138322709103,True,0.3956196507250467,0.8729816070297648,"k=10, ridge 0.01",k10_ridge0p01,1.0
98,49,1.0,axis_edge_parallel,0.8757605220766712,True,0.3405499650833233,0.9283230252218672,"k=10, ridge 0.01",k10_ridge0p01,1.0
99,49,1.0,axis_edge_orthogonal,0.8662162565096537,True,0.3163092952317704,0.9201589551688002,"k=10, ridge 0.01",k10_ridge0p01,1.0
100,50,2.0,axis_edge_parallel,0.8708290331360242,True,0.3297984156487606,0.9349666981950322,"k=10, ridge 0.01",k10_ridge0p01,1.0
101,50,2.0,axis_edge_orthogonal,0.838992669232063,False,0.248699525507138,0.838727251720745,"k=10, ridge 0.01",k10_ridge0p01,0.0
102,51,0.5,axis_edge_parallel,0.9211146695653882,True,0.3605111899793125,0.8849827192690964,"k=10, ridge 0.01",k10_ridge0p01,1.0
103,51,0.5,axis_edge_orthogonal,0.9233433132345134,True,0.3666694605204276,0.8765443311365018,"k=10, ridge 0.01",k10_ridge0p01,1.0
104,52,1.0,axis_edge_parallel,0.9168453531064904,True,0.3575287095941466,0.8941169587959142,"k=10, ridge 0.01",k10_ridge0p01,1.0
105,52,1.0,axis_edge_orthogonal,0.9146442470653616,True,0.3589561705607719,0.9027967991860734,"k=10, ridge 0.01",k10_ridge0p01,1.0
106,53,2.0,axis_edge_parallel,0.8740849383251654,True,0.3063015673518829,0.9806569467807332,"k=10, ridge 0.01",k10_ridge0p01,1.0
107,53,2.0,axis_edge_orthogonal,0.8839773889917578,True,0.3118757461053387,0.9764668812850016,"k=10, ridge 0.01",k10_ridge0p01,1.0
108,54,0.5,axis_edge_parallel,0.9706447817515572,True,0.3621215464448889,0.8652463445548344,"k=10, ridge 0.01",k10_ridge0p01,1.0
109,54,0.5,axis_edge_orthogonal,0.9717880450431936,True,0.366779869161485,0.8587983588379678,"k=10, ridge 0.01",k10_ridge0p01,1.0
110,55,1.0,axis_edge_parallel,0.9836438965419074,True,0.4044157794410331,0.7771707409801865,"k=10, ridge 0.01",k10_ridge0p01,1.0
111,55,1.0,axis_edge_orthogonal,0.9776055407803204,True,0.3878451337606048,0.8223562645632801,"k=10, ridge 0.01",k10_ridge0p01,1.0
112,56,2.0,axis_edge_parallel,0.98639454229447,True,0.4239963109386115,0.7504854048727406,"k=10, ridge 0.01",k10_ridge0p01,1.0
113,56,2.0,axis_edge_orthogonal,0.9827427463843672,True,0.4193140585092591,0.7799642638617971,"k=10, ridge 0.01",k10_ridge0p01,1.0
114,57,0.5,axis_edge_parallel,0.9756177761108252,True,0.3659324429678657,0.8268240169937193,"k=10, ridge 0.01",k10_ridge0p01,1.0
115,57,0.5,axis_edge_orthogonal,0.977612529998027,False,0.3684978617754582,0.8136054941001398,"k=10, ridge 0.01",k10_ridge0p01,0.0
116,58,1.0,axis_edge_parallel,0.9907428323200582,False,0.3984114070994929,0.6911770585194512,"k=10, ridge 0.01",k10_ridge0p01,0.0
117,58,1.0,axis_edge_orthogonal,0.9884245903039398,False,0.392766349535831,0.719244685120121,"k=10, ridge 0.01",k10_ridge0p01,0.0
118,59,2.0,axis_edge_parallel,0.9939707349038636,False,0.3894891856056731,0.6361660880847271,"k=10, ridge 0.01",k10_ridge0p01,0.0
119,59,2.0,axis_edge_orthogonal,0.9933740730820172,False,0.4039031911553428,0.6523022541209011,"k=10, ridge 0.01",k10_ridge0p01,0.0
120,60,0.5,axis_edge_parallel,0.8032367248533516,True,0.3559220684626829,0.939163760985489,"k=10, ridge 0.01",k10_ridge0p01,1.0
121,60,0.5,axis_edge_orthogonal,0.8138074242239935,True,0.3726085052561597,0.9225204981737388,"k=10, ridge 0.01",k10_ridge0p01,1.0
122,61,1.0,axis_edge_parallel,0.8051411411974059,True,0.3312861874707918,0.9560251024012396,"k=10, ridge 0.01",k10_ridge0p01,1.0
123,61,1.0,axis_edge_orthogonal,0.8260007733112383,True,0.3652712531008925,0.920674971910136,"k=10, ridge 0.01",k10_ridge0p01,1.0
124,62,2.0,axis_edge_parallel,0.8238655903633804,True,0.343965938414446,0.8956176766527171,"k=10, ridge 0.01",k10_ridge0p01,1.0
125,62,2.0,axis_edge_orthogonal,0.8229668489855958,True,0.3501173383036361,0.9162872162640432,"k=10, ridge 0.01",k10_ridge0p01,1.0
126,63,0.5,axis_edge_parallel,0.8505526279267472,True,0.411586590805976,0.8562135691664897,"k=10, ridge 0.01",k10_ridge0p01,1.0
127,63,0.5,axis_edge_orthogonal,0.8505030971848448,True,0.4110382331535222,0.8552908335318739,"k=10, ridge 0.01",k10_ridge0p01,1.0
128,64,1.0,axis_edge_parallel,0.8367677751653966,True,0.389944597711177,0.8982177080302903,"k=10, ridge 0.01",k10_ridge0p01,1.0
129,64,1.0,axis_edge_orthogonal,0.8353369777375566,True,0.3874372856553601,0.9012752199388872,"k=10, ridge 0.01",k10_ridge0p01,1.0
130,65,2.0,axis_edge_parallel,0.8480504419628717,True,0.4253442130195558,0.8584820321337636,"k=10, ridge 0.01",k10_ridge0p01,1.0
131,65,2.0,axis_edge_orthogonal,0.8352818473060115,True,0.3922088835103738,0.9004810695739696,"k=10, ridge 0.01",k10_ridge0p01,1.0
132,66,0.5,axis_edge_parallel,0.9973376156095556,True,0.9307070246468172,0.2870519180038722,"k=10, ridge 0.01",k10_ridge0p01,1.0
133,66,0.5,axis_edge_orthogonal,0.9973216828758524,True,0.930808413143142,0.2869677949149001,"k=10, ridge 0.01",k10_ridge0p01,1.0
134,67,1.0,axis_edge_parallel,0.9976513253601086,True,0.9349786980696544,0.2846190689017496,"k=10, ridge 0.01",k10_ridge0p01,1.0
135,67,1.0,axis_edge_orthogonal,0.9976652021789888,True,0.9353239062390966,0.2844118029588102,"k=10, ridge 0.01",k10_ridge0p01,1.0
136,68,2.0,axis_edge_parallel,0.9903215558253108,True,0.8709146841176606,0.3225243007424694,"k=10, ridge 0.01",k10_ridge0p01,1.0
137,68,2.0,axis_edge_orthogonal,0.9481743779880188,True,0.7110234224141301,0.4244587873026019,"k=10, ridge 0.01",k10_ridge0p01,1.0
138,69,0.5,axis_edge_parallel,0.9839639931239178,True,0.7064649175640072,0.4694297686833698,"k=10, ridge 0.01",k10_ridge0p01,1.0
139,69,0.5,axis_edge_orthogonal,0.9775513229109868,True,0.6625522430737295,0.5141300044576749,"k=10, ridge 0.01",k10_ridge0p01,1.0
140,70,1.0,axis_edge_parallel,0.992059109111643,True,0.7860347997127571,0.3910732470576208,"k=10, ridge 0.01",k10_ridge0p01,1.0
141,70,1.0,axis_edge_orthogonal,0.97857462975874,True,0.6750089453805691,0.4948768968496285,"k=10, ridge 0.01",k10_ridge0p01,1.0
142,71,2.0,axis_edge_parallel,0.9633174884962468,True,0.5933005065708105,0.5735670205441956,"k=10, ridge 0.01",k10_ridge0p01,1.0
143,71,2.0,axis_edge_orthogonal,0.9084764540835492,True,0.4200865634105512,0.7154712008302587,"k=10, ridge 0.01",k10_ridge0p01,1.0
144,72,0.5,axis_edge_parallel,0.944206253983464,True,0.4293093622382925,0.7689730807285429,"k=10, ridge 0.01",k10_ridge0p01,1.0
145,72,0.5,axis_edge_orthogonal,0.9685619867215844,True,0.5721513115907988,0.5849686768343371,"k=10, ridge 0.01",k10_ridge0p01,1.0
146,73,1.0,axis_edge_parallel,0.8861505319008437,False,0.2432089825872344,0.9624836035391042,"k=10, ridge 0.01",k10_ridge0p01,0.0
147,73,1.0,axis_edge_orthogonal,0.8995619483918692,False,0.2753112549032613,0.9495769150511252,"k=10, ridge 0.01",k10_ridge0p01,0.0
148,74,2.0,axis_edge_parallel,0.9018713769562896,False,0.2613854171526955,0.9817392652909313,"k=10, ridge 0.01",k10_ridge0p01,0.0
149,74,2.0,axis_edge_orthogonal,0.941017936839815,True,0.4236201700200513,0.8241199137049284,"k=10, ridge 0.01",k10_ridge0p01,1.0
150,75,0.5,axis_edge_parallel,0.986317082195266,True,0.8077755100429506,0.3753003026152274,"k=10, ridge 0.01",k10_ridge0p01,1.0
151,75,0.5,axis_edge_orthogonal,0.9704095245301586,True,0.722857430683989,0.4530049678290406,"k=10, ridge 0.01",k10_ridge0p01,1.0
152,76,1.0,axis_edge_parallel,0.9847026387143945,True,0.7976725683552238,0.3837156939632162,"k=10, ridge 0.01",k10_ridge0p01,1.0
153,76,1.0,axis_edge_orthogonal,0.9697735757358804,True,0.7193775296431045,0.4572763833745509,"k=10, ridge 0.01",k10_ridge0p01,1.0
154,77,2.0,axis_edge_parallel,0.9935148203509708,True,0.8656566564248162,0.3304272049699179,"k=10, ridge 0.01",k10_ridge0p01,1.0
155,77,2.0,axis_edge_orthogonal,0.9903101221387556,True,0.8371791870522536,0.3513451670034266,"k=10, ridge 0.01",k10_ridge0p01,1.0
156,78,0.5,axis_edge_parallel,0.9846060055743036,True,0.8048745865457698,0.3775886029837967,"k=10, ridge 0.01",k10_ridge0p01,1.0
157,78,0.5,axis_edge_orthogonal,0.9828453573603024,True,0.7951382516223872,0.3858118057288923,"k=10, ridge 0.01",k10_ridge0p01,1.0
158,79,1.0,axis_edge_parallel,0.9848278825954974,True,0.8101419799834663,0.3725867855098771,"k=10, ridge 0.01",k10_ridge0p01,1.0
159,79,1.0,axis_edge_orthogonal,0.9810656938814196,True,0.7902323800041958,0.388941416778915,"k=10, ridge 0.01",k10_ridge0p01,1.0
160,80,2.0,axis_edge_parallel,0.8979512561989476,True,0.5513945234866768,0.6250848669406086,"k=10, ridge 0.01",k10_ridge0p01,1.0
161,80,2.0,axis_edge_orthogonal,0.955665996123463,True,0.6967427207293643,0.4723885375734622,"k=10, ridge 0.01",k10_ridge0p01,1.0
162,81,0.5,axis_edge_parallel,0.9128922152988832,True,0.453196883893909,0.7980560618446898,"k=10, ridge 0.01",k10_ridge0p01,1.0
163,81,0.5,axis_edge_orthogonal,0.9202964279551846,True,0.4757326130363947,0.7688110127155485,"k=10, ridge 0.01",k10_ridge0p01,1.0
164,82,1.0,axis_edge_parallel,0.947491175866237,True,0.5823897333057102,0.6073991370983144,"k=10, ridge 0.01",k10_ridge0p01,1.0
165,82,1.0,axis_edge_orthogonal,0.9594266376029896,True,0.6414016758080103,0.5292722696920923,"k=10, ridge 0.01",k10_ridge0p01,1.0
166,83,2.0,axis_edge_parallel,0.9561808562617132,True,0.6231266011670079,0.5530299980843435,"k=10, ridge 0.01",k10_ridge0p01,1.0
167,83,2.0,axis_edge_orthogonal,0.9637127971171194,True,0.6735911708981015,0.4868889996067416,"k=10, ridge 0.01",k10_ridge0p01,1.0
168,84,0.5,axis_edge_parallel,0.8249258789775575,True,0.2778630946451089,0.993617658487162,"k=10, ridge 0.01",k10_ridge0p01,1.0
169,84,0.5,axis_edge_orthogonal,0.8232887385158822,True,0.2734279988771652,0.9959460672939936,"k=10, ridge 0.01",k10_ridge0p01,1.0
170,85,1.0,axis_edge_parallel,0.8084663839168248,False,0.25571853252341,0.9704697420997068,"k=10, ridge 0.01",k10_ridge0p01,0.0
171,85,1.0,axis_edge_orthogonal,0.7931190895418126,False,0.2178618816805651,0.9863437069582583,"k=10, ridge 0.01",k10_ridge0p01,0.0
172,86,2.0,axis_edge_parallel,0.7739638811431377,False,0.1846556830170756,0.9604540627564198,"k=10, ridge 0.01",k10_ridge0p01,0.0
173,86,2.0,axis_edge_orthogonal,0.7431382334137602,False,0.13320410897291,0.8967200525430894,"k=10, ridge 0.01",k10_ridge0p01,0.0
174,87,0.5,axis_edge_parallel,0.8145943453177019,True,0.3386634772914831,0.9260881437732024,"k=10, ridge 0.01",k10_ridge0p01,1.0
175,87,0.5,axis_edge_orthogonal,0.8021600122608552,True,0.3190821677750057,0.9286770782678452,"k=10, ridge 0.01",k10_ridge0p01,1.0
176,88,1.0,axis_edge_parallel,0.8042048224504081,True,0.3227465914391769,0.9616466928003552,"k=10, ridge 0.01",k10_ridge0p01,1.0
177,88,1.0,axis_edge_orthogonal,0.811811403475613,True,0.3354199953310245,0.9544004967875616,"k=10, ridge 0.01",k10_ridge0p01,1.0
178,89,2.0,axis_edge_parallel,0.8263510449403959,True,0.3595275230455651,0.8781456067323594,"k=10, ridge 0.01",k10_ridge0p01,1.0
179,89,2.0,axis_edge_orthogonal,0.8080950121276741,True,0.3282600642809599,0.951329566575226,"k=10, ridge 0.01",k10_ridge0p01,1.0
180,90,0.5,axis_edge_parallel,0.8305416922789662,True,0.2765643313254829,0.9923234010086788,"k=10, ridge 0.01",k10_ridge0p01,1.0
181,90,0.5,axis_edge_orthogonal,0.8266775099556842,True,0.2724531419591796,0.9954029089606354,"k=10, ridge 0.01",k10_ridge0p01,1.0
182,91,1.0,axis_edge_parallel,0.8244383396910531,False,0.255636191635152,0.9809790235710184,"k=10, ridge 0.01",k10_ridge0p01,0.0
183,91,1.0,axis_edge_orthogonal,0.8331629046839294,False,0.2644503449264878,0.9611868964310584,"k=10, ridge 0.01",k10_ridge0p01,0.0
184,92,2.0,axis_edge_parallel,0.8196059169388025,False,0.2549826607730465,0.993761277216108,"k=10, ridge 0.01",k10_ridge0p01,0.0
185,92,2.0,axis_edge_orthogonal,0.8266682936282291,False,0.2528043224815804,0.9617007656054448,"k=10, ridge 0.01",k10_ridge0p01,0.0
186,93,0.5,axis_edge_parallel,0.9426619132841318,True,0.5777855172599521,0.6257477352155176,"k=10, ridge 0.01",k10_ridge0p01,1.0
187,93,0.5,axis_edge_orthogonal,0.9441386867361028,True,0.5813274362998281,0.6224419502401625,"k=10, ridge 0.01",k10_ridge0p01,1.0
188,94,1.0,axis_edge_parallel,0.9179077415537756,True,0.5328002959344688,0.6356924583747942,"k=10, ridge 0.01",k10_ridge0p01,1.0
189,94,1.0,axis_edge_orthogonal,0.9153862971222632,True,0.5233336856369091,0.6512500400997778,"k=10, ridge 0.01",k10_ridge0p01,1.0
190,95,2.0,axis_edge_parallel,0.7349867267107084,False,0.2507750369385911,0.5876579745689986,"k=10, ridge 0.01",k10_ridge0p01,0.0
191,95,2.0,axis_edge_orthogonal,0.8130039131309653,False,0.3582000006552174,0.6469561534908203,"k=10, ridge 0.01",k10_ridge0p01,0.0
192,96,0.5,axis_edge_parallel,0.9690332787896968,True,0.6199032686683704,0.5745453312311404,"k=10, ridge 0.01",k10_ridge0p01,1.0
193,96,0.5,axis_edge_orthogonal,0.9744380539500316,True,0.6478349791765456,0.5385344854670542,"k=10, ridge 0.01",k10_ridge0p01,1.0
194,97,1.0,axis_edge_parallel,0.9911260049913392,True,0.7679676033660683,0.4101986698798063,"k=10, ridge 0.01",k10_ridge0p01,1.0
195,97,1.0,axis_edge_orthogonal,0.993924366282308,True,0.8032003217733332,0.3788466063502541,"k=10, ridge 0.01",k10_ridge0p01,1.0
196,98,2.0,axis_edge_parallel,0.9949104753699034,True,0.8183221411834247,0.3656468729424353,"k=10, ridge 0.01",k10_ridge0p01,1.0
197,98,2.0,axis_edge_orthogonal,0.9976056757004548,True,0.8704751508188079,0.3266919310762444,"k=10, ridge 0.01",k10_ridge0p01,1.0
198,99,0.5,axis_edge_parallel,0.849461625724227,True,0.3324209541022814,0.9648678587446412,"k=10, ridge 0.01",k10_ridge0p01,1.0
199,99,0.5,axis_edge_orthogonal,0.844298676470115,True,0.3235857319119152,0.9703362750277872,"k=10, ridge 0.01",k10_ridge0p01,1.0
200,100,1.0,axis_edge_parallel,0.8269360381015575,True,0.2954296765788453,0.9825269094513038,"k=10, ridge 0.01",k10_ridge0p01,1.0
201,100,1.0,axis_edge_orthogonal,0.8308766515084612,True,0.3013163245305519,0.98116647651438,"k=10, ridge 0.01",k10_ridge0p01,1.0
202,101,2.0,axis_edge_parallel,0.8364545568340018,True,0.31275611092931,0.9675120018463598,"k=10, ridge 0.01",k10_ridge0p01,1.0
203,101,2.0,axis_edge_orthogonal,0.8482858010384658,True,0.3320781089247451,0.958127150660165,"k=10, ridge 0.01",k10_ridge0p01,1.0
204,102,0.5,axis_edge_parallel,0.9795597594552432,True,0.7275664755248737,0.4509123917425925,"k=10, ridge 0.01",k10_ridge0p01,1.0
205,102,0.5,axis_edge_orthogonal,0.9845133647861604,True,0.7588269150543423,0.4198742555578363,"k=10, ridge 0.01",k10_ridge0p01,1.0
206,103,1.0,axis_edge_parallel,0.99596197063769,True,0.8701168040354488,0.3277594513962825,"k=10, ridge 0.01",k10_ridge0p01,1.0
207,103,1.0,axis_edge_orthogonal,0.9970207353082292,True,0.8874920485973585,0.3157011959602526,"k=10, ridge 0.01",k10_ridge0p01,1.0
208,104,2.0,axis_edge_parallel,0.997038906739342,True,0.8889272703229361,0.3146740603427351,"k=10, ridge 0.01",k10_ridge0p01,1.0
209,104,2.0,axis_edge_orthogonal,0.9981939618681837,True,0.9119883605714032,0.2996229918145822,"k=10, ridge 0.01",k10_ridge0p01,1.0
210,105,0.5,axis_edge_parallel,0.9497362114655992,True,0.3580569354634567,0.8378824172866912,"k=10, ridge 0.01",k10_ridge0p01,1.0
211,105,0.5,axis_edge_orthogonal,0.9479939194931152,True,0.3467065476121065,0.8356605377482335,"k=10, ridge 0.01",k10_ridge0p01,1.0
212,106,1.0,axis_edge_parallel,0.9459999437105436,True,0.3430591529019743,0.8910395395785873,"k=10, ridge 0.01",k10_ridge0p01,1.0
213,106,1.0,axis_edge_orthogonal,0.9506294492022874,True,0.3622212525102717,0.8436144552553058,"k=10, ridge 0.01",k10_ridge0p01,1.0
214,107,2.0,axis_edge_parallel,0.9487010844287468,False,0.3330815512088105,0.7772071492779566,"k=10, ridge 0.01",k10_ridge0p01,0.0
215,107,2.0,axis_edge_orthogonal,0.947395183169776,False,0.3337345247723293,0.7952934902565751,"k=10, ridge 0.01",k10_ridge0p01,0.0
216,108,0.5,axis_edge_parallel,0.7425169391768714,True,0.3336784919659289,0.9631248094174256,"k=10, ridge 0.01",k10_ridge0p01,1.0
217,108,0.5,axis_edge_orthogonal,0.756374917429842,True,0.3492240056352406,0.9466996897811708,"k=10, ridge 0.01",k10_ridge0p01,1.0
218,109,1.0,axis_edge_parallel,0.7767845047917025,True,0.3794448963242399,0.9149880093117992,"k=10, ridge 0.01",k10_ridge0p01,1.0
219,109,1.0,axis_edge_orthogonal,0.7716713020747161,True,0.3677152250265854,0.9241925075240448,"k=10, ridge 0.01",k10_ridge0p01,1.0
220,110,2.0,axis_edge_parallel,0.7010909739036598,True,0.2876141123156241,0.9900302057370012,"k=10, ridge 0.01",k10_ridge0p01,1.0
221,110,2.0,axis_edge_orthogonal,0.7945978883441241,True,0.4056793278934343,0.8824798294417072,"k=10, ridge 0.01",k10_ridge0p01,1.0
222,111,0.5,axis_edge_parallel,0.9597886984548888,True,0.2542268871792971,0.999676233298486,"k=10, ridge 0.01",k10_ridge0p01,1.0
223,111,0.5,axis_edge_orthogonal,0.9605198169090275,False,0.2498800599900302,0.9994203164771334,"k=10, ridge 0.01",k10_ridge0p01,0.0
224,112,1.0,axis_edge_parallel,0.9562924472359724,False,0.2434089426427923,0.9955607386176036,"k=10, ridge 0.01",k10_ridge0p01,0.0
225,112,1.0,axis_edge_orthogonal,0.9577738439879192,False,0.245155578891431,0.9972797466815498,"k=10, ridge 0.01",k10_ridge0p01,0.0
226,113,2.0,axis_edge_parallel,0.9496923239740016,False,0.2079659804313553,0.9822379534991604,"k=10, ridge 0.01",k10_ridge0p01,0.0
227,113,2.0,axis_edge_orthogonal,0.9551040566302924,False,0.2536310798452884,0.9894562459992982,"k=10, ridge 0.01",k10_ridge0p01,0.0
228,114,0.5,axis_edge_parallel,0.987312123957469,False,0.2677711752589906,0.9678526576902908,"k=10, ridge 0.01",k10_ridge0p01,0.0
229,114,0.5,axis_edge_orthogonal,0.9889195117892932,False,0.2703846124973789,0.9560471831444476,"k=10, ridge 0.01",k10_ridge0p01,0.0
230,115,1.0,axis_edge_parallel,0.983437001732029,False,0.2609318748969327,0.9867593683224564,"k=10, ridge 0.01",k10_ridge0p01,0.0
231,115,1.0,axis_edge_orthogonal,0.9867244897930428,False,0.2507456176243459,0.9679621890370026,"k=10, ridge 0.01",k10_ridge0p01,0.0
232,116,2.0,axis_edge_parallel,0.99485217305926,False,0.290672425399364,0.8700791633363442,"k=10, ridge 0.01",k10_ridge0p01,0.0
233,116,2.0,axis_edge_orthogonal,0.9831931063844024,False,0.2176458499696793,0.966386453830065,"k=10, ridge 0.01",k10_ridge0p01,0.0
234,117,0.5,axis_edge_parallel,0.9890673149551108,False,0.2768612843466779,0.9720594056857914,"k=10, ridge 0.01",k10_ridge0p01,0.0
235,117,0.5,axis_edge_orthogonal,0.9927053386676562,False,0.2835139363846758,0.945811293278808,"k=10, ridge 0.01",k10_ridge0p01,0.0
236,118,1.0,axis_edge_parallel,0.9908270792077576,False,0.2807676692304073,0.9610222729479124,"k=10, ridge 0.01",k10_ridge0p01,0.0
237,118,1.0,axis_edge_orthogonal,0.9914829656487454,False,0.2915912501226851,0.9528003607476018,"k=10, ridge 0.01",k10_ridge0p01,0.0
238,119,2.0,axis_edge_parallel,0.9782133179769456,False,0.2594763670177137,0.9719109942913796,"k=10, ridge 0.01",k10_ridge0p01,0.0
239,119,2.0,axis_edge_orthogonal,0.932722894373913,False,0.2348302816212336,0.8569177834573857,"k=10, ridge 0.01",k10_ridge0p01,0.0
240,120,0.5,axis_edge_parallel,0.98970956382279,True,0.292764209221261,0.9452185033538302,"k=10, ridge 0.01",k10_ridge0p01,1.0
241,120,0.5,axis_edge_orthogonal,0.9896196113876806,True,0.2920794264274289,0.9461266851066584,"k=10, ridge 0.01",k10_ridge0p01,1.0
242,121,1.0,axis_edge_parallel,0.9892843596606808,True,0.2912187718120675,0.9494684552039864,"k=10, ridge 0.01",k10_ridge0p01,1.0
243,121,1.0,axis_edge_orthogonal,0.9891051518973436,True,0.2966812002311838,0.950896844597324,"k=10, ridge 0.01",k10_ridge0p01,1.0
244,122,2.0,axis_edge_parallel,0.9882813880953494,True,0.2954041111801646,0.9572909692578622,"k=10, ridge 0.01",k10_ridge0p01,1.0
245,122,2.0,axis_edge_orthogonal,0.9901592172527413,True,0.3282171375981602,0.916416891310152,"k=10, ridge 0.01",k10_ridge0p01,1.0
246,123,0.5,axis_edge_parallel,0.8835973170635172,True,0.2968234122293851,0.9489532630333098,"k=10, ridge 0.01",k10_ridge0p01,1.0
247,123,0.5,axis_edge_orthogonal,0.8838035390630363,True,0.3001277849040794,0.9362743139723309,"k=10, ridge 0.01",k10_ridge0p01,1.0
248,124,1.0,axis_edge_parallel,0.8828331363775083,True,0.2973750372259742,0.9366756345033188,"k=10, ridge 0.01",k10_ridge0p01,1.0
249,124,1.0,axis_edge_orthogonal,0.8862550706611878,True,0.3101835524620102,0.922697804623178,"k=10, ridge 0.01",k10_ridge0p01,1.0
250,125,2.0,axis_edge_parallel,0.8749561136330978,False,0.2722936855046733,0.9434702417965422,"k=10, ridge 0.01",k10_ridge0p01,0.0
251,125,2.0,axis_edge_orthogonal,0.8730052109059466,False,0.2708266493653764,0.930183326246474,"k=10, ridge 0.01",k10_ridge0p01,0.0
252,126,0.5,axis_edge_parallel,0.8807768301631116,True,0.3382981055356786,0.9424951839062516,"k=10, ridge 0.01",k10_ridge0p01,1.0
253,126,0.5,axis_edge_orthogonal,0.8789961263866899,True,0.3337690838876194,0.9490979807568276,"k=10, ridge 0.01",k10_ridge0p01,1.0
254,127,1.0,axis_edge_parallel,0.844280797223871,False,0.2527679437781028,0.9995221931012864,"k=10, ridge 0.01",k10_ridge0p01,0.0
255,127,1.0,axis_edge_orthogonal,0.8452000202727197,False,0.2576654015306613,0.9972178069657632,"k=10, ridge 0.01",k10_ridge0p01,0.0
256,128,2.0,axis_edge_parallel,0.8021498592541573,False,0.1688431078399769,0.9402565198935676,"k=10, ridge 0.01",k10_ridge0p01,0.0
257,128,2.0,axis_edge_orthogonal,0.8026000197996231,False,0.1732344842035358,0.937503523827522,"k=10, ridge 0.01",k10_ridge0p01,0.0
258,129,0.5,axis_edge_parallel,0.9457523960518608,True,0.3931766590320468,0.8297783884265612,"k=10, ridge 0.01",k10_ridge0p01,1.0
259,129,0.5,axis_edge_orthogonal,0.9464006488904882,True,0.3952363049731436,0.8265741062293537,"k=10, ridge 0.01",k10_ridge0p01,1.0
260,130,1.0,axis_edge_parallel,0.9377565656078958,True,0.369074399382141,0.8583630816935905,"k=10, ridge 0.01",k10_ridge0p01,1.0
261,130,1.0,axis_edge_orthogonal,0.941169990090422,True,0.3756835623998295,0.8434988819773757,"k=10, ridge 0.01",k10_ridge0p01,1.0
262,131,2.0,axis_edge_parallel,0.9333327536387244,True,0.3526785470695178,0.8736720548749324,"k=10, ridge 0.01",k10_ridge0p01,1.0
263,131,2.0,axis_edge_orthogonal,0.9319237888468048,True,0.3453151769388712,0.8763116128560114,"k=10, ridge 0.01",k10_ridge0p01,1.0
264,132,0.5,axis_edge_parallel,0.8975341456071279,True,0.5228496800924696,0.6785447338652357,"k=10, ridge 0.01",k10_ridge0p01,1.0
265,132,0.5,axis_edge_orthogonal,0.9061608276426896,True,0.5428301708522463,0.6451270469630265,"k=10, ridge 0.01",k10_ridge0p01,1.0
266,133,1.0,axis_edge_parallel,0.8569067678490085,True,0.4366385213580864,0.7148513553966078,"k=10, ridge 0.01",k10_ridge0p01,1.0
267,133,1.0,axis_edge_orthogonal,0.8715178218450427,True,0.4733744945343101,0.6475983360721407,"k=10, ridge 0.01",k10_ridge0p01,1.0
268,134,2.0,axis_edge_parallel,0.837885761127929,True,0.3980989380978909,0.7307526254926855,"k=10, ridge 0.01",k10_ridge0p01,1.0
269,134,2.0,axis_edge_orthogonal,0.857353943693751,True,0.4432085869934484,0.6706720016173258,"k=10, ridge 0.01",k10_ridge0p01,1.0
270,135,0.5,axis_edge_parallel,0.9521672809051857,True,0.4465350693895589,0.7395189040139243,"k=10, ridge 0.01",k10_ridge0p01,1.0
271,135,0.5,axis_edge_orthogonal,0.9540365159170408,True,0.4701349677105138,0.7444547262542185,"k=10, ridge 0.01",k10_ridge0p01,1.0
272,136,1.0,axis_edge_parallel,0.9498528077902724,True,0.4648940650443243,0.7668171540399464,"k=10, ridge 0.01",k10_ridge0p01,1.0
273,136,1.0,axis_edge_orthogonal,0.9651248356022302,True,0.5170135350180185,0.6823651244196612,"k=10, ridge 0.01",k10_ridge0p01,1.0
274,137,2.0,axis_edge_parallel,0.9262885759350598,True,0.4223696670015323,0.8133145133233194,"k=10, ridge 0.01",k10_ridge0p01,1.0
275,137,2.0,axis_edge_orthogonal,0.9660981833843768,True,0.5293159672103588,0.675071665937067,"k=10, ridge 0.01",k10_ridge0p01,1.0
276,138,0.5,axis_edge_parallel,0.8104524375466393,True,0.4293667879996848,0.852501935163484,"k=10, ridge 0.01",k10_ridge0p01,1.0
277,138,0.5,axis_edge_orthogonal,0.8099878140252347,True,0.428674726463252,0.8534609974905817,"k=10, ridge 0.01",k10_ridge0p01,1.0
278,139,1.0,axis_edge_parallel,0.7500515697770914,True,0.3431355130959905,0.955694129702916,"k=10, ridge 0.01",k10_ridge0p01,1.0
279,139,1.0,axis_edge_orthogonal,0.7475775152580649,True,0.3397657739309673,0.9586635016819066,"k=10, ridge 0.01",k10_ridge0p01,1.0
280,140,2.0,axis_edge_parallel,0.6980343640703954,True,0.2730589086658813,0.9971537996489752,"k=10, ridge 0.01",k10_ridge0p01,1.0
281,140,2.0,axis_edge_orthogonal,0.7105564231295328,True,0.2898078310766298,0.991519262903453,"k=10, ridge 0.01",k10_ridge0p01,1.0
282,141,0.5,axis_edge_parallel,0.8247512322888925,False,0.2982033865108391,0.8463649451215761,"k=10, ridge 0.01",k10_ridge0p01,0.0
283,141,0.5,axis_edge_orthogonal,0.7949799221752905,False,0.2720315855864914,0.7512090596562735,"k=10, ridge 0.01",k10_ridge0p01,0.0
284,142,1.0,axis_edge_parallel,0.7881381679882429,False,0.2483429636591864,0.8027482026129914,"k=10, ridge 0.01",k10_ridge0p01,0.0
285,142,1.0,axis_edge_orthogonal,0.7888994829058809,False,0.288121808098098,0.6445118917920878,"k=10, ridge 0.01",k10_ridge0p01,0.0
286,143,2.0,axis_edge_parallel,0.7018614550235195,False,0.1693607154035301,0.5711252807555305,"k=10, ridge 0.01",k10_ridge0p01,0.0
287,143,2.0,axis_edge_orthogonal,0.7627473671605548,False,0.26226482069945,0.583138016682932,"k=10, ridge 0.01",k10_ridge0p01,0.0
288,144,0.5,axis_edge_parallel,0.9311570093340676,False,0.3642297195700989,0.7801535913593481,"k=10, ridge 0.01",k10_ridge0p01,0.0
289,144,0.5,axis_edge_orthogonal,0.933358167779912,False,0.3750614225194243,0.7396683298180253,"k=10, ridge 0.01",k10_ridge0p01,0.0
290,145,1.0,axis_edge_parallel,0.9203972161390774,False,0.3295315075220081,0.786016830801545,"k=10, ridge 0.01",k10_ridge0p01,0.0
291,145,1.0,axis_edge_orthogonal,0.9258455457577828,False,0.3414297908561246,0.7781859179877607,"k=10, ridge 0.01",k10_ridge0p01,0.0
292,146,2.0,axis_edge_parallel,0.879794857779729,False,0.2488880577996623,0.7575620421093234,"k=10, ridge 0.01",k10_ridge0p01,0.0
293,146,2.0,axis_edge_orthogonal,0.9172380037447336,False,0.312727824669487,0.7811758760597204,"k=10, ridge 0.01",k10_ridge0p01,0.0
294,147,0.5,axis_edge_parallel,0.8562668386784094,True,0.578312682703928,0.502088508636611,"k=10, ridge 0.01",k10_ridge0p01,1.0
295,147,0.5,axis_edge_orthogonal,0.8792861112866196,True,0.6186939930917594,0.4811770784751501,"k=10, ridge 0.01",k10_ridge0p01,1.0
296,148,1.0,axis_edge_parallel,0.8486648262380808,True,0.5666730485770446,0.5059575402030247,"k=10, ridge 0.01",k10_ridge0p01,1.0
297,148,1.0,axis_edge_orthogonal,0.8630541867543504,True,0.592114286736205,0.4931323659962635,"k=10, ridge 0.01",k10_ridge0p01,1.0
298,149,2.0,axis_edge_parallel,0.8510969834042377,True,0.5710253277602418,0.5037512994031204,"k=10, ridge 0.01",k10_ridge0p01,1.0
299,149,2.0,axis_edge_orthogonal,0.8540270537969994,True,0.5770475601174966,0.4998457321159017,"k=10, ridge 0.01",k10_ridge0p01,1.0
300,150,0.5,axis_edge_parallel,0.9105614171925434,True,0.3517057993345354,0.9425856310840828,"k=10, ridge 0.01",k10_ridge0p01,1.0
301,150,0.5,axis_edge_orthogonal,0.9118573536820334,True,0.3554330452477693,0.9386597445395712,"k=10, ridge 0.01",k10_ridge0p01,1.0
302,151,1.0,axis_edge_parallel,0.9071268797733256,True,0.3397330953682895,0.9562681037216406,"k=10, ridge 0.01",k10_ridge0p01,1.0
303,151,1.0,axis_edge_orthogonal,0.918930716828526,True,0.378372911653864,0.9085491165822696,"k=10, ridge 0.01",k10_ridge0p01,1.0
304,152,2.0,axis_edge_parallel,0.9070771234685236,True,0.3338859267757512,0.955105326767164,"k=10, ridge 0.01",k10_ridge0p01,1.0
305,152,2.0,axis_edge_orthogonal,0.917465362948802,True,0.3658085177970837,0.9051008978020608,"k=10, ridge 0.01",k10_ridge0p01,1.0
306,153,0.5,axis_edge_parallel,0.8693268862786477,True,0.317815137177477,0.8510565724350063,"k=10, ridge 0.01",k10_ridge0p01,1.0
307,153,0.5,axis_edge_orthogonal,0.868759731846349,True,0.317708933129423,0.8449828859272855,"k=10, ridge 0.01",k10_ridge0p01,1.0
308,154,1.0,axis_edge_parallel,0.855093164784182,False,0.2823383081894675,0.8545508117357838,"k=10, ridge 0.01",k10_ridge0p01,0.0
309,154,1.0,axis_edge_orthogonal,0.8552381247812815,False,0.284231774758477,0.8472104532279753,"k=10, ridge 0.01",k10_ridge0p01,0.0
310,155,2.0,axis_edge_parallel,0.8588799212268576,False,0.2713243677603905,0.9562551301079634,"k=10, ridge 0.01",k10_ridge0p01,0.0
311,155,2.0,axis_edge_orthogonal,0.8606257882213907,False,0.2880367054425155,0.8959385855418146,"k=10, ridge 0.01",k10_ridge0p01,0.0
312,156,0.5,axis_edge_parallel,0.9490381127602288,True,0.6177595680875405,0.5793524002564295,"k=10, ridge 0.01",k10_ridge0p01,1.0
313,156,0.5,axis_edge_orthogonal,0.9475784328732546,True,0.6120505631303574,0.5873690757892469,"k=10, ridge 0.01",k10_ridge0p01,1.0
314,157,1.0,axis_edge_parallel,0.8033717939795874,False,0.2970292526123292,0.8937383191980925,"k=10, ridge 0.01",k10_ridge0p01,0.0
315,157,1.0,axis_edge_orthogonal,0.8228670122277678,True,0.3314183149370199,0.8706980133141888,"k=10, ridge 0.01",k10_ridge0p01,1.0
316,158,2.0,axis_edge_parallel,0.669543113367828,False,0.1098521309022501,0.6382997949144009,"k=10, ridge 0.01",k10_ridge0p01,0.0
317,158,2.0,axis_edge_orthogonal,0.7279973099918592,False,0.1959642309622276,0.7149499566935871,"k=10, ridge 0.01",k10_ridge0p01,0.0
318,159,0.5,axis_edge_parallel,0.9052612654744242,True,0.5388886194901957,0.6696334909641714,"k=10, ridge 0.01",k10_ridge0p01,1.0
319,159,0.5,axis_edge_orthogonal,0.9157740502589572,True,0.5604432917523723,0.644446798033838,"k=10, ridge 0.01",k10_ridge0p01,1.0
320,160,1.0,axis_edge_parallel,0.8693326984065016,True,0.4558582612962351,0.7968005130832941,"k=10, ridge 0.01",k10_ridge0p01,1.0
321,160,1.0,axis_edge_orthogonal,0.8876598924782321,True,0.4893244407396458,0.7547585140773184,"k=10, ridge 0.01",k10_ridge0p01,1.0
322,161,2.0,axis_edge_parallel,0.871733162815585,True,0.4715141547779181,0.7510429832878693,"k=10, ridge 0.01",k10_ridge0p01,1.0
323,161,2.0,axis_edge_orthogonal,0.8843914255716422,True,0.4998810052607856,0.7102647154580757,"k=10, ridge 0.01",k10_ridge0p01,1.0
324,162,0.5,axis_edge_parallel,0.998790854406304,True,0.9233093548720004,0.2924881624187008,"k=10, ridge 0.01",k10_ridge0p01,1.0
325,162,0.5,axis_edge_orthogonal,0.9949633994183286,True,0.8482464011519314,0.343644503486134,"k=10, ridge 0.01",k10_ridge0p01,1.0
326,163,1.0,axis_edge_parallel,0.992516055350414,True,0.8189134236641725,0.3660404725117865,"k=10, ridge 0.01",k10_ridge0p01,1.0
327,163,1.0,axis_edge_orthogonal,0.9951712360238038,True,0.8513795282745795,0.341382471077283,"k=10, ridge 0.01",k10_ridge0p01,1.0
328,164,2.0,axis_edge_parallel,0.9739546437217343,True,0.6831404504965037,0.4967738185901347,"k=10, ridge 0.01",k10_ridge0p01,1.0
329,164,2.0,axis_edge_orthogonal,0.999682358878759,True,0.9598083400176134,0.2712102227639871,"k=10, ridge 0.01",k10_ridge0p01,1.0
330,165,0.5,axis_edge_parallel,0.7859240868658329,False,0.2485539181592104,0.9932850690983062,"k=10, ridge 0.01",k10_ridge0p01,0.0
331,165,0.5,axis_edge_orthogonal,0.8827747149470374,True,0.4497597710298092,0.8232081740030549,"k=10, ridge 0.01",k10_ridge0p01,1.0
332,166,1.0,axis_edge_parallel,0.8433951492547712,True,0.3454972337118452,0.9380246087243244,"k=10, ridge 0.01",k10_ridge0p01,1.0
333,166,1.0,axis_edge_orthogonal,0.8414401210975607,True,0.3524127292652971,0.9366859913893868,"k=10, ridge 0.01",k10_ridge0p01,1.0
334,167,2.0,axis_edge_parallel,0.8213019092100752,True,0.3167259020383229,0.9725150132750184,"k=10, ridge 0.01",k10_ridge0p01,1.0
335,167,2.0,axis_edge_orthogonal,0.8476192694108071,True,0.3684402377323082,0.9289495901074012,"k=10, ridge 0.01",k10_ridge0p01,1.0
336,168,0.5,axis_edge_parallel,0.8574084008829151,True,0.4029552663765341,0.859434653268483,"k=10, ridge 0.01",k10_ridge0p01,1.0
337,168,0.5,axis_edge_orthogonal,0.8580148102331825,True,0.4066577646885493,0.8455128068710396,"k=10, ridge 0.01",k10_ridge0p01,1.0
338,169,1.0,axis_edge_parallel,0.8235891008811929,True,0.3503837145755568,0.8754592612915197,"k=10, ridge 0.01",k10_ridge0p01,1.0
339,169,1.0,axis_edge_orthogonal,0.8392396831314965,True,0.3793259437454254,0.842740660388752,"k=10, ridge 0.01",k10_ridge0p01,1.0
340,170,2.0,axis_edge_parallel,0.7841190791886464,False,0.2943064828382812,0.8499656737499854,"k=10, ridge 0.01",k10_ridge0p01,0.0
341,170,2.0,axis_edge_orthogonal,0.8358331159232903,True,0.3758358632593547,0.8284048401606765,"k=10, ridge 0.01",k10_ridge0p01,1.0
342,171,0.5,axis_edge_parallel,0.8944036150996881,True,0.4129306796872238,0.798177752777972,"k=10, ridge 0.01",k10_ridge0p01,1.0
343,171,0.5,axis_edge_orthogonal,0.9352880671325804,True,0.5149441767583505,0.6680270416057976,"k=10, ridge 0.01",k10_ridge0p01,1.0
344,172,1.0,axis_edge_parallel,0.8268228395258816,False,0.2960716183314485,0.8202855299217965,"k=10, ridge 0.01",k10_ridge0p01,0.0
345,172,1.0,axis_edge_orthogonal,0.8949558481993265,True,0.4231784337322429,0.7580877913153525,"k=10, ridge 0.01",k10_ridge0p01,1.0
346,173,2.0,axis_edge_parallel,0.7910760420158531,False,0.2450127829929078,0.7842809384965903,"k=10, ridge 0.01",k10_ridge0p01,0.0
347,173,2.0,axis_edge_orthogonal,0.7862473403840081,False,0.2394626701469794,0.778944188402963,"k=10, ridge 0.01",k10_ridge0p01,0.0
348,174,0.5,axis_edge_parallel,0.9341196681446025,False,0.3087870233869977,0.934109240759133,"k=10, ridge 0.01",k10_ridge0p01,0.0
349,174,0.5,axis_edge_orthogonal,0.931967064907358,False,0.3056345046609821,0.941561030534306,"k=10, ridge 0.01",k10_ridge0p01,0.0
350,175,1.0,axis_edge_parallel,0.9140082844767516,False,0.2760788757490685,0.9819136281273424,"k=10, ridge 0.01",k10_ridge0p01,0.0
351,175,1.0,axis_edge_orthogonal,0.9156825139579612,False,0.2764228391214609,0.978450066947918,"k=10, ridge 0.01",k10_ridge0p01,0.0
352,176,2.0,axis_edge_parallel,0.8994662190495938,False,0.2398799519611221,0.9901727114232411,"k=10, ridge 0.01",k10_ridge0p01,0.0
353,176,2.0,axis_edge_orthogonal,0.9175901356606124,False,0.2648825163418459,0.9668475123633804,"k=10, ridge 0.01",k10_ridge0p01,0.0
354,177,0.5,axis_edge_parallel,0.9851159597993366,True,0.2843675328420358,0.9844053909794964,"k=10, ridge 0.01",k10_ridge0p01,1.0
355,177,0.5,axis_edge_orthogonal,0.9852850359488764,True,0.2846544886531295,0.9835084992823866,"k=10, ridge 0.01",k10_ridge0p01,1.0
356,178,1.0,axis_edge_parallel,0.9871939107733084,True,0.2907507239431423,0.9700816701653028,"k=10, ridge 0.01",k10_ridge0p01,1.0
357,178,1.0,axis_edge_orthogonal,0.9870547583862124,True,0.2898913244166506,0.9710631332780236,"k=10, ridge 0.01",k10_ridge0p01,1.0
358,179,2.0,axis_edge_parallel,0.9876333440943188,True,0.2945912712198849,0.9655471506022734,"k=10, ridge 0.01",k10_ridge0p01,1.0
359,179,2.0,axis_edge_orthogonal,0.9865677891194288,True,0.292144164042604,0.9750739257940626,"k=10, ridge 0.01",k10_ridge0p01,1.0
360,180,0.5,axis_edge_parallel,0.9712593299901496,False,0.3069883009925065,0.9327465879868668,"k=10, ridge 0.01",k10_ridge0p01,0.0
361,180,0.5,axis_edge_orthogonal,0.9714115532521512,False,0.3076710680036026,0.9314843877144472,"k=10, ridge 0.01",k10_ridge0p01,0.0
362,181,1.0,axis_edge_parallel,0.9703573043679314,False,0.3038755054262452,0.9422871346854762,"k=10, ridge 0.01",k10_ridge0p01,0.0
363,181,1.0,axis_edge_orthogonal,0.9690106726792924,False,0.2993927956376489,0.9466305397761408,"k=10, ridge 0.01",k10_ridge0p01,0.0
364,182,2.0,axis_edge_parallel,0.9608554496318265,False,0.2831335776173295,0.9390997865521588,"k=10, ridge 0.01",k10_ridge0p01,0.0
365,182,2.0,axis_edge_orthogonal,0.958356458532412,False,0.2783813200068993,0.9624149541302855,"k=10, ridge 0.01",k10_ridge0p01,0.0
366,183,0.5,axis_edge_parallel,0.8698424751119952,True,0.2840054225145584,0.9897371853051368,"k=10, ridge 0.01",k10_ridge0p01,1.0
367,183,0.5,axis_edge_orthogonal,0.8673653845287203,True,0.2796805251970763,0.9913506499871192,"k=10, ridge 0.01",k10_ridge0p01,1.0
368,184,1.0,axis_edge_parallel,0.8372922688247127,False,0.2286721075863383,0.9871259016741424,"k=10, ridge 0.01",k10_ridge0p01,0.0
369,184,1.0,axis_edge_orthogonal,0.8287404874271814,False,0.2216207291754622,0.9834852200819884,"k=10, ridge 0.01",k10_ridge0p01,0.0
370,185,2.0,axis_edge_parallel,0.8546694270192321,False,0.2361118599493573,0.9071347024268226,"k=10, ridge 0.01",k10_ridge0p01,0.0
371,185,2.0,axis_edge_orthogonal,0.8409933686445301,False,0.2320804897241367,0.931350818993541,"k=10, ridge 0.01",k10_ridge0p01,0.0
372,186,0.5,axis_edge_parallel,0.9520388970498312,True,0.5078895899516493,0.5138181943037011,"k=10, ridge 0.01",k10_ridge0p01,1.0
373,186,0.5,axis_edge_orthogonal,0.9472631241051152,False,0.4866849464362522,0.5099528655203124,"k=10, ridge 0.01",k10_ridge0p01,0.0
374,187,1.0,axis_edge_parallel,0.963719864559538,True,0.5722223896053497,0.4955807306838284,"k=10, ridge 0.01",k10_ridge0p01,1.0
375,187,1.0,axis_edge_orthogonal,0.9491044140493426,False,0.4984694569529175,0.5029443465890223,"k=10, ridge 0.01",k10_ridge0p01,0.0
376,188,2.0,axis_edge_parallel,0.9533828109690532,True,0.5181796964258215,0.5046672218372525,"k=10, ridge 0.01",k10_ridge0p01,1.0
377,188,2.0,axis_edge_orthogonal,0.9470826448670352,False,0.4890471754273667,0.5024353654987389,"k=10, ridge 0.01",k10_ridge0p01,0.0
378,189,0.5,axis_edge_parallel,0.875323202753748,True,0.3540193828157169,0.9407120276038252,"k=10, ridge 0.01",k10_ridge0p01,1.0
379,189,0.5,axis_edge_orthogonal,0.8747391521184751,True,0.3519158144808597,0.9434590796253032,"k=10, ridge 0.01",k10_ridge0p01,1.0
380,190,1.0,axis_edge_parallel,0.8829621051286505,True,0.3766590651948623,0.9120485695672486,"k=10, ridge 0.01",k10_ridge0p01,1.0
381,190,1.0,axis_edge_orthogonal,0.8836833335425055,True,0.3777040564173367,0.9119126432278338,"k=10, ridge 0.01",k10_ridge0p01,1.0
382,191,2.0,axis_edge_parallel,0.8995821615037977,True,0.426295296837105,0.8374766921139639,"k=10, ridge 0.01",k10_ridge0p01,1.0
383,191,2.0,axis_edge_orthogonal,0.9092193055147508,True,0.4611012378657783,0.7771425301263007,"k=10, ridge 0.01",k10_ridge0p01,1.0
384,192,0.5,axis_edge_parallel,0.79062569335866,True,0.424861749294695,0.8592881610927866,"k=10, ridge 0.01",k10_ridge0p01,1.0
385,192,0.5,axis_edge_orthogonal,0.829671953029978,True,0.4864961087299619,0.7696366123844383,"k=10, ridge 0.01",k10_ridge0p01,1.0
386,193,1.0,axis_edge_parallel,0.8353765525042403,True,0.4957717023409102,0.7562206221376307,"k=10, ridge 0.01",k10_ridge0p01,1.0
387,193,1.0,axis_edge_orthogonal,0.8145071641740015,True,0.4621816021786475,0.806158684629097,"k=10, ridge 0.01",k10_ridge0p01,1.0
388,194,2.0,axis_edge_parallel,0.7982972864566585,True,0.4367232163722683,0.8431476106572615,"k=10, ridge 0.01",k10_ridge0p01,1.0
389,194,2.0,axis_edge_orthogonal,0.8311568987876327,True,0.4888599013618442,0.7665877082585401,"k=10, ridge 0.01",k10_ridge0p01,1.0
390,195,0.5,axis_edge_parallel,0.6810244474223967,False,0.148559551417878,0.9477154227873948,"k=10, ridge 0.01",k10_ridge0p01,0.0
391,195,0.5,axis_edge_orthogonal,0.7448112069282457,True,0.2821345823428902,0.994516361623718,"k=10, ridge 0.01",k10_ridge0p01,1.0
392,196,1.0,axis_edge_parallel,0.6741296179650903,False,0.1334586071439107,0.9322476577429848,"k=10, ridge 0.01",k10_ridge0p01,0.0
393,196,1.0,axis_edge_orthogonal,0.7306452290435284,False,0.2523127337767487,0.9801291978990276,"k=10, ridge 0.01",k10_ridge0p01,0.0
394,197,2.0,axis_edge_parallel,0.6645551124189033,False,0.1124167737228935,0.9081726617529406,"k=10, ridge 0.01",k10_ridge0p01,0.0
395,197,2.0,axis_edge_orthogonal,0.7239547596165753,False,0.2390000658249573,0.9924233041233494,"k=10, ridge 0.01",k10_ridge0p01,0.0
396,198,0.5,axis_edge_parallel,0.9867979885418738,False,0.4087477344381949,0.6885692246943763,"k=10, ridge 0.01",k10_ridge0p01,0.0
397,198,0.5,axis_edge_orthogonal,0.9868312044815216,False,0.4094533567319194,0.6882201654615706,"k=10, ridge 0.01",k10_ridge0p01,0.0
398,199,1.0,axis_edge_parallel,0.9922209627257148,False,0.4313656072979596,0.6193186160079998,"k=10, ridge 0.01",k10_ridge0p01,0.0
399,199,1.0,axis_edge_orthogonal,0.992315622190596,False,0.434356464696451,0.6194337987175048,"k=10, ridge 0.01",k10_ridge0p01,0.0
400,200,2.0,axis_edge_parallel,0.9938372020279068,False,0.4417551956614322,0.5865020629354721,"k=10, ridge 0.01",k10_ridge0p01,0.0
401,200,2.0,axis_edge_orthogonal,0.992735299265164,False,0.4321448925451501,0.6102087612726032,"k=10, ridge 0.01",k10_ridge0p01,0.0
402,201,0.5,axis_edge_parallel,0.9808899959037026,True,0.4035859606918587,0.7547649102591578,"k=10, ridge 0.01",k10_ridge0p01,1.0
403,201,0.5,axis_edge_orthogonal,0.9823959354096145,True,0.4078937610169216,0.7420164305356551,"k=10, ridge 0.01",k10_ridge0p01,1.0
404,202,1.0,axis_edge_parallel,0.9851083460387394,True,0.4160018138959013,0.7152773012472081,"k=10, ridge 0.01",k10_ridge0p01,1.0
405,202,1.0,axis_edge_orthogonal,0.9873785432112612,True,0.4248845585334271,0.6955247249610924,"k=10, ridge 0.01",k10_ridge0p01,1.0
406,203,2.0,axis_edge_parallel,0.9960952497735855,True,0.482535712200614,0.5472287190391504,"k=10, ridge 0.01",k10_ridge0p01,1.0
407,203,2.0,axis_edge_orthogonal,0.9953623968196836,True,0.4787425175843477,0.5702452557435885,"k=10, ridge 0.01",k10_ridge0p01,1.0
408,204,0.5,axis_edge_parallel,0.9604438885376316,True,0.5653597967512667,0.6376939905434689,"k=10, ridge 0.01",k10_ridge0p01,1.0
409,204,0.5,axis_edge_orthogonal,0.9641180616311048,True,0.5836356360266132,0.6115149394252843,"k=10, ridge 0.01",k10_ridge0p01,1.0
410,205,1.0,axis_edge_parallel,0.9627771322691578,True,0.5966936788211705,0.5547706410336932,"k=10, ridge 0.01",k10_ridge0p01,1.0
411,205,1.0,axis_edge_orthogonal,0.959337861398419,True,0.5747919921863661,0.5875021280824803,"k=10, ridge 0.01",k10_ridge0p01,1.0
412,206,2.0,axis_edge_parallel,0.9889244618004986,True,0.7657795115736709,0.4025351131911965,"k=10, ridge 0.01",k10_ridge0p01,1.0
413,206,2.0,axis_edge_orthogonal,0.9675175353554638,True,0.6297220616521999,0.5100342573411419,"k=10, ridge 0.01",k10_ridge0p01,1.0
414,207,0.5,axis_edge_parallel,0.8866279717682854,True,0.4243159497637092,0.7468980128175741,"k=10, ridge 0.01",k10_ridge0p01,1.0
415,207,0.5,axis_edge_orthogonal,0.8850818140688662,True,0.4212015157680091,0.7482084328123721,"k=10, ridge 0.01",k10_ridge0p01,1.0
416,208,1.0,axis_edge_parallel,0.8907523583483923,True,0.4287659921080323,0.7633948995734008,"k=10, ridge 0.01",k10_ridge0p01,1.0
417,208,1.0,axis_edge_orthogonal,0.8799668403180112,True,0.4066898697853743,0.7766859818842561,"k=10, ridge 0.01",k10_ridge0p01,1.0
418,209,2.0,axis_edge_parallel,0.904968821363786,True,0.4610184222070585,0.7376498696407301,"k=10, ridge 0.01",k10_ridge0p01,1.0
419,209,2.0,axis_edge_orthogonal,0.8618576853590662,False,0.378375887564963,0.7428854942507213,"k=10, ridge 0.01",k10_ridge0p01,0.0
420,210,0.5,axis_edge_parallel,0.9577128659237404,True,0.2810775889380102,0.9848324119424118,"k=10, ridge 0.01",k10_ridge0p01,1.0
421,210,0.5,axis_edge_orthogonal,0.9576804579219949,True,0.2805586736815963,0.9859186908259993,"k=10, ridge 0.01",k10_ridge0p01,1.0
422,211,1.0,axis_edge_parallel,0.9583393737103818,False,0.2596346175806643,0.9962125804984302,"k=10, ridge 0.01",k10_ridge0p01,0.0
423,211,1.0,axis_edge_orthogonal,0.9584303711995475,False,0.2589594585425158,0.99654294692128,"k=10, ridge 0.01",k10_ridge0p01,0.0
424,212,2.0,axis_edge_parallel,0.9657253075407254,True,0.3152489434714911,0.9704466962062052,"k=10, ridge 0.01",k10_ridge0p01,1.0
425,212,2.0,axis_edge_orthogonal,0.964733661135147,True,0.3132732707692001,0.977653480523197,"k=10, ridge 0.01",k10_ridge0p01,1.0
426,213,0.5,axis_edge_parallel,0.9009493980200208,True,0.3675670035607089,0.7349520984489546,"k=10, ridge 0.01",k10_ridge0p01,1.0
427,213,0.5,axis_edge_orthogonal,0.9210398854004032,True,0.4529994582466404,0.7022277855008269,"k=10, ridge 0.01",k10_ridge0p01,1.0
428,214,1.0,axis_edge_parallel,0.8512480626701754,False,0.2657217488746194,0.7347773249658929,"k=10, ridge 0.01",k10_ridge0p01,0.0
429,214,1.0,axis_edge_orthogonal,0.8092971272376311,False,0.302211412959297,0.6697612268676535,"k=10, ridge 0.01",k10_ridge0p01,0.0
430,215,2.0,axis_edge_parallel,0.857173218255511,False,0.2716343669753391,0.7362332071913151,"k=10, ridge 0.01",k10_ridge0p01,0.0
431,215,2.0,axis_edge_orthogonal,0.81164110597623,False,0.2223725940724903,0.6974190884921755,"k=10, ridge 0.01",k10_ridge0p01,0.0
432,216,0.5,axis_edge_parallel,0.8467691553747182,False,0.2081573472620557,0.9825469142922972,"k=10, ridge 0.01",k10_ridge0p01,0.0
433,216,0.5,axis_edge_orthogonal,0.8205334902487013,False,0.1577881015217346,0.9094386088592634,"k=10, ridge 0.01",k10_ridge0p01,0.0
434,217,1.0,axis_edge_parallel,0.8450554336048963,False,0.2073603047220799,0.9827081342638124,"k=10, ridge 0.01",k10_ridge0p01,0.0
435,217,1.0,axis_edge_orthogonal,0.8487444750144162,False,0.2145651725108479,0.973061196952122,"k=10, ridge 0.01",k10_ridge0p01,0.0
436,218,2.0,axis_edge_parallel,0.8497179499622263,False,0.2151219547927,0.98271743154042,"k=10, ridge 0.01",k10_ridge0p01,0.0
437,218,2.0,axis_edge_orthogonal,0.8497572443031756,False,0.2180773466568749,0.9798148004430832,"k=10, ridge 0.01",k10_ridge0p01,0.0
438,219,0.5,axis_edge_parallel,0.9975784476490897,True,0.9099517672587846,0.3003603627106641,"k=10, ridge 0.01",k10_ridge0p01,1.0
439,219,0.5,axis_edge_orthogonal,0.9978397938164402,True,0.9151476213583958,0.2971201529134884,"k=10, ridge 0.01",k10_ridge0p01,1.0
440,220,1.0,axis_edge_parallel,0.9995127167642032,True,0.959862458613568,0.2710360970702633,"k=10, ridge 0.01",k10_ridge0p01,1.0
441,220,1.0,axis_edge_orthogonal,0.9995314653398586,True,0.9620432121833242,0.2697639953420674,"k=10, ridge 0.01",k10_ridge0p01,1.0
442,221,2.0,axis_edge_parallel,0.9999527077947292,True,0.98789232238945,0.2561319642521829,"k=10, ridge 0.01",k10_ridge0p01,1.0
443,221,2.0,axis_edge_orthogonal,0.999947036689848,True,0.9875444137073934,0.2563055831486051,"k=10, ridge 0.01",k10_ridge0p01,1.0
444,222,0.5,axis_edge_parallel,0.8977590693810511,True,0.5074497444403246,0.7225968489574398,"k=10, ridge 0.01",k10_ridge0p01,1.0
445,222,0.5,axis_edge_orthogonal,0.9051430310474629,True,0.5243191760133088,0.6995439385426238,"k=10, ridge 0.01",k10_ridge0p01,1.0
446,223,1.0,axis_edge_parallel,0.8419443879114852,True,0.3776944978866458,0.902463483194162,"k=10, ridge 0.01",k10_ridge0p01,1.0
447,223,1.0,axis_edge_orthogonal,0.8399407836714353,True,0.3816610120583366,0.888871356518857,"k=10, ridge 0.01",k10_ridge0p01,1.0
448,224,2.0,axis_edge_parallel,0.8256483797149113,True,0.356703559722508,0.9105590892023332,"k=10, ridge 0.01",k10_ridge0p01,1.0
449,224,2.0,axis_edge_orthogonal,0.8245612969141116,True,0.3474042571133598,0.9287099657002094,"k=10, ridge 0.01",k10_ridge0p01,1.0
450,225,0.5,axis_edge_parallel,0.9963880530815044,True,0.3104234562499352,0.8564674026656912,"k=10, ridge 0.01",k10_ridge0p01,1.0
451,225,0.5,axis_edge_orthogonal,0.9961938055786896,True,0.3096459596603432,0.8591370895927775,"k=10, ridge 0.01",k10_ridge0p01,1.0
452,226,1.0,axis_edge_parallel,0.9866586602929336,False,0.2860658120916196,0.9377457759154488,"k=10, ridge 0.01",k10_ridge0p01,0.0
453,226,1.0,axis_edge_orthogonal,0.9863938099412184,False,0.2862564147595865,0.9391588251411288,"k=10, ridge 0.01",k10_ridge0p01,0.0
454,227,2.0,axis_edge_parallel,0.9626701472528468,False,0.2568298712575804,0.9975263502178604,"k=10, ridge 0.01",k10_ridge0p01,0.0
455,227,2.0,axis_edge_orthogonal,0.9731156286646436,False,0.2673837794076408,0.9839339333687552,"k=10, ridge 0.01",k10_ridge0p01,0.0
456,228,0.5,axis_edge_parallel,0.9954381441716608,True,0.3077607584841124,0.8687451280527656,"k=10, ridge 0.01",k10_ridge0p01,1.0
457,228,0.5,axis_edge_orthogonal,0.9946301717958892,True,0.3053605988458927,0.8779700493079702,"k=10, ridge 0.01",k10_ridge0p01,1.0
458,229,1.0,axis_edge_parallel,0.9842320380453338,False,0.2829914015932923,0.9495642454772822,"k=10, ridge 0.01",k10_ridge0p01,0.0
459,229,1.0,axis_edge_orthogonal,0.984552250849802,False,0.2825085252372723,0.9480866566525662,"k=10, ridge 0.01",k10_ridge0p01,0.0
460,230,2.0,axis_edge_parallel,0.9112097017072818,False,0.2187218164979605,0.9488994029408374,"k=10, ridge 0.01",k10_ridge0p01,0.0
461,230,2.0,axis_edge_orthogonal,0.9446704918779636,False,0.24107465898886,0.9961356390531128,"k=10, ridge 0.01",k10_ridge0p01,0.0
462,231,0.5,axis_edge_parallel,0.9941657950725338,True,0.3098416416884691,0.8800524017546492,"k=10, ridge 0.01",k10_ridge0p01,1.0
463,231,0.5,axis_edge_orthogonal,0.9940024769315569,True,0.3100890896525001,0.8817156207103973,"k=10, ridge 0.01",k10_ridge0p01,1.0
464,232,1.0,axis_edge_parallel,0.9822553196903072,True,0.2857147315041335,0.956543957809422,"k=10, ridge 0.01",k10_ridge0p01,1.0
465,232,1.0,axis_edge_orthogonal,0.9793291375995168,True,0.279938138502266,0.9670810404503944,"k=10, ridge 0.01",k10_ridge0p01,1.0
466,233,2.0,axis_edge_parallel,0.9226123031489746,False,0.2616263305266837,0.9621164429729177,"k=10, ridge 0.01",k10_ridge0p01,0.0
467,233,2.0,axis_edge_orthogonal,0.9503351376833196,False,0.2502612839513456,0.9991490963196183,"k=10, ridge 0.01",k10_ridge0p01,0.0
468,234,0.5,axis_edge_parallel,0.9540826871307388,True,0.718608397699015,0.4528638878516427,"k=10, ridge 0.01",k10_ridge0p01,1.0
469,234,0.5,axis_edge_orthogonal,0.9551129602305088,True,0.7207622626934099,0.4506689585383978,"k=10, ridge 0.01",k10_ridge0p01,1.0
470,235,1.0,axis_edge_parallel,0.9603765401520464,True,0.7388287421190693,0.4333678320964521,"k=10, ridge 0.01",k10_ridge0p01,1.0
471,235,1.0,axis_edge_orthogonal,0.9600065183100064,True,0.7375280789538379,0.4344911999475305,"k=10, ridge 0.01",k10_ridge0p01,1.0
472,236,2.0,axis_edge_parallel,0.8882941878478694,True,0.5395164285666736,0.6254746186122088,"k=10, ridge 0.01",k10_ridge0p01,1.0
473,236,2.0,axis_edge_orthogonal,0.9550902641124684,True,0.7215996996926795,0.4474922780645724,"k=10, ridge 0.01",k10_ridge0p01,1.0
474,237,0.5,axis_edge_parallel,0.8657236891074681,True,0.3066636537733154,0.9707194166144036,"k=10, ridge 0.01",k10_ridge0p01,1.0
475,237,0.5,axis_edge_orthogonal,0.8655729915251421,True,0.3062358896639595,0.971058711856812,"k=10, ridge 0.01",k10_ridge0p01,1.0
476,238,1.0,axis_edge_parallel,0.8657920446348858,True,0.3031934011031528,0.981621783005944,"k=10, ridge 0.01",k10_ridge0p01,1.0
477,238,1.0,axis_edge_orthogonal,0.8594119301008506,True,0.2873315881419514,0.988485358191674,"k=10, ridge 0.01",k10_ridge0p01,1.0
478,239,2.0,axis_edge_parallel,0.8769578616935227,True,0.3343386433457384,0.956194042932776,"k=10, ridge 0.01",k10_ridge0p01,1.0
479,239,2.0,axis_edge_orthogonal,0.8615126811588434,True,0.2918767799684167,0.9879504940792267,"k=10, ridge 0.01",k10_ridge0p01,1.0
480,240,0.5,axis_edge_parallel,0.7633141114173133,False,0.234064230448793,0.8202958920623109,"k=10, ridge 0.01",k10_ridge0p01,0.0
481,240,0.5,axis_edge_orthogonal,0.8003923985252066,False,0.2515304808326093,0.953160117223564,"k=10, ridge 0.01",k10_ridge0p01,0.0
482,241,1.0,axis_edge_parallel,0.7468155093954332,False,0.1539605271842929,0.8641961360264527,"k=10, ridge 0.01",k10_ridge0p01,0.0
483,241,1.0,axis_edge_orthogonal,0.6850483322810178,False,0.0690107460467474,0.6869356458659753,"k=10, ridge 0.01",k10_ridge0p01,0.0
484,242,2.0,axis_edge_parallel,0.640730022541142,False,0.0820078015355313,0.5293997344016758,"k=10, ridge 0.01",k10_ridge0p01,0.0
485,242,2.0,axis_edge_orthogonal,0.6991446508529428,False,0.0293193958324268,0.7503981263638846,"k=10, ridge 0.01",k10_ridge0p01,0.0
486,243,0.5,axis_edge_parallel,0.9425804996251032,False,0.2798330803527446,0.9844080434982307,"k=10, ridge 0.01",k10_ridge0p01,0.0
487,243,0.5,axis_edge_orthogonal,0.9434364815903548,False,0.2821916785947316,0.9828699863713776,"k=10, ridge 0.01",k10_ridge0p01,0.0
488,244,1.0,axis_edge_parallel,0.9361425481240114,False,0.268388046641796,0.9937444801512912,"k=10, ridge 0.01",k10_ridge0p01,0.0
489,244,1.0,axis_edge_orthogonal,0.9384902227270828,False,0.2695975301797607,0.9905040273217331,"k=10, ridge 0.01",k10_ridge0p01,0.0
490,245,2.0,axis_edge_parallel,0.9299937481119944,True,0.2604817015870657,0.9986018871906636,"k=10, ridge 0.01",k10_ridge0p01,1.0
491,245,2.0,axis_edge_orthogonal,0.9535523121235586,False,0.2992864818654959,0.955594504563514,"k=10, ridge 0.01",k10_ridge0p01,0.0
492,246,0.5,axis_edge_parallel,0.9420651220913424,True,0.2907917996460923,0.9775378538051072,"k=10, ridge 0.01",k10_ridge0p01,1.0
493,246,0.5,axis_edge_orthogonal,0.9415593779334396,True,0.2899695008619508,0.9787751345575356,"k=10, ridge 0.01",k10_ridge0p01,1.0
494,247,1.0,axis_edge_parallel,0.9288317704360384,True,0.2668253734114218,0.9907440101852472,"k=10, ridge 0.01",k10_ridge0p01,1.0
495,247,1.0,axis_edge_orthogonal,0.9366314908481492,True,0.2833660334179243,0.9884187914396552,"k=10, ridge 0.01",k10_ridge0p01,1.0
496,248,2.0,axis_edge_parallel,0.9341202016290104,False,0.2695387919961969,0.9915075639723084,"k=10, ridge 0.01",k10_ridge0p01,0.0
497,248,2.0,axis_edge_orthogonal,0.9480126979585336,True,0.3074572720960937,0.9619434429707372,"k=10, ridge 0.01",k10_ridge0p01,1.0
498,249,0.5,axis_edge_parallel,0.8937259115531547,True,0.3781688002072697,0.7680518098994042,"k=10, ridge 0.01",k10_ridge0p01,1.0
499,249,0.5,axis_edge_orthogonal,0.892213249195979,True,0.3743104455373359,0.7686011635607087,"k=10, ridge 0.01",k10_ridge0p01,1.0
500,250,1.0,axis_edge_parallel,0.8944055388470298,True,0.3772354982392068,0.7764566642043955,"k=10, ridge 0.01",k10_ridge0p01,1.0
501,250,1.0,axis_edge_orthogonal,0.8924124668119675,True,0.3724951322416089,0.7747865431672959,"k=10, ridge 0.01",k10_ridge0p01,1.0
502,251,2.0,axis_edge_parallel,0.8903546968227234,False,0.3772362593399466,0.7171067943793791,"k=10, ridge 0.01",k10_ridge0p01,0.0
503,251,2.0,axis_edge_orthogonal,0.8987320794523179,True,0.3951580888468254,0.732067236580228,"k=10, ridge 0.01",k10_ridge0p01,1.0
504,252,0.5,axis_edge_parallel,0.9224680268048524,True,0.3080059541637202,0.9752406910331556,"k=10, ridge 0.01",k10_ridge0p01,1.0
505,252,0.5,axis_edge_orthogonal,0.9220784688268276,True,0.308320438755414,0.9759983863054956,"k=10, ridge 0.01",k10_ridge0p01,1.0
506,253,1.0,axis_edge_parallel,0.9134032360232318,True,0.2715079266013931,0.9941878663087652,"k=10, ridge 0.01",k10_ridge0p01,1.0
507,253,1.0,axis_edge_orthogonal,0.913949268410658,True,0.2736543320757009,0.9946414678180432,"k=10, ridge 0.01",k10_ridge0p01,1.0
508,254,2.0,axis_edge_parallel,0.9088875147794288,False,0.2516741756113462,0.9985206530984246,"k=10, ridge 0.01",k10_ridge0p01,0.0
509,254,2.0,axis_edge_orthogonal,0.911210770288534,False,0.2520022482209144,0.991419965960784,"k=10, ridge 0.01",k10_ridge0p01,0.0
510,255,0.5,axis_edge_parallel,0.8939700799403706,True,0.2837272534230703,0.9921985725767446,"k=10, ridge 0.01",k10_ridge0p01,1.0
511,255,0.5,axis_edge_orthogonal,0.8940536758129465,True,0.2840594116886826,0.9919126649419496,"k=10, ridge 0.01",k10_ridge0p01,1.0
512,256,1.0,axis_edge_parallel,0.8879432597502721,True,0.2650482104475116,0.9973437245087672,"k=10, ridge 0.01",k10_ridge0p01,1.0
513,256,1.0,axis_edge_orthogonal,0.8884780162945699,True,0.2652923896606559,0.9977408280086424,"k=10, ridge 0.01",k10_ridge0p01,1.0
514,257,2.0,axis_edge_parallel,0.8805318230087423,False,0.2481605296636772,0.989271934355952,"k=10, ridge 0.01",k10_ridge0p01,0.0
515,257,2.0,axis_edge_orthogonal,0.8745550690899095,False,0.2344882251717686,0.974011591348202,"k=10, ridge 0.01",k10_ridge0p01,0.0
516,258,0.5,axis_edge_parallel,0.8450942256024644,False,0.2225029170461588,0.9910137994356982,"k=10, ridge 0.01",k10_ridge0p01,0.0
517,258,0.5,axis_edge_orthogonal,0.8620493332354688,False,0.2638863631070224,0.9922906974583858,"k=10, ridge 0.01",k10_ridge0p01,0.0
518,259,1.0,axis_edge_parallel,0.8438724326706248,False,0.2357691854670951,0.9825731275141756,"k=10, ridge 0.01",k10_ridge0p01,0.0
519,259,1.0,axis_edge_orthogonal,0.8491813747865685,False,0.2433366578305415,0.9887607793067784,"k=10, ridge 0.01",k10_ridge0p01,0.0
520,260,2.0,axis_edge_parallel,0.8456223954770073,False,0.2438859397430182,0.9780486049345376,"k=10, ridge 0.01",k10_ridge0p01,0.0
521,260,2.0,axis_edge_orthogonal,0.8450298918674246,False,0.2457566559089004,0.9657885918139124,"k=10, ridge 0.01",k10_ridge0p01,0.0
522,261,0.5,axis_edge_parallel,0.9873459812408908,True,0.2610018019230215,0.9960719706477632,"k=10, ridge 0.01",k10_ridge0p01,1.0
523,261,0.5,axis_edge_orthogonal,0.9876682955660956,True,0.2648809071100912,0.9964678488018632,"k=10, ridge 0.01",k10_ridge0p01,1.0
524,262,1.0,axis_edge_parallel,0.9872789145392574,True,0.2606783830094581,0.9972477717766852,"k=10, ridge 0.01",k10_ridge0p01,1.0
525,262,1.0,axis_edge_orthogonal,0.9875362021321336,True,0.2633624799205485,0.9969213866610735,"k=10, ridge 0.01",k10_ridge0p01,1.0
526,263,2.0,axis_edge_parallel,0.9873162538130552,False,0.258732651958135,0.9765569163148372,"k=10, ridge 0.01",k10_ridge0p01,0.0
527,263,2.0,axis_edge_orthogonal,0.9873312548099884,True,0.2608134619913204,0.9958955912177666,"k=10, ridge 0.01",k10_ridge0p01,1.0
528,264,0.5,axis_edge_parallel,0.9871394687160344,True,0.2597539629742016,0.9982849642491728,"k=10, ridge 0.01",k10_ridge0p01,1.0
529,264,0.5,axis_edge_orthogonal,0.9872824478420656,True,0.2609525193385814,0.9977265465771686,"k=10, ridge 0.01",k10_ridge0p01,1.0
530,265,1.0,axis_edge_parallel,0.986958935116444,True,0.2580146402309374,0.9986145416301162,"k=10, ridge 0.01",k10_ridge0p01,1.0
531,265,1.0,axis_edge_orthogonal,0.98724696966567,True,0.2606673358478175,0.9978912299367364,"k=10, ridge 0.01",k10_ridge0p01,1.0
532,266,2.0,axis_edge_parallel,0.9879615357058308,True,0.2663608479209564,0.991840618141458,"k=10, ridge 0.01",k10_ridge0p01,1.0
533,266,2.0,axis_edge_orthogonal,0.9875842459552822,True,0.2632915336324413,0.9955820839131124,"k=10, ridge 0.01",k10_ridge0p01,1.0
534,267,0.5,axis_edge_parallel,0.9969259096737524,False,0.254959084334997,0.999227091927841,"k=10, ridge 0.01",k10_ridge0p01,0.0
535,267,0.5,axis_edge_orthogonal,0.996827785178876,False,0.2429528083618374,0.998999107715568,"k=10, ridge 0.01",k10_ridge0p01,0.0
536,268,1.0,axis_edge_parallel,0.996974512971668,False,0.2602881795457413,0.986229603952326,"k=10, ridge 0.01",k10_ridge0p01,0.0
537,268,1.0,axis_edge_orthogonal,0.9968165868282703,False,0.2427654069586002,0.9962196777474712,"k=10, ridge 0.01",k10_ridge0p01,0.0
538,269,2.0,axis_edge_parallel,0.9967349822852866,True,0.3367207706712895,0.9464163157856168,"k=10, ridge 0.01",k10_ridge0p01,1.0
539,269,2.0,axis_edge_orthogonal,0.9970069676818968,False,0.2520436793901507,0.9947791663348924,"k=10, ridge 0.01",k10_ridge0p01,0.0
540,270,0.5,axis_edge_parallel,0.9923398025038032,True,0.254685133839545,0.9997622523555636,"k=10, ridge 0.01",k10_ridge0p01,1.0
541,270,0.5,axis_edge_orthogonal,0.992201083422652,False,0.2549685633477662,0.9994555126809408,"k=10, ridge 0.01",k10_ridge0p01,0.0
542,271,1.0,axis_edge_parallel,0.9924821771256708,False,0.2444231810724268,0.9932519214988836,"k=10, ridge 0.01",k10_ridge0p01,0.0
543,271,1.0,axis_edge_orthogonal,0.992590976659419,True,0.2865998418474806,0.989120642190832,"k=10, ridge 0.01",k10_ridge0p01,1.0
544,272,2.0,axis_edge_parallel,0.9919714567838704,False,0.2496320962174796,0.9839858205776568,"k=10, ridge 0.01",k10_ridge0p01,0.0
545,272,2.0,axis_edge_orthogonal,0.9926366672951724,True,0.2726103361179121,0.993534081072114,"k=10, ridge 0.01",k10_ridge0p01,1.0
546,273,0.5,axis_edge_parallel,0.9888366650577344,True,0.2560260180489394,0.9996021132492898,"k=10, ridge 0.01",k10_ridge0p01,1.0
547,273,0.5,axis_edge_orthogonal,0.9887306061573358,True,0.2550783797023394,0.9995825101983576,"k=10, ridge 0.01",k10_ridge0p01,1.0
548,274,1.0,axis_edge_parallel,0.9884797814395924,False,0.2451927995221488,0.9998374377037528,"k=10, ridge 0.01",k10_ridge0p01,0.0
549,274,1.0,axis_edge_orthogonal,0.9883637725568784,False,0.2431525498630502,0.999646797494747,"k=10, ridge 0.01",k10_ridge0p01,0.0
550,275,2.0,axis_edge_parallel,0.9876756011726844,False,0.217582710541855,0.9911045075804829,"k=10, ridge 0.01",k10_ridge0p01,0.0
551,275,2.0,axis_edge_orthogonal,0.9881186631124048,False,0.2268145909569955,0.9965160890427368,"k=10, ridge 0.01",k10_ridge0p01,0.0
552,276,0.5,axis_edge_parallel,0.947610143853534,True,0.550710013116996,0.609880319561603,"k=10, ridge 0.01",k10_ridge0p01,1.0
553,276,0.5,axis_edge_orthogonal,0.945826507055593,True,0.5456998120357064,0.6096977464107867,"k=10, ridge 0.01",k10_ridge0p01,1.0
554,277,1.0,axis_edge_parallel,0.957209568310093,True,0.5895863126961397,0.5688349903256725,"k=10, ridge 0.01",k10_ridge0p01,1.0
555,277,1.0,axis_edge_orthogonal,0.953593303887298,True,0.5740682954391704,0.5843072665930384,"k=10, ridge 0.01",k10_ridge0p01,1.0
556,278,2.0,axis_edge_parallel,0.9757472336289248,True,0.6989791089934126,0.450437101341766,"k=10, ridge 0.01",k10_ridge0p01,1.0
557,278,2.0,axis_edge_orthogonal,0.9749836396709528,True,0.6904811735483279,0.4605887761327468,"k=10, ridge 0.01",k10_ridge0p01,1.0
558,279,0.5,axis_edge_parallel,0.9825248596252998,True,0.7257537523813431,0.4294341973998501,"k=10, ridge 0.01",k10_ridge0p01,1.0
559,279,0.5,axis_edge_orthogonal,0.980888104356401,True,0.7161523911062031,0.4362781256621191,"k=10, ridge 0.01",k10_ridge0p01,1.0
560,280,1.0,axis_edge_parallel,0.982399156669978,True,0.7034860862658855,0.4605128592660306,"k=10, ridge 0.01",k10_ridge0p01,1.0
561,280,1.0,axis_edge_orthogonal,0.9764215678188553,True,0.6701399264829037,0.4874759215743173,"k=10, ridge 0.01",k10_ridge0p01,1.0
562,281,2.0,axis_edge_parallel,0.978063814311116,True,0.6769066320662694,0.4785775294824529,"k=10, ridge 0.01",k10_ridge0p01,1.0
563,281,2.0,axis_edge_orthogonal,0.9885153503483746,True,0.7589001101753138,0.4083391527183183,"k=10, ridge 0.01",k10_ridge0p01,1.0
564,282,0.5,axis_edge_parallel,0.981757856969365,True,0.769667149031483,0.4093989949068194,"k=10, ridge 0.01",k10_ridge0p01,1.0
565,282,0.5,axis_edge_orthogonal,0.9910544249830116,True,0.845536038625195,0.3453896095531973,"k=10, ridge 0.01",k10_ridge0p01,1.0
566,283,1.0,axis_edge_parallel,0.9864533164010804,True,0.8036972556037401,0.3791485353415619,"k=10, ridge 0.01",k10_ridge0p01,1.0
567,283,1.0,axis_edge_orthogonal,0.991173138490324,True,0.845481219719854,0.3453530065112426,"k=10, ridge 0.01",k10_ridge0p01,1.0
568,284,2.0,axis_edge_parallel,0.9835731859839104,True,0.789419113405779,0.3908661111378806,"k=10, ridge 0.01",k10_ridge0p01,1.0
569,284,2.0,axis_edge_orthogonal,0.993834850862698,True,0.8872409933052934,0.3148802339733303,"k=10, ridge 0.01",k10_ridge0p01,1.0
570,285,0.5,axis_edge_parallel,0.9135763651787135,True,0.4633399056770791,0.7976292906619836,"k=10, ridge 0.01",k10_ridge0p01,1.0
571,285,0.5,axis_edge_orthogonal,0.9170499740638716,True,0.4718456145715428,0.7768776687788309,"k=10, ridge 0.01",k10_ridge0p01,1.0
572,286,1.0,axis_edge_parallel,0.9226146194436168,True,0.4908577774233271,0.7560694879061645,"k=10, ridge 0.01",k10_ridge0p01,1.0
573,286,1.0,axis_edge_orthogonal,0.9238195926589492,True,0.4988069805198697,0.7152948195966817,"k=10, ridge 0.01",k10_ridge0p01,1.0
574,287,2.0,axis_edge_parallel,0.9863638044455992,True,0.7610987385355946,0.4175893558994933,"k=10, ridge 0.01",k10_ridge0p01,1.0
575,287,2.0,axis_edge_orthogonal,0.9260556628809776,True,0.5334164174513417,0.6575128920219145,"k=10, ridge 0.01",k10_ridge0p01,1.0
576,288,0.5,axis_edge_parallel,0.8769769923325286,True,0.3794678387189836,0.8301684367773297,"k=10, ridge 0.01",k10_ridge0p01,1.0
577,288,0.5,axis_edge_orthogonal,0.8674893029398223,False,0.3541897473213896,0.818932522328918,"k=10, ridge 0.01",k10_ridge0p01,0.0
578,289,1.0,axis_edge_parallel,0.8622888677992306,False,0.3503144739236163,0.8147396849126506,"k=10, ridge 0.01",k10_ridge0p01,0.0
579,289,1.0,axis_edge_orthogonal,0.8431595700093636,False,0.3019165059811762,0.7882004868804339,"k=10, ridge 0.01",k10_ridge0p01,0.0
580,290,2.0,axis_edge_parallel,0.8557222662494742,False,0.3436917822436967,0.8063865824725029,"k=10, ridge 0.01",k10_ridge0p01,0.0
581,290,2.0,axis_edge_orthogonal,0.8468928026522061,False,0.300358904447817,0.8762186341995447,"k=10, ridge 0.01",k10_ridge0p01,0.0
582,291,0.5,axis_edge_parallel,0.897666043172864,True,0.3192569611080742,0.9709483313812176,"k=10, ridge 0.01",k10_ridge0p01,1.0
583,291,0.5,axis_edge_orthogonal,0.8986012668391085,True,0.3223394420628711,0.9696371879251788,"k=10, ridge 0.01",k10_ridge0p01,1.0
584,292,1.0,axis_edge_parallel,0.8887695300779327,True,0.3035142828807297,0.9842925160009592,"k=10, ridge 0.01",k10_ridge0p01,1.0
585,292,1.0,axis_edge_orthogonal,0.8887497635636837,True,0.3055335560652375,0.9833524278935566,"k=10, ridge 0.01",k10_ridge0p01,1.0
586,293,2.0,axis_edge_parallel,0.8703841686162267,True,0.2788318880378776,0.9834745222721162,"k=10, ridge 0.01",k10_ridge0p01,1.0
587,293,2.0,axis_edge_orthogonal,0.8750644875289049,True,0.2819812059844638,0.9883544395582318,"k=10, ridge 0.01",k10_ridge0p01,1.0
588,294,0.5,axis_edge_parallel,0.8795526701115189,True,0.4206437690772954,0.7576653038991987,"k=10, ridge 0.01",k10_ridge0p01,1.0
589,294,0.5,axis_edge_orthogonal,0.9018432608395672,True,0.4736073571401953,0.7135107040337508,"k=10, ridge 0.01",k10_ridge0p01,1.0
590,295,1.0,axis_edge_parallel,0.8565911664453184,False,0.3834834385987123,0.742197111571801,"k=10, ridge 0.01",k10_ridge0p01,0.0
591,295,1.0,axis_edge_orthogonal,0.9117162203599856,True,0.4924664006724064,0.7146263278340048,"k=10, ridge 0.01",k10_ridge0p01,1.0
592,296,2.0,axis_edge_parallel,0.8326068465551757,False,0.3359471266033498,0.7478920334193755,"k=10, ridge 0.01",k10_ridge0p01,0.0
593,296,2.0,axis_edge_orthogonal,0.8961327418249938,True,0.4582719819368035,0.7357792828639907,"k=10, ridge 0.01",k10_ridge0p01,1.0
594,297,0.5,axis_edge_parallel,0.8350434975528984,False,0.2626934666356883,0.8945905162927671,"k=10, ridge 0.01",k10_ridge0p01,0.0
595,297,0.5,axis_edge_orthogonal,0.8259629393260081,False,0.2449124694605736,0.8910878502428679,"k=10, ridge 0.01",k10_ridge0p01,0.0
596,298,1.0,axis_edge_parallel,0.8223971570862071,False,0.250950235504835,0.8304769867265777,"k=10, ridge 0.01",k10_ridge0p01,0.0
597,298,1.0,axis_edge_orthogonal,0.8277912809066794,False,0.2678133229706073,0.8192863687341292,"k=10, ridge 0.01",k10_ridge0p01,0.0
598,299,2.0,axis_edge_parallel,0.8498027381818094,False,0.2978381858945493,0.8736883964395047,"k=10, ridge 0.01",k10_ridge0p01,0.0
599,299,2.0,axis_edge_orthogonal,0.8577868500171146,False,0.3020020233672216,0.9215158227979072,"k=10, ridge 0.01",k10_ridge0p01,0.0
600,300,0.5,axis_edge_parallel,0.9575735880177396,True,0.5704702170002217,0.6197884236629396,"k=10, ridge 0.01",k10_ridge0p01,1.0
601,300,0.5,axis_edge_orthogonal,0.9627414558007984,True,0.5878307041462347,0.603328337792888,"k=10, ridge 0.01",k10_ridge0p01,1.0
602,301,1.0,axis_edge_parallel,0.9655033704533296,True,0.6085793709153271,0.568222322054835,"k=10, ridge 0.01",k10_ridge0p01,1.0
603,301,1.0,axis_edge_orthogonal,0.971702896088146,True,0.6384509024014012,0.5338746364616848,"k=10, ridge 0.01",k10_ridge0p01,1.0
604,302,2.0,axis_edge_parallel,0.9694855315340458,True,0.6311810667615563,0.5421444063448823,"k=10, ridge 0.01",k10_ridge0p01,1.0
605,302,2.0,axis_edge_orthogonal,0.9807745365548552,True,0.6976920261508549,0.4687300262929991,"k=10, ridge 0.01",k10_ridge0p01,1.0
606,303,0.5,axis_edge_parallel,0.959053087333856,True,0.335289736298248,0.8022453987354535,"k=10, ridge 0.01",k10_ridge0p01,1.0
607,303,0.5,axis_edge_orthogonal,0.9593377112906172,True,0.3365760374883286,0.7975485293467185,"k=10, ridge 0.01",k10_ridge0p01,1.0
608,304,1.0,axis_edge_parallel,0.9563860866835426,True,0.3313153570400469,0.8010873082451844,"k=10, ridge 0.01",k10_ridge0p01,1.0
609,304,1.0,axis_edge_orthogonal,0.95531507680961,True,0.3306537476176245,0.795289034850869,"k=10, ridge 0.01",k10_ridge0p01,1.0
610,305,2.0,axis_edge_parallel,0.953289668202466,True,0.326771246381117,0.7994886465264339,"k=10, ridge 0.01",k10_ridge0p01,1.0
611,305,2.0,axis_edge_orthogonal,0.950413646394979,False,0.3238735733697381,0.7903719487913122,"k=10, ridge 0.01",k10_ridge0p01,0.0
612,306,0.5,axis_edge_parallel,0.9579266658306748,True,0.3307819804574419,0.8178529517626864,"k=10, ridge 0.01",k10_ridge0p01,1.0
613,306,0.5,axis_edge_orthogonal,0.9587358592380284,True,0.3344038439893894,0.8044308929932487,"k=10, ridge 0.01",k10_ridge0p01,1.0
614,307,1.0,axis_edge_parallel,0.9570631535429304,True,0.3310783304051182,0.8084844803778168,"k=10, ridge 0.01",k10_ridge0p01,1.0
615,307,1.0,axis_edge_orthogonal,0.957191088690524,True,0.3333580076172935,0.7966389244278351,"k=10, ridge 0.01",k10_ridge0p01,1.0
616,308,2.0,axis_edge_parallel,0.9628111812308724,True,0.3402595033664177,0.8074746084742275,"k=10, ridge 0.01",k10_ridge0p01,1.0
617,308,2.0,axis_edge_orthogonal,0.9489835373396872,False,0.3218634126565194,0.7892027804270807,"k=10, ridge 0.01",k10_ridge0p01,0.0
618,309,0.5,axis_edge_parallel,0.886812539824615,True,0.3389303873788633,0.9592534539474796,"k=10, ridge 0.01",k10_ridge0p01,1.0
619,309,0.5,axis_edge_orthogonal,0.8862108079054026,True,0.3379803433844758,0.9602235438982688,"k=10, ridge 0.01",k10_ridge0p01,1.0
620,310,1.0,axis_edge_parallel,0.8813849115422759,True,0.3325175443500191,0.959876108953872,"k=10, ridge 0.01",k10_ridge0p01,1.0
621,310,1.0,axis_edge_orthogonal,0.8756405040980725,True,0.3216950855110888,0.9655993560355928,"k=10, ridge 0.01",k10_ridge0p01,1.0
622,311,2.0,axis_edge_parallel,0.8754557481507612,True,0.3124656157744948,0.9778968830033932,"k=10, ridge 0.01",k10_ridge0p01,1.0
623,311,2.0,axis_edge_orthogonal,0.8857985496316398,True,0.3417637811770306,0.9537261998940656,"k=10, ridge 0.01",k10_ridge0p01,1.0
624,312,0.5,axis_edge_parallel,0.871259211859014,True,0.3689400913522546,0.891002922789454,"k=10, ridge 0.01",k10_ridge0p01,1.0
625,312,0.5,axis_edge_orthogonal,0.8713751424110416,True,0.3689646489647922,0.8913889031007679,"k=10, ridge 0.01",k10_ridge0p01,1.0
626,313,1.0,axis_edge_parallel,0.8594700648323677,True,0.3390245192693539,0.9434130168231954,"k=10, ridge 0.01",k10_ridge0p01,1.0
627,313,1.0,axis_edge_orthogonal,0.8656069842586769,True,0.3469938622444227,0.9451732333563848,"k=10, ridge 0.01",k10_ridge0p01,1.0
628,314,2.0,axis_edge_parallel,0.8749417762118268,True,0.3705983459186281,0.9278499055691584,"k=10, ridge 0.01",k10_ridge0p01,1.0
629,314,2.0,axis_edge_orthogonal,0.8895968960909427,True,0.4055389577075372,0.8843123278786296,"k=10, ridge 0.01",k10_ridge0p01,1.0
630,315,0.5,axis_edge_parallel,0.9644921136493604,True,0.3168705694304026,0.8397372666051113,"k=10, ridge 0.01",k10_ridge0p01,1.0
631,315,0.5,axis_edge_orthogonal,0.9645858397653267,True,0.317402246101521,0.8384339423456497,"k=10, ridge 0.01",k10_ridge0p01,1.0
632,316,1.0,axis_edge_parallel,0.9639267812018768,True,0.3166039520597773,0.832902821181661,"k=10, ridge 0.01",k10_ridge0p01,1.0
633,316,1.0,axis_edge_orthogonal,0.9606091956253172,False,0.3083546947188706,0.8278424924432449,"k=10, ridge 0.01",k10_ridge0p01,0.0
634,317,2.0,axis_edge_parallel,0.9608345969670892,False,0.3098467070993824,0.8309167638255095,"k=10, ridge 0.01",k10_ridge0p01,0.0
635,317,2.0,axis_edge_orthogonal,0.9533411066421372,False,0.2913292944637594,0.8190288286376818,"k=10, ridge 0.01",k10_ridge0p01,0.0
636,318,0.5,axis_edge_parallel,0.8319216078856093,True,0.2830110290106906,0.993683854126555,"k=10, ridge 0.01",k10_ridge0p01,1.0
637,318,0.5,axis_edge_orthogonal,0.8325921878110675,True,0.2842733549808588,0.9930816809208376,"k=10, ridge 0.01",k10_ridge0p01,1.0
638,319,1.0,axis_edge_parallel,0.8297103231538066,False,0.2702476738766641,0.9909864836676908,"k=10, ridge 0.01",k10_ridge0p01,0.0
639,319,1.0,axis_edge_orthogonal,0.817451203550086,False,0.238442855774257,0.9595466970241676,"k=10, ridge 0.01",k10_ridge0p01,0.0
640,320,2.0,axis_edge_parallel,0.814011814863201,False,0.2322970709115972,0.964363185658254,"k=10, ridge 0.01",k10_ridge0p01,0.0
641,320,2.0,axis_edge_orthogonal,0.8261788922727955,False,0.2511415802907287,0.943692274627828,"k=10, ridge 0.01",k10_ridge0p01,0.0
642,321,0.5,axis_edge_parallel,0.8202884292326764,False,0.2948968597639802,0.8631138402363089,"k=10, ridge 0.01",k10_ridge0p01,0.0
643,321,0.5,axis_edge_orthogonal,0.7874025635460674,False,0.2556029026291841,0.8214274201849384,"k=10, ridge 0.01",k10_ridge0p01,0.0
644,322,1.0,axis_edge_parallel,0.8558490001174431,True,0.3480972433706498,0.9001184480936759,"k=10, ridge 0.01",k10_ridge0p01,1.0
645,322,1.0,axis_edge_orthogonal,0.7762853679983667,False,0.2359458257436502,0.8832355491927544,"k=10, ridge 0.01",k10_ridge0p01,0.0
646,323,2.0,axis_edge_parallel,0.7910061417828945,False,0.272010116057276,0.7473646038807309,"k=10, ridge 0.01",k10_ridge0p01,0.0
647,323,2.0,axis_edge_orthogonal,0.7701810894390124,False,0.230439190028238,0.836074987380366,"k=10, ridge 0.01",k10_ridge0p01,0.0
648,324,0.5,axis_edge_parallel,0.8534328820007682,False,0.233759521380479,0.9982140925698708,"k=10, ridge 0.01",k10_ridge0p01,0.0
649,324,0.5,axis_edge_orthogonal,0.854559567937756,False,0.2355542415916738,0.9980945207196268,"k=10, ridge 0.01",k10_ridge0p01,0.0
650,325,1.0,axis_edge_parallel,0.8384110068106189,False,0.1951988548998082,0.980882846476967,"k=10, ridge 0.01",k10_ridge0p01,0.0
651,325,1.0,axis_edge_orthogonal,0.8402216741336226,False,0.1982562632751196,0.9799863678521168,"k=10, ridge 0.01",k10_ridge0p01,0.0
652,326,2.0,axis_edge_parallel,0.8154224121506607,False,0.1402419454763708,0.8773442078681318,"k=10, ridge 0.01",k10_ridge0p01,0.0
653,326,2.0,axis_edge_orthogonal,0.8153726851137978,False,0.135598818359566,0.8960872569526463,"k=10, ridge 0.01",k10_ridge0p01,0.0
654,327,0.5,axis_edge_parallel,0.8402787139872978,False,0.2987998746942352,0.6588277009587852,"k=10, ridge 0.01",k10_ridge0p01,0.0
655,327,0.5,axis_edge_orthogonal,0.8528905860985543,False,0.3395576075236861,0.6273942503892596,"k=10, ridge 0.01",k10_ridge0p01,0.0
656,328,1.0,axis_edge_parallel,0.7868614231922848,False,0.2283906232688284,0.5231318049640699,"k=10, ridge 0.01",k10_ridge0p01,0.0
657,328,1.0,axis_edge_orthogonal,0.8186307669602733,False,0.2938095364403392,0.5452766539691111,"k=10, ridge 0.01",k10_ridge0p01,0.0
658,329,2.0,axis_edge_parallel,0.8448034533086439,False,0.3298525852956634,0.6043919435399943,"k=10, ridge 0.01",k10_ridge0p01,0.0
659,329,2.0,axis_edge_orthogonal,0.7978593982947606,False,0.2811059774036585,0.4736337822321128,"k=10, ridge 0.01",k10_ridge0p01,0.0
660,330,0.5,axis_edge_parallel,0.9549389115082924,True,0.2774050382673342,0.9958497843045792,"k=10, ridge 0.01",k10_ridge0p01,1.0
661,330,0.5,axis_edge_orthogonal,0.9544934823358692,True,0.279646633329537,0.9947374645377997,"k=10, ridge 0.01",k10_ridge0p01,1.0
662,331,1.0,axis_edge_parallel,0.955158915707714,False,0.2631606554898975,0.9930981404219652,"k=10, ridge 0.01",k10_ridge0p01,0.0
663,331,1.0,axis_edge_orthogonal,0.9560377379033091,False,0.2680274492128551,0.9922335237277208,"k=10, ridge 0.01",k10_ridge0p01,0.0
664,332,2.0,axis_edge_parallel,0.9494507192355645,False,0.2009413574333732,0.9407444262671802,"k=10, ridge 0.01",k10_ridge0p01,0.0
665,332,2.0,axis_edge_orthogonal,0.9572785783886648,False,0.2524463993935139,0.9708710971253915,"k=10, ridge 0.01",k10_ridge0p01,0.0
666,333,0.5,axis_edge_parallel,0.861942118133194,True,0.3622768058337093,0.9364195970944574,"k=10, ridge 0.01",k10_ridge0p01,1.0
667,333,0.5,axis_edge_orthogonal,0.8150343768531114,True,0.2883301908363193,0.9732073479228152,"k=10, ridge 0.01",k10_ridge0p01,1.0
668,334,1.0,axis_edge_parallel,0.8178429091320452,False,0.2744012363257818,0.967095887168018,"k=10, ridge 0.01",k10_ridge0p01,0.0
669,334,1.0,axis_edge_orthogonal,0.8610185975875302,True,0.3509005906526447,0.9206603468260144,"k=10, ridge 0.01",k10_ridge0p01,1.0
670,335,2.0,axis_edge_parallel,0.8132955976281954,False,0.2686931241840365,0.981773139369611,"k=10, ridge 0.01",k10_ridge0p01,0.0
671,335,2.0,axis_edge_orthogonal,0.814696486757475,True,0.2804833193901666,0.9897906951849214,"k=10, ridge 0.01",k10_ridge0p01,1.0
672,336,0.5,axis_edge_parallel,0.914569258114164,True,0.3814917008058665,0.9016034597588484,"k=10, ridge 0.01",k10_ridge0p01,1.0
673,336,0.5,axis_edge_orthogonal,0.9293154184361032,True,0.4424819996001349,0.8314061283974885,"k=10, ridge 0.01",k10_ridge0p01,1.0
674,337,1.0,axis_edge_parallel,0.9049595770915017,True,0.3527182293722594,0.9395520834288992,"k=10, ridge 0.01",k10_ridge0p01,1.0
675,337,1.0,axis_edge_orthogonal,0.9189313231879904,True,0.389828551943404,0.8802622123837802,"k=10, ridge 0.01",k10_ridge0p01,1.0
676,338,2.0,axis_edge_parallel,0.9039325370975184,True,0.3493882906333561,0.9427215188981432,"k=10, ridge 0.01",k10_ridge0p01,1.0
677,338,2.0,axis_edge_orthogonal,0.922450937774319,True,0.4029375400890259,0.8666892773961411,"k=10, ridge 0.01",k10_ridge0p01,1.0
678,339,0.5,axis_edge_parallel,0.9653475581459652,True,0.4658329239501408,0.7030589188252785,"k=10, ridge 0.01",k10_ridge0p01,1.0
679,339,0.5,axis_edge_orthogonal,0.9680174367186604,True,0.4721112744195802,0.6818755189886736,"k=10, ridge 0.01",k10_ridge0p01,1.0
680,340,1.0,axis_edge_parallel,0.9470019764939404,True,0.3801757081693087,0.8211573746067063,"k=10, ridge 0.01",k10_ridge0p01,1.0
681,340,1.0,axis_edge_orthogonal,0.960297668972517,True,0.442968241714523,0.7171491680877662,"k=10, ridge 0.01",k10_ridge0p01,1.0
682,341,2.0,axis_edge_parallel,0.9749602566856668,True,0.5282451547610425,0.6263718797737087,"k=10, ridge 0.01",k10_ridge0p01,1.0
683,341,2.0,axis_edge_orthogonal,0.9663545743326034,True,0.4509008016285387,0.6400080910473,"k=10, ridge 0.01",k10_ridge0p01,1.0
684,342,0.5,axis_edge_parallel,0.9799299208695016,True,0.7700661955452618,0.4092744976223081,"k=10, ridge 0.01",k10_ridge0p01,1.0
685,342,0.5,axis_edge_orthogonal,0.9920767704759916,True,0.8536955561457835,0.3397054179224809,"k=10, ridge 0.01",k10_ridge0p01,1.0
686,343,1.0,axis_edge_parallel,0.992869733989192,True,0.8612767916226143,0.3340992912265194,"k=10, ridge 0.01",k10_ridge0p01,1.0
687,343,1.0,axis_edge_orthogonal,0.9953473717883956,True,0.8873854874666331,0.3157817104786521,"k=10, ridge 0.01",k10_ridge0p01,1.0
688,344,2.0,axis_edge_parallel,0.9955160593673772,True,0.8895691857583253,0.3142824625061571,"k=10, ridge 0.01",k10_ridge0p01,1.0
689,344,2.0,axis_edge_orthogonal,0.9961355036223404,True,0.8972474826873086,0.3091837091121792,"k=10, ridge 0.01",k10_ridge0p01,1.0
690,345,0.5,axis_edge_parallel,0.9325112754737188,True,0.4699525358361008,0.7588464026270195,"k=10, ridge 0.01",k10_ridge0p01,1.0
691,345,0.5,axis_edge_orthogonal,0.9308319114356042,True,0.4610390079092096,0.7685779286996381,"k=10, ridge 0.01",k10_ridge0p01,1.0
692,346,1.0,axis_edge_parallel,0.9266469417525433,True,0.5095734293213526,0.7103790728023236,"k=10, ridge 0.01",k10_ridge0p01,1.0
693,346,1.0,axis_edge_orthogonal,0.9169299168628208,True,0.4582619135398598,0.8089012376318939,"k=10, ridge 0.01",k10_ridge0p01,1.0
694,347,2.0,axis_edge_parallel,0.9034305469495216,True,0.4730546443317051,0.7422419557360833,"k=10, ridge 0.01",k10_ridge0p01,1.0
695,347,2.0,axis_edge_orthogonal,0.8709965518621418,True,0.3944583460733135,0.8426423974472883,"k=10, ridge 0.01",k10_ridge0p01,1.0
696,348,0.5,axis_edge_parallel,0.9031793557094931,False,0.426253228684449,0.6295727665288028,"k=10, ridge 0.01",k10_ridge0p01,0.0
697,348,0.5,axis_edge_orthogonal,0.9497810995335282,True,0.5816310871289383,0.5385908107156759,"k=10, ridge 0.01",k10_ridge0p01,1.0
698,349,1.0,axis_edge_parallel,0.9208255964422158,True,0.4958504045687377,0.5527115505061126,"k=10, ridge 0.01",k10_ridge0p01,1.0
699,349,1.0,axis_edge_orthogonal,0.9498337976201466,True,0.5806918328837087,0.5430122619567822,"k=10, ridge 0.01",k10_ridge0p01,1.0
700,350,2.0,axis_edge_parallel,0.9121684204935464,False,0.481456011083037,0.5307365992413917,"k=10, ridge 0.01",k10_ridge0p01,0.0
701,350,2.0,axis_edge_orthogonal,0.9469254898176006,True,0.5755463627084503,0.5346335978808775,"k=10, ridge 0.01",k10_ridge0p01,1.0
702,351,0.5,axis_edge_parallel,0.8622859008530066,True,0.4224857269955009,0.8401942378036197,"k=10, ridge 0.01",k10_ridge0p01,1.0
703,351,0.5,axis_edge_orthogonal,0.9191291510779892,True,0.5508644538228473,0.6669052857719331,"k=10, ridge 0.01",k10_ridge0p01,1.0
704,352,1.0,axis_edge_parallel,0.895608253132312,True,0.4880814349101956,0.75409269923677,"k=10, ridge 0.01",k10_ridge0p01,1.0
705,352,1.0,axis_edge_orthogonal,0.9019183518162198,True,0.505218139460331,0.7263331497124969,"k=10, ridge 0.01",k10_ridge0p01,1.0
706,353,2.0,axis_edge_parallel,0.9383355425219696,True,0.6014652479054413,0.5845238577404505,"k=10, ridge 0.01",k10_ridge0p01,1.0
707,353,2.0,axis_edge_orthogonal,0.9167316512627148,True,0.5427760519078644,0.6661159739422279,"k=10, ridge 0.01",k10_ridge0p01,1.0
708,354,0.5,axis_edge_parallel,0.9624368051651642,True,0.6552106401894563,0.5330483334439814,"k=10, ridge 0.01",k10_ridge0p01,1.0
709,354,0.5,axis_edge_orthogonal,0.9607280584899924,True,0.6478037737778275,0.5421917376870883,"k=10, ridge 0.01",k10_ridge0p01,1.0
710,355,1.0,axis_edge_parallel,0.9715914509587228,True,0.6997092292492124,0.4805042919389251,"k=10, ridge 0.01",k10_ridge0p01,1.0
711,355,1.0,axis_edge_orthogonal,0.9764836371975686,True,0.7223605251562206,0.4559449508533105,"k=10, ridge 0.01",k10_ridge0p01,1.0
712,356,2.0,axis_edge_parallel,0.997364483526906,True,0.8953871663611626,0.3100281338608454,"k=10, ridge 0.01",k10_ridge0p01,1.0
713,356,2.0,axis_edge_orthogonal,0.9965753478208978,True,0.8826830533709423,0.3188672763899078,"k=10, ridge 0.01",k10_ridge0p01,1.0
714,357,0.5,axis_edge_parallel,0.7696904329117701,True,0.3760467407314882,0.9218083866438328,"k=10, ridge 0.01",k10_ridge0p01,1.0
715,357,0.5,axis_edge_orthogonal,0.767038181051233,True,0.3720867072146047,0.9262896428905586,"k=10, ridge 0.01",k10_ridge0p01,1.0
716,358,1.0,axis_edge_parallel,0.759464363003042,True,0.3608091354004605,0.9384745135931464,"k=10, ridge 0.01",k10_ridge0p01,1.0
717,358,1.0,axis_edge_orthogonal,0.7539885862144655,True,0.3527152064659078,0.9466335183471584,"k=10, ridge 0.01",k10_ridge0p01,1.0
718,359,2.0,axis_edge_parallel,0.7426571050016565,True,0.3360015949313268,0.961503300238011,"k=10, ridge 0.01",k10_ridge0p01,1.0
719,359,2.0,axis_edge_orthogonal,0.7328090161545809,True,0.321566189203438,0.9684654268757444,"k=10, ridge 0.01",k10_ridge0p01,1.0
720,360,0.5,axis_edge_parallel,0.8941738565829249,True,0.3431144745653742,0.9045623811084472,"k=10, ridge 0.01",k10_ridge0p01,1.0
721,360,0.5,axis_edge_orthogonal,0.8918524038365987,True,0.344866665350836,0.907557280911252,"k=10, ridge 0.01",k10_ridge0p01,1.0
722,361,1.0,axis_edge_parallel,0.893758080332549,True,0.3446716167764241,0.9037600611352424,"k=10, ridge 0.01",k10_ridge0p01,1.0
723,361,1.0,axis_edge_orthogonal,0.8717280036637053,True,0.3106812408940005,0.9576488223408146,"k=10, ridge 0.01",k10_ridge0p01,1.0
724,362,2.0,axis_edge_parallel,0.8905545262195025,True,0.3411883497922567,0.9183496335340048,"k=10, ridge 0.01",k10_ridge0p01,1.0
725,362,2.0,axis_edge_orthogonal,0.9009215492054792,True,0.3615420552807124,0.8818998680767105,"k=10, ridge 0.01",k10_ridge0p01,1.0
726,363,0.5,axis_edge_parallel,0.9517538923294436,True,0.6067794689731688,0.5417002462678678,"k=10, ridge 0.01",k10_ridge0p01,1.0
727,363,0.5,axis_edge_orthogonal,0.9532149781533202,True,0.6112936828552288,0.5383834592360486,"k=10, ridge 0.01",k10_ridge0p01,1.0
728,364,1.0,axis_edge_parallel,0.911296525723184,True,0.4696658562569062,0.6712661552637871,"k=10, ridge 0.01",k10_ridge0p01,1.0
729,364,1.0,axis_edge_orthogonal,0.930447136381238,True,0.5189686382864055,0.6343062473543131,"k=10, ridge 0.01",k10_ridge0p01,1.0
730,365,2.0,axis_edge_parallel,0.9554113093055664,True,0.5849225206800871,0.5816994651076669,"k=10, ridge 0.01",k10_ridge0p01,1.0
731,365,2.0,axis_edge_orthogonal,0.952483989585332,True,0.5915922185583311,0.5659202814301841,"k=10, ridge 0.01",k10_ridge0p01,1.0
732,366,0.5,axis_edge_parallel,0.8436141914929477,True,0.4339441545746796,0.8293051561354972,"k=10, ridge 0.01",k10_ridge0p01,1.0
733,366,0.5,axis_edge_orthogonal,0.8445311178848791,True,0.4346713964121626,0.8284786013025948,"k=10, ridge 0.01",k10_ridge0p01,1.0
734,367,1.0,axis_edge_parallel,0.7818708271327117,True,0.3092771517380721,0.9606706170130525,"k=10, ridge 0.01",k10_ridge0p01,1.0
735,367,1.0,axis_edge_orthogonal,0.7713001599943254,True,0.2893240727189859,0.9653099690827376,"k=10, ridge 0.01",k10_ridge0p01,1.0
736,368,2.0,axis_edge_parallel,0.7216750722150965,False,0.2115359574651842,0.9298439391317936,"k=10, ridge 0.01",k10_ridge0p01,0.0
737,368,2.0,axis_edge_orthogonal,0.7116372041108212,False,0.2045810935009846,0.8701508395427604,"k=10, ridge 0.01",k10_ridge0p01,0.0
738,369,0.5,axis_edge_parallel,0.971742537755135,False,0.3025913563768356,0.8592810767167539,"k=10, ridge 0.01",k10_ridge0p01,0.0
739,369,0.5,axis_edge_orthogonal,0.9720055109427992,False,0.3014826879879505,0.8716942555474144,"k=10, ridge 0.01",k10_ridge0p01,0.0
740,370,1.0,axis_edge_parallel,0.9707149634045918,False,0.2976135954696678,0.9103830863078208,"k=10, ridge 0.01",k10_ridge0p01,0.0
741,370,1.0,axis_edge_orthogonal,0.9520221268309984,False,0.2558958734833954,0.9334642166349276,"k=10, ridge 0.01",k10_ridge0p01,0.0
742,371,2.0,axis_edge_parallel,0.9635533384932988,False,0.2766387495928654,0.9187641409132392,"k=10, ridge 0.01",k10_ridge0p01,0.0
743,371,2.0,axis_edge_orthogonal,0.9707105401041554,False,0.2952442812928166,0.901953490163413,"k=10, ridge 0.01",k10_ridge0p01,0.0
744,372,0.5,axis_edge_parallel,0.8542595647786232,True,0.2577227035735919,0.9994298031630984,"k=10, ridge 0.01",k10_ridge0p01,1.0
745,372,0.5,axis_edge_orthogonal,0.8465652707765731,False,0.2456337014056317,0.9953991299993724,"k=10, ridge 0.01",k10_ridge0p01,0.0
746,373,1.0,axis_edge_parallel,0.8536662036888457,True,0.2578913477478546,0.9971425154805136,"k=10, ridge 0.01",k10_ridge0p01,1.0
747,373,1.0,axis_edge_orthogonal,0.8204776058428349,False,0.1958422451733949,0.9752870744266589,"k=10, ridge 0.01",k10_ridge0p01,0.0
748,374,2.0,axis_edge_parallel,0.8704512478640105,True,0.2922128159494478,0.9764009990732224,"k=10, ridge 0.01",k10_ridge0p01,1.0
749,374,2.0,axis_edge_orthogonal,0.8325290869913959,False,0.2175749838237402,0.984409444355591,"k=10, ridge 0.01",k10_ridge0p01,0.0
750,375,0.5,axis_edge_parallel,0.9849562668801404,True,0.7622041971601157,0.4163973704518257,"k=10, ridge 0.01",k10_ridge0p01,1.0
751,375,0.5,axis_edge_orthogonal,0.986808592017245,True,0.7764161750778577,0.4032173688579806,"k=10, ridge 0.01",k10_ridge0p01,1.0
752,376,1.0,axis_edge_parallel,0.9834535443666104,True,0.7678062107573858,0.4087618389472889,"k=10, ridge 0.01",k10_ridge0p01,1.0
753,376,1.0,axis_edge_orthogonal,0.9826360008694028,True,0.7604547864065085,0.4158303609110333,"k=10, ridge 0.01",k10_ridge0p01,1.0
754,377,2.0,axis_edge_parallel,0.965050248433964,True,0.6783094233426302,0.4941880841730399,"k=10, ridge 0.01",k10_ridge0p01,1.0
755,377,2.0,axis_edge_orthogonal,0.9565560058830748,True,0.649892898341781,0.520986868135304,"k=10, ridge 0.01",k10_ridge0p01,1.0
756,378,0.5,axis_edge_parallel,0.8858632925341884,True,0.3485238076295245,0.9426435146190076,"k=10, ridge 0.01",k10_ridge0p01,1.0
757,378,0.5,axis_edge_orthogonal,0.8856414129511218,True,0.3493238801854083,0.9405700655929508,"k=10, ridge 0.01",k10_ridge0p01,1.0
758,379,1.0,axis_edge_parallel,0.8725207702736322,True,0.3386331746737817,0.9278082762783456,"k=10, ridge 0.01",k10_ridge0p01,1.0
759,379,1.0,axis_edge_orthogonal,0.8751288662631992,True,0.3441668182932675,0.9245942326247129,"k=10, ridge 0.01",k10_ridge0p01,1.0
760,380,2.0,axis_edge_parallel,0.9263004181687476,True,0.4500602000651589,0.8150244866442734,"k=10, ridge 0.01",k10_ridge0p01,1.0
761,380,2.0,axis_edge_orthogonal,0.915099811393558,True,0.4339111611444663,0.8374009431109086,"k=10, ridge 0.01",k10_ridge0p01,1.0
762,381,0.5,axis_edge_parallel,0.8458122761122514,False,0.2569831809456737,0.9749986697333008,"k=10, ridge 0.01",k10_ridge0p01,0.0
763,381,0.5,axis_edge_orthogonal,0.8329109417366756,False,0.2297221030461042,0.9578729954610476,"k=10, ridge 0.01",k10_ridge0p01,0.0
764,382,1.0,axis_edge_parallel,0.8088490423415176,False,0.1653249566093216,0.9581793804120508,"k=10, ridge 0.01",k10_ridge0p01,0.0
765,382,1.0,axis_edge_orthogonal,0.84577000053426,False,0.2540230628684956,0.9772260769785384,"k=10, ridge 0.01",k10_ridge0p01,0.0
766,383,2.0,axis_edge_parallel,0.8542710397521445,False,0.2722600971914413,0.9889311301314524,"k=10, ridge 0.01",k10_ridge0p01,0.0
767,383,2.0,axis_edge_orthogonal,0.8445390887699653,False,0.2496661836527601,0.9871757517161992,"k=10, ridge 0.01",k10_ridge0p01,0.0
0,0,0.5,axis_edge_parallel,0.895155149810557,True,0.3370750599433363,0.8478570566719132,"k=20, ridge 0.1",k20_ridge0p1,1.0
1,0,0.5,axis_edge_orthogonal,0.8942327366718487,True,0.3337238532647558,0.8500102370737209,"k=20, ridge 0.1",k20_ridge0p1,1.0
2,1,1.0,axis_edge_parallel,0.8585263973545805,False,0.2695733047805358,0.8645442979870689,"k=20, ridge 0.1",k20_ridge0p1,0.0
3,1,1.0,axis_edge_orthogonal,0.8617320501884269,False,0.2654436297792651,0.8986971345774666,"k=20, ridge 0.1",k20_ridge0p1,0.0
4,2,2.0,axis_edge_parallel,0.8590182475012332,False,0.2722164098533354,0.736413025049262,"k=20, ridge 0.1",k20_ridge0p1,0.0
5,2,2.0,axis_edge_orthogonal,0.8724105602983474,False,0.2849289185079434,0.747969588367245,"k=20, ridge 0.1",k20_ridge0p1,0.0
6,3,0.5,axis_edge_parallel,0.8898959892398941,False,0.1845634801907052,0.6992334736454059,"k=20, ridge 0.1",k20_ridge0p1,0.0
7,3,0.5,axis_edge_orthogonal,0.8965232789922871,False,0.2029354223758841,0.7576051098713238,"k=20, ridge 0.1",k20_ridge0p1,0.0
8,4,1.0,axis_edge_parallel,0.9250545603921267,False,0.285979133941294,0.7408781503471041,"k=20, ridge 0.1",k20_ridge0p1,0.0
9,4,1.0,axis_edge_orthogonal,0.8971454669182476,False,0.1617067433381203,0.9208077681886608,"k=20, ridge 0.1",k20_ridge0p1,0.0
10,5,2.0,axis_edge_parallel,0.925860700037086,False,0.301726563472058,0.8249122425937571,"k=20, ridge 0.1",k20_ridge0p1,0.0
11,5,2.0,axis_edge_orthogonal,0.8936990946036022,False,0.1564851665248798,0.7949058290055989,"k=20, ridge 0.1",k20_ridge0p1,0.0
12,6,0.5,axis_edge_parallel,0.995201816681181,True,0.883915265721285,0.3171957928429379,"k=20, ridge 0.1",k20_ridge0p1,1.0
13,6,0.5,axis_edge_orthogonal,0.9963402361353254,True,0.8980586446733918,0.3079747083691218,"k=20, ridge 0.1",k20_ridge0p1,1.0
14,7,1.0,axis_edge_parallel,0.9974953120211164,True,0.9198136778889946,0.2940839909808873,"k=20, ridge 0.1",k20_ridge0p1,1.0
15,7,1.0,axis_edge_orthogonal,0.9986822831724842,True,0.9450017724817849,0.2792223179102981,"k=20, ridge 0.1",k20_ridge0p1,1.0
16,8,2.0,axis_edge_parallel,0.9962805861485932,True,0.905378089686704,0.302723786874041,"k=20, ridge 0.1",k20_ridge0p1,1.0
17,8,2.0,axis_edge_orthogonal,0.9985858782090477,True,0.9463765398400186,0.2783169642915272,"k=20, ridge 0.1",k20_ridge0p1,1.0
18,9,0.5,axis_edge_parallel,0.8922565837448045,True,0.4757642894312834,0.7562344625592375,"k=20, ridge 0.1",k20_ridge0p1,1.0
19,9,0.5,axis_edge_orthogonal,0.8971780311479328,True,0.4894509513758113,0.7338018417323338,"k=20, ridge 0.1",k20_ridge0p1,1.0
20,10,1.0,axis_edge_parallel,0.8848568458899152,True,0.4619733343513788,0.7509088310737031,"k=20, ridge 0.1",k20_ridge0p1,1.0
21,10,1.0,axis_edge_orthogonal,0.8892819193035827,True,0.4735550028333039,0.7206606129966289,"k=20, ridge 0.1",k20_ridge0p1,1.0
22,11,2.0,axis_edge_parallel,0.9394003299504886,True,0.6000979550491925,0.5688244972795119,"k=20, ridge 0.1",k20_ridge0p1,1.0
23,11,2.0,axis_edge_orthogonal,0.9140651885109644,True,0.5340888258977212,0.6468658844000428,"k=20, ridge 0.1",k20_ridge0p1,1.0
24,12,0.5,axis_edge_parallel,0.8989391434179999,True,0.4627097111480359,0.6504325602813289,"k=20, ridge 0.1",k20_ridge0p1,1.0
25,12,0.5,axis_edge_orthogonal,0.9153006011394378,True,0.5067131465188476,0.6226491396853783,"k=20, ridge 0.1",k20_ridge0p1,1.0
26,13,1.0,axis_edge_parallel,0.8977673473642264,True,0.4732340528153842,0.6179689899932675,"k=20, ridge 0.1",k20_ridge0p1,1.0
27,13,1.0,axis_edge_orthogonal,0.924186172053421,True,0.5590956285193461,0.5463557702446249,"k=20, ridge 0.1",k20_ridge0p1,1.0
28,14,2.0,axis_edge_parallel,0.8863689427831707,True,0.4381561035217507,0.6498503331767904,"k=20, ridge 0.1",k20_ridge0p1,1.0
29,14,2.0,axis_edge_orthogonal,0.8923658601068064,True,0.477280625151816,0.5835149874195966,"k=20, ridge 0.1",k20_ridge0p1,1.0
30,15,0.5,axis_edge_parallel,0.9966359393007532,True,0.4562393993406181,0.5932478428098894,"k=20, ridge 0.1",k20_ridge0p1,1.0
31,15,0.5,axis_edge_orthogonal,0.997165199823839,True,0.4602167046263448,0.5842019853498507,"k=20, ridge 0.1",k20_ridge0p1,1.0
32,16,1.0,axis_edge_parallel,0.9974627598030956,True,0.4647022682544421,0.5735216946880488,"k=20, ridge 0.1",k20_ridge0p1,1.0
33,16,1.0,axis_edge_orthogonal,0.9978113050790468,True,0.4696253069301309,0.5621376677923481,"k=20, ridge 0.1",k20_ridge0p1,1.0
34,17,2.0,axis_edge_parallel,0.9975358683819546,True,0.4671625915484439,0.5675208079002224,"k=20, ridge 0.1",k20_ridge0p1,1.0
35,17,2.0,axis_edge_orthogonal,0.9970789060496554,True,0.4638804677904997,0.5745875853858237,"k=20, ridge 0.1",k20_ridge0p1,1.0
36,18,0.5,axis_edge_parallel,0.9971420503936776,True,0.4589965029672006,0.5872763857920781,"k=20, ridge 0.1",k20_ridge0p1,1.0
37,18,0.5,axis_edge_orthogonal,0.9972471566395548,True,0.4579516205590855,0.5901681883687387,"k=20, ridge 0.1",k20_ridge0p1,1.0
38,19,1.0,axis_edge_parallel,0.9977725807679712,True,0.4671796947247528,0.5681054207866527,"k=20, ridge 0.1",k20_ridge0p1,1.0
39,19,1.0,axis_edge_orthogonal,0.999310274712802,True,0.4788800449959471,0.5437980931660247,"k=20, ridge 0.1",k20_ridge0p1,1.0
40,20,2.0,axis_edge_parallel,0.9967189224504492,True,0.4615211389354192,0.5796774103180279,"k=20, ridge 0.1",k20_ridge0p1,1.0
41,20,2.0,axis_edge_orthogonal,0.9980524086366912,True,0.4694050093200521,0.5633186335771445,"k=20, ridge 0.1",k20_ridge0p1,1.0
42,21,0.5,axis_edge_parallel,0.9431401914638032,True,0.5873625310849759,0.621525228164433,"k=20, ridge 0.1",k20_ridge0p1,1.0
43,21,0.5,axis_edge_orthogonal,0.9445251532269608,True,0.592026594638517,0.6148182023028699,"k=20, ridge 0.1",k20_ridge0p1,1.0
44,22,1.0,axis_edge_parallel,0.972936328653016,True,0.7058800537200179,0.4730911691403882,"k=20, ridge 0.1",k20_ridge0p1,1.0
45,22,1.0,axis_edge_orthogonal,0.9766351272488216,True,0.7250112777332653,0.4528108180668028,"k=20, ridge 0.1",k20_ridge0p1,1.0
46,23,2.0,axis_edge_parallel,0.9795241114620152,True,0.740469032827731,0.4371815596896439,"k=20, ridge 0.1",k20_ridge0p1,1.0
47,23,2.0,axis_edge_orthogonal,0.9928546168957586,True,0.8398332479586297,0.3499144159755274,"k=20, ridge 0.1",k20_ridge0p1,1.0
48,24,0.5,axis_edge_parallel,0.9546979490848704,True,0.6162132814899496,0.5824990803347672,"k=20, ridge 0.1",k20_ridge0p1,1.0
49,24,0.5,axis_edge_orthogonal,0.9522457933862718,True,0.6049333729042506,0.5979769761872051,"k=20, ridge 0.1",k20_ridge0p1,1.0
50,25,1.0,axis_edge_parallel,0.9136559681405008,True,0.4750324430854637,0.7665241004973418,"k=20, ridge 0.1",k20_ridge0p1,1.0
51,25,1.0,axis_edge_orthogonal,0.9168234177661964,True,0.4840700594117899,0.755941487622133,"k=20, ridge 0.1",k20_ridge0p1,1.0
52,26,2.0,axis_edge_parallel,0.8722787559572428,True,0.3698347139033983,0.8488180863964936,"k=20, ridge 0.1",k20_ridge0p1,1.0
53,26,2.0,axis_edge_orthogonal,0.8540929077551894,True,0.3301250031638854,0.8465813509947907,"k=20, ridge 0.1",k20_ridge0p1,1.0
54,27,0.5,axis_edge_parallel,0.9420859890233364,True,0.3013947428578757,0.9660219837782672,"k=20, ridge 0.1",k20_ridge0p1,1.0
55,27,0.5,axis_edge_orthogonal,0.9369677318131784,True,0.2925475104309543,0.9771197316318104,"k=20, ridge 0.1",k20_ridge0p1,1.0
56,28,1.0,axis_edge_parallel,0.9472815196009082,True,0.3103035494217556,0.950370852636107,"k=20, ridge 0.1",k20_ridge0p1,1.0
57,28,1.0,axis_edge_orthogonal,0.9415879156031572,True,0.2975208549304577,0.965891430358233,"k=20, ridge 0.1",k20_ridge0p1,1.0
58,29,2.0,axis_edge_parallel,0.9756774058549595,True,0.3803488755667068,0.813704507775115,"k=20, ridge 0.1",k20_ridge0p1,1.0
59,29,2.0,axis_edge_orthogonal,0.9753844747981794,False,0.3599742586127564,0.812808718579179,"k=20, ridge 0.1",k20_ridge0p1,0.0
60,30,0.5,axis_edge_parallel,0.9448006152622108,True,0.2773241801428434,0.9859213767994486,"k=20, ridge 0.1",k20_ridge0p1,1.0
61,30,0.5,axis_edge_orthogonal,0.9433606774310984,True,0.2762330550015554,0.9879815872121386,"k=20, ridge 0.1",k20_ridge0p1,1.0
62,31,1.0,axis_edge_parallel,0.9596196807406392,False,0.2927719310388894,0.9468457606811066,"k=20, ridge 0.1",k20_ridge0p1,0.0
63,31,1.0,axis_edge_orthogonal,0.9537093307857284,False,0.285831385029984,0.9611448349166752,"k=20, ridge 0.1",k20_ridge0p1,0.0
64,32,2.0,axis_edge_parallel,0.9786588846897284,True,0.3612955376808852,0.8500157500650765,"k=20, ridge 0.1",k20_ridge0p1,1.0
65,32,2.0,axis_edge_orthogonal,0.9856631498968031,True,0.3767934823064601,0.793930170197557,"k=20, ridge 0.1",k20_ridge0p1,1.0
66,33,0.5,axis_edge_parallel,0.9843192883585123,True,0.8052589163496401,0.3763764123351682,"k=20, ridge 0.1",k20_ridge0p1,1.0
67,33,0.5,axis_edge_orthogonal,0.9868598710107508,True,0.8203692815080287,0.3643115631083172,"k=20, ridge 0.1",k20_ridge0p1,1.0
68,34,1.0,axis_edge_parallel,0.988770796736003,True,0.8351552983118169,0.3526310186974324,"k=20, ridge 0.1",k20_ridge0p1,1.0
69,34,1.0,axis_edge_orthogonal,0.9923819109892614,True,0.8631889042134598,0.332029439257741,"k=20, ridge 0.1",k20_ridge0p1,1.0
70,35,2.0,axis_edge_parallel,0.9906741801445276,True,0.850799041051879,0.3408433743800315,"k=20, ridge 0.1",k20_ridge0p1,1.0
71,35,2.0,axis_edge_orthogonal,0.9959592403985892,True,0.8997685490321241,0.3072037181944025,"k=20, ridge 0.1",k20_ridge0p1,1.0
72,36,0.5,axis_edge_parallel,0.9667727960229644,True,0.7190725361066069,0.4508294546043788,"k=20, ridge 0.1",k20_ridge0p1,1.0
73,36,0.5,axis_edge_orthogonal,0.9716837235383008,True,0.7444887809689035,0.4255261993653235,"k=20, ridge 0.1",k20_ridge0p1,1.0
74,37,1.0,axis_edge_parallel,0.9359534850753536,True,0.6324980749384144,0.5270949192792141,"k=20, ridge 0.1",k20_ridge0p1,1.0
75,37,1.0,axis_edge_orthogonal,0.9528282239163176,True,0.6783101649327902,0.4860530547878676,"k=20, ridge 0.1",k20_ridge0p1,1.0
76,38,2.0,axis_edge_parallel,0.7311274523380188,False,0.2971991684280536,0.5552534259024291,"k=20, ridge 0.1",k20_ridge0p1,0.0
77,38,2.0,axis_edge_orthogonal,0.8665935028152277,True,0.4636540165684685,0.6993079208920537,"k=20, ridge 0.1",k20_ridge0p1,1.0
78,39,0.5,axis_edge_parallel,0.9281604248640702,True,0.547624420165891,0.5158309824307958,"k=20, ridge 0.1",k20_ridge0p1,1.0
79,39,0.5,axis_edge_orthogonal,0.9249509060299728,True,0.5389797410106135,0.5171401433200697,"k=20, ridge 0.1",k20_ridge0p1,1.0
80,40,1.0,axis_edge_parallel,0.9225149424645732,True,0.5174400336831796,0.5455271092591969,"k=20, ridge 0.1",k20_ridge0p1,1.0
81,40,1.0,axis_edge_orthogonal,0.9151117927353184,True,0.4955992194832811,0.5523105733669712,"k=20, ridge 0.1",k20_ridge0p1,1.0
82,41,2.0,axis_edge_parallel,0.9429367621272514,True,0.5743672017400904,0.5303958796939893,"k=20, ridge 0.1",k20_ridge0p1,1.0
83,41,2.0,axis_edge_orthogonal,0.9413308464317484,True,0.5594940526513462,0.5495957107572923,"k=20, ridge 0.1",k20_ridge0p1,1.0
84,42,0.5,axis_edge_parallel,0.9361004853862588,True,0.5879845811026146,0.5384094803402069,"k=20, ridge 0.1",k20_ridge0p1,1.0
85,42,0.5,axis_edge_orthogonal,0.945588853839622,True,0.6178747567074662,0.5166066119320486,"k=20, ridge 0.1",k20_ridge0p1,1.0
86,43,1.0,axis_edge_parallel,0.92759631447558,True,0.5742233375614186,0.5300453450866264,"k=20, ridge 0.1",k20_ridge0p1,1.0
87,43,1.0,axis_edge_orthogonal,0.9492926719035016,True,0.6376774796263477,0.4932371065948734,"k=20, ridge 0.1",k20_ridge0p1,1.0
88,44,2.0,axis_edge_parallel,0.9289670808688668,True,0.5993446209980559,0.487367523590312,"k=20, ridge 0.1",k20_ridge0p1,1.0
89,44,2.0,axis_edge_orthogonal,0.9578326948062412,True,0.6863110976546554,0.4427848209404398,"k=20, ridge 0.1",k20_ridge0p1,1.0
90,45,0.5,axis_edge_parallel,0.8494225290616259,True,0.3165938906204557,0.9568327697534074,"k=20, ridge 0.1",k20_ridge0p1,1.0
91,45,0.5,axis_edge_orthogonal,0.8532560183024905,True,0.3249798147870249,0.9516332215027206,"k=20, ridge 0.1",k20_ridge0p1,1.0
92,46,1.0,axis_edge_parallel,0.8337317160908844,False,0.2739742910382836,0.98561348960506,"k=20, ridge 0.1",k20_ridge0p1,0.0
93,46,1.0,axis_edge_orthogonal,0.8535076976373164,True,0.3262594199439367,0.9460052944298668,"k=20, ridge 0.1",k20_ridge0p1,1.0
94,47,2.0,axis_edge_parallel,0.885523008143108,True,0.3910264059529724,0.8426426115700038,"k=20, ridge 0.1",k20_ridge0p1,1.0
95,47,2.0,axis_edge_orthogonal,0.8814254848952315,True,0.3806766512454798,0.8978673351510507,"k=20, ridge 0.1",k20_ridge0p1,1.0
96,48,0.5,axis_edge_parallel,0.8996114791340473,True,0.3986802908863173,0.8768391006097215,"k=20, ridge 0.1",k20_ridge0p1,1.0
97,48,0.5,axis_edge_orthogonal,0.8945119343881448,True,0.3941401556838084,0.8659401223205506,"k=20, ridge 0.1",k20_ridge0p1,1.0
98,49,1.0,axis_edge_parallel,0.8757525027817031,True,0.3465264077377891,0.9491206208273352,"k=20, ridge 0.1",k20_ridge0p1,1.0
99,49,1.0,axis_edge_orthogonal,0.8629591359471805,True,0.3066337539311721,0.9387690206963104,"k=20, ridge 0.1",k20_ridge0p1,1.0
100,50,2.0,axis_edge_parallel,0.8867726479366881,True,0.4140223614822943,0.8164710326810151,"k=20, ridge 0.1",k20_ridge0p1,1.0
101,50,2.0,axis_edge_orthogonal,0.839527152064206,False,0.2512642072217836,0.8309049199795512,"k=20, ridge 0.1",k20_ridge0p1,0.0
102,51,0.5,axis_edge_parallel,0.91996575368137,True,0.358123270644845,0.8894204598876568,"k=20, ridge 0.1",k20_ridge0p1,1.0
103,51,0.5,axis_edge_orthogonal,0.9221341724211672,True,0.3658800146799049,0.8808983243640351,"k=20, ridge 0.1",k20_ridge0p1,1.0
104,52,1.0,axis_edge_parallel,0.9216643573761572,True,0.3650147970413098,0.8818889920395312,"k=20, ridge 0.1",k20_ridge0p1,1.0
105,52,1.0,axis_edge_orthogonal,0.9139128053599797,True,0.3539410398640585,0.9037551508766224,"k=20, ridge 0.1",k20_ridge0p1,1.0
106,53,2.0,axis_edge_parallel,0.9030446321103068,True,0.3570185520288363,0.9374060286544196,"k=20, ridge 0.1",k20_ridge0p1,1.0
107,53,2.0,axis_edge_orthogonal,0.8672167621504596,True,0.2825994901787798,0.9930088404188556,"k=20, ridge 0.1",k20_ridge0p1,1.0
108,54,0.5,axis_edge_parallel,0.9711115675291332,True,0.3637943564239787,0.8626819578862372,"k=20, ridge 0.1",k20_ridge0p1,1.0
109,54,0.5,axis_edge_orthogonal,0.975897191352992,True,0.3759285755618678,0.8347402781864359,"k=20, ridge 0.1",k20_ridge0p1,1.0
110,55,1.0,axis_edge_parallel,0.980609218795506,True,0.3926777671602709,0.801806487765302,"k=20, ridge 0.1",k20_ridge0p1,1.0
111,55,1.0,axis_edge_orthogonal,0.9775389313509844,True,0.3862810226783246,0.8230880240602413,"k=20, ridge 0.1",k20_ridge0p1,1.0
112,56,2.0,axis_edge_parallel,0.9832607268790235,True,0.4047983939433427,0.7801008750348016,"k=20, ridge 0.1",k20_ridge0p1,1.0
113,56,2.0,axis_edge_orthogonal,0.9917230260139368,True,0.4584349985336238,0.6888962695565243,"k=20, ridge 0.1",k20_ridge0p1,1.0
114,57,0.5,axis_edge_parallel,0.9823419694914554,True,0.386817833839211,0.7782635737872537,"k=20, ridge 0.1",k20_ridge0p1,1.0
115,57,0.5,axis_edge_orthogonal,0.9788185014429924,False,0.3723071585763968,0.8051518045379935,"k=20, ridge 0.1",k20_ridge0p1,0.0
116,58,1.0,axis_edge_parallel,0.989688460168578,False,0.4029617001521028,0.705745334618434,"k=20, ridge 0.1",k20_ridge0p1,0.0
117,58,1.0,axis_edge_orthogonal,0.9877633143047122,False,0.3919358259293854,0.7266472008508383,"k=20, ridge 0.1",k20_ridge0p1,0.0
118,59,2.0,axis_edge_parallel,0.9951986519410092,False,0.4124009968506731,0.6196945272427449,"k=20, ridge 0.1",k20_ridge0p1,0.0
119,59,2.0,axis_edge_orthogonal,0.9934756424295552,False,0.3736241730095943,0.6381137672105562,"k=20, ridge 0.1",k20_ridge0p1,0.0
120,60,0.5,axis_edge_parallel,0.8001836917947381,True,0.3503727671587679,0.9447239461843792,"k=20, ridge 0.1",k20_ridge0p1,1.0
121,60,0.5,axis_edge_orthogonal,0.8073442467787404,True,0.365302453062561,0.9269595215246984,"k=20, ridge 0.1",k20_ridge0p1,1.0
122,61,1.0,axis_edge_parallel,0.8239186855406356,True,0.3688311404986237,0.9253764833937652,"k=20, ridge 0.1",k20_ridge0p1,1.0
123,61,1.0,axis_edge_orthogonal,0.8497339242707836,True,0.4176095560812615,0.8661972173542712,"k=20, ridge 0.1",k20_ridge0p1,1.0
124,62,2.0,axis_edge_parallel,0.8321260949805295,True,0.3539636438158727,0.8660027557126222,"k=20, ridge 0.1",k20_ridge0p1,1.0
125,62,2.0,axis_edge_orthogonal,0.8338330226666734,True,0.3694451826157577,0.8971608215174004,"k=20, ridge 0.1",k20_ridge0p1,1.0
126,63,0.5,axis_edge_parallel,0.8576376873711522,True,0.4249070874600434,0.838923621249887,"k=20, ridge 0.1",k20_ridge0p1,1.0
127,63,0.5,axis_edge_orthogonal,0.8576556077986981,True,0.4246506826471117,0.8386814220078442,"k=20, ridge 0.1",k20_ridge0p1,1.0
128,64,1.0,axis_edge_parallel,0.8440462487513629,True,0.4041261483065371,0.8817853909046496,"k=20, ridge 0.1",k20_ridge0p1,1.0
129,64,1.0,axis_edge_orthogonal,0.8383865366563814,True,0.393969478613598,0.8950218231596397,"k=20, ridge 0.1",k20_ridge0p1,1.0
130,65,2.0,axis_edge_parallel,0.8796690439435141,True,0.4848183109106076,0.7719489941730563,"k=20, ridge 0.1",k20_ridge0p1,1.0
131,65,2.0,axis_edge_orthogonal,0.8476191174829232,True,0.4393632256826926,0.8288821142113957,"k=20, ridge 0.1",k20_ridge0p1,1.0
132,66,0.5,axis_edge_parallel,0.9987220151564687,True,0.9517873814653344,0.2752688722035056,"k=20, ridge 0.1",k20_ridge0p1,1.0
133,66,0.5,axis_edge_orthogonal,0.997535509413078,True,0.9335874793830876,0.2853918711329657,"k=20, ridge 0.1",k20_ridge0p1,1.0
134,67,1.0,axis_edge_parallel,0.999163860177479,True,0.9609522740209886,0.2702845186656759,"k=20, ridge 0.1",k20_ridge0p1,1.0
135,67,1.0,axis_edge_orthogonal,0.9976670126469772,True,0.9353695097210292,0.2843844365042993,"k=20, ridge 0.1",k20_ridge0p1,1.0
136,68,2.0,axis_edge_parallel,0.995828500156611,True,0.91417311717223,0.2965328482913794,"k=20, ridge 0.1",k20_ridge0p1,1.0
137,68,2.0,axis_edge_orthogonal,0.9894817839335196,True,0.8656568418441001,0.3257740438782368,"k=20, ridge 0.1",k20_ridge0p1,1.0
138,69,0.5,axis_edge_parallel,0.9851515891953192,True,0.7199828261656023,0.4534398929562535,"k=20, ridge 0.1",k20_ridge0p1,1.0
139,69,0.5,axis_edge_orthogonal,0.9872694470645804,True,0.732689950064237,0.4421812876852794,"k=20, ridge 0.1",k20_ridge0p1,1.0
140,70,1.0,axis_edge_parallel,0.9907470388177022,True,0.7780417564650647,0.3967076017203613,"k=20, ridge 0.1",k20_ridge0p1,1.0
141,70,1.0,axis_edge_orthogonal,0.9882818699828572,True,0.7429027291861279,0.4325387348360368,"k=20, ridge 0.1",k20_ridge0p1,1.0
142,71,2.0,axis_edge_parallel,0.9886737932846986,True,0.7608889348084883,0.4103569468572081,"k=20, ridge 0.1",k20_ridge0p1,1.0
143,71,2.0,axis_edge_orthogonal,0.9892157660993706,True,0.764345341379084,0.4077588282858523,"k=20, ridge 0.1",k20_ridge0p1,1.0
144,72,0.5,axis_edge_parallel,0.9577528991424146,True,0.4991748651369764,0.7034388214033486,"k=20, ridge 0.1",k20_ridge0p1,1.0
145,72,0.5,axis_edge_orthogonal,0.9711091081231512,True,0.6058244219242684,0.5776270074457732,"k=20, ridge 0.1",k20_ridge0p1,1.0
146,73,1.0,axis_edge_parallel,0.9229237761206348,True,0.359690309836183,0.9135999804695184,"k=20, ridge 0.1",k20_ridge0p1,1.0
147,73,1.0,axis_edge_orthogonal,0.9399462031132868,True,0.4353374610463223,0.8047082269593454,"k=20, ridge 0.1",k20_ridge0p1,1.0
148,74,2.0,axis_edge_parallel,0.9388451557088208,True,0.4105299283032493,0.8631718617390542,"k=20, ridge 0.1",k20_ridge0p1,1.0
149,74,2.0,axis_edge_orthogonal,0.9500513055779656,True,0.4661531346081221,0.762622618656802,"k=20, ridge 0.1",k20_ridge0p1,1.0
150,75,0.5,axis_edge_parallel,0.9713778213758386,True,0.7269295323000674,0.4506494921012628,"k=20, ridge 0.1",k20_ridge0p1,1.0
151,75,0.5,axis_edge_orthogonal,0.9362891104996812,True,0.5984205795745803,0.6042999860277364,"k=20, ridge 0.1",k20_ridge0p1,1.0
152,76,1.0,axis_edge_parallel,0.9789022538038332,True,0.765090987117107,0.4121760368609548,"k=20, ridge 0.1",k20_ridge0p1,1.0
153,76,1.0,axis_edge_orthogonal,0.9360349731803018,True,0.5982103128219955,0.6043002400158761,"k=20, ridge 0.1",k20_ridge0p1,1.0
154,77,2.0,axis_edge_parallel,0.9895817013294784,True,0.832458596785184,0.3552114783400208,"k=20, ridge 0.1",k20_ridge0p1,1.0
155,77,2.0,axis_edge_orthogonal,0.9739963912771772,True,0.7416073492732055,0.433217091979695,"k=20, ridge 0.1",k20_ridge0p1,1.0
156,78,0.5,axis_edge_parallel,0.9825078145202852,True,0.7932141668899437,0.3874197168845253,"k=20, ridge 0.1",k20_ridge0p1,1.0
157,78,0.5,axis_edge_orthogonal,0.9786690249979788,True,0.7735093858634433,0.4047600253490281,"k=20, ridge 0.1",k20_ridge0p1,1.0
158,79,1.0,axis_edge_parallel,0.9846587156910962,True,0.812937787881004,0.369611297885742,"k=20, ridge 0.1",k20_ridge0p1,1.0
159,79,1.0,axis_edge_orthogonal,0.986897258335652,True,0.8245716756450234,0.3607167879736082,"k=20, ridge 0.1",k20_ridge0p1,1.0
160,80,2.0,axis_edge_parallel,0.9883520695038424,True,0.8372794926524023,0.3504566637526868,"k=20, ridge 0.1",k20_ridge0p1,1.0
161,80,2.0,axis_edge_orthogonal,0.9946373852734904,True,0.8893196429180005,0.3137071782322233,"k=20, ridge 0.1",k20_ridge0p1,1.0
162,81,0.5,axis_edge_parallel,0.9477591038358992,True,0.5784237506230009,0.6185993526443667,"k=20, ridge 0.1",k20_ridge0p1,1.0
163,81,0.5,axis_edge_orthogonal,0.9310632571880856,True,0.527182166152317,0.6686574156922088,"k=20, ridge 0.1",k20_ridge0p1,1.0
164,82,1.0,axis_edge_parallel,0.949526946954674,True,0.6445284165903126,0.4899506794923925,"k=20, ridge 0.1",k20_ridge0p1,1.0
165,82,1.0,axis_edge_orthogonal,0.9620056935818976,True,0.6800801343204904,0.471565231131726,"k=20, ridge 0.1",k20_ridge0p1,1.0
166,83,2.0,axis_edge_parallel,0.9471100364537844,True,0.6465320638178153,0.4788322655014786,"k=20, ridge 0.1",k20_ridge0p1,1.0
167,83,2.0,axis_edge_orthogonal,0.958897921328921,True,0.6954187267390324,0.4404396234640239,"k=20, ridge 0.1",k20_ridge0p1,1.0
168,84,0.5,axis_edge_parallel,0.8224615311052724,True,0.2736051829527284,0.9937106197921788,"k=20, ridge 0.1",k20_ridge0p1,1.0
169,84,0.5,axis_edge_orthogonal,0.8139497220390456,False,0.2594192064264177,0.9901427339415676,"k=20, ridge 0.1",k20_ridge0p1,0.0
170,85,1.0,axis_edge_parallel,0.8475683720123894,True,0.3274023416770537,0.9643112095739436,"k=20, ridge 0.1",k20_ridge0p1,1.0
171,85,1.0,axis_edge_orthogonal,0.8248946612535649,True,0.2783381621954602,0.9921493625326328,"k=20, ridge 0.1",k20_ridge0p1,1.0
172,86,2.0,axis_edge_parallel,0.8467767591874815,True,0.3417806080194909,0.9128712674956642,"k=20, ridge 0.1",k20_ridge0p1,1.0
173,86,2.0,axis_edge_orthogonal,0.7369822913689449,False,0.1198915186744914,0.888277127930914,"k=20, ridge 0.1",k20_ridge0p1,0.0
174,87,0.5,axis_edge_parallel,0.8107160035939309,True,0.3342689015081819,0.9019945225192992,"k=20, ridge 0.1",k20_ridge0p1,1.0
175,87,0.5,axis_edge_orthogonal,0.768754891036946,False,0.2781496428967294,0.8230984617545436,"k=20, ridge 0.1",k20_ridge0p1,0.0
176,88,1.0,axis_edge_parallel,0.7830083146007305,True,0.2903907415941884,0.987149199752898,"k=20, ridge 0.1",k20_ridge0p1,1.0
177,88,1.0,axis_edge_orthogonal,0.8359989261581963,True,0.3754824577652737,0.8956161389498138,"k=20, ridge 0.1",k20_ridge0p1,1.0
178,89,2.0,axis_edge_parallel,0.7822903478912258,True,0.2899815743681709,0.9783674881244472,"k=20, ridge 0.1",k20_ridge0p1,1.0
179,89,2.0,axis_edge_orthogonal,0.824870371624896,True,0.3556381968993434,0.926704583836434,"k=20, ridge 0.1",k20_ridge0p1,1.0
180,90,0.5,axis_edge_parallel,0.8290226702136211,True,0.2734504257484095,0.9928097140996908,"k=20, ridge 0.1",k20_ridge0p1,1.0
181,90,0.5,axis_edge_orthogonal,0.8274322157858323,True,0.273226249892775,0.9948663361864412,"k=20, ridge 0.1",k20_ridge0p1,1.0
182,91,1.0,axis_edge_parallel,0.8338701736246704,False,0.2711140995824551,0.9759030453281592,"k=20, ridge 0.1",k20_ridge0p1,0.0
183,91,1.0,axis_edge_orthogonal,0.8462666450435132,True,0.2945839832466523,0.9697045692849396,"k=20, ridge 0.1",k20_ridge0p1,1.0
184,92,2.0,axis_edge_parallel,0.8193753997006675,True,0.2667562000353082,0.9984972628862676,"k=20, ridge 0.1",k20_ridge0p1,1.0
185,92,2.0,axis_edge_orthogonal,0.8833611785190727,False,0.3514721694119588,0.8390089969758786,"k=20, ridge 0.1",k20_ridge0p1,0.0
186,93,0.5,axis_edge_parallel,0.938229252656544,True,0.5635105795089862,0.6458156004808998,"k=20, ridge 0.1",k20_ridge0p1,1.0
187,93,0.5,axis_edge_orthogonal,0.943102256410403,True,0.5780439245094598,0.6270058311056321,"k=20, ridge 0.1",k20_ridge0p1,1.0
188,94,1.0,axis_edge_parallel,0.9074114420413254,True,0.5045367161724665,0.669964386074367,"k=20, ridge 0.1",k20_ridge0p1,1.0
189,94,1.0,axis_edge_orthogonal,0.9101259502139382,True,0.5111518161230025,0.6628024957710434,"k=20, ridge 0.1",k20_ridge0p1,1.0
190,95,2.0,axis_edge_parallel,0.8179314632765915,False,0.3641622220459941,0.6552775712687805,"k=20, ridge 0.1",k20_ridge0p1,0.0
191,95,2.0,axis_edge_orthogonal,0.7880529048132663,False,0.331775642043196,0.6027447215568534,"k=20, ridge 0.1",k20_ridge0p1,0.0
192,96,0.5,axis_edge_parallel,0.9671573854866984,True,0.6071879207130652,0.5917552101225736,"k=20, ridge 0.1",k20_ridge0p1,1.0
193,96,0.5,axis_edge_orthogonal,0.983989035127548,True,0.7074752252951487,0.4705338416957717,"k=20, ridge 0.1",k20_ridge0p1,1.0
194,97,1.0,axis_edge_parallel,0.9853864347554362,True,0.7140333819109103,0.4633343945673087,"k=20, ridge 0.1",k20_ridge0p1,1.0
195,97,1.0,axis_edge_orthogonal,0.989870443077898,True,0.7545976104417164,0.4231041000141287,"k=20, ridge 0.1",k20_ridge0p1,1.0
196,98,2.0,axis_edge_parallel,0.9837595621110324,True,0.7020543448084987,0.4738143161677541,"k=20, ridge 0.1",k20_ridge0p1,1.0
197,98,2.0,axis_edge_orthogonal,0.9924413651810446,True,0.7837442013734646,0.39588000298577,"k=20, ridge 0.1",k20_ridge0p1,1.0
198,99,0.5,axis_edge_parallel,0.8413225662344547,True,0.3196406473129805,0.9712972705950532,"k=20, ridge 0.1",k20_ridge0p1,1.0
199,99,0.5,axis_edge_orthogonal,0.8426790424475075,True,0.3212182545600148,0.9714627895955302,"k=20, ridge 0.1",k20_ridge0p1,1.0
200,100,1.0,axis_edge_parallel,0.8241537065204069,True,0.2923270102069144,0.9780526507269168,"k=20, ridge 0.1",k20_ridge0p1,1.0
201,100,1.0,axis_edge_orthogonal,0.8379053944181286,True,0.3179231559620794,0.9590462897880064,"k=20, ridge 0.1",k20_ridge0p1,1.0
202,101,2.0,axis_edge_parallel,0.8526116031499491,True,0.3394207145840428,0.9370341763930012,"k=20, ridge 0.1",k20_ridge0p1,1.0
203,101,2.0,axis_edge_orthogonal,0.868219236107354,True,0.3764536772810423,0.8694076985536359,"k=20, ridge 0.1",k20_ridge0p1,1.0
204,102,0.5,axis_edge_parallel,0.9090041495280884,True,0.4770818611238336,0.7841391304564845,"k=20, ridge 0.1",k20_ridge0p1,1.0
205,102,0.5,axis_edge_orthogonal,0.9562655624333408,True,0.617248073303837,0.5815371571556127,"k=20, ridge 0.1",k20_ridge0p1,1.0
206,103,1.0,axis_edge_parallel,0.9681375759034796,True,0.6704469745155807,0.5133495804861254,"k=20, ridge 0.1",k20_ridge0p1,1.0
207,103,1.0,axis_edge_orthogonal,0.9828353783900208,True,0.7495330857263535,0.4284338157168129,"k=20, ridge 0.1",k20_ridge0p1,1.0
208,104,2.0,axis_edge_parallel,0.9707890682191284,True,0.6828956086375962,0.4988804366136549,"k=20, ridge 0.1",k20_ridge0p1,1.0
209,104,2.0,axis_edge_orthogonal,0.9855177922241412,True,0.7714070912051691,0.4069521674081267,"k=20, ridge 0.1",k20_ridge0p1,1.0
210,105,0.5,axis_edge_parallel,0.9497463374215656,True,0.3662525667640123,0.8606677172213785,"k=20, ridge 0.1",k20_ridge0p1,1.0
211,105,0.5,axis_edge_orthogonal,0.9435464560080004,True,0.3181451236997469,0.85078064086251,"k=20, ridge 0.1",k20_ridge0p1,1.0
212,106,1.0,axis_edge_parallel,0.94930589479479,True,0.3589687879461157,0.8672463711706151,"k=20, ridge 0.1",k20_ridge0p1,1.0
213,106,1.0,axis_edge_orthogonal,0.945007009242179,True,0.3305783610633889,0.8586095475139197,"k=20, ridge 0.1",k20_ridge0p1,1.0
214,107,2.0,axis_edge_parallel,0.9494598144146382,False,0.3400784885122129,0.8107706903870961,"k=20, ridge 0.1",k20_ridge0p1,0.0
215,107,2.0,axis_edge_orthogonal,0.9465714831176362,True,0.3325333957559157,0.8390427809063633,"k=20, ridge 0.1",k20_ridge0p1,1.0
216,108,0.5,axis_edge_parallel,0.7447382135701089,True,0.3355163963899001,0.9609908500526404,"k=20, ridge 0.1",k20_ridge0p1,1.0
217,108,0.5,axis_edge_orthogonal,0.7452484085205702,True,0.3341782397641784,0.9608708490014513,"k=20, ridge 0.1",k20_ridge0p1,1.0
218,109,1.0,axis_edge_parallel,0.7661829535268191,True,0.3646508479440007,0.9319730392534492,"k=20, ridge 0.1",k20_ridge0p1,1.0
219,109,1.0,axis_edge_orthogonal,0.7601824165506702,True,0.3506671842773603,0.9412500691175918,"k=20, ridge 0.1",k20_ridge0p1,1.0
220,110,2.0,axis_edge_parallel,0.7497352072245909,True,0.3409782218076336,0.9552581720195472,"k=20, ridge 0.1",k20_ridge0p1,1.0
221,110,2.0,axis_edge_orthogonal,0.8085099335000671,True,0.4177115732827913,0.8558590119602917,"k=20, ridge 0.1",k20_ridge0p1,1.0
222,111,0.5,axis_edge_parallel,0.9551557884800308,False,0.2439099540149139,0.9947762973841564,"k=20, ridge 0.1",k20_ridge0p1,0.0
223,111,0.5,axis_edge_orthogonal,0.9616124257261872,True,0.2857444879111882,0.9903238389885438,"k=20, ridge 0.1",k20_ridge0p1,1.0
224,112,1.0,axis_edge_parallel,0.9524827522022388,False,0.246986806822019,0.9869409788206912,"k=20, ridge 0.1",k20_ridge0p1,0.0
225,112,1.0,axis_edge_orthogonal,0.9566890216561342,False,0.2438547762371681,0.9960913154386404,"k=20, ridge 0.1",k20_ridge0p1,0.0
226,113,2.0,axis_edge_parallel,0.9488422158409938,False,0.218799640722649,0.9816782344725692,"k=20, ridge 0.1",k20_ridge0p1,0.0
227,113,2.0,axis_edge_orthogonal,0.9244995087562462,False,0.1854978185077598,0.8583811803369253,"k=20, ridge 0.1",k20_ridge0p1,0.0
228,114,0.5,axis_edge_parallel,0.9860307417050528,False,0.2655253385946749,0.9755275002936812,"k=20, ridge 0.1",k20_ridge0p1,0.0
229,114,0.5,axis_edge_orthogonal,0.9893323322776536,False,0.2699443043706511,0.9523562647824054,"k=20, ridge 0.1",k20_ridge0p1,0.0
230,115,1.0,axis_edge_parallel,0.9808695143474948,False,0.2566177251095761,0.9940407501782228,"k=20, ridge 0.1",k20_ridge0p1,0.0
231,115,1.0,axis_edge_orthogonal,0.9862734591918868,False,0.2608876770426959,0.9735751591065294,"k=20, ridge 0.1",k20_ridge0p1,0.0
232,116,2.0,axis_edge_parallel,0.9722940053934244,False,0.2439893405141092,0.9984979160325964,"k=20, ridge 0.1",k20_ridge0p1,0.0
233,116,2.0,axis_edge_orthogonal,0.9527396315680938,False,0.2246505907100123,0.9593291158326912,"k=20, ridge 0.1",k20_ridge0p1,0.0
234,117,0.5,axis_edge_parallel,0.9816751922032684,False,0.2642838337299498,0.9929226371756804,"k=20, ridge 0.1",k20_ridge0p1,0.0
235,117,0.5,axis_edge_orthogonal,0.9916181724404616,True,0.3103671065483216,0.9440620745226628,"k=20, ridge 0.1",k20_ridge0p1,1.0
236,118,1.0,axis_edge_parallel,0.9883971958409792,False,0.2722309786974702,0.976850016234033,"k=20, ridge 0.1",k20_ridge0p1,0.0
237,118,1.0,axis_edge_orthogonal,0.9882677055670148,True,0.2759582305876407,0.9771354384243668,"k=20, ridge 0.1",k20_ridge0p1,1.0
238,119,2.0,axis_edge_parallel,0.9858258964133296,False,0.2654951264130968,0.9875948722806324,"k=20, ridge 0.1",k20_ridge0p1,0.0
239,119,2.0,axis_edge_orthogonal,0.9906898015750448,False,0.2855104215723105,0.9616962294421904,"k=20, ridge 0.1",k20_ridge0p1,0.0
240,120,0.5,axis_edge_parallel,0.9897319018490608,True,0.292856354013897,0.9449866111958968,"k=20, ridge 0.1",k20_ridge0p1,1.0
241,120,0.5,axis_edge_orthogonal,0.9894348902190264,True,0.2939749892086736,0.9479926437232246,"k=20, ridge 0.1",k20_ridge0p1,1.0
242,121,1.0,axis_edge_parallel,0.987462343391658,True,0.2850277315993761,0.9646557067466994,"k=20, ridge 0.1",k20_ridge0p1,1.0
243,121,1.0,axis_edge_orthogonal,0.9886287976844698,True,0.2887108141599673,0.9553942398035928,"k=20, ridge 0.1",k20_ridge0p1,1.0
244,122,2.0,axis_edge_parallel,0.9740071899529296,True,0.2571253724035015,0.9994172937793444,"k=20, ridge 0.1",k20_ridge0p1,1.0
245,122,2.0,axis_edge_orthogonal,0.9815585340460182,True,0.272456394792862,0.9917417982829284,"k=20, ridge 0.1",k20_ridge0p1,1.0
246,123,0.5,axis_edge_parallel,0.8820071514652124,True,0.2914285255954851,0.9528508828532004,"k=20, ridge 0.1",k20_ridge0p1,1.0
247,123,0.5,axis_edge_orthogonal,0.8820730244390341,True,0.2966820683242872,0.929761887318736,"k=20, ridge 0.1",k20_ridge0p1,1.0
248,124,1.0,axis_edge_parallel,0.8890653066544513,True,0.3137129183742118,0.9424419628118796,"k=20, ridge 0.1",k20_ridge0p1,1.0
249,124,1.0,axis_edge_orthogonal,0.8890643349585339,True,0.3191200946146536,0.9180963647649856,"k=20, ridge 0.1",k20_ridge0p1,1.0
250,125,2.0,axis_edge_parallel,0.8719619397963099,False,0.2717134823842554,0.9116399576893388,"k=20, ridge 0.1",k20_ridge0p1,0.0
251,125,2.0,axis_edge_orthogonal,0.8885470384320413,True,0.3126659038228426,0.9434760386289154,"k=20, ridge 0.1",k20_ridge0p1,1.0
252,126,0.5,axis_edge_parallel,0.8803756536514319,True,0.3374252798144683,0.9447827870856772,"k=20, ridge 0.1",k20_ridge0p1,1.0
253,126,0.5,axis_edge_orthogonal,0.8771363460845355,True,0.3292192339020612,0.9545268785822691,"k=20, ridge 0.1",k20_ridge0p1,1.0
254,127,1.0,axis_edge_parallel,0.8444038272075483,False,0.2561290773297686,0.996973557339219,"k=20, ridge 0.1",k20_ridge0p1,0.0
255,127,1.0,axis_edge_orthogonal,0.8437622139913004,False,0.254386349141793,0.9974609231462654,"k=20, ridge 0.1",k20_ridge0p1,0.0
256,128,2.0,axis_edge_parallel,0.7923001428973325,False,0.1413045957478651,0.9267744321940004,"k=20, ridge 0.1",k20_ridge0p1,0.0
257,128,2.0,axis_edge_orthogonal,0.7937423672605318,False,0.1541804201652288,0.9226362410013343,"k=20, ridge 0.1",k20_ridge0p1,0.0
258,129,0.5,axis_edge_parallel,0.9450606235018908,True,0.3893030576747734,0.8321538978645835,"k=20, ridge 0.1",k20_ridge0p1,1.0
259,129,0.5,axis_edge_orthogonal,0.9457997414630428,True,0.3931551679190613,0.8297934533269382,"k=20, ridge 0.1",k20_ridge0p1,1.0
260,130,1.0,axis_edge_parallel,0.9377594692138512,True,0.3716057557451009,0.8604836309717032,"k=20, ridge 0.1",k20_ridge0p1,1.0
261,130,1.0,axis_edge_orthogonal,0.9434544085687512,True,0.3817570987499697,0.8285030773667402,"k=20, ridge 0.1",k20_ridge0p1,1.0
262,131,2.0,axis_edge_parallel,0.938747961492926,True,0.3643107217880994,0.8502351757851564,"k=20, ridge 0.1",k20_ridge0p1,1.0
263,131,2.0,axis_edge_orthogonal,0.9339225415792152,True,0.351587123462063,0.870543435283576,"k=20, ridge 0.1",k20_ridge0p1,1.0
264,132,0.5,axis_edge_parallel,0.9028925546992184,True,0.5360851356502233,0.6663793474456284,"k=20, ridge 0.1",k20_ridge0p1,1.0
265,132,0.5,axis_edge_orthogonal,0.8885697851297365,True,0.5026251580064253,0.6726130065163315,"k=20, ridge 0.1",k20_ridge0p1,1.0
266,133,1.0,axis_edge_parallel,0.8494125363432042,True,0.4193624538991561,0.7830673028168087,"k=20, ridge 0.1",k20_ridge0p1,1.0
267,133,1.0,axis_edge_orthogonal,0.8438175152188413,True,0.4078531484057691,0.7526778492646762,"k=20, ridge 0.1",k20_ridge0p1,1.0
268,134,2.0,axis_edge_parallel,0.8317981808523806,True,0.3838213831227141,0.8092956883361233,"k=20, ridge 0.1",k20_ridge0p1,1.0
269,134,2.0,axis_edge_orthogonal,0.825100165088457,False,0.3710645737468661,0.7728336036916259,"k=20, ridge 0.1",k20_ridge0p1,0.0
270,135,0.5,axis_edge_parallel,0.9472663208738578,True,0.4681719940684625,0.7784811418776602,"k=20, ridge 0.1",k20_ridge0p1,1.0
271,135,0.5,axis_edge_orthogonal,0.9375324674225308,True,0.4297038540822993,0.8163958698160179,"k=20, ridge 0.1",k20_ridge0p1,1.0
272,136,1.0,axis_edge_parallel,0.9205314930672258,True,0.3952686619663487,0.8291500618577439,"k=20, ridge 0.1",k20_ridge0p1,1.0
273,136,1.0,axis_edge_orthogonal,0.8820467683333051,False,0.3249530766407323,0.8494731885504007,"k=20, ridge 0.1",k20_ridge0p1,0.0
274,137,2.0,axis_edge_parallel,0.8551901455289291,False,0.300138166806278,0.7038097911062406,"k=20, ridge 0.1",k20_ridge0p1,0.0
275,137,2.0,axis_edge_orthogonal,0.7474548458668533,False,0.1325889052954398,0.5761655458501422,"k=20, ridge 0.1",k20_ridge0p1,0.0
276,138,0.5,axis_edge_parallel,0.8079061035334013,True,0.4255796967125654,0.8577936537661587,"k=20, ridge 0.1",k20_ridge0p1,1.0
277,138,0.5,axis_edge_orthogonal,0.8046312068049887,True,0.4207209246532052,0.8645244846133272,"k=20, ridge 0.1",k20_ridge0p1,1.0
278,139,1.0,axis_edge_parallel,0.747821775664889,True,0.3400712919940515,0.958455422229532,"k=20, ridge 0.1",k20_ridge0p1,1.0
279,139,1.0,axis_edge_orthogonal,0.749136001980778,True,0.3418956227027073,0.956800691178206,"k=20, ridge 0.1",k20_ridge0p1,1.0
280,140,2.0,axis_edge_parallel,0.6682671219006372,False,0.2338417142236901,0.9985999220699328,"k=20, ridge 0.1",k20_ridge0p1,0.0
281,140,2.0,axis_edge_orthogonal,0.7074762037972098,True,0.2857046335103686,0.9931594258683184,"k=20, ridge 0.1",k20_ridge0p1,1.0
282,141,0.5,axis_edge_parallel,0.7976754181720538,False,0.2747488809663225,0.7391691584074578,"k=20, ridge 0.1",k20_ridge0p1,0.0
283,141,0.5,axis_edge_orthogonal,0.8260770455497688,False,0.3049931748265961,0.8308348164021913,"k=20, ridge 0.1",k20_ridge0p1,0.0
284,142,1.0,axis_edge_parallel,0.844499279763048,False,0.3176942774038911,0.8410022926233172,"k=20, ridge 0.1",k20_ridge0p1,0.0
285,142,1.0,axis_edge_orthogonal,0.7689622090574462,False,0.2537164518282275,0.6499675855313065,"k=20, ridge 0.1",k20_ridge0p1,0.0
286,143,2.0,axis_edge_parallel,0.7980433889590064,False,0.2638254373603036,0.7857448686499959,"k=20, ridge 0.1",k20_ridge0p1,0.0
287,143,2.0,axis_edge_orthogonal,0.7276707643880587,False,0.2142096276952266,0.5527145150955207,"k=20, ridge 0.1",k20_ridge0p1,0.0
288,144,0.5,axis_edge_parallel,0.9263634763160782,False,0.3398146503699813,0.820401279689103,"k=20, ridge 0.1",k20_ridge0p1,0.0
289,144,0.5,axis_edge_orthogonal,0.9322908456185154,False,0.3712809156798871,0.7362679500854551,"k=20, ridge 0.1",k20_ridge0p1,0.0
290,145,1.0,axis_edge_parallel,0.8667644140781893,False,0.220590325180307,0.8500580074829125,"k=20, ridge 0.1",k20_ridge0p1,0.0
291,145,1.0,axis_edge_orthogonal,0.9094602080150156,False,0.2857900423069074,0.8689862844223191,"k=20, ridge 0.1",k20_ridge0p1,0.0
292,146,2.0,axis_edge_parallel,0.7487587392447321,False,0.08784109146705,0.6001907091679063,"k=20, ridge 0.1",k20_ridge0p1,0.0
293,146,2.0,axis_edge_orthogonal,0.83745723885922,False,0.1739627664347124,0.8040217405829042,"k=20, ridge 0.1",k20_ridge0p1,0.0
294,147,0.5,axis_edge_parallel,0.8418834010984066,True,0.5515468050969352,0.5168774658388983,"k=20, ridge 0.1",k20_ridge0p1,1.0
295,147,0.5,axis_edge_orthogonal,0.8734423870483802,True,0.609425646526564,0.485121622197151,"k=20, ridge 0.1",k20_ridge0p1,1.0
296,148,1.0,axis_edge_parallel,0.8280671176606544,True,0.529792412349378,0.5238054181094823,"k=20, ridge 0.1",k20_ridge0p1,1.0
297,148,1.0,axis_edge_orthogonal,0.8510084575073211,True,0.5730453304242765,0.5003908698974561,"k=20, ridge 0.1",k20_ridge0p1,1.0
298,149,2.0,axis_edge_parallel,0.8614628771030881,True,0.5844408849731221,0.5021590461228294,"k=20, ridge 0.1",k20_ridge0p1,1.0
299,149,2.0,axis_edge_orthogonal,0.8516590248155217,True,0.5735929560131096,0.5007736152749617,"k=20, ridge 0.1",k20_ridge0p1,1.0
300,150,0.5,axis_edge_parallel,0.9118870732919984,True,0.3565816004902694,0.9366887033524516,"k=20, ridge 0.1",k20_ridge0p1,1.0
301,150,0.5,axis_edge_orthogonal,0.912560740495468,True,0.3580341941453516,0.9353403507003912,"k=20, ridge 0.1",k20_ridge0p1,1.0
302,151,1.0,axis_edge_parallel,0.9122008753345248,True,0.353783819212044,0.934040325790257,"k=20, ridge 0.1",k20_ridge0p1,1.0
303,151,1.0,axis_edge_orthogonal,0.9254991888706776,True,0.411165856193469,0.825145852719304,"k=20, ridge 0.1",k20_ridge0p1,1.0
304,152,2.0,axis_edge_parallel,0.916659347104812,True,0.3661217957857672,0.9266978898925312,"k=20, ridge 0.1",k20_ridge0p1,1.0
305,152,2.0,axis_edge_orthogonal,0.9194624961764204,True,0.3770722730676125,0.89579281048557,"k=20, ridge 0.1",k20_ridge0p1,1.0
306,153,0.5,axis_edge_parallel,0.8684888343775324,True,0.3151042051456023,0.85367857869094,"k=20, ridge 0.1",k20_ridge0p1,1.0
307,153,0.5,axis_edge_orthogonal,0.8689041583847052,True,0.3165706595180912,0.8517516191232793,"k=20, ridge 0.1",k20_ridge0p1,1.0
308,154,1.0,axis_edge_parallel,0.8600666313601788,False,0.292961365240766,0.8633604896494588,"k=20, ridge 0.1",k20_ridge0p1,0.0
309,154,1.0,axis_edge_orthogonal,0.8569702414592411,False,0.2846102980445871,0.8663693462560305,"k=20, ridge 0.1",k20_ridge0p1,0.0
310,155,2.0,axis_edge_parallel,0.8578628532268345,False,0.2816900672553659,0.8953096282749754,"k=20, ridge 0.1",k20_ridge0p1,0.0
311,155,2.0,axis_edge_orthogonal,0.8576850476342569,False,0.2827604038248336,0.8899384217472317,"k=20, ridge 0.1",k20_ridge0p1,0.0
312,156,0.5,axis_edge_parallel,0.944353576731675,True,0.6013193352830358,0.60190932534763,"k=20, ridge 0.1",k20_ridge0p1,1.0
313,156,0.5,axis_edge_orthogonal,0.9309046214483212,True,0.5575841516494039,0.6645478246423544,"k=20, ridge 0.1",k20_ridge0p1,1.0
314,157,1.0,axis_edge_parallel,0.8120644136584584,False,0.3116635592783743,0.8890484317105504,"k=20, ridge 0.1",k20_ridge0p1,0.0
315,157,1.0,axis_edge_orthogonal,0.8154552877916315,False,0.3186424108372778,0.8748872663122879,"k=20, ridge 0.1",k20_ridge0p1,0.0
316,158,2.0,axis_edge_parallel,0.7479649037945914,False,0.2412022773133482,0.6548235944145391,"k=20, ridge 0.1",k20_ridge0p1,0.0
317,158,2.0,axis_edge_orthogonal,0.6788634521498038,False,0.1280273852686094,0.6313260474536656,"k=20, ridge 0.1",k20_ridge0p1,0.0
318,159,0.5,axis_edge_parallel,0.9053228264658764,True,0.5433860532684679,0.6572684227092702,"k=20, ridge 0.1",k20_ridge0p1,1.0
319,159,0.5,axis_edge_orthogonal,0.9198078121325756,True,0.5727792548205243,0.6243240927518139,"k=20, ridge 0.1",k20_ridge0p1,1.0
320,160,1.0,axis_edge_parallel,0.8656658818277797,True,0.4494642560146531,0.80404248295927,"k=20, ridge 0.1",k20_ridge0p1,1.0
321,160,1.0,axis_edge_orthogonal,0.8881161689400247,True,0.4924283421071574,0.7472941995794202,"k=20, ridge 0.1",k20_ridge0p1,1.0
322,161,2.0,axis_edge_parallel,0.8576841887328087,True,0.4334755617959427,0.8267091242522823,"k=20, ridge 0.1",k20_ridge0p1,1.0
323,161,2.0,axis_edge_orthogonal,0.8453732214241507,True,0.4290185616131796,0.7845220401367616,"k=20, ridge 0.1",k20_ridge0p1,1.0
324,162,0.5,axis_edge_parallel,0.9987657766919612,True,0.921632465139564,0.293590447307803,"k=20, ridge 0.1",k20_ridge0p1,1.0
325,162,0.5,axis_edge_orthogonal,0.9997495712754884,True,0.9658603615548632,0.267859182287647,"k=20, ridge 0.1",k20_ridge0p1,1.0
326,163,1.0,axis_edge_parallel,0.9910830235346556,True,0.8018644945283665,0.3807712294683191,"k=20, ridge 0.1",k20_ridge0p1,1.0
327,163,1.0,axis_edge_orthogonal,0.9996388052993986,True,0.9591442189915088,0.2715659920915784,"k=20, ridge 0.1",k20_ridge0p1,1.0
328,164,2.0,axis_edge_parallel,0.9874811827731296,True,0.7698703303599652,0.4086116417706993,"k=20, ridge 0.1",k20_ridge0p1,1.0
329,164,2.0,axis_edge_orthogonal,0.9999469874033758,True,0.9836747623121586,0.2583420937549107,"k=20, ridge 0.1",k20_ridge0p1,1.0
330,165,0.5,axis_edge_parallel,0.6822469564099943,False,0.0614891187561364,0.8163002942384345,"k=20, ridge 0.1",k20_ridge0p1,0.0
331,165,0.5,axis_edge_orthogonal,0.8503574570012271,True,0.3866947181905978,0.8979504757038105,"k=20, ridge 0.1",k20_ridge0p1,1.0
332,166,1.0,axis_edge_parallel,0.7724207655814416,False,0.22749034665175,0.9810017772735794,"k=20, ridge 0.1",k20_ridge0p1,0.0
333,166,1.0,axis_edge_orthogonal,0.831397987860425,True,0.3411058245542379,0.9466529934643546,"k=20, ridge 0.1",k20_ridge0p1,1.0
334,167,2.0,axis_edge_parallel,0.8048184328631803,True,0.2895476933118134,0.9791460711506618,"k=20, ridge 0.1",k20_ridge0p1,1.0
335,167,2.0,axis_edge_orthogonal,0.8333879950214214,True,0.3509078869696468,0.9340364161701574,"k=20, ridge 0.1",k20_ridge0p1,1.0
336,168,0.5,axis_edge_parallel,0.8583519037933469,True,0.4064513152169846,0.8489430121228525,"k=20, ridge 0.1",k20_ridge0p1,1.0
337,168,0.5,axis_edge_orthogonal,0.852599574079528,True,0.3969914742590388,0.854618223013963,"k=20, ridge 0.1",k20_ridge0p1,1.0
338,169,1.0,axis_edge_parallel,0.840774459756695,True,0.3859942024415053,0.8183498958722205,"k=20, ridge 0.1",k20_ridge0p1,1.0
339,169,1.0,axis_edge_orthogonal,0.8432745145932735,True,0.3880766493505813,0.8271103154438147,"k=20, ridge 0.1",k20_ridge0p1,1.0
340,170,2.0,axis_edge_parallel,0.7432111343469592,False,0.2354110327433533,0.7990510891022448,"k=20, ridge 0.1",k20_ridge0p1,0.0
341,170,2.0,axis_edge_orthogonal,0.8878663781120529,True,0.4799506711123076,0.7125782402486761,"k=20, ridge 0.1",k20_ridge0p1,1.0
342,171,0.5,axis_edge_parallel,0.8534535795338953,False,0.3289859661850679,0.7851768335970948,"k=20, ridge 0.1",k20_ridge0p1,0.0
343,171,0.5,axis_edge_orthogonal,0.9748172302534268,True,0.6626097125766093,0.5176523773727053,"k=20, ridge 0.1",k20_ridge0p1,1.0
344,172,1.0,axis_edge_parallel,0.9619092377131722,True,0.6077491537341864,0.5607115987961233,"k=20, ridge 0.1",k20_ridge0p1,1.0
345,172,1.0,axis_edge_orthogonal,0.9464395442982696,True,0.5575466924720317,0.6215755634753104,"k=20, ridge 0.1",k20_ridge0p1,1.0
346,173,2.0,axis_edge_parallel,0.8842016699808516,True,0.3984405706898074,0.7273709066223958,"k=20, ridge 0.1",k20_ridge0p1,1.0
347,173,2.0,axis_edge_orthogonal,0.7884016970265634,False,0.2450958945972812,0.7437858884557782,"k=20, ridge 0.1",k20_ridge0p1,0.0
348,174,0.5,axis_edge_parallel,0.9336925851427808,False,0.3074410208352708,0.9352253062150616,"k=20, ridge 0.1",k20_ridge0p1,0.0
349,174,0.5,axis_edge_orthogonal,0.9255940706269294,False,0.2948309132149644,0.9594251192312092,"k=20, ridge 0.1",k20_ridge0p1,0.0
350,175,1.0,axis_edge_parallel,0.9125764432817172,False,0.2780521109569031,0.9849483657659672,"k=20, ridge 0.1",k20_ridge0p1,0.0
351,175,1.0,axis_edge_orthogonal,0.9176160716459346,False,0.2820483198239213,0.9760871247470164,"k=20, ridge 0.1",k20_ridge0p1,0.0
352,176,2.0,axis_edge_parallel,0.8737241139173022,False,0.2175519471302973,0.9887862175619284,"k=20, ridge 0.1",k20_ridge0p1,0.0
353,176,2.0,axis_edge_orthogonal,0.892740393163963,False,0.2488953772506087,0.9979051391104216,"k=20, ridge 0.1",k20_ridge0p1,0.0
354,177,0.5,axis_edge_parallel,0.9852589759417152,True,0.2797063210075364,0.983463606259544,"k=20, ridge 0.1",k20_ridge0p1,1.0
355,177,0.5,axis_edge_orthogonal,0.9853167545039048,True,0.281947204263541,0.98357495755852,"k=20, ridge 0.1",k20_ridge0p1,1.0
356,178,1.0,axis_edge_parallel,0.9863817054896749,True,0.286669600537056,0.9762095659422892,"k=20, ridge 0.1",k20_ridge0p1,1.0
357,178,1.0,axis_edge_orthogonal,0.987173033786716,True,0.2962934747236043,0.9647880643436002,"k=20, ridge 0.1",k20_ridge0p1,1.0
358,179,2.0,axis_edge_parallel,0.9828156097767294,True,0.2661001774874702,0.9943998008086984,"k=20, ridge 0.1",k20_ridge0p1,1.0
359,179,2.0,axis_edge_orthogonal,0.985608422596136,True,0.2930324903656011,0.980671640882703,"k=20, ridge 0.1",k20_ridge0p1,1.0
360,180,0.5,axis_edge_parallel,0.9712945307456164,False,0.3071360594718865,0.9331646821805092,"k=20, ridge 0.1",k20_ridge0p1,0.0
361,180,0.5,axis_edge_orthogonal,0.9715057293470876,False,0.3086888580048139,0.9339965660514092,"k=20, ridge 0.1",k20_ridge0p1,0.0
362,181,1.0,axis_edge_parallel,0.969856482089951,False,0.2882975285981427,0.9412856468442604,"k=20, ridge 0.1",k20_ridge0p1,0.0
363,181,1.0,axis_edge_orthogonal,0.967889297518108,False,0.2932460426846329,0.9550818574779352,"k=20, ridge 0.1",k20_ridge0p1,0.0
364,182,2.0,axis_edge_parallel,0.9566914273249926,False,0.2568468483855527,0.9842256562810262,"k=20, ridge 0.1",k20_ridge0p1,0.0
365,182,2.0,axis_edge_orthogonal,0.9626591512226232,False,0.2893533009440397,0.962035389323262,"k=20, ridge 0.1",k20_ridge0p1,0.0
366,183,0.5,axis_edge_parallel,0.8706553615238154,True,0.2859712346042028,0.9892567639106687,"k=20, ridge 0.1",k20_ridge0p1,1.0
367,183,0.5,axis_edge_orthogonal,0.8690386769858993,True,0.2805982041712385,0.9889695943772036,"k=20, ridge 0.1",k20_ridge0p1,1.0
368,184,1.0,axis_edge_parallel,0.8435169234225357,False,0.2360833771783774,0.9981884262554758,"k=20, ridge 0.1",k20_ridge0p1,0.0
369,184,1.0,axis_edge_orthogonal,0.8374070932113911,False,0.2387313291005934,0.9945013720278558,"k=20, ridge 0.1",k20_ridge0p1,0.0
370,185,2.0,axis_edge_parallel,0.8720122578550241,True,0.3038918856402973,0.9235667479583372,"k=20, ridge 0.1",k20_ridge0p1,1.0
371,185,2.0,axis_edge_orthogonal,0.8819585387020641,False,0.3174038655927286,0.8765085319698088,"k=20, ridge 0.1",k20_ridge0p1,0.0
372,186,0.5,axis_edge_parallel,0.9429150541032464,False,0.4617764750229846,0.5213656313033481,"k=20, ridge 0.1",k20_ridge0p1,0.0
373,186,0.5,axis_edge_orthogonal,0.9366965477266372,False,0.4408438569091194,0.5001090115956042,"k=20, ridge 0.1",k20_ridge0p1,0.0
374,187,1.0,axis_edge_parallel,0.9313822606768564,False,0.4165435664321894,0.4986627428172424,"k=20, ridge 0.1",k20_ridge0p1,0.0
375,187,1.0,axis_edge_orthogonal,0.9245067966279772,False,0.392573933115506,0.4798352242577999,"k=20, ridge 0.1",k20_ridge0p1,0.0
376,188,2.0,axis_edge_parallel,0.9490461892939682,False,0.4983749649251656,0.5025341534208533,"k=20, ridge 0.1",k20_ridge0p1,0.0
377,188,2.0,axis_edge_orthogonal,0.9317779337425204,False,0.4219493030611596,0.4903098318723137,"k=20, ridge 0.1",k20_ridge0p1,0.0
378,189,0.5,axis_edge_parallel,0.8831563334759652,True,0.3805482765944957,0.9004676256414057,"k=20, ridge 0.1",k20_ridge0p1,1.0
379,189,0.5,axis_edge_orthogonal,0.8808141150067115,True,0.3713079536779873,0.9165399253790548,"k=20, ridge 0.1",k20_ridge0p1,1.0
380,190,1.0,axis_edge_parallel,0.8823213777643444,True,0.375316045436505,0.9129954584272848,"k=20, ridge 0.1",k20_ridge0p1,1.0
381,190,1.0,axis_edge_orthogonal,0.8845141413258394,True,0.3797719141512111,0.9098682320129756,"k=20, ridge 0.1",k20_ridge0p1,1.0
382,191,2.0,axis_edge_parallel,0.8837618858670924,True,0.3845996332155316,0.895032400786065,"k=20, ridge 0.1",k20_ridge0p1,1.0
383,191,2.0,axis_edge_orthogonal,0.8981531443487045,True,0.4218025444866961,0.8481205834444782,"k=20, ridge 0.1",k20_ridge0p1,1.0
384,192,0.5,axis_edge_parallel,0.7910149082061967,True,0.4254988171615493,0.8578105953589806,"k=20, ridge 0.1",k20_ridge0p1,1.0
385,192,0.5,axis_edge_orthogonal,0.8911122451070435,True,0.5932295736095622,0.6140838108124177,"k=20, ridge 0.1",k20_ridge0p1,1.0
386,193,1.0,axis_edge_parallel,0.8250046784284044,True,0.4789235686157174,0.7815098877243192,"k=20, ridge 0.1",k20_ridge0p1,1.0
387,193,1.0,axis_edge_orthogonal,0.8300972266295934,True,0.4871868987309388,0.769186966414529,"k=20, ridge 0.1",k20_ridge0p1,1.0
388,194,2.0,axis_edge_parallel,0.8596573236617904,True,0.5365285483173671,0.695443104981495,"k=20, ridge 0.1",k20_ridge0p1,1.0
389,194,2.0,axis_edge_orthogonal,0.8394446599519363,True,0.5024776477614686,0.7461293545827975,"k=20, ridge 0.1",k20_ridge0p1,1.0
390,195,0.5,axis_edge_parallel,0.7111997937153147,False,0.2128745860397837,0.9923062765392292,"k=20, ridge 0.1",k20_ridge0p1,0.0
391,195,0.5,axis_edge_orthogonal,0.7081988911755209,False,0.2066114823450756,0.9899635076434457,"k=20, ridge 0.1",k20_ridge0p1,0.0
392,196,1.0,axis_edge_parallel,0.7024979090039815,False,0.1943763997493904,0.9834978212428068,"k=20, ridge 0.1",k20_ridge0p1,0.0
393,196,1.0,axis_edge_orthogonal,0.7266944310632534,False,0.2445182766577936,0.9961747038149164,"k=20, ridge 0.1",k20_ridge0p1,0.0
394,197,2.0,axis_edge_parallel,0.70504837051161,False,0.1997825844962769,0.9857896324701712,"k=20, ridge 0.1",k20_ridge0p1,0.0
395,197,2.0,axis_edge_orthogonal,0.6868584819376021,False,0.1611112149778719,0.9594466828979828,"k=20, ridge 0.1",k20_ridge0p1,0.0
396,198,0.5,axis_edge_parallel,0.9865482517613292,False,0.4070383484986988,0.6886939976689223,"k=20, ridge 0.1",k20_ridge0p1,0.0
397,198,0.5,axis_edge_orthogonal,0.988229869358541,False,0.4161266215872566,0.6664150663116617,"k=20, ridge 0.1",k20_ridge0p1,0.0
398,199,1.0,axis_edge_parallel,0.9931215491195106,False,0.4316010957004436,0.6088912664423314,"k=20, ridge 0.1",k20_ridge0p1,0.0
399,199,1.0,axis_edge_orthogonal,0.9938020526036848,False,0.4374886890799199,0.6031949692541096,"k=20, ridge 0.1",k20_ridge0p1,0.0
400,200,2.0,axis_edge_parallel,0.9958355293454636,False,0.455598261420225,0.5388698313097046,"k=20, ridge 0.1",k20_ridge0p1,0.0
401,200,2.0,axis_edge_orthogonal,0.9934220073571822,False,0.4015894500958593,0.5859701796751277,"k=20, ridge 0.1",k20_ridge0p1,0.0
402,201,0.5,axis_edge_parallel,0.979845345086112,True,0.4023783678947534,0.7632751043611304,"k=20, ridge 0.1",k20_ridge0p1,1.0
403,201,0.5,axis_edge_orthogonal,0.9786996546129654,True,0.3963841009855628,0.7701175397293394,"k=20, ridge 0.1",k20_ridge0p1,1.0
404,202,1.0,axis_edge_parallel,0.9831717072377748,True,0.4187270873318006,0.7161257034003058,"k=20, ridge 0.1",k20_ridge0p1,1.0
405,202,1.0,axis_edge_orthogonal,0.9847515146232928,True,0.4247243696365051,0.709718034176333,"k=20, ridge 0.1",k20_ridge0p1,1.0
406,203,2.0,axis_edge_parallel,0.9926009765395414,True,0.4689013613051442,0.6128269326746287,"k=20, ridge 0.1",k20_ridge0p1,1.0
407,203,2.0,axis_edge_orthogonal,0.983076091933827,True,0.4552112320012525,0.7161418079516035,"k=20, ridge 0.1",k20_ridge0p1,1.0
408,204,0.5,axis_edge_parallel,0.9620437418833208,True,0.5755807393252588,0.6223419854093808,"k=20, ridge 0.1",k20_ridge0p1,1.0
409,204,0.5,axis_edge_orthogonal,0.9635972421921424,True,0.5817802669880047,0.6139694820289949,"k=20, ridge 0.1",k20_ridge0p1,1.0
410,205,1.0,axis_edge_parallel,0.965603610252842,True,0.6023905435373098,0.5657025294294662,"k=20, ridge 0.1",k20_ridge0p1,1.0
411,205,1.0,axis_edge_orthogonal,0.9584973033916088,True,0.5711877187233814,0.5910054823672913,"k=20, ridge 0.1",k20_ridge0p1,1.0
412,206,2.0,axis_edge_parallel,0.9826409417234968,True,0.7067801534760983,0.4581121225209614,"k=20, ridge 0.1",k20_ridge0p1,1.0
413,206,2.0,axis_edge_orthogonal,0.956673114571846,True,0.5639807961523035,0.5972571762378327,"k=20, ridge 0.1",k20_ridge0p1,1.0
414,207,0.5,axis_edge_parallel,0.8886519541440538,True,0.4280830167597648,0.7480136887691813,"k=20, ridge 0.1",k20_ridge0p1,1.0
415,207,0.5,axis_edge_orthogonal,0.8815625164612275,True,0.413163334394124,0.7571671280743659,"k=20, ridge 0.1",k20_ridge0p1,1.0
416,208,1.0,axis_edge_parallel,0.8862585924995349,True,0.4191451240133129,0.7742264463665999,"k=20, ridge 0.1",k20_ridge0p1,1.0
417,208,1.0,axis_edge_orthogonal,0.8778000103742145,True,0.4010936151856331,0.7875507970996148,"k=20, ridge 0.1",k20_ridge0p1,1.0
418,209,2.0,axis_edge_parallel,0.9184910624905384,True,0.4979198209912822,0.6897451633160198,"k=20, ridge 0.1",k20_ridge0p1,1.0
419,209,2.0,axis_edge_orthogonal,0.8528901165904677,False,0.3609044418708891,0.7566032375023345,"k=20, ridge 0.1",k20_ridge0p1,0.0
420,210,0.5,axis_edge_parallel,0.9584669261135584,True,0.2848458559385318,0.983686724191039,"k=20, ridge 0.1",k20_ridge0p1,1.0
421,210,0.5,axis_edge_orthogonal,0.9583735033880304,True,0.2814344215517974,0.9874592952571546,"k=20, ridge 0.1",k20_ridge0p1,1.0
422,211,1.0,axis_edge_parallel,0.9586710680578896,False,0.2622429544536502,0.9959435266135076,"k=20, ridge 0.1",k20_ridge0p1,0.0
423,211,1.0,axis_edge_orthogonal,0.9590521596417982,False,0.2574211024008183,0.9960300717611452,"k=20, ridge 0.1",k20_ridge0p1,0.0
424,212,2.0,axis_edge_parallel,0.958706341355508,False,0.2354261699291947,0.9840942826002874,"k=20, ridge 0.1",k20_ridge0p1,0.0
425,212,2.0,axis_edge_orthogonal,0.9602439229397104,False,0.2354061944353713,0.978522566038144,"k=20, ridge 0.1",k20_ridge0p1,0.0
426,213,0.5,axis_edge_parallel,0.9342700511043436,True,0.5427413172503053,0.6249351106414961,"k=20, ridge 0.1",k20_ridge0p1,1.0
427,213,0.5,axis_edge_orthogonal,0.8344699346701553,False,0.388051827541874,0.648618273364159,"k=20, ridge 0.1",k20_ridge0p1,0.0
428,214,1.0,axis_edge_parallel,0.9235878189578132,True,0.5546102954678535,0.6012308579948552,"k=20, ridge 0.1",k20_ridge0p1,1.0
429,214,1.0,axis_edge_orthogonal,0.8785636933688261,True,0.5129794621186011,0.5840387446444221,"k=20, ridge 0.1",k20_ridge0p1,1.0
430,215,2.0,axis_edge_parallel,0.93687052233283,True,0.5873230608892283,0.5735855054124863,"k=20, ridge 0.1",k20_ridge0p1,1.0
431,215,2.0,axis_edge_orthogonal,0.8661405177470044,True,0.4431047055904612,0.6526521861851149,"k=20, ridge 0.1",k20_ridge0p1,1.0
432,216,0.5,axis_edge_parallel,0.8637903352835399,False,0.2531104962194178,0.9995804327232704,"k=20, ridge 0.1",k20_ridge0p1,0.0
433,216,0.5,axis_edge_orthogonal,0.8321255062420991,False,0.1782410472825964,0.963060641432918,"k=20, ridge 0.1",k20_ridge0p1,0.0
434,217,1.0,axis_edge_parallel,0.8492123827623443,False,0.2134653013235581,0.9895990904388754,"k=20, ridge 0.1",k20_ridge0p1,0.0
435,217,1.0,axis_edge_orthogonal,0.816149183529495,False,0.1356258839836608,0.9341513487637592,"k=20, ridge 0.1",k20_ridge0p1,0.0
436,218,2.0,axis_edge_parallel,0.8680611592425237,False,0.2599170827303663,0.9806227037330928,"k=20, ridge 0.1",k20_ridge0p1,0.0
437,218,2.0,axis_edge_orthogonal,0.8436510920332572,False,0.2023123163933878,0.9875818115267748,"k=20, ridge 0.1",k20_ridge0p1,0.0
438,219,0.5,axis_edge_parallel,0.9994459414892984,True,0.9558030020770164,0.2734253815959264,"k=20, ridge 0.1",k20_ridge0p1,1.0
439,219,0.5,axis_edge_orthogonal,0.9995358039725286,True,0.9606909811752944,0.2705901357111465,"k=20, ridge 0.1",k20_ridge0p1,1.0
440,220,1.0,axis_edge_parallel,0.9986282799624456,True,0.9335571877260592,0.2858737569284061,"k=20, ridge 0.1",k20_ridge0p1,1.0
441,220,1.0,axis_edge_orthogonal,0.999493770622867,True,0.959911657283599,0.2709576948588681,"k=20, ridge 0.1",k20_ridge0p1,1.0
442,221,2.0,axis_edge_parallel,0.9994494641093244,True,0.9593022882618784,0.2712309767097788,"k=20, ridge 0.1",k20_ridge0p1,1.0
443,221,2.0,axis_edge_orthogonal,0.9998999996459096,True,0.9827403402786762,0.2587827786037309,"k=20, ridge 0.1",k20_ridge0p1,1.0
444,222,0.5,axis_edge_parallel,0.8956292871931876,True,0.5039498719144285,0.7263666699072505,"k=20, ridge 0.1",k20_ridge0p1,1.0
445,222,0.5,axis_edge_orthogonal,0.8975728430952041,True,0.5073913035018717,0.7224127981828609,"k=20, ridge 0.1",k20_ridge0p1,1.0
446,223,1.0,axis_edge_parallel,0.8554279608715045,True,0.403969594738675,0.8725196263758962,"k=20, ridge 0.1",k20_ridge0p1,1.0
447,223,1.0,axis_edge_orthogonal,0.8604127746508061,True,0.4129313209219834,0.8624578277516595,"k=20, ridge 0.1",k20_ridge0p1,1.0
448,224,2.0,axis_edge_parallel,0.8818718924978179,True,0.4341122337141821,0.8467263822473354,"k=20, ridge 0.1",k20_ridge0p1,1.0
449,224,2.0,axis_edge_orthogonal,0.8346673986016678,True,0.3559331855913839,0.9327014421533965,"k=20, ridge 0.1",k20_ridge0p1,1.0
450,225,0.5,axis_edge_parallel,0.9961204559162145,True,0.3092080378189817,0.8601271940615978,"k=20, ridge 0.1",k20_ridge0p1,1.0
451,225,0.5,axis_edge_orthogonal,0.9943871378624922,True,0.3037838793732798,0.8805923064424339,"k=20, ridge 0.1",k20_ridge0p1,1.0
452,226,1.0,axis_edge_parallel,0.9866673458329868,False,0.2860214478440098,0.9376966696486956,"k=20, ridge 0.1",k20_ridge0p1,0.0
453,226,1.0,axis_edge_orthogonal,0.9853119568471638,False,0.2840881509229155,0.944551305890978,"k=20, ridge 0.1",k20_ridge0p1,0.0
454,227,2.0,axis_edge_parallel,0.9669015017988452,True,0.2628064781558787,0.9936338515037496,"k=20, ridge 0.1",k20_ridge0p1,1.0
455,227,2.0,axis_edge_orthogonal,0.9665105591954448,True,0.2635488014085438,0.9939740808467212,"k=20, ridge 0.1",k20_ridge0p1,1.0
456,228,0.5,axis_edge_parallel,0.9951558021800048,True,0.3066468102701208,0.8720930654763451,"k=20, ridge 0.1",k20_ridge0p1,1.0
457,228,0.5,axis_edge_orthogonal,0.9920615294645748,True,0.2988506382456823,0.9021419518137126,"k=20, ridge 0.1",k20_ridge0p1,1.0
458,229,1.0,axis_edge_parallel,0.9833731244367362,False,0.281725557662691,0.9532765280977168,"k=20, ridge 0.1",k20_ridge0p1,0.0
459,229,1.0,axis_edge_orthogonal,0.983629969087508,False,0.2768152904536283,0.9515080158875836,"k=20, ridge 0.1",k20_ridge0p1,0.0
460,230,2.0,axis_edge_parallel,0.9325602548036964,False,0.2329724310632709,0.9838451671800856,"k=20, ridge 0.1",k20_ridge0p1,0.0
461,230,2.0,axis_edge_orthogonal,0.9314125413093648,False,0.2259072252251719,0.9818702504925118,"k=20, ridge 0.1",k20_ridge0p1,0.0
462,231,0.5,axis_edge_parallel,0.9911931944662156,True,0.3063413924176001,0.9065338975417124,"k=20, ridge 0.1",k20_ridge0p1,1.0
463,231,0.5,axis_edge_orthogonal,0.992363592732525,True,0.3084064999060081,0.8970051787022527,"k=20, ridge 0.1",k20_ridge0p1,1.0
464,232,1.0,axis_edge_parallel,0.9818846617801484,True,0.2844345378010787,0.9580241129905596,"k=20, ridge 0.1",k20_ridge0p1,1.0
465,232,1.0,axis_edge_orthogonal,0.973262714826971,True,0.2726226465572278,0.9829725278365086,"k=20, ridge 0.1",k20_ridge0p1,1.0
466,233,2.0,axis_edge_parallel,0.9432427632287445,False,0.2351425713366589,0.9951898283438804,"k=20, ridge 0.1",k20_ridge0p1,0.0
467,233,2.0,axis_edge_orthogonal,0.9331284680186812,False,0.2269365009913271,0.9848910612588516,"k=20, ridge 0.1",k20_ridge0p1,0.0
468,234,0.5,axis_edge_parallel,0.9593252617820835,True,0.734817948621288,0.4376332336815878,"k=20, ridge 0.1",k20_ridge0p1,1.0
469,234,0.5,axis_edge_orthogonal,0.9509372186325854,True,0.7080736622726848,0.4631480555349189,"k=20, ridge 0.1",k20_ridge0p1,1.0
470,235,1.0,axis_edge_parallel,0.9634840258060022,True,0.7521936293051533,0.4211245327577416,"k=20, ridge 0.1",k20_ridge0p1,1.0
471,235,1.0,axis_edge_orthogonal,0.9616459628156834,True,0.7448983486861321,0.4277911645813935,"k=20, ridge 0.1",k20_ridge0p1,1.0
472,236,2.0,axis_edge_parallel,0.9112406310167226,True,0.6124875448886752,0.561853473645031,"k=20, ridge 0.1",k20_ridge0p1,1.0
473,236,2.0,axis_edge_orthogonal,0.9802826162957402,True,0.8193593391122312,0.3639882050532069,"k=20, ridge 0.1",k20_ridge0p1,1.0
474,237,0.5,axis_edge_parallel,0.8658730595548692,True,0.3071696808262342,0.9701018405881102,"k=20, ridge 0.1",k20_ridge0p1,1.0
475,237,0.5,axis_edge_orthogonal,0.8655547533695477,True,0.3063837504318337,0.970486086303473,"k=20, ridge 0.1",k20_ridge0p1,1.0
476,238,1.0,axis_edge_parallel,0.8642380624433758,True,0.299830466230971,0.9817967373939503,"k=20, ridge 0.1",k20_ridge0p1,1.0
477,238,1.0,axis_edge_orthogonal,0.8621271605341856,True,0.2941067631371547,0.9852763608262438,"k=20, ridge 0.1",k20_ridge0p1,1.0
478,239,2.0,axis_edge_parallel,0.8719365015858865,True,0.3171286626093368,0.9758437859583364,"k=20, ridge 0.1",k20_ridge0p1,1.0
479,239,2.0,axis_edge_orthogonal,0.8588263697358267,True,0.2845462343278604,0.9916707784429998,"k=20, ridge 0.1",k20_ridge0p1,1.0
480,240,0.5,axis_edge_parallel,0.8288140447000673,True,0.2887585010161506,0.986934346682896,"k=20, ridge 0.1",k20_ridge0p1,1.0
481,240,0.5,axis_edge_orthogonal,0.7546108360445054,False,0.1484908941463576,0.9009227125475098,"k=20, ridge 0.1",k20_ridge0p1,0.0
482,241,1.0,axis_edge_parallel,0.801904633046479,False,0.2067660591194552,0.986360538026666,"k=20, ridge 0.1",k20_ridge0p1,0.0
483,241,1.0,axis_edge_orthogonal,0.6979054095011527,False,0.0680053650100429,0.7354083002386347,"k=20, ridge 0.1",k20_ridge0p1,0.0
484,242,2.0,axis_edge_parallel,0.7756768543795126,False,0.200994758563077,0.9294139049414653,"k=20, ridge 0.1",k20_ridge0p1,0.0
485,242,2.0,axis_edge_orthogonal,0.7191476864166385,False,0.0684231185799853,0.81074734433327,"k=20, ridge 0.1",k20_ridge0p1,0.0
486,243,0.5,axis_edge_parallel,0.9421311975586216,False,0.2781290119259123,0.985012488265376,"k=20, ridge 0.1",k20_ridge0p1,0.0
487,243,0.5,axis_edge_orthogonal,0.9432400242972544,False,0.2821930491776886,0.983285860439886,"k=20, ridge 0.1",k20_ridge0p1,0.0
488,244,1.0,axis_edge_parallel,0.9313853368251124,True,0.2630319821966011,0.9973698469136006,"k=20, ridge 0.1",k20_ridge0p1,1.0
489,244,1.0,axis_edge_orthogonal,0.9333791896614518,False,0.2583286371099849,0.995727712239874,"k=20, ridge 0.1",k20_ridge0p1,0.0
490,245,2.0,axis_edge_parallel,0.9282512954956366,False,0.2529875455642069,0.9952641799857534,"k=20, ridge 0.1",k20_ridge0p1,0.0
491,245,2.0,axis_edge_orthogonal,0.945539284009894,True,0.301979078816368,0.9760861495366993,"k=20, ridge 0.1",k20_ridge0p1,1.0
492,246,0.5,axis_edge_parallel,0.9429797370692116,True,0.2926157382868306,0.9759108409414784,"k=20, ridge 0.1",k20_ridge0p1,1.0
493,246,0.5,axis_edge_orthogonal,0.9414072700632864,True,0.2907086608327333,0.9793163668230256,"k=20, ridge 0.1",k20_ridge0p1,1.0
494,247,1.0,axis_edge_parallel,0.9337412714747132,True,0.2901211106007392,0.98930991306777,"k=20, ridge 0.1",k20_ridge0p1,1.0
495,247,1.0,axis_edge_orthogonal,0.9431330423889268,True,0.3017811652913901,0.931274064402998,"k=20, ridge 0.1",k20_ridge0p1,1.0
496,248,2.0,axis_edge_parallel,0.9126759127781932,False,0.229900612640764,0.99592963156888,"k=20, ridge 0.1",k20_ridge0p1,0.0
497,248,2.0,axis_edge_orthogonal,0.9460555627519668,True,0.3065187426129412,0.9674879066612492,"k=20, ridge 0.1",k20_ridge0p1,1.0
498,249,0.5,axis_edge_parallel,0.8953370543918906,True,0.383688433524503,0.7601938216503054,"k=20, ridge 0.1",k20_ridge0p1,1.0
499,249,0.5,axis_edge_orthogonal,0.8956812141114822,True,0.3845334767301274,0.760144385842555,"k=20, ridge 0.1",k20_ridge0p1,1.0
500,250,1.0,axis_edge_parallel,0.8918515465416134,True,0.3718902478186196,0.7692529468037944,"k=20, ridge 0.1",k20_ridge0p1,1.0
501,250,1.0,axis_edge_orthogonal,0.8907108826129858,True,0.3685048308555656,0.7781820091455478,"k=20, ridge 0.1",k20_ridge0p1,1.0
502,251,2.0,axis_edge_parallel,0.8823746274329338,False,0.3614873286910518,0.6988541639058906,"k=20, ridge 0.1",k20_ridge0p1,0.0
503,251,2.0,axis_edge_orthogonal,0.8837843122132595,False,0.3606752691212477,0.7216976047528408,"k=20, ridge 0.1",k20_ridge0p1,0.0
504,252,0.5,axis_edge_parallel,0.9220913346688624,True,0.3053209728269101,0.976334027710462,"k=20, ridge 0.1",k20_ridge0p1,1.0
505,252,0.5,axis_edge_orthogonal,0.9245355441627772,True,0.3158403765477065,0.9689802736903412,"k=20, ridge 0.1",k20_ridge0p1,1.0
506,253,1.0,axis_edge_parallel,0.9181406163696962,False,0.2903196382832807,0.9718909751081888,"k=20, ridge 0.1",k20_ridge0p1,0.0
507,253,1.0,axis_edge_orthogonal,0.9212416139797198,True,0.3017666081412676,0.9705166670678712,"k=20, ridge 0.1",k20_ridge0p1,1.0
508,254,2.0,axis_edge_parallel,0.9112343706360584,False,0.2576315474147703,0.9685535160983254,"k=20, ridge 0.1",k20_ridge0p1,0.0
509,254,2.0,axis_edge_orthogonal,0.9099899507152268,False,0.2522926086262552,0.9778732563226258,"k=20, ridge 0.1",k20_ridge0p1,0.0
510,255,0.5,axis_edge_parallel,0.8940602571921072,True,0.2838505415900865,0.992382610213706,"k=20, ridge 0.1",k20_ridge0p1,1.0
511,255,0.5,axis_edge_orthogonal,0.8943730573369465,True,0.2849218065868202,0.9917229489598742,"k=20, ridge 0.1",k20_ridge0p1,1.0
512,256,1.0,axis_edge_parallel,0.8909342043028986,True,0.272252396893643,0.9966621557234746,"k=20, ridge 0.1",k20_ridge0p1,1.0
513,256,1.0,axis_edge_orthogonal,0.8903574150625012,True,0.2701489992704984,0.9968266865202002,"k=20, ridge 0.1",k20_ridge0p1,1.0
514,257,2.0,axis_edge_parallel,0.8800487037765078,False,0.2457476295230592,0.9889331141116332,"k=20, ridge 0.1",k20_ridge0p1,0.0
515,257,2.0,axis_edge_orthogonal,0.8912750907037301,False,0.2786594696995145,0.97087427256443,"k=20, ridge 0.1",k20_ridge0p1,0.0
516,258,0.5,axis_edge_parallel,0.6990443289701435,False,0.0926194023278309,0.5200359437693294,"k=20, ridge 0.1",k20_ridge0p1,0.0
517,258,0.5,axis_edge_orthogonal,0.8186752913288255,False,0.2014669489545385,0.933989576658728,"k=20, ridge 0.1",k20_ridge0p1,0.0
518,259,1.0,axis_edge_parallel,0.8290900855447378,False,0.2019068788884112,0.9720569944758268,"k=20, ridge 0.1",k20_ridge0p1,0.0
519,259,1.0,axis_edge_orthogonal,0.8414300429585571,False,0.2271826263486178,0.982718304726064,"k=20, ridge 0.1",k20_ridge0p1,0.0
520,260,2.0,axis_edge_parallel,0.8216370859102486,False,0.1965499451876311,0.929140342681842,"k=20, ridge 0.1",k20_ridge0p1,0.0
521,260,2.0,axis_edge_orthogonal,0.8421784894098365,False,0.2398750471678633,0.9722201841183002,"k=20, ridge 0.1",k20_ridge0p1,0.0
522,261,0.5,axis_edge_parallel,0.9865132777196842,True,0.2544367228816311,0.9996851236669344,"k=20, ridge 0.1",k20_ridge0p1,1.0
523,261,0.5,axis_edge_orthogonal,0.987861494314826,True,0.2667866775693027,0.9954984927836747,"k=20, ridge 0.1",k20_ridge0p1,1.0
524,262,1.0,axis_edge_parallel,0.9873043210841108,True,0.2625284164084299,0.9955602443024436,"k=20, ridge 0.1",k20_ridge0p1,1.0
525,262,1.0,axis_edge_orthogonal,0.98698671083083,True,0.258603752248617,0.998807920984305,"k=20, ridge 0.1",k20_ridge0p1,1.0
526,263,2.0,axis_edge_parallel,0.9881186161994142,True,0.2711636541560888,0.9849556310898544,"k=20, ridge 0.1",k20_ridge0p1,1.0
527,263,2.0,axis_edge_orthogonal,0.9865667200381304,True,0.2550596798007682,0.9995413739663208,"k=20, ridge 0.1",k20_ridge0p1,1.0
528,264,0.5,axis_edge_parallel,0.98727204022213,True,0.2609429501152643,0.9978670372372428,"k=20, ridge 0.1",k20_ridge0p1,1.0
529,264,0.5,axis_edge_orthogonal,0.9874023525106872,True,0.2620543537057908,0.997328753464508,"k=20, ridge 0.1",k20_ridge0p1,1.0
530,265,1.0,axis_edge_parallel,0.9867436363888528,True,0.2563365816860629,0.9993106257260256,"k=20, ridge 0.1",k20_ridge0p1,1.0
531,265,1.0,axis_edge_orthogonal,0.9877275928903252,True,0.2649970904994116,0.9959380619234,"k=20, ridge 0.1",k20_ridge0p1,1.0
532,266,2.0,axis_edge_parallel,0.9874947058592164,True,0.2631140559560621,0.9971782674975088,"k=20, ridge 0.1",k20_ridge0p1,1.0
533,266,2.0,axis_edge_orthogonal,0.98675656389835,False,0.2551912546541857,0.99493858870576,"k=20, ridge 0.1",k20_ridge0p1,0.0
534,267,0.5,axis_edge_parallel,0.9971227024348248,False,0.2533693116323245,0.9989968853632344,"k=20, ridge 0.1",k20_ridge0p1,0.0
535,267,0.5,axis_edge_orthogonal,0.9972431173805908,False,0.2562222326581766,0.9955920527605768,"k=20, ridge 0.1",k20_ridge0p1,0.0
536,268,1.0,axis_edge_parallel,0.9964559773001797,False,0.2072763631731427,0.985265638381728,"k=20, ridge 0.1",k20_ridge0p1,0.0
537,268,1.0,axis_edge_orthogonal,0.9973327689710384,False,0.2351152716697844,0.9842485054460794,"k=20, ridge 0.1",k20_ridge0p1,0.0
538,269,2.0,axis_edge_parallel,0.9968861563448695,False,0.1956514562329269,0.975974086529509,"k=20, ridge 0.1",k20_ridge0p1,0.0
539,269,2.0,axis_edge_orthogonal,0.9973416366143832,False,0.2438630834006538,0.9924143067528748,"k=20, ridge 0.1",k20_ridge0p1,0.0
540,270,0.5,axis_edge_parallel,0.9924435079069324,True,0.2662623510651007,0.9975093330009176,"k=20, ridge 0.1",k20_ridge0p1,1.0
541,270,0.5,axis_edge_orthogonal,0.9919229667566328,False,0.2474291605788792,0.9991352176848568,"k=20, ridge 0.1",k20_ridge0p1,0.0
542,271,1.0,axis_edge_parallel,0.9924625060390216,True,0.2861618819816264,0.9850262479819066,"k=20, ridge 0.1",k20_ridge0p1,1.0
543,271,1.0,axis_edge_orthogonal,0.9919070585281592,False,0.2247354478363479,0.9960923466619928,"k=20, ridge 0.1",k20_ridge0p1,0.0
544,272,2.0,axis_edge_parallel,0.9927758914827264,True,0.2758301316387759,0.9963116579523916,"k=20, ridge 0.1",k20_ridge0p1,1.0
545,272,2.0,axis_edge_orthogonal,0.99361266593888,True,0.2815542683794077,0.9912465182165304,"k=20, ridge 0.1",k20_ridge0p1,1.0
546,273,0.5,axis_edge_parallel,0.9887337383052486,True,0.2558675977171812,0.999494408004174,"k=20, ridge 0.1",k20_ridge0p1,1.0
547,273,0.5,axis_edge_orthogonal,0.9886851390809802,True,0.2549014836277148,0.9995131933859872,"k=20, ridge 0.1",k20_ridge0p1,1.0
548,274,1.0,axis_edge_parallel,0.9884114257674202,False,0.2362575793829257,0.998842902508116,"k=20, ridge 0.1",k20_ridge0p1,0.0
549,274,1.0,axis_edge_orthogonal,0.9883555540378602,False,0.243618996129263,0.9996486229852724,"k=20, ridge 0.1",k20_ridge0p1,0.0
550,275,2.0,axis_edge_parallel,0.9882559751099664,False,0.2316860327045482,0.9920691898790428,"k=20, ridge 0.1",k20_ridge0p1,0.0
551,275,2.0,axis_edge_orthogonal,0.9883371171409836,False,0.2191095177746995,0.9900812329007532,"k=20, ridge 0.1",k20_ridge0p1,0.0
552,276,0.5,axis_edge_parallel,0.9645137180702216,True,0.6191190380331147,0.5486800462181135,"k=20, ridge 0.1",k20_ridge0p1,1.0
553,276,0.5,axis_edge_orthogonal,0.950172108317493,True,0.5611565190191987,0.5992510366967869,"k=20, ridge 0.1",k20_ridge0p1,1.0
554,277,1.0,axis_edge_parallel,0.9738970285627274,True,0.671154775483603,0.4912863495365145,"k=20, ridge 0.1",k20_ridge0p1,1.0
555,277,1.0,axis_edge_orthogonal,0.97497964599472,True,0.6700884442458065,0.5010327252987931,"k=20, ridge 0.1",k20_ridge0p1,1.0
556,278,2.0,axis_edge_parallel,0.9954194973977356,True,0.8505919157218651,0.3401651527545504,"k=20, ridge 0.1",k20_ridge0p1,1.0
557,278,2.0,axis_edge_orthogonal,0.9842024894860504,True,0.7526668045991244,0.4091295544173443,"k=20, ridge 0.1",k20_ridge0p1,1.0
558,279,0.5,axis_edge_parallel,0.982316907873362,True,0.7240664897164842,0.4309550771623963,"k=20, ridge 0.1",k20_ridge0p1,1.0
559,279,0.5,axis_edge_orthogonal,0.9837794445868236,True,0.7322903399213451,0.4256044974549686,"k=20, ridge 0.1",k20_ridge0p1,1.0
560,280,1.0,axis_edge_parallel,0.977059287530462,True,0.6672525885945798,0.4956050205024611,"k=20, ridge 0.1",k20_ridge0p1,1.0
561,280,1.0,axis_edge_orthogonal,0.9778301337213609,True,0.6750803725852277,0.4854385906488024,"k=20, ridge 0.1",k20_ridge0p1,1.0
562,281,2.0,axis_edge_parallel,0.9403739076853074,True,0.538692790725539,0.5381476705800489,"k=20, ridge 0.1",k20_ridge0p1,1.0
563,281,2.0,axis_edge_orthogonal,0.9845460616456552,True,0.7205663910545621,0.4416448619376293,"k=20, ridge 0.1",k20_ridge0p1,1.0
564,282,0.5,axis_edge_parallel,0.989123272864069,True,0.823601932306953,0.3629167807293351,"k=20, ridge 0.1",k20_ridge0p1,1.0
565,282,0.5,axis_edge_orthogonal,0.991079590668256,True,0.8452129008835211,0.3457238245765568,"k=20, ridge 0.1",k20_ridge0p1,1.0
566,283,1.0,axis_edge_parallel,0.9865385444475236,True,0.8038369778176889,0.3788215228522266,"k=20, ridge 0.1",k20_ridge0p1,1.0
567,283,1.0,axis_edge_orthogonal,0.994333540713693,True,0.8802250990287688,0.3203513514224296,"k=20, ridge 0.1",k20_ridge0p1,1.0
568,284,2.0,axis_edge_parallel,0.9841423952532696,True,0.785331659319849,0.3942716842986652,"k=20, ridge 0.1",k20_ridge0p1,1.0
569,284,2.0,axis_edge_orthogonal,0.9937016036030576,True,0.8942925149016822,0.3097160673964202,"k=20, ridge 0.1",k20_ridge0p1,1.0
570,285,0.5,axis_edge_parallel,0.9090427823419271,True,0.4551567984732642,0.7784895828767654,"k=20, ridge 0.1",k20_ridge0p1,1.0
571,285,0.5,axis_edge_orthogonal,0.901992008341903,True,0.4402124550523937,0.799365847412143,"k=20, ridge 0.1",k20_ridge0p1,1.0
572,286,1.0,axis_edge_parallel,0.9270041207641132,True,0.5158020829274585,0.6726914578569572,"k=20, ridge 0.1",k20_ridge0p1,1.0
573,286,1.0,axis_edge_orthogonal,0.908909975334819,True,0.4779162046190552,0.6923901022284388,"k=20, ridge 0.1",k20_ridge0p1,1.0
574,287,2.0,axis_edge_parallel,0.941438577336256,True,0.5693695414203702,0.604028977646802,"k=20, ridge 0.1",k20_ridge0p1,1.0
575,287,2.0,axis_edge_orthogonal,0.9061246746147716,True,0.4580528341207838,0.7087577010912639,"k=20, ridge 0.1",k20_ridge0p1,1.0
576,288,0.5,axis_edge_parallel,0.8717730314111205,False,0.3734760329008022,0.7743188809146443,"k=20, ridge 0.1",k20_ridge0p1,0.0
577,288,0.5,axis_edge_orthogonal,0.852012812458371,False,0.3217320005848406,0.7786767848867453,"k=20, ridge 0.1",k20_ridge0p1,0.0
578,289,1.0,axis_edge_parallel,0.8686975474501454,False,0.3796942363419565,0.7210400574658749,"k=20, ridge 0.1",k20_ridge0p1,0.0
579,289,1.0,axis_edge_orthogonal,0.853693004059838,False,0.3381979289217137,0.7345817175355467,"k=20, ridge 0.1",k20_ridge0p1,0.0
580,290,2.0,axis_edge_parallel,0.8492721548604075,False,0.3236164030887978,0.7825870439835604,"k=20, ridge 0.1",k20_ridge0p1,0.0
581,290,2.0,axis_edge_orthogonal,0.8436311010296652,False,0.2985344475820601,0.8202649671650885,"k=20, ridge 0.1",k20_ridge0p1,0.0
582,291,0.5,axis_edge_parallel,0.89962038881837,True,0.3280467574598455,0.9671489517805788,"k=20, ridge 0.1",k20_ridge0p1,1.0
583,291,0.5,axis_edge_orthogonal,0.8992632508856948,True,0.3273052327792542,0.96755717172613,"k=20, ridge 0.1",k20_ridge0p1,1.0
584,292,1.0,axis_edge_parallel,0.8880704126667995,True,0.3027376085455794,0.984270136853128,"k=20, ridge 0.1",k20_ridge0p1,1.0
585,292,1.0,axis_edge_orthogonal,0.8867803484476953,True,0.3070058990504882,0.9808625220690956,"k=20, ridge 0.1",k20_ridge0p1,1.0
586,293,2.0,axis_edge_parallel,0.8736176067387061,False,0.2711838445798192,0.9864505126910504,"k=20, ridge 0.1",k20_ridge0p1,0.0
587,293,2.0,axis_edge_orthogonal,0.8859632942563305,True,0.2995907042523593,0.9809110108399816,"k=20, ridge 0.1",k20_ridge0p1,1.0
588,294,0.5,axis_edge_parallel,0.8681391145243741,True,0.3932453017268568,0.786615135592687,"k=20, ridge 0.1",k20_ridge0p1,1.0
589,294,0.5,axis_edge_orthogonal,0.9033393265406554,True,0.4691341677356694,0.75087373451421,"k=20, ridge 0.1",k20_ridge0p1,1.0
590,295,1.0,axis_edge_parallel,0.8675686990202613,True,0.3901652487779248,0.8043091861325312,"k=20, ridge 0.1",k20_ridge0p1,1.0
591,295,1.0,axis_edge_orthogonal,0.8857469126406414,True,0.4376413323273207,0.7433389901273932,"k=20, ridge 0.1",k20_ridge0p1,1.0
592,296,2.0,axis_edge_parallel,0.836827745856193,False,0.3354726504258642,0.7901389092994584,"k=20, ridge 0.1",k20_ridge0p1,0.0
593,296,2.0,axis_edge_orthogonal,0.8481853798938084,False,0.3725254305841736,0.7462760251985677,"k=20, ridge 0.1",k20_ridge0p1,0.0
594,297,0.5,axis_edge_parallel,0.8289936335246025,False,0.2486335091668168,0.859345189165013,"k=20, ridge 0.1",k20_ridge0p1,0.0
595,297,0.5,axis_edge_orthogonal,0.8552673359964352,False,0.2934249600192936,0.9220383725720048,"k=20, ridge 0.1",k20_ridge0p1,0.0
596,298,1.0,axis_edge_parallel,0.8058868558209163,False,0.2245622996218497,0.7928753840368092,"k=20, ridge 0.1",k20_ridge0p1,0.0
597,298,1.0,axis_edge_orthogonal,0.8501941955708049,False,0.2928027609219214,0.8632814581721003,"k=20, ridge 0.1",k20_ridge0p1,0.0
598,299,2.0,axis_edge_parallel,0.7916250432255654,False,0.1845998195720961,0.7672936416922683,"k=20, ridge 0.1",k20_ridge0p1,0.0
599,299,2.0,axis_edge_orthogonal,0.8372390723658993,False,0.281276538244811,0.8192440469356721,"k=20, ridge 0.1",k20_ridge0p1,0.0
600,300,0.5,axis_edge_parallel,0.9593473806074492,True,0.5799163938573709,0.6045798806094523,"k=20, ridge 0.1",k20_ridge0p1,1.0
601,300,0.5,axis_edge_orthogonal,0.963178707864141,True,0.5903065265004366,0.5987607366299447,"k=20, ridge 0.1",k20_ridge0p1,1.0
602,301,1.0,axis_edge_parallel,0.9684382734708692,True,0.6222831913266417,0.5520614679004665,"k=20, ridge 0.1",k20_ridge0p1,1.0
603,301,1.0,axis_edge_orthogonal,0.9729678873299116,True,0.6456823078513115,0.524482468581482,"k=20, ridge 0.1",k20_ridge0p1,1.0
604,302,2.0,axis_edge_parallel,0.9812493708779216,True,0.7024508571259785,0.4524449800395507,"k=20, ridge 0.1",k20_ridge0p1,1.0
605,302,2.0,axis_edge_orthogonal,0.9959779210102404,True,0.8523253843950771,0.3363963102116479,"k=20, ridge 0.1",k20_ridge0p1,1.0
606,303,0.5,axis_edge_parallel,0.9592966713060084,True,0.3370175533554346,0.7947222065635855,"k=20, ridge 0.1",k20_ridge0p1,1.0
607,303,0.5,axis_edge_orthogonal,0.9592134330903288,True,0.3367211964659358,0.7956417611087034,"k=20, ridge 0.1",k20_ridge0p1,1.0
608,304,1.0,axis_edge_parallel,0.9572382095061248,True,0.3337639684361183,0.7947602532507527,"k=20, ridge 0.1",k20_ridge0p1,1.0
609,304,1.0,axis_edge_orthogonal,0.9545433835359016,True,0.3294240920618589,0.795424530723634,"k=20, ridge 0.1",k20_ridge0p1,1.0
610,305,2.0,axis_edge_parallel,0.9453407070488492,False,0.3192315748411585,0.7715873511950998,"k=20, ridge 0.1",k20_ridge0p1,0.0
611,305,2.0,axis_edge_orthogonal,0.9305454412893508,False,0.2997657060684817,0.7545811255204647,"k=20, ridge 0.1",k20_ridge0p1,0.0
612,306,0.5,axis_edge_parallel,0.958024101665426,True,0.3313736028559905,0.8153335064462286,"k=20, ridge 0.1",k20_ridge0p1,1.0
613,306,0.5,axis_edge_orthogonal,0.9577384655557548,True,0.3312126502928179,0.8137208103617645,"k=20, ridge 0.1",k20_ridge0p1,1.0
614,307,1.0,axis_edge_parallel,0.9578030023168036,True,0.3353214066496059,0.7910018150860564,"k=20, ridge 0.1",k20_ridge0p1,1.0
615,307,1.0,axis_edge_orthogonal,0.9561425085691934,True,0.3311588562993642,0.7998053357188057,"k=20, ridge 0.1",k20_ridge0p1,1.0
616,308,2.0,axis_edge_parallel,0.9550885989269288,True,0.3318530604520793,0.7864134370771801,"k=20, ridge 0.1",k20_ridge0p1,1.0
617,308,2.0,axis_edge_orthogonal,0.9144301041295846,False,0.2779038529661437,0.7468256510166275,"k=20, ridge 0.1",k20_ridge0p1,0.0
618,309,0.5,axis_edge_parallel,0.8898605173659462,True,0.3496501065667156,0.9487014326428584,"k=20, ridge 0.1",k20_ridge0p1,1.0
619,309,0.5,axis_edge_orthogonal,0.891270849395991,True,0.3515886719884608,0.947579255452208,"k=20, ridge 0.1",k20_ridge0p1,1.0
620,310,1.0,axis_edge_parallel,0.8801529239525181,True,0.3309185176282515,0.9574839035977638,"k=20, ridge 0.1",k20_ridge0p1,1.0
621,310,1.0,axis_edge_orthogonal,0.8788998931092464,True,0.3269899671632898,0.963895202885835,"k=20, ridge 0.1",k20_ridge0p1,1.0
622,311,2.0,axis_edge_parallel,0.9121848471088474,True,0.4051078904487984,0.8671999677424292,"k=20, ridge 0.1",k20_ridge0p1,1.0
623,311,2.0,axis_edge_orthogonal,0.8915529121687527,True,0.3585307002156366,0.9290867063382384,"k=20, ridge 0.1",k20_ridge0p1,1.0
624,312,0.5,axis_edge_parallel,0.8683539954420698,True,0.362370053941502,0.8970695986374624,"k=20, ridge 0.1",k20_ridge0p1,1.0
625,312,0.5,axis_edge_orthogonal,0.870812559816527,True,0.3675739452405672,0.8925989374191914,"k=20, ridge 0.1",k20_ridge0p1,1.0
626,313,1.0,axis_edge_parallel,0.8543363817529863,True,0.3277770268141033,0.9512833772927202,"k=20, ridge 0.1",k20_ridge0p1,1.0
627,313,1.0,axis_edge_orthogonal,0.8545266062074519,True,0.3299470204960563,0.9490479445714682,"k=20, ridge 0.1",k20_ridge0p1,1.0
628,314,2.0,axis_edge_parallel,0.8350148917647775,True,0.2840434948511889,0.982357856125781,"k=20, ridge 0.1",k20_ridge0p1,1.0
629,314,2.0,axis_edge_orthogonal,0.8502653590321964,True,0.3151962224306815,0.9687038734095552,"k=20, ridge 0.1",k20_ridge0p1,1.0
630,315,0.5,axis_edge_parallel,0.964717306415107,True,0.3177929314796329,0.8396504280391085,"k=20, ridge 0.1",k20_ridge0p1,1.0
631,315,0.5,axis_edge_orthogonal,0.9650476742288128,True,0.3188788951901592,0.8385953488798247,"k=20, ridge 0.1",k20_ridge0p1,1.0
632,316,1.0,axis_edge_parallel,0.964286112268438,True,0.3162863776046856,0.8397276414486194,"k=20, ridge 0.1",k20_ridge0p1,1.0
633,316,1.0,axis_edge_orthogonal,0.9639928888211308,True,0.3195943860036218,0.8179687954513037,"k=20, ridge 0.1",k20_ridge0p1,1.0
634,317,2.0,axis_edge_parallel,0.964719922509914,True,0.3216394518914479,0.8190879902927447,"k=20, ridge 0.1",k20_ridge0p1,1.0
635,317,2.0,axis_edge_orthogonal,0.9647290998677616,True,0.3241745274702419,0.8197477575902604,"k=20, ridge 0.1",k20_ridge0p1,1.0
636,318,0.5,axis_edge_parallel,0.8292587551317632,True,0.2793976641691828,0.995084416399199,"k=20, ridge 0.1",k20_ridge0p1,1.0
637,318,0.5,axis_edge_orthogonal,0.808663031100203,False,0.2356481187180263,0.997807907664747,"k=20, ridge 0.1",k20_ridge0p1,0.0
638,319,1.0,axis_edge_parallel,0.8287088777990735,True,0.2753712339859648,0.9956451504154852,"k=20, ridge 0.1",k20_ridge0p1,1.0
639,319,1.0,axis_edge_orthogonal,0.7498269905893054,False,0.1247807820703187,0.9219614248758388,"k=20, ridge 0.1",k20_ridge0p1,0.0
640,320,2.0,axis_edge_parallel,0.8073729788654281,False,0.215988585637874,0.9258470801739788,"k=20, ridge 0.1",k20_ridge0p1,0.0
641,320,2.0,axis_edge_orthogonal,0.7799162492393983,False,0.1742159940691584,0.9516049165291438,"k=20, ridge 0.1",k20_ridge0p1,0.0
642,321,0.5,axis_edge_parallel,0.8038729599428138,False,0.3179339249464907,0.6555337217576267,"k=20, ridge 0.1",k20_ridge0p1,0.0
643,321,0.5,axis_edge_orthogonal,0.7793289664607483,False,0.263774647034017,0.7389108434127671,"k=20, ridge 0.1",k20_ridge0p1,0.0
644,322,1.0,axis_edge_parallel,0.8037888885233576,False,0.3102012742432495,0.6964119703409166,"k=20, ridge 0.1",k20_ridge0p1,0.0
645,322,1.0,axis_edge_orthogonal,0.8207697635232825,False,0.3490732635630006,0.699687087568482,"k=20, ridge 0.1",k20_ridge0p1,0.0
646,323,2.0,axis_edge_parallel,0.8399454836321802,False,0.3639844426317546,0.7248186921848631,"k=20, ridge 0.1",k20_ridge0p1,0.0
647,323,2.0,axis_edge_orthogonal,0.8243335695237919,False,0.3618326897432123,0.6797714967816176,"k=20, ridge 0.1",k20_ridge0p1,0.0
648,324,0.5,axis_edge_parallel,0.8509812541384701,False,0.2271912112924994,0.9967527677966952,"k=20, ridge 0.1",k20_ridge0p1,0.0
649,324,0.5,axis_edge_orthogonal,0.8514498499022257,False,0.2255326912362368,0.9935684034983986,"k=20, ridge 0.1",k20_ridge0p1,0.0
650,325,1.0,axis_edge_parallel,0.8388186230017141,False,0.1991315996808336,0.9856856483523206,"k=20, ridge 0.1",k20_ridge0p1,0.0
651,325,1.0,axis_edge_orthogonal,0.837760425785688,False,0.1918447296372519,0.974683393643592,"k=20, ridge 0.1",k20_ridge0p1,0.0
652,326,2.0,axis_edge_parallel,0.7843278964520367,False,0.1659032703329473,0.7020664006175398,"k=20, ridge 0.1",k20_ridge0p1,0.0
653,326,2.0,axis_edge_orthogonal,0.8355665575107137,False,0.2007261343065324,0.9714890668179152,"k=20, ridge 0.1",k20_ridge0p1,0.0
654,327,0.5,axis_edge_parallel,0.7908130988389644,False,0.199622648241384,0.6076473550336707,"k=20, ridge 0.1",k20_ridge0p1,0.0
655,327,0.5,axis_edge_orthogonal,0.8184972885094101,False,0.3227338178218565,0.488575905056372,"k=20, ridge 0.1",k20_ridge0p1,0.0
656,328,1.0,axis_edge_parallel,0.8141635036264891,False,0.229866557465118,0.6827183812600999,"k=20, ridge 0.1",k20_ridge0p1,0.0
657,328,1.0,axis_edge_orthogonal,0.8784641842973188,False,0.3963053395365965,0.6328862755407524,"k=20, ridge 0.1",k20_ridge0p1,0.0
658,329,2.0,axis_edge_parallel,0.8578361649145889,False,0.335017507432427,0.6717656506606674,"k=20, ridge 0.1",k20_ridge0p1,0.0
659,329,2.0,axis_edge_orthogonal,0.8591503636528586,False,0.3821846090303318,0.5601512423679441,"k=20, ridge 0.1",k20_ridge0p1,0.0
660,330,0.5,axis_edge_parallel,0.9549010034650236,True,0.2762806442232855,0.9961180043593376,"k=20, ridge 0.1",k20_ridge0p1,1.0
661,330,0.5,axis_edge_orthogonal,0.9550455616562876,True,0.2763990043611639,0.9949577999174092,"k=20, ridge 0.1",k20_ridge0p1,1.0
662,331,1.0,axis_edge_parallel,0.9575275488003776,True,0.2819461426800078,0.9907981858170634,"k=20, ridge 0.1",k20_ridge0p1,1.0
663,331,1.0,axis_edge_orthogonal,0.9580246079536722,True,0.2981772444391773,0.9835512283948582,"k=20, ridge 0.1",k20_ridge0p1,1.0
664,332,2.0,axis_edge_parallel,0.965541325212958,True,0.3647105210159018,0.923571274323298,"k=20, ridge 0.1",k20_ridge0p1,1.0
665,332,2.0,axis_edge_orthogonal,0.9598722265485056,True,0.3160145136638131,0.970079642911444,"k=20, ridge 0.1",k20_ridge0p1,1.0
666,333,0.5,axis_edge_parallel,0.7890257646861244,False,0.2571547778626947,0.9284931281301576,"k=20, ridge 0.1",k20_ridge0p1,0.0
667,333,0.5,axis_edge_orthogonal,0.8430473671161475,True,0.3711250463688845,0.8137606742385608,"k=20, ridge 0.1",k20_ridge0p1,1.0
668,334,1.0,axis_edge_parallel,0.8457428117858734,True,0.3798304028528597,0.7795536517916405,"k=20, ridge 0.1",k20_ridge0p1,1.0
669,334,1.0,axis_edge_orthogonal,0.7624762816697588,False,0.19984245214942,0.9436805870951724,"k=20, ridge 0.1",k20_ridge0p1,0.0
670,335,2.0,axis_edge_parallel,0.7960565186361795,False,0.2719652498151779,0.9080812066942678,"k=20, ridge 0.1",k20_ridge0p1,0.0
671,335,2.0,axis_edge_orthogonal,0.8418717608277838,True,0.3247059524442778,0.9634495128925704,"k=20, ridge 0.1",k20_ridge0p1,1.0
672,336,0.5,axis_edge_parallel,0.91906116310584,True,0.3913887085889384,0.8741572015932199,"k=20, ridge 0.1",k20_ridge0p1,1.0
673,336,0.5,axis_edge_orthogonal,0.921542805536634,True,0.3969896873224148,0.8627083938157064,"k=20, ridge 0.1",k20_ridge0p1,1.0
674,337,1.0,axis_edge_parallel,0.9054828642117204,True,0.3492671831539799,0.9245873689907896,"k=20, ridge 0.1",k20_ridge0p1,1.0
675,337,1.0,axis_edge_orthogonal,0.9340162778143952,True,0.4447806261103435,0.8144455914356311,"k=20, ridge 0.1",k20_ridge0p1,1.0
676,338,2.0,axis_edge_parallel,0.920115254180931,True,0.3966539239061089,0.8775267068200118,"k=20, ridge 0.1",k20_ridge0p1,1.0
677,338,2.0,axis_edge_orthogonal,0.929996302541614,True,0.4286622595231961,0.8303833343744526,"k=20, ridge 0.1",k20_ridge0p1,1.0
678,339,0.5,axis_edge_parallel,0.9767420913685207,True,0.5545714855015487,0.6266242706270071,"k=20, ridge 0.1",k20_ridge0p1,1.0
679,339,0.5,axis_edge_orthogonal,0.9663254641007608,True,0.4751190659246124,0.7098193315143371,"k=20, ridge 0.1",k20_ridge0p1,1.0
680,340,1.0,axis_edge_parallel,0.9525314328154276,True,0.438528098491258,0.8074461358171081,"k=20, ridge 0.1",k20_ridge0p1,1.0
681,340,1.0,axis_edge_orthogonal,0.9582925217205778,True,0.4383905359115103,0.7523735576129259,"k=20, ridge 0.1",k20_ridge0p1,1.0
682,341,2.0,axis_edge_parallel,0.9745733746677284,True,0.5375841414561994,0.6359134945065718,"k=20, ridge 0.1",k20_ridge0p1,1.0
683,341,2.0,axis_edge_orthogonal,0.9678158807419248,True,0.4732593159783197,0.6693054206179492,"k=20, ridge 0.1",k20_ridge0p1,1.0
684,342,0.5,axis_edge_parallel,0.9879639982288568,True,0.8210724296189574,0.3649529360997504,"k=20, ridge 0.1",k20_ridge0p1,1.0
685,342,0.5,axis_edge_orthogonal,0.9959237682962914,True,0.8941979613236075,0.3112016543630893,"k=20, ridge 0.1",k20_ridge0p1,1.0
686,343,1.0,axis_edge_parallel,0.9959454476233974,True,0.8947831934881374,0.3106798504922826,"k=20, ridge 0.1",k20_ridge0p1,1.0
687,343,1.0,axis_edge_orthogonal,0.9989880354680032,True,0.9470374066566826,0.278444380883039,"k=20, ridge 0.1",k20_ridge0p1,1.0
688,344,2.0,axis_edge_parallel,0.996702058054566,True,0.9048785507794131,0.3041106457881989,"k=20, ridge 0.1",k20_ridge0p1,1.0
689,344,2.0,axis_edge_orthogonal,0.9991693017541848,True,0.9519613247303966,0.2756302438935038,"k=20, ridge 0.1",k20_ridge0p1,1.0
690,345,0.5,axis_edge_parallel,0.9269036866893132,True,0.4489617383272708,0.795317580576196,"k=20, ridge 0.1",k20_ridge0p1,1.0
691,345,0.5,axis_edge_orthogonal,0.9310183226594676,True,0.4582364509725971,0.7650491508845548,"k=20, ridge 0.1",k20_ridge0p1,1.0
692,346,1.0,axis_edge_parallel,0.916616439928842,True,0.442538272209498,0.7978606203550103,"k=20, ridge 0.1",k20_ridge0p1,1.0
693,346,1.0,axis_edge_orthogonal,0.9211051556775436,True,0.4401449712733141,0.8274933004576086,"k=20, ridge 0.1",k20_ridge0p1,1.0
694,347,2.0,axis_edge_parallel,0.9333528406448076,True,0.5402660717918275,0.6258524285736512,"k=20, ridge 0.1",k20_ridge0p1,1.0
695,347,2.0,axis_edge_orthogonal,0.9182447521326904,True,0.4743824003668955,0.7554920556135692,"k=20, ridge 0.1",k20_ridge0p1,1.0
696,348,0.5,axis_edge_parallel,0.9834335790195384,True,0.7404910418449031,0.4271381521073152,"k=20, ridge 0.1",k20_ridge0p1,1.0
697,348,0.5,axis_edge_orthogonal,0.9837336233033616,True,0.7350124742234518,0.4344426063532621,"k=20, ridge 0.1",k20_ridge0p1,1.0
698,349,1.0,axis_edge_parallel,0.8332116739150288,False,0.2892194469444692,0.4794418835812203,"k=20, ridge 0.1",k20_ridge0p1,0.0
699,349,1.0,axis_edge_orthogonal,0.9285241026104472,True,0.5124683000462331,0.5708763729357079,"k=20, ridge 0.1",k20_ridge0p1,1.0
700,350,2.0,axis_edge_parallel,0.8538846283885214,False,0.3348780101867109,0.5009941115174807,"k=20, ridge 0.1",k20_ridge0p1,0.0
701,350,2.0,axis_edge_orthogonal,0.942052699601998,True,0.5691021969505757,0.5199485244570097,"k=20, ridge 0.1",k20_ridge0p1,1.0
702,351,0.5,axis_edge_parallel,0.9190102371243022,True,0.5499174919378513,0.6602650226846329,"k=20, ridge 0.1",k20_ridge0p1,1.0
703,351,0.5,axis_edge_orthogonal,0.9392652008050906,True,0.6135169567297661,0.5703361800852187,"k=20, ridge 0.1",k20_ridge0p1,1.0
704,352,1.0,axis_edge_parallel,0.9406611702747544,True,0.6012198286136523,0.6011954404395414,"k=20, ridge 0.1",k20_ridge0p1,1.0
705,352,1.0,axis_edge_orthogonal,0.94337387507962,True,0.6241953708172184,0.5543410939316347,"k=20, ridge 0.1",k20_ridge0p1,1.0
706,353,2.0,axis_edge_parallel,0.9670329652404502,True,0.6961599901876029,0.4839012379954173,"k=20, ridge 0.1",k20_ridge0p1,1.0
707,353,2.0,axis_edge_orthogonal,0.9576768446260608,True,0.6703070372043819,0.5032099999562949,"k=20, ridge 0.1",k20_ridge0p1,1.0
708,354,0.5,axis_edge_parallel,0.9640561645500264,True,0.663375882120119,0.5230824321517924,"k=20, ridge 0.1",k20_ridge0p1,1.0
709,354,0.5,axis_edge_orthogonal,0.969031872613458,True,0.6784677136227979,0.5043405554335959,"k=20, ridge 0.1",k20_ridge0p1,1.0
710,355,1.0,axis_edge_parallel,0.9839072558555534,True,0.7666185635981254,0.4125076816731205,"k=20, ridge 0.1",k20_ridge0p1,1.0
711,355,1.0,axis_edge_orthogonal,0.9784708155175867,True,0.7335179294760897,0.4440342914843778,"k=20, ridge 0.1",k20_ridge0p1,1.0
712,356,2.0,axis_edge_parallel,0.9982327415917472,True,0.914607140355846,0.2979404916423362,"k=20, ridge 0.1",k20_ridge0p1,1.0
713,356,2.0,axis_edge_orthogonal,0.9968068469835224,True,0.8858268800870019,0.316637158416732,"k=20, ridge 0.1",k20_ridge0p1,1.0
714,357,0.5,axis_edge_parallel,0.7736253284086266,True,0.3819301486099818,0.9150213460171416,"k=20, ridge 0.1",k20_ridge0p1,1.0
715,357,0.5,axis_edge_orthogonal,0.7688661379680263,True,0.3748167424698704,0.9232321145631688,"k=20, ridge 0.1",k20_ridge0p1,1.0
716,358,1.0,axis_edge_parallel,0.7623321258279047,True,0.3650756746918479,0.9339721014068632,"k=20, ridge 0.1",k20_ridge0p1,1.0
717,358,1.0,axis_edge_orthogonal,0.7593115197589424,True,0.3606110513661332,0.9384371620012164,"k=20, ridge 0.1",k20_ridge0p1,1.0
718,359,2.0,axis_edge_parallel,0.8076189514183462,True,0.4338791686927866,0.8471887966999784,"k=20, ridge 0.1",k20_ridge0p1,1.0
719,359,2.0,axis_edge_orthogonal,0.777850369236963,True,0.3882760783051059,0.9074387371420568,"k=20, ridge 0.1",k20_ridge0p1,1.0
720,360,0.5,axis_edge_parallel,0.892078692044175,True,0.3406853270729138,0.8998740159337185,"k=20, ridge 0.1",k20_ridge0p1,1.0
721,360,0.5,axis_edge_orthogonal,0.8758545847945771,True,0.325612573178528,0.9140094976097952,"k=20, ridge 0.1",k20_ridge0p1,1.0
722,361,1.0,axis_edge_parallel,0.8841653334520752,True,0.3350547636603206,0.920475492104422,"k=20, ridge 0.1",k20_ridge0p1,1.0
723,361,1.0,axis_edge_orthogonal,0.8608224243501937,True,0.2992440221766781,0.9374363554089936,"k=20, ridge 0.1",k20_ridge0p1,1.0
724,362,2.0,axis_edge_parallel,0.8753876954610926,True,0.3216841956886445,0.9529540767621644,"k=20, ridge 0.1",k20_ridge0p1,1.0
725,362,2.0,axis_edge_orthogonal,0.8470359170128833,False,0.2837949152972321,0.93817316350726,"k=20, ridge 0.1",k20_ridge0p1,0.0
726,363,0.5,axis_edge_parallel,0.9538362846217232,True,0.6176538790362626,0.5293039892343662,"k=20, ridge 0.1",k20_ridge0p1,1.0
727,363,0.5,axis_edge_orthogonal,0.9533222811068488,True,0.616574005526644,0.5296261377861731,"k=20, ridge 0.1",k20_ridge0p1,1.0
728,364,1.0,axis_edge_parallel,0.9256352977660262,True,0.5024045027428228,0.6547321152931611,"k=20, ridge 0.1",k20_ridge0p1,1.0
729,364,1.0,axis_edge_orthogonal,0.9269915713875906,True,0.5065757680504224,0.6474071432937825,"k=20, ridge 0.1",k20_ridge0p1,1.0
730,365,2.0,axis_edge_parallel,0.941002275765002,True,0.5299372033395232,0.638168643740212,"k=20, ridge 0.1",k20_ridge0p1,1.0
731,365,2.0,axis_edge_orthogonal,0.9349546937178856,True,0.53727545845745,0.6122653535869622,"k=20, ridge 0.1",k20_ridge0p1,1.0
732,366,0.5,axis_edge_parallel,0.8448028536108342,True,0.4361039461789355,0.8273344885038841,"k=20, ridge 0.1",k20_ridge0p1,1.0
733,366,0.5,axis_edge_orthogonal,0.8356906433389498,True,0.4169218444827422,0.8518838423237368,"k=20, ridge 0.1",k20_ridge0p1,1.0
734,367,1.0,axis_edge_parallel,0.7926602629701922,True,0.3261044859880962,0.930922518997256,"k=20, ridge 0.1",k20_ridge0p1,1.0
735,367,1.0,axis_edge_orthogonal,0.7739726655671585,True,0.2948508837236387,0.9686541545492798,"k=20, ridge 0.1",k20_ridge0p1,1.0
736,368,2.0,axis_edge_parallel,0.7201739048298137,False,0.2119220377437426,0.7896072595206951,"k=20, ridge 0.1",k20_ridge0p1,0.0
737,368,2.0,axis_edge_orthogonal,0.742659330703886,False,0.2536042776692396,0.7982527885599626,"k=20, ridge 0.1",k20_ridge0p1,0.0
738,369,0.5,axis_edge_parallel,0.9716456662037798,False,0.2989109460630952,0.8775947847715908,"k=20, ridge 0.1",k20_ridge0p1,0.0
739,369,0.5,axis_edge_orthogonal,0.9744651821118412,False,0.3102242370603584,0.863808273253706,"k=20, ridge 0.1",k20_ridge0p1,0.0
740,370,1.0,axis_edge_parallel,0.969385465981499,False,0.2982264909663814,0.9037810720977704,"k=20, ridge 0.1",k20_ridge0p1,0.0
741,370,1.0,axis_edge_orthogonal,0.946417955624382,False,0.2357880260501572,0.9667625235526612,"k=20, ridge 0.1",k20_ridge0p1,0.0
742,371,2.0,axis_edge_parallel,0.9870565566119172,True,0.3876409480535359,0.7990681862952818,"k=20, ridge 0.1",k20_ridge0p1,1.0
743,371,2.0,axis_edge_orthogonal,0.9547611488556612,False,0.2616956612294713,0.9893637910063976,"k=20, ridge 0.1",k20_ridge0p1,0.0
744,372,0.5,axis_edge_parallel,0.8505774306436642,False,0.2496171532838061,0.9983671207894586,"k=20, ridge 0.1",k20_ridge0p1,0.0
745,372,0.5,axis_edge_orthogonal,0.8430725418799065,False,0.2393093906803104,0.9934050595033362,"k=20, ridge 0.1",k20_ridge0p1,0.0
746,373,1.0,axis_edge_parallel,0.8477856039447985,False,0.2470532509919855,0.99686837196218,"k=20, ridge 0.1",k20_ridge0p1,0.0
747,373,1.0,axis_edge_orthogonal,0.8427019527913961,False,0.2399498590235084,0.9912515237986932,"k=20, ridge 0.1",k20_ridge0p1,0.0
748,374,2.0,axis_edge_parallel,0.8428998130924457,False,0.2406308010810742,0.985324160341662,"k=20, ridge 0.1",k20_ridge0p1,0.0
749,374,2.0,axis_edge_orthogonal,0.8486816197608731,False,0.2538029093363977,0.9879945640881256,"k=20, ridge 0.1",k20_ridge0p1,0.0
750,375,0.5,axis_edge_parallel,0.989652514860098,True,0.794428606218396,0.3874735200101732,"k=20, ridge 0.1",k20_ridge0p1,1.0
751,375,0.5,axis_edge_orthogonal,0.9912099766227184,True,0.8082086941374321,0.3756383891728919,"k=20, ridge 0.1",k20_ridge0p1,1.0
752,376,1.0,axis_edge_parallel,0.9848696162910326,True,0.7802393140076931,0.3972500662412391,"k=20, ridge 0.1",k20_ridge0p1,1.0
753,376,1.0,axis_edge_orthogonal,0.9809944938361362,True,0.7444969436667341,0.43195955970383,"k=20, ridge 0.1",k20_ridge0p1,1.0
754,377,2.0,axis_edge_parallel,0.9780937437375316,True,0.754690460307376,0.4159693931592683,"k=20, ridge 0.1",k20_ridge0p1,1.0
755,377,2.0,axis_edge_orthogonal,0.9449481276572872,True,0.6249374153998065,0.5349976098563739,"k=20, ridge 0.1",k20_ridge0p1,1.0
756,378,0.5,axis_edge_parallel,0.8833407531191529,True,0.3413968583282153,0.950157431017408,"k=20, ridge 0.1",k20_ridge0p1,1.0
757,378,0.5,axis_edge_orthogonal,0.8853484433005898,True,0.3482119855302357,0.9428944299045388,"k=20, ridge 0.1",k20_ridge0p1,1.0
758,379,1.0,axis_edge_parallel,0.8747326873073027,True,0.3455112255511209,0.9219084471763956,"k=20, ridge 0.1",k20_ridge0p1,1.0
759,379,1.0,axis_edge_orthogonal,0.8612521138278459,True,0.2985709175637965,0.9698176101265163,"k=20, ridge 0.1",k20_ridge0p1,1.0
760,380,2.0,axis_edge_parallel,0.9179345294583272,True,0.475161070863282,0.7579105452081981,"k=20, ridge 0.1",k20_ridge0p1,1.0
761,380,2.0,axis_edge_orthogonal,0.9112681252165228,True,0.4276571904606383,0.8450932729874248,"k=20, ridge 0.1",k20_ridge0p1,1.0
762,381,0.5,axis_edge_parallel,0.8293969582982079,False,0.2284949558685442,0.9417845664609454,"k=20, ridge 0.1",k20_ridge0p1,0.0
763,381,0.5,axis_edge_orthogonal,0.8391036115348679,False,0.258662589602285,0.917180834156184,"k=20, ridge 0.1",k20_ridge0p1,0.0
764,382,1.0,axis_edge_parallel,0.8514840000996182,True,0.2597377173229807,0.9980988359039694,"k=20, ridge 0.1",k20_ridge0p1,1.0
765,382,1.0,axis_edge_orthogonal,0.8435715788235553,False,0.2474330166359168,0.9929511339028508,"k=20, ridge 0.1",k20_ridge0p1,0.0
766,383,2.0,axis_edge_parallel,0.8702796301543378,True,0.3032801712153158,0.9739707940244072,"k=20, ridge 0.1",k20_ridge0p1,1.0
767,383,2.0,axis_edge_orthogonal,0.8467398536004916,False,0.2531297101120511,0.995842345691269,"k=20, ridge 0.1",k20_ridge0p1,0.0
0,0,0.5,axis_edge_parallel,0.8955353919754636,True,0.3384095538105828,0.8483268539021294,native scale-conditioned,scale_conditioned,1.0
1,0,0.5,axis_edge_orthogonal,0.895116801386768,True,0.3371293189432274,0.8482086861062303,native scale-conditioned,scale_conditioned,1.0
2,1,1.0,axis_edge_parallel,0.8585224060074204,False,0.2695634002276293,0.8645380909574123,native scale-conditioned,scale_conditioned,0.0
3,1,1.0,axis_edge_orthogonal,0.8617318822519078,False,0.2654433271544604,0.8986983759971169,native scale-conditioned,scale_conditioned,0.0
4,2,2.0,axis_edge_parallel,0.8590134712206327,False,0.2722044453281641,0.736408865136257,native scale-conditioned,scale_conditioned,0.0
5,2,2.0,axis_edge_orthogonal,0.8724113396895905,False,0.2849330066107937,0.7479714097409734,native scale-conditioned,scale_conditioned,0.0
6,3,0.5,axis_edge_parallel,0.899236352645311,False,0.2052114101349205,0.5814241080219573,native scale-conditioned,scale_conditioned,0.0
7,3,0.5,axis_edge_orthogonal,0.9150341105998746,False,0.2749257070397517,0.709630691083465,native scale-conditioned,scale_conditioned,0.0
8,4,1.0,axis_edge_parallel,0.9250545603921267,False,0.2859791339413088,0.7408781503470273,native scale-conditioned,scale_conditioned,0.0
9,4,1.0,axis_edge_orthogonal,0.8971447754109279,False,0.1617040488570549,0.920805416412905,native scale-conditioned,scale_conditioned,0.0
10,5,2.0,axis_edge_parallel,0.9258607000370862,False,0.301726563472056,0.8249122425937678,native scale-conditioned,scale_conditioned,0.0
11,5,2.0,axis_edge_orthogonal,0.8936993280176256,False,0.1564860126735452,0.7949040563761551,native scale-conditioned,scale_conditioned,0.0
12,6,0.5,axis_edge_parallel,0.9952376648802695,True,0.8851885454322923,0.3162630407347547,native scale-conditioned,scale_conditioned,1.0
13,6,0.5,axis_edge_orthogonal,0.9962858101902868,True,0.899242228691789,0.307061355678757,native scale-conditioned,scale_conditioned,1.0
14,7,1.0,axis_edge_parallel,0.99749532007589,True,0.9198138969055012,0.2940838530395782,native scale-conditioned,scale_conditioned,1.0
15,7,1.0,axis_edge_orthogonal,0.9986822442287632,True,0.945001110208123,0.2792226848751545,native scale-conditioned,scale_conditioned,1.0
16,8,2.0,axis_edge_parallel,0.9962805041531188,True,0.9053770395356768,0.3027244369564721,native scale-conditioned,scale_conditioned,1.0
17,8,2.0,axis_edge_orthogonal,0.998585998837741,True,0.9463786266100744,0.2783158102347858,native scale-conditioned,scale_conditioned,1.0
18,9,0.5,axis_edge_parallel,0.8897993004381736,True,0.4638675553175715,0.782185191861015,native scale-conditioned,scale_conditioned,1.0
19,9,0.5,axis_edge_orthogonal,0.8942604556016753,True,0.4767679470030017,0.7585369882767404,native scale-conditioned,scale_conditioned,1.0
20,10,1.0,axis_edge_parallel,0.8848574642871545,True,0.4619747334437387,0.750907128277034,native scale-conditioned,scale_conditioned,1.0
21,10,1.0,axis_edge_orthogonal,0.8892813714366438,True,0.4735537811091866,0.7206628285823209,native scale-conditioned,scale_conditioned,1.0
22,11,2.0,axis_edge_parallel,0.939400482889305,True,0.6000986093548545,0.5688234491189695,native scale-conditioned,scale_conditioned,1.0
23,11,2.0,axis_edge_orthogonal,0.9140633176052418,True,0.5340848851234316,0.6468709765115317,native scale-conditioned,scale_conditioned,1.0
24,12,0.5,axis_edge_parallel,0.9357056686628548,True,0.5499251028124356,0.612734409920265,native scale-conditioned,scale_conditioned,1.0
25,12,0.5,axis_edge_orthogonal,0.9419072083261422,True,0.5603568579270737,0.6162475365721658,native scale-conditioned,scale_conditioned,1.0
26,13,1.0,axis_edge_parallel,0.8977677435586254,True,0.4732353630831198,0.6179678057452439,native scale-conditioned,scale_conditioned,1.0
27,13,1.0,axis_edge_orthogonal,0.9241846167393316,True,0.5590633216877605,0.5464152613703597,native scale-conditioned,scale_conditioned,1.0
28,14,2.0,axis_edge_parallel,0.8863792583623623,True,0.4381809840013463,0.6498400081597318,native scale-conditioned,scale_conditioned,1.0
29,14,2.0,axis_edge_orthogonal,0.8923673408236992,True,0.4772842580632143,0.583513648677344,native scale-conditioned,scale_conditioned,1.0
30,15,0.5,axis_edge_parallel,0.997246663137846,True,0.4573767466410167,0.5916280597863535,native scale-conditioned,scale_conditioned,1.0
31,15,0.5,axis_edge_orthogonal,0.9974994999101792,True,0.4606725696626753,0.5837900291225612,native scale-conditioned,scale_conditioned,1.0
32,16,1.0,axis_edge_parallel,0.997462758895004,True,0.4647022452937782,0.5735217503519555,native scale-conditioned,scale_conditioned,1.0
33,16,1.0,axis_edge_orthogonal,0.9978112699074514,True,0.46962506887861,0.5621381604268056,native scale-conditioned,scale_conditioned,1.0
34,17,2.0,axis_edge_parallel,0.9975359384719906,True,0.4671630490516387,0.5675198511957988,native scale-conditioned,scale_conditioned,1.0
35,17,2.0,axis_edge_orthogonal,0.9970789084715288,True,0.4638805323590814,0.5745874267523826,native scale-conditioned,scale_conditioned,1.0
36,18,0.5,axis_edge_parallel,0.9969926622240252,True,0.4544208377749364,0.5986955070440819,native scale-conditioned,scale_conditioned,1.0
37,18,0.5,axis_edge_orthogonal,0.99684796199642,True,0.4541422530790487,0.5991510024221337,native scale-conditioned,scale_conditioned,1.0
38,19,1.0,axis_edge_parallel,0.9977726744399212,True,0.4671803782641162,0.5681039594853635,native scale-conditioned,scale_conditioned,1.0
39,19,1.0,axis_edge_orthogonal,0.9993102747128016,True,0.4788800449959496,0.5437980931660189,native scale-conditioned,scale_conditioned,1.0
40,20,2.0,axis_edge_parallel,0.996718949545624,True,0.4615212940564763,0.5796770825319388,native scale-conditioned,scale_conditioned,1.0
41,20,2.0,axis_edge_orthogonal,0.9980524095278308,True,0.4694050357959514,0.5633185708405603,native scale-conditioned,scale_conditioned,1.0
42,21,0.5,axis_edge_parallel,0.9388788275512276,True,0.5731795379226957,0.6421044050280338,native scale-conditioned,scale_conditioned,1.0
43,21,0.5,axis_edge_orthogonal,0.937544177703615,True,0.5686595987409198,0.6485993338960403,native scale-conditioned,scale_conditioned,1.0
44,22,1.0,axis_edge_parallel,0.9729368807385548,True,0.7058827784237801,0.4730881963471167,native scale-conditioned,scale_conditioned,1.0
45,22,1.0,axis_edge_orthogonal,0.976635127248822,True,0.7250112777332531,0.4528108180668184,native scale-conditioned,scale_conditioned,1.0
46,23,2.0,axis_edge_parallel,0.9795245526083008,True,0.7404712877442041,0.4371794148653244,native scale-conditioned,scale_conditioned,1.0
47,23,2.0,axis_edge_orthogonal,0.9928545949080936,True,0.8398330439390758,0.3499145690643053,native scale-conditioned,scale_conditioned,1.0
48,24,0.5,axis_edge_parallel,0.9531096867968554,True,0.6087451476592892,0.5927521403140693,native scale-conditioned,scale_conditioned,1.0
49,24,0.5,axis_edge_orthogonal,0.9537459014772732,True,0.6111558112704761,0.5895553359189237,native scale-conditioned,scale_conditioned,1.0
50,25,1.0,axis_edge_parallel,0.913657755653529,True,0.4750374391375274,0.7665185024171675,native scale-conditioned,scale_conditioned,1.0
51,25,1.0,axis_edge_orthogonal,0.9168221030168832,True,0.4840664094214476,0.7559454556262724,native scale-conditioned,scale_conditioned,1.0
52,26,2.0,axis_edge_parallel,0.8722820351811525,True,0.3698418157783755,0.8488180191310507,native scale-conditioned,scale_conditioned,1.0
53,26,2.0,axis_edge_orthogonal,0.8540938076177825,True,0.3301259781386122,0.8465858821476351,native scale-conditioned,scale_conditioned,1.0
54,27,0.5,axis_edge_parallel,0.9352165137740904,True,0.2888231693557231,0.9807089317286476,native scale-conditioned,scale_conditioned,1.0
55,27,0.5,axis_edge_orthogonal,0.934884279977375,True,0.2874336220574932,0.981328430931836,native scale-conditioned,scale_conditioned,1.0
56,28,1.0,axis_edge_parallel,0.9472815483370022,True,0.310300610217383,0.9503707908702111,native scale-conditioned,scale_conditioned,1.0
57,28,1.0,axis_edge_orthogonal,0.9415878987818388,True,0.2975208085631386,0.9658914526749292,native scale-conditioned,scale_conditioned,1.0
58,29,2.0,axis_edge_parallel,0.9756769492866468,True,0.3803535753485231,0.813707141564345,native scale-conditioned,scale_conditioned,1.0
59,29,2.0,axis_edge_orthogonal,0.975334172018721,False,0.3598627594094183,0.8132083990540081,native scale-conditioned,scale_conditioned,0.0
60,30,0.5,axis_edge_parallel,0.9449502621465894,True,0.2780691865353449,0.9856877018365164,native scale-conditioned,scale_conditioned,1.0
61,30,0.5,axis_edge_orthogonal,0.9440838800292862,True,0.2778613562139634,0.9869548929597588,native scale-conditioned,scale_conditioned,1.0
62,31,1.0,axis_edge_parallel,0.9596194818413633,False,0.2927733610701068,0.9468467106266442,native scale-conditioned,scale_conditioned,0.0
63,31,1.0,axis_edge_orthogonal,0.9537093307857304,False,0.2858313850299804,0.9611448349166648,native scale-conditioned,scale_conditioned,0.0
64,32,2.0,axis_edge_parallel,0.9786589269640882,True,0.36129009162801,0.8500166014143885,native scale-conditioned,scale_conditioned,1.0
65,32,2.0,axis_edge_orthogonal,0.9856625966829848,True,0.3767912201204247,0.793935593259323,native scale-conditioned,scale_conditioned,1.0
66,33,0.5,axis_edge_parallel,0.9850951876298172,True,0.810146420799327,0.3723643048575801,native scale-conditioned,scale_conditioned,1.0
67,33,0.5,axis_edge_orthogonal,0.986338980786443,True,0.8167794227516191,0.3672026307054905,native scale-conditioned,scale_conditioned,1.0
68,34,1.0,axis_edge_parallel,0.9887706907852584,True,0.8351545082042666,0.3526316268151032,native scale-conditioned,scale_conditioned,1.0
69,34,1.0,axis_edge_orthogonal,0.9923818798858364,True,0.8631885977938352,0.3320296619655494,native scale-conditioned,scale_conditioned,1.0
70,35,2.0,axis_edge_parallel,0.9906741884811,True,0.8507990543825648,0.340843369714346,native scale-conditioned,scale_conditioned,1.0
71,35,2.0,axis_edge_orthogonal,0.9959590020561506,True,0.8997656479832814,0.307205596181107,native scale-conditioned,scale_conditioned,1.0
72,36,0.5,axis_edge_parallel,0.9647426489934996,True,0.7144790456699253,0.4539998091084666,native scale-conditioned,scale_conditioned,1.0
73,36,0.5,axis_edge_orthogonal,0.969926952311658,True,0.7359673852765001,0.4334634817426915,native scale-conditioned,scale_conditioned,1.0
74,37,1.0,axis_edge_parallel,0.9359534754446364,True,0.6324980388426483,0.5270949767237071,native scale-conditioned,scale_conditioned,1.0
75,37,1.0,axis_edge_orthogonal,0.9528297954354944,True,0.678313671099757,0.4860506328932245,native scale-conditioned,scale_conditioned,1.0
76,38,2.0,axis_edge_parallel,0.7311274497812565,False,0.2971991581446181,0.5552534631150549,native scale-conditioned,scale_conditioned,0.0
77,38,2.0,axis_edge_orthogonal,0.8665935398904393,True,0.4636541118448376,0.6993076532530004,native scale-conditioned,scale_conditioned,1.0
78,39,0.5,axis_edge_parallel,0.9278630548387812,True,0.5483974369242794,0.5130983368194263,native scale-conditioned,scale_conditioned,1.0
79,39,0.5,axis_edge_orthogonal,0.9270372244914958,True,0.5463368993592239,0.513137375429937,native scale-conditioned,scale_conditioned,1.0
80,40,1.0,axis_edge_parallel,0.922515153698418,True,0.5174405600653408,0.5455271038635626,native scale-conditioned,scale_conditioned,1.0
81,40,1.0,axis_edge_orthogonal,0.9151105387232148,True,0.4955960453497842,0.5523106756946833,native scale-conditioned,scale_conditioned,1.0
82,41,2.0,axis_edge_parallel,0.9429366117450068,True,0.5743659421436125,0.5303973864143453,native scale-conditioned,scale_conditioned,1.0
83,41,2.0,axis_edge_orthogonal,0.9413311130512502,True,0.5594925492196551,0.5495993194724346,native scale-conditioned,scale_conditioned,1.0
84,42,0.5,axis_edge_parallel,0.9356594614086802,True,0.5858222242078088,0.5413150897774005,native scale-conditioned,scale_conditioned,1.0
85,42,0.5,axis_edge_orthogonal,0.944224081251227,True,0.6141951134927174,0.5184564680370309,native scale-conditioned,scale_conditioned,1.0
86,43,1.0,axis_edge_parallel,0.9275963395075,True,0.5742236130268635,0.5300448639444327,native scale-conditioned,scale_conditioned,1.0
87,43,1.0,axis_edge_orthogonal,0.9492927229008978,True,0.6376776342112214,0.4932370159603572,native scale-conditioned,scale_conditioned,1.0
88,44,2.0,axis_edge_parallel,0.92896767893904,True,0.5993463193272035,0.4873666909992885,native scale-conditioned,scale_conditioned,1.0
89,44,2.0,axis_edge_orthogonal,0.9578323216269023,True,0.6863098398202303,0.4427855451986494,native scale-conditioned,scale_conditioned,1.0
90,45,0.5,axis_edge_parallel,0.8443757478446113,True,0.3006946341779501,0.9765405715697716,native scale-conditioned,scale_conditioned,1.0
91,45,0.5,axis_edge_orthogonal,0.8459588523627761,True,0.3050418376503897,0.9720569804217196,native scale-conditioned,scale_conditioned,1.0
92,46,1.0,axis_edge_parallel,0.8337316425296482,False,0.2739742510996849,0.985612861279748,native scale-conditioned,scale_conditioned,0.0
93,46,1.0,axis_edge_orthogonal,0.853507541462655,True,0.3262590847702756,0.946005707116705,native scale-conditioned,scale_conditioned,1.0
94,47,2.0,axis_edge_parallel,0.885523477340535,True,0.3910273817563475,0.84264421341052,native scale-conditioned,scale_conditioned,1.0
95,47,2.0,axis_edge_orthogonal,0.8814264895047855,True,0.3806785763961074,0.8978663286587764,native scale-conditioned,scale_conditioned,1.0
96,48,0.5,axis_edge_parallel,0.8988488037282871,True,0.3958280144863594,0.8789667536995625,native scale-conditioned,scale_conditioned,1.0
97,48,0.5,axis_edge_orthogonal,0.8985136776152318,True,0.3956192376212918,0.8729825776434804,native scale-conditioned,scale_conditioned,1.0
98,49,1.0,axis_edge_parallel,0.8757517641178978,True,0.3465246256189544,0.9491224072219928,native scale-conditioned,scale_conditioned,1.0
99,49,1.0,axis_edge_orthogonal,0.862958986938107,True,0.3066333276154723,0.9387663862719476,native scale-conditioned,scale_conditioned,1.0
100,50,2.0,axis_edge_parallel,0.886772647936688,True,0.4140223614822892,0.816471032681035,native scale-conditioned,scale_conditioned,1.0
101,50,2.0,axis_edge_orthogonal,0.8395255468983257,False,0.2512607452038656,0.8309065048026228,native scale-conditioned,scale_conditioned,0.0
102,51,0.5,axis_edge_parallel,0.9211146114245712,True,0.3605108386854601,0.8849828237154502,native scale-conditioned,scale_conditioned,1.0
103,51,0.5,axis_edge_orthogonal,0.9228816044600324,True,0.3660183220607036,0.8780836781579731,native scale-conditioned,scale_conditioned,1.0
104,52,1.0,axis_edge_parallel,0.9216643754745288,True,0.3650149085115549,0.8818892823362227,native scale-conditioned,scale_conditioned,1.0
105,52,1.0,axis_edge_orthogonal,0.9139128088168642,True,0.3539409465074769,0.9037551009649412,native scale-conditioned,scale_conditioned,1.0
106,53,2.0,axis_edge_parallel,0.90304504545794,True,0.3570198200405783,0.9374048401323992,native scale-conditioned,scale_conditioned,1.0
107,53,2.0,axis_edge_orthogonal,0.8672171484603722,True,0.2826008144234608,0.9930078175682652,native scale-conditioned,scale_conditioned,1.0
108,54,0.5,axis_edge_parallel,0.9706448102930308,True,0.3621213881682315,0.865246226327376,native scale-conditioned,scale_conditioned,1.0
109,54,0.5,axis_edge_orthogonal,0.9717880450431936,True,0.3667798691614947,0.8587983588379223,native scale-conditioned,scale_conditioned,1.0
110,55,1.0,axis_edge_parallel,0.980609493163698,True,0.3926786164863275,0.8018044235864539,native scale-conditioned,scale_conditioned,1.0
111,55,1.0,axis_edge_orthogonal,0.9775389313509844,True,0.3862810226783337,0.8230880240602024,native scale-conditioned,scale_conditioned,1.0
112,56,2.0,axis_edge_parallel,0.9832608718917578,True,0.4048004986699425,0.7800993551713177,native scale-conditioned,scale_conditioned,1.0
113,56,2.0,axis_edge_orthogonal,0.99172340506683,True,0.4584371392479482,0.6888913431569914,native scale-conditioned,scale_conditioned,1.0
114,57,0.5,axis_edge_parallel,0.9756176704118288,True,0.365931268950941,0.8268246701011324,native scale-conditioned,scale_conditioned,1.0
115,57,0.5,axis_edge_orthogonal,0.9776126377586036,False,0.3684980698540624,0.8136047568346287,native scale-conditioned,scale_conditioned,0.0
116,58,1.0,axis_edge_parallel,0.9896884601685786,False,0.4029617001520941,0.7057453346184662,native scale-conditioned,scale_conditioned,0.0
117,58,1.0,axis_edge_orthogonal,0.9877633581426876,False,0.3919349925277928,0.7266465696828985,native scale-conditioned,scale_conditioned,0.0
118,59,2.0,axis_edge_parallel,0.9951986519410088,False,0.412400996850696,0.6196945272426763,native scale-conditioned,scale_conditioned,0.0
119,59,2.0,axis_edge_orthogonal,0.9934756424295552,False,0.3736241730096102,0.638113767210502,native scale-conditioned,scale_conditioned,0.0
120,60,0.5,axis_edge_parallel,0.8032367317427723,True,0.3559221528744434,0.9391636269829622,native scale-conditioned,scale_conditioned,1.0
121,60,0.5,axis_edge_orthogonal,0.81380742422399,True,0.3726085052561558,0.9225204981737382,native scale-conditioned,scale_conditioned,1.0
122,61,1.0,axis_edge_parallel,0.8239199483623841,True,0.3688326659623447,0.9253742238569204,native scale-conditioned,scale_conditioned,1.0
123,61,1.0,axis_edge_orthogonal,0.8497348160096048,True,0.4176099836806736,0.8661955655669878,native scale-conditioned,scale_conditioned,1.0
124,62,2.0,axis_edge_parallel,0.8321261918751995,True,0.3539638271496969,0.8660023312509063,native scale-conditioned,scale_conditioned,1.0
125,62,2.0,axis_edge_orthogonal,0.8338329360522734,True,0.3694450432871845,0.8971609420112523,native scale-conditioned,scale_conditioned,1.0
126,63,0.5,axis_edge_parallel,0.8505525663595561,True,0.4115864747679904,0.8562136716658741,native scale-conditioned,scale_conditioned,1.0
127,63,0.5,axis_edge_orthogonal,0.8505030420513326,True,0.4110381273007572,0.855290954673435,native scale-conditioned,scale_conditioned,1.0
128,64,1.0,axis_edge_parallel,0.8440463032527467,True,0.4041262597119556,0.8817852669067986,native scale-conditioned,scale_conditioned,1.0
129,64,1.0,axis_edge_orthogonal,0.8383876821902178,True,0.3939713403933476,0.8950191843583175,native scale-conditioned,scale_conditioned,1.0
130,65,2.0,axis_edge_parallel,0.8796667754716483,True,0.48481324736917,0.7719564804049184,native scale-conditioned,scale_conditioned,1.0
131,65,2.0,axis_edge_orthogonal,0.8476194530138744,True,0.4393626959272174,0.8288839082463098,native scale-conditioned,scale_conditioned,1.0
132,66,0.5,axis_edge_parallel,0.9973375646968344,True,0.9307056032309756,0.2870527941119972,native scale-conditioned,scale_conditioned,1.0
133,66,0.5,axis_edge_orthogonal,0.9973217696584948,True,0.9308095082533144,0.2869671732222261,native scale-conditioned,scale_conditioned,1.0
134,67,1.0,axis_edge_parallel,0.9991638603446832,True,0.9609522557581271,0.2702845294582004,native scale-conditioned,scale_conditioned,1.0
135,67,1.0,axis_edge_orthogonal,0.9976670529455072,True,0.9353700559506734,0.2843841287858972,native scale-conditioned,scale_conditioned,1.0
136,68,2.0,axis_edge_parallel,0.9958278267265704,True,0.9141663737000476,0.2965367777595148,native scale-conditioned,scale_conditioned,1.0
137,68,2.0,axis_edge_orthogonal,0.989482329295748,True,0.8656601998013709,0.3257719588415589,native scale-conditioned,scale_conditioned,1.0
138,69,0.5,axis_edge_parallel,0.9839639931239194,True,0.7064649175640206,0.4694297686833553,native scale-conditioned,scale_conditioned,1.0
139,69,0.5,axis_edge_orthogonal,0.9775515811868803,True,0.6625541344890791,0.5141273368495264,native scale-conditioned,scale_conditioned,1.0
140,70,1.0,axis_edge_parallel,0.990747079852612,True,0.7780423283689782,0.3967071027367864,native scale-conditioned,scale_conditioned,1.0
141,70,1.0,axis_edge_orthogonal,0.988281875071094,True,0.7429028324529575,0.4325386332356822,native scale-conditioned,scale_conditioned,1.0
142,71,2.0,axis_edge_parallel,0.9886740811146086,True,0.7608911853785194,0.4103551115379167,native scale-conditioned,scale_conditioned,1.0
143,71,2.0,axis_edge_orthogonal,0.9892161128315956,True,0.7643481413370931,0.407756541109898,native scale-conditioned,scale_conditioned,1.0
144,72,0.5,axis_edge_parallel,0.9442062539834636,True,0.4293093622382845,0.7689730807285715,native scale-conditioned,scale_conditioned,1.0
145,72,0.5,axis_edge_orthogonal,0.968561935752886,True,0.572150730255313,0.5849697462847876,native scale-conditioned,scale_conditioned,1.0
146,73,1.0,axis_edge_parallel,0.9229265828362242,True,0.3597009648084063,0.913590711102062,native scale-conditioned,scale_conditioned,1.0
147,73,1.0,axis_edge_orthogonal,0.9399454995284066,True,0.435337230945431,0.8047022987673691,native scale-conditioned,scale_conditioned,1.0
148,74,2.0,axis_edge_parallel,0.9388452992516082,True,0.4105312005002537,0.8631721609925734,native scale-conditioned,scale_conditioned,1.0
149,74,2.0,axis_edge_orthogonal,0.9500507060673216,True,0.466149627299511,0.7626301165791768,native scale-conditioned,scale_conditioned,1.0
150,75,0.5,axis_edge_parallel,0.98631745640237,True,0.807777947526247,0.3752982393308608,native scale-conditioned,scale_conditioned,1.0
151,75,0.5,axis_edge_orthogonal,0.9704093636003512,True,0.7228567147201753,0.4530056930117666,native scale-conditioned,scale_conditioned,1.0
152,76,1.0,axis_edge_parallel,0.9789038862219352,True,0.7650996407526447,0.4121680985674362,native scale-conditioned,scale_conditioned,1.0
153,76,1.0,axis_edge_orthogonal,0.9360361474003376,True,0.5982138414780069,0.6042955060874324,native scale-conditioned,scale_conditioned,1.0
154,77,2.0,axis_edge_parallel,0.9895817035522936,True,0.8324585883216781,0.3552115321748154,native scale-conditioned,scale_conditioned,1.0
155,77,2.0,axis_edge_orthogonal,0.9739963981652816,True,0.7416073773092888,0.4332170608556246,native scale-conditioned,scale_conditioned,1.0
156,78,0.5,axis_edge_parallel,0.9846069624026792,True,0.8048801199778762,0.3775840795363029,native scale-conditioned,scale_conditioned,1.0
157,78,0.5,axis_edge_orthogonal,0.9819325152431694,True,0.789965426033598,0.3902517385427315,native scale-conditioned,scale_conditioned,1.0
158,79,1.0,axis_edge_parallel,0.9846595663627172,True,0.8129432896562155,0.3696067486221907,native scale-conditioned,scale_conditioned,1.0
159,79,1.0,axis_edge_orthogonal,0.9868973143197598,True,0.8245722642942633,0.3607162950177566,native scale-conditioned,scale_conditioned,1.0
160,80,2.0,axis_edge_parallel,0.988352235259727,True,0.8372806204215316,0.3504558117886221,native scale-conditioned,scale_conditioned,1.0
161,80,2.0,axis_edge_orthogonal,0.9946375243205,True,0.8893207865273933,0.3137064475650932,native scale-conditioned,scale_conditioned,1.0
162,81,0.5,axis_edge_parallel,0.9128926240759574,True,0.4531982472161749,0.7980538654523881,native scale-conditioned,scale_conditioned,1.0
163,81,0.5,axis_edge_orthogonal,0.9202926036439908,True,0.4757205784861657,0.7688273544718138,native scale-conditioned,scale_conditioned,1.0
164,82,1.0,axis_edge_parallel,0.9495283374250152,True,0.6445332047000992,0.489947255937692,native scale-conditioned,scale_conditioned,1.0
165,82,1.0,axis_edge_orthogonal,0.9619794219661733,True,0.6799882710294004,0.4716303918981607,native scale-conditioned,scale_conditioned,1.0
166,83,2.0,axis_edge_parallel,0.9471100810895507,True,0.646532912738573,0.4788310449584689,native scale-conditioned,scale_conditioned,1.0
167,83,2.0,axis_edge_orthogonal,0.9588979654403046,True,0.6954196586436395,0.4404384644620981,native scale-conditioned,scale_conditioned,1.0
168,84,0.5,axis_edge_parallel,0.8249249663941544,True,0.277861677423711,0.9936175137629868,native scale-conditioned,scale_conditioned,1.0
169,84,0.5,axis_edge_orthogonal,0.8232890215182391,True,0.2734285725256986,0.9959459804404914,native scale-conditioned,scale_conditioned,1.0
170,85,1.0,axis_edge_parallel,0.847565809528002,True,0.3273977840073021,0.9643134393670164,native scale-conditioned,scale_conditioned,1.0
171,85,1.0,axis_edge_orthogonal,0.8248945102211671,True,0.2783375829975034,0.9921499006045704,native scale-conditioned,scale_conditioned,1.0
172,86,2.0,axis_edge_parallel,0.8467753712969008,True,0.34177835428532,0.9128707540747444,native scale-conditioned,scale_conditioned,1.0
173,86,2.0,axis_edge_orthogonal,0.7369810303270385,False,0.1198890998956618,0.8882748016990124,native scale-conditioned,scale_conditioned,0.0
174,87,0.5,axis_edge_parallel,0.8146057638070153,True,0.3386821929291429,0.9260684642060696,native scale-conditioned,scale_conditioned,1.0
175,87,0.5,axis_edge_orthogonal,0.8021603236776242,True,0.319082627585756,0.9286775228004968,native scale-conditioned,scale_conditioned,1.0
176,88,1.0,axis_edge_parallel,0.7830079277155242,True,0.2903901371233859,0.987149528536862,native scale-conditioned,scale_conditioned,1.0
177,88,1.0,axis_edge_orthogonal,0.8360030476949802,True,0.3754896730047247,0.8956095928239999,native scale-conditioned,scale_conditioned,1.0
178,89,2.0,axis_edge_parallel,0.7823142612686069,True,0.2900180651643046,0.978350568321006,native scale-conditioned,scale_conditioned,1.0
179,89,2.0,axis_edge_orthogonal,0.8248656681584672,True,0.3556300986975542,0.926709672115132,native scale-conditioned,scale_conditioned,1.0
180,90,0.5,axis_edge_parallel,0.8305420911912821,True,0.27656506017848,0.9923232055239194,native scale-conditioned,scale_conditioned,1.0
181,90,0.5,axis_edge_orthogonal,0.8266667208286536,True,0.2724400559314216,0.9954096091318132,native scale-conditioned,scale_conditioned,1.0
182,91,1.0,axis_edge_parallel,0.833871197149719,False,0.2711153948219565,0.9759014545112528,native scale-conditioned,scale_conditioned,0.0
183,91,1.0,axis_edge_orthogonal,0.8462666450435132,True,0.2945839832466448,0.9697045692849896,native scale-conditioned,scale_conditioned,1.0
184,92,2.0,axis_edge_parallel,0.8193739564644228,True,0.2667544902230403,0.9984975389340788,native scale-conditioned,scale_conditioned,1.0
185,92,2.0,axis_edge_orthogonal,0.8833631879811701,False,0.3514767825856817,0.8390091962981471,native scale-conditioned,scale_conditioned,0.0
186,93,0.5,axis_edge_parallel,0.9419660501109482,True,0.5745876814845051,0.6312266312577733,native scale-conditioned,scale_conditioned,1.0
187,93,0.5,axis_edge_orthogonal,0.9441386437900976,True,0.5813272401748897,0.6224422788201261,native scale-conditioned,scale_conditioned,1.0
188,94,1.0,axis_edge_parallel,0.9074116885956336,True,0.5045371758527079,0.6699642078114834,native scale-conditioned,scale_conditioned,1.0
189,94,1.0,axis_edge_orthogonal,0.9101259516976062,True,0.5111518241964322,0.6628024782319677,native scale-conditioned,scale_conditioned,1.0
190,95,2.0,axis_edge_parallel,0.8179322154052607,False,0.3641690571505944,0.6552581568849083,native scale-conditioned,scale_conditioned,0.0
191,95,2.0,axis_edge_orthogonal,0.7880531945442893,False,0.3317715316305127,0.6027583551081817,native scale-conditioned,scale_conditioned,0.0
192,96,0.5,axis_edge_parallel,0.9690330199244646,True,0.6199021495576976,0.5745469080786846,native scale-conditioned,scale_conditioned,1.0
193,96,0.5,axis_edge_orthogonal,0.9719928745466624,True,0.635910397035681,0.5527524674734672,native scale-conditioned,scale_conditioned,1.0
194,97,1.0,axis_edge_parallel,0.985386288246392,True,0.714032205532764,0.4633356276948934,native scale-conditioned,scale_conditioned,1.0
195,97,1.0,axis_edge_orthogonal,0.9898697778704918,True,0.7545910874269967,0.4231107001093787,native scale-conditioned,scale_conditioned,1.0
196,98,2.0,axis_edge_parallel,0.9837587361840484,True,0.7020482448178418,0.4738206390557413,native scale-conditioned,scale_conditioned,1.0
197,98,2.0,axis_edge_orthogonal,0.9924424697906392,True,0.7837578040231985,0.3958679939397789,native scale-conditioned,scale_conditioned,1.0
198,99,0.5,axis_edge_parallel,0.843520941770041,True,0.3230602484158082,0.969036939087776,native scale-conditioned,scale_conditioned,1.0
199,99,0.5,axis_edge_orthogonal,0.8442985848898985,True,0.3235856437466652,0.9703362901925472,native scale-conditioned,scale_conditioned,1.0
200,100,1.0,axis_edge_parallel,0.8241537065204043,True,0.292327010206905,0.9780526507269586,native scale-conditioned,scale_conditioned,1.0
201,100,1.0,axis_edge_orthogonal,0.8379047166150486,True,0.3179220807544566,0.9590466990020522,native scale-conditioned,scale_conditioned,1.0
202,101,2.0,axis_edge_parallel,0.8526102855403662,True,0.3394184521815668,0.9370359257788796,native scale-conditioned,scale_conditioned,1.0
203,101,2.0,axis_edge_orthogonal,0.8682218305642425,True,0.3764589351588773,0.8694007660169072,native scale-conditioned,scale_conditioned,1.0
204,102,0.5,axis_edge_parallel,0.9795597167583768,True,0.7275662387687963,0.4509126331177855,native scale-conditioned,scale_conditioned,1.0
205,102,0.5,axis_edge_orthogonal,0.9845135590221336,True,0.7588284503764384,0.4198727572321354,native scale-conditioned,scale_conditioned,1.0
206,103,1.0,axis_edge_parallel,0.9681366725079104,True,0.6704428836324317,0.5133543648513076,native scale-conditioned,scale_conditioned,1.0
207,103,1.0,axis_edge_orthogonal,0.9828353783900206,True,0.7495330857263621,0.428433815716803,native scale-conditioned,scale_conditioned,1.0
208,104,2.0,axis_edge_parallel,0.9707955659341628,True,0.6829250547667898,0.4988475298266092,native scale-conditioned,scale_conditioned,1.0
209,104,2.0,axis_edge_orthogonal,0.9855172477826564,True,0.771403711789813,0.4069551170844707,native scale-conditioned,scale_conditioned,1.0
210,105,0.5,axis_edge_parallel,0.9497362114655992,True,0.3580569354634539,0.8378824172867045,native scale-conditioned,scale_conditioned,1.0
211,105,0.5,axis_edge_orthogonal,0.9479939288010992,True,0.3467066058042573,0.8356605140899189,native scale-conditioned,scale_conditioned,1.0
212,106,1.0,axis_edge_parallel,0.9493060189008904,True,0.3589695693218093,0.8672458526364124,native scale-conditioned,scale_conditioned,1.0
213,106,1.0,axis_edge_orthogonal,0.9450065623892998,True,0.3305752883433809,0.8586109600093351,native scale-conditioned,scale_conditioned,1.0
214,107,2.0,axis_edge_parallel,0.9494600818008156,False,0.3400808982159858,0.8107750175306352,native scale-conditioned,scale_conditioned,0.0
215,107,2.0,axis_edge_orthogonal,0.9465721983087432,True,0.3325371371262363,0.8390398161349879,native scale-conditioned,scale_conditioned,1.0
216,108,0.5,axis_edge_parallel,0.742472695433237,True,0.3334541633449829,0.96324787979049,native scale-conditioned,scale_conditioned,1.0
217,108,0.5,axis_edge_orthogonal,0.7558126771522586,True,0.3470175413398778,0.947585936309164,native scale-conditioned,scale_conditioned,1.0
218,109,1.0,axis_edge_parallel,0.7661828974259152,True,0.3646506334978182,0.9319731803573292,native scale-conditioned,scale_conditioned,1.0
219,109,1.0,axis_edge_orthogonal,0.760183289317037,True,0.3506684835684533,0.9412488627436736,native scale-conditioned,scale_conditioned,1.0
220,110,2.0,axis_edge_parallel,0.7497353076396728,True,0.3409786581292157,0.9552579772575828,native scale-conditioned,scale_conditioned,1.0
221,110,2.0,axis_edge_orthogonal,0.8085097463514274,True,0.417711077905131,0.8558593081647375,native scale-conditioned,scale_conditioned,1.0
222,111,0.5,axis_edge_parallel,0.9597886984548872,True,0.2542268871792869,0.9996762332985376,native scale-conditioned,scale_conditioned,1.0
223,111,0.5,axis_edge_orthogonal,0.9605198169090272,False,0.2498800599900353,0.9994203164770926,native scale-conditioned,scale_conditioned,0.0
224,112,1.0,axis_edge_parallel,0.9524830114258408,False,0.2469839140163719,0.9869428713459268,native scale-conditioned,scale_conditioned,0.0
225,112,1.0,axis_edge_orthogonal,0.9566890385525556,False,0.2438548968053725,0.99609165909028,native scale-conditioned,scale_conditioned,0.0
226,113,2.0,axis_edge_parallel,0.9488402004799557,False,0.2187917977639529,0.9816712751712474,native scale-conditioned,scale_conditioned,0.0
227,113,2.0,axis_edge_orthogonal,0.9244999943891988,False,0.1854987696928203,0.8583848344833609,native scale-conditioned,scale_conditioned,0.0
228,114,0.5,axis_edge_parallel,0.9873121037348134,False,0.2677701689716854,0.9678526648698932,native scale-conditioned,scale_conditioned,0.0
229,114,0.5,axis_edge_orthogonal,0.9888517210913482,False,0.2701899917422423,0.9565928572778248,native scale-conditioned,scale_conditioned,0.0
230,115,1.0,axis_edge_parallel,0.9808693970823612,False,0.2566180254691029,0.9940410729795556,native scale-conditioned,scale_conditioned,0.0
231,115,1.0,axis_edge_orthogonal,0.9862734096031636,False,0.2608875562757138,0.9735754289772662,native scale-conditioned,scale_conditioned,0.0
232,116,2.0,axis_edge_parallel,0.9722940469778928,False,0.243986324085818,0.9984984220266092,native scale-conditioned,scale_conditioned,0.0
233,116,2.0,axis_edge_orthogonal,0.9527403729396162,False,0.2246509413760699,0.9593313079627552,native scale-conditioned,scale_conditioned,0.0
234,117,0.5,axis_edge_parallel,0.989067309876458,False,0.2768612922598771,0.9720594400286404,native scale-conditioned,scale_conditioned,0.0
235,117,0.5,axis_edge_orthogonal,0.9927053271813504,False,0.2835136119571368,0.9458114524553732,native scale-conditioned,scale_conditioned,0.0
236,118,1.0,axis_edge_parallel,0.9883970282631868,False,0.2722326660452092,0.9768506856625312,native scale-conditioned,scale_conditioned,0.0
237,118,1.0,axis_edge_orthogonal,0.9882675897400228,True,0.2759578366919877,0.9771360004375044,native scale-conditioned,scale_conditioned,1.0
238,119,2.0,axis_edge_parallel,0.9858260847486294,False,0.2654955410038498,0.9875942429461908,native scale-conditioned,scale_conditioned,0.0
239,119,2.0,axis_edge_orthogonal,0.990689401592358,False,0.2855068108978502,0.9616985809814133,native scale-conditioned,scale_conditioned,0.0
240,120,0.5,axis_edge_parallel,0.9897095842943764,True,0.2927646859557604,0.9452183099552368,native scale-conditioned,scale_conditioned,1.0
241,120,0.5,axis_edge_orthogonal,0.9896196015016824,True,0.2920795718563199,0.9461267988450526,native scale-conditioned,scale_conditioned,1.0
242,121,1.0,axis_edge_parallel,0.9874624086801156,True,0.2850278951023148,0.9646552824804756,native scale-conditioned,scale_conditioned,1.0
243,121,1.0,axis_edge_orthogonal,0.988628891852325,True,0.288711322429057,0.9553934303463671,native scale-conditioned,scale_conditioned,1.0
244,122,2.0,axis_edge_parallel,0.974007461994048,True,0.2571289654020594,0.9994169334828232,native scale-conditioned,scale_conditioned,1.0
245,122,2.0,axis_edge_orthogonal,0.9815577617015702,True,0.2724545581423881,0.991743830760454,native scale-conditioned,scale_conditioned,1.0
246,123,0.5,axis_edge_parallel,0.8835972935160907,True,0.2968233513098207,0.94895315235764,native scale-conditioned,scale_conditioned,1.0
247,123,0.5,axis_edge_orthogonal,0.883803550581452,True,0.3001277612719139,0.9362742964455476,native scale-conditioned,scale_conditioned,1.0
248,124,1.0,axis_edge_parallel,0.8890653066544513,True,0.3137129183742151,0.9424419628118598,native scale-conditioned,scale_conditioned,1.0
249,124,1.0,axis_edge_orthogonal,0.8890643599960479,True,0.3191203292864606,0.9180956289440992,native scale-conditioned,scale_conditioned,1.0
250,125,2.0,axis_edge_parallel,0.8719610311563968,False,0.271711101563714,0.911639288314762,native scale-conditioned,scale_conditioned,0.0
251,125,2.0,axis_edge_orthogonal,0.8885426134163262,True,0.3126507209440492,0.9434909904955702,native scale-conditioned,scale_conditioned,1.0
252,126,0.5,axis_edge_parallel,0.8807767741363376,True,0.3382979496048462,0.942495279273128,native scale-conditioned,scale_conditioned,1.0
253,126,0.5,axis_edge_orthogonal,0.8789961622804856,True,0.3337692308521664,0.949097858291874,native scale-conditioned,scale_conditioned,1.0
254,127,1.0,axis_edge_parallel,0.8444044395760082,False,0.2561300640964081,0.9969740054172732,native scale-conditioned,scale_conditioned,0.0
255,127,1.0,axis_edge_orthogonal,0.8437619896069524,False,0.2543852282876229,0.9974616187759672,native scale-conditioned,scale_conditioned,0.0
256,128,2.0,axis_edge_parallel,0.7922994298202993,False,0.1413041141630503,0.9267729504579214,native scale-conditioned,scale_conditioned,0.0
257,128,2.0,axis_edge_orthogonal,0.7937442021545081,False,0.1541840776579943,0.9226396799646372,native scale-conditioned,scale_conditioned,0.0
258,129,0.5,axis_edge_parallel,0.945752294363037,True,0.3931763366356209,0.8297790317918208,native scale-conditioned,scale_conditioned,1.0
259,129,0.5,axis_edge_orthogonal,0.9464007279246662,True,0.3952367681021559,0.826573818995771,native scale-conditioned,scale_conditioned,1.0
260,130,1.0,axis_edge_parallel,0.9377596560957222,True,0.371606363726618,0.8604828948152575,native scale-conditioned,scale_conditioned,1.0
261,130,1.0,axis_edge_orthogonal,0.9434545067354084,True,0.3817575253137519,0.8285023446848587,native scale-conditioned,scale_conditioned,1.0
262,131,2.0,axis_edge_parallel,0.9387482259464532,True,0.3643112518186852,0.8502340537584525,native scale-conditioned,scale_conditioned,1.0
263,131,2.0,axis_edge_orthogonal,0.9339227451076966,True,0.3515879818980159,0.8705429159137906,native scale-conditioned,scale_conditioned,1.0
264,132,0.5,axis_edge_parallel,0.8975341456071279,True,0.5228496800924743,0.6785447338652233,native scale-conditioned,scale_conditioned,1.0
265,132,0.5,axis_edge_orthogonal,0.9061476943862532,True,0.5427982001371381,0.6451506665610691,native scale-conditioned,scale_conditioned,1.0
266,133,1.0,axis_edge_parallel,0.8494090302461104,True,0.4193557883141112,0.7830749081720462,native scale-conditioned,scale_conditioned,1.0
267,133,1.0,axis_edge_orthogonal,0.8438224682065306,True,0.4078625513396307,0.7526811947899829,native scale-conditioned,scale_conditioned,1.0
268,134,2.0,axis_edge_parallel,0.8317968826963699,True,0.3838190458772349,0.8092989581336485,native scale-conditioned,scale_conditioned,1.0
269,134,2.0,axis_edge_orthogonal,0.8250990626561608,False,0.3710629330365627,0.7728233220524604,native scale-conditioned,scale_conditioned,0.0
270,135,0.5,axis_edge_parallel,0.9521670912287252,True,0.4465340928176353,0.7395197331022698,native scale-conditioned,scale_conditioned,1.0
271,135,0.5,axis_edge_orthogonal,0.954036515917042,True,0.4701349677105202,0.7444547262542183,native scale-conditioned,scale_conditioned,1.0
272,136,1.0,axis_edge_parallel,0.920529904959911,True,0.3952623838509188,0.8291558273902127,native scale-conditioned,scale_conditioned,1.0
273,136,1.0,axis_edge_orthogonal,0.8820437982124869,False,0.3249491692403078,0.8494647212921247,native scale-conditioned,scale_conditioned,0.0
274,137,2.0,axis_edge_parallel,0.8551894349645176,False,0.3001374910345223,0.7038078857095492,native scale-conditioned,scale_conditioned,0.0
275,137,2.0,axis_edge_orthogonal,0.7474477730958355,False,0.1325799142063168,0.5761478389355517,native scale-conditioned,scale_conditioned,0.0
276,138,0.5,axis_edge_parallel,0.8104524699274273,True,0.4293668355093011,0.8525018787771731,native scale-conditioned,scale_conditioned,1.0
277,138,0.5,axis_edge_orthogonal,0.8099878818466233,True,0.4286748275061207,0.8534608575902252,native scale-conditioned,scale_conditioned,1.0
278,139,1.0,axis_edge_parallel,0.7478218623336469,True,0.3400714157153179,0.958455298721138,native scale-conditioned,scale_conditioned,1.0
279,139,1.0,axis_edge_orthogonal,0.7491374929640015,True,0.3418976426512362,0.95679895203565,native scale-conditioned,scale_conditioned,1.0
280,140,2.0,axis_edge_parallel,0.6682662988335462,False,0.233840654608768,0.9985997542640668,native scale-conditioned,scale_conditioned,0.0
281,140,2.0,axis_edge_orthogonal,0.7074757737910371,True,0.2857039944469299,0.9931597867164836,native scale-conditioned,scale_conditioned,1.0
282,141,0.5,axis_edge_parallel,0.8247512322888922,False,0.298203386510846,0.846364945121537,native scale-conditioned,scale_conditioned,0.0
283,141,0.5,axis_edge_orthogonal,0.794980165867851,False,0.2720338398132175,0.7512005538089245,native scale-conditioned,scale_conditioned,0.0
284,142,1.0,axis_edge_parallel,0.8445030303032904,False,0.3176959155174407,0.8410014870878052,native scale-conditioned,scale_conditioned,0.0
285,142,1.0,axis_edge_orthogonal,0.7689554391906988,False,0.2537087632559486,0.6499545937129747,native scale-conditioned,scale_conditioned,0.0
286,143,2.0,axis_edge_parallel,0.798041883273143,False,0.2638206360369639,0.7857515097643597,native scale-conditioned,scale_conditioned,0.0
287,143,2.0,axis_edge_orthogonal,0.727676562644452,False,0.2142148846713739,0.5527280472959829,native scale-conditioned,scale_conditioned,0.0
288,144,0.5,axis_edge_parallel,0.9311567280002956,False,0.3642285392954614,0.7801533548577522,native scale-conditioned,scale_conditioned,0.0
289,144,0.5,axis_edge_orthogonal,0.9333581686347076,False,0.375061426185309,0.7396683288662464,native scale-conditioned,scale_conditioned,0.0
290,145,1.0,axis_edge_parallel,0.8667640408496046,False,0.2205895497495138,0.8500574104405676,native scale-conditioned,scale_conditioned,0.0
291,145,1.0,axis_edge_orthogonal,0.9094605988410596,False,0.285791405889282,0.8689863178414633,native scale-conditioned,scale_conditioned,0.0
292,146,2.0,axis_edge_parallel,0.74875597408706,False,0.0878375808024879,0.6001854213924526,native scale-conditioned,scale_conditioned,0.0
293,146,2.0,axis_edge_orthogonal,0.8374547127723381,False,0.1739557774922148,0.8040350190004175,native scale-conditioned,scale_conditioned,0.0
294,147,0.5,axis_edge_parallel,0.8562652395915267,True,0.5783102725726494,0.5020892902669906,native scale-conditioned,scale_conditioned,1.0
295,147,0.5,axis_edge_orthogonal,0.8792861112866195,True,0.6186939930917666,0.4811770784751389,native scale-conditioned,scale_conditioned,1.0
296,148,1.0,axis_edge_parallel,0.828062484231214,True,0.5297856335430766,0.5238067023812377,native scale-conditioned,scale_conditioned,1.0
297,148,1.0,axis_edge_orthogonal,0.8509981425256272,True,0.5730298180053678,0.500395539723177,native scale-conditioned,scale_conditioned,1.0
298,149,2.0,axis_edge_parallel,0.8614628858346622,True,0.5844406642109969,0.5021594097128116,native scale-conditioned,scale_conditioned,1.0
299,149,2.0,axis_edge_orthogonal,0.8516599013866074,True,0.573594632398318,0.5007726507940375,native scale-conditioned,scale_conditioned,1.0
300,150,0.5,axis_edge_parallel,0.9105615168590844,True,0.3517061414529021,0.942585387694292,native scale-conditioned,scale_conditioned,1.0
301,150,0.5,axis_edge_orthogonal,0.9118574549107612,True,0.355433548412668,0.9386593205325596,native scale-conditioned,scale_conditioned,1.0
302,151,1.0,axis_edge_parallel,0.9122007260711716,True,0.3537837720998079,0.9340403889721384,native scale-conditioned,scale_conditioned,1.0
303,151,1.0,axis_edge_orthogonal,0.9254979985249508,True,0.4111613285198589,0.82514896691191,native scale-conditioned,scale_conditioned,1.0
304,152,2.0,axis_edge_parallel,0.916659230327189,True,0.3661213646137158,0.9266981994001692,native scale-conditioned,scale_conditioned,1.0
305,152,2.0,axis_edge_orthogonal,0.9194619495775956,True,0.3770707084092477,0.8957930677240518,native scale-conditioned,scale_conditioned,1.0
306,153,0.5,axis_edge_parallel,0.8693268862786473,True,0.3178151371774761,0.8510565724350116,native scale-conditioned,scale_conditioned,1.0
307,153,0.5,axis_edge_orthogonal,0.8687597318463519,True,0.3177089331294279,0.8449828859272914,native scale-conditioned,scale_conditioned,1.0
308,154,1.0,axis_edge_parallel,0.8600665292497156,False,0.2929611192074954,0.8633605706718313,native scale-conditioned,scale_conditioned,0.0
309,154,1.0,axis_edge_orthogonal,0.8569700548966074,False,0.2846098276084692,0.8663692683631924,native scale-conditioned,scale_conditioned,0.0
310,155,2.0,axis_edge_parallel,0.8578628280311803,False,0.2816900196119775,0.8953095788704882,native scale-conditioned,scale_conditioned,0.0
311,155,2.0,axis_edge_orthogonal,0.8576680453650201,False,0.2827278524901845,0.889899494567262,native scale-conditioned,scale_conditioned,0.0
312,156,0.5,axis_edge_parallel,0.9490381651990368,True,0.617759727117379,0.5793522015101473,native scale-conditioned,scale_conditioned,1.0
313,156,0.5,axis_edge_orthogonal,0.9475784878222748,True,0.6120507244819527,0.5873688729297192,native scale-conditioned,scale_conditioned,1.0
314,157,1.0,axis_edge_parallel,0.8120648033766011,False,0.3116644368510244,0.8890459338906196,native scale-conditioned,scale_conditioned,0.0
315,157,1.0,axis_edge_orthogonal,0.8154525216272254,False,0.3186377036764285,0.8748881756428586,native scale-conditioned,scale_conditioned,0.0
316,158,2.0,axis_edge_parallel,0.7479621248909252,False,0.241198766153021,0.6548193543968962,native scale-conditioned,scale_conditioned,0.0
317,158,2.0,axis_edge_orthogonal,0.6788616990331854,False,0.1280251328077036,0.6313231877296996,native scale-conditioned,scale_conditioned,0.0
318,159,0.5,axis_edge_parallel,0.905261280739918,True,0.538888690537266,0.6696333447210632,native scale-conditioned,scale_conditioned,1.0
319,159,0.5,axis_edge_orthogonal,0.9157744171803632,True,0.5604443582212486,0.644445128786577,native scale-conditioned,scale_conditioned,1.0
320,160,1.0,axis_edge_parallel,0.8656670058002488,True,0.4494662559174792,0.8040402658769856,native scale-conditioned,scale_conditioned,1.0
321,160,1.0,axis_edge_orthogonal,0.8881176760729992,True,0.4924316270392298,0.7472895134221735,native scale-conditioned,scale_conditioned,1.0
322,161,2.0,axis_edge_parallel,0.8576847070629946,True,0.433476187533324,0.8267093256736827,native scale-conditioned,scale_conditioned,1.0
323,161,2.0,axis_edge_orthogonal,0.8453784020638823,True,0.4290275561690083,0.7845136229983033,native scale-conditioned,scale_conditioned,1.0
324,162,0.5,axis_edge_parallel,0.998790948082463,True,0.9233122699063572,0.2924863775397839,native scale-conditioned,scale_conditioned,1.0
325,162,0.5,axis_edge_orthogonal,0.9949630830754516,True,0.8482423410191742,0.3436475214938617,native scale-conditioned,scale_conditioned,1.0
326,163,1.0,axis_edge_parallel,0.9910822226420136,True,0.8018567379078411,0.3807777067052556,native scale-conditioned,scale_conditioned,1.0
327,163,1.0,axis_edge_orthogonal,0.9996388030710376,True,0.9591437832100376,0.2715662400276449,native scale-conditioned,scale_conditioned,1.0
328,164,2.0,axis_edge_parallel,0.987484386031719,True,0.7698963983303574,0.4085880405481922,native scale-conditioned,scale_conditioned,1.0
329,164,2.0,axis_edge_orthogonal,0.9999469580592965,True,0.9836696465310064,0.2583447695092579,native scale-conditioned,scale_conditioned,1.0
330,165,0.5,axis_edge_parallel,0.7859240950243452,False,0.2485528631315078,0.9932865457224888,native scale-conditioned,scale_conditioned,0.0
331,165,0.5,axis_edge_orthogonal,0.8827734975181263,True,0.4497572250610016,0.8232115994552437,native scale-conditioned,scale_conditioned,1.0
332,166,1.0,axis_edge_parallel,0.7724201093063645,False,0.2274894236977296,0.9810005746185634,native scale-conditioned,scale_conditioned,0.0
333,166,1.0,axis_edge_orthogonal,0.8313965751594039,True,0.3411034462781153,0.9466555625265152,native scale-conditioned,scale_conditioned,1.0
334,167,2.0,axis_edge_parallel,0.8048202044992036,True,0.2895506671828974,0.9791465462130344,native scale-conditioned,scale_conditioned,1.0
335,167,2.0,axis_edge_orthogonal,0.8333879950214186,True,0.3509078869696448,0.9340364161701468,native scale-conditioned,scale_conditioned,1.0
336,168,0.5,axis_edge_parallel,0.8574085002704774,True,0.4029555595293093,0.8594339205552798,native scale-conditioned,scale_conditioned,1.0
337,168,0.5,axis_edge_orthogonal,0.8580154453580862,True,0.4066589042056532,0.8455118101639983,native scale-conditioned,scale_conditioned,1.0
338,169,1.0,axis_edge_parallel,0.8407742631622034,True,0.385994360147889,0.8183473378433882,native scale-conditioned,scale_conditioned,1.0
339,169,1.0,axis_edge_orthogonal,0.8432735015351195,True,0.3880749908228548,0.8271110845029735,native scale-conditioned,scale_conditioned,1.0
340,170,2.0,axis_edge_parallel,0.7432126686003568,False,0.235413156074292,0.7990531925008043,native scale-conditioned,scale_conditioned,0.0
341,170,2.0,axis_edge_orthogonal,0.8878676438130773,True,0.4799535645468906,0.7125745582820732,native scale-conditioned,scale_conditioned,1.0
342,171,0.5,axis_edge_parallel,0.894403839458101,True,0.4129310780870754,0.798177432599966,native scale-conditioned,scale_conditioned,1.0
343,171,0.5,axis_edge_orthogonal,0.9352880671325772,True,0.5149441767583491,0.6680270416057841,native scale-conditioned,scale_conditioned,1.0
344,172,1.0,axis_edge_parallel,0.9619107738620783,True,0.6077555339706914,0.560705675070654,native scale-conditioned,scale_conditioned,1.0
345,172,1.0,axis_edge_orthogonal,0.9464395750075022,True,0.5575482109597485,0.6215766347322461,native scale-conditioned,scale_conditioned,1.0
346,173,2.0,axis_edge_parallel,0.8842020153039125,True,0.398441647843051,0.7273675299243827,native scale-conditioned,scale_conditioned,1.0
347,173,2.0,axis_edge_orthogonal,0.7884053872129672,False,0.2451010849406889,0.7437866027746658,native scale-conditioned,scale_conditioned,0.0
348,174,0.5,axis_edge_parallel,0.9341200057799622,False,0.3087902812585726,0.9341096295512596,native scale-conditioned,scale_conditioned,0.0
349,174,0.5,axis_edge_orthogonal,0.931966568701082,False,0.3056320539114344,0.9415617429823748,native scale-conditioned,scale_conditioned,0.0
350,175,1.0,axis_edge_parallel,0.9125764432817172,False,0.2780521109568976,0.9849483657660064,native scale-conditioned,scale_conditioned,0.0
351,175,1.0,axis_edge_orthogonal,0.9176173344393296,False,0.2820483851454094,0.9760842527901444,native scale-conditioned,scale_conditioned,0.0
352,176,2.0,axis_edge_parallel,0.873721545450258,False,0.2175480866914026,0.9887839393610008,native scale-conditioned,scale_conditioned,0.0
353,176,2.0,axis_edge_orthogonal,0.8927412600668388,False,0.2488975901333669,0.9979059963592056,native scale-conditioned,scale_conditioned,0.0
354,177,0.5,axis_edge_parallel,0.9851159583101504,True,0.2843670666155745,0.984405459130383,native scale-conditioned,scale_conditioned,1.0
355,177,0.5,axis_edge_orthogonal,0.9852850373394492,True,0.2846544707808082,0.9835084954856204,native scale-conditioned,scale_conditioned,1.0
356,178,1.0,axis_edge_parallel,0.9863817041825864,True,0.2866696181316646,0.9762095699558346,native scale-conditioned,scale_conditioned,1.0
357,178,1.0,axis_edge_orthogonal,0.9871730337867154,True,0.2962934747235852,0.9647880643436518,native scale-conditioned,scale_conditioned,1.0
358,179,2.0,axis_edge_parallel,0.9828156375860864,True,0.2660994758334998,0.994399757955418,native scale-conditioned,scale_conditioned,1.0
359,179,2.0,axis_edge_orthogonal,0.9856081067625004,True,0.2930316046877596,0.9806732426348956,native scale-conditioned,scale_conditioned,1.0
360,180,0.5,axis_edge_parallel,0.9712593299901504,False,0.3069883009925088,0.9327465879868874,native scale-conditioned,scale_conditioned,0.0
361,180,0.5,axis_edge_orthogonal,0.9714115556080316,False,0.3076710760435998,0.9314843660899302,native scale-conditioned,scale_conditioned,0.0
362,181,1.0,axis_edge_parallel,0.9698564820899512,False,0.2882975285981363,0.9412856468443024,native scale-conditioned,scale_conditioned,0.0
363,181,1.0,axis_edge_orthogonal,0.9678897224892729,False,0.2932470388274643,0.9550802327703246,native scale-conditioned,scale_conditioned,0.0
364,182,2.0,axis_edge_parallel,0.956691808461305,False,0.256849163220993,0.9842252091227957,native scale-conditioned,scale_conditioned,0.0
365,182,2.0,axis_edge_orthogonal,0.9626591512226232,False,0.2893533009440403,0.9620353893232578,native scale-conditioned,scale_conditioned,0.0
366,183,0.5,axis_edge_parallel,0.8698425333408832,True,0.2840054887416269,0.9897371124146396,native scale-conditioned,scale_conditioned,1.0
367,183,0.5,axis_edge_orthogonal,0.8673627992235889,True,0.2796752905296246,0.9913505487817148,native scale-conditioned,scale_conditioned,1.0
368,184,1.0,axis_edge_parallel,0.8435170271764152,False,0.2360835567894184,0.9981885935165058,native scale-conditioned,scale_conditioned,0.0
369,184,1.0,axis_edge_orthogonal,0.8374069190388956,False,0.2387314074361645,0.9945010229231096,native scale-conditioned,scale_conditioned,0.0
370,185,2.0,axis_edge_parallel,0.8720122578550197,True,0.3038918856402823,0.9235667479583656,native scale-conditioned,scale_conditioned,1.0
371,185,2.0,axis_edge_orthogonal,0.8819585067823437,False,0.3174034417666272,0.8765081530721117,native scale-conditioned,scale_conditioned,0.0
372,186,0.5,axis_edge_parallel,0.9520315840821366,True,0.5078536880292196,0.5138204727414825,native scale-conditioned,scale_conditioned,1.0
373,186,0.5,axis_edge_orthogonal,0.9472626956188284,False,0.4866829560740731,0.5099527501445713,native scale-conditioned,scale_conditioned,0.0
374,187,1.0,axis_edge_parallel,0.9313820661281506,False,0.4165427239406258,0.4986625867103008,native scale-conditioned,scale_conditioned,0.0
375,187,1.0,axis_edge_orthogonal,0.9245085515120646,False,0.3925809008005409,0.4798379379006546,native scale-conditioned,scale_conditioned,0.0
376,188,2.0,axis_edge_parallel,0.949046029355376,False,0.4983741581750578,0.502534248500479,native scale-conditioned,scale_conditioned,0.0
377,188,2.0,axis_edge_orthogonal,0.9317779477454946,False,0.4219493877448745,0.490309789672807,native scale-conditioned,scale_conditioned,0.0
378,189,0.5,axis_edge_parallel,0.8753233673781756,True,0.3540197865461617,0.940711629492514,native scale-conditioned,scale_conditioned,1.0
379,189,0.5,axis_edge_orthogonal,0.8747392829682279,True,0.3519160554613331,0.9434589746226956,native scale-conditioned,scale_conditioned,1.0
380,190,1.0,axis_edge_parallel,0.8823215036601971,True,0.375316524839516,0.912994369110105,native scale-conditioned,scale_conditioned,1.0
381,190,1.0,axis_edge_orthogonal,0.8845124339773519,True,0.3797686459114533,0.9098699753557262,native scale-conditioned,scale_conditioned,1.0
382,191,2.0,axis_edge_parallel,0.8837621289977547,True,0.3846005600002219,0.8950308138905722,native scale-conditioned,scale_conditioned,1.0
383,191,2.0,axis_edge_orthogonal,0.8981529089799372,True,0.4218020878166442,0.848121086012893,native scale-conditioned,scale_conditioned,1.0
384,192,0.5,axis_edge_parallel,0.7906256933586693,True,0.4248617492947011,0.8592881610927988,native scale-conditioned,scale_conditioned,1.0
385,192,0.5,axis_edge_orthogonal,0.8296719530299752,True,0.4864961087299636,0.7696366123844258,native scale-conditioned,scale_conditioned,1.0
386,193,1.0,axis_edge_parallel,0.8250074077358702,True,0.4789280108140779,0.7815033702496365,native scale-conditioned,scale_conditioned,1.0
387,193,1.0,axis_edge_orthogonal,0.830096510007352,True,0.4871857118274755,0.7691886971081979,native scale-conditioned,scale_conditioned,1.0
388,194,2.0,axis_edge_parallel,0.8596574485563077,True,0.5365287737127188,0.695442782927463,native scale-conditioned,scale_conditioned,1.0
389,194,2.0,axis_edge_orthogonal,0.839456849363293,True,0.5024977671522156,0.7460990196501281,native scale-conditioned,scale_conditioned,1.0
390,195,0.5,axis_edge_parallel,0.6810244474223967,False,0.1485595514178787,0.947715422787386,native scale-conditioned,scale_conditioned,0.0
391,195,0.5,axis_edge_orthogonal,0.7448112069282434,True,0.2821345823428884,0.9945163616237044,native scale-conditioned,scale_conditioned,1.0
392,196,1.0,axis_edge_parallel,0.7024981362979689,False,0.1943768166160854,0.9834978262454844,native scale-conditioned,scale_conditioned,0.0
393,196,1.0,axis_edge_orthogonal,0.7266958892691135,False,0.2445212532601454,0.99617431642983,native scale-conditioned,scale_conditioned,0.0
394,197,2.0,axis_edge_parallel,0.7050496898373977,False,0.1997853621248677,0.9857905385356346,native scale-conditioned,scale_conditioned,0.0
395,197,2.0,axis_edge_orthogonal,0.6868569840432657,False,0.161108072591513,0.9594441586362504,native scale-conditioned,scale_conditioned,0.0
396,198,0.5,axis_edge_parallel,0.9867980663351864,False,0.4087495617258013,0.688568780436605,native scale-conditioned,scale_conditioned,0.0
397,198,0.5,axis_edge_orthogonal,0.9868313213414412,False,0.4094537276084016,0.6882191671375011,native scale-conditioned,scale_conditioned,0.0
398,199,1.0,axis_edge_parallel,0.9931215654534244,False,0.4316012790475321,0.6088907902715891,native scale-conditioned,scale_conditioned,0.0
399,199,1.0,axis_edge_orthogonal,0.9938020618904966,False,0.4374887568046865,0.6031948066650237,native scale-conditioned,scale_conditioned,0.0
400,200,2.0,axis_edge_parallel,0.9958357225526948,False,0.4556108560784374,0.5388707060273142,native scale-conditioned,scale_conditioned,0.0
401,200,2.0,axis_edge_orthogonal,0.9934216029891808,False,0.401571375207889,0.5859677507134327,native scale-conditioned,scale_conditioned,0.0
402,201,0.5,axis_edge_parallel,0.9808900098669708,True,0.4035877676391391,0.7547645254164451,native scale-conditioned,scale_conditioned,1.0
403,201,0.5,axis_edge_orthogonal,0.982396014169278,True,0.4078939906191912,0.7420158516372657,native scale-conditioned,scale_conditioned,1.0
404,202,1.0,axis_edge_parallel,0.9831717366971008,True,0.4187271660067538,0.7161255274580479,native scale-conditioned,scale_conditioned,1.0
405,202,1.0,axis_edge_orthogonal,0.9847516006819912,True,0.4247246236317409,0.7097174480836108,native scale-conditioned,scale_conditioned,1.0
406,203,2.0,axis_edge_parallel,0.9926009765395412,True,0.4689013613051224,0.6128269326746859,native scale-conditioned,scale_conditioned,1.0
407,203,2.0,axis_edge_orthogonal,0.9830760919338272,True,0.4552112320012706,0.7161418079515465,native scale-conditioned,scale_conditioned,1.0
408,204,0.5,axis_edge_parallel,0.9604438885376306,True,0.5653597967512634,0.6376939905434743,native scale-conditioned,scale_conditioned,1.0
409,204,0.5,axis_edge_orthogonal,0.9641178847811058,True,0.5836348886901577,0.6115155687670529,native scale-conditioned,scale_conditioned,1.0
410,205,1.0,axis_edge_parallel,0.965605029779271,True,0.6023966388864411,0.5656979365889847,native scale-conditioned,scale_conditioned,1.0
411,205,1.0,axis_edge_orthogonal,0.9584973033916112,True,0.5711877187234002,0.5910054823672664,native scale-conditioned,scale_conditioned,1.0
412,206,2.0,axis_edge_parallel,0.9826404019226046,True,0.7067761785194421,0.4581157680181007,native scale-conditioned,scale_conditioned,1.0
413,206,2.0,axis_edge_orthogonal,0.9566733086459692,True,0.5639817337556251,0.5972560041559075,native scale-conditioned,scale_conditioned,1.0
414,207,0.5,axis_edge_parallel,0.8866279660684616,True,0.4243159209600773,0.7468981065316812,native scale-conditioned,scale_conditioned,1.0
415,207,0.5,axis_edge_orthogonal,0.8850818140688658,True,0.4212015157680036,0.7482084328123917,native scale-conditioned,scale_conditioned,1.0
416,208,1.0,axis_edge_parallel,0.8862586307538816,True,0.4191452049872713,0.7742263820283208,native scale-conditioned,scale_conditioned,1.0
417,208,1.0,axis_edge_orthogonal,0.8778000103742148,True,0.4010936151856287,0.7875507970996325,native scale-conditioned,scale_conditioned,1.0
418,209,2.0,axis_edge_parallel,0.9184932236734288,True,0.4979250738816196,0.6897405611282055,native scale-conditioned,scale_conditioned,1.0
419,209,2.0,axis_edge_orthogonal,0.8528873467814533,False,0.3608997525358692,0.7566009117439954,native scale-conditioned,scale_conditioned,0.0
420,210,0.5,axis_edge_parallel,0.957712930860708,True,0.2810777654629522,0.984832460166489,native scale-conditioned,scale_conditioned,1.0
421,210,0.5,axis_edge_orthogonal,0.9576804001782137,True,0.2805583332903906,0.985918731937824,native scale-conditioned,scale_conditioned,1.0
422,211,1.0,axis_edge_parallel,0.958671189658496,False,0.2622439605273,0.9959434077012,native scale-conditioned,scale_conditioned,0.0
423,211,1.0,axis_edge_orthogonal,0.9590519985742954,False,0.2574207235021354,0.9960303365552832,native scale-conditioned,scale_conditioned,0.0
424,212,2.0,axis_edge_parallel,0.9587063413555084,False,0.2354261699291967,0.98409428260023,native scale-conditioned,scale_conditioned,0.0
425,212,2.0,axis_edge_orthogonal,0.960243523433844,False,0.2354026003440975,0.9785218429100314,native scale-conditioned,scale_conditioned,0.0
426,213,0.5,axis_edge_parallel,0.9009493980200208,True,0.3675670035607272,0.7349520984488812,native scale-conditioned,scale_conditioned,1.0
427,213,0.5,axis_edge_orthogonal,0.9210398681267798,True,0.4529988253241046,0.7022281054295321,native scale-conditioned,scale_conditioned,1.0
428,214,1.0,axis_edge_parallel,0.9235874675631276,True,0.5546092467074191,0.6012318031153048,native scale-conditioned,scale_conditioned,1.0
429,214,1.0,axis_edge_orthogonal,0.8785642244482255,True,0.5129806242647801,0.5840381916410375,native scale-conditioned,scale_conditioned,1.0
430,215,2.0,axis_edge_parallel,0.9368707509727634,True,0.5873239159248297,0.5735846510703703,native scale-conditioned,scale_conditioned,1.0
431,215,2.0,axis_edge_orthogonal,0.8661296737000936,True,0.4430893687316829,0.6526492723490577,native scale-conditioned,scale_conditioned,1.0
432,216,0.5,axis_edge_parallel,0.8467691553747181,False,0.2081573472620571,0.9825469142922838,native scale-conditioned,scale_conditioned,0.0
433,216,0.5,axis_edge_orthogonal,0.8205359996274915,False,0.1577924888281923,0.9094437835507728,native scale-conditioned,scale_conditioned,0.0
434,217,1.0,axis_edge_parallel,0.8492099720005425,False,0.2134581345612942,0.9895943742395288,native scale-conditioned,scale_conditioned,0.0
435,217,1.0,axis_edge_orthogonal,0.8161489440167812,False,0.1356249878387649,0.9341502184582768,native scale-conditioned,scale_conditioned,0.0
436,218,2.0,axis_edge_parallel,0.8680620045071313,False,0.2599195089798033,0.9806246343444296,native scale-conditioned,scale_conditioned,0.0
437,218,2.0,axis_edge_orthogonal,0.8436478651679976,False,0.2023043681249966,0.9875776298950928,native scale-conditioned,scale_conditioned,0.0
438,219,0.5,axis_edge_parallel,0.99757843870546,True,0.9099516066427,0.3003604626307832,native scale-conditioned,scale_conditioned,1.0
439,219,0.5,axis_edge_orthogonal,0.997839788443122,True,0.9151475192289878,0.2971202155932827,native scale-conditioned,scale_conditioned,1.0
440,220,1.0,axis_edge_parallel,0.9986283153760706,True,0.9335580064909584,0.2858732835314631,native scale-conditioned,scale_conditioned,1.0
441,220,1.0,axis_edge_orthogonal,0.999493773895404,True,0.9599117447945696,0.2709576495396007,native scale-conditioned,scale_conditioned,1.0
442,221,2.0,axis_edge_parallel,0.9994495044847328,True,0.9593037595167327,0.2712301770733622,native scale-conditioned,scale_conditioned,1.0
443,221,2.0,axis_edge_orthogonal,0.9999000066406326,True,0.982740945851269,0.2587824649509304,native scale-conditioned,scale_conditioned,1.0
444,222,0.5,axis_edge_parallel,0.8977584727460154,True,0.5074486303031914,0.7225981714433336,native scale-conditioned,scale_conditioned,1.0
445,222,0.5,axis_edge_orthogonal,0.9051430237651732,True,0.5243193195452107,0.6995436307135562,native scale-conditioned,scale_conditioned,1.0
446,223,1.0,axis_edge_parallel,0.855427767781982,True,0.4039693063130212,0.8725198987836466,native scale-conditioned,scale_conditioned,1.0
447,223,1.0,axis_edge_orthogonal,0.8604127088212524,True,0.4129332538476648,0.8624536755074962,native scale-conditioned,scale_conditioned,1.0
448,224,2.0,axis_edge_parallel,0.8818688415726357,True,0.4341044849964198,0.8467373684694273,native scale-conditioned,scale_conditioned,1.0
449,224,2.0,axis_edge_orthogonal,0.8346673986016714,True,0.3559331855913825,0.9327014421534252,native scale-conditioned,scale_conditioned,1.0
450,225,0.5,axis_edge_parallel,0.9963880530815042,True,0.3104234562499325,0.856467402665706,native scale-conditioned,scale_conditioned,1.0
451,225,0.5,axis_edge_orthogonal,0.996193751546218,True,0.3096458464684371,0.8591378170908278,native scale-conditioned,scale_conditioned,1.0
452,226,1.0,axis_edge_parallel,0.9866669364941116,False,0.2860208691772801,0.9376988446978568,native scale-conditioned,scale_conditioned,0.0
453,226,1.0,axis_edge_orthogonal,0.9853122582197066,False,0.2840886330041751,0.9445498576352502,native scale-conditioned,scale_conditioned,0.0
454,227,2.0,axis_edge_parallel,0.966901280710717,True,0.2628055205737606,0.9936341501700472,native scale-conditioned,scale_conditioned,1.0
455,227,2.0,axis_edge_orthogonal,0.9665132052045692,True,0.2635524369966673,0.9939710550054086,native scale-conditioned,scale_conditioned,1.0
456,228,0.5,axis_edge_parallel,0.9954381736106428,True,0.3077606596732656,0.868744782980631,native scale-conditioned,scale_conditioned,1.0
457,228,0.5,axis_edge_orthogonal,0.994630198232522,True,0.3053606624517447,0.8779697635067638,native scale-conditioned,scale_conditioned,1.0
458,229,1.0,axis_edge_parallel,0.9833731244367344,False,0.2817255576626843,0.9532765280977517,native scale-conditioned,scale_conditioned,0.0
459,229,1.0,axis_edge_orthogonal,0.9836299690875084,False,0.2768152904536199,0.9515080158876056,native scale-conditioned,scale_conditioned,0.0
460,230,2.0,axis_edge_parallel,0.9325618536994884,False,0.2329755676945817,0.9838470892524658,native scale-conditioned,scale_conditioned,0.0
461,230,2.0,axis_edge_orthogonal,0.9314148080767942,False,0.2259088737837578,0.9818732528160048,native scale-conditioned,scale_conditioned,0.0
462,231,0.5,axis_edge_parallel,0.99416571669334,True,0.3098414185473811,0.8800532266173436,native scale-conditioned,scale_conditioned,1.0
463,231,0.5,axis_edge_orthogonal,0.9940023462243832,True,0.3100887662606159,0.8817169673425946,native scale-conditioned,scale_conditioned,1.0
464,232,1.0,axis_edge_parallel,0.9818842031587728,True,0.2844336113587764,0.9580258899293648,native scale-conditioned,scale_conditioned,1.0
465,232,1.0,axis_edge_orthogonal,0.9732626274115552,True,0.2726214934253055,0.9829727519876316,native scale-conditioned,scale_conditioned,1.0
466,233,2.0,axis_edge_parallel,0.9432425088806448,False,0.2351412429074,0.9951895687537105,native scale-conditioned,scale_conditioned,0.0
467,233,2.0,axis_edge_orthogonal,0.9331282812091798,False,0.2269354324000836,0.9848907727211696,native scale-conditioned,scale_conditioned,0.0
468,234,0.5,axis_edge_parallel,0.9540826599410328,True,0.7186083112315876,0.4528639723089974,native scale-conditioned,scale_conditioned,1.0
469,234,0.5,axis_edge_orthogonal,0.9551129602305088,True,0.7207622626934173,0.4506689585383887,native scale-conditioned,scale_conditioned,1.0
470,235,1.0,axis_edge_parallel,0.963483857530022,True,0.7521931331852202,0.4211249815125089,native scale-conditioned,scale_conditioned,1.0
471,235,1.0,axis_edge_orthogonal,0.961645747023284,True,0.7448975601992928,0.4277918802050938,native scale-conditioned,scale_conditioned,1.0
472,236,2.0,axis_edge_parallel,0.9112331420232852,True,0.6124702833552724,0.5618720673842217,native scale-conditioned,scale_conditioned,1.0
473,236,2.0,axis_edge_orthogonal,0.9802825352700784,True,0.8193588983182164,0.3639885449410124,native scale-conditioned,scale_conditioned,1.0
474,237,0.5,axis_edge_parallel,0.865723702356133,True,0.3066636819864446,0.970719410490506,native scale-conditioned,scale_conditioned,1.0
475,237,0.5,axis_edge_orthogonal,0.8655728906177325,True,0.3062356496510473,0.971058836481599,native scale-conditioned,scale_conditioned,1.0
476,238,1.0,axis_edge_parallel,0.8642391945351507,True,0.2998337901553694,0.9817939563138846,native scale-conditioned,scale_conditioned,1.0
477,238,1.0,axis_edge_orthogonal,0.862128666640308,True,0.2941106418314199,0.9852741525985024,native scale-conditioned,scale_conditioned,1.0
478,239,2.0,axis_edge_parallel,0.8719339946560386,True,0.3171223153340579,0.9758478620174942,native scale-conditioned,scale_conditioned,1.0
479,239,2.0,axis_edge_orthogonal,0.8588294998098126,True,0.2845549369129894,0.9916663246011108,native scale-conditioned,scale_conditioned,1.0
480,240,0.5,axis_edge_parallel,0.7633141114173068,False,0.2340642304487862,0.8202958920622976,native scale-conditioned,scale_conditioned,0.0
481,240,0.5,axis_edge_orthogonal,0.8003964044074049,False,0.2515392768524526,0.9531610354755756,native scale-conditioned,scale_conditioned,0.0
482,241,1.0,axis_edge_parallel,0.801904633046485,False,0.2067660591194691,0.9863605380266518,native scale-conditioned,scale_conditioned,0.0
483,241,1.0,axis_edge_orthogonal,0.6979068880523102,False,0.0680050918150008,0.7354139624517007,native scale-conditioned,scale_conditioned,0.0
484,242,2.0,axis_edge_parallel,0.7756754025558305,False,0.2009930608995707,0.9294101543709484,native scale-conditioned,scale_conditioned,0.0
485,242,2.0,axis_edge_orthogonal,0.7191444943785472,False,0.0684224383671693,0.810737270466775,native scale-conditioned,scale_conditioned,0.0
486,243,0.5,axis_edge_parallel,0.9425804996251016,False,0.2798330803527513,0.984408043498219,native scale-conditioned,scale_conditioned,0.0
487,243,0.5,axis_edge_orthogonal,0.9434364815903546,False,0.28219167859473,0.9828699863713886,native scale-conditioned,scale_conditioned,0.0
488,244,1.0,axis_edge_parallel,0.93138552473565,True,0.2630317504943779,0.9973696706830264,native scale-conditioned,scale_conditioned,1.0
489,244,1.0,axis_edge_orthogonal,0.9333791896614496,False,0.2583286371099806,0.9957277122398246,native scale-conditioned,scale_conditioned,0.0
490,245,2.0,axis_edge_parallel,0.9282514411709436,False,0.2529877794118504,0.9952639597635528,native scale-conditioned,scale_conditioned,0.0
491,245,2.0,axis_edge_orthogonal,0.9455387911796836,True,0.3019780923606515,0.9760867730102996,native scale-conditioned,scale_conditioned,1.0
492,246,0.5,axis_edge_parallel,0.9420650634341656,True,0.2907916681998859,0.9775379969338536,native scale-conditioned,scale_conditioned,1.0
493,246,0.5,axis_edge_orthogonal,0.9415594183686506,True,0.2899694435297795,0.9787750464023218,native scale-conditioned,scale_conditioned,1.0
494,247,1.0,axis_edge_parallel,0.9337363773704992,True,0.2901233194803597,0.989311626032332,native scale-conditioned,scale_conditioned,1.0
495,247,1.0,axis_edge_orthogonal,0.9431356351646564,True,0.3017668281652843,0.9312614830218208,native scale-conditioned,scale_conditioned,1.0
496,248,2.0,axis_edge_parallel,0.912676388023502,False,0.2299013318290763,0.9959294691632876,native scale-conditioned,scale_conditioned,0.0
497,248,2.0,axis_edge_orthogonal,0.9460552533871892,True,0.306518224791285,0.9674882981823304,native scale-conditioned,scale_conditioned,1.0
498,249,0.5,axis_edge_parallel,0.8937258412596336,True,0.3781685283171654,0.7680523674075477,native scale-conditioned,scale_conditioned,1.0
499,249,0.5,axis_edge_orthogonal,0.8922131631959324,True,0.3743102554688153,0.7686011083084244,native scale-conditioned,scale_conditioned,1.0
500,250,1.0,axis_edge_parallel,0.8918526391381829,True,0.3718929660643194,0.7692522491073998,native scale-conditioned,scale_conditioned,1.0
501,250,1.0,axis_edge_orthogonal,0.8907112808377999,True,0.3685057732645329,0.7781822186574251,native scale-conditioned,scale_conditioned,1.0
502,251,2.0,axis_edge_parallel,0.8823737111601317,False,0.3614856027405286,0.6988518944270646,native scale-conditioned,scale_conditioned,0.0
503,251,2.0,axis_edge_orthogonal,0.883782869435437,False,0.360672435770094,0.7216943620640135,native scale-conditioned,scale_conditioned,0.0
504,252,0.5,axis_edge_parallel,0.9223394289996,True,0.3073680447797779,0.9750822459012384,native scale-conditioned,scale_conditioned,1.0
505,252,0.5,axis_edge_orthogonal,0.9228203627052898,True,0.3074629375185132,0.976336764360126,native scale-conditioned,scale_conditioned,1.0
506,253,1.0,axis_edge_parallel,0.9181406015655152,False,0.2903198486197329,0.9718911855542964,native scale-conditioned,scale_conditioned,0.0
507,253,1.0,axis_edge_orthogonal,0.9212420992435156,True,0.3017677148970527,0.9705151745646148,native scale-conditioned,scale_conditioned,1.0
508,254,2.0,axis_edge_parallel,0.9112340783092056,False,0.2576309460311928,0.9685544866314412,native scale-conditioned,scale_conditioned,0.0
509,254,2.0,axis_edge_orthogonal,0.9099922326932536,False,0.2523009402566402,0.9778751173743075,native scale-conditioned,scale_conditioned,0.0
510,255,0.5,axis_edge_parallel,0.8939699894474888,True,0.2837269821472383,0.9921986668468524,native scale-conditioned,scale_conditioned,1.0
511,255,0.5,axis_edge_orthogonal,0.8940533763824157,True,0.2840584715980676,0.9919130729965528,native scale-conditioned,scale_conditioned,1.0
512,256,1.0,axis_edge_parallel,0.8909351066370516,True,0.2722550678969058,0.9966613236115974,native scale-conditioned,scale_conditioned,1.0
513,256,1.0,axis_edge_orthogonal,0.890356751483302,True,0.2701469824234758,0.9968272690372196,native scale-conditioned,scale_conditioned,1.0
514,257,2.0,axis_edge_parallel,0.8800485084671117,False,0.2457467662629066,0.9889338830766669,native scale-conditioned,scale_conditioned,0.0
515,257,2.0,axis_edge_orthogonal,0.8912781660113048,False,0.2786674332073786,0.9708749684502214,native scale-conditioned,scale_conditioned,0.0
516,258,0.5,axis_edge_parallel,0.8450942256024582,False,0.2225029170461419,0.991013799435732,native scale-conditioned,scale_conditioned,0.0
517,258,0.5,axis_edge_orthogonal,0.8620482593332487,False,0.263884124936776,0.9922931862428708,native scale-conditioned,scale_conditioned,0.0
518,259,1.0,axis_edge_parallel,0.8290891019755527,False,0.2019052195907133,0.9720554398901629,native scale-conditioned,scale_conditioned,0.0
519,259,1.0,axis_edge_orthogonal,0.8414300429585573,False,0.2271826263486157,0.9827183047260823,native scale-conditioned,scale_conditioned,0.0
520,260,2.0,axis_edge_parallel,0.8216373333483658,False,0.1965470243398395,0.9291433549837824,native scale-conditioned,scale_conditioned,0.0
521,260,2.0,axis_edge_orthogonal,0.8421814622789466,False,0.2398812624327035,0.9722213295507922,native scale-conditioned,scale_conditioned,0.0
522,261,0.5,axis_edge_parallel,0.9873462596477764,True,0.2610044038852886,0.9960712783546528,native scale-conditioned,scale_conditioned,1.0
523,261,0.5,axis_edge_orthogonal,0.987668419666664,True,0.2648819411160996,0.9964673459248536,native scale-conditioned,scale_conditioned,1.0
524,262,1.0,axis_edge_parallel,0.9873042776566228,True,0.2625279551291158,0.9955606761944662,native scale-conditioned,scale_conditioned,1.0
525,262,1.0,axis_edge_orthogonal,0.9869868540966232,True,0.2586052172005281,0.998807566656468,native scale-conditioned,scale_conditioned,1.0
526,263,2.0,axis_edge_parallel,0.9881192509357728,True,0.2711690284103627,0.9849566840714856,native scale-conditioned,scale_conditioned,1.0
527,263,2.0,axis_edge_orthogonal,0.9865667125350044,True,0.2550596039689672,0.9995413921569124,native scale-conditioned,scale_conditioned,1.0
528,264,0.5,axis_edge_parallel,0.9871394687160346,True,0.2597539629742043,0.9982849642491524,native scale-conditioned,scale_conditioned,1.0
529,264,0.5,axis_edge_orthogonal,0.987282391246257,True,0.2609520199838181,0.997726753077116,native scale-conditioned,scale_conditioned,1.0
530,265,1.0,axis_edge_parallel,0.9867436363888534,True,0.2563365816860692,0.999310625726003,native scale-conditioned,scale_conditioned,1.0
531,265,1.0,axis_edge_orthogonal,0.9877274132443165,True,0.2649952128220961,0.9959385268442714,native scale-conditioned,scale_conditioned,1.0
532,266,2.0,axis_edge_parallel,0.9874947320522512,True,0.2631143282232678,0.9971781794341024,native scale-conditioned,scale_conditioned,1.0
533,266,2.0,axis_edge_orthogonal,0.9867563668455862,False,0.2551892837557519,0.994937508323638,native scale-conditioned,scale_conditioned,0.0
534,267,0.5,axis_edge_parallel,0.9969259096737524,False,0.254959084334997,0.999227091927841,native scale-conditioned,scale_conditioned,0.0
535,267,0.5,axis_edge_orthogonal,0.996827775469266,False,0.242953085240521,0.99899919453216,native scale-conditioned,scale_conditioned,0.0
536,268,1.0,axis_edge_parallel,0.9964560146889304,False,0.2072810476412062,0.985267467480203,native scale-conditioned,scale_conditioned,0.0
537,268,1.0,axis_edge_orthogonal,0.9973327697203718,False,0.2351150469505299,0.9842487488499488,native scale-conditioned,scale_conditioned,0.0
538,269,2.0,axis_edge_parallel,0.99688630308897,False,0.1956480933670398,0.975967821596752,native scale-conditioned,scale_conditioned,0.0
539,269,2.0,axis_edge_orthogonal,0.997341636614383,False,0.2438630834006545,0.9924143067528696,native scale-conditioned,scale_conditioned,0.0
540,270,0.5,axis_edge_parallel,0.9923398025038028,True,0.2546851338395419,0.999762252355588,native scale-conditioned,scale_conditioned,1.0
541,270,0.5,axis_edge_orthogonal,0.9922010834226525,False,0.2549685633477612,0.9994555126809802,native scale-conditioned,scale_conditioned,0.0
542,271,1.0,axis_edge_parallel,0.9924625267462024,True,0.2861562483208322,0.9850312301533516,native scale-conditioned,scale_conditioned,1.0
543,271,1.0,axis_edge_orthogonal,0.9919080853725276,False,0.2247976486108047,0.9961085304705808,native scale-conditioned,scale_conditioned,0.0
544,272,2.0,axis_edge_parallel,0.992775875635097,True,0.2758306584023778,0.99631150898357,native scale-conditioned,scale_conditioned,1.0
545,272,2.0,axis_edge_orthogonal,0.9936124537446352,True,0.2815538052546517,0.9912473028847606,native scale-conditioned,scale_conditioned,1.0
546,273,0.5,axis_edge_parallel,0.9888366815664048,True,0.2560261788692204,0.9996021036931564,native scale-conditioned,scale_conditioned,1.0
547,273,0.5,axis_edge_orthogonal,0.9887305921744942,True,0.2550782449202959,0.9995825053797752,native scale-conditioned,scale_conditioned,1.0
548,274,1.0,axis_edge_parallel,0.9884114347529864,False,0.2362576618822865,0.99884290156796,native scale-conditioned,scale_conditioned,0.0
549,274,1.0,axis_edge_orthogonal,0.9883555604618788,False,0.2436185809997779,0.999648640954034,native scale-conditioned,scale_conditioned,0.0
550,275,2.0,axis_edge_parallel,0.9882560514395774,False,0.2316886093522898,0.9920697262015066,native scale-conditioned,scale_conditioned,0.0
551,275,2.0,axis_edge_orthogonal,0.9883371479702308,False,0.219110395330383,0.9900817931588716,native scale-conditioned,scale_conditioned,0.0
552,276,0.5,axis_edge_parallel,0.9476103850878106,True,0.5507107969627273,0.6098799955829862,native scale-conditioned,scale_conditioned,1.0
553,276,0.5,axis_edge_orthogonal,0.945826507055593,True,0.5456998120357017,0.6096977464107973,native scale-conditioned,scale_conditioned,1.0
554,277,1.0,axis_edge_parallel,0.9738974956356148,True,0.671157057409769,0.4912846295567794,native scale-conditioned,scale_conditioned,1.0
555,277,1.0,axis_edge_orthogonal,0.974979784766982,True,0.6700891110923056,0.5010322908119367,native scale-conditioned,scale_conditioned,1.0
556,278,2.0,axis_edge_parallel,0.9954194962298992,True,0.850591891707405,0.340165171859947,native scale-conditioned,scale_conditioned,1.0
557,278,2.0,axis_edge_orthogonal,0.9842026148314532,True,0.7526686202223399,0.4091277054232913,native scale-conditioned,scale_conditioned,1.0
558,279,0.5,axis_edge_parallel,0.9825248596252992,True,0.7257537523813388,0.4294341973998553,native scale-conditioned,scale_conditioned,1.0
559,279,0.5,axis_edge_orthogonal,0.9808881017008686,True,0.7161523588139593,0.4362781639366217,native scale-conditioned,scale_conditioned,1.0
560,280,1.0,axis_edge_parallel,0.9770594491850092,True,0.6672538787017421,0.495603540912115,native scale-conditioned,scale_conditioned,1.0
561,280,1.0,axis_edge_orthogonal,0.9778299643803698,True,0.6750793713448406,0.4854395158900475,native scale-conditioned,scale_conditioned,1.0
562,281,2.0,axis_edge_parallel,0.940385319922257,True,0.538729163064147,0.5381340435061842,native scale-conditioned,scale_conditioned,1.0
563,281,2.0,axis_edge_orthogonal,0.9845465718656724,True,0.7205704971497279,0.4416411898456719,native scale-conditioned,scale_conditioned,1.0
564,282,0.5,axis_edge_parallel,0.9817579007390852,True,0.7696674029637707,0.4093987531921663,native scale-conditioned,scale_conditioned,1.0
565,282,0.5,axis_edge_orthogonal,0.991054422777654,True,0.8455360096859802,0.3453896323144615,native scale-conditioned,scale_conditioned,1.0
566,283,1.0,axis_edge_parallel,0.9865384149916148,True,0.8038359424854955,0.3788224308207426,native scale-conditioned,scale_conditioned,1.0
567,283,1.0,axis_edge_orthogonal,0.9943334678691064,True,0.8802246296066877,0.3203516573371632,native scale-conditioned,scale_conditioned,1.0
568,284,2.0,axis_edge_parallel,0.9841422434281164,True,0.7853307285015663,0.3942724695849432,native scale-conditioned,scale_conditioned,1.0
569,284,2.0,axis_edge_orthogonal,0.9937016437876134,True,0.8942933268255472,0.3097155159668392,native scale-conditioned,scale_conditioned,1.0
570,285,0.5,axis_edge_parallel,0.9135763651787134,True,0.4633399056770831,0.7976292906619702,native scale-conditioned,scale_conditioned,1.0
571,285,0.5,axis_edge_orthogonal,0.9170499740638716,True,0.4718456145715435,0.7768776687788284,native scale-conditioned,scale_conditioned,1.0
572,286,1.0,axis_edge_parallel,0.9270041207641134,True,0.5158020829274326,0.672691457857025,native scale-conditioned,scale_conditioned,1.0
573,286,1.0,axis_edge_orthogonal,0.9089099753348192,True,0.4779162046190659,0.6923901022284077,native scale-conditioned,scale_conditioned,1.0
574,287,2.0,axis_edge_parallel,0.9414386321760182,True,0.5693700225308914,0.6040279878422289,native scale-conditioned,scale_conditioned,1.0
575,287,2.0,axis_edge_orthogonal,0.9061246832611344,True,0.4580529076551904,0.7087574783651925,native scale-conditioned,scale_conditioned,1.0
576,288,0.5,axis_edge_parallel,0.8769768632146315,True,0.3794674051344356,0.8301695525729609,native scale-conditioned,scale_conditioned,1.0
577,288,0.5,axis_edge_orthogonal,0.8674886211361519,False,0.3541864840836429,0.8189380101382773,native scale-conditioned,scale_conditioned,0.0
578,289,1.0,axis_edge_parallel,0.868697592752709,False,0.37969464927161,0.7210395422664629,native scale-conditioned,scale_conditioned,0.0
579,289,1.0,axis_edge_orthogonal,0.8536934555483737,False,0.3381988043792724,0.7345826497011687,native scale-conditioned,scale_conditioned,0.0
580,290,2.0,axis_edge_parallel,0.8492742435597613,False,0.3236226224302356,0.7825830426914279,native scale-conditioned,scale_conditioned,0.0
581,290,2.0,axis_edge_orthogonal,0.8436307697026393,False,0.2985336909142266,0.8202639823125595,native scale-conditioned,scale_conditioned,0.0
582,291,0.5,axis_edge_parallel,0.8976658448723434,True,0.3192566002224459,0.9709488037039776,native scale-conditioned,scale_conditioned,1.0
583,291,0.5,axis_edge_orthogonal,0.8986012668391088,True,0.3223394420628709,0.9696371879251798,native scale-conditioned,scale_conditioned,1.0
584,292,1.0,axis_edge_parallel,0.8880694809108259,True,0.3027355064514105,0.984271234844855,native scale-conditioned,scale_conditioned,1.0
585,292,1.0,axis_edge_orthogonal,0.8935906786678394,True,0.3181997351141493,0.9736809451415758,native scale-conditioned,scale_conditioned,1.0
586,293,2.0,axis_edge_parallel,0.8736171859771166,False,0.2711834874267566,0.9864502864493822,native scale-conditioned,scale_conditioned,0.0
587,293,2.0,axis_edge_orthogonal,0.8859641096329505,True,0.2995905304092217,0.9809111611395748,native scale-conditioned,scale_conditioned,1.0
588,294,0.5,axis_edge_parallel,0.8795526701115214,True,0.4206437690773117,0.7576653038991551,native scale-conditioned,scale_conditioned,1.0
589,294,0.5,axis_edge_orthogonal,0.9018430296231708,True,0.4736069067891417,0.7135108037582365,native scale-conditioned,scale_conditioned,1.0
590,295,1.0,axis_edge_parallel,0.8675696449715411,True,0.3901670247716955,0.8043091095321749,native scale-conditioned,scale_conditioned,1.0
591,295,1.0,axis_edge_orthogonal,0.8857459622077847,True,0.4376387856624575,0.743342060702435,native scale-conditioned,scale_conditioned,1.0
592,296,2.0,axis_edge_parallel,0.8368291557317576,False,0.3354741108385803,0.7901443432247731,native scale-conditioned,scale_conditioned,0.0
593,296,2.0,axis_edge_orthogonal,0.8481857879360896,False,0.3725260450575368,0.7462765317970322,native scale-conditioned,scale_conditioned,0.0
594,297,0.5,axis_edge_parallel,0.8350445383167594,False,0.2626947613021547,0.8945938072195535,native scale-conditioned,scale_conditioned,0.0
595,297,0.5,axis_edge_orthogonal,0.8259653643677023,False,0.2449152420983785,0.8910936478664596,native scale-conditioned,scale_conditioned,0.0
596,298,1.0,axis_edge_parallel,0.8058865531770503,False,0.2245616700740924,0.7928750135186603,native scale-conditioned,scale_conditioned,0.0
597,298,1.0,axis_edge_orthogonal,0.8501920951496544,False,0.292794108829794,0.863284225818376,native scale-conditioned,scale_conditioned,0.0
598,299,2.0,axis_edge_parallel,0.7916250086511495,False,0.1846001226187123,0.7672919002094184,native scale-conditioned,scale_conditioned,0.0
599,299,2.0,axis_edge_orthogonal,0.8372376405062112,False,0.2812749782030521,0.8192408721693202,native scale-conditioned,scale_conditioned,0.0
600,300,0.5,axis_edge_parallel,0.9575734686852794,True,0.5704697421443176,0.6197890098062488,native scale-conditioned,scale_conditioned,1.0
601,300,0.5,axis_edge_orthogonal,0.962741476410416,True,0.587830794556927,0.6033282269909093,native scale-conditioned,scale_conditioned,1.0
602,301,1.0,axis_edge_parallel,0.96843887481909,True,0.6222859005857185,0.5520589516580624,native scale-conditioned,scale_conditioned,1.0
603,301,1.0,axis_edge_orthogonal,0.972967792253309,True,0.6456816640984249,0.5244832791346205,native scale-conditioned,scale_conditioned,1.0
604,302,2.0,axis_edge_parallel,0.9812495831525044,True,0.7024520032012181,0.4524443080626826,native scale-conditioned,scale_conditioned,1.0
605,302,2.0,axis_edge_orthogonal,0.9959778382798492,True,0.852324071387262,0.3363971664859443,native scale-conditioned,scale_conditioned,1.0
606,303,0.5,axis_edge_parallel,0.959053048567752,True,0.3352896719942816,0.8022454178771287,native scale-conditioned,scale_conditioned,1.0
607,303,0.5,axis_edge_orthogonal,0.959337730320913,True,0.3365762309232393,0.7975476162989643,native scale-conditioned,scale_conditioned,1.0
608,304,1.0,axis_edge_parallel,0.9572382095061248,True,0.3337639684361276,0.794760253250708,native scale-conditioned,scale_conditioned,1.0
609,304,1.0,axis_edge_orthogonal,0.9545433835359016,True,0.329424092061865,0.7954245307236044,native scale-conditioned,scale_conditioned,1.0
610,305,2.0,axis_edge_parallel,0.9453407070488488,False,0.3192315748411568,0.7715873511951079,native scale-conditioned,scale_conditioned,0.0
611,305,2.0,axis_edge_orthogonal,0.930545983343599,False,0.2997664210547597,0.7545816385844498,native scale-conditioned,scale_conditioned,0.0
612,306,0.5,axis_edge_parallel,0.9579266712452053,True,0.3307819665749684,0.8178530791728506,native scale-conditioned,scale_conditioned,1.0
613,306,0.5,axis_edge_orthogonal,0.9584602990955252,True,0.3327320700049544,0.8114574232321629,native scale-conditioned,scale_conditioned,1.0
614,307,1.0,axis_edge_parallel,0.9578028654345484,True,0.3353211030053944,0.7910023056766524,native scale-conditioned,scale_conditioned,1.0
615,307,1.0,axis_edge_orthogonal,0.9561426015673304,True,0.3311590547208767,0.799805032108175,native scale-conditioned,scale_conditioned,1.0
616,308,2.0,axis_edge_parallel,0.9550885989269248,True,0.3318530604520665,0.7864134370772137,native scale-conditioned,scale_conditioned,1.0
617,308,2.0,axis_edge_orthogonal,0.9144301041295906,False,0.2779038529661502,0.7468256510166383,native scale-conditioned,scale_conditioned,0.0
618,309,0.5,axis_edge_parallel,0.8868125398246148,True,0.3389303873788593,0.9592534539475024,native scale-conditioned,scale_conditioned,1.0
619,309,0.5,axis_edge_orthogonal,0.8862109047934187,True,0.3379805630542677,0.9602233303873696,native scale-conditioned,scale_conditioned,1.0
620,310,1.0,axis_edge_parallel,0.8801532668588414,True,0.3309191065659491,0.957483499369916,native scale-conditioned,scale_conditioned,1.0
621,310,1.0,axis_edge_orthogonal,0.8789002549529727,True,0.3269907315093062,0.9638949504042442,native scale-conditioned,scale_conditioned,1.0
622,311,2.0,axis_edge_parallel,0.9121850920408784,True,0.4051089640795109,0.8671982074174734,native scale-conditioned,scale_conditioned,1.0
623,311,2.0,axis_edge_orthogonal,0.8915550456525715,True,0.3585356589848187,0.9290833254245532,native scale-conditioned,scale_conditioned,1.0
624,312,0.5,axis_edge_parallel,0.8712593793736858,True,0.3689403450582723,0.891002976231879,native scale-conditioned,scale_conditioned,1.0
625,312,0.5,axis_edge_orthogonal,0.8713751620357378,True,0.3689647344002709,0.8913888242317368,native scale-conditioned,scale_conditioned,1.0
626,313,1.0,axis_edge_parallel,0.854336704546322,True,0.3277777045084405,0.9512829080018608,native scale-conditioned,scale_conditioned,1.0
627,313,1.0,axis_edge_orthogonal,0.8545266393917201,True,0.3299472980019836,0.949049570337735,native scale-conditioned,scale_conditioned,1.0
628,314,2.0,axis_edge_parallel,0.8350156869528865,True,0.2840448650668523,0.9823567443120228,native scale-conditioned,scale_conditioned,1.0
629,314,2.0,axis_edge_orthogonal,0.8502665333646565,True,0.3151985543138901,0.9687005118214538,native scale-conditioned,scale_conditioned,1.0
630,315,0.5,axis_edge_parallel,0.9644921136493604,True,0.3168705694304042,0.8397372666051033,native scale-conditioned,scale_conditioned,1.0
631,315,0.5,axis_edge_orthogonal,0.9645856817427668,True,0.3174018768140231,0.8384336050620809,native scale-conditioned,scale_conditioned,1.0
632,316,1.0,axis_edge_parallel,0.964286112268438,True,0.3162863776046863,0.8397276414486154,native scale-conditioned,scale_conditioned,1.0
633,316,1.0,axis_edge_orthogonal,0.9639928888211308,True,0.3195943860036225,0.8179687954512994,native scale-conditioned,scale_conditioned,1.0
634,317,2.0,axis_edge_parallel,0.9647197753642812,True,0.3216384715098428,0.8190903766217056,native scale-conditioned,scale_conditioned,1.0
635,317,2.0,axis_edge_orthogonal,0.964728818924742,True,0.3241716989368738,0.8197517331222243,native scale-conditioned,scale_conditioned,1.0
636,318,0.5,axis_edge_parallel,0.8319216078856092,True,0.2830110290106861,0.993683854126587,native scale-conditioned,scale_conditioned,1.0
637,318,0.5,axis_edge_orthogonal,0.8325921878110619,True,0.2842733549808531,0.9930816809208012,native scale-conditioned,scale_conditioned,1.0
638,319,1.0,axis_edge_parallel,0.8287087476972135,True,0.2753700489444357,0.9956456624990604,native scale-conditioned,scale_conditioned,1.0
639,319,1.0,axis_edge_orthogonal,0.7498267359465296,False,0.1247805905823467,0.9219612192990329,native scale-conditioned,scale_conditioned,0.0
640,320,2.0,axis_edge_parallel,0.8073727243416481,False,0.2159873775550328,0.9258472977171892,native scale-conditioned,scale_conditioned,0.0
641,320,2.0,axis_edge_orthogonal,0.7799164221045671,False,0.1742162144351631,0.9516064873815834,native scale-conditioned,scale_conditioned,0.0
642,321,0.5,axis_edge_parallel,0.8202884292326763,False,0.2948968597639926,0.8631138402362363,native scale-conditioned,scale_conditioned,0.0
643,321,0.5,axis_edge_orthogonal,0.7874025635460675,False,0.2556029026291782,0.8214274201849766,native scale-conditioned,scale_conditioned,0.0
644,322,1.0,axis_edge_parallel,0.8038133930499232,False,0.3102406284576717,0.6963828586326697,native scale-conditioned,scale_conditioned,0.0
645,322,1.0,axis_edge_orthogonal,0.8207694918348888,False,0.3490726816076109,0.6996873253186158,native scale-conditioned,scale_conditioned,0.0
646,323,2.0,axis_edge_parallel,0.839948001691159,False,0.3639899636955522,0.7248139441251101,native scale-conditioned,scale_conditioned,0.0
647,323,2.0,axis_edge_orthogonal,0.8243308164214107,False,0.3618284790473948,0.6797713244516652,native scale-conditioned,scale_conditioned,0.0
648,324,0.5,axis_edge_parallel,0.8534330068175748,False,0.2337602278839068,0.9982143352173792,native scale-conditioned,scale_conditioned,0.0
649,324,0.5,axis_edge_orthogonal,0.8545595875546284,False,0.2355543454158896,0.9980945699973928,native scale-conditioned,scale_conditioned,0.0
650,325,1.0,axis_edge_parallel,0.8388189538179299,False,0.1991322467373815,0.9856857150937848,native scale-conditioned,scale_conditioned,0.0
651,325,1.0,axis_edge_orthogonal,0.8377604257856879,False,0.1918447296372434,0.9746833936436792,native scale-conditioned,scale_conditioned,0.0
652,326,2.0,axis_edge_parallel,0.7843269286475197,False,0.1659014349415237,0.7020647503885395,native scale-conditioned,scale_conditioned,0.0
653,326,2.0,axis_edge_orthogonal,0.8355658781525959,False,0.2007253931323739,0.9714865709562014,native scale-conditioned,scale_conditioned,0.0
654,327,0.5,axis_edge_parallel,0.8402817810045801,False,0.2988044090524432,0.6588350572856663,native scale-conditioned,scale_conditioned,0.0
655,327,0.5,axis_edge_orthogonal,0.8528901401737515,False,0.3395568878004422,0.6273934278263966,native scale-conditioned,scale_conditioned,0.0
656,328,1.0,axis_edge_parallel,0.8141634672665845,False,0.2298667471758284,0.6827174577908434,native scale-conditioned,scale_conditioned,0.0
657,328,1.0,axis_edge_orthogonal,0.8784660908894081,False,0.3963097198463638,0.6328861660221508,native scale-conditioned,scale_conditioned,0.0
658,329,2.0,axis_edge_parallel,0.8578357234411434,False,0.3350161579653706,0.6717666572548825,native scale-conditioned,scale_conditioned,0.0
659,329,2.0,axis_edge_orthogonal,0.8591495251655715,False,0.3821825641140633,0.5601514516969636,native scale-conditioned,scale_conditioned,0.0
660,330,0.5,axis_edge_parallel,0.954938773412845,True,0.2774043193283361,0.9958500265162944,native scale-conditioned,scale_conditioned,1.0
661,330,0.5,axis_edge_orthogonal,0.9547665592524052,True,0.2763193747976783,0.9960009631156472,native scale-conditioned,scale_conditioned,1.0
662,331,1.0,axis_edge_parallel,0.9575281448141318,True,0.2819483696287452,0.9907964171625574,native scale-conditioned,scale_conditioned,1.0
663,331,1.0,axis_edge_orthogonal,0.9580253831420694,True,0.2981835862458714,0.9835495746289472,native scale-conditioned,scale_conditioned,1.0
664,332,2.0,axis_edge_parallel,0.9655408427770495,True,0.3647088174739092,0.9235679296907146,native scale-conditioned,scale_conditioned,1.0
665,332,2.0,axis_edge_orthogonal,0.959872202669376,True,0.3160150237780053,0.9700791748969032,native scale-conditioned,scale_conditioned,1.0
666,333,0.5,axis_edge_parallel,0.8619408670077743,True,0.3622749001553038,0.9364212623674026,native scale-conditioned,scale_conditioned,1.0
667,333,0.5,axis_edge_orthogonal,0.8150325558970338,True,0.2883278804119499,0.9732063947419892,native scale-conditioned,scale_conditioned,1.0
668,334,1.0,axis_edge_parallel,0.8457460650539312,True,0.3798353046161535,0.779555525593046,native scale-conditioned,scale_conditioned,1.0
669,334,1.0,axis_edge_orthogonal,0.7624748371331427,False,0.1998401034689513,0.943679426669191,native scale-conditioned,scale_conditioned,0.0
670,335,2.0,axis_edge_parallel,0.7960560892168884,False,0.2719645686756305,0.9080811860745772,native scale-conditioned,scale_conditioned,0.0
671,335,2.0,axis_edge_orthogonal,0.841870383380763,True,0.3247034294705915,0.9634491850891772,native scale-conditioned,scale_conditioned,1.0
672,336,0.5,axis_edge_parallel,0.914575773757455,True,0.3815132957721147,0.901573980184638,native scale-conditioned,scale_conditioned,1.0
673,336,0.5,axis_edge_orthogonal,0.929316369766509,True,0.4424849381612297,0.8314008827787854,native scale-conditioned,scale_conditioned,1.0
674,337,1.0,axis_edge_parallel,0.9054828642117204,True,0.3492671831539761,0.9245873689908096,native scale-conditioned,scale_conditioned,1.0
675,337,1.0,axis_edge_orthogonal,0.9340176489889488,True,0.4447858177540015,0.8144388035084057,native scale-conditioned,scale_conditioned,1.0
676,338,2.0,axis_edge_parallel,0.9201167538732252,True,0.3966590810796562,0.8775218847914792,native scale-conditioned,scale_conditioned,1.0
677,338,2.0,axis_edge_orthogonal,0.929995686438258,True,0.4286599542003091,0.8303856339166394,native scale-conditioned,scale_conditioned,1.0
678,339,0.5,axis_edge_parallel,0.9653469314003172,True,0.4658283135409317,0.7030610860129057,native scale-conditioned,scale_conditioned,1.0
679,339,0.5,axis_edge_orthogonal,0.968017436718661,True,0.4721112744195782,0.681875518988682,native scale-conditioned,scale_conditioned,1.0
680,340,1.0,axis_edge_parallel,0.9525358326948692,True,0.4385409366386437,0.8074242464791437,native scale-conditioned,scale_conditioned,1.0
681,340,1.0,axis_edge_orthogonal,0.9582924813209296,True,0.4383903755098411,0.7523740100628046,native scale-conditioned,scale_conditioned,1.0
682,341,2.0,axis_edge_parallel,0.974572181523614,True,0.5375763436084773,0.6359228038670677,native scale-conditioned,scale_conditioned,1.0
683,341,2.0,axis_edge_orthogonal,0.967816887137264,True,0.4732667231996743,0.669300661825173,native scale-conditioned,scale_conditioned,1.0
684,342,0.5,axis_edge_parallel,0.9799299208695016,True,0.770066195545282,0.4092744976222869,native scale-conditioned,scale_conditioned,1.0
685,342,0.5,axis_edge_orthogonal,0.99207672188844,True,0.8536952038957216,0.3397056791519057,native scale-conditioned,scale_conditioned,1.0
686,343,1.0,axis_edge_parallel,0.9959454476233977,True,0.8947831934881455,0.310679850492277,native scale-conditioned,scale_conditioned,1.0
687,343,1.0,axis_edge_orthogonal,0.9989880100910096,True,0.9470367656551169,0.2784447485250828,native scale-conditioned,scale_conditioned,1.0
688,344,2.0,axis_edge_parallel,0.9967020662447692,True,0.9048786638196258,0.3041105736890297,native scale-conditioned,scale_conditioned,1.0
689,344,2.0,axis_edge_orthogonal,0.9991692955254302,True,0.9519611516075926,0.2756303418624228,native scale-conditioned,scale_conditioned,1.0
690,345,0.5,axis_edge_parallel,0.9325116840355054,True,0.4699538732265313,0.7588430975723593,native scale-conditioned,scale_conditioned,1.0
691,345,0.5,axis_edge_orthogonal,0.930831730450148,True,0.4610383088003916,0.7685792877069028,native scale-conditioned,scale_conditioned,1.0
692,346,1.0,axis_edge_parallel,0.9166170307813882,True,0.4425412734073181,0.7978523554342797,native scale-conditioned,scale_conditioned,1.0
693,346,1.0,axis_edge_orthogonal,0.92110507750258,True,0.4401456361321426,0.8274932986655509,native scale-conditioned,scale_conditioned,1.0
694,347,2.0,axis_edge_parallel,0.9333524932722,True,0.5402646791290249,0.6258548389286869,native scale-conditioned,scale_conditioned,1.0
695,347,2.0,axis_edge_orthogonal,0.9182447023131732,True,0.4743829021106676,0.7554907910871455,native scale-conditioned,scale_conditioned,1.0
696,348,0.5,axis_edge_parallel,0.9031793557094931,False,0.4262532286844486,0.6295727665288039,native scale-conditioned,scale_conditioned,0.0
697,348,0.5,axis_edge_orthogonal,0.9497712531035216,True,0.5815943666957304,0.5386125146039695,native scale-conditioned,scale_conditioned,1.0
698,349,1.0,axis_edge_parallel,0.833213667165704,False,0.2892237139660907,0.4794445628643421,native scale-conditioned,scale_conditioned,0.0
699,349,1.0,axis_edge_orthogonal,0.9285158345464224,True,0.5124442605373214,0.5708798754294844,native scale-conditioned,scale_conditioned,1.0
700,350,2.0,axis_edge_parallel,0.8538848830877989,False,0.3348786545704095,0.5009941679698451,native scale-conditioned,scale_conditioned,0.0
701,350,2.0,axis_edge_orthogonal,0.942052733775744,True,0.5691023827464337,0.519948356148188,native scale-conditioned,scale_conditioned,1.0
702,351,0.5,axis_edge_parallel,0.8622869355191854,True,0.4224884682686388,0.8401891377999855,native scale-conditioned,scale_conditioned,1.0
703,351,0.5,axis_edge_orthogonal,0.9190918971037813,True,0.5507683116579613,0.6670393395952019,native scale-conditioned,scale_conditioned,1.0
704,352,1.0,axis_edge_parallel,0.9406623257735586,True,0.6012235221663538,0.6011906934401151,native scale-conditioned,scale_conditioned,1.0
705,352,1.0,axis_edge_orthogonal,0.9433730418941826,True,0.6241926744785044,0.5543446986877989,native scale-conditioned,scale_conditioned,1.0
706,353,2.0,axis_edge_parallel,0.9670329084925026,True,0.6961597464847729,0.4839015200868356,native scale-conditioned,scale_conditioned,1.0
707,353,2.0,axis_edge_orthogonal,0.9576768046514909,True,0.670306949192522,0.5032100524071546,native scale-conditioned,scale_conditioned,1.0
708,354,0.5,axis_edge_parallel,0.9624368051651636,True,0.6552106401894481,0.5330483334439949,native scale-conditioned,scale_conditioned,1.0
709,354,0.5,axis_edge_orthogonal,0.9607281075671734,True,0.6478040460923079,0.5421914038298421,native scale-conditioned,scale_conditioned,1.0
710,355,1.0,axis_edge_parallel,0.9839073451642152,True,0.7666194182182425,0.412506875816661,native scale-conditioned,scale_conditioned,1.0
711,355,1.0,axis_edge_orthogonal,0.9784708155175876,True,0.733517929476079,0.4440342914843914,native scale-conditioned,scale_conditioned,1.0
712,356,2.0,axis_edge_parallel,0.9982327521280572,True,0.9146073653463386,0.297940348704429,native scale-conditioned,scale_conditioned,1.0
713,356,2.0,axis_edge_orthogonal,0.9968069570102334,True,0.885828824913559,0.3166358562378497,native scale-conditioned,scale_conditioned,1.0
714,357,0.5,axis_edge_parallel,0.7696904329117702,True,0.3760467407314855,0.9218083866438463,native scale-conditioned,scale_conditioned,1.0
715,357,0.5,axis_edge_orthogonal,0.767038181051233,True,0.3720867072145983,0.9262896428905902,native scale-conditioned,scale_conditioned,1.0
716,358,1.0,axis_edge_parallel,0.7623316219903588,True,0.3650749258218779,0.933972908218786,native scale-conditioned,scale_conditioned,1.0
717,358,1.0,axis_edge_orthogonal,0.7593109710241511,True,0.3606102364549203,0.9384379498421968,native scale-conditioned,scale_conditioned,1.0
718,359,2.0,axis_edge_parallel,0.8076215463068317,True,0.4338831319975981,0.8471832248555398,native scale-conditioned,scale_conditioned,1.0
719,359,2.0,axis_edge_orthogonal,0.7778514131909504,True,0.3882776478169809,0.9074367993358196,native scale-conditioned,scale_conditioned,1.0
720,360,0.5,axis_edge_parallel,0.8941992207558279,True,0.3431665378748972,0.90444616975017,native scale-conditioned,scale_conditioned,1.0
721,360,0.5,axis_edge_orthogonal,0.8918524743759454,True,0.3448671491623429,0.907557575962984,native scale-conditioned,scale_conditioned,1.0
722,361,1.0,axis_edge_parallel,0.8841563978208523,True,0.3350389307985442,0.9204951344952328,native scale-conditioned,scale_conditioned,1.0
723,361,1.0,axis_edge_orthogonal,0.860823557346773,True,0.2992471293141855,0.937434692167124,native scale-conditioned,scale_conditioned,1.0
724,362,2.0,axis_edge_parallel,0.875389016969958,True,0.3216861554960027,0.952953191122085,native scale-conditioned,scale_conditioned,1.0
725,362,2.0,axis_edge_orthogonal,0.8470349985678746,False,0.2837935956486003,0.93817278660617,native scale-conditioned,scale_conditioned,0.0
726,363,0.5,axis_edge_parallel,0.951753898953139,True,0.606779542664061,0.5417001375419356,native scale-conditioned,scale_conditioned,1.0
727,363,0.5,axis_edge_orthogonal,0.9532149155267152,True,0.6112933412949517,0.5383838953895028,native scale-conditioned,scale_conditioned,1.0
728,364,1.0,axis_edge_parallel,0.925633664577202,True,0.5024011116459208,0.6547335792933012,native scale-conditioned,scale_conditioned,1.0
729,364,1.0,axis_edge_orthogonal,0.9269926489835632,True,0.5065789136407011,0.647404488642251,native scale-conditioned,scale_conditioned,1.0
730,365,2.0,axis_edge_parallel,0.9410024326068422,True,0.5299380627569183,0.6381676335473029,native scale-conditioned,scale_conditioned,1.0
731,365,2.0,axis_edge_orthogonal,0.934951271678402,True,0.5372681411848446,0.6122686246296047,native scale-conditioned,scale_conditioned,1.0
732,366,0.5,axis_edge_parallel,0.8436141526821571,True,0.433944044215131,0.8293052392310727,native scale-conditioned,scale_conditioned,1.0
733,366,0.5,axis_edge_orthogonal,0.844531225953291,True,0.4346716256256311,0.8284781096613821,native scale-conditioned,scale_conditioned,1.0
734,367,1.0,axis_edge_parallel,0.792659544431683,True,0.326103287827126,0.9309232661603494,native scale-conditioned,scale_conditioned,1.0
735,367,1.0,axis_edge_orthogonal,0.7739723279161631,True,0.2948506129996474,0.9686556560804422,native scale-conditioned,scale_conditioned,1.0
736,368,2.0,axis_edge_parallel,0.7201691154787383,False,0.2119144089608073,0.7896004333390254,native scale-conditioned,scale_conditioned,0.0
737,368,2.0,axis_edge_orthogonal,0.7426590233257618,False,0.253602475681822,0.7982545224992114,native scale-conditioned,scale_conditioned,0.0
738,369,0.5,axis_edge_parallel,0.9713066940283736,False,0.3007618460575499,0.866926775390644,native scale-conditioned,scale_conditioned,0.0
739,369,0.5,axis_edge_orthogonal,0.9720654689031528,False,0.3017158714162427,0.8707398171504184,native scale-conditioned,scale_conditioned,0.0
740,370,1.0,axis_edge_parallel,0.9693704377053342,False,0.2980701534595166,0.9038128060692198,native scale-conditioned,scale_conditioned,0.0
741,370,1.0,axis_edge_orthogonal,0.9464171019848598,False,0.2357888611935298,0.9667497049019942,native scale-conditioned,scale_conditioned,0.0
742,371,2.0,axis_edge_parallel,0.9870567081385,True,0.3876409388405303,0.799065766836789,native scale-conditioned,scale_conditioned,1.0
743,371,2.0,axis_edge_orthogonal,0.9547607855677522,False,0.2616950953685545,0.9893645943436818,native scale-conditioned,scale_conditioned,0.0
744,372,0.5,axis_edge_parallel,0.8542596297525626,True,0.257722845110435,0.9994297942324042,native scale-conditioned,scale_conditioned,1.0
745,372,0.5,axis_edge_orthogonal,0.8465653292974487,False,0.2456338209753513,0.9953991369368984,native scale-conditioned,scale_conditioned,0.0
746,373,1.0,axis_edge_parallel,0.847785967031972,False,0.2470539554136217,0.996868473287749,native scale-conditioned,scale_conditioned,0.0
747,373,1.0,axis_edge_orthogonal,0.8427012057825596,False,0.2399489367684594,0.9912502854971352,native scale-conditioned,scale_conditioned,0.0
748,374,2.0,axis_edge_parallel,0.8428924634363217,False,0.2406127421151105,0.9853301245309984,native scale-conditioned,scale_conditioned,0.0
749,374,2.0,axis_edge_orthogonal,0.8486833962953845,False,0.2538066683785742,0.987994252903361,native scale-conditioned,scale_conditioned,0.0
750,375,0.5,axis_edge_parallel,0.984956089329546,True,0.7622031913309875,0.4163982882303467,native scale-conditioned,scale_conditioned,1.0
751,375,0.5,axis_edge_orthogonal,0.986808592017245,True,0.7764161750778575,0.4032173688579809,native scale-conditioned,scale_conditioned,1.0
752,376,1.0,axis_edge_parallel,0.984870363757306,True,0.7802432127806261,0.3972469047794061,native scale-conditioned,scale_conditioned,1.0
753,376,1.0,axis_edge_orthogonal,0.9809947336167376,True,0.7444984480259145,0.4319581030521618,native scale-conditioned,scale_conditioned,1.0
754,377,2.0,axis_edge_parallel,0.978093646780714,True,0.7546898342044376,0.4159699680466102,native scale-conditioned,scale_conditioned,1.0
755,377,2.0,axis_edge_orthogonal,0.944947520453772,True,0.6249354435630151,0.5349995076226941,native scale-conditioned,scale_conditioned,1.0
756,378,0.5,axis_edge_parallel,0.885863292534186,True,0.3485238076295228,0.9426435146190044,native scale-conditioned,scale_conditioned,1.0
757,378,0.5,axis_edge_orthogonal,0.8856413066988169,True,0.349323613595533,0.9405702566792044,native scale-conditioned,scale_conditioned,1.0
758,379,1.0,axis_edge_parallel,0.8747317776393357,True,0.3455093407183675,0.9219095616365676,native scale-conditioned,scale_conditioned,1.0
759,379,1.0,axis_edge_orthogonal,0.8612519977229559,True,0.2985696820297913,0.969819802969324,native scale-conditioned,scale_conditioned,1.0
760,380,2.0,axis_edge_parallel,0.9179344366960376,True,0.4751601060539589,0.7579123169881363,native scale-conditioned,scale_conditioned,1.0
761,380,2.0,axis_edge_orthogonal,0.9112659313448582,True,0.4276509864215259,0.8451014375753698,native scale-conditioned,scale_conditioned,1.0
762,381,0.5,axis_edge_parallel,0.8458122761122512,False,0.2569831809456737,0.9749986697333008,native scale-conditioned,scale_conditioned,0.0
763,381,0.5,axis_edge_orthogonal,0.8329109417366756,False,0.2297221030461122,0.9578729954609806,native scale-conditioned,scale_conditioned,0.0
764,382,1.0,axis_edge_parallel,0.8514846346498777,True,0.25973921079695,0.998098351829572,native scale-conditioned,scale_conditioned,1.0
765,382,1.0,axis_edge_orthogonal,0.8435718140451807,False,0.2474342228341165,0.9929498226056248,native scale-conditioned,scale_conditioned,0.0
766,383,2.0,axis_edge_parallel,0.8702792845221347,True,0.3032789346443327,0.9739691932667356,native scale-conditioned,scale_conditioned,1.0
767,383,2.0,axis_edge_orthogonal,0.8467397871428709,False,0.2531299091866263,0.9958419260679564,native scale-conditioned,scale_conditioned,0.0
