table_index,trial_id,prior_scale,prior_family,image_correct,feature_cosine,candidate_posterior_true_mass,residual_variance,B_train_r2_energy,B_singular1,B_singular2_fraction,B_singular3_fraction
0,0,0.5,axis_edge_parallel,True,0.8955353919754636,0.3384095538105828,2.888265023291062e-05,0.3958136841030546,2.078996848068072,0.005913821298801235,1.688154352868859e-08
1,0,0.5,axis_edge_orthogonal,True,0.895116801386768,0.3371293189432274,3.530529773545911e-05,0.4055706799772737,2.3379431433582627,0.003175336010997037,1.6322677676284502e-08
2,1,1.0,axis_edge_parallel,False,0.8585224060074204,0.2695634002276293,5.514954626731749e-05,0.2075631027728307,0.8568622877619346,0.02789838050771764,2.5397411008522108e-09
3,1,1.0,axis_edge_orthogonal,False,0.8617318822519078,0.2654433271544604,6.660814599087012e-05,0.2098414280321475,0.943143444658319,0.017655677768331844,2.473571484588058e-09
4,2,2.0,axis_edge_parallel,False,0.8590134712206327,0.2722044453281641,7.787204855023835e-05,0.3631406971554829,1.373314554902226,0.008017476637427178,2.3439401946759067e-09
5,2,2.0,axis_edge_orthogonal,False,0.8724113396895905,0.2849330066107937,9.956871186238808e-05,0.3543653123585505,1.523610930282466,0.006729220904813293,2.4599084121180185e-09
6,3,0.5,axis_edge_parallel,False,0.899236352645311,0.2052114101349205,2.161519330283403e-05,0.3113959410102631,1.299284354513527,0.004447472013712637,4.725435156859012e-10
7,3,0.5,axis_edge_orthogonal,False,0.9150341105998746,0.2749257070397517,4.685956396590653e-05,0.2687940974696807,1.7268686626394818,0.004427907097617383,1.7184693178914597e-10
8,4,1.0,axis_edge_parallel,False,0.9250545603921267,0.2859791339413088,3.4725257743763395e-05,0.192839229296227,0.6274176126589824,0.012692796627005539,2.2000514736086185e-10
9,4,1.0,axis_edge_orthogonal,False,0.8971447754109279,0.1617040488570549,6.537958477782986e-05,0.1639212488639976,0.785495784055822,0.00974616213695012,2.293019380327483e-10
10,5,2.0,axis_edge_parallel,False,0.9258607000370862,0.301726563472056,5.969562066617938e-05,0.1372067487155894,0.4916002404343653,0.01795680239611516,4.501270995323128e-10
11,5,2.0,axis_edge_orthogonal,False,0.8936993280176256,0.1564860126735452,0.0001064362060465,0.1299018936429479,0.6413652930133823,0.014882606839084505,2.770984322241891e-10
12,6,0.5,axis_edge_parallel,True,0.9952376648802695,0.8851885454322923,2.551109888432225e-05,0.343032563839157,1.4035077087725707,0.008386825057115885,2.9347591470539814e-09
13,6,0.5,axis_edge_orthogonal,True,0.9962858101902868,0.899242228691789,4.5422222864483886e-05,0.2578462524366794,1.5327577890397706,0.014588276428102832,3.9395377657701834e-09
14,7,1.0,axis_edge_parallel,True,0.99749532007589,0.9198138969055012,2.648415923666605e-05,0.1884347594172227,0.5666322064411234,0.025135726913074797,2.3748856514478553e-09
15,7,1.0,axis_edge_orthogonal,True,0.9986822442287632,0.945001110208123,4.3891642306484005e-05,0.145707740684888,0.6299054820617975,0.018008203181404978,4.113574943823259e-09
16,8,2.0,axis_edge_parallel,True,0.9962805041531188,0.9053770395356768,4.829926099726063e-05,0.2851479165516718,0.9248829882885228,0.012838644042812753,1.1708360406307296e-09
17,8,2.0,axis_edge_orthogonal,True,0.998585998837741,0.9463786266100744,7.385713905065758e-05,0.2623811865198203,1.0834335389883205,0.008713915000893907,1.6366963470126614e-09
18,9,0.5,axis_edge_parallel,True,0.8897993004381736,0.4638675553175715,4.807395437677853e-05,0.2918200477747324,1.141253333517398,0.004920518112296662,4.1327809311479824e-09
19,9,0.5,axis_edge_orthogonal,True,0.8942604556016753,0.4767679470030017,5.118281952990959e-05,0.263481982437609,1.0939239161726515,0.012220445263779224,4.475654925140053e-09
20,10,1.0,axis_edge_parallel,True,0.8848574642871545,0.4619747334437387,4.339247714286988e-05,0.1763327116007936,0.6795662695788188,0.012145478194553633,7.127618410122974e-10
21,10,1.0,axis_edge_orthogonal,True,0.8892813714366438,0.4735537811091866,4.374751718116062e-05,0.1666594572069091,0.6579799157824076,0.02353300375492708,7.518702297626463e-10
22,11,2.0,axis_edge_parallel,True,0.939400482889305,0.6000986093548545,6.667500390251918e-05,0.2564422185875376,0.9585821645683446,0.01596785976568468,8.21515091453174e-10
23,11,2.0,axis_edge_orthogonal,True,0.9140633176052418,0.5340848851234316,6.098384072391839e-05,0.2329803132171416,0.8555407913496778,0.028278193302746616,1.2037730863167399e-09
24,12,0.5,axis_edge_parallel,True,0.9357056686628548,0.5499251028124356,1.925601273664885e-05,0.3642702164356617,1.1824335823936611,0.006719100884245143,4.262704526777688e-09
25,12,0.5,axis_edge_orthogonal,True,0.9419072083261422,0.5603568579270737,3.138274129631207e-05,0.299138231918161,1.3046333514980528,0.005517681010901662,1.7400954908118438e-09
26,13,1.0,axis_edge_parallel,True,0.8977677435586254,0.4732353630831198,2.1364665614109552e-05,0.1418663667844149,0.4133358342474121,0.025179591142660194,3.0384952100011677e-09
27,13,1.0,axis_edge_orthogonal,True,0.9241846167393316,0.5590633216877605,3.038125920925732e-05,0.1234585700032714,0.4490112750258215,0.04566721846859281,4.149119170673022e-09
28,14,2.0,axis_edge_parallel,True,0.8863792583623623,0.4381809840013463,3.3692605081676463e-05,0.3277594094921547,0.7833246326010725,0.017898752087622916,1.8619862759468066e-09
29,14,2.0,axis_edge_orthogonal,True,0.8923673408236992,0.4772842580632143,4.384752253964124e-05,0.3089489779132326,0.8539335064241858,0.015101920652381196,3.5373197376917794e-09
30,15,0.5,axis_edge_parallel,True,0.997246663137846,0.4573767466410167,6.592924939215833e-05,0.297100892461312,1.699737299265314,0.007934171514903112,5.770295840694371e-09
31,15,0.5,axis_edge_orthogonal,True,0.9974994999101792,0.4606725696626753,8.018643244727238e-05,0.2820730833992836,1.807506321722523,0.00561115021394861,6.785742435233452e-09
32,16,1.0,axis_edge_parallel,True,0.997462758895004,0.4647022452937782,3.753911561620519e-05,0.1676710888467814,0.6516129071569371,0.025804356061255918,4.246175725567389e-09
33,16,1.0,axis_edge_orthogonal,True,0.9978112699074514,0.46962506887861,5.0777129738562e-05,0.1565086523592834,0.7312131861221226,0.020558343139698742,3.818917909456347e-09
34,17,2.0,axis_edge_parallel,True,0.9975359384719906,0.4671630490516387,8.568192775967142e-05,0.2158260439133561,0.9052331224537424,0.009553876790849795,3.0964153594139938e-09
35,17,2.0,axis_edge_orthogonal,True,0.9970789084715288,0.4638805323590814,0.0001030455393534,0.2210737043184272,1.007893274924691,0.011046838571873024,3.841372737396425e-09
36,18,0.5,axis_edge_parallel,True,0.9969926622240252,0.4544208377749364,5.388382637705562e-05,0.4991427194047839,2.204708762538894,0.006751967207455406,7.20096253217324e-09
37,18,0.5,axis_edge_orthogonal,True,0.99684796199642,0.4541422530790487,6.76034277494549e-05,0.4884318500347147,2.416951401991904,0.004761077755314398,8.34234253978353e-09
38,19,1.0,axis_edge_parallel,True,0.9977726744399212,0.4671803782641162,4.686891506878192e-05,0.182372094086166,0.6799019764252147,0.030941474324737997,2.401243723975328e-09
39,19,1.0,axis_edge_orthogonal,True,0.9993102747128016,0.4788800449959496,5.968947980192508e-05,0.174646020499765,0.7462624946517733,0.021302383146182307,1.9991946505149495e-09
40,20,2.0,axis_edge_parallel,True,0.996718949545624,0.4615212940564763,7.430342442751078e-05,0.1816354561718943,0.8441370411069211,0.010435177552742482,4.908591314861963e-09
41,20,2.0,axis_edge_orthogonal,True,0.9980524095278308,0.4694050357959514,9.534694858883238e-05,0.1809721311926087,0.9537967382986178,0.008567485162747638,4.661135514554433e-09
42,21,0.5,axis_edge_parallel,True,0.9388788275512276,0.5731795379226957,4.567222679544764e-05,0.4632960831688858,2.5715472351775976,0.007341509268116774,5.225022278306433e-09
43,21,0.5,axis_edge_orthogonal,True,0.937544177703615,0.5686595987409198,4.464372468295864e-05,0.4654099530660708,2.5448790910367776,0.005835186803419729,1.0821360899096322e-08
44,22,1.0,axis_edge_parallel,True,0.9729368807385548,0.7058827784237801,5.445044172642355e-05,0.1256198697527564,0.6121621910764817,0.01879859071975739,3.128121553475435e-09
45,22,1.0,axis_edge_orthogonal,True,0.976635127248822,0.7250112777332531,4.8653296573012686e-05,0.1242254613390526,0.5567471332713844,0.057080453567265446,2.6890984793075944e-09
46,23,2.0,axis_edge_parallel,True,0.9795245526083008,0.7404712877442041,8.066778743614478e-05,0.2652951721473036,1.1508596976201058,0.0066583943390757135,2.8017374881065965e-09
47,23,2.0,axis_edge_orthogonal,True,0.9928545949080936,0.8398330439390758,7.970063296265383e-05,0.2619014622853954,1.127359778202837,0.014908951226585284,2.704308466422736e-09
48,24,0.5,axis_edge_parallel,True,0.9531096867968554,0.6087451476592892,2.205330493080101e-05,0.2274471665315882,1.2672484092826308,0.020730923622243665,6.632443244273847e-10
49,24,0.5,axis_edge_orthogonal,True,0.9537459014772732,0.6111558112704761,4.104553779889542e-05,0.2219136134034106,1.7103044482191945,0.01649199336151159,6.373308918984444e-10
50,25,1.0,axis_edge_parallel,True,0.913657755653529,0.4750374391375274,2.8118094144427667e-05,0.1209299923243439,0.4509186543056306,0.020040838548285266,6.897825610677612e-10
51,25,1.0,axis_edge_orthogonal,True,0.9168221030168832,0.4840664094214476,5.772604234046608e-05,0.1141956801052382,0.6226152448982365,0.020989576637735995,5.813472346820853e-10
52,26,2.0,axis_edge_parallel,True,0.8722820351811525,0.3698418157783755,5.606632734414526e-05,0.1530815407043849,0.4971398793971344,0.016219510270354058,1.1528190813991086e-09
53,26,2.0,axis_edge_orthogonal,True,0.8540938076177825,0.3301259781386122,0.0001039634417362,0.1578834057978946,0.6899251312711047,0.012345102175752003,1.0292937210486327e-09
54,27,0.5,axis_edge_parallel,True,0.9352165137740904,0.2888231693557231,2.1420317976284373e-05,0.5107000313161093,1.960717603893608,0.010763134796523105,3.3257912160537364e-09
55,27,0.5,axis_edge_orthogonal,True,0.934884279977375,0.2874336220574932,2.893167215354134e-05,0.4825409228679749,2.151150837747267,0.011276088673730764,2.5800185132700705e-09
56,28,1.0,axis_edge_parallel,True,0.9472815483370022,0.310300610217383,4.944450380595744e-05,0.184694002214555,0.73438945959244,0.019047296028663344,4.512074432274409e-09
57,28,1.0,axis_edge_orthogonal,True,0.9415878987818388,0.2975208085631386,6.153680766242175e-05,0.1764503338174267,0.7919809965999262,0.020502635810073316,2.849068987661218e-09
58,29,2.0,axis_edge_parallel,True,0.9756769492866468,0.3803535753485231,6.684097847470537e-05,0.3006894531765131,1.057382771888915,0.007776133626350413,4.40768757006418e-09
59,29,2.0,axis_edge_orthogonal,False,0.975334172018721,0.3598627594094183,9.464508041690602e-05,0.2766667966492057,1.1860616843101293,0.009015351226374054,4.971161748571711e-09
60,30,0.5,axis_edge_parallel,True,0.9449502621465894,0.2780691865353449,7.136943228016917e-05,0.365555046950905,1.4973205842588215,0.004367271946749953,2.7400297539118848e-08
61,30,0.5,axis_edge_orthogonal,True,0.9440838800292862,0.2778613562139634,9.058544294258944e-05,0.3460240260766994,1.616452871091264,0.004098495683883106,2.6330100254628107e-08
62,31,1.0,axis_edge_parallel,False,0.9596194818413633,0.2927733610701068,3.96960415437494e-05,0.0666014463098522,0.3380858563413366,0.029732742707036307,2.2956698726053983e-09
63,31,1.0,axis_edge_orthogonal,False,0.9537093307857304,0.2858313850299804,5.1074004735934775e-05,0.0661271463280649,0.3791054125325006,0.03238825450197698,2.4724688775951525e-09
64,32,2.0,axis_edge_parallel,True,0.9786589269640882,0.36129009162801,7.023921020156663e-05,0.2067027494900469,0.8681570637766038,0.009088196955176382,2.6026921666732886e-09
65,32,2.0,axis_edge_orthogonal,True,0.9856625966829848,0.3767912201204247,9.630740786810382e-05,0.1925561873182717,0.9693175686805134,0.010316859734810706,7.498374327198068e-09
66,33,0.5,axis_edge_parallel,True,0.9850951876298172,0.810146420799327,4.430606369649842e-05,0.3839067153599086,1.5733995993559762,0.009941508699763728,1.1917485475702897e-08
67,33,0.5,axis_edge_orthogonal,True,0.986338980786443,0.8167794227516191,5.528617244908909e-05,0.3675677150542356,1.697877760009436,0.008647267370651293,1.383960910590641e-08
68,34,1.0,axis_edge_parallel,True,0.9887706907852584,0.8351545082042666,5.7916968360363656e-05,0.2564482806659662,0.9314754977798756,0.012260905630449149,6.022026737218275e-09
69,34,1.0,axis_edge_orthogonal,True,0.9923818798858364,0.8631885977938352,7.130203331366125e-05,0.2445367335207585,1.0007085417983987,0.011418600809180066,5.883988440572197e-09
70,35,2.0,axis_edge_parallel,True,0.9906741884811,0.8507990543825648,5.585465899270312e-05,0.267908553296373,0.9746271163539716,0.016392452581550622,5.337310452831932e-09
71,35,2.0,axis_edge_orthogonal,True,0.9959590020561506,0.8997656479832814,7.794907739968465e-05,0.2692190790529324,1.1573058529950282,0.013844868574996427,5.096857065463663e-09
72,36,0.5,axis_edge_parallel,True,0.9647426489934996,0.7144790456699253,5.493114985322981e-05,0.2671907364427077,1.3220807404010828,0.006165072080295259,4.039602133634646e-09
73,36,0.5,axis_edge_orthogonal,True,0.969926952311658,0.7359673852765001,0.0001241736266168,0.2311074512285521,1.797485591785721,0.004282418467246291,4.405637328671055e-09
74,37,1.0,axis_edge_parallel,True,0.9359534754446364,0.6324980388426483,3.928781809540772e-05,0.2698971829257098,0.8171812943576565,0.01470868568297299,5.869068278636529e-10
75,37,1.0,axis_edge_orthogonal,True,0.9528297954354944,0.678313671099757,7.847126669024202e-05,0.2195499912463693,1.0085077134995784,0.012643725793383465,1.1069250826420848e-09
76,38,2.0,axis_edge_parallel,False,0.7311274497812565,0.2971991581446181,5.495611054455426e-05,0.1202549403625133,0.4469643587103927,0.028159277285150004,1.7835062500874076e-09
77,38,2.0,axis_edge_orthogonal,True,0.8665935398904393,0.4636541118448376,0.0001449927822702,0.1058799746830616,0.6788171162572467,0.01999256305242851,1.3801828120744925e-09
78,39,0.5,axis_edge_parallel,True,0.9278630548387812,0.5483974369242794,1.2459714203168805e-05,0.3669674332860018,1.265124426029664,0.013573259121316393,2.674556037426664e-10
79,39,0.5,axis_edge_orthogonal,True,0.9270372244914958,0.5463368993592239,3.65525879789406e-05,0.3135658048226388,1.9250188600353184,0.0037365231222542057,2.433680587844133e-10
80,40,1.0,axis_edge_parallel,True,0.922515153698418,0.5174405600653408,1.1445748934531728e-05,0.2277257455319886,0.4269661924099671,0.02675334566024916,4.0568987740492003e-10
81,40,1.0,axis_edge_orthogonal,True,0.9151105387232148,0.4955960453497842,2.8248994782218546e-05,0.2007366055178345,0.6177632427790085,0.01796193481928227,2.7623938457149275e-10
82,41,2.0,axis_edge_parallel,True,0.9429366117450068,0.5743659421436125,2.0883355364637517e-05,0.3369876220340615,0.6563257319010537,0.00722038863136899,5.225578952923342e-10
83,41,2.0,axis_edge_orthogonal,True,0.9413311130512502,0.5594925492196551,5.151903289507989e-05,0.2852416032201732,0.9096487586930354,0.01816147412265785,3.2211692524476995e-10
84,42,0.5,axis_edge_parallel,True,0.9356594614086802,0.5858222242078088,3.440756070144848e-05,0.3170590813279242,1.273647482535167,0.010036090819231264,5.559421091371129e-09
85,42,0.5,axis_edge_orthogonal,True,0.944224081251227,0.6141951134927174,5.898077984189235e-05,0.2793707483256331,1.5259770008325673,0.005995376557236739,5.618123025037084e-09
86,43,1.0,axis_edge_parallel,True,0.9275963395075,0.5742236130268635,3.021923354406886e-05,0.2717868288685612,0.7150972614709133,0.02220952872700408,1.3371528516287246e-09
87,43,1.0,axis_edge_orthogonal,True,0.9492927229008978,0.6376776342112214,4.578594252542555e-05,0.2427733869279312,0.8102118346670626,0.027327996882257975,1.5955123506969296e-09
88,44,2.0,axis_edge_parallel,True,0.92896767893904,0.5993463193272035,4.575092330213828e-05,0.2373930104384831,0.712346639950412,0.018736982705707193,2.3746377833297854e-09
89,44,2.0,axis_edge_orthogonal,True,0.9578323216269023,0.6863098398202303,8.031040717426878e-05,0.2164635628430457,0.887305838004807,0.016077072775644713,1.769540701041963e-09
90,45,0.5,axis_edge_parallel,True,0.8443757478446113,0.3006946341779501,2.7961043382326752e-05,0.2435302321865571,1.5323452176673362,0.007045226391116516,3.7001752393573574e-09
91,45,0.5,axis_edge_orthogonal,True,0.8459588523627761,0.3050418376503897,4.268300882205396e-05,0.2136415461422537,1.7393420785475486,0.006617338418200497,4.590637709115966e-09
92,46,1.0,axis_edge_parallel,False,0.8337316425296482,0.2739742510996849,3.0064727012818496e-05,0.1671622423401516,0.5649722343964138,0.02101983684109713,5.912467892343145e-09
93,46,1.0,axis_edge_orthogonal,True,0.853507541462655,0.3262590847702756,4.338034837993144e-05,0.170414642423336,0.6827651869980081,0.01136487488036079,5.679885925712248e-09
94,47,2.0,axis_edge_parallel,True,0.885523477340535,0.3910273817563475,5.382039043882591e-05,0.2226774768811547,0.7577443024906914,0.005217222269861363,1.850554592247146e-08
95,47,2.0,axis_edge_orthogonal,True,0.8814264895047855,0.3806785763961074,7.306024815613472e-05,0.2161350467552972,0.8660538171829485,0.0035862355765071395,1.2404207312678897e-08
96,48,0.5,axis_edge_parallel,True,0.8988488037282871,0.3958280144863594,1.2972869455701944e-05,0.4295281379734367,1.4493805459165652,0.01302737601802552,1.3322131556381287e-10
97,48,0.5,axis_edge_orthogonal,True,0.8985136776152318,0.3956192376212918,3.564300664785944e-05,0.3498877643626465,2.016254057801386,0.00762215114746282,1.3546893850307858e-10
98,49,1.0,axis_edge_parallel,True,0.8757517641178978,0.3465246256189544,2.6126451595181785e-05,0.175376665411169,0.5364504306302678,0.008129028992921927,8.4869118894833e-11
99,49,1.0,axis_edge_orthogonal,True,0.862958986938107,0.3066333276154723,5.571984180233228e-05,0.145597522403151,0.6925587599339038,0.025933422759581295,6.834637042185705e-11
100,50,2.0,axis_edge_parallel,True,0.886772647936688,0.4140223614822892,3.5970031097716066e-05,0.09415918324277,0.3283555332831112,0.015621238084484639,6.57995323092069e-11
101,50,2.0,axis_edge_orthogonal,False,0.8395255468983257,0.2512607452038656,7.456105919487542e-05,0.0838568427537174,0.4420559540670392,0.020087946980451306,1.0011855540539406e-10
102,51,0.5,axis_edge_parallel,True,0.9211146114245712,0.3605108386854601,2.258811433870948e-05,0.2969696287305263,0.921604190393657,0.014403642306723675,5.534695377827679e-09
103,51,0.5,axis_edge_orthogonal,True,0.9228816044600324,0.3660183220607036,3.38043746175578e-05,0.2502200650399599,1.000924016804942,0.017523515532471733,4.167140121710533e-09
104,52,1.0,axis_edge_parallel,True,0.9216643754745288,0.3650149085115549,2.2271358804140696e-05,0.1756368129210939,0.4847645676027518,0.016369398366352785,1.906669528861201e-09
105,52,1.0,axis_edge_orthogonal,True,0.9139128088168642,0.3539409465074769,2.8984905293456355e-05,0.1499023386400252,0.4974668666265268,0.047024379062823994,2.5444072798909046e-09
106,53,2.0,axis_edge_parallel,True,0.90304504545794,0.3570198200405783,4.391978295581909e-05,0.1191549716961943,0.3767506587080596,0.01973722251418754,3.996534553486997e-09
107,53,2.0,axis_edge_orthogonal,True,0.8672171484603722,0.2826008144234608,5.7996726598457344e-05,0.1016497984428259,0.3944187717082112,0.034959621381157095,3.354783959843236e-09
108,54,0.5,axis_edge_parallel,True,0.9706448102930308,0.3621213881682315,3.4178145545414564e-05,0.3684429878105294,1.4648430450490526,0.016842831324398864,1.2288232251409424e-09
109,54,0.5,axis_edge_orthogonal,True,0.9717880450431936,0.3667798691614947,5.2200280511841885e-05,0.3335585820500009,1.6700944125929225,0.007277116031251791,1.8178609247087653e-09
110,55,1.0,axis_edge_parallel,True,0.980609493163698,0.3926786164863275,5.496457419262362e-05,0.2173825506920843,0.7470736963819737,0.013858353707552798,7.894909177699829e-10
111,55,1.0,axis_edge_orthogonal,True,0.9775389313509844,0.3862810226783337,7.04719924227403e-05,0.2000909232147578,0.7963988875587489,0.020433207255475823,7.09231117356179e-10
112,56,2.0,axis_edge_parallel,True,0.9832608718917578,0.4048004986699425,6.471134449266535e-05,0.3311191121281612,1.070087787151644,0.020928038396340644,8.176206118330838e-10
113,56,2.0,axis_edge_orthogonal,True,0.99172340506683,0.4584371392479482,8.609698537033879e-05,0.3127931054318409,1.1751975922425686,0.016953990946180306,1.172620711413261e-09
114,57,0.5,axis_edge_parallel,True,0.9756176704118288,0.365931268950941,4.737499778753172e-05,0.498999549356253,2.0747387970971944,0.00829152290331177,1.4139434471580595e-09
115,57,0.5,axis_edge_orthogonal,False,0.9776126377586036,0.3684980698540624,7.899772068448151e-05,0.4471821083114011,2.4040704307141545,0.004449758958239998,1.5898435897425494e-09
116,58,1.0,axis_edge_parallel,False,0.9896884601685786,0.4029617001520941,3.740993046877128e-05,0.206585195693292,0.7059602335845722,0.016148149182033517,1.5297947899379358e-09
117,58,1.0,axis_edge_orthogonal,False,0.9877633581426876,0.3919349925277928,4.909185037409668e-05,0.1825138450583161,0.7351729343470731,0.030793653082269282,2.0871494329022102e-09
118,59,2.0,axis_edge_parallel,False,0.9951986519410088,0.412400996850696,6.962023083297631e-05,0.3191321191724594,1.0191499774971564,0.008443674921090119,1.3192178500126088e-09
119,59,2.0,axis_edge_orthogonal,False,0.9934756424295552,0.3736241730096102,8.458741996969748e-05,0.3132812467156168,1.09813546691863,0.019816216229089106,1.8268404745038407e-09
120,60,0.5,axis_edge_parallel,True,0.8032367317427723,0.3559221528744434,4.209299599097242e-05,0.1748629084318532,1.3696354194384537,0.01026046302655967,6.478449403416954e-09
121,60,0.5,axis_edge_orthogonal,True,0.81380742422399,0.3726085052561558,3.943672967555774e-05,0.1776159815611057,1.3266296672591378,0.02416000469424722,4.650957433547369e-09
122,61,1.0,axis_edge_parallel,True,0.8239199483623841,0.3688326659623447,7.426520564016196e-05,0.198777690054463,0.9451364740387552,0.02361073641385388,2.454236204667621e-09
123,61,1.0,axis_edge_orthogonal,True,0.8497348160096048,0.4176099836806736,6.832914800136274e-05,0.2020706926106119,0.9130015880801136,0.018629274565550965,3.1198062062535068e-09
124,62,2.0,axis_edge_parallel,True,0.8321261918751995,0.3539638271496969,0.0001013484478095,0.3087052625426538,1.3418701329679463,0.013269083228431781,2.624522336617944e-09
125,62,2.0,axis_edge_orthogonal,True,0.8338329360522734,0.3694450432871845,0.0001032972386851,0.3085740207821213,1.3509671248875863,0.017801153241484978,2.677659197142022e-09
126,63,0.5,axis_edge_parallel,True,0.8505525663595561,0.4115864747679904,1.8957557339087413e-05,0.1369263642491548,0.5432068955549213,0.04280934004141495,5.018513248948545e-09
127,63,0.5,axis_edge_orthogonal,True,0.8505030420513326,0.4110381273007572,2.8184410701938942e-05,0.1418108018473538,0.6804838504111901,0.030789608010868618,4.493395436338713e-09
128,64,1.0,axis_edge_parallel,True,0.8440463032527467,0.4041262597119556,1.7989526386221517e-05,0.2530588343447844,0.5560762094517989,0.009163099005824078,1.3281744755738805e-09
129,64,1.0,axis_edge_orthogonal,True,0.8383876821902178,0.3939713403933476,2.7287629672870348e-05,0.2387385047560581,0.6542313558949033,0.025037015795352384,1.2710897843654315e-09
130,65,2.0,axis_edge_parallel,True,0.8796667754716483,0.48481324736917,2.9530529858819865e-05,0.257818230682315,0.5895138339131628,0.014645752340132863,2.8003952039498293e-09
131,65,2.0,axis_edge_orthogonal,True,0.8476194530138744,0.4393626959272174,4.458642171290193e-05,0.2293893248490939,0.661981152535625,0.026520447637977444,6.17845358667689e-09
132,66,0.5,axis_edge_parallel,True,0.9973375646968344,0.9307056032309756,1.311726735557806e-05,0.2025046049017625,0.5217146499428348,0.02155622379723143,4.06137648449078e-09
133,66,0.5,axis_edge_orthogonal,True,0.9973217696584948,0.9308095082533144,3.0890245407598964e-05,0.1723234035217318,0.7191686277081716,0.03256487780129692,6.333978674479058e-09
134,67,1.0,axis_edge_parallel,True,0.9991638603446832,0.9609522557581271,1.0326834189158033e-05,0.3082367122928615,0.453404926259166,0.01243106020414386,6.885590172616209e-10
135,67,1.0,axis_edge_orthogonal,True,0.9976670529455072,0.9353700559506734,2.022532928913477e-05,0.2502190703994282,0.5400107402270841,0.04724816339219401,1.4935806193767907e-09
136,68,2.0,axis_edge_parallel,True,0.9958278267265704,0.9141663737000476,1.5827444460807984e-05,0.0964008991835946,0.2166274552835052,0.025751764914877667,1.329882087269008e-09
137,68,2.0,axis_edge_orthogonal,True,0.989482329295748,0.8656601998013709,3.97794929525282e-05,0.0850417466277827,0.3162095433663424,0.062470264602510095,1.5696459994202482e-09
138,69,0.5,axis_edge_parallel,True,0.9839639931239194,0.7064649175640206,1.5362685559878604e-05,0.374657171805577,0.8710049405965968,0.01837762037065297,1.975281484849812e-09
139,69,0.5,axis_edge_orthogonal,True,0.9775515811868803,0.6625541344890791,1.86187963964154e-05,0.3317187824045952,0.8608626285926526,0.014880899540749835,6.122296215374666e-09
140,70,1.0,axis_edge_parallel,True,0.990747079852612,0.7780423283689782,1.4224190986675642e-05,0.1674392592572621,0.390176895701129,0.02154885428491037,7.468608004166901e-10
141,70,1.0,axis_edge_orthogonal,True,0.988281875071094,0.7429028324529575,1.5496151474387573e-05,0.1438975928848771,0.3717541921057856,0.021279182931035433,7.875971211796385e-10
142,71,2.0,axis_edge_parallel,True,0.9886740811146086,0.7608911853785194,3.573818889870146e-05,0.1624359846510753,0.4206883378990722,0.026502135484272212,2.0312731205016106e-09
143,71,2.0,axis_edge_orthogonal,True,0.9892161128315956,0.7643481413370931,3.618146259951233e-05,0.1539144572405564,0.4109229571356789,0.01575922429276203,3.6344943675980802e-09
144,72,0.5,axis_edge_parallel,True,0.9442062539834636,0.4293093622382845,2.693263988257596e-05,0.2440823261738209,0.9819884201536304,0.007801352957287495,3.577653580511647e-09
145,72,0.5,axis_edge_orthogonal,True,0.968561935752886,0.572150730255313,4.919046441503744e-05,0.2242133042787057,1.268207572135143,0.005244412836000127,3.748978612798982e-09
146,73,1.0,axis_edge_parallel,True,0.9229265828362242,0.3597009648084063,2.949679077006207e-05,0.2060807161843125,0.6321730180959875,0.01772278892375099,1.0915354642544297e-09
147,73,1.0,axis_edge_orthogonal,True,0.9399454995284066,0.435337230945431,5.580523788777689e-05,0.1828733803737379,0.8085718523169826,0.013524721888210373,9.449871693093196e-10
148,74,2.0,axis_edge_parallel,True,0.9388452992516082,0.4105312005002537,4.320573900921688e-05,0.3348983017838429,0.9521933860476136,0.008916802093697319,7.010584393013624e-10
149,74,2.0,axis_edge_orthogonal,True,0.9500507060673216,0.466149627299511,7.999616479575191e-05,0.3140062435060012,1.2361374855213327,0.005664433556455288,7.163429566432599e-10
150,75,0.5,axis_edge_parallel,True,0.98631745640237,0.807777947526247,2.9500447689728024e-05,0.3955951522403809,1.784285883383731,0.003982320466861733,1.863254208279577e-09
151,75,0.5,axis_edge_orthogonal,True,0.9704093636003512,0.7228567147201753,4.946176467381648e-05,0.3654356797751534,2.170725725123324,0.005714954423200061,1.6624543495492481e-09
152,76,1.0,axis_edge_parallel,True,0.9789038862219352,0.7650996407526447,3.693182732268853e-05,0.1692629536638505,0.6201024935792734,0.03499835215559855,1.7405704064790707e-10
153,76,1.0,axis_edge_orthogonal,True,0.9360361474003376,0.5982138414780069,6.078306231900353e-05,0.1538334450144949,0.7653702106931187,0.03022337972586797,2.02764032954752e-10
154,77,2.0,axis_edge_parallel,True,0.9895817035522936,0.8324585883216781,6.462626924812877e-05,0.2856383791878357,1.0042156263436883,0.009866892960724816,5.334223106709539e-10
155,77,2.0,axis_edge_orthogonal,True,0.9739963981652816,0.7416073773092888,9.953230174419024e-05,0.2804850641149706,1.2358631969117384,0.008702470208783711,4.0737682266876537e-10
156,78,0.5,axis_edge_parallel,True,0.9846069624026792,0.8048801199778762,4.401042321877869e-06,0.2981490481866111,0.5587425061845397,0.03859144265955765,2.44374320588937e-09
157,78,0.5,axis_edge_orthogonal,True,0.9819325152431694,0.789965426033598,1.6967722237880554e-05,0.2093994211859101,0.8535320817306572,0.048795941608411435,3.049774658351533e-09
158,79,1.0,axis_edge_parallel,True,0.9846595663627172,0.8129432896562155,4.453844234172471e-06,0.1194145924924789,0.1813016781539314,0.03687304023494577,1.0779526908138553e-09
159,79,1.0,axis_edge_orthogonal,True,0.9868973143197598,0.8245722642942633,1.829429049347066e-05,0.0893831553001189,0.3062641293909938,0.06929009252327394,1.6580901332963457e-09
160,80,2.0,axis_edge_parallel,True,0.988352235259727,0.8372806204215316,7.847473186018796e-06,0.2784299073080921,0.358836098484479,0.01375661167965858,1.5162299642469259e-09
161,80,2.0,axis_edge_orthogonal,True,0.9946375243205,0.8893207865273933,2.689960415710393e-05,0.2342725436251288,0.5785892466503539,0.050735444745096774,1.5525264366998373e-09
162,81,0.5,axis_edge_parallel,True,0.9128926240759574,0.4531982472161749,3.1663262904083864e-05,0.2417660920839237,0.9825048016997084,0.008303698792736009,1.5865352509037655e-08
163,81,0.5,axis_edge_orthogonal,True,0.9202926036439908,0.4757205784861657,4.603014503831917e-05,0.2243340713754681,1.124041500031586,0.006988586530350933,2.1620130118628605e-08
164,82,1.0,axis_edge_parallel,True,0.9495283374250152,0.6445332047000992,2.44884301768041e-05,0.2133933422505075,0.5778842770627394,0.016483991463833,2.1237637246535574e-09
165,82,1.0,axis_edge_orthogonal,True,0.9619794219661733,0.6799882710294004,3.328280877331563e-05,0.2116378856221576,0.6671350016599977,0.022036584465158954,1.7270863573256515e-09
166,83,2.0,axis_edge_parallel,True,0.9471100810895507,0.646532912738573,5.06424244854483e-05,0.1990631937251752,0.6862230198472182,0.015246756036473576,4.9699625598791335e-09
167,83,2.0,axis_edge_orthogonal,True,0.9588979654403046,0.6954196586436395,6.90715898244772e-05,0.1935252652788011,0.7840095251684744,0.015321209763233895,5.532785933655792e-09
168,84,0.5,axis_edge_parallel,True,0.8249249663941544,0.277861677423711,3.589293775381874e-05,0.0666078877483177,0.8665101934127515,0.02649722793044874,2.231392005457711e-09
169,84,0.5,axis_edge_orthogonal,True,0.8232890215182391,0.2734285725256986,4.3706584831359255e-05,0.0633878871821745,0.8652042222213603,0.0412621554367133,3.7995359169495175e-09
170,85,1.0,axis_edge_parallel,True,0.847565809528002,0.3273977840073021,5.601875440994089e-05,0.1895377634593505,0.7643991568292191,0.015332085311312853,9.072943520519943e-10
171,85,1.0,axis_edge_orthogonal,True,0.8248945102211671,0.2783375829975034,5.740193748842647e-05,0.1771534617369717,0.7400705598811659,0.010040314482724097,2.068359467723705e-09
172,86,2.0,axis_edge_parallel,True,0.8467753712969008,0.34177835428532,0.000109633916015,0.2555962727773353,1.2119875584708673,0.0034508953782772136,1.0182611339209588e-09
173,86,2.0,axis_edge_orthogonal,False,0.7369810303270385,0.1198890998956618,0.0001156327306577,0.2411077609525286,1.1963402661303355,0.010279312915108502,1.1453777285470507e-09
174,87,0.5,axis_edge_parallel,True,0.8146057638070153,0.3386821929291429,5.6033197829795857e-05,0.4720793939745688,2.483553625706562,0.00990758667390831,1.0666424698882187e-09
175,87,0.5,axis_edge_orthogonal,True,0.8021603236776242,0.319082627585756,6.114991940075379e-05,0.4789361643350989,2.616977337880149,0.008432701814935994,7.852032998340699e-10
176,88,1.0,axis_edge_parallel,True,0.7830079277155242,0.2903901371233859,4.793829113331646e-05,0.2129967778243323,0.8058264114401444,0.016450304533160046,3.249973894545987e-10
177,88,1.0,axis_edge_orthogonal,True,0.8360030476949802,0.3754896730047247,4.58931282173832e-05,0.1970459042308209,0.7265241594513348,0.041359442275692784,3.5895815777855326e-10
178,89,2.0,axis_edge_parallel,True,0.7823142612686069,0.2900180651643046,7.366367411458897e-05,0.2634073482204832,1.0330791048883674,0.006674227409426175,3.538319668019468e-10
179,89,2.0,axis_edge_orthogonal,True,0.8248656681584672,0.3556300986975542,8.386383426126289e-05,0.2504087500672144,1.0633251493260465,0.01336734974688511,3.8097630963866297e-10
180,90,0.5,axis_edge_parallel,True,0.8305420911912821,0.27656506017848,4.615229584155864e-05,0.2716252901081305,1.1063346424256408,0.008020749019879866,4.831853299045043e-09
181,90,0.5,axis_edge_orthogonal,True,0.8266667208286536,0.2724400559314216,5.227483458656707e-05,0.2508810835772319,1.1155122546817875,0.009239790932352793,4.631263304305982e-09
182,91,1.0,axis_edge_parallel,False,0.833871197149719,0.2711153948219565,4.041507670701041e-05,0.1579175223615058,0.5122244156878667,0.024561194751089855,2.5811125873770956e-09
183,91,1.0,axis_edge_orthogonal,True,0.8462666450435132,0.2945839832466448,4.393713365392222e-05,0.1468969173578441,0.5090885079308856,0.03411102010103921,3.253278921457171e-09
184,92,2.0,axis_edge_parallel,True,0.8193739564644228,0.2667544902230403,6.989913889423563e-05,0.2740591278095439,1.0394651590513664,0.006332223755441943,9.498956330312343e-10
185,92,2.0,axis_edge_orthogonal,False,0.8833631879811701,0.3514767825856817,7.772488782757786e-05,0.2586618104402085,1.0531251834093134,0.011366046290097713,1.027458731793203e-09
186,93,0.5,axis_edge_parallel,True,0.9419660501109482,0.5745876814845051,3.373416433609208e-05,0.2277281187641622,1.5242183195895092,0.020552545115740332,2.3127202749914237e-09
187,93,0.5,axis_edge_orthogonal,True,0.9441386437900976,0.5813272401748897,6.061846520263213e-05,0.2219484662095735,1.9999525231981763,0.01341523907588131,1.4625303373651456e-09
188,94,1.0,axis_edge_parallel,True,0.9074116885956336,0.5045371758527079,4.593117571278094e-05,0.1502986579504409,0.5928852084865474,0.02646673019625273,1.381400140460009e-09
189,94,1.0,axis_edge_orthogonal,True,0.9101259516976062,0.5111518241964322,7.491530653870636e-05,0.1473360926385704,0.7481788045769522,0.01962463440598716,1.4282257708485021e-09
190,95,2.0,axis_edge_parallel,False,0.8179322154052607,0.3641690571505944,6.83390067216889e-05,0.2088076090138944,0.7972389899547524,0.024013414384971,2.392436983389014e-09
191,95,2.0,axis_edge_orthogonal,False,0.7880531945442893,0.3317715316305127,0.0001187124127811,0.2094472896869598,1.0558604986252813,0.01734933599670994,1.5964302141287001e-09
192,96,0.5,axis_edge_parallel,True,0.9690330199244646,0.6199021495576976,4.031258736777647e-05,0.3905786483350988,1.8400218206569503,0.011011047478958477,5.824107071820026e-11
193,96,0.5,axis_edge_orthogonal,True,0.9719928745466624,0.635910397035681,4.566109492315824e-05,0.3676270550298404,1.842727470738402,0.007132630418649943,6.456085536349182e-11
194,97,1.0,axis_edge_parallel,True,0.985386288246392,0.714032205532764,5.011553948698468e-05,0.2289002803643426,0.8116489079307873,0.014071912678232983,3.5942674891457e-11
195,97,1.0,axis_edge_orthogonal,True,0.9898697778704918,0.7545910874269967,5.186067467151917e-05,0.2102436457533988,0.7618938397935683,0.04122678208073478,2.6657334198880955e-11
196,98,2.0,axis_edge_parallel,True,0.9837587361840484,0.7020482448178418,6.4116886585472e-05,0.2692797667194931,0.9814636041433632,0.011772786917472201,3.854632135025245e-11
197,98,2.0,axis_edge_orthogonal,True,0.9924424697906392,0.7837578040231985,6.8815431325835e-05,0.2421468786406562,0.9317914589830611,0.021412948209879663,5.109904957573708e-11
198,99,0.5,axis_edge_parallel,True,0.843520941770041,0.3230602484158082,4.291472527371211e-05,0.1787610130862971,1.129693384170399,0.026019108134203578,5.9746383278773195e-09
199,99,0.5,axis_edge_orthogonal,True,0.8442985848898985,0.3235856437466652,3.696084948496925e-05,0.1562318794399995,0.9220885643657676,0.03899955261081714,1.2801544013957375e-08
200,100,1.0,axis_edge_parallel,True,0.8241537065204043,0.292327010206905,3.664780755588203e-05,0.1970664641895205,0.6871442150476885,0.01197083578586051,8.583452407455468e-10
201,100,1.0,axis_edge_orthogonal,True,0.8379047166150486,0.3179220807544566,3.76107896389399e-05,0.1743285482978006,0.6456961608724366,0.014472499501972508,1.2217160470865013e-09
202,101,2.0,axis_edge_parallel,True,0.8526102855403662,0.3394184521815668,6.126839952288184e-05,0.3549784961606893,1.1538064416338178,0.005533176978396824,2.031409407870887e-09
203,101,2.0,axis_edge_orthogonal,True,0.8682218305642425,0.3764589351588773,6.440307667557913e-05,0.3320660222628803,1.123823646369445,0.00777349321347259,1.8009063617020402e-09
204,102,0.5,axis_edge_parallel,True,0.9795597167583768,0.7275662387687963,4.205337133271901e-05,0.2905296528706909,1.926422498851866,0.008419398649001089,8.10002746668125e-09
205,102,0.5,axis_edge_orthogonal,True,0.9845135590221336,0.7588284503764384,4.857030007637956e-05,0.2651713110779652,1.9442355799222648,0.007180231469266681,5.134631176486663e-09
206,103,1.0,axis_edge_parallel,True,0.9681366725079104,0.6704428836324317,6.077908206124765e-05,0.1665107988781901,0.7407662644014454,0.019043468720328475,1.2043282518424361e-08
207,103,1.0,axis_edge_orthogonal,True,0.9828353783900206,0.7495330857263621,6.567687981376904e-05,0.155509910190767,0.7440839743895634,0.014805315943577882,1.2603140326082282e-08
208,104,2.0,axis_edge_parallel,True,0.9707955659341628,0.6829250547667898,8.579907318040555e-05,0.2512042509953455,1.100054253503731,0.01669467931519444,2.5003664654839424e-09
209,104,2.0,axis_edge_orthogonal,True,0.9855172477826564,0.771403711789813,8.993549920697888e-05,0.2431598417897468,1.1061255762720508,0.014834698067172445,2.574064860807794e-09
210,105,0.5,axis_edge_parallel,True,0.9497362114655992,0.3580569354634539,8.77851375028745e-06,0.4451885765639112,1.0269166472900255,0.012002705784561217,7.198039518478458e-10
211,105,0.5,axis_edge_orthogonal,True,0.9479939288010992,0.3467066058042573,2.588980338999464e-05,0.2927278808155034,1.2693877423255842,0.010359110374166855,6.126774092324471e-10
212,106,1.0,axis_edge_parallel,True,0.9493060189008904,0.3589695693218093,2.3395699435498508e-05,0.2052624421597764,0.5485343576257179,0.017541708160450812,3.9885631228564816e-10
213,106,1.0,axis_edge_orthogonal,True,0.9450065623892998,0.3305752883433809,5.595016963012369e-05,0.1673404973311542,0.7525494103427897,0.014787687321454858,2.159810101118276e-10
214,107,2.0,axis_edge_parallel,False,0.9494600818008156,0.3400808982159858,3.252458173647392e-05,0.1455880758062163,0.3824081287716515,0.018475033521952268,3.4049160063790584e-10
215,107,2.0,axis_edge_orthogonal,True,0.9465721983087432,0.3325371371262363,8.699608759671916e-05,0.108201551155204,0.5446164737626427,0.015090757200398059,2.264855107620782e-10
216,108,0.5,axis_edge_parallel,True,0.742472695433237,0.3334541633449829,2.9536721415750983e-05,0.4147454859711451,1.5618206386459084,0.007099963258165228,1.2042711075771977e-09
217,108,0.5,axis_edge_orthogonal,True,0.7558126771522586,0.3470175413398778,3.655989380386408e-05,0.3629213347082425,1.559709735120968,0.007253790772683882,1.2176500143567163e-09
218,109,1.0,axis_edge_parallel,True,0.7661828974259152,0.3646506334978182,2.9733360171621143e-05,0.0851513924324108,0.3192399370332324,0.028416581314460506,3.108910410118517e-09
219,109,1.0,axis_edge_orthogonal,True,0.760183289317037,0.3506684835684533,3.415522431758996e-05,0.0782641049998833,0.3242684184265151,0.04108550270963333,4.4053321836195785e-09
220,110,2.0,axis_edge_parallel,True,0.7497353076396728,0.3409786581292157,5.2314074925638245e-05,0.3007390345450563,0.9908745459870124,0.006519865813703905,5.509983474960866e-10
221,110,2.0,axis_edge_orthogonal,True,0.8085097463514274,0.417711077905131,5.572612765103324e-05,0.2916349229035632,0.9994497424764668,0.014300290219519299,4.66419748939101e-10
222,111,0.5,axis_edge_parallel,True,0.9597886984548872,0.2542268871792869,3.3263188715936896e-05,0.1886575138905037,1.3028252775105629,0.02183089926336949,3.908708706372006e-09
223,111,0.5,axis_edge_orthogonal,False,0.9605198169090272,0.2498800599900353,4.330366028789194e-05,0.1947877388556825,1.4860977771889354,0.012859234918937663,5.9096920910343746e-09
224,112,1.0,axis_edge_parallel,False,0.9524830114258408,0.2469839140163719,4.121010988746062e-05,0.1497593904714801,0.619550743531166,0.014753411205083632,2.373884448663992e-09
225,112,1.0,axis_edge_orthogonal,False,0.9566890385525556,0.2438548968053725,5.182837824563061e-05,0.1502454307693153,0.6964365024285719,0.017062112852625804,3.321406739450658e-09
226,113,2.0,axis_edge_parallel,False,0.9488402004799557,0.2187917977639529,7.487217200963737e-05,0.1019140875489972,0.4888831077393059,0.019038742054396342,3.001219714567841e-09
227,113,2.0,axis_edge_orthogonal,False,0.9244999943891988,0.1854987696928203,0.0001086694842686,0.099678635133289,0.5826857323394542,0.01677691969530327,3.4616442419900984e-09
228,114,0.5,axis_edge_parallel,False,0.9873121037348134,0.2677701689716854,9.627442446871324e-05,0.327458454256531,2.1598691145148834,0.0034795321329439345,3.669805196490979e-09
229,114,0.5,axis_edge_orthogonal,False,0.9888517210913482,0.2701899917422423,6.789817488330304e-05,0.3368114077423144,1.8509701103857736,0.0065817711243245985,2.300102082079342e-09
230,115,1.0,axis_edge_parallel,False,0.9808693970823612,0.2566180254691029,7.972203222347671e-05,0.2641926786866616,1.1589066138836606,0.008894303368465509,3.1058519480839877e-10
231,115,1.0,axis_edge_orthogonal,False,0.9862734096031636,0.2608875562757138,4.920056148370368e-05,0.2763918698722907,0.9330477705391188,0.019889405675992074,2.783430226868659e-10
232,116,2.0,axis_edge_parallel,False,0.9722940469778928,0.243986324085818,0.0001191306818197,0.3133036714592083,1.549610961784064,0.008825134446291794,1.5080526679099752e-10
233,116,2.0,axis_edge_orthogonal,False,0.9527403729396162,0.2246509413760699,7.27539044069378e-05,0.3258715028310056,1.2462037947536,0.00909285058135566,2.925739550678359e-10
234,117,0.5,axis_edge_parallel,False,0.989067309876458,0.2768612922598771,4.5423877960987496e-05,0.0798391141070847,1.061319741550846,0.023354728481508703,4.1007111935955834e-10
235,117,0.5,axis_edge_orthogonal,False,0.9927053271813504,0.2835136119571368,2.4713449523312076e-05,0.073568302535561,0.7166838050485481,0.04704708272564377,6.256887650543124e-10
236,118,1.0,axis_edge_parallel,False,0.9883970282631868,0.2722326660452092,8.562032206268617e-05,0.2542185537354854,1.1842998490490737,0.008073705425951544,5.07821602558512e-10
237,118,1.0,axis_edge_orthogonal,True,0.9882675897400228,0.2759578366919877,5.6457582322752686e-05,0.2404336298381533,0.9229297097240252,0.021452569177803874,5.155112942877105e-10
238,119,2.0,axis_edge_parallel,False,0.9858260847486294,0.2654955410038498,0.0001313663412494,0.2559753228827788,1.2661826663207,0.018203214368713784,2.992800180850162e-10
239,119,2.0,axis_edge_orthogonal,False,0.990689401592358,0.2855068108978502,8.335956787701693e-05,0.243211485546402,0.9655722422910464,0.025867932552415412,6.349655389154676e-10
240,120,0.5,axis_edge_parallel,True,0.9897095842943764,0.2927646859557604,5.646058787953305e-05,0.335476316656048,2.106132421143695,0.0049561914670043054,7.892378816234075e-10
241,120,0.5,axis_edge_orthogonal,True,0.9896196015016824,0.2920795718563199,3.830278127133498e-05,0.3597368791466147,1.830194892926151,0.004510267194101486,6.133548030886161e-10
242,121,1.0,axis_edge_parallel,True,0.9874624086801156,0.2850278951023148,6.15951429297824e-05,0.0811413314533999,0.5557275419626874,0.03180092756178436,1.6886102950951554e-10
243,121,1.0,axis_edge_orthogonal,True,0.988628891852325,0.288711322429057,3.536955954749428e-05,0.0910219234673774,0.4382919984324405,0.05148517477628972,2.4542892660878793e-10
244,122,2.0,axis_edge_parallel,True,0.974007461994048,0.2571289654020594,0.0001537112386791,0.131260185685069,0.7356746579138999,0.009472863948959508,2.8394569573975164e-10
245,122,2.0,axis_edge_orthogonal,True,0.9815577617015702,0.2724545581423881,9.74945974789403e-05,0.1249596178346215,0.5680441814911852,0.025211451979846807,3.230669688225362e-10
246,123,0.5,axis_edge_parallel,True,0.8835972935160907,0.2968233513098207,4.209967104170733e-05,0.4749536550446599,2.2063747420623656,0.0050401282228020846,1.924369562467129e-08
247,123,0.5,axis_edge_orthogonal,True,0.883803550581452,0.3001277612719139,6.183539142442891e-05,0.397260397720567,2.285702979171305,0.0045708072412858755,1.7683898808860748e-08
248,124,1.0,axis_edge_parallel,True,0.8890653066544513,0.3137129183742151,2.911642480974677e-05,0.179671853376696,0.548776886538009,0.014565151977608284,4.802579184140859e-09
249,124,1.0,axis_edge_orthogonal,True,0.8890643599960479,0.3191203292864606,4.8303577443262194e-05,0.1509487736024235,0.6358571853223621,0.028227546720077414,6.022376367222106e-09
250,125,2.0,axis_edge_parallel,False,0.8719610311563968,0.271711101563714,5.832889632769292e-05,0.2516703021884731,0.9087920039383218,0.0070259756241415495,3.1436790594509427e-09
251,125,2.0,axis_edge_orthogonal,True,0.8885426134163262,0.3126507209440492,8.560439085019692e-05,0.2327576147305158,1.047463206562548,0.006173007719769956,3.7225312843060552e-09
252,126,0.5,axis_edge_parallel,True,0.8807767741363376,0.3382979496048462,4.218054692982799e-05,0.1697021454576286,1.433238479212418,0.008207358650636333,3.0897436256749968e-09
253,126,0.5,axis_edge_orthogonal,True,0.8789961622804856,0.3337692308521664,5.102691978679899e-05,0.163814955263048,1.5293519649272909,0.0071856111173183475,1.991336701525778e-09
254,127,1.0,axis_edge_parallel,False,0.8444044395760082,0.2561300640964081,5.990360243383851e-05,0.2171018517626651,0.8838055726166669,0.012269291736312037,1.3260494892170907e-09
255,127,1.0,axis_edge_orthogonal,False,0.8437619896069524,0.2543852282876229,6.419606811805347e-05,0.1979139457771639,0.8496848410301883,0.026226081544784417,1.5727680329291316e-09
256,128,2.0,axis_edge_parallel,False,0.7922994298202993,0.1413041141630503,0.0001184453984684,0.1630722867688255,0.837896385458847,0.01996730382600751,4.039328458667494e-09
257,128,2.0,axis_edge_orthogonal,False,0.7937442021545081,0.1541840776579943,0.0001267619388514,0.1570577510922344,0.8436443933433594,0.018592223324517473,4.318072776205319e-09
258,129,0.5,axis_edge_parallel,True,0.945752294363037,0.3931763366356209,2.281520506197609e-05,0.1721638041918479,0.6588818864565622,0.02972952493669726,5.297720892487339e-09
259,129,0.5,axis_edge_orthogonal,True,0.9464007279246662,0.3952367681021559,3.253525105768007e-05,0.1399100805715213,0.6981425737091354,0.02328356825898755,7.572220227577739e-09
260,130,1.0,axis_edge_parallel,True,0.9377596560957222,0.371606363726618,2.3589214900238908e-05,0.1555792797872612,0.4275655189599863,0.02777001177393442,2.599556655774812e-09
261,130,1.0,axis_edge_orthogonal,True,0.9434545067354084,0.3817575253137519,3.4769381343185144e-05,0.1352973605234962,0.478412800639145,0.027995840497259478,3.944177923555502e-09
262,131,2.0,axis_edge_parallel,True,0.9387482259464532,0.3643112518186852,3.989236616660359e-05,0.2129356342531749,0.5879182749333559,0.013805170979578979,2.513798366768074e-09
263,131,2.0,axis_edge_orthogonal,True,0.9339227451076966,0.3515879818980159,5.8846003498991046e-05,0.1879577621616632,0.6589959333139344,0.023149852232193922,3.168704914650928e-09
264,132,0.5,axis_edge_parallel,True,0.8975341456071279,0.5228496800924743,6.690581797491686e-06,0.2079522188698342,0.6723740199113645,0.0158195225211518,1.7596980460011838e-09
265,132,0.5,axis_edge_orthogonal,True,0.9061476943862532,0.5427982001371381,1.927634636577177e-05,0.2238822864780792,1.2283816019857032,0.015086351047763647,7.407296575949521e-10
266,133,1.0,axis_edge_parallel,True,0.8494090302461104,0.4193557883141112,1.3820408450267356e-05,0.2817859894716606,0.4903610628471097,0.019173852172468874,7.710421009881052e-10
267,133,1.0,axis_edge_orthogonal,True,0.8438224682065306,0.4078625513396307,4.096301663919446e-05,0.2647844558675541,0.823215971393713,0.013375319144952501,3.637844365982817e-10
268,134,2.0,axis_edge_parallel,True,0.8317968826963699,0.3838190458772349,2.1013758262859345e-05,0.3308017113176361,0.6169677122598802,0.013959979426889325,6.437032394350846e-10
269,134,2.0,axis_edge_orthogonal,False,0.8250990626561608,0.3710629330365627,6.232126578186788e-05,0.3156278794268349,1.0388992507936137,0.010369662049957293,4.1570004146890433e-10
270,135,0.5,axis_edge_parallel,True,0.9521670912287252,0.4465340928176353,2.447155009448191e-05,0.1990785700994286,0.924564238190127,0.01977635240121042,5.261923643943328e-10
271,135,0.5,axis_edge_orthogonal,True,0.954036515917042,0.4701349677105202,4.142520539056484e-05,0.1711680657961772,1.0843778036828595,0.013468518517701523,6.182814643831829e-10
272,136,1.0,axis_edge_parallel,True,0.920529904959911,0.3952623838509188,4.377485664957567e-05,0.1945341164079778,0.6769467927343625,0.035178039196833606,8.114782499261457e-11
273,136,1.0,axis_edge_orthogonal,False,0.8820437982124869,0.3249491692403078,6.664280153942617e-05,0.1885727048132566,0.8185444487099829,0.028767375215987115,8.055899061518981e-11
274,137,2.0,axis_edge_parallel,False,0.8551894349645176,0.3001374910345223,6.246261861112992e-05,0.1259968133904832,0.5881338193620282,0.013444601813883407,2.3039297188286758e-10
275,137,2.0,axis_edge_orthogonal,False,0.7474477730958355,0.1325799142063168,0.0001090035486981,0.1279350083432263,0.7829412516858691,0.010478731138673982,9.364671294505171e-11
276,138,0.5,axis_edge_parallel,True,0.8104524699274273,0.4293668355093011,1.7154911521002503e-05,0.5002508287354686,1.7864485130316,0.005931663951371858,8.670637862536405e-11
277,138,0.5,axis_edge_orthogonal,True,0.8099878818466233,0.4286748275061207,3.383986865314584e-05,0.4588976332063376,2.309516578924315,0.005309211275785056,1.1383426650130594e-10
278,139,1.0,axis_edge_parallel,True,0.7478218623336469,0.3400714157153179,3.696960837325159e-05,0.2211640428975262,0.6408111947382483,0.009912399661144477,9.455464797450774e-11
279,139,1.0,axis_edge_orthogonal,True,0.7491374929640015,0.3418976426512362,6.405215403460011e-05,0.2114923693616249,0.8151368039446629,0.009924564609549389,8.211692852408333e-11
280,140,2.0,axis_edge_parallel,False,0.6682662988335462,0.233840654608768,4.172474202590891e-05,0.4524753458349722,1.1268779438189265,0.006549768031398607,8.550911830478004e-11
281,140,2.0,axis_edge_orthogonal,True,0.7074757737910371,0.2857039944469299,6.989337852079612e-05,0.4444889618893937,1.4342625946061969,0.004810397858478802,7.78885995732032e-11
282,141,0.5,axis_edge_parallel,False,0.8247512322888922,0.298203386510846,2.5115558175963447e-05,0.3294208569260369,1.5335764702086012,0.021165648673924762,2.4573178700637808e-09
283,141,0.5,axis_edge_orthogonal,False,0.794980165867851,0.2720338398132175,4.116863343359199e-05,0.2821601645319649,1.749625078095023,0.0097545628534315,1.1885506313353728e-09
284,142,1.0,axis_edge_parallel,False,0.8445030303032904,0.3176959155174407,5.7133307954709446e-05,0.2911479159775022,0.9969094025012036,0.014357663613322495,3.922086413480108e-09
285,142,1.0,axis_edge_orthogonal,False,0.7689554391906988,0.2537087632559486,6.629963135809858e-05,0.2727464801302144,1.0208299091787667,0.012677882761032246,5.533573424554461e-09
286,143,2.0,axis_edge_parallel,False,0.798041883273143,0.2638206360369639,8.911989158862481e-05,0.1487486083263641,0.6370595784125309,0.01148712025740834,1.2693138936112958e-08
287,143,2.0,axis_edge_orthogonal,False,0.727676562644452,0.2142148846713739,0.0001060445528122,0.1411140940357652,0.6678605037698011,0.019823824613649593,9.841816133813536e-09
288,144,0.5,axis_edge_parallel,False,0.9311567280002956,0.3642285392954614,2.2700233338241235e-05,0.3534792272124392,1.7214339496874782,0.007064494332653198,3.672453980316082e-10
289,144,0.5,axis_edge_orthogonal,False,0.9333581686347076,0.375061426185309,4.444504425589328e-05,0.2847011224797496,2.0557334609928968,0.007684483510633282,2.720110637641702e-10
290,145,1.0,axis_edge_parallel,False,0.8667640408496046,0.2205895497495138,3.520992630806584e-05,0.1845323117428288,0.6083594045230672,0.025970790280489573,1.5247413036259032e-10
291,145,1.0,axis_edge_orthogonal,False,0.9094605988410596,0.285791405889282,5.650810387507082e-05,0.1628009838155283,0.7236590846193156,0.018019011970917986,2.64127521065467e-10
292,146,2.0,axis_edge_parallel,False,0.74875597408706,0.0878375808024879,5.8786309341090845e-05,0.3248480828511987,1.0674480231328745,0.005900736112467692,4.858013108129892e-10
293,146,2.0,axis_edge_orthogonal,False,0.8374547127723381,0.1739557774922148,8.870927668650909e-05,0.3221443962030657,1.303710786731895,0.007292185134760622,4.07690204052125e-10
294,147,0.5,axis_edge_parallel,True,0.8562652395915267,0.5783102725726494,5.796974278673704e-06,0.3808641788170201,0.7887602805429121,0.007379232184315271,1.998977271014914e-08
295,147,0.5,axis_edge_orthogonal,True,0.8792861112866195,0.6186939930917666,2.154575829471308e-05,0.3661166810316473,1.4789861259038162,0.004219900399608945,1.0651701350149892e-08
296,148,1.0,axis_edge_parallel,True,0.828062484231214,0.5297856335430766,8.528347726207254e-06,0.2203928661007137,0.3529696451291562,0.0166870584520988,5.656566887907334e-09
297,148,1.0,axis_edge_orthogonal,True,0.8509981425256272,0.5730298180053678,2.747298041703272e-05,0.2025198467987599,0.6024326257796433,0.01359910502507936,5.3920620686419365e-09
298,149,2.0,axis_edge_parallel,True,0.8614628858346622,0.5844406642109969,1.3753790442889264e-05,0.3089523496380105,0.4966237661784961,0.011190563956129978,2.723094242146804e-09
299,149,2.0,axis_edge_orthogonal,True,0.8516599013866074,0.573594632398318,4.692300822149562e-05,0.2615194485368267,0.8254789652656391,0.009123424878910708,3.5856485226829185e-09
300,150,0.5,axis_edge_parallel,True,0.9105615168590844,0.3517061414529021,3.069898626341342e-05,0.3661304059394246,1.7276086181877837,0.004127858125536599,7.159595798147938e-10
301,150,0.5,axis_edge_orthogonal,True,0.9118574549107612,0.355433548412668,6.837424604203108e-05,0.3042891374859984,2.243708691149679,0.005392208301105875,5.720593442556159e-10
302,151,1.0,axis_edge_parallel,True,0.9122007260711716,0.3537837720998079,3.1712516394029273e-05,0.1104713397915378,0.3502959486497117,0.040511261211531514,4.668195283175386e-10
303,151,1.0,axis_edge_orthogonal,True,0.9254979985249508,0.4111613285198589,7.023838074594149e-05,0.0818025664735677,0.4468405179192688,0.0369651554293213,5.152874875496665e-10
304,152,2.0,axis_edge_parallel,True,0.916659230327189,0.3661213646137158,3.675753507325896e-05,0.3251212523246192,0.834472643043364,0.008174522298155578,3.5491268531221993e-10
305,152,2.0,axis_edge_orthogonal,True,0.9194619495775956,0.3770707084092477,8.43203583578114e-05,0.2975429066550321,1.194293365458455,0.006428447456272476,2.878612886131197e-10
306,153,0.5,axis_edge_parallel,True,0.8693268862786473,0.3178151371774761,3.2984613408828514e-05,0.1515483440645026,0.7386100470037203,0.01589148432737238,8.389538040573041e-09
307,153,0.5,axis_edge_orthogonal,True,0.8687597318463519,0.3177089331294279,4.365711425477366e-05,0.1442773640584386,0.8262339119666164,0.023529245996985765,9.122254506654245e-09
308,154,1.0,axis_edge_parallel,False,0.8600665292497156,0.2929611192074954,4.6306595457226224e-05,0.204219807777946,0.728706271202129,0.009012066241985448,1.9048416052185107e-09
309,154,1.0,axis_edge_orthogonal,False,0.8569700548966074,0.2846098276084692,6.057923518930778e-05,0.2118017211652477,0.8529586539551356,0.010574065944878848,1.5594076227987681e-09
310,155,2.0,axis_edge_parallel,False,0.8578628280311803,0.2816900196119775,5.87802573685722e-05,0.2712678243762489,0.8839778064103556,0.007374407531986691,3.943208822161799e-09
311,155,2.0,axis_edge_orthogonal,False,0.8576680453650201,0.2827278524901845,8.510167542736453e-05,0.2469613227306228,0.9915185941886934,0.020806481352928875,3.067395264144187e-09
312,156,0.5,axis_edge_parallel,True,0.9490381651990368,0.617759727117379,4.622788609824094e-05,0.1605148280563432,1.5084140650590796,0.01284464219569316,6.160967959984433e-09
313,156,0.5,axis_edge_orthogonal,True,0.9475784878222748,0.6120507244819527,5.683251598372823e-05,0.1417560474843557,1.5618125445720752,0.007869709219031944,1.301777645483182e-08
314,157,1.0,axis_edge_parallel,False,0.8120648033766011,0.3116644368510244,4.541655033900879e-05,0.1930916703384079,0.754259797430445,0.027460885982849355,3.89340493094673e-09
315,157,1.0,axis_edge_orthogonal,False,0.8154525216272254,0.3186377036764285,5.061093568754453e-05,0.184029045635338,0.7768703716106674,0.02243937382399992,7.907766378754735e-09
316,158,2.0,axis_edge_parallel,False,0.7479621248909252,0.241198766153021,8.263879153937708e-05,0.2105301641796902,0.7968660459627566,0.017230897620178858,4.728009035029372e-09
317,158,2.0,axis_edge_orthogonal,False,0.6788616990331854,0.1280251328077036,9.72509025978808e-05,0.1969488301775842,0.8320930520634954,0.015531813784561803,5.530366529729617e-09
318,159,0.5,axis_edge_parallel,True,0.905261280739918,0.538888690537266,2.352148804424364e-05,0.08289900313019,0.735284050194367,0.01632668890944041,1.225133452106992e-08
319,159,0.5,axis_edge_orthogonal,True,0.9157744171803632,0.5604443582212486,2.157648653786745e-05,0.0806555108189981,0.6391277298258126,0.04588856436374731,7.139889794475521e-09
320,160,1.0,axis_edge_parallel,True,0.8656670058002488,0.4494662559174792,3.616220276218023e-05,0.1626993531449586,0.5500034915721789,0.0158890329679028,5.85367806986789e-09
321,160,1.0,axis_edge_orthogonal,True,0.8881176760729992,0.4924316270392298,3.158411581812429e-05,0.1725494239345251,0.5132118598720292,0.03629997471728271,6.2132735297457534e-09
322,161,2.0,axis_edge_parallel,True,0.8576847070629946,0.433476187533324,5.446685544484964e-05,0.2470155950078978,0.8128584790055016,0.00913494103932321,2.8086531842750492e-09
323,161,2.0,axis_edge_orthogonal,True,0.8453784020638823,0.4290275561690083,5.246861770979324e-05,0.2682384630701443,0.8400462426126915,0.018638535691350107,3.3573384850966268e-09
324,162,0.5,axis_edge_parallel,True,0.998790948082463,0.9233122699063572,3.473557122759861e-06,0.4048615393740039,0.5581795033326857,0.019619766100510652,5.204147503994308e-09
325,162,0.5,axis_edge_orthogonal,True,0.9949630830754516,0.8482423410191742,7.83453332523687e-06,0.338853276173108,0.7306910347434761,0.024920253231533133,3.6690218081845232e-09
326,163,1.0,axis_edge_parallel,True,0.9910822226420136,0.8018567379078411,6.454758976367885e-06,0.2233412920168949,0.2765030878082553,0.031110162709535486,1.379443953850848e-09
327,163,1.0,axis_edge_orthogonal,True,0.9996388030710376,0.9591437832100376,1.4272426372046054e-05,0.1963991397792606,0.3792071654975907,0.03091072685391271,1.4006144047384892e-09
328,164,2.0,axis_edge_parallel,True,0.987484386031719,0.7698963983303574,8.916678619507514e-06,0.2077982915426752,0.2711817124908191,0.026238975471376585,1.3344573302676784e-09
329,164,2.0,axis_edge_orthogonal,True,0.9999469580592965,0.9836696465310064,2.1557329697477287e-05,0.2004589440042503,0.4135523769912248,0.017020688244133487,1.1409366591087662e-09
330,165,0.5,axis_edge_parallel,False,0.7859240950243452,0.2485528631315078,5.160124554331727e-05,0.34902220920529,1.7342081828781826,0.011484393144285319,4.4457450524838316e-10
331,165,0.5,axis_edge_orthogonal,True,0.8827734975181263,0.4497572250610016,8.001379399815926e-05,0.2941338865247795,1.9026249072256791,0.011338506340441982,7.430566936734756e-10
332,166,1.0,axis_edge_parallel,False,0.7724201093063645,0.2274894236977296,3.9059176451094384e-05,0.2200852414567917,0.7404446925880842,0.008866370021533124,1.3946277685077992e-10
333,166,1.0,axis_edge_orthogonal,True,0.8313965751594039,0.3411034462781153,5.900934937091912e-05,0.1923256525524929,0.8353868015124397,0.01008450677989991,2.2874771939548872e-10
334,167,2.0,axis_edge_parallel,True,0.8048202044992036,0.2895506671828974,6.426166931332326e-05,0.1566105786556344,0.5529367790777274,0.017589479721197773,3.223957188180681e-10
335,167,2.0,axis_edge_orthogonal,True,0.8333879950214186,0.3509078869696448,9.447112139164642e-05,0.1555059252931873,0.6668803003141544,0.015078353142599008,4.677873838303054e-10
336,168,0.5,axis_edge_parallel,True,0.8574085002704774,0.4029555595293093,5.320751733085024e-05,0.4596813042478423,1.983430718894684,0.007268340367130651,8.187193313173236e-09
337,168,0.5,axis_edge_orthogonal,True,0.8580154453580862,0.4066589042056532,6.597863090568357e-05,0.405854844725101,1.9607450270253028,0.009892591700447134,1.116837808447591e-08
338,169,1.0,axis_edge_parallel,True,0.8407742631622034,0.385994360147889,6.282767921313115e-05,0.1810721683415114,0.8065930013071908,0.022093395942715244,9.9923898260527e-10
339,169,1.0,axis_edge_orthogonal,True,0.8432735015351195,0.3880749908228548,7.579421373375534e-05,0.1728346114786199,0.8640498090126421,0.013686713767377932,7.415933103415732e-10
340,170,2.0,axis_edge_parallel,False,0.7432126686003568,0.235413156074292,8.30909629159726e-05,0.2183627770664143,0.7572083330176131,0.02009819959204412,4.143156368554832e-09
341,170,2.0,axis_edge_orthogonal,True,0.8878676438130773,0.4799535645468906,9.893963090857572e-05,0.2083173401534848,0.7998967149798704,0.017906363479701815,7.256363124856388e-09
342,171,0.5,axis_edge_parallel,True,0.894403839458101,0.4129310780870754,1.9015471923245718e-05,0.3020411100300741,1.4166733069545103,0.018712789410156184,1.0425638404748012e-09
343,171,0.5,axis_edge_orthogonal,True,0.9352880671325772,0.5149441767583491,3.43928979257048e-05,0.266387980436262,1.7101332289727793,0.00974184888122309,3.860059499520689e-09
344,172,1.0,axis_edge_parallel,True,0.9619107738620783,0.6077555339706914,2.1454526349570603e-05,0.1111622756589478,0.3876708364675542,0.032428589489748146,2.3509832027312994e-09
345,172,1.0,axis_edge_orthogonal,True,0.9464395750075022,0.5575482109597485,4.055677079188722e-05,0.0964056255080241,0.494779689145374,0.045576029222421925,1.3751625262563625e-09
346,173,2.0,axis_edge_parallel,True,0.8842020153039125,0.398441647843051,4.294869011790909e-05,0.2458264879853287,0.7735677750963742,0.015088606361125693,7.842818459831357e-10
347,173,2.0,axis_edge_orthogonal,False,0.7884053872129672,0.2451010849406889,7.623893413925119e-05,0.2006253861837387,0.8940288883110149,0.017222697492696885,1.1933452063945902e-09
348,174,0.5,axis_edge_parallel,False,0.9341200057799622,0.3087902812585726,5.135348229273634e-05,0.1554682311036787,0.9788946864480432,0.0074907688502097065,1.5047954367177882e-08
349,174,0.5,axis_edge_orthogonal,False,0.931966568701082,0.3056320539114344,6.174609569011923e-05,0.1249288250751322,0.9458409749078976,0.009104931828904204,3.671686347859706e-08
350,175,1.0,axis_edge_parallel,False,0.9125764432817172,0.2780521109568976,4.8523991168478526e-05,0.1767475092824931,0.6476074322548395,0.01212112438940889,2.2200881447390434e-09
351,175,1.0,axis_edge_orthogonal,False,0.9176173344393296,0.2820483851454094,5.786133174811708e-05,0.1736685175461948,0.6947275786968923,0.021566938847911932,3.1934215109843886e-09
352,176,2.0,axis_edge_parallel,False,0.873721545450258,0.2175480866914026,7.613738628921172e-05,0.337047941548444,1.2449021299282346,0.004621486360012865,1.7257928902306237e-09
353,176,2.0,axis_edge_orthogonal,False,0.8927412600668388,0.2488975901333669,0.000100426864781,0.3342292173017472,1.420576225300905,0.007963092204880921,1.5638023952466927e-09
354,177,0.5,axis_edge_parallel,True,0.9851159583101504,0.2843670666155745,5.547788295250865e-05,0.2887575982076867,1.830819271842054,0.009421156010005741,3.9689750240767165e-09
355,177,0.5,axis_edge_orthogonal,True,0.9852850373394492,0.2846544707808082,7.14645617225535e-05,0.2953587716179379,2.1105166845189807,0.00757357292845052,3.39721146529881e-09
356,178,1.0,axis_edge_parallel,True,0.9863817041825864,0.2866696181316646,5.649026326781846e-05,0.1940502172635797,0.835849443613309,0.013607743643472104,1.904152067145533e-09
357,178,1.0,axis_edge_orthogonal,True,0.9871730337867154,0.2962934747235852,7.303747981916836e-05,0.1823550328522913,0.9095424274227044,0.01995540944282565,3.845401968854e-09
358,179,2.0,axis_edge_parallel,True,0.9828156375860864,0.2660994758334998,8.779821878897292e-05,0.1833353160024408,0.7901758792699886,0.008777601198301762,4.033972969167359e-09
359,179,2.0,axis_edge_orthogonal,True,0.9856081067625004,0.2930316046877596,0.0001167619930288,0.181057465705008,0.9026790618196848,0.013555511328293517,2.118335649256523e-09
360,180,0.5,axis_edge_parallel,False,0.9712593299901504,0.3069883009925088,4.300859348098005e-05,0.3926392563609419,2.2536689954351274,0.01040211217163484,2.88897936727107e-09
361,180,0.5,axis_edge_orthogonal,False,0.9714115556080316,0.3076710760435998,5.327317626390466e-05,0.3692002382732794,2.3668241414956097,0.008060247944625119,4.5446630849563305e-09
362,181,1.0,axis_edge_parallel,False,0.9698564820899512,0.2882975285981363,4.879075265571279e-05,0.0625149061738975,0.3661527185590351,0.014314840309793637,1.0351765518752261e-08
363,181,1.0,axis_edge_orthogonal,False,0.9678897224892729,0.2932470388274643,6.92284877959508e-05,0.056408055716968,0.413312031933415,0.027789548172475576,8.61616902417766e-09
364,182,2.0,axis_edge_parallel,False,0.956691808461305,0.256849163220993,7.385328672947076e-05,0.3750670598643411,1.334310229310163,0.004129083819349789,3.391313125017156e-09
365,182,2.0,axis_edge_orthogonal,False,0.9626591512226232,0.2893533009440403,0.000102661576825,0.3592404895636458,1.5199064480721078,0.0055022457027719945,2.4836802737864834e-09
366,183,0.5,axis_edge_parallel,True,0.8698425333408832,0.2840054887416269,3.849742008325447e-05,0.2614460186456612,1.3695346636716774,0.00978535388973751,1.7480342304975717e-09
367,183,0.5,axis_edge_orthogonal,True,0.8673627992235889,0.2796752905296246,4.1621142703085785e-05,0.2252793640878025,1.2884008446172213,0.01171868662016196,1.7923768088405135e-09
368,184,1.0,axis_edge_parallel,False,0.8435170271764152,0.2360835567894184,4.333644148110331e-05,0.0994539063951386,0.5126407400071393,0.018893410024311788,4.565993495652184e-10
369,184,1.0,axis_edge_orthogonal,False,0.8374069190388956,0.2387314074361645,4.800466801428259e-05,0.1023480042334508,0.5480195087212701,0.022929718680421096,3.15898052297009e-10
370,185,2.0,axis_edge_parallel,True,0.8720122578550197,0.3038918856402823,8.756033329437678e-05,0.1898938585089529,0.8173522014041589,0.00771126433781907,2.0307462236303542e-09
371,185,2.0,axis_edge_orthogonal,False,0.8819585067823437,0.3174034417666272,8.948397207603403e-05,0.1727525404252665,0.7799950040595457,0.009923623659724096,3.2008781112635803e-09
372,186,0.5,axis_edge_parallel,True,0.9520315840821366,0.5078536880292196,4.94740962745757e-05,0.3256817450331694,1.7974189426347082,0.011939033551615592,1.6594421049823107e-09
373,186,0.5,axis_edge_orthogonal,False,0.9472626956188284,0.4866829560740731,8.212470431883598e-05,0.3185561516740763,2.297093746815497,0.014528601860462542,1.721184135603259e-09
374,187,1.0,axis_edge_parallel,False,0.9313820661281506,0.4165427239406258,3.764210379794244e-05,0.1511748281163203,0.5305845338006735,0.0228068005248274,1.0567659913078453e-09
375,187,1.0,axis_edge_orthogonal,False,0.9245085515120646,0.3925809008005409,6.949722276333087e-05,0.1379376116341113,0.6878840214987197,0.03096673290632692,7.881164557974287e-10
376,188,2.0,axis_edge_parallel,False,0.949046029355376,0.4983741581750578,5.24407963685407e-05,0.3464176352958115,1.0441333665910608,0.009816290694026892,6.568745616612991e-10
377,188,2.0,axis_edge_orthogonal,False,0.9317779477454946,0.4219493877448745,9.598699683192656e-05,0.324714585569395,1.345952174925604,0.00892925701805237,5.703376547854602e-10
378,189,0.5,axis_edge_parallel,True,0.8753233673781756,0.3540197865461617,5.872486911636731e-05,0.1280174185473843,1.046435304872273,0.03568369985946104,6.636155264956749e-09
379,189,0.5,axis_edge_orthogonal,True,0.8747392829682279,0.3519160554613331,6.725974169438069e-05,0.1245714187415379,1.0805899412202735,0.026801065844092226,4.896950489032109e-09
380,190,1.0,axis_edge_parallel,True,0.8823215036601971,0.375316524839516,6.315858747291078e-05,0.1473672746698797,0.736181388344097,0.024694005076366408,2.953538127146286e-09
381,190,1.0,axis_edge_orthogonal,True,0.8845124339773519,0.3797686459114533,6.737852616449601e-05,0.1420295838940739,0.7256200652335337,0.041005193306462386,3.434679496494626e-09
382,191,2.0,axis_edge_parallel,True,0.8837621289977547,0.3846005600002219,0.0001069478528889,0.2868845509733498,1.369046647873749,0.007338161709748292,7.350038358433594e-09
383,191,2.0,axis_edge_orthogonal,True,0.8981529089799372,0.4218020878166442,0.0001219628083847,0.2718504475027409,1.4051847650896871,0.006676016075655964,7.348275851019047e-09
384,192,0.5,axis_edge_parallel,True,0.7906256933586693,0.4248617492947011,2.9662412850267595e-05,0.1443590042703145,0.9792014458049594,0.03630789728248054,3.380527974233174e-09
385,192,0.5,axis_edge_orthogonal,True,0.8296719530299752,0.4864961087299636,2.873146988774268e-05,0.1596317582593314,0.8759002442902907,0.03665632039455581,7.203368119949586e-09
386,193,1.0,axis_edge_parallel,True,0.8250074077358702,0.4789280108140779,5.597225638474387e-05,0.1493405934419142,0.6045334155111377,0.03733028139129032,4.214271947724251e-09
387,193,1.0,axis_edge_orthogonal,True,0.830096510007352,0.4871857118274755,5.970964634777949e-05,0.1518420624167767,0.6095141387965096,0.03287305434823826,6.910213258672883e-09
388,194,2.0,axis_edge_parallel,True,0.8596574485563077,0.5365287737127188,7.642818288514809e-05,0.2912346377095556,1.1272724510391283,0.007469194110609595,2.656507297101589e-09
389,194,2.0,axis_edge_orthogonal,True,0.839456849363293,0.5024977671522156,8.399631145285973e-05,0.2872532826540643,1.1627718054893543,0.01113267529886449,3.7047408978237602e-09
390,195,0.5,axis_edge_parallel,False,0.6810244474223967,0.1485595514178787,2.86577457050845e-05,0.4117676443979214,1.6973562017612536,0.006651151663720341,2.898593087257017e-09
391,195,0.5,axis_edge_orthogonal,True,0.7448112069282434,0.2821345823428884,6.099768114768281e-05,0.3519678035546318,2.1841729399660847,0.007333505040096879,2.1313571960526187e-09
392,196,1.0,axis_edge_parallel,False,0.7024981362979689,0.1943768166160854,2.7745332298028483e-05,0.2328483278552698,0.6582608812510101,0.01606616745520205,1.369580886763544e-09
393,196,1.0,axis_edge_orthogonal,False,0.7266958892691135,0.2445212532601454,5.4675806384522565e-05,0.2036768539905346,0.8482649841577272,0.016162131210459695,1.1496963597507674e-09
394,197,2.0,axis_edge_parallel,False,0.7050496898373977,0.1997853621248677,4.92567059980253e-05,0.2458484971265,0.8032115908890508,0.015037269493986266,3.2142906690959883e-09
395,197,2.0,axis_edge_orthogonal,False,0.6868569840432657,0.161108072591513,0.0001027634348231,0.2365168390469075,1.1340641227145891,0.010613439860558389,2.2516637871889117e-09
396,198,0.5,axis_edge_parallel,False,0.9867980663351864,0.4087495617258013,5.837924365853994e-05,0.2923997631410546,1.7787464594442062,0.0052521941991904445,2.5362319915240704e-09
397,198,0.5,axis_edge_orthogonal,False,0.9868313213414412,0.4094537276084016,7.323301035256392e-05,0.2858261753621084,1.9594555155431173,0.0048044649990707814,3.6118846691746632e-09
398,199,1.0,axis_edge_parallel,False,0.9931215654534244,0.4316012790475321,5.66597210866793e-05,0.1450425348445742,0.731705787403618,0.009940373556944666,1.7558921365139131e-09
399,199,1.0,axis_edge_orthogonal,False,0.9938020618904966,0.4374887568046865,7.995373730855362e-05,0.1302415657918131,0.8176415074217205,0.008241461375247927,1.3559970392722766e-09
400,200,2.0,axis_edge_parallel,False,0.9958357225526948,0.4556108560784374,9.820796606960904e-05,0.2463214525128592,1.0294920060076869,0.005669300883743648,1.3900517924639193e-09
401,200,2.0,axis_edge_orthogonal,False,0.9934216029891808,0.401571375207889,0.0001235933984986,0.2379129409568842,1.1280396247015572,0.00445084312655588,1.8489022037382016e-09
402,201,0.5,axis_edge_parallel,True,0.9808900098669708,0.4035877676391391,4.356656609085344e-05,0.369051605634964,2.2477962905995077,0.00496246403676579,1.0147660457770931e-08
403,201,0.5,axis_edge_orthogonal,True,0.982396014169278,0.4078939906191912,5.773826307200782e-05,0.3439539766831785,2.4538499192302914,0.0029294736470901776,9.325760622987589e-09
404,202,1.0,axis_edge_parallel,True,0.9831717366971008,0.4187271660067538,5.7575811265968754e-05,0.3819225245679531,1.2488725660735602,0.00596052411078717,2.048136702230617e-09
405,202,1.0,axis_edge_orthogonal,True,0.9847516006819912,0.4247246236317409,6.933146795496101e-05,0.3665038414057976,1.3247915357307554,0.005685098671361818,2.571124955925124e-09
406,203,2.0,axis_edge_parallel,True,0.9926009765395412,0.4689013613051224,0.0001009289928992,0.2505909553933476,1.1328931682232253,0.006320628764342744,3.362185753156768e-09
407,203,2.0,axis_edge_orthogonal,True,0.9830760919338272,0.4552112320012706,0.0001231371201417,0.2513559159324384,1.2521585216508928,0.006292116321701257,1.88934355127648e-09
408,204,0.5,axis_edge_parallel,True,0.9604438885376306,0.5653597967512634,9.470519724447792e-05,0.3786172144739261,1.962464584517228,0.003860666711277504,7.159722617587832e-09
409,204,0.5,axis_edge_orthogonal,True,0.9641178847811058,0.5836348886901577,0.000127456483278,0.3666596842581586,2.219438110255104,0.0034253557968060115,4.152835590161336e-09
410,205,1.0,axis_edge_parallel,True,0.965605029779271,0.6023966388864411,6.062151232312546e-05,0.1525370143518667,0.6535048329866989,0.015939567505561834,4.971935444430429e-09
411,205,1.0,axis_edge_orthogonal,True,0.9584973033916112,0.5711877187234002,8.713284635317897e-05,0.1400131569430402,0.7489709334546929,0.01756291065244473,3.5183389004814937e-09
412,206,2.0,axis_edge_parallel,True,0.9826404019226046,0.7067761785194421,8.463096629507074e-05,0.2877634216364267,1.2360763503353502,0.00907905793704065,1.1302850862174365e-09
413,206,2.0,axis_edge_orthogonal,True,0.9566733086459692,0.5639817337556251,0.0001251044514156,0.277728742229926,1.4667953338497977,0.006375399239614638,1.6550628818221584e-09
414,207,0.5,axis_edge_parallel,True,0.8866279660684616,0.4243159209600773,1.542047044341775e-05,0.4974864514139283,1.3982273742044231,0.015158886444547447,2.853218113106465e-10
415,207,0.5,axis_edge_orthogonal,True,0.8850818140688658,0.4212015157680036,6.059834356265961e-05,0.358688271189074,2.064476987604627,0.009273473593196904,3.206542969305443e-10
416,208,1.0,axis_edge_parallel,True,0.8862586307538816,0.4191452049872713,1.7923387532287376e-05,0.2949093127703113,0.6186939260634321,0.009207963672800497,1.2793621589542722e-10
417,208,1.0,axis_edge_orthogonal,True,0.8778000103742148,0.4010936151856287,5.47887702915419e-05,0.239362728997602,0.936439073378068,0.011551212926700739,9.960622137875923e-11
418,209,2.0,axis_edge_parallel,True,0.9184932236734288,0.4979250738816196,2.9268982032214257e-05,0.1367009365625662,0.3476200669319601,0.024895172504093857,2.739254602575034e-10
419,209,2.0,axis_edge_orthogonal,False,0.8528873467814533,0.3608997525358692,7.751998735659353e-05,0.1216214946368662,0.5249115794602219,0.024018084158027215,2.1232717817892327e-10
420,210,0.5,axis_edge_parallel,True,0.957712930860708,0.2810777654629522,2.6839629013629837e-05,0.2388803818179306,1.2427959102422073,0.01377820087227244,5.689407010592027e-09
421,210,0.5,axis_edge_orthogonal,True,0.9576804001782137,0.2805583332903906,4.44824007905627e-05,0.2185242911133542,1.5060040908886407,0.009099072894089679,5.4482974699723535e-09
422,211,1.0,axis_edge_parallel,False,0.958671189658496,0.2622439605273,3.401479471201137e-05,0.1133812128342279,0.4525510741433946,0.0394818948562385,3.813748324695531e-09
423,211,1.0,axis_edge_orthogonal,False,0.9590519985742954,0.2574207235021354,4.439455113350423e-05,0.1098044126008565,0.4807576128695865,0.04675571530789316,7.89286202304609e-09
424,212,2.0,axis_edge_parallel,False,0.9587063413555084,0.2354261699291967,6.755121774366558e-05,0.2188835036881667,0.8003481028188371,0.010337043542603348,2.58939447453033e-09
425,212,2.0,axis_edge_orthogonal,False,0.960243523433844,0.2354026003440975,8.776669535066957e-05,0.2058671367158162,0.8782357156312035,0.00971645092395342,2.439313291599331e-09
426,213,0.5,axis_edge_parallel,True,0.9009493980200208,0.3675670035607272,2.712179097326834e-05,0.3954518932104461,1.8916581298104744,0.004688371284317619,1.9740647258243404e-09
427,213,0.5,axis_edge_orthogonal,True,0.9210398681267798,0.4529988253241046,5.108180407114012e-05,0.3560188925610383,2.3885944226305957,0.0039915057856257825,1.8242384685906012e-09
428,214,1.0,axis_edge_parallel,True,0.9235874675631276,0.5546092467074191,2.9251222412322973e-05,0.1586938637686965,0.5004508384082488,0.05285242980248853,5.064613332982195e-10
429,214,1.0,axis_edge_orthogonal,True,0.8785642244482255,0.5129806242647801,6.002149367247435e-05,0.13635389299496,0.66873613628263,0.04076307294892635,4.6403703628670783e-10
430,215,2.0,axis_edge_parallel,True,0.9368707509727634,0.5873239159248297,6.0787820162747625e-05,0.234643768151745,0.7672264783344336,0.013012825861934179,1.065232729786052e-09
431,215,2.0,axis_edge_orthogonal,True,0.8661296737000936,0.4430893687316829,0.0001069561211229,0.2337923532170526,1.0212733362456448,0.00811546829648618,1.153713449778526e-09
432,216,0.5,axis_edge_parallel,False,0.8467691553747181,0.2081573472620571,4.997507352258355e-05,0.3493615971535044,1.9021178171900648,0.0023546095465089537,8.609729475454281e-09
433,216,0.5,axis_edge_orthogonal,False,0.8205359996274915,0.1577924888281923,8.10595087715934e-05,0.3127599302818462,2.225059520459354,0.006822019763855116,4.179559213540668e-09
434,217,1.0,axis_edge_parallel,False,0.8492099720005425,0.2134581345612942,3.940572730824921e-05,0.2186840185354827,0.7263163818159987,0.029817173863622422,2.6982783596520105e-09
435,217,1.0,axis_edge_orthogonal,False,0.8161489440167812,0.1356249878387649,5.323344629385548e-05,0.1912492688974862,0.7657042042479614,0.025654742774936908,5.243067657798743e-09
436,218,2.0,axis_edge_parallel,False,0.8680620045071313,0.2599195089798033,5.7781166428613696e-05,0.2477457220200914,0.9083752607773528,0.009008881884354624,3.307910919478681e-09
437,218,2.0,axis_edge_orthogonal,False,0.8436478651679976,0.2023043681249966,7.841695516425734e-05,0.217970972708284,0.96646204603304,0.018050218447612915,3.5808597777367625e-09
438,219,0.5,axis_edge_parallel,True,0.99757843870546,0.9099516066427,5.2820766818685446e-05,0.2278476867748529,1.2912621073004444,0.009624535319144048,9.611955222847079e-10
439,219,0.5,axis_edge_orthogonal,True,0.997839788443122,0.9151475192289878,7.989593391435654e-05,0.1992979552898461,1.4543151267944965,0.01162881889620183,9.06906839798412e-10
440,220,1.0,axis_edge_parallel,True,0.9986283153760706,0.9335580064909584,5.607666067143367e-05,0.192924173780043,0.8147169407583521,0.028183392739553892,6.984546790153591e-11
441,220,1.0,axis_edge_orthogonal,True,0.999493773895404,0.9599117447945696,8.979701211851077e-05,0.1672916844183716,0.9468378843644883,0.02770126074401509,1.5239125962596033e-10
442,221,2.0,axis_edge_parallel,True,0.9994495044847328,0.9593037595167327,9.818795001027067e-05,0.1980164223829078,0.9362195945963058,0.009726133104359972,4.797633497541742e-10
443,221,2.0,axis_edge_orthogonal,True,0.9999000066406326,0.982740945851269,0.0001528743959135,0.1941327996137217,1.154144795261505,0.011893873068900504,3.4274836351195976e-10
444,222,0.5,axis_edge_parallel,True,0.8977584727460154,0.5074486303031914,3.816895366837323e-05,0.2640207806011054,1.42500926817962,0.022819858271782827,8.181799822388895e-09
445,222,0.5,axis_edge_orthogonal,True,0.9051430237651732,0.5243193195452107,4.726848571884476e-05,0.2452790159992668,1.501398368377305,0.01189622995936272,4.789014587850371e-09
446,223,1.0,axis_edge_parallel,True,0.855427767781982,0.4039693063130212,3.836934991530761e-05,0.1494556509948059,0.597354160961131,0.030432530363212758,3.4207303140854128e-09
447,223,1.0,axis_edge_orthogonal,True,0.8604127088212524,0.4129332538476648,4.1797167578239744e-05,0.1443461176145478,0.5892124554968913,0.04694378257201682,2.218431240670441e-09
448,224,2.0,axis_edge_parallel,True,0.8818688415726357,0.4341044849964198,8.092330836013044e-05,0.2780558212648666,1.039249166492804,0.016194755494382145,4.015387391727167e-09
449,224,2.0,axis_edge_orthogonal,True,0.8346673986016714,0.3559331855913825,9.38092719358263e-05,0.2684519200667314,1.0923052270980889,0.012272884994501876,2.6680948866468725e-09
450,225,0.5,axis_edge_parallel,True,0.9963880530815042,0.3104234562499325,2.5849668334096127e-05,0.3901723056760454,1.658431659038454,0.011163082376744494,1.7669626460205392e-09
451,225,0.5,axis_edge_orthogonal,True,0.996193751546218,0.3096458464684371,3.893748882989649e-05,0.3430817872461673,1.8231776959126351,0.011625639822460494,1.9862110568289122e-09
452,226,1.0,axis_edge_parallel,False,0.9866669364941116,0.2860208691772801,4.377651984203783e-05,0.1457967716382798,0.5228690437153818,0.020570778556235046,8.808645517893688e-10
453,226,1.0,axis_edge_orthogonal,False,0.9853122582197066,0.2840886330041751,5.52267805572285e-05,0.1357917742539484,0.5586874942941216,0.026450768423247107,1.3028836932806037e-09
454,227,2.0,axis_edge_parallel,True,0.966901280710717,0.2628055205737606,5.950875707739096e-05,0.1833665140800472,0.590694453299123,0.01207330325702364,4.769918871841829e-09
455,227,2.0,axis_edge_orthogonal,True,0.9665132052045692,0.2635524369966673,7.64875671525085e-05,0.1788992345469769,0.6561445591453591,0.02475256966926017,4.2189539818220325e-09
456,228,0.5,axis_edge_parallel,True,0.9954381736106428,0.3077606596732656,3.3118041124479734e-05,0.2499867503414774,1.405320629243736,0.021384520061158672,1.994217616684849e-09
457,228,0.5,axis_edge_orthogonal,True,0.994630198232522,0.3053606624517447,5.1619118578109566e-05,0.2332967499714145,1.6524679707582293,0.012147990355726494,2.2497260272979845e-09
458,229,1.0,axis_edge_parallel,False,0.9833731244367344,0.2817255576626843,3.426108076388819e-05,0.295884025921639,0.8442271627993799,0.017828309300610856,1.3094316247662861e-09
459,229,1.0,axis_edge_orthogonal,False,0.9836299690875084,0.2768152904536199,4.490410227120753e-05,0.2853401592680514,0.9404739626313616,0.014238989765682686,1.410743487044257e-09
460,230,2.0,axis_edge_parallel,False,0.9325618536994884,0.2329755676945817,5.765474810465272e-05,0.2815294366338997,0.933770109114977,0.010896759870727371,1.5860440226866834e-09
461,230,2.0,axis_edge_orthogonal,False,0.9314148080767942,0.2259088737837578,7.463930035334432e-05,0.2706775793920657,1.0315047613005546,0.012667813991715867,1.937570570669386e-09
462,231,0.5,axis_edge_parallel,True,0.99416571669334,0.3098414185473811,1.6982754274938496e-05,0.0325778410425509,0.4037043456133811,0.04638566417438586,1.8091381580376076e-09
463,231,0.5,axis_edge_orthogonal,True,0.9940023462243832,0.3100887662606159,3.0234592824544024e-05,0.0307726729684133,0.5223690924065554,0.0422848924052012,1.4300173100585514e-09
464,232,1.0,axis_edge_parallel,True,0.9818842031587728,0.2844336113587764,3.037890107200228e-05,0.1736470363734683,0.5799753100211569,0.03276681969121143,9.008003484893506e-10
465,232,1.0,axis_edge_orthogonal,True,0.9732626274115552,0.2726214934253055,3.602618725916448e-05,0.1531762930383611,0.5644366309822664,0.0542556609211645,2.6935897233763246e-09
466,233,2.0,axis_edge_parallel,False,0.9432425088806448,0.2351412429074,7.457322357948906e-05,0.1059168972617228,0.4715449092016854,0.022951861099924302,1.5863323804172101e-09
467,233,2.0,axis_edge_orthogonal,False,0.9331282812091798,0.2269354324000836,9.41278329054036e-05,0.1018602074023085,0.5183923528702015,0.016716850273086347,1.481777087333235e-09
468,234,0.5,axis_edge_parallel,True,0.9540826599410328,0.7186083112315876,2.392192035550752e-06,0.3450754422534497,0.3832841125929936,0.026167926457381013,2.4920738978543697e-09
469,234,0.5,axis_edge_orthogonal,True,0.9551129602305088,0.7207622626934173,1.3244649528706196e-05,0.2668870654122558,0.763243249975714,0.020186246119584212,1.4667947637974972e-09
470,235,1.0,axis_edge_parallel,True,0.963483857530022,0.7521931331852202,2.3656020481272405e-06,0.1277002283769097,0.1348057749554661,0.05651666057430482,1.7892409326398581e-09
471,235,1.0,axis_edge_orthogonal,True,0.961645747023284,0.7448975601992928,1.443823371705338e-05,0.1133669559253518,0.3085013089442507,0.026909226977514935,2.2556538410684575e-09
472,236,2.0,axis_edge_parallel,True,0.9112331420232852,0.6124702833552724,4.0952508992993705e-06,0.276372940972056,0.260093824715067,0.03326775556079804,1.6112181521805004e-09
473,236,2.0,axis_edge_orthogonal,True,0.9802825352700784,0.8193588983182164,2.7365291362137684e-05,0.2371210344337041,0.6185028112436817,0.019079030716505328,1.2422533025815463e-09
474,237,0.5,axis_edge_parallel,True,0.865723702356133,0.3066636819864446,1.5123528061824862e-05,0.4706182266941243,1.2149237528377688,0.004393834922991515,5.135713202505009e-10
475,237,0.5,axis_edge_orthogonal,True,0.8655728906177325,0.3062356496510473,5.10701475776426e-05,0.4186393355648863,2.008853008476716,0.004879607998895812,3.1346972622073833e-10
476,238,1.0,axis_edge_parallel,True,0.8642391945351507,0.2998337901553694,1.2106521218377477e-05,0.118624742461743,0.2881275129046837,0.05157989169075986,2.640179980202214e-10
477,238,1.0,axis_edge_orthogonal,True,0.862128666640308,0.2941106418314199,5.383210621813513e-05,0.0815736261020867,0.4933719450001523,0.04963400599815975,2.4837288330013833e-10
478,239,2.0,axis_edge_parallel,True,0.8719339946560386,0.3171223153340579,2.644290910405456e-05,0.2556088580321246,0.5933628324771281,0.02764692342816895,9.91487629298531e-11
479,239,2.0,axis_edge_orthogonal,True,0.8588294998098126,0.2845549369129894,8.267473476637387e-05,0.2389275304018642,1.0144044195426938,0.018988363863392567,1.1306694823425105e-10
480,240,0.5,axis_edge_parallel,False,0.7633141114173068,0.2340642304487862,2.567114261107654e-05,0.444055042079149,1.893083045582287,0.007411250138596866,9.370774396570505e-10
481,240,0.5,axis_edge_orthogonal,False,0.8003964044074049,0.2515392768524526,3.717273569153906e-05,0.38418867248857,2.0141718081173954,0.007638395042522702,1.0563821839798091e-09
482,241,1.0,axis_edge_parallel,False,0.801904633046485,0.2067660591194691,2.7097659659322377e-05,0.1947586355976562,0.5742864420088645,0.012631293635507471,1.191883014974713e-09
483,241,1.0,axis_edge_orthogonal,False,0.6979068880523102,0.0680050918150008,3.687185468728509e-05,0.1892481479253442,0.6563822210110477,0.02531344402408143,1.3999002789041783e-09
484,242,2.0,axis_edge_parallel,False,0.7756754025558305,0.2009930608995707,5.450201932589659e-05,0.2286054809149658,0.7344710716188166,0.00903050347089882,6.201469674571679e-10
485,242,2.0,axis_edge_orthogonal,False,0.7191444943785472,0.0684224383671693,7.05616562651236e-05,0.2088050343813604,0.7886019994469041,0.013204839729839695,8.125580715188077e-10
486,243,0.5,axis_edge_parallel,False,0.9425804996251016,0.2798330803527513,6.255914458037573e-05,0.4468339366904346,2.2807189109369097,0.00995443200480821,2.700574299015667e-09
487,243,0.5,axis_edge_orthogonal,False,0.9434364815903546,0.28219167859473,7.297378600500947e-05,0.4282154136428485,2.3667665218095486,0.008558269796770742,3.319311911397003e-09
488,244,1.0,axis_edge_parallel,True,0.93138552473565,0.2630317504943779,7.238954090584747e-05,0.2386824704158971,1.0377549536738582,0.009818142335751266,1.4589126371194863e-09
489,244,1.0,axis_edge_orthogonal,False,0.9333791896614496,0.2583286371099806,7.629240791267762e-05,0.2219967989010829,1.012523994873309,0.01246132981237698,2.9412833840715147e-09
490,245,2.0,axis_edge_parallel,False,0.9282514411709436,0.2529877794118504,0.0001143608195335,0.296987344716259,1.3039990083041444,0.008664796259963912,3.5242056257654763e-09
491,245,2.0,axis_edge_orthogonal,True,0.9455387911796836,0.3019780923606515,0.0001138768947081,0.2825153888625187,1.2521669471387693,0.011717587493457339,5.268248554995168e-09
492,246,0.5,axis_edge_parallel,True,0.9420650634341656,0.2907916681998859,5.825972971601014e-05,0.3420034320585516,2.5764560837580435,0.0037643090618457438,7.183441008862855e-09
493,246,0.5,axis_edge_orthogonal,True,0.9415594183686506,0.2899694435297795,6.300575625443204e-05,0.3192997870120223,2.517045950038614,0.009157788400515406,7.535513572250902e-09
494,247,1.0,axis_edge_parallel,True,0.9337363773704992,0.2901233194803597,3.55982916931722e-05,0.0256748474067113,0.2332251350261069,0.12023015868879426,3.4017558359239986e-09
495,247,1.0,axis_edge_orthogonal,True,0.9431356351646564,0.3017668281652843,3.645561460972548e-05,0.0299006120414684,0.2370375447872987,0.17227930286999146,2.2605609027293864e-09
496,248,2.0,axis_edge_parallel,False,0.912676388023502,0.2299013318290763,0.0001188723995136,0.2897730569211514,1.3505832297283489,0.007948372010652379,1.9330593964250604e-09
497,248,2.0,axis_edge_orthogonal,True,0.9460552533871892,0.306518224791285,0.000124189108045,0.2877371299706286,1.3741863895732962,0.010773510885322548,2.074481135201516e-09
498,249,0.5,axis_edge_parallel,True,0.8937258412596336,0.3781685283171654,1.0860477669682564e-05,0.2232151748213751,0.6894171464632004,0.03536625210850593,1.07785677873095e-09
499,249,0.5,axis_edge_orthogonal,True,0.8922131631959324,0.3743102554688153,2.7984813754001417e-05,0.1350914709401237,0.81651774616285,0.01951761700615893,1.1365584694982803e-09
500,250,1.0,axis_edge_parallel,True,0.8918526391381829,0.3718929660643194,2.3803372075247588e-05,0.1795940120981924,0.4906532465254225,0.01297780363357378,6.112995235003401e-10
501,250,1.0,axis_edge_orthogonal,True,0.8907112808377999,0.3685057732645329,4.019749965946475e-05,0.1478528559679059,0.5669956115419774,0.01746546433979665,5.507754892503237e-10
502,251,2.0,axis_edge_parallel,False,0.8823737111601317,0.3614856027405286,3.966865837234733e-05,0.1675472085031066,0.418056389234273,0.031981329250846915,5.662475666627656e-10
503,251,2.0,axis_edge_orthogonal,False,0.883782869435437,0.360672435770094,5.4329261325092094e-05,0.1569371275929817,0.4666850373909507,0.04420164094208476,5.833634505068182e-10
504,252,0.5,axis_edge_parallel,True,0.9223394289996,0.3073680447797779,2.814878757426155e-05,0.3830921908795901,1.9210686156079169,0.014805809175346659,1.8079899862546317e-09
505,252,0.5,axis_edge_orthogonal,True,0.9228203627052898,0.3074629375185132,3.483658524032696e-05,0.3885371411062356,2.117352340967213,0.0091751631069799,6.0205420921366e-09
506,253,1.0,axis_edge_parallel,False,0.9181406015655152,0.2903198486197329,5.013103072834473e-05,0.1215984690538944,0.5184990980813418,0.021312574488435654,1.6674729690611157e-09
507,253,1.0,axis_edge_orthogonal,True,0.9212420992435156,0.3017677148970527,6.79954506447267e-05,0.1116266854010193,0.5718083637511205,0.01075318331122933,4.79158700982825e-09
508,254,2.0,axis_edge_parallel,False,0.9112340783092056,0.2576309460311928,6.081811311902918e-05,0.2792779900044336,1.0182347595241514,0.005429664124487066,1.0248709760219284e-09
509,254,2.0,axis_edge_orthogonal,False,0.9099922326932536,0.2523009402566402,8.623334542649287e-05,0.2526501289113677,1.1324465787311355,0.004665434249720109,1.1721982468218333e-09
510,255,0.5,axis_edge_parallel,True,0.8939699894474888,0.2837269821472383,1.2597764483283188e-05,0.453457597769601,1.3770394375394512,0.006887434910031168,9.580560925736476e-10
511,255,0.5,axis_edge_orthogonal,True,0.8940533763824157,0.2840584715980676,4.464835352832054e-05,0.3542140736308546,2.1118723845332585,0.0035357505909663104,8.92687103962376e-10
512,256,1.0,axis_edge_parallel,True,0.8909351066370516,0.2722550678969058,1.38924327041462e-05,0.1324214895555047,0.337369054654976,0.02252646814889994,6.164855477949833e-10
513,256,1.0,axis_edge_orthogonal,True,0.890356751483302,0.2701469824234758,5.93113261857524e-05,0.1015383214396374,0.6044136496722406,0.027197452548649456,5.930637738043175e-10
514,257,2.0,axis_edge_parallel,False,0.8800485084671117,0.2457467662629066,2.411521709744432e-05,0.2797167151744231,0.6018350151186115,0.011547959346881104,4.564794206825617e-10
515,257,2.0,axis_edge_orthogonal,False,0.8912781660113048,0.2786674332073786,8.193286448337838e-05,0.2402298678817633,1.005766966843469,0.011663386305632349,3.564251977700678e-10
516,258,0.5,axis_edge_parallel,False,0.8450942256024582,0.2225029170461419,2.8868836639151427e-05,0.0478291516663286,0.6163077460500663,0.041421471542924075,1.113386651216582e-09
517,258,0.5,axis_edge_orthogonal,False,0.8620482593332487,0.263884124936776,2.843497334044514e-05,0.0561606209630294,0.6211833459535903,0.0537702877920706,1.5990182488390718e-09
518,259,1.0,axis_edge_parallel,False,0.8290891019755527,0.2019052195907133,4.9542444825346894e-05,0.1881226940825672,0.7715741591194862,0.027270493904681236,5.284251367158079e-10
519,259,1.0,axis_edge_orthogonal,False,0.8414300429585573,0.2271826263486157,5.1809400712168055e-05,0.179223862047642,0.7634042740603149,0.021058594669252605,9.238565871011592e-10
520,260,2.0,axis_edge_parallel,False,0.8216373333483658,0.1965470243398395,8.163942899015237e-05,0.2758946521353776,1.12683921721801,0.01861196121845421,5.273003947852406e-10
521,260,2.0,axis_edge_orthogonal,False,0.8421814622789466,0.2398812624327035,8.42703808435805e-05,0.2607498156710848,1.0983169131413004,0.021104969478428725,6.059681217778675e-10
522,261,0.5,axis_edge_parallel,True,0.9873462596477764,0.2610044038852886,3.1906960343475453e-05,0.4117724365549192,1.7965688864663416,0.008074141347481675,1.876453473488833e-09
523,261,0.5,axis_edge_orthogonal,True,0.987668419666664,0.2648819411160996,5.8262734093682576e-05,0.3725019564927441,2.2208982139785283,0.008660638588963338,2.1163969911175556e-09
524,262,1.0,axis_edge_parallel,True,0.9873042776566228,0.2625279551291158,2.884380801774454e-05,0.2617678038375725,0.7165856570127901,0.01935402317721754,8.64985997633328e-10
525,262,1.0,axis_edge_orthogonal,True,0.9869868540966232,0.2586052172005281,5.78828613419222e-05,0.2317134161653018,0.9309955975257108,0.021352602172290406,7.716369431031625e-10
526,263,2.0,axis_edge_parallel,True,0.9881192509357728,0.2711690284103627,6.325509820279414e-05,0.2301587580682167,0.8284262688800991,0.011267864361504122,2.5071852034643325e-09
527,263,2.0,axis_edge_orthogonal,True,0.9865667125350044,0.2550596039689672,0.000109376456203,0.2378136369197167,1.1134609317912103,0.011389646124618803,2.73656443256202e-09
528,264,0.5,axis_edge_parallel,True,0.9871394687160346,0.2597539629742043,3.312598557018631e-05,0.3529347207050575,1.6242024597582423,0.0073536882878771845,1.2580316374663651e-09
529,264,0.5,axis_edge_orthogonal,True,0.987282391246257,0.2609520199838181,5.921294138662056e-05,0.3226546323748765,2.026214833753453,0.007780952003540051,1.4685880741804123e-09
530,265,1.0,axis_edge_parallel,True,0.9867436363888534,0.2563365816860692,3.734836385810068e-05,0.1600348797293278,0.5863904068985334,0.014531257648915354,1.0350738076788405e-09
531,265,1.0,axis_edge_orthogonal,True,0.9877274132443165,0.2649952128220961,6.475268942739594e-05,0.1570159384550062,0.7608341170307242,0.015968716218934715,5.471583603989509e-10
532,266,2.0,axis_edge_parallel,True,0.9874947320522512,0.2631143282232678,6.666774167588423e-05,0.2051353232606816,0.7030963894469431,0.01020766414951472,1.2917358727840545e-09
533,266,2.0,axis_edge_orthogonal,False,0.9867563668455862,0.2551892837557519,0.0001166694416723,0.2140932758016793,0.9561183268349952,0.00979107470568146,1.507372621318025e-09
534,267,0.5,axis_edge_parallel,False,0.9969259096737524,0.254959084334997,2.3321260960559733e-05,0.3448241045269906,1.235401448001132,0.016357461723822495,1.5178806320171077e-09
535,267,0.5,axis_edge_orthogonal,False,0.996827775469266,0.242953085240521,4.715602743637416e-05,0.2800914979443121,1.4948529801854034,0.012951048727638508,1.7595612732122094e-09
536,268,1.0,axis_edge_parallel,False,0.9964560146889304,0.2072810476412062,3.3333874476427307e-05,0.1060744871647854,0.3522149169569742,0.05413285975531924,2.086287848793935e-09
537,268,1.0,axis_edge_orthogonal,False,0.9973327697203718,0.2351150469505299,6.682190489994099e-05,0.1045258030867246,0.488910048587056,0.04694269966227183,2.9610247906561877e-09
538,269,2.0,axis_edge_parallel,False,0.99688630308897,0.1956480933670398,5.578392961542918e-05,0.3128455033880609,0.9570649061581162,0.007911710438579,7.979494945477348e-10
539,269,2.0,axis_edge_orthogonal,False,0.997341636614383,0.2438630834006545,9.94387123358424e-05,0.3113914324426634,1.2687585881800147,0.008645260001745758,1.380743492355065e-09
540,270,0.5,axis_edge_parallel,True,0.9923398025038028,0.2546851338395419,4.652983134642355e-05,0.3733234606934682,1.6185432655203789,0.007195384527853553,1.698516082741395e-09
541,270,0.5,axis_edge_orthogonal,False,0.9922010834226525,0.2549685633477612,7.905545012125079e-05,0.3675866995928498,2.077175276863895,0.00847215453419341,3.1955478637515864e-09
542,271,1.0,axis_edge_parallel,True,0.9924625267462024,0.2861562483208322,2.249617362783893e-05,0.1547534532532218,0.4776577847949535,0.040082865361306,1.2208357040213205e-09
543,271,1.0,axis_edge_orthogonal,False,0.9919080853725276,0.2247976486108047,5.030981655056164e-05,0.126208048123271,0.6342173967787508,0.04125295134978091,7.715182773350716e-10
544,272,2.0,axis_edge_parallel,True,0.992775875635097,0.2758306584023778,5.982820274110686e-05,0.2373299417868718,0.823573466060445,0.017383807756947495,7.996065504262522e-10
545,272,2.0,axis_edge_orthogonal,True,0.9936124537446352,0.2815538052546517,0.0001096514066268,0.2415905155772826,1.1320475374164871,0.01600493094445428,7.091998311168369e-10
546,273,0.5,axis_edge_parallel,True,0.9888366815664048,0.2560261788692204,3.5091948509615374e-05,0.4658797278506356,1.6975054039669133,0.006242413508117728,1.9705588528679484e-09
547,273,0.5,axis_edge_orthogonal,True,0.9887305921744942,0.2550782449202959,6.451000215081866e-05,0.4332455552264423,2.149757483745279,0.005204607081114468,2.5179580537898807e-09
548,274,1.0,axis_edge_parallel,False,0.9884114347529864,0.2362576618822865,2.7679085428831862e-05,0.2788648121411567,0.7370541604293348,0.024258656357937135,1.5749075780050811e-09
549,274,1.0,axis_edge_orthogonal,False,0.9883555604618788,0.2436185809997779,5.724706297383447e-05,0.2424786724597624,0.9649422393252765,0.02016623287073901,1.5869933498141747e-09
550,275,2.0,axis_edge_parallel,False,0.9882560514395774,0.2316886093522898,6.121104736297294e-05,0.1583654798507778,0.5621367975395605,0.013893374025458228,2.6908739991352665e-09
551,275,2.0,axis_edge_orthogonal,False,0.9883371479702308,0.219110395330383,0.000117955646325,0.1572954324191785,0.7761700624108819,0.0113564946086934,2.251920421197578e-09
552,276,0.5,axis_edge_parallel,True,0.9476103850878106,0.5507107969627273,2.693937996755081e-05,0.423866837259468,1.738498104066088,0.009978969112282339,5.4908612556581195e-09
553,276,0.5,axis_edge_orthogonal,True,0.945826507055593,0.5456998120357017,5.3866603142467376e-05,0.3833450142860868,2.2558337985520973,0.006237229844420588,3.863714112285938e-09
554,277,1.0,axis_edge_parallel,True,0.9738974956356148,0.671157057409769,2.999542855465072e-05,0.1625781347426061,0.5510131653040851,0.02275524090415602,3.128679343254183e-09
555,277,1.0,axis_edge_orthogonal,True,0.974979784766982,0.6700891110923056,4.9088133044428645e-05,0.1412056885266859,0.6400824809179638,0.0287533696278685,2.7848463715324573e-09
556,278,2.0,axis_edge_parallel,True,0.9954194962298992,0.850591891707405,6.0316733013934425e-05,0.1444690006479824,0.5008005789280752,0.01945572840016974,5.189456259824153e-09
557,278,2.0,axis_edge_orthogonal,True,0.9842026148314532,0.7526686202223399,0.0001108403979349,0.1367203711114344,0.6603724382155254,0.009198311524217233,7.283753533305281e-09
558,279,0.5,axis_edge_parallel,True,0.9825248596252992,0.7257537523813388,1.1928026724909278e-05,0.3464966179710532,1.0886884057649753,0.013281153950897314,9.440750205334441e-09
559,279,0.5,axis_edge_orthogonal,True,0.9808881017008686,0.7161523588139593,3.414879540030038e-05,0.3033099585053893,1.6843082205289348,0.0035065731548835828,9.113838949183825e-09
560,280,1.0,axis_edge_parallel,True,0.9770594491850092,0.6672538787017421,1.611037549333073e-05,0.1919101953988221,0.4330588316088939,0.024856606045300954,3.6990236942269058e-09
561,280,1.0,axis_edge_orthogonal,True,0.9778299643803698,0.6750793713448406,4.666834892026927e-05,0.1500445433434702,0.6383558632478403,0.01100977207328044,2.8301439750282742e-09
562,281,2.0,axis_edge_parallel,True,0.940385319922257,0.538729163064147,2.073139810779609e-05,0.1191010497818334,0.2694887814591515,0.03675859992260024,1.1279986820140408e-08
563,281,2.0,axis_edge_orthogonal,True,0.9845465718656724,0.7205704971497279,8.468584218777824e-05,0.0903530943309485,0.4836513666341193,0.023846973676182222,3.822441815796319e-09
564,282,0.5,axis_edge_parallel,True,0.9817579007390852,0.7696674029637707,1.953692910845485e-05,0.3584618729745601,0.9769608978510996,0.012025058805369747,1.111127562735753e-08
565,282,0.5,axis_edge_orthogonal,True,0.991054422777654,0.8455360096859802,4.31817656154704e-05,0.3541374876120098,1.42626869267427,0.017625377766118867,1.2117982370011395e-08
566,283,1.0,axis_edge_parallel,True,0.9865384149916148,0.8038359424854955,1.8992387210304704e-05,0.2373221362929013,0.5329068492658645,0.018817232508732056,1.3655731025548313e-09
567,283,1.0,axis_edge_orthogonal,True,0.9943334678691064,0.8802246296066877,4.891913289510918e-05,0.2294417059065083,0.8370625523047549,0.019273130526037578,8.101016825677334e-10
568,284,2.0,axis_edge_parallel,True,0.9841422434281164,0.7853307285015663,2.9278897884439173e-05,0.2663609274162251,0.6141965235403952,0.025148715536652842,3.448204991513436e-09
569,284,2.0,axis_edge_orthogonal,True,0.9937016437876134,0.8942933268255472,6.64940585289164e-05,0.2571470144480899,0.9053060789951974,0.02451448740227981,3.191744272989788e-09
570,285,0.5,axis_edge_parallel,True,0.9135763651787134,0.4633399056770831,5.546232546318877e-05,0.3934155441684936,2.351440788726995,0.011575602783975736,6.759134631147726e-09
571,285,0.5,axis_edge_orthogonal,True,0.9170499740638716,0.4718456145715435,6.499613062827321e-05,0.3881723279091973,2.514979615302525,0.0061975200220837166,2.8918220043390395e-09
572,286,1.0,axis_edge_parallel,True,0.9270041207641134,0.5158020829274326,7.38602710934621e-05,0.2290142597541077,1.0138987315052972,0.015102902019368487,4.125515336599776e-09
573,286,1.0,axis_edge_orthogonal,True,0.9089099753348192,0.4779162046190659,8.160470010650203e-05,0.225812338960045,1.0552839543752288,0.010324135629392965,4.3766804001907685e-09
574,287,2.0,axis_edge_parallel,True,0.9414386321760182,0.5693700225308914,9.704598094442962e-05,0.2752894301160924,1.2199147148819032,0.00932468769174435,3.0827621220780776e-09
575,287,2.0,axis_edge_orthogonal,True,0.9061246832611344,0.4580529076551904,0.0001060624944659,0.2657942786305414,1.241015821256124,0.012353055454431218,3.731411740840802e-09
576,288,0.5,axis_edge_parallel,True,0.8769768632146315,0.3794674051344356,3.989144143203832e-05,0.4301076718959064,2.1726043838486544,0.010664211627998714,3.2214556465848322e-09
577,288,0.5,axis_edge_orthogonal,False,0.8674886211361519,0.3541864840836429,4.130449548179026e-05,0.4202524115939412,2.165553803571503,0.008566440384092343,1.9251344378899403e-09
578,289,1.0,axis_edge_parallel,False,0.868697592752709,0.37969464927161,5.533887364375144e-05,0.1995449681554889,0.8041702637393938,0.019289359400366895,1.972963332330854e-09
579,289,1.0,axis_edge_orthogonal,False,0.8536934555483737,0.3381988043792724,5.198833855779988e-05,0.2012167818149225,0.7778921644470858,0.01907315983752828,3.0286753718735308e-09
580,290,2.0,axis_edge_parallel,False,0.8492742435597613,0.3236226224302356,7.807756732281925e-05,0.151034262221392,0.6203588582967567,0.016561537925023958,4.914898726266787e-09
581,290,2.0,axis_edge_orthogonal,False,0.8436307697026393,0.2985336909142266,7.820815378784579e-05,0.146354257610483,0.6087908455093425,0.016062925262887898,7.961926812068837e-09
582,291,0.5,axis_edge_parallel,True,0.8976658448723434,0.3192566002224459,5.281133749256553e-05,0.4168332600809473,1.8294851172477828,0.009313332341357339,1.5842133855273747e-08
583,291,0.5,axis_edge_orthogonal,True,0.8986012668391088,0.3223394420628709,6.878337470616609e-05,0.4133162101942226,2.064408879475561,0.006770075546123494,1.9380332782243753e-08
584,292,1.0,axis_edge_parallel,True,0.8880694809108259,0.3027355064514105,4.295721510183951e-05,0.1632817757067349,0.6652675673165422,0.023570613160499833,3.643182430493801e-09
585,292,1.0,axis_edge_orthogonal,True,0.8935906786678394,0.3181997351141493,5.528005137112025e-05,0.1608277022857793,0.7463850684425224,0.014812637913372452,3.969334777227949e-09
586,293,2.0,axis_edge_parallel,False,0.8736171859771166,0.2711834874267566,9.040545357740027e-05,0.2724881700246243,1.17080076454805,0.0073510258766496415,2.0232024316421223e-09
587,293,2.0,axis_edge_orthogonal,True,0.8859641096329505,0.2995905304092217,0.0001195751730148,0.2690590427191147,1.3345397101325054,0.006648011758819228,3.380122111987354e-09
588,294,0.5,axis_edge_parallel,True,0.8795526701115214,0.4206437690773117,2.191572819466256e-05,0.4104873776493162,1.294295670077156,0.010801458651427617,5.555301168740107e-10
589,294,0.5,axis_edge_orthogonal,True,0.9018430296231708,0.4736069067891417,3.884160353832034e-05,0.3473114261053687,1.504574778427072,0.005876555675129022,2.935031683351061e-10
590,295,1.0,axis_edge_parallel,True,0.8675696449715411,0.3901670247716955,2.208813550058952e-05,0.1633299469178906,0.487155045767228,0.024485432763354614,2.681590397494803e-10
591,295,1.0,axis_edge_orthogonal,True,0.8857459622077847,0.4376387856624575,4.495723204916245e-05,0.1432882565553832,0.6468256918230578,0.01871056524986779,1.7215951051642506e-10
592,296,2.0,axis_edge_parallel,False,0.8368291557317576,0.3354741108385803,4.084421221052227e-05,0.3400811188682874,0.895556516509305,0.009997436334841603,2.2307452060590733e-10
593,296,2.0,axis_edge_orthogonal,False,0.8481857879360896,0.3725260450575368,7.224003594317786e-05,0.3343881545625455,1.178274780962392,0.004142145313518408,1.9864222374545428e-10
594,297,0.5,axis_edge_parallel,False,0.8350445383167594,0.2626947613021547,4.026381567380616e-05,0.4381943786888521,1.6786802609547868,0.0022995683048630134,1.1862547881193389e-08
595,297,0.5,axis_edge_orthogonal,False,0.8259653643677023,0.2449152420983785,5.873353842381415e-05,0.4118926595027921,1.9151247507757352,0.0031668660984796684,1.0383661962925067e-08
596,298,1.0,axis_edge_parallel,False,0.8058865531770503,0.2245616700740924,4.859726448534807e-05,0.2383059473980967,0.8481400748124549,0.021503931573403433,1.7668038852810832e-09
597,298,1.0,axis_edge_orthogonal,False,0.8501920951496544,0.292794108829794,6.090286751806717e-05,0.2306787371915338,0.907210729004497,0.021454470673073597,2.3487306699104216e-09
598,299,2.0,axis_edge_parallel,False,0.7916250086511495,0.1846001226187123,5.525326865756053e-05,0.3189572176131551,0.9992289781765292,0.011340287575480229,2.0567600822591636e-09
599,299,2.0,axis_edge_orthogonal,False,0.8372376405062112,0.2812749782030521,7.719501387660777e-05,0.2919119522622501,1.097819065714139,0.012928725742170813,2.7053083922112057e-09
600,300,0.5,axis_edge_parallel,True,0.9575734686852794,0.5704697421443176,3.059241580997813e-05,0.0818559305513227,0.8309408201600252,0.05958419262827866,4.218770451856252e-09
601,300,0.5,axis_edge_orthogonal,True,0.962741476410416,0.587830794556927,4.285336047746476e-05,0.079243856211384,0.9583174545370948,0.030821555660939366,7.296458851625254e-09
602,301,1.0,axis_edge_parallel,True,0.96843887481909,0.6222859005857185,5.682812806932442e-05,0.1494622140462045,0.5765975579397168,0.02861780042629208,3.2583344113558734e-09
603,301,1.0,axis_edge_orthogonal,True,0.972967792253309,0.6456816640984249,7.395066908797743e-05,0.1485287812032918,0.653743710527346,0.01976640792287801,3.0300847774059167e-09
604,302,2.0,axis_edge_parallel,True,0.9812495831525044,0.7024520032012181,8.812591869610321e-05,0.2909866390890856,1.2299854912854915,0.008428390950211109,3.0956417042512377e-09
605,302,2.0,axis_edge_orthogonal,True,0.9959778382798492,0.852324071387262,0.0001227671159745,0.2913529882243232,1.451340454341235,0.009040560664289486,1.615998760585363e-09
606,303,0.5,axis_edge_parallel,True,0.959053048567752,0.3352896719942816,2.4829487881098293e-05,0.1742077728970088,0.8196203859177387,0.028895456472160002,5.958169844136323e-09
607,303,0.5,axis_edge_orthogonal,True,0.959337730320913,0.3365762309232393,2.447463719346873e-05,0.1595217981057509,0.7354529482626773,0.05723712286958392,7.530534815368253e-09
608,304,1.0,axis_edge_parallel,True,0.9572382095061248,0.3337639684361276,3.51877071237391e-05,0.2161185752110724,0.6969977244062375,0.016946674711592925,1.363942620019465e-09
609,304,1.0,axis_edge_orthogonal,True,0.9545433835359016,0.329424092061865,3.63217114190558e-05,0.2066860599088178,0.6883082965442873,0.01676934263534499,1.4317734501081617e-09
610,305,2.0,axis_edge_parallel,False,0.9453407070488488,0.3192315748411568,7.156966152928845e-05,0.2236369709545725,0.9063016835815544,0.007597896681295151,6.9953018577063e-10
611,305,2.0,axis_edge_orthogonal,False,0.930545983343599,0.2997664210547597,6.869880177238667e-05,0.2168660821241537,0.8702076220368311,0.014531356782042636,6.517826348799049e-10
612,306,0.5,axis_edge_parallel,True,0.9579266712452053,0.3307819665749684,3.982608666147432e-05,0.364210799431954,1.7506994249270154,0.0069587506943434236,1.2042222463081855e-09
613,306,0.5,axis_edge_orthogonal,True,0.9584602990955252,0.3327320700049544,4.132580088947311e-05,0.3495351703416378,1.7268222088671237,0.004703354001968401,2.317204195498609e-09
614,307,1.0,axis_edge_parallel,True,0.9578028654345484,0.3353211030053944,3.786053713996036e-05,0.081837379818356,0.367425874548056,0.031114237490796736,9.005542644358517e-10
615,307,1.0,axis_edge_orthogonal,True,0.9561426015673304,0.3311590547208767,3.7537198275367055e-05,0.0817251882060906,0.3646942936738365,0.039673450390588866,1.1150586859593694e-09
616,308,2.0,axis_edge_parallel,True,0.9550885989269248,0.3318530604520665,8.676881672671109e-05,0.1095255875247105,0.5469951657647096,0.023986455870256232,4.407711974697192e-09
617,308,2.0,axis_edge_orthogonal,False,0.9144301041295906,0.2779038529661502,8.300665481758026e-05,0.1162141329115451,0.553677559265474,0.021747227855382478,3.29608139304074e-09
618,309,0.5,axis_edge_parallel,True,0.8868125398246148,0.3389303873788593,1.368371062107535e-05,0.125855631138588,0.5133769799124575,0.03418724212079618,5.6683405031268015e-09
619,309,0.5,axis_edge_orthogonal,True,0.8862109047934187,0.3379805630542677,1.6977082420418706e-05,0.1028008865908721,0.5119596525464813,0.025692173446212527,4.7987871509876185e-09
620,310,1.0,axis_edge_parallel,True,0.8801532668588414,0.3309191065659491,2.31150939685198e-05,0.1644315646297787,0.4780504518581869,0.02789200315639666,8.848009888405804e-10
621,310,1.0,axis_edge_orthogonal,True,0.8789002549529727,0.3269907315093062,2.5146111631826293e-05,0.1432915269402053,0.4599636908590044,0.03169146940710861,1.064098564001031e-09
622,311,2.0,axis_edge_parallel,True,0.9121850920408784,0.4051089640795109,5.287353473030168e-05,0.1409373485997436,0.4504106633313206,0.019211712027398124,2.1023911791591913e-09
623,311,2.0,axis_edge_orthogonal,True,0.8915550456525715,0.3585356589848187,5.82756239780718e-05,0.1292695120761808,0.448478835961559,0.02765361866164055,2.388823546736857e-09
624,312,0.5,axis_edge_parallel,True,0.8712593793736858,0.3689403450582723,3.198371124153787e-05,0.3738805841142585,1.9318375389598477,0.007179928026493428,5.01444845422079e-10
625,312,0.5,axis_edge_orthogonal,True,0.8713751620357378,0.3689647344002709,3.700051473697409e-05,0.352051742162847,1.9858080022660247,0.004610132320302127,4.426114185800681e-10
626,313,1.0,axis_edge_parallel,True,0.854336704546322,0.3277777045084405,2.9006394661291257e-05,0.276129930392604,0.7165325491539296,0.023143672597607988,2.3409721534258016e-10
627,313,1.0,axis_edge_orthogonal,True,0.8545266393917201,0.3299472980019836,2.8105151723027784e-05,0.2575989087183757,0.661975528914795,0.026837422739337664,2.9610874506828466e-10
628,314,2.0,axis_edge_parallel,True,0.8350156869528865,0.2840448650668523,6.101632750994232e-05,0.1828311711836029,0.741900960792724,0.006207635320025004,5.866884998228238e-10
629,314,2.0,axis_edge_orthogonal,True,0.8502665333646565,0.3151985543138901,6.463565196010203e-05,0.17692496195454,0.7478723892920385,0.012345985394004026,6.504857458566659e-10
630,315,0.5,axis_edge_parallel,True,0.9644921136493604,0.3168705694304042,3.072379926390441e-05,0.3304949973533868,1.3704025981322057,0.010164134262082333,8.44927440269143e-09
631,315,0.5,axis_edge_orthogonal,True,0.9645856817427668,0.3174018768140231,4.685766419559e-05,0.2796147276362543,1.498336972749171,0.015583136326932314,6.9808957455320026e-09
632,316,1.0,axis_edge_parallel,True,0.964286112268438,0.3162863776046863,3.338134396933399e-05,0.1861451134203202,0.6297179519454472,0.020402789579007315,5.765517719087505e-09
633,316,1.0,axis_edge_orthogonal,True,0.9639928888211308,0.3195943860036225,5.026407446132173e-05,0.1590409180718545,0.7015268036588288,0.024755382634368488,3.29151122533208e-09
634,317,2.0,axis_edge_parallel,True,0.9647197753642812,0.3216384715098428,5.210436587365768e-05,0.2185037345053362,0.7649834163075224,0.006619900101847741,5.986095177068887e-09
635,317,2.0,axis_edge_orthogonal,True,0.964728818924742,0.3241716989368738,7.530533697537284e-05,0.2105859963632316,0.8979294093477479,0.009948483273668048,5.749990983864417e-09
636,318,0.5,axis_edge_parallel,True,0.8319216078856092,0.2830110290106861,3.997423393626574e-05,0.4787661198576068,1.8374645560921523,0.002785193130751382,8.219667013782066e-10
637,318,0.5,axis_edge_orthogonal,True,0.8325921878110619,0.2842733549808531,4.812370931998706e-05,0.4507476435588552,1.90227235230744,0.003348239331816203,1.1156303929542353e-09
638,319,1.0,axis_edge_parallel,True,0.8287087476972135,0.2753700489444357,4.277630792165457e-05,0.1522341181163383,0.6491919221934958,0.008845924800559289,9.484891384776448e-10
639,319,1.0,axis_edge_orthogonal,False,0.7498267359465296,0.1247805905823467,4.3439396161274536e-05,0.161349948182739,0.6757202937710036,0.02268406383309655,6.808093668892294e-10
640,320,2.0,axis_edge_parallel,False,0.8073727243416481,0.2159873775550328,7.019370636999598e-05,0.2456916106901444,0.8821255714227493,0.009776987566634417,5.963871748049059e-10
641,320,2.0,axis_edge_orthogonal,False,0.7799164221045671,0.1742162144351631,7.514331956021519e-05,0.2239452172089018,0.8564330664538915,0.008944368172871465,1.5127947278015836e-09
642,321,0.5,axis_edge_parallel,False,0.8202884292326763,0.2948968597639926,6.706139167947922e-05,0.2763582385840137,1.5754577796934837,0.00599328150870126,1.179679465896917e-08
643,321,0.5,axis_edge_orthogonal,False,0.7874025635460675,0.2556029026291782,8.530293585725136e-05,0.258118595364493,1.693402707160654,0.014223768209309172,6.491195218822373e-09
644,322,1.0,axis_edge_parallel,False,0.8038133930499232,0.3102406284576717,5.059607728246859e-05,0.2046727670478919,0.7581358950861607,0.01815771623798187,2.0121092981107825e-09
645,322,1.0,axis_edge_orthogonal,False,0.8207694918348888,0.3490726816076109,5.976957570622667e-05,0.1868292382637948,0.7782861224624589,0.01396300912906935,2.784835761639867e-09
646,323,2.0,axis_edge_parallel,False,0.839948001691159,0.3639899636955522,7.995092209158166e-05,0.2252187580936949,1.016709729039607,0.010781299622884877,6.093536527701811e-09
647,323,2.0,axis_edge_orthogonal,False,0.8243308164214107,0.3618284790473948,9.700380098462711e-05,0.2100342523196973,1.0712561596114205,0.00990463252599167,6.2271149839816974e-09
648,324,0.5,axis_edge_parallel,False,0.8534330068175748,0.2337602278839068,4.694441462114908e-05,0.2980532216624478,2.145994882867086,0.010758361716488276,5.618261984242414e-11
649,324,0.5,axis_edge_orthogonal,False,0.8545595875546284,0.2355543454158896,4.581834698313952e-05,0.2819520396784575,2.013999624422124,0.006186059075517491,1.7513010663994962e-10
650,325,1.0,axis_edge_parallel,False,0.8388189538179299,0.1991322467373815,7.377791325522822e-05,0.1299064957730376,0.6452092065874759,0.02196773529998514,1.2061151669933365e-10
651,325,1.0,axis_edge_orthogonal,False,0.8377604257856879,0.1918447296372434,7.014917144933419e-05,0.1341279981172787,0.6314384736429693,0.026366145394612305,1.6113731113283417e-10
652,326,2.0,axis_edge_parallel,False,0.7843269286475197,0.1659014349415237,0.0001169318919405,0.177819856229133,0.848839643036107,0.008454935842107008,1.5783156178383713e-10
653,326,2.0,axis_edge_orthogonal,False,0.8355658781525959,0.2007253931323739,0.0001132873677756,0.1813499534563664,0.8399695841581667,0.02346417984549289,1.8188872783054664e-10
654,327,0.5,axis_edge_parallel,False,0.8402817810045801,0.2988044090524432,2.467732063054242e-05,0.2240819103552446,1.014821451307122,0.026192201661696148,9.285763767790424e-10
655,327,0.5,axis_edge_orthogonal,False,0.8528901401737515,0.3395568878004422,5.7383887675940826e-05,0.1651655626227275,1.2747840719283303,0.01267819980650295,7.857857813502291e-10
656,328,1.0,axis_edge_parallel,False,0.8141634672665845,0.2298667471758284,2.5482334936511425e-05,0.2457997885786313,0.625799990202949,0.009549139564604838,4.705642622717679e-10
657,328,1.0,axis_edge_orthogonal,False,0.8784660908894081,0.3963097198463638,5.4887257263668754e-05,0.2144460898071768,0.8395056631883692,0.010827588452967966,6.213940490500741e-10
658,329,2.0,axis_edge_parallel,False,0.8578357234411434,0.3350161579653706,4.391649230387116e-05,0.2817773716723087,0.835063231980752,0.014447401224123088,3.313895060026856e-10
659,329,2.0,axis_edge_orthogonal,False,0.8591495251655715,0.3821825641140633,7.677489638146002e-05,0.2556500280114987,1.0294193575912127,0.01679390718278715,2.6715146238506946e-10
660,330,0.5,axis_edge_parallel,True,0.954938773412845,0.2774043193283361,3.078250940530944e-05,0.3062163681235976,1.3566749322914398,0.00657460435508725,4.97300459496705e-09
661,330,0.5,axis_edge_orthogonal,True,0.9547665592524052,0.2763193747976783,4.909475740574157e-05,0.2431612417511464,1.4404237728124405,0.016427996149693043,6.013221748173687e-09
662,331,1.0,axis_edge_parallel,True,0.9575281448141318,0.2819483696287452,3.987342895996674e-05,0.2924815378072585,0.8722394930842813,0.015371256573442715,2.991598038557324e-09
663,331,1.0,axis_edge_orthogonal,True,0.9580253831420694,0.2981835862458714,5.944426400911731e-05,0.2741441085411578,1.0186870169281632,0.007337516804258244,1.3400975919383466e-09
664,332,2.0,axis_edge_parallel,True,0.9655408427770495,0.3647088174739092,7.43217273834374e-05,0.1683466576329324,0.5923606378868888,0.020096249371990532,3.802640324875468e-09
665,332,2.0,axis_edge_orthogonal,True,0.959872202669376,0.3160150237780053,9.144238317501365e-05,0.1546861204008786,0.6213439390012885,0.022756042442442784,3.740408487949169e-09
666,333,0.5,axis_edge_parallel,True,0.8619408670077743,0.3622749001553038,4.192825321620356e-05,0.4318108492626191,1.5397349665875542,0.01114127015150132,1.0574759596709254e-09
667,333,0.5,axis_edge_orthogonal,True,0.8150325558970338,0.2883278804119499,8.447214534928864e-05,0.3563261267371391,1.856557027904168,0.009116858037256039,1.2722336253575575e-09
668,334,1.0,axis_edge_parallel,True,0.8457460650539312,0.3798353046161535,2.174880631357002e-05,0.099464733488318,0.3541035063628736,0.04175749518860852,3.540573297201016e-10
669,334,1.0,axis_edge_orthogonal,False,0.7624748371331427,0.1998401034689513,4.550966047761785e-05,0.0857249918238852,0.4744038956870308,0.05893787059549705,3.1272974256763557e-10
670,335,2.0,axis_edge_parallel,False,0.7960560892168884,0.2719645686756305,5.817904006946552e-05,0.1100404847992788,0.4057251219502827,0.02410203106351987,4.114060078117245e-10
671,335,2.0,axis_edge_orthogonal,True,0.841870383380763,0.3247034294705915,8.732945071482975e-05,0.1017059156761059,0.4736716082496939,0.028908800796223044,2.955042359884854e-10
672,336,0.5,axis_edge_parallel,True,0.914575773757455,0.3815132957721147,1.5672015412147942e-05,0.3912969050386999,1.2534825537356753,0.015540523452710968,3.459243696343879e-10
673,336,0.5,axis_edge_orthogonal,True,0.929316369766509,0.4424849381612297,3.876354268268304e-05,0.2804381716063896,1.5370441545057765,0.01571640770286402,4.958441415981983e-10
674,337,1.0,axis_edge_parallel,True,0.9054828642117204,0.3492671831539761,3.063027600978608e-05,0.238881854652838,0.702210075045489,0.012504298195976883,4.619086380583803e-10
675,337,1.0,axis_edge_orthogonal,True,0.9340176489889488,0.4447858177540015,6.011818708402312e-05,0.2067081426787834,0.898066369501264,0.014597371860443607,5.060490134009817e-10
676,338,2.0,axis_edge_parallel,True,0.9201167538732252,0.3966590810796562,4.7849061768735765e-05,0.3092565972399791,0.8661341401222845,0.006124759216437118,1.230713131319558e-10
677,338,2.0,axis_edge_orthogonal,True,0.929995686438258,0.4286599542003091,8.235398465235596e-05,0.2969632950352111,1.1036623761095434,0.006589814656233719,1.7242779889031908e-10
678,339,0.5,axis_edge_parallel,True,0.9653469314003172,0.4658283135409317,4.829229377605079e-05,0.2639018413301902,1.3053661554116571,0.0066265948824842285,1.986765971107023e-09
679,339,0.5,axis_edge_orthogonal,True,0.968017436718661,0.4721112744195782,7.226411573636876e-05,0.2052267080629407,1.3575230102103573,0.005075292896155901,1.9998091165419038e-09
680,340,1.0,axis_edge_parallel,True,0.9525358326948692,0.4385409366386437,4.69995419207208e-05,0.2344834843060808,0.798459837648308,0.017462749841060898,6.033717229185015e-10
681,340,1.0,axis_edge_orthogonal,True,0.9582924813209296,0.4383903755098411,6.770979681460064e-05,0.1999384209249203,0.8765761639380117,0.013592312918485842,5.651173860473168e-10
682,341,2.0,axis_edge_parallel,True,0.974572181523614,0.5375763436084773,5.577401823280769e-05,0.2667236221265481,0.8142557680177984,0.015452301747765296,1.58100810383845e-09
683,341,2.0,axis_edge_orthogonal,True,0.967816887137264,0.4732667231996743,7.314199915186897e-05,0.2450833050545878,0.9008758450512764,0.012329586697374025,1.3572211005974965e-09
684,342,0.5,axis_edge_parallel,True,0.9799299208695016,0.770066195545282,1.8375865854561297e-05,0.1312383978800848,0.836926007182381,0.014545646245501547,1.834305277866963e-09
685,342,0.5,axis_edge_orthogonal,True,0.99207672188844,0.8536952038957216,4.579903765323176e-05,0.1314740833509942,1.3680422374009402,0.01176101874557798,1.6745084430740653e-09
686,343,1.0,axis_edge_parallel,True,0.9959454476233977,0.8947831934881455,3.4665671262860774e-05,0.2078082781159627,0.6415193711086721,0.020356386700683165,2.232708973678338e-09
687,343,1.0,axis_edge_orthogonal,True,0.9989880100910096,0.9470367656551169,5.838498690713237e-05,0.1955279743168263,0.8181238222422206,0.016153725035357343,1.2846737314306551e-09
688,344,2.0,axis_edge_parallel,True,0.9967020662447692,0.9048786638196258,4.887645032033666e-05,0.2984137457484429,0.841693471863033,0.013244140137111352,5.857900441371321e-09
689,344,2.0,axis_edge_orthogonal,True,0.9991692955254302,0.9519611516075926,8.35855102437085e-05,0.2714968516844491,1.0404373752594869,0.008452770621847487,5.046068539045488e-09
690,345,0.5,axis_edge_parallel,True,0.9325116840355054,0.4699538732265313,1.7840602036977825e-05,0.2589021358038823,0.790364132230088,0.009781485838540554,1.2061415051722376e-08
691,345,0.5,axis_edge_orthogonal,True,0.930831730450148,0.4610383088003916,4.311754750705396e-05,0.2148979805344835,1.1030341768421408,0.0072674370048642035,1.0173122697978111e-08
692,346,1.0,axis_edge_parallel,True,0.9166170307813882,0.4425412734073181,2.2205816050487823e-05,0.2714014062387063,0.6259873022623341,0.014765658411119917,3.32837996223795e-09
693,346,1.0,axis_edge_orthogonal,True,0.92110507750258,0.4401456361321426,4.735415856435791e-05,0.2304316789071396,0.8293184605290788,0.012770200196177183,1.6063879294380012e-09
694,347,2.0,axis_edge_parallel,True,0.9333524932722,0.5402646791290249,2.8356948261211e-05,0.270247681510846,0.6248044844374671,0.02294385617123807,4.3616606826612776e-09
695,347,2.0,axis_edge_orthogonal,True,0.9182447023131732,0.4743829021106676,6.382941292681714e-05,0.2549658444093782,0.9296934252424408,0.01210942591481776,3.3139193158822316e-09
696,348,0.5,axis_edge_parallel,False,0.9031793557094931,0.4262532286844486,2.271900864984064e-05,0.1022932630825914,0.8639604975601594,0.01891446022138879,1.967432663510179e-08
697,348,0.5,axis_edge_orthogonal,True,0.9497712531035216,0.5815943666957304,5.222910237152052e-05,0.0815394155775538,1.1694625993834509,0.011992766274105584,1.1074200863439844e-08
698,349,1.0,axis_edge_parallel,False,0.833213667165704,0.2892237139660907,5.549732383701914e-05,0.1794685649829915,0.7333796596427651,0.017810980627532953,5.184392147979071e-09
699,349,1.0,axis_edge_orthogonal,True,0.9285158345464224,0.5124442605373214,9.0902314079258e-05,0.1553566483721846,0.8639111943859883,0.008470316196375918,6.711566973848493e-09
700,350,2.0,axis_edge_parallel,False,0.8538848830877989,0.3348786545704095,8.21038922771852e-05,0.2588549826440101,1.028736817403456,0.011160494362087783,4.731682726597825e-09
701,350,2.0,axis_edge_orthogonal,True,0.942052733775744,0.5691023827464337,0.0001211666445842,0.2554515493656968,1.239088285254161,0.013833515053910433,3.960584887535102e-09
702,351,0.5,axis_edge_parallel,True,0.8622869355191854,0.4224884682686388,5.331166394152811e-05,0.2646657397325247,1.378860541560797,0.016504639673522753,4.808439909717061e-09
703,351,0.5,axis_edge_orthogonal,True,0.9190918971037813,0.5507683116579613,7.149579521706764e-05,0.2496109787437742,1.5294356685748656,0.01924958924325405,5.214020612131148e-09
704,352,1.0,axis_edge_parallel,True,0.9406623257735586,0.6012235221663538,5.4899061058451966e-05,0.1961664296603856,0.7530568832911744,0.01927517229836443,2.0485445457022457e-09
705,352,1.0,axis_edge_orthogonal,True,0.9433730418941826,0.6241926744785044,8.236808907374772e-05,0.1827827494497887,0.8785128186228206,0.02394856526227081,1.2343872444894887e-09
706,353,2.0,axis_edge_parallel,True,0.9670329084925026,0.6961597464847729,8.978762029452653e-05,0.172436727656816,0.7200557382092024,0.01375056262260707,7.157223768735996e-09
707,353,2.0,axis_edge_orthogonal,True,0.9576768046514909,0.670306949192522,0.0001234784423573,0.1776900383196097,0.8600909250137955,0.010579465102575814,7.336524226844013e-09
708,354,0.5,axis_edge_parallel,True,0.9624368051651636,0.6552106401894481,3.096136174085166e-05,0.3384823819190696,1.6145642675302907,0.011072665984771276,1.936835447724672e-09
709,354,0.5,axis_edge_orthogonal,True,0.9607281075671734,0.6478040460923079,4.282157527810553e-05,0.33188583722479,1.8640984765419435,0.011327259330200035,3.2682815984598727e-09
710,355,1.0,axis_edge_parallel,True,0.9839073451642152,0.7666194182182425,2.7362903679743456e-05,0.0810589205793006,0.3688629869763537,0.03984710931463323,2.7694787751871317e-09
711,355,1.0,axis_edge_orthogonal,True,0.9784708155175876,0.733517929476079,3.747292541685508e-05,0.0776681702284852,0.4130606617048029,0.07937610221585926,3.319431216102149e-09
712,356,2.0,axis_edge_parallel,True,0.9982327521280572,0.9146073653463386,5.08040063701528e-05,0.3361779126575476,0.9855873084092028,0.012310952929122869,1.486049508951675e-09
713,356,2.0,axis_edge_orthogonal,True,0.9968069570102334,0.885828824913559,7.036171062119703e-05,0.3106091137233278,1.0951800719601246,0.017568965153852683,2.373011159982637e-09
714,357,0.5,axis_edge_parallel,True,0.7696904329117702,0.3760467407314855,6.072946460220096e-05,0.41667923380626,1.739444663467833,0.008591520592940072,6.919938655315716e-10
715,357,0.5,axis_edge_orthogonal,True,0.767038181051233,0.3720867072145983,5.729766902345043e-05,0.4028765175889235,1.644345628324655,0.006910029709785578,9.470197038250604e-10
716,358,1.0,axis_edge_parallel,True,0.7623316219903588,0.3650749258218779,4.5205006532273256e-05,0.084797618811643,0.4832020949791368,0.02042240517842762,4.817144781403685e-10
717,358,1.0,axis_edge_orthogonal,True,0.7593109710241511,0.3606102364549203,3.8730828639214574e-05,0.0769463722929951,0.4180376582114972,0.06901875213639612,5.288501182420808e-10
718,359,2.0,axis_edge_parallel,True,0.8076215463068317,0.4338831319975981,9.622645994945192e-05,0.20168941655777,0.8538922308008048,0.011179728659265257,3.542908567072256e-10
719,359,2.0,axis_edge_orthogonal,True,0.7778514131909504,0.3882776478169809,8.565854969328575e-05,0.1931646434890905,0.783686704461266,0.01673044974402834,4.15769712342986e-10
720,360,0.5,axis_edge_parallel,True,0.8941992207558279,0.3431665378748972,1.914474752641172e-05,0.3421906564119517,1.3263817049060098,0.0260381113747795,4.2940389511935623e-10
721,360,0.5,axis_edge_orthogonal,True,0.8918524743759454,0.3448671491623429,3.6493383268707466e-05,0.2673405250834963,1.556518550646455,0.018131213139276552,4.0494905048675256e-10
722,361,1.0,axis_edge_parallel,True,0.8841563978208523,0.3350389307985442,2.978624171101963e-05,0.13963439732603,0.5058862543558493,0.02933424518878117,5.258736039318334e-10
723,361,1.0,axis_edge_orthogonal,True,0.860823557346773,0.2992471293141855,5.002944793735347e-05,0.1349408214895092,0.6432137907603228,0.025780871831775427,4.26883909369042e-10
724,362,2.0,axis_edge_parallel,True,0.875389016969958,0.3216861554960027,6.892664383751764e-05,0.2321669014404755,0.9065856560577588,0.012131533965115258,6.865933182111803e-10
725,362,2.0,axis_edge_orthogonal,False,0.8470349985678746,0.2837935956486003,0.0001062577634471,0.229417911877871,1.1198667043882162,0.007101763061257851,5.77955669863004e-10
726,363,0.5,axis_edge_parallel,True,0.951753898953139,0.606779542664061,3.5242174613110326e-05,0.2453363713916153,1.0953030111143187,0.007974334204507801,2.5446579660207224e-09
727,363,0.5,axis_edge_orthogonal,True,0.9532149155267152,0.6112933412949517,5.79998857983894e-05,0.2308292865831521,1.342009593077097,0.01388255035758511,2.6541160464476844e-09
728,364,1.0,axis_edge_parallel,True,0.925633664577202,0.5024011116459208,2.1665560141855723e-05,0.0820148181302201,0.3293418457514573,0.04390068900644255,5.937891883525603e-10
729,364,1.0,axis_edge_orthogonal,True,0.9269926489835632,0.5065789136407011,3.50331373694223e-05,0.0894086286043165,0.4334939385673239,0.06703025565169042,4.112739145380253e-10
730,365,2.0,axis_edge_parallel,True,0.9410024326068422,0.5299380627569183,4.396024525186027e-05,0.2799408338453651,0.8318343453363285,0.007854966110537251,9.510130865692425e-10
731,365,2.0,axis_edge_orthogonal,True,0.934951271678402,0.5372681411848446,6.271398284950628e-05,0.244597093310133,0.903129273814073,0.01952623644354712,1.4943972950456103e-09
732,366,0.5,axis_edge_parallel,True,0.8436141526821571,0.433944044215131,3.039433468195054e-05,0.3785111013149161,1.740771803714435,0.007368099765522783,2.2928405806251744e-10
733,366,0.5,axis_edge_orthogonal,True,0.844531225953291,0.4346716256256311,3.1633659336544245e-05,0.3230565172601672,1.570657597277135,0.006057881290547088,2.529322305713236e-10
734,367,1.0,axis_edge_parallel,True,0.792659544431683,0.326103287827126,5.1596597725342426e-05,0.2624479593883625,0.9121197239844177,0.014557330457279024,1.672228667818266e-10
735,367,1.0,axis_edge_orthogonal,True,0.7739723279161631,0.2948506129996474,4.110555482040866e-05,0.2449234183426187,0.7744624941638869,0.011811951043536367,1.5851895951977335e-10
736,368,2.0,axis_edge_parallel,False,0.7201691154787383,0.2119144089608073,7.036822539822638e-05,0.2949871374466726,1.086391568263951,0.00841142493115226,1.4653081299583236e-10
737,368,2.0,axis_edge_orthogonal,False,0.7426590233257618,0.253602475681822,4.80813643990716e-05,0.2866531635976177,0.8810550646273171,0.00870637122633977,2.351143173152834e-10
738,369,0.5,axis_edge_parallel,False,0.9713066940283736,0.3007618460575499,3.3669153772263334e-05,0.3902150604622706,1.6501190625771076,0.0100190038463217,6.73379550559346e-09
739,369,0.5,axis_edge_orthogonal,False,0.9720654689031528,0.3017158714162427,4.9766983345641504e-05,0.3520923665244162,1.8474465326946967,0.007804263701858627,6.080501133728966e-09
740,370,1.0,axis_edge_parallel,False,0.9693704377053342,0.2980701534595166,2.0803498139146784e-05,0.0401546167387932,0.2209411370625013,0.0597402599412198,2.971645483033701e-09
741,370,1.0,axis_edge_orthogonal,False,0.9464171019848598,0.2357888611935298,4.370659421347182e-05,0.0367641670975583,0.3156433214414875,0.04890257460732434,2.4294846246319476e-09
742,371,2.0,axis_edge_parallel,True,0.9870567081385,0.3876409388405303,5.6331308125557085e-05,0.1454609571846196,0.5291993819290985,0.014674778688129048,1.0197671295515001e-08
743,371,2.0,axis_edge_orthogonal,False,0.9547607855677522,0.2616950953685545,7.980310618420018e-05,0.1461233724145598,0.6341145010208332,0.023500422798392543,7.892793581190284e-09
744,372,0.5,axis_edge_parallel,True,0.8542596297525626,0.257722845110435,2.128619583600741e-05,0.1857142525583536,1.065390061197888,0.026247573000303427,5.125829454537578e-10
745,372,0.5,axis_edge_orthogonal,False,0.8465653292974487,0.2456338209753513,6.592876631434619e-05,0.1899838481749401,1.902856604977999,0.022468381169784692,2.6034072826689325e-10
746,373,1.0,axis_edge_parallel,False,0.847785967031972,0.2470539554136217,1.7296623419516234e-05,0.1790194438330946,0.4245246793876212,0.03882242296232867,3.821005276848836e-10
747,373,1.0,axis_edge_orthogonal,False,0.8427012057825596,0.2399489367684594,5.452687581466408e-05,0.1501340491869037,0.6798428899254901,0.03245091533983096,3.3804823066575664e-10
748,374,2.0,axis_edge_parallel,False,0.8428924634363217,0.2406127421151105,3.008779349690018e-05,0.0907402812860367,0.2353844359989822,0.0193575736261254,1.9889007797277333e-09
749,374,2.0,axis_edge_orthogonal,False,0.8486833962953845,0.2538066683785742,9.139456764571778e-05,0.0943974139621115,0.4204245228754637,0.010341531474212783,2.502450526443486e-09
750,375,0.5,axis_edge_parallel,True,0.984956089329546,0.7622031913309875,1.634916136743913e-05,0.157264932652824,0.9252042912810096,0.017557045651938618,1.1908431903672492e-10
751,375,0.5,axis_edge_orthogonal,True,0.986808592017245,0.7764161750778575,2.628235991509375e-05,0.1504204990704044,1.123260421346694,0.019094710460774777,1.1344140362650832e-10
752,376,1.0,axis_edge_parallel,True,0.984870363757306,0.7802432127806261,3.593007625230056e-05,0.2688376860135558,0.7945145384172313,0.01856532449511511,4.0781052563616655e-11
753,376,1.0,axis_edge_orthogonal,True,0.9809947336167376,0.7444984480259145,4.681581805558284e-05,0.2482897828674248,0.8588648556958361,0.007581472155944765,3.629567793331207e-11
754,377,2.0,axis_edge_parallel,True,0.978093646780714,0.7546898342044376,5.181034631080859e-05,0.3164317219554816,0.9306186973065904,0.01304199730265343,8.026946385962324e-11
755,377,2.0,axis_edge_orthogonal,True,0.944947520453772,0.6249354435630151,5.674834207943016e-05,0.2606586933959266,0.8481229767121955,0.016517320030120655,8.481641019737984e-11
756,378,0.5,axis_edge_parallel,True,0.885863292534186,0.3485238076295228,1.642238875500401e-05,0.3097453401650099,1.152828802309298,0.018964837579595807,1.4039504180883708e-10
757,378,0.5,axis_edge_orthogonal,True,0.8856413066988169,0.349323613595533,1.5043297120285244e-05,0.2987395789170451,1.054612609427816,0.007512625485806967,1.1471068528166205e-10
758,379,1.0,axis_edge_parallel,True,0.8747317776393357,0.3455093407183675,2.079347193874164e-05,0.1208976369634011,0.3617051141220748,0.02160932930355844,2.6960588275613837e-11
759,379,1.0,axis_edge_orthogonal,True,0.8612519977229559,0.2985696820297913,1.8901549208228667e-05,0.138312795603299,0.3657235578250627,0.030889847675697957,2.8007040800015306e-11
760,380,2.0,axis_edge_parallel,True,0.9179344366960376,0.4751601060539589,5.332484885094488e-05,0.19982368770709,0.6487357759737844,0.008776054542060078,6.669028627941147e-11
761,380,2.0,axis_edge_orthogonal,True,0.9112659313448582,0.4276509864215259,4.6854613832823217e-05,0.1946761473619579,0.5967067669232499,0.013715076096788147,8.694047485670895e-11
762,381,0.5,axis_edge_parallel,False,0.8458122761122512,0.2569831809456737,4.358053808640579e-05,0.2977325353496031,1.5065435600649586,0.017811962510095796,2.0096067223953152e-09
763,381,0.5,axis_edge_orthogonal,False,0.8329109417366756,0.2297221030461122,6.950736477333689e-05,0.26440399584102,1.7514159925197117,0.012911694024928111,1.5379097422836982e-09
764,382,1.0,axis_edge_parallel,True,0.8514846346498777,0.25973921079695,4.934634528284816e-05,0.2438796571697753,0.7722067510621995,0.012645095646523663,1.470743781997014e-09
765,382,1.0,axis_edge_orthogonal,False,0.8435718140451807,0.2474342228341165,6.489546304663883e-05,0.2161734609548411,0.8169818010329318,0.012296208597069794,3.5868323246730205e-09
766,383,2.0,axis_edge_parallel,True,0.8702792845221347,0.3032789346443327,5.590636624159151e-05,0.3514727035946188,1.1139915022841136,0.005422067397369713,5.543998647807748e-10
767,383,2.0,axis_edge_orthogonal,False,0.8467397871428709,0.2531299091866263,7.572412069372301e-05,0.3283516926361445,1.2298713082057318,0.007096860085237837,9.674432095756091e-10
