trial_id,response_cache_path,prior_family,prior_scale,poly_model,degree,include_intercept,n_candidates,n_trajectories,n_timebins,basis_dim,ridge,mean_cv_r2_energy,median_cv_r2_energy,mean_train_r2_energy,median_coef_s2_over_s1,median_coef_s3_over_s1
0,response_tables/trial_00000_hard_negative_structure_obs-empirical_prior-axis_edge_parallel_rel0p5x.npz,axis_edge_parallel,0.5,linear,1,False,4,16,40,10,1e-06,-0.0022039999080383788,-0.002251341357164649,0.0042446531211884075,0.007278519010373113,
0,response_tables/trial_00000_hard_negative_structure_obs-empirical_prior-axis_edge_parallel_rel0p5x.npz,axis_edge_parallel,0.5,quadratic,2,False,4,16,40,10,1e-06,0.576927646341567,0.5707726394938051,0.5875062619258279,0.0021736062018488955,3.903448345163832e-05
0,response_tables/trial_00000_hard_negative_structure_obs-empirical_prior-axis_edge_parallel_rel0p5x.npz,axis_edge_parallel,0.5,cubic,3,False,4,16,40,10,1e-06,0.5815298423549339,0.5802092329518371,0.6020722407881322,0.06824316235017679,0.0005799918223818525
0,response_tables/trial_00000_hard_negative_structure_obs-empirical_prior-axis_edge_parallel_rel0p5x.npz,axis_edge_parallel,0.5,affine_linear,1,True,4,16,40,10,1e-06,0.31913412915210404,0.3235431927901759,0.38592359801828774,0.09275842156302999,0.005731351572739794
0,response_tables/trial_00000_hard_negative_structure_obs-empirical_prior-axis_edge_parallel_rel0p5x.npz,axis_edge_parallel,0.5,affine_quadratic,2,True,4,16,40,10,1e-06,0.6763995329905194,0.6732714364199308,0.6975166266996705,0.003124426636676266,0.0005829929892992965
0,response_tables/trial_00000_hard_negative_structure_obs-empirical_prior-axis_edge_orthogonal_rel0p5x.npz,axis_edge_orthogonal,0.5,linear,1,False,4,16,40,10,1e-06,-0.0006886883259751841,0.00019626879089479354,0.0055708585436213265,0.004398227067277485,
0,response_tables/trial_00000_hard_negative_structure_obs-empirical_prior-axis_edge_orthogonal_rel0p5x.npz,axis_edge_orthogonal,0.5,quadratic,2,False,4,16,40,10,1e-06,0.5659803841532007,0.5649139490905998,0.5735296047949079,0.0013745375910868916,3.5965757210994914e-05
0,response_tables/trial_00000_hard_negative_structure_obs-empirical_prior-axis_edge_orthogonal_rel0p5x.npz,axis_edge_orthogonal,0.5,cubic,3,False,4,16,40,10,1e-06,0.57074333243634,0.5778673405989256,0.586038102935935,0.04840454307496772,0.00039854568851428686
0,response_tables/trial_00000_hard_negative_structure_obs-empirical_prior-axis_edge_orthogonal_rel0p5x.npz,axis_edge_orthogonal,0.5,affine_linear,1,True,4,16,40,10,1e-06,0.35399283921910496,0.32920142264439484,0.408661076653526,0.06014734114066989,0.003939418085037562
0,response_tables/trial_00000_hard_negative_structure_obs-empirical_prior-axis_edge_orthogonal_rel0p5x.npz,axis_edge_orthogonal,0.5,affine_quadratic,2,True,4,16,40,10,1e-06,0.6830053370043654,0.6710784030959924,0.7003222676876247,0.001818829370242021,0.0005779658212555676
1,response_tables/trial_00001_hard_negative_structure_obs-empirical_prior-axis_edge_parallel_rel1x.npz,axis_edge_parallel,1.0,linear,1,False,4,16,40,10,1e-06,-0.0037629914150453803,-0.004298297358304115,0.006906172014219281,0.009778692041890224,
1,response_tables/trial_00001_hard_negative_structure_obs-empirical_prior-axis_edge_parallel_rel1x.npz,axis_edge_parallel,1.0,quadratic,2,False,4,16,40,10,1e-06,0.38055817705303663,0.38192192700247307,0.40161474300516997,0.007924359188390018,7.300596591793022e-05
1,response_tables/trial_00001_hard_negative_structure_obs-empirical_prior-axis_edge_parallel_rel1x.npz,axis_edge_parallel,1.0,cubic,3,False,4,16,40,10,1e-06,0.3491397166097525,0.3567293463910949,0.41093131137368744,0.11986689677899046,0.0012574050961709823
1,response_tables/trial_00001_hard_negative_structure_obs-empirical_prior-axis_edge_parallel_rel1x.npz,axis_edge_parallel,1.0,affine_linear,1,True,4,16,40,10,1e-06,0.6600388965122956,0.6584156991732613,0.6829341890686449,0.2345976157218674,0.002938548459942478
1,response_tables/trial_00001_hard_negative_structure_obs-empirical_prior-axis_edge_parallel_rel1x.npz,axis_edge_parallel,1.0,affine_quadratic,2,True,4,16,40,10,1e-06,0.7083111275758075,0.7093401452392843,0.727993757945663,0.01894311092740492,0.006172011983140718
1,response_tables/trial_00001_hard_negative_structure_obs-empirical_prior-axis_edge_orthogonal_rel1x.npz,axis_edge_orthogonal,1.0,linear,1,False,4,16,40,10,1e-06,-0.0027686469466724484,-0.0012899873429578212,0.007968936272687965,0.005333397955645811,
1,response_tables/trial_00001_hard_negative_structure_obs-empirical_prior-axis_edge_orthogonal_rel1x.npz,axis_edge_orthogonal,1.0,quadratic,2,False,4,16,40,10,1e-06,0.372999419879705,0.38334909800149675,0.39642827376557094,0.004744340472071408,6.335018380599261e-05
1,response_tables/trial_00001_hard_negative_structure_obs-empirical_prior-axis_edge_orthogonal_rel1x.npz,axis_edge_orthogonal,1.0,cubic,3,False,4,16,40,10,1e-06,0.33982096444136856,0.35647447149888145,0.4068932685061103,0.06946153330991137,0.0009307940035527742
1,response_tables/trial_00001_hard_negative_structure_obs-empirical_prior-axis_edge_orthogonal_rel1x.npz,axis_edge_orthogonal,1.0,affine_linear,1,True,4,16,40,10,1e-06,0.6709065013737023,0.6562589553476095,0.6924315911552021,0.13401865057062542,0.0026677768758320607
1,response_tables/trial_00001_hard_negative_structure_obs-empirical_prior-axis_edge_orthogonal_rel1x.npz,axis_edge_orthogonal,1.0,affine_quadratic,2,True,4,16,40,10,1e-06,0.7148568839227484,0.7046846782154457,0.7340760385792268,0.00978838901484564,0.005313855903519118
2,response_tables/trial_00002_hard_negative_structure_obs-empirical_prior-axis_edge_parallel_rel2x.npz,axis_edge_parallel,2.0,linear,1,False,4,16,40,10,1e-06,0.0039053893807482476,0.0037337859420487063,0.005129221572660464,0.012997987931138627,
2,response_tables/trial_00002_hard_negative_structure_obs-empirical_prior-axis_edge_parallel_rel2x.npz,axis_edge_parallel,2.0,quadratic,2,False,4,16,40,10,1e-06,0.4702413790312747,0.4779094134324696,0.4827509730426012,0.003757348195204016,9.480593602879049e-05
2,response_tables/trial_00002_hard_negative_structure_obs-empirical_prior-axis_edge_parallel_rel2x.npz,axis_edge_parallel,2.0,cubic,3,False,4,16,40,10,1e-06,0.4703904064780041,0.4784839825551236,0.4840324231422003,0.11400585593520202,0.002196537004921309
2,response_tables/trial_00002_hard_negative_structure_obs-empirical_prior-axis_edge_parallel_rel2x.npz,axis_edge_parallel,2.0,affine_linear,1,True,4,16,40,10,1e-06,0.8200789865277427,0.8193694237840927,0.8294027167405202,0.15550504281061908,0.004622286806237889
2,response_tables/trial_00002_hard_negative_structure_obs-empirical_prior-axis_edge_parallel_rel2x.npz,axis_edge_parallel,2.0,affine_quadratic,2,True,4,16,40,10,1e-06,0.8349502195713396,0.8366407059220915,0.842914286173627,0.02015033283313876,0.012199516017325322
2,response_tables/trial_00002_hard_negative_structure_obs-empirical_prior-axis_edge_orthogonal_rel2x.npz,axis_edge_orthogonal,2.0,linear,1,False,4,16,40,10,1e-06,0.0028200610201018494,0.002447815750582283,0.004289707010959848,0.009969539691002576,
2,response_tables/trial_00002_hard_negative_structure_obs-empirical_prior-axis_edge_orthogonal_rel2x.npz,axis_edge_orthogonal,2.0,quadratic,2,False,4,16,40,10,1e-06,0.46345078115423866,0.4667927713861012,0.4746494986807963,0.0032151789115091776,0.00011585160928612165
2,response_tables/trial_00002_hard_negative_structure_obs-empirical_prior-axis_edge_orthogonal_rel2x.npz,axis_edge_orthogonal,2.0,cubic,3,False,4,16,40,10,1e-06,0.46348320219460487,0.46756293002343596,0.47593743463619775,0.10636594680198323,0.0019220445400791762
2,response_tables/trial_00002_hard_negative_structure_obs-empirical_prior-axis_edge_orthogonal_rel2x.npz,axis_edge_orthogonal,2.0,affine_linear,1,True,4,16,40,10,1e-06,0.831125252277432,0.8283345819756363,0.8391790508839336,0.13757043887388642,0.005651810393003441
2,response_tables/trial_00002_hard_negative_structure_obs-empirical_prior-axis_edge_orthogonal_rel2x.npz,axis_edge_orthogonal,2.0,affine_quadratic,2,True,4,16,40,10,1e-06,0.8425239542418292,0.8406349048906593,0.8500096770697139,0.02289708091912087,0.008507028145908719
3,response_tables/trial_00003_hard_negative_structure_obs-empirical_prior-axis_edge_parallel_rel0p5x.npz,axis_edge_parallel,0.5,linear,1,False,4,16,40,10,1e-06,-0.014044386337202508,-0.014879850224719382,0.0019253802838749556,0.0004968923106469943,
3,response_tables/trial_00003_hard_negative_structure_obs-empirical_prior-axis_edge_parallel_rel0p5x.npz,axis_edge_parallel,0.5,quadratic,2,False,4,16,40,10,1e-06,-0.8894430191037767,-0.6422600959946445,0.3368328430791233,0.003418769595572552,2.595135671500507e-06
3,response_tables/trial_00003_hard_negative_structure_obs-empirical_prior-axis_edge_parallel_rel0p5x.npz,axis_edge_parallel,0.5,cubic,3,False,4,16,40,10,1e-06,-2.6460130114277005,-1.8607903986067196,0.39365234037286057,0.03224932806551088,0.0009195045237637735
3,response_tables/trial_00003_hard_negative_structure_obs-empirical_prior-axis_edge_parallel_rel0p5x.npz,axis_edge_parallel,0.5,affine_linear,1,True,4,16,40,10,1e-06,0.3458801661375093,0.3421139153062386,0.3883769421677111,0.2740930324921902,0.00028061695860568775
3,response_tables/trial_00003_hard_negative_structure_obs-empirical_prior-axis_edge_parallel_rel0p5x.npz,axis_edge_parallel,0.5,affine_quadratic,2,True,4,16,40,10,1e-06,0.30239830415048297,0.3640649647819029,0.5663422624207026,0.0049330882755029195,0.0022257872377661305
3,response_tables/trial_00003_hard_negative_structure_obs-empirical_prior-axis_edge_orthogonal_rel0p5x.npz,axis_edge_orthogonal,0.5,linear,1,False,4,16,40,10,1e-06,-0.017104976430748875,-0.014215561896755657,0.0016853735554257232,0.0007042825059323549,
3,response_tables/trial_00003_hard_negative_structure_obs-empirical_prior-axis_edge_orthogonal_rel0p5x.npz,axis_edge_orthogonal,0.5,quadratic,2,False,4,16,40,10,1e-06,-1.0739003502547677,-1.0287917794593031,0.2983160413630076,0.0035857445070687096,1.715029996132964e-06
3,response_tables/trial_00003_hard_negative_structure_obs-empirical_prior-axis_edge_orthogonal_rel0p5x.npz,axis_edge_orthogonal,0.5,cubic,3,False,4,16,40,10,1e-06,-2.4007633772999446,-2.071066837631947,0.3565814689734181,0.03402088353156246,0.0007491105227837654
3,response_tables/trial_00003_hard_negative_structure_obs-empirical_prior-axis_edge_orthogonal_rel0p5x.npz,axis_edge_orthogonal,0.5,affine_linear,1,True,4,16,40,10,1e-06,0.4601164548316686,0.4945875671916525,0.498923460850364,0.18874103131911557,0.00042693551514516023
3,response_tables/trial_00003_hard_negative_structure_obs-empirical_prior-axis_edge_orthogonal_rel0p5x.npz,axis_edge_orthogonal,0.5,affine_quadratic,2,True,4,16,40,10,1e-06,0.4505945770815835,0.5040809515930058,0.6312735689992317,0.007111295070564221,0.0026875558710081995
4,response_tables/trial_00004_hard_negative_structure_obs-empirical_prior-axis_edge_parallel_rel1x.npz,axis_edge_parallel,1.0,linear,1,False,4,16,40,10,1e-06,-0.0069577353212652016,-0.002925373302119838,0.004414974316628573,0.0004286188983740486,
4,response_tables/trial_00004_hard_negative_structure_obs-empirical_prior-axis_edge_parallel_rel1x.npz,axis_edge_parallel,1.0,quadratic,2,False,4,16,40,10,1e-06,0.2710972958671085,0.277043641680897,0.31947530666580326,0.004020368460824023,7.558191631485434e-06
4,response_tables/trial_00004_hard_negative_structure_obs-empirical_prior-axis_edge_parallel_rel1x.npz,axis_edge_parallel,1.0,cubic,3,False,4,16,40,10,1e-06,-0.0815634892664325,0.13967297123852035,0.3313297907108028,0.05372580968113777,0.001125537112745038
4,response_tables/trial_00004_hard_negative_structure_obs-empirical_prior-axis_edge_parallel_rel1x.npz,axis_edge_parallel,1.0,affine_linear,1,True,4,16,40,10,1e-06,0.6287093564645498,0.6304819544403021,0.6639705943983873,0.13627953856372788,0.00032203215829208087
4,response_tables/trial_00004_hard_negative_structure_obs-empirical_prior-axis_edge_parallel_rel1x.npz,axis_edge_parallel,1.0,affine_quadratic,2,True,4,16,40,10,1e-06,0.6905943608221837,0.6880510463792765,0.7138702812103264,0.009895361369409128,0.006030046195191078
4,response_tables/trial_00004_hard_negative_structure_obs-empirical_prior-axis_edge_orthogonal_rel1x.npz,axis_edge_orthogonal,1.0,linear,1,False,4,16,40,10,1e-06,-0.008510227558487349,-0.00266042661033028,0.003770283284259296,0.0005039293296255568,
4,response_tables/trial_00004_hard_negative_structure_obs-empirical_prior-axis_edge_orthogonal_rel1x.npz,axis_edge_orthogonal,1.0,quadratic,2,False,4,16,40,10,1e-06,0.23664445892344993,0.2351429193610174,0.2906285428670009,0.0037611650077034034,8.51986987455623e-06
4,response_tables/trial_00004_hard_negative_structure_obs-empirical_prior-axis_edge_orthogonal_rel1x.npz,axis_edge_orthogonal,1.0,cubic,3,False,4,16,40,10,1e-06,-0.12074812718845268,0.09438043076294522,0.30554412544737086,0.04924027624116577,0.0012528493302707147
4,response_tables/trial_00004_hard_negative_structure_obs-empirical_prior-axis_edge_orthogonal_rel1x.npz,axis_edge_orthogonal,1.0,affine_linear,1,True,4,16,40,10,1e-06,0.7093403418768115,0.7444930818891768,0.7374043032422156,0.13967400236650718,0.0003301896902912113
4,response_tables/trial_00004_hard_negative_structure_obs-empirical_prior-axis_edge_orthogonal_rel1x.npz,axis_edge_orthogonal,1.0,affine_quadratic,2,True,4,16,40,10,1e-06,0.7432341991936641,0.7742684292341209,0.7695509009100073,0.019033201941311972,0.00699418688133192
5,response_tables/trial_00005_hard_negative_structure_obs-empirical_prior-axis_edge_parallel_rel2x.npz,axis_edge_parallel,2.0,linear,1,False,4,16,40,10,1e-06,0.004060566028562529,0.004273636689129723,0.005818303041701917,0.0016043864662904552,
5,response_tables/trial_00005_hard_negative_structure_obs-empirical_prior-axis_edge_parallel_rel2x.npz,axis_edge_parallel,2.0,quadratic,2,False,4,16,40,10,1e-06,-0.924604792407779,-0.95023365179534,0.15019136917868145,0.011408767063239773,2.572575349638006e-05
5,response_tables/trial_00005_hard_negative_structure_obs-empirical_prior-axis_edge_parallel_rel2x.npz,axis_edge_parallel,2.0,cubic,3,False,4,16,40,10,1e-06,-10.713520314709967,-10.708434938495582,0.3753449271629824,0.003522597180998693,0.0008919654068671258
5,response_tables/trial_00005_hard_negative_structure_obs-empirical_prior-axis_edge_parallel_rel2x.npz,axis_edge_parallel,2.0,affine_linear,1,True,4,16,40,10,1e-06,0.83603547656039,0.8327475670647941,0.840844025752912,0.14406035563734298,0.0003515572668641271
5,response_tables/trial_00005_hard_negative_structure_obs-empirical_prior-axis_edge_parallel_rel2x.npz,axis_edge_parallel,2.0,affine_quadratic,2,True,4,16,40,10,1e-06,0.8146382096337028,0.8127315499780796,0.8421042193244896,0.14949498328743105,0.04538489078949323
5,response_tables/trial_00005_hard_negative_structure_obs-empirical_prior-axis_edge_orthogonal_rel2x.npz,axis_edge_orthogonal,2.0,linear,1,False,4,16,40,10,1e-06,0.003951307487213562,0.002772905663481484,0.005743852069889643,0.0019624017762559123,
5,response_tables/trial_00005_hard_negative_structure_obs-empirical_prior-axis_edge_orthogonal_rel2x.npz,axis_edge_orthogonal,2.0,quadratic,2,False,4,16,40,10,1e-06,-0.9396246895533564,-0.999343396058516,0.14427987014719632,0.010057341435904657,2.569575449797597e-05
5,response_tables/trial_00005_hard_negative_structure_obs-empirical_prior-axis_edge_orthogonal_rel2x.npz,axis_edge_orthogonal,2.0,cubic,3,False,4,16,40,10,1e-06,-11.19016452203595,-11.164726973381399,0.3535651568168249,0.0037327472891558145,0.0015674121246869585
5,response_tables/trial_00005_hard_negative_structure_obs-empirical_prior-axis_edge_orthogonal_rel2x.npz,axis_edge_orthogonal,2.0,affine_linear,1,True,4,16,40,10,1e-06,0.8731473651478194,0.8855073192054271,0.8765914025366843,0.12433663372748399,0.000339916923014032
5,response_tables/trial_00005_hard_negative_structure_obs-empirical_prior-axis_edge_orthogonal_rel2x.npz,axis_edge_orthogonal,2.0,affine_quadratic,2,True,4,16,40,10,1e-06,0.8637211030286425,0.8764849725448693,0.8770320504015177,0.3097638985802608,0.052313507664415615
6,response_tables/trial_00006_hard_negative_structure_obs-empirical_prior-axis_edge_parallel_rel0p5x.npz,axis_edge_parallel,0.5,linear,1,False,4,16,40,10,1e-06,-0.0026270283420384843,-0.0018623997984198448,0.002352854945460836,0.003756160231781208,
6,response_tables/trial_00006_hard_negative_structure_obs-empirical_prior-axis_edge_parallel_rel0p5x.npz,axis_edge_parallel,0.5,quadratic,2,False,4,16,40,10,1e-06,-0.4312863133743325,-0.4432199923489559,0.36426637568894826,0.004744781860152269,1.285589352243123e-05
6,response_tables/trial_00006_hard_negative_structure_obs-empirical_prior-axis_edge_parallel_rel0p5x.npz,axis_edge_parallel,0.5,cubic,3,False,4,16,40,10,1e-06,-2.454106352516733,-2.708878833709473,0.5116222075511423,0.01982870803942545,0.0007423353998906601
6,response_tables/trial_00006_hard_negative_structure_obs-empirical_prior-axis_edge_parallel_rel0p5x.npz,axis_edge_parallel,0.5,affine_linear,1,True,4,16,40,10,1e-06,0.4010690781151094,0.4410571639636178,0.450173652918549,0.2746371468956743,0.0013896019722266012
6,response_tables/trial_00006_hard_negative_structure_obs-empirical_prior-axis_edge_parallel_rel0p5x.npz,axis_edge_parallel,0.5,affine_quadratic,2,True,4,16,40,10,1e-06,0.12363150514403182,0.1632517413328488,0.5876701038951038,0.0074621052479403056,0.0016200080696452132
6,response_tables/trial_00006_hard_negative_structure_obs-empirical_prior-axis_edge_orthogonal_rel0p5x.npz,axis_edge_orthogonal,0.5,linear,1,False,4,16,40,10,1e-06,0.0011201958462621342,-0.00028426985127127935,0.004700646889222393,0.008237064536953309,
6,response_tables/trial_00006_hard_negative_structure_obs-empirical_prior-axis_edge_orthogonal_rel0p5x.npz,axis_edge_orthogonal,0.5,quadratic,2,False,4,16,40,10,1e-06,-0.6972999304460267,-0.768240993354717,0.28675080901270134,0.010638471742951865,1.2086632397051149e-05
6,response_tables/trial_00006_hard_negative_structure_obs-empirical_prior-axis_edge_orthogonal_rel0p5x.npz,axis_edge_orthogonal,0.5,cubic,3,False,4,16,40,10,1e-06,-3.3284286628267594,-3.5820168505308403,0.42276716270500414,0.017086520095995324,0.00043509527763388223
6,response_tables/trial_00006_hard_negative_structure_obs-empirical_prior-axis_edge_orthogonal_rel0p5x.npz,axis_edge_orthogonal,0.5,affine_linear,1,True,4,16,40,10,1e-06,0.4449438341399507,0.4583009877226768,0.48706934073712005,0.28209201268074885,0.00141432732788913
6,response_tables/trial_00006_hard_negative_structure_obs-empirical_prior-axis_edge_orthogonal_rel0p5x.npz,axis_edge_orthogonal,0.5,affine_quadratic,2,True,4,16,40,10,1e-06,-0.022412011722566044,-0.022806103279978063,0.5672828715994409,0.019229182526804355,0.0021795687713283447
7,response_tables/trial_00007_hard_negative_structure_obs-empirical_prior-axis_edge_parallel_rel1x.npz,axis_edge_parallel,1.0,linear,1,False,4,16,40,10,1e-06,-0.0061993569290733075,-0.004464250997044283,0.0029124375299645067,0.004868324403276088,
7,response_tables/trial_00007_hard_negative_structure_obs-empirical_prior-axis_edge_parallel_rel1x.npz,axis_edge_parallel,1.0,quadratic,2,False,4,16,40,10,1e-06,0.38422017134473446,0.38523029236568124,0.41584496139558147,0.0064685863906555835,3.4092475369042976e-05
7,response_tables/trial_00007_hard_negative_structure_obs-empirical_prior-axis_edge_parallel_rel1x.npz,axis_edge_parallel,1.0,cubic,3,False,4,16,40,10,1e-06,0.3460283030688769,0.3393621254161691,0.4294655744800209,0.07003766301112486,0.0033819186924977642
7,response_tables/trial_00007_hard_negative_structure_obs-empirical_prior-axis_edge_parallel_rel1x.npz,axis_edge_parallel,1.0,affine_linear,1,True,4,16,40,10,1e-06,0.5574452087993174,0.6179449112872423,0.5785873993421426,0.4392206465767081,0.002446011782613002
7,response_tables/trial_00007_hard_negative_structure_obs-empirical_prior-axis_edge_parallel_rel1x.npz,axis_edge_parallel,1.0,affine_quadratic,2,True,4,16,40,10,1e-06,0.664993936141585,0.7026497250301982,0.6912252855366448,0.012767689977699809,0.004173447273863833
7,response_tables/trial_00007_hard_negative_structure_obs-empirical_prior-axis_edge_orthogonal_rel1x.npz,axis_edge_orthogonal,1.0,linear,1,False,4,16,40,10,1e-06,-0.004963801677436319,-0.004265299255551636,0.003852992869366162,0.007569959110411883,
7,response_tables/trial_00007_hard_negative_structure_obs-empirical_prior-axis_edge_orthogonal_rel1x.npz,axis_edge_orthogonal,1.0,quadratic,2,False,4,16,40,10,1e-06,0.2958172565142748,0.29836889933045285,0.35228356987372267,0.0037544240332302845,5.380842800441758e-05
7,response_tables/trial_00007_hard_negative_structure_obs-empirical_prior-axis_edge_orthogonal_rel1x.npz,axis_edge_orthogonal,1.0,cubic,3,False,4,16,40,10,1e-06,0.24921188602363553,0.23871339550916126,0.3597570166532358,0.16074297375344232,0.002123908214266788
7,response_tables/trial_00007_hard_negative_structure_obs-empirical_prior-axis_edge_orthogonal_rel1x.npz,axis_edge_orthogonal,1.0,affine_linear,1,True,4,16,40,10,1e-06,0.6060216908007224,0.6364154510218076,0.633191340586222,0.1980397685784247,0.004068012789145269
7,response_tables/trial_00007_hard_negative_structure_obs-empirical_prior-axis_edge_orthogonal_rel1x.npz,axis_edge_orthogonal,1.0,affine_quadratic,2,True,4,16,40,10,1e-06,0.6497086005408415,0.6829911579971215,0.6965430923312071,0.006032213226175727,0.003872041259252369
8,response_tables/trial_00008_hard_negative_structure_obs-empirical_prior-axis_edge_parallel_rel2x.npz,axis_edge_parallel,2.0,linear,1,False,4,16,40,10,1e-06,-0.0013886360240686069,-9.081453016729357e-05,0.0017568598718246398,0.011125031273358635,
8,response_tables/trial_00008_hard_negative_structure_obs-empirical_prior-axis_edge_parallel_rel2x.npz,axis_edge_parallel,2.0,quadratic,2,False,4,16,40,10,1e-06,0.3948752438074407,0.39574246593121887,0.4025533485277179,0.005349668099127468,2.389003582173975e-05
8,response_tables/trial_00008_hard_negative_structure_obs-empirical_prior-axis_edge_parallel_rel2x.npz,axis_edge_parallel,2.0,cubic,3,False,4,16,40,10,1e-06,0.39048297568057166,0.38935865614962756,0.4172573379743141,0.05463409678749067,0.0013636758580612787
8,response_tables/trial_00008_hard_negative_structure_obs-empirical_prior-axis_edge_parallel_rel2x.npz,axis_edge_parallel,2.0,affine_linear,1,True,4,16,40,10,1e-06,0.7930919938902555,0.8424635548080686,0.8007688177014469,0.28492094546859875,0.0015693569706600953
8,response_tables/trial_00008_hard_negative_structure_obs-empirical_prior-axis_edge_parallel_rel2x.npz,axis_edge_parallel,2.0,affine_quadratic,2,True,4,16,40,10,1e-06,0.8046534042654848,0.8460688873655441,0.8127781893378182,0.05679900941148411,0.024461112694276088
8,response_tables/trial_00008_hard_negative_structure_obs-empirical_prior-axis_edge_orthogonal_rel2x.npz,axis_edge_orthogonal,2.0,linear,1,False,4,16,40,10,1e-06,-0.0005500434313569502,-0.0009827738295034028,0.0010404593961004238,0.01999922108430719,
8,response_tables/trial_00008_hard_negative_structure_obs-empirical_prior-axis_edge_orthogonal_rel2x.npz,axis_edge_orthogonal,2.0,quadratic,2,False,4,16,40,10,1e-06,0.3554859461140998,0.3535500353906783,0.36748078094809433,0.00324106166784248,3.999863410233425e-05
8,response_tables/trial_00008_hard_negative_structure_obs-empirical_prior-axis_edge_orthogonal_rel2x.npz,axis_edge_orthogonal,2.0,cubic,3,False,4,16,40,10,1e-06,0.36020841224937733,0.3598023627575631,0.38565222093770146,0.028890729294468957,0.0009253667033970875
8,response_tables/trial_00008_hard_negative_structure_obs-empirical_prior-axis_edge_orthogonal_rel2x.npz,axis_edge_orthogonal,2.0,affine_linear,1,True,4,16,40,10,1e-06,0.824346649370123,0.8416886462840044,0.8294768058691055,0.15823219404459857,0.0023529474708160335
8,response_tables/trial_00008_hard_negative_structure_obs-empirical_prior-axis_edge_orthogonal_rel2x.npz,axis_edge_orthogonal,2.0,affine_quadratic,2,True,4,16,40,10,1e-06,0.8237402290255909,0.840008324674817,0.8320847153922939,0.1167435722142777,0.033192017398726736
9,response_tables/trial_00009_hard_negative_structure_obs-empirical_prior-axis_edge_parallel_rel0p5x.npz,axis_edge_parallel,0.5,linear,1,False,4,16,40,10,1e-06,-0.0007349469201004544,-0.006447846884870212,0.0057802417523692695,0.020190052388222315,
9,response_tables/trial_00009_hard_negative_structure_obs-empirical_prior-axis_edge_parallel_rel0p5x.npz,axis_edge_parallel,0.5,quadratic,2,False,4,16,40,10,1e-06,0.25535705613641696,0.2575462333018396,0.3335172261775827,0.0060457441275085415,6.78401476636172e-05
9,response_tables/trial_00009_hard_negative_structure_obs-empirical_prior-axis_edge_parallel_rel0p5x.npz,axis_edge_parallel,0.5,cubic,3,False,4,16,40,10,1e-06,0.10067707236619697,0.1087619749802406,0.3573473395254837,0.08530065632632808,0.0025933234616639027
9,response_tables/trial_00009_hard_negative_structure_obs-empirical_prior-axis_edge_parallel_rel0p5x.npz,axis_edge_parallel,0.5,affine_linear,1,True,4,16,40,10,1e-06,0.4526518233839394,0.46835134405870626,0.4721965276641587,0.3433487736411035,0.003945692272762135
9,response_tables/trial_00009_hard_negative_structure_obs-empirical_prior-axis_edge_parallel_rel0p5x.npz,axis_edge_parallel,0.5,affine_quadratic,2,True,4,16,40,10,1e-06,0.5231748022942488,0.5130035421875787,0.5784143455031596,0.009567137023818232,0.0028864003920267417
9,response_tables/trial_00009_hard_negative_structure_obs-empirical_prior-axis_edge_orthogonal_rel0p5x.npz,axis_edge_orthogonal,0.5,linear,1,False,4,16,40,10,1e-06,-0.0006159210543673355,-0.006275044956933984,0.006351438452416119,0.014362511931855362,
9,response_tables/trial_00009_hard_negative_structure_obs-empirical_prior-axis_edge_orthogonal_rel0p5x.npz,axis_edge_orthogonal,0.5,quadratic,2,False,4,16,40,10,1e-06,0.22928759873238475,0.2386305646398157,0.30217788528263,0.010245690220910061,6.604802498419412e-05
9,response_tables/trial_00009_hard_negative_structure_obs-empirical_prior-axis_edge_orthogonal_rel0p5x.npz,axis_edge_orthogonal,0.5,cubic,3,False,4,16,40,10,1e-06,0.09863046267592937,0.09504236517414083,0.3283739433756413,0.12215359316140859,0.002291829037758087
9,response_tables/trial_00009_hard_negative_structure_obs-empirical_prior-axis_edge_orthogonal_rel0p5x.npz,axis_edge_orthogonal,0.5,affine_linear,1,True,4,16,40,10,1e-06,0.4239883704660876,0.4132136529804505,0.4413656515504564,0.4325761968559499,0.003077853912552631
9,response_tables/trial_00009_hard_negative_structure_obs-empirical_prior-axis_edge_orthogonal_rel0p5x.npz,axis_edge_orthogonal,0.5,affine_quadratic,2,True,4,16,40,10,1e-06,0.4809001475333006,0.48334505614362516,0.5336167868874415,0.015515924482652807,0.003930297969952489
10,response_tables/trial_00010_hard_negative_structure_obs-empirical_prior-axis_edge_parallel_rel1x.npz,axis_edge_parallel,1.0,linear,1,False,4,16,40,10,1e-06,-0.0008285100023867897,-0.0004517024086078125,0.0004785687577813502,0.03395585331571874,
10,response_tables/trial_00010_hard_negative_structure_obs-empirical_prior-axis_edge_parallel_rel1x.npz,axis_edge_parallel,1.0,quadratic,2,False,4,16,40,10,1e-06,0.21503406370916348,0.20843418466465108,0.26031193391911767,0.004405618075068599,5.132402836386686e-05
10,response_tables/trial_00010_hard_negative_structure_obs-empirical_prior-axis_edge_parallel_rel1x.npz,axis_edge_parallel,1.0,cubic,3,False,4,16,40,10,1e-06,0.1861579245206288,0.18473999100600969,0.269267207287672,0.11935929192321837,0.0020630441551087054
10,response_tables/trial_00010_hard_negative_structure_obs-empirical_prior-axis_edge_parallel_rel1x.npz,axis_edge_parallel,1.0,affine_linear,1,True,4,16,40,10,1e-06,0.6410096318497782,0.6451844849936114,0.6542096748542394,0.24314561160960613,0.0043245462200110244
10,response_tables/trial_00010_hard_negative_structure_obs-empirical_prior-axis_edge_parallel_rel1x.npz,axis_edge_parallel,1.0,affine_quadratic,2,True,4,16,40,10,1e-06,0.6738733368804868,0.6800891596009632,0.6944185556738935,0.017041937017813924,0.004435724335992387
10,response_tables/trial_00010_hard_negative_structure_obs-empirical_prior-axis_edge_orthogonal_rel1x.npz,axis_edge_orthogonal,1.0,linear,1,False,4,16,40,10,1e-06,4.895046513603285e-05,-0.0003758357247057864,0.0013161673678205588,0.02388629018909691,
10,response_tables/trial_00010_hard_negative_structure_obs-empirical_prior-axis_edge_orthogonal_rel1x.npz,axis_edge_orthogonal,1.0,quadratic,2,False,4,16,40,10,1e-06,0.2033152696802573,0.1988618169243182,0.24962686565048647,0.00943023218507983,4.6857397125340454e-05
10,response_tables/trial_00010_hard_negative_structure_obs-empirical_prior-axis_edge_orthogonal_rel1x.npz,axis_edge_orthogonal,1.0,cubic,3,False,4,16,40,10,1e-06,0.1807461006085929,0.17583139459006553,0.25913808754963685,0.24960404370469758,0.003556603309855858
10,response_tables/trial_00010_hard_negative_structure_obs-empirical_prior-axis_edge_orthogonal_rel1x.npz,axis_edge_orthogonal,1.0,affine_linear,1,True,4,16,40,10,1e-06,0.6090899545863336,0.6127702535681279,0.6220586692362706,0.4896896265483892,0.003945345364851454
10,response_tables/trial_00010_hard_negative_structure_obs-empirical_prior-axis_edge_orthogonal_rel1x.npz,axis_edge_orthogonal,1.0,affine_quadratic,2,True,4,16,40,10,1e-06,0.6421745449748779,0.6429778170143952,0.6639241008721269,0.027611851757294997,0.008059743280188908
11,response_tables/trial_00011_hard_negative_structure_obs-empirical_prior-axis_edge_parallel_rel2x.npz,axis_edge_parallel,2.0,linear,1,False,4,16,40,10,1e-06,0.0024820705653439967,0.004178615008333053,0.004774013483982681,0.005314215183417011,
11,response_tables/trial_00011_hard_negative_structure_obs-empirical_prior-axis_edge_parallel_rel2x.npz,axis_edge_parallel,2.0,quadratic,2,False,4,16,40,10,1e-06,0.3057172794013601,0.3074601574645662,0.3217758137918622,0.006830226460294599,7.797174116101231e-05
11,response_tables/trial_00011_hard_negative_structure_obs-empirical_prior-axis_edge_parallel_rel2x.npz,axis_edge_parallel,2.0,cubic,3,False,4,16,40,10,1e-06,0.28177592667501683,0.2772237910734398,0.326654696524721,0.10693607507845275,0.004795599738298524
11,response_tables/trial_00011_hard_negative_structure_obs-empirical_prior-axis_edge_parallel_rel2x.npz,axis_edge_parallel,2.0,affine_linear,1,True,4,16,40,10,1e-06,0.8214299615839769,0.8298966965915773,0.8291054259533999,0.21839258931826527,0.0022627337363913588
11,response_tables/trial_00011_hard_negative_structure_obs-empirical_prior-axis_edge_parallel_rel2x.npz,axis_edge_parallel,2.0,affine_quadratic,2,True,4,16,40,10,1e-06,0.8216364781792889,0.8284595781144832,0.8331446532246556,0.13312571175170512,0.037714271981486094
11,response_tables/trial_00011_hard_negative_structure_obs-empirical_prior-axis_edge_orthogonal_rel2x.npz,axis_edge_orthogonal,2.0,linear,1,False,4,16,40,10,1e-06,0.002261010264402896,0.00253538342452142,0.004880524764542982,0.004291169421771126,
11,response_tables/trial_00011_hard_negative_structure_obs-empirical_prior-axis_edge_orthogonal_rel2x.npz,axis_edge_orthogonal,2.0,quadratic,2,False,4,16,40,10,1e-06,0.2805937675555615,0.28047415882586685,0.29674190242366044,0.010326100445175627,9.762837145604577e-05
11,response_tables/trial_00011_hard_negative_structure_obs-empirical_prior-axis_edge_orthogonal_rel2x.npz,axis_edge_orthogonal,2.0,cubic,3,False,4,16,40,10,1e-06,0.25919477944202046,0.25174967743709775,0.30286812344018155,0.24400182203556614,0.006147353138918099
11,response_tables/trial_00011_hard_negative_structure_obs-empirical_prior-axis_edge_orthogonal_rel2x.npz,axis_edge_orthogonal,2.0,affine_linear,1,True,4,16,40,10,1e-06,0.774848756634412,0.7737977449910501,0.7838832418526559,0.26495062126002,0.002889126136451192
11,response_tables/trial_00011_hard_negative_structure_obs-empirical_prior-axis_edge_orthogonal_rel2x.npz,axis_edge_orthogonal,2.0,affine_quadratic,2,True,4,16,40,10,1e-06,0.7754243884219824,0.7746601438270632,0.7891227971932657,0.16694415683592365,0.041118493759594144
12,response_tables/trial_00012_hard_negative_structure_obs-empirical_prior-axis_edge_parallel_rel0p5x.npz,axis_edge_parallel,0.5,linear,1,False,4,16,40,10,1e-06,-0.006658658266117723,-0.006253095400445385,0.0030538546065165817,0.003796754714922039,
12,response_tables/trial_00012_hard_negative_structure_obs-empirical_prior-axis_edge_parallel_rel0p5x.npz,axis_edge_parallel,0.5,quadratic,2,False,4,16,40,10,1e-06,0.36189279981326494,0.3589642809944628,0.39896290931013645,0.005431201850183607,2.6443579270111002e-05
12,response_tables/trial_00012_hard_negative_structure_obs-empirical_prior-axis_edge_parallel_rel0p5x.npz,axis_edge_parallel,0.5,cubic,3,False,4,16,40,10,1e-06,0.29279590929086285,0.2915084481722647,0.4162942396260615,0.05991245056669522,0.0020575345696524205
12,response_tables/trial_00012_hard_negative_structure_obs-empirical_prior-axis_edge_parallel_rel0p5x.npz,axis_edge_parallel,0.5,affine_linear,1,True,4,16,40,10,1e-06,0.37612449467188014,0.37739454390707594,0.4093101467473482,0.31714203792925955,0.0021837122385913034
12,response_tables/trial_00012_hard_negative_structure_obs-empirical_prior-axis_edge_parallel_rel0p5x.npz,axis_edge_parallel,0.5,affine_quadratic,2,True,4,16,40,10,1e-06,0.5235495404599898,0.5260395949417249,0.5659289966284207,0.007402761508857564,0.0015164460092794859
12,response_tables/trial_00012_hard_negative_structure_obs-empirical_prior-axis_edge_orthogonal_rel0p5x.npz,axis_edge_orthogonal,0.5,linear,1,False,4,16,40,10,1e-06,-0.005363723991983871,-0.0064734346778450025,0.0023818640998826135,0.002699233719017261,
12,response_tables/trial_00012_hard_negative_structure_obs-empirical_prior-axis_edge_orthogonal_rel0p5x.npz,axis_edge_orthogonal,0.5,quadratic,2,False,4,16,40,10,1e-06,0.2861123154445566,0.2794501434296787,0.34406334612394396,0.004256023947256398,1.344688231866281e-05
12,response_tables/trial_00012_hard_negative_structure_obs-empirical_prior-axis_edge_orthogonal_rel0p5x.npz,axis_edge_orthogonal,0.5,cubic,3,False,4,16,40,10,1e-06,0.18867661933161997,0.18240208803344105,0.35730870361867895,0.09066310174068991,0.0019690271749716257
12,response_tables/trial_00012_hard_negative_structure_obs-empirical_prior-axis_edge_orthogonal_rel0p5x.npz,axis_edge_orthogonal,0.5,affine_linear,1,True,4,16,40,10,1e-06,0.40678170498602695,0.3781022688148657,0.4311073770048677,0.21804538275147092,0.0014436706437868123
12,response_tables/trial_00012_hard_negative_structure_obs-empirical_prior-axis_edge_orthogonal_rel0p5x.npz,axis_edge_orthogonal,0.5,affine_quadratic,2,True,4,16,40,10,1e-06,0.4875214062743638,0.4558803813162788,0.5463845989928479,0.007143316413031571,0.00215980351885486
13,response_tables/trial_00013_hard_negative_structure_obs-empirical_prior-axis_edge_parallel_rel1x.npz,axis_edge_parallel,1.0,linear,1,False,4,16,40,10,1e-06,-0.0010675871865408748,-0.0012362796967352319,0.0032537558223176832,0.0048403042328052474,
13,response_tables/trial_00013_hard_negative_structure_obs-empirical_prior-axis_edge_parallel_rel1x.npz,axis_edge_parallel,1.0,quadratic,2,False,4,16,40,10,1e-06,0.07157750666856022,0.07002644731133129,0.23852592360463098,0.007111299150598478,6.61635028672371e-05
13,response_tables/trial_00013_hard_negative_structure_obs-empirical_prior-axis_edge_parallel_rel1x.npz,axis_edge_parallel,1.0,cubic,3,False,4,16,40,10,1e-06,-1.1133311376150152,-1.1174606852555096,0.2468795787432617,0.1706199567945928,0.004408369464454144
13,response_tables/trial_00013_hard_negative_structure_obs-empirical_prior-axis_edge_parallel_rel1x.npz,axis_edge_parallel,1.0,affine_linear,1,True,4,16,40,10,1e-06,0.6584662152875097,0.6494940345605491,0.6842938569418405,0.25123379696924897,0.002780516215894099
13,response_tables/trial_00013_hard_negative_structure_obs-empirical_prior-axis_edge_parallel_rel1x.npz,axis_edge_parallel,1.0,affine_quadratic,2,True,4,16,40,10,1e-06,0.6592976181678528,0.6556840814876245,0.7065271853270906,0.02041686803379362,0.013346807311272947
13,response_tables/trial_00013_hard_negative_structure_obs-empirical_prior-axis_edge_orthogonal_rel1x.npz,axis_edge_orthogonal,1.0,linear,1,False,4,16,40,10,1e-06,-0.0026459703792765243,-0.0021559350059929816,0.005358351453616239,0.003663093773183773,
13,response_tables/trial_00013_hard_negative_structure_obs-empirical_prior-axis_edge_orthogonal_rel1x.npz,axis_edge_orthogonal,1.0,quadratic,2,False,4,16,40,10,1e-06,0.047519525940954294,0.04654467962969533,0.21028595207830078,0.011274578976750953,7.988015480870524e-05
13,response_tables/trial_00013_hard_negative_structure_obs-empirical_prior-axis_edge_orthogonal_rel1x.npz,axis_edge_orthogonal,1.0,cubic,3,False,4,16,40,10,1e-06,-1.0670151120870215,-0.9859662813318861,0.21784844818670607,0.14361647651421772,0.0033642087451205144
13,response_tables/trial_00013_hard_negative_structure_obs-empirical_prior-axis_edge_orthogonal_rel1x.npz,axis_edge_orthogonal,1.0,affine_linear,1,True,4,16,40,10,1e-06,0.6355592042859868,0.5997530446302874,0.6719805908963716,0.24672836141920335,0.0029265477458905813
13,response_tables/trial_00013_hard_negative_structure_obs-empirical_prior-axis_edge_orthogonal_rel1x.npz,axis_edge_orthogonal,1.0,affine_quadratic,2,True,4,16,40,10,1e-06,0.6291127203224589,0.5976706456106966,0.6866444507760652,0.04942759904142949,0.016411802193879617
14,response_tables/trial_00014_hard_negative_structure_obs-empirical_prior-axis_edge_parallel_rel2x.npz,axis_edge_parallel,2.0,linear,1,False,4,16,40,10,1e-06,-0.0033852801214787065,-0.004998674866034669,0.0021960308253864136,0.010280211228600978,
14,response_tables/trial_00014_hard_negative_structure_obs-empirical_prior-axis_edge_parallel_rel2x.npz,axis_edge_parallel,2.0,quadratic,2,False,4,16,40,10,1e-06,0.3932178204373594,0.3905653081459039,0.40775225636781115,0.006292008436367376,7.141729073517984e-05
14,response_tables/trial_00014_hard_negative_structure_obs-empirical_prior-axis_edge_parallel_rel2x.npz,axis_edge_parallel,2.0,cubic,3,False,4,16,40,10,1e-06,0.3804969284310486,0.38477005393858277,0.41807871435120236,0.15918178521379006,0.0029469301833471143
14,response_tables/trial_00014_hard_negative_structure_obs-empirical_prior-axis_edge_parallel_rel2x.npz,axis_edge_parallel,2.0,affine_linear,1,True,4,16,40,10,1e-06,0.7597020961021239,0.7521813766392992,0.7702119585072502,0.2853973994863771,0.0031793807578665073
14,response_tables/trial_00014_hard_negative_structure_obs-empirical_prior-axis_edge_parallel_rel2x.npz,axis_edge_parallel,2.0,affine_quadratic,2,True,4,16,40,10,1e-06,0.7684766196444409,0.7608167574482223,0.7786665596525482,0.04967364269620485,0.023247802538160833
14,response_tables/trial_00014_hard_negative_structure_obs-empirical_prior-axis_edge_orthogonal_rel2x.npz,axis_edge_orthogonal,2.0,linear,1,False,4,16,40,10,1e-06,-0.002594429775783752,-0.0038094732544903254,0.0019553856411421433,0.024850745598864247,
14,response_tables/trial_00014_hard_negative_structure_obs-empirical_prior-axis_edge_orthogonal_rel2x.npz,axis_edge_orthogonal,2.0,quadratic,2,False,4,16,40,10,1e-06,0.37282499069663944,0.3704172114996511,0.3877686026376723,0.0032297572062168767,0.00014591229277162324
14,response_tables/trial_00014_hard_negative_structure_obs-empirical_prior-axis_edge_orthogonal_rel2x.npz,axis_edge_orthogonal,2.0,cubic,3,False,4,16,40,10,1e-06,0.35853281815996785,0.36456479065185055,0.39748689739677556,0.17956059905084348,0.00208250825348718
14,response_tables/trial_00014_hard_negative_structure_obs-empirical_prior-axis_edge_orthogonal_rel2x.npz,axis_edge_orthogonal,2.0,affine_linear,1,True,4,16,40,10,1e-06,0.7561905219565511,0.7385559452992088,0.7665145791221447,0.1417459729683551,0.00589121703383125
14,response_tables/trial_00014_hard_negative_structure_obs-empirical_prior-axis_edge_orthogonal_rel2x.npz,axis_edge_orthogonal,2.0,affine_quadratic,2,True,4,16,40,10,1e-06,0.7611943645380406,0.7440478151931491,0.771823378963274,0.06662270029647993,0.013375111371670939
15,response_tables/trial_00015_hard_negative_structure_obs-empirical_prior-axis_edge_parallel_rel0p5x.npz,axis_edge_parallel,0.5,linear,1,False,4,16,40,10,1e-06,-0.0023493417677763473,-0.0018790180060750394,0.00273002633502345,0.00848938162563529,
15,response_tables/trial_00015_hard_negative_structure_obs-empirical_prior-axis_edge_parallel_rel0p5x.npz,axis_edge_parallel,0.5,quadratic,2,False,4,16,40,10,1e-06,0.216511965027292,0.18598883509877323,0.35602559297835595,0.006410162651943077,3.903932154443487e-05
15,response_tables/trial_00015_hard_negative_structure_obs-empirical_prior-axis_edge_parallel_rel0p5x.npz,axis_edge_parallel,0.5,cubic,3,False,4,16,40,10,1e-06,0.05866473860398172,-0.016171427834881014,0.3944875217678399,0.03162038526532479,0.0017386587239696034
15,response_tables/trial_00015_hard_negative_structure_obs-empirical_prior-axis_edge_parallel_rel0p5x.npz,axis_edge_parallel,0.5,affine_linear,1,True,4,16,40,10,1e-06,0.3755517558643213,0.36736168167028793,0.44975175109741894,0.2603354891713604,0.00258696184557145
15,response_tables/trial_00015_hard_negative_structure_obs-empirical_prior-axis_edge_parallel_rel0p5x.npz,axis_edge_parallel,0.5,affine_quadratic,2,True,4,16,40,10,1e-06,0.4303991242929479,0.39436221312427744,0.5769064295917639,0.009172912157002087,0.002688906423335776
15,response_tables/trial_00015_hard_negative_structure_obs-empirical_prior-axis_edge_orthogonal_rel0p5x.npz,axis_edge_orthogonal,0.5,linear,1,False,4,16,40,10,1e-06,-0.0026150175126023467,-0.0013212417519831154,0.0018359803610294712,0.010630230053110607,
15,response_tables/trial_00015_hard_negative_structure_obs-empirical_prior-axis_edge_orthogonal_rel0p5x.npz,axis_edge_orthogonal,0.5,quadratic,2,False,4,16,40,10,1e-06,0.22106926717936976,0.21024508090932953,0.354466875660976,0.0037737598168350968,4.786362938688718e-05
15,response_tables/trial_00015_hard_negative_structure_obs-empirical_prior-axis_edge_orthogonal_rel0p5x.npz,axis_edge_orthogonal,0.5,cubic,3,False,4,16,40,10,1e-06,0.054724774019186545,-0.03447633632344421,0.392297419913309,0.035407835411718,0.0011606373478423493
15,response_tables/trial_00015_hard_negative_structure_obs-empirical_prior-axis_edge_orthogonal_rel0p5x.npz,axis_edge_orthogonal,0.5,affine_linear,1,True,4,16,40,10,1e-06,0.4275729801282559,0.43284760504479647,0.490608656365786,0.22717630784369242,0.003743114760219769
15,response_tables/trial_00015_hard_negative_structure_obs-empirical_prior-axis_edge_orthogonal_rel0p5x.npz,axis_edge_orthogonal,0.5,affine_quadratic,2,True,4,16,40,10,1e-06,0.49199845196812875,0.48722059065222373,0.6071222393430307,0.005669318075025383,0.0026451588693100787
16,response_tables/trial_00016_hard_negative_structure_obs-empirical_prior-axis_edge_parallel_rel1x.npz,axis_edge_parallel,1.0,linear,1,False,4,16,40,10,1e-06,-0.0035188237583867465,-0.0035613961608527145,0.001812411483684745,0.014582361035188035,
16,response_tables/trial_00016_hard_negative_structure_obs-empirical_prior-axis_edge_parallel_rel1x.npz,axis_edge_parallel,1.0,quadratic,2,False,4,16,40,10,1e-06,0.3825798305048268,0.4155429221135964,0.4578729625780028,0.0044834548225993545,4.286966066458308e-05
16,response_tables/trial_00016_hard_negative_structure_obs-empirical_prior-axis_edge_parallel_rel1x.npz,axis_edge_parallel,1.0,cubic,3,False,4,16,40,10,1e-06,0.2517351765677657,0.2545922758572723,0.464330041583026,0.2258655853591731,0.0021285190846432943
16,response_tables/trial_00016_hard_negative_structure_obs-empirical_prior-axis_edge_parallel_rel1x.npz,axis_edge_parallel,1.0,affine_linear,1,True,4,16,40,10,1e-06,0.47598480066022075,0.4912576379709146,0.5872583730773758,0.35151529441146334,0.005473765126448956
16,response_tables/trial_00016_hard_negative_structure_obs-empirical_prior-axis_edge_parallel_rel1x.npz,axis_edge_parallel,1.0,affine_quadratic,2,True,4,16,40,10,1e-06,0.5609830683286854,0.6205272059996412,0.6995123889113811,0.007469606551083596,0.0032985215570382072
16,response_tables/trial_00016_hard_negative_structure_obs-empirical_prior-axis_edge_orthogonal_rel1x.npz,axis_edge_orthogonal,1.0,linear,1,False,4,16,40,10,1e-06,-0.0033440264184843582,-0.003654321056573373,0.00164133890438789,0.03704894592774189,
16,response_tables/trial_00016_hard_negative_structure_obs-empirical_prior-axis_edge_orthogonal_rel1x.npz,axis_edge_orthogonal,1.0,quadratic,2,False,4,16,40,10,1e-06,0.40450965873079103,0.4116633365609284,0.4360641464844354,0.004034974763603962,3.872737210791678e-05
16,response_tables/trial_00016_hard_negative_structure_obs-empirical_prior-axis_edge_orthogonal_rel1x.npz,axis_edge_orthogonal,1.0,cubic,3,False,4,16,40,10,1e-06,0.20452640454139656,0.23335667730001586,0.44237451155282603,0.15865131317586675,0.002059801767629882
16,response_tables/trial_00016_hard_negative_structure_obs-empirical_prior-axis_edge_orthogonal_rel1x.npz,axis_edge_orthogonal,1.0,affine_linear,1,True,4,16,40,10,1e-06,0.6061600771426596,0.6141718323955343,0.6798491048116043,0.4187018151001342,0.00550703982736312
16,response_tables/trial_00016_hard_negative_structure_obs-empirical_prior-axis_edge_orthogonal_rel1x.npz,axis_edge_orthogonal,1.0,affine_quadratic,2,True,4,16,40,10,1e-06,0.6754818566181273,0.6780385483188869,0.753148782224259,0.008067798301802412,0.003316361502667384
17,response_tables/trial_00017_hard_negative_structure_obs-empirical_prior-axis_edge_parallel_rel2x.npz,axis_edge_parallel,2.0,linear,1,False,4,16,40,10,1e-06,0.0003284804306697142,-0.00018985756958900257,0.0020566628486884397,0.01789760212940698,
17,response_tables/trial_00017_hard_negative_structure_obs-empirical_prior-axis_edge_parallel_rel2x.npz,axis_edge_parallel,2.0,quadratic,2,False,4,16,40,10,1e-06,-0.2603538074266854,-0.24333689843813316,0.2129192071941928,0.005688609869457186,0.00012706677023495978
17,response_tables/trial_00017_hard_negative_structure_obs-empirical_prior-axis_edge_parallel_rel2x.npz,axis_edge_parallel,2.0,cubic,3,False,4,16,40,10,1e-06,0.20911111681478695,0.27715781776413656,0.4056011113564527,0.005102287921883036,0.0012003668533831636
17,response_tables/trial_00017_hard_negative_structure_obs-empirical_prior-axis_edge_parallel_rel2x.npz,axis_edge_parallel,2.0,affine_linear,1,True,4,16,40,10,1e-06,0.7727472633262744,0.8038701454727586,0.7862330493220281,0.1455863094702618,0.003357222034476769
17,response_tables/trial_00017_hard_negative_structure_obs-empirical_prior-axis_edge_parallel_rel2x.npz,axis_edge_parallel,2.0,affine_quadratic,2,True,4,16,40,10,1e-06,0.7532942272228014,0.7977010668768361,0.7876256156495923,0.1354348715867037,0.054978061442378434
17,response_tables/trial_00017_hard_negative_structure_obs-empirical_prior-axis_edge_orthogonal_rel2x.npz,axis_edge_orthogonal,2.0,linear,1,False,4,16,40,10,1e-06,-0.0006776048940825286,-0.0005617243082284284,0.0007831747370304343,0.02319581691650362,
17,response_tables/trial_00017_hard_negative_structure_obs-empirical_prior-axis_edge_orthogonal_rel2x.npz,axis_edge_orthogonal,2.0,quadratic,2,False,4,16,40,10,1e-06,-0.27488116010077357,-0.26136839185799465,0.21212160774659602,0.006042922505792164,0.00015764949552169672
17,response_tables/trial_00017_hard_negative_structure_obs-empirical_prior-axis_edge_orthogonal_rel2x.npz,axis_edge_orthogonal,2.0,cubic,3,False,4,16,40,10,1e-06,0.17495534992311826,0.22854498930911044,0.4084062809758124,0.0030775934786951356,0.0014722098134046847
17,response_tables/trial_00017_hard_negative_structure_obs-empirical_prior-axis_edge_orthogonal_rel2x.npz,axis_edge_orthogonal,2.0,affine_linear,1,True,4,16,40,10,1e-06,0.8083814686143165,0.8205869692063741,0.8154852692118967,0.19138297687414918,0.004256863519073336
17,response_tables/trial_00017_hard_negative_structure_obs-empirical_prior-axis_edge_orthogonal_rel2x.npz,axis_edge_orthogonal,2.0,affine_quadratic,2,True,4,16,40,10,1e-06,0.7985812423665265,0.8116210095125602,0.8161524501976412,0.21020984498858808,0.0861434238160036
18,response_tables/trial_00018_hard_negative_structure_obs-empirical_prior-axis_edge_parallel_rel0p5x.npz,axis_edge_parallel,0.5,linear,1,False,4,16,40,10,1e-06,0.0017385427080431337,0.0012966804410345367,0.004620765620506229,0.02269576196493832,
18,response_tables/trial_00018_hard_negative_structure_obs-empirical_prior-axis_edge_parallel_rel0p5x.npz,axis_edge_parallel,0.5,quadratic,2,False,4,16,40,10,1e-06,0.4395100909658069,0.4570524727992442,0.4964705506269475,0.005681246662823198,4.874630523416732e-05
18,response_tables/trial_00018_hard_negative_structure_obs-empirical_prior-axis_edge_parallel_rel0p5x.npz,axis_edge_parallel,0.5,cubic,3,False,4,16,40,10,1e-06,0.28135417359209497,0.2945918135736766,0.5168267688289927,0.053050291781226694,0.002891371029124245
18,response_tables/trial_00018_hard_negative_structure_obs-empirical_prior-axis_edge_parallel_rel0p5x.npz,axis_edge_parallel,0.5,affine_linear,1,True,4,16,40,10,1e-06,0.5078885641633767,0.5077937783144694,0.5392126522525671,0.2678953122494408,0.003816743737758481
18,response_tables/trial_00018_hard_negative_structure_obs-empirical_prior-axis_edge_parallel_rel0p5x.npz,axis_edge_parallel,0.5,affine_quadratic,2,True,4,16,40,10,1e-06,0.6238394557164535,0.6366257337063312,0.6700967096337298,0.00872685879902925,0.0020074316833919342
18,response_tables/trial_00018_hard_negative_structure_obs-empirical_prior-axis_edge_orthogonal_rel0p5x.npz,axis_edge_orthogonal,0.5,linear,1,False,4,16,40,10,1e-06,0.0007820718648927361,0.0010223484917817882,0.0033596538919271057,0.020287259483582787,
18,response_tables/trial_00018_hard_negative_structure_obs-empirical_prior-axis_edge_orthogonal_rel0p5x.npz,axis_edge_orthogonal,0.5,quadratic,2,False,4,16,40,10,1e-06,0.42528985302989264,0.4490444338443554,0.4798951584185086,0.003980947247730922,5.330506893672592e-05
18,response_tables/trial_00018_hard_negative_structure_obs-empirical_prior-axis_edge_orthogonal_rel0p5x.npz,axis_edge_orthogonal,0.5,cubic,3,False,4,16,40,10,1e-06,0.26998492422694503,0.2841856971731149,0.5018627132411718,0.05813278312119849,0.0020284457534604215
18,response_tables/trial_00018_hard_negative_structure_obs-empirical_prior-axis_edge_orthogonal_rel0p5x.npz,axis_edge_orthogonal,0.5,affine_linear,1,True,4,16,40,10,1e-06,0.5482419883968144,0.5484529939584437,0.5743009713203067,0.21408629436226456,0.0035860400187168366
18,response_tables/trial_00018_hard_negative_structure_obs-empirical_prior-axis_edge_orthogonal_rel0p5x.npz,axis_edge_orthogonal,0.5,affine_quadratic,2,True,4,16,40,10,1e-06,0.6383464720562845,0.6519826753888939,0.6823761085830254,0.006210621698693407,0.002113290398474596
19,response_tables/trial_00019_hard_negative_structure_obs-empirical_prior-axis_edge_parallel_rel1x.npz,axis_edge_parallel,1.0,linear,1,False,4,16,40,10,1e-06,0.0017930340566876812,0.002125172089963878,0.004411145852309006,0.013019916640906862,
19,response_tables/trial_00019_hard_negative_structure_obs-empirical_prior-axis_edge_parallel_rel1x.npz,axis_edge_parallel,1.0,quadratic,2,False,4,16,40,10,1e-06,-0.1974267353107848,-0.16523779946048456,0.23943971105787762,0.01250235461802924,6.049788367539983e-05
19,response_tables/trial_00019_hard_negative_structure_obs-empirical_prior-axis_edge_parallel_rel1x.npz,axis_edge_parallel,1.0,cubic,3,False,4,16,40,10,1e-06,-0.2714428851874987,-0.2748717460911333,0.3165288137535398,0.030133424208803567,0.003657297591258993
19,response_tables/trial_00019_hard_negative_structure_obs-empirical_prior-axis_edge_parallel_rel1x.npz,axis_edge_parallel,1.0,affine_linear,1,True,4,16,40,10,1e-06,0.5535200371905,0.5930667574545807,0.5887686707085543,0.3164789130023462,0.0031488104818506507
19,response_tables/trial_00019_hard_negative_structure_obs-empirical_prior-axis_edge_parallel_rel1x.npz,axis_edge_parallel,1.0,affine_quadratic,2,True,4,16,40,10,1e-06,0.45980355576400334,0.543087253374273,0.6205079680172485,0.031538014640940915,0.012769509868995103
19,response_tables/trial_00019_hard_negative_structure_obs-empirical_prior-axis_edge_orthogonal_rel1x.npz,axis_edge_orthogonal,1.0,linear,1,False,4,16,40,10,1e-06,0.0019764923966401893,0.002677869375185271,0.004300146523572995,0.008956932572029955,
19,response_tables/trial_00019_hard_negative_structure_obs-empirical_prior-axis_edge_orthogonal_rel1x.npz,axis_edge_orthogonal,1.0,quadratic,2,False,4,16,40,10,1e-06,-0.22419846190795134,-0.21871555451178537,0.2293393017311727,0.008808173170772683,6.33100220470334e-05
19,response_tables/trial_00019_hard_negative_structure_obs-empirical_prior-axis_edge_orthogonal_rel1x.npz,axis_edge_orthogonal,1.0,cubic,3,False,4,16,40,10,1e-06,-0.25407914593483305,-0.2393927631371895,0.3006939300336245,0.017454516045385733,0.0031315024679932964
19,response_tables/trial_00019_hard_negative_structure_obs-empirical_prior-axis_edge_orthogonal_rel1x.npz,axis_edge_orthogonal,1.0,affine_linear,1,True,4,16,40,10,1e-06,0.633940317849474,0.6497010462845609,0.6554915111046465,0.21570174469264813,0.0020531439099302465
19,response_tables/trial_00019_hard_negative_structure_obs-empirical_prior-axis_edge_orthogonal_rel1x.npz,axis_edge_orthogonal,1.0,affine_quadratic,2,True,4,16,40,10,1e-06,0.5670502985398743,0.5858045106433972,0.6756888367156875,0.022596839380655855,0.016303055106029286
20,response_tables/trial_00020_hard_negative_structure_obs-empirical_prior-axis_edge_parallel_rel2x.npz,axis_edge_parallel,2.0,linear,1,False,4,16,40,10,1e-06,-0.006889533704999229,-0.007386724516155629,0.0012000780522169185,0.02299693360781438,
20,response_tables/trial_00020_hard_negative_structure_obs-empirical_prior-axis_edge_parallel_rel2x.npz,axis_edge_parallel,2.0,quadratic,2,False,4,16,40,10,1e-06,0.17329527678385628,0.18918376026612138,0.24294736153434088,0.004555353474160511,0.00012248224119969776
20,response_tables/trial_00020_hard_negative_structure_obs-empirical_prior-axis_edge_parallel_rel2x.npz,axis_edge_parallel,2.0,cubic,3,False,4,16,40,10,1e-06,0.06344317908366837,0.2506857234534501,0.3090087698663609,0.01820256362978417,0.0013756884734051592
20,response_tables/trial_00020_hard_negative_structure_obs-empirical_prior-axis_edge_parallel_rel2x.npz,axis_edge_parallel,2.0,affine_linear,1,True,4,16,40,10,1e-06,0.7440264576705804,0.771421466866558,0.7545406290808638,0.17663344417056498,0.005306526397984867
20,response_tables/trial_00020_hard_negative_structure_obs-empirical_prior-axis_edge_parallel_rel2x.npz,axis_edge_parallel,2.0,affine_quadratic,2,True,4,16,40,10,1e-06,0.7455719934136191,0.7725516971209094,0.7599745022761087,0.06747104449553859,0.02543588534223246
20,response_tables/trial_00020_hard_negative_structure_obs-empirical_prior-axis_edge_orthogonal_rel2x.npz,axis_edge_orthogonal,2.0,linear,1,False,4,16,40,10,1e-06,-0.00404340699546113,-0.004101128505881513,0.0015358104260327077,0.015463275109106507,
20,response_tables/trial_00020_hard_negative_structure_obs-empirical_prior-axis_edge_orthogonal_rel2x.npz,axis_edge_orthogonal,2.0,quadratic,2,False,4,16,40,10,1e-06,0.17479404237920718,0.18876514004003436,0.24074137500210463,0.003943331067976164,0.0001306846661223767
20,response_tables/trial_00020_hard_negative_structure_obs-empirical_prior-axis_edge_orthogonal_rel2x.npz,axis_edge_orthogonal,2.0,cubic,3,False,4,16,40,10,1e-06,0.08145508934530635,0.2505079081080824,0.30193465299363137,0.014162259331980839,0.0009672229232094418
20,response_tables/trial_00020_hard_negative_structure_obs-empirical_prior-axis_edge_orthogonal_rel2x.npz,axis_edge_orthogonal,2.0,affine_linear,1,True,4,16,40,10,1e-06,0.8007159854202608,0.811626873824286,0.8084455549141695,0.1401151108556965,0.005211948831238065
20,response_tables/trial_00020_hard_negative_structure_obs-empirical_prior-axis_edge_orthogonal_rel2x.npz,axis_edge_orthogonal,2.0,affine_quadratic,2,True,4,16,40,10,1e-06,0.8001170809924287,0.8125967522367634,0.810758224887201,0.07900799268747061,0.03658963872487753
21,response_tables/trial_00021_hard_negative_structure_obs-empirical_prior-axis_edge_parallel_rel0p5x.npz,axis_edge_parallel,0.5,linear,1,False,4,16,40,10,1e-06,-0.0012682725159617325,0.0002668268901767079,0.004318496798827759,0.01639308142497301,
21,response_tables/trial_00021_hard_negative_structure_obs-empirical_prior-axis_edge_parallel_rel0p5x.npz,axis_edge_parallel,0.5,quadratic,2,False,4,16,40,10,1e-06,0.4388697117599484,0.4428024781128964,0.5281073159828107,0.004400925659401821,3.1326502803103424e-05
21,response_tables/trial_00021_hard_negative_structure_obs-empirical_prior-axis_edge_parallel_rel0p5x.npz,axis_edge_parallel,0.5,cubic,3,False,4,16,40,10,1e-06,0.46365919709727044,0.5219777681640045,0.5587136971030793,0.0145184582364064,0.0009317439832120931
21,response_tables/trial_00021_hard_negative_structure_obs-empirical_prior-axis_edge_parallel_rel0p5x.npz,axis_edge_parallel,0.5,affine_linear,1,True,4,16,40,10,1e-06,0.35406065195847736,0.350911598036163,0.44861960510807175,0.20978428995230447,0.0036419138966261692
21,response_tables/trial_00021_hard_negative_structure_obs-empirical_prior-axis_edge_parallel_rel0p5x.npz,axis_edge_parallel,0.5,affine_quadratic,2,True,4,16,40,10,1e-06,0.5803978500175067,0.575870400236097,0.6538138818648793,0.00617722485971744,0.0009974489243471678
21,response_tables/trial_00021_hard_negative_structure_obs-empirical_prior-axis_edge_orthogonal_rel0p5x.npz,axis_edge_orthogonal,0.5,linear,1,False,4,16,40,10,1e-06,-0.0011585789059105345,-0.0008930230031429787,0.00519455539266192,0.012216822765535573,
21,response_tables/trial_00021_hard_negative_structure_obs-empirical_prior-axis_edge_orthogonal_rel0p5x.npz,axis_edge_orthogonal,0.5,quadratic,2,False,4,16,40,10,1e-06,0.4494277127536376,0.4476121037198723,0.5181698068693206,0.003200387791600027,4.042200600839356e-05
21,response_tables/trial_00021_hard_negative_structure_obs-empirical_prior-axis_edge_orthogonal_rel0p5x.npz,axis_edge_orthogonal,0.5,cubic,3,False,4,16,40,10,1e-06,0.4624616455090352,0.527865570037344,0.5496792082875628,0.014341427992401456,0.000559769775049931
21,response_tables/trial_00021_hard_negative_structure_obs-empirical_prior-axis_edge_orthogonal_rel0p5x.npz,axis_edge_orthogonal,0.5,affine_linear,1,True,4,16,40,10,1e-06,0.35365860146640093,0.31372749914614323,0.44848957771703957,0.127822996609183,0.004571270837323404
21,response_tables/trial_00021_hard_negative_structure_obs-empirical_prior-axis_edge_orthogonal_rel0p5x.npz,axis_edge_orthogonal,0.5,affine_quadratic,2,True,4,16,40,10,1e-06,0.5919071449921726,0.5674392984582275,0.6483023851845732,0.00407846494038315,0.0008580636632606047
22,response_tables/trial_00022_hard_negative_structure_obs-empirical_prior-axis_edge_parallel_rel1x.npz,axis_edge_parallel,1.0,linear,1,False,4,16,40,10,1e-06,0.0024510535030039804,0.004200762150062931,0.014464913561961584,0.003355952249258722,
22,response_tables/trial_00022_hard_negative_structure_obs-empirical_prior-axis_edge_parallel_rel1x.npz,axis_edge_parallel,1.0,quadratic,2,False,4,16,40,10,1e-06,0.06058330414025889,0.10806385603104818,0.24254978027751445,0.005436617498021142,7.518739184488377e-05
22,response_tables/trial_00022_hard_negative_structure_obs-empirical_prior-axis_edge_parallel_rel1x.npz,axis_edge_parallel,1.0,cubic,3,False,4,16,40,10,1e-06,0.1975336517015936,0.2443433517400705,0.292985522632945,0.03315920781952201,0.0013697836601985025
22,response_tables/trial_00022_hard_negative_structure_obs-empirical_prior-axis_edge_parallel_rel1x.npz,axis_edge_parallel,1.0,affine_linear,1,True,4,16,40,10,1e-06,0.6148593830396081,0.6118925584965711,0.6733204289598722,0.09123742744327334,0.00298788293770423
22,response_tables/trial_00022_hard_negative_structure_obs-empirical_prior-axis_edge_parallel_rel1x.npz,axis_edge_parallel,1.0,affine_quadratic,2,True,4,16,40,10,1e-06,0.6317400301194895,0.6345942326440328,0.7021167724905342,0.026635982165613314,0.006672173301365951
22,response_tables/trial_00022_hard_negative_structure_obs-empirical_prior-axis_edge_orthogonal_rel1x.npz,axis_edge_orthogonal,1.0,linear,1,False,4,16,40,10,1e-06,0.004843979268038229,0.00812718091512854,0.019524314220806083,0.0029099294392076896,
22,response_tables/trial_00022_hard_negative_structure_obs-empirical_prior-axis_edge_orthogonal_rel1x.npz,axis_edge_orthogonal,1.0,quadratic,2,False,4,16,40,10,1e-06,0.07393812004557804,0.12064432971899247,0.22965451416893556,0.010843742068316235,6.016394908741795e-05
22,response_tables/trial_00022_hard_negative_structure_obs-empirical_prior-axis_edge_orthogonal_rel1x.npz,axis_edge_orthogonal,1.0,cubic,3,False,4,16,40,10,1e-06,0.19731036587765602,0.2472770841748756,0.27932471582593454,0.04450469532084125,0.0016818952195031176
22,response_tables/trial_00022_hard_negative_structure_obs-empirical_prior-axis_edge_orthogonal_rel1x.npz,axis_edge_orthogonal,1.0,affine_linear,1,True,4,16,40,10,1e-06,0.6201055265415046,0.5854987680844583,0.6704590046423147,0.07920518687011158,0.0020335298839419336
22,response_tables/trial_00022_hard_negative_structure_obs-empirical_prior-axis_edge_orthogonal_rel1x.npz,axis_edge_orthogonal,1.0,affine_quadratic,2,True,4,16,40,10,1e-06,0.6420719139858209,0.6113667383444845,0.6965989733510987,0.05525231896371381,0.007552298732734022
23,response_tables/trial_00023_hard_negative_structure_obs-empirical_prior-axis_edge_parallel_rel2x.npz,axis_edge_parallel,2.0,linear,1,False,4,16,40,10,1e-06,-0.0005173108598690856,-0.0005775416468645211,0.002309453334897127,0.019032583231020556,
23,response_tables/trial_00023_hard_negative_structure_obs-empirical_prior-axis_edge_parallel_rel2x.npz,axis_edge_parallel,2.0,quadratic,2,False,4,16,40,10,1e-06,0.37617812276007156,0.3775683999201885,0.3975153743844765,0.002678404120961687,0.00010233936741547379
23,response_tables/trial_00023_hard_negative_structure_obs-empirical_prior-axis_edge_parallel_rel2x.npz,axis_edge_parallel,2.0,cubic,3,False,4,16,40,10,1e-06,0.30706964663110514,0.30596124275687314,0.4012123457850755,0.15014612347048611,0.001323563351910681
23,response_tables/trial_00023_hard_negative_structure_obs-empirical_prior-axis_edge_parallel_rel2x.npz,axis_edge_parallel,2.0,affine_linear,1,True,4,16,40,10,1e-06,0.7924362226668386,0.7943503029026482,0.800891925737731,0.11534300211063173,0.005240976632374086
23,response_tables/trial_00023_hard_negative_structure_obs-empirical_prior-axis_edge_parallel_rel2x.npz,axis_edge_parallel,2.0,affine_quadratic,2,True,4,16,40,10,1e-06,0.8013874529983194,0.8040818504122971,0.8102454726670113,0.02889765439649464,0.01129951198139192
23,response_tables/trial_00023_hard_negative_structure_obs-empirical_prior-axis_edge_orthogonal_rel2x.npz,axis_edge_orthogonal,2.0,linear,1,False,4,16,40,10,1e-06,-2.975603135166316e-05,0.0006291989130895459,0.0029326002912551385,0.018267522788378985,
23,response_tables/trial_00023_hard_negative_structure_obs-empirical_prior-axis_edge_orthogonal_rel2x.npz,axis_edge_orthogonal,2.0,quadratic,2,False,4,16,40,10,1e-06,0.3518993410641554,0.3512064089786828,0.3810802876845253,0.0036651904773704396,0.00010454143650383242
23,response_tables/trial_00023_hard_negative_structure_obs-empirical_prior-axis_edge_orthogonal_rel2x.npz,axis_edge_orthogonal,2.0,cubic,3,False,4,16,40,10,1e-06,0.27356877912552985,0.2597131202903785,0.3837109070041365,0.26022518963960717,0.0018305227651429063
23,response_tables/trial_00023_hard_negative_structure_obs-empirical_prior-axis_edge_orthogonal_rel2x.npz,axis_edge_orthogonal,2.0,affine_linear,1,True,4,16,40,10,1e-06,0.8004407879596382,0.7841943509623477,0.8093462998919412,0.17036341892836776,0.0047031577513081116
23,response_tables/trial_00023_hard_negative_structure_obs-empirical_prior-axis_edge_orthogonal_rel2x.npz,axis_edge_orthogonal,2.0,affine_quadratic,2,True,4,16,40,10,1e-06,0.8035632618787214,0.7866910454435178,0.8156299813464665,0.03845530862300511,0.017788195281956257
24,response_tables/trial_00024_hard_negative_structure_obs-empirical_prior-axis_edge_parallel_rel0p5x.npz,axis_edge_parallel,0.5,linear,1,False,4,16,40,10,1e-06,-0.003275380468760719,0.010984903533320711,0.012803861177735465,0.001934017086648037,
24,response_tables/trial_00024_hard_negative_structure_obs-empirical_prior-axis_edge_parallel_rel0p5x.npz,axis_edge_parallel,0.5,quadratic,2,False,4,16,40,10,1e-06,0.3565709375082274,0.3410601225254728,0.450406715494636,0.006210967816107492,9.251319128756002e-06
24,response_tables/trial_00024_hard_negative_structure_obs-empirical_prior-axis_edge_parallel_rel0p5x.npz,axis_edge_parallel,0.5,cubic,3,False,4,16,40,10,1e-06,0.21215437181640015,0.30539906328999805,0.4807933770536603,0.033492245547777987,0.0010589397942415112
24,response_tables/trial_00024_hard_negative_structure_obs-empirical_prior-axis_edge_parallel_rel0p5x.npz,axis_edge_parallel,0.5,affine_linear,1,True,4,16,40,10,1e-06,0.18326569282324043,0.164816441904015,0.3552397302889815,0.0809953310387129,0.0010996720070534992
24,response_tables/trial_00024_hard_negative_structure_obs-empirical_prior-axis_edge_parallel_rel0p5x.npz,axis_edge_parallel,0.5,affine_quadratic,2,True,4,16,40,10,1e-06,0.4361312361984415,0.41289860857889227,0.5637998676160796,0.007593823412290744,0.0006449523236969131
24,response_tables/trial_00024_hard_negative_structure_obs-empirical_prior-axis_edge_orthogonal_rel0p5x.npz,axis_edge_orthogonal,0.5,linear,1,False,4,16,40,10,1e-06,-0.006655297241065533,0.008182278524321018,0.009851446855534907,0.0030242634783200833,
24,response_tables/trial_00024_hard_negative_structure_obs-empirical_prior-axis_edge_orthogonal_rel0p5x.npz,axis_edge_orthogonal,0.5,quadratic,2,False,4,16,40,10,1e-06,0.3276249742364604,0.3320365789604396,0.43348036440919574,0.00496476196319987,1.7217022176336523e-05
24,response_tables/trial_00024_hard_negative_structure_obs-empirical_prior-axis_edge_orthogonal_rel0p5x.npz,axis_edge_orthogonal,0.5,cubic,3,False,4,16,40,10,1e-06,0.16238756316035005,0.2852696882859052,0.47554170178310273,0.02060087356309019,0.0007765897530625299
24,response_tables/trial_00024_hard_negative_structure_obs-empirical_prior-axis_edge_orthogonal_rel0p5x.npz,axis_edge_orthogonal,0.5,affine_linear,1,True,4,16,40,10,1e-06,0.26883863678291803,0.2392544551828546,0.41493890314556237,0.09921755037316397,0.0019293605591072954
24,response_tables/trial_00024_hard_negative_structure_obs-empirical_prior-axis_edge_orthogonal_rel0p5x.npz,axis_edge_orthogonal,0.5,affine_quadratic,2,True,4,16,40,10,1e-06,0.4712289665065247,0.44454385731933177,0.5930065670321377,0.006307013131017914,0.0006571754470927002
25,response_tables/trial_00025_hard_negative_structure_obs-empirical_prior-axis_edge_parallel_rel1x.npz,axis_edge_parallel,1.0,linear,1,False,4,16,40,10,1e-06,0.002606757156549677,0.0035202938502156833,0.007208852731484305,0.006482532334893993,
25,response_tables/trial_00025_hard_negative_structure_obs-empirical_prior-axis_edge_parallel_rel1x.npz,axis_edge_parallel,1.0,quadratic,2,False,4,16,40,10,1e-06,0.20046589658347896,0.19190683645349127,0.2639258300476466,0.00724534064883301,4.119717302968199e-05
25,response_tables/trial_00025_hard_negative_structure_obs-empirical_prior-axis_edge_parallel_rel1x.npz,axis_edge_parallel,1.0,cubic,3,False,4,16,40,10,1e-06,-0.48301231552152635,-0.7004389644226384,0.27269586073082586,0.29282732887046214,0.005409783556317915
25,response_tables/trial_00025_hard_negative_structure_obs-empirical_prior-axis_edge_parallel_rel1x.npz,axis_edge_parallel,1.0,affine_linear,1,True,4,16,40,10,1e-06,0.6216731666792936,0.6205510891979473,0.6366083774693996,0.13510531378981244,0.002315389818614116
25,response_tables/trial_00025_hard_negative_structure_obs-empirical_prior-axis_edge_parallel_rel1x.npz,axis_edge_parallel,1.0,affine_quadratic,2,True,4,16,40,10,1e-06,0.6532101217526373,0.6496834426327505,0.6692720195611089,0.021398088729704307,0.006268629853211687
25,response_tables/trial_00025_hard_negative_structure_obs-empirical_prior-axis_edge_orthogonal_rel1x.npz,axis_edge_orthogonal,1.0,linear,1,False,4,16,40,10,1e-06,0.00465920449412488,0.005043880504448761,0.008844460408055282,0.0035395833770260755,
25,response_tables/trial_00025_hard_negative_structure_obs-empirical_prior-axis_edge_orthogonal_rel1x.npz,axis_edge_orthogonal,1.0,quadratic,2,False,4,16,40,10,1e-06,0.16775065188057944,0.16689390516186275,0.24601155921407447,0.005198969081970274,4.0677348588471494e-05
25,response_tables/trial_00025_hard_negative_structure_obs-empirical_prior-axis_edge_orthogonal_rel1x.npz,axis_edge_orthogonal,1.0,cubic,3,False,4,16,40,10,1e-06,-0.547781526266167,-0.7814482151747144,0.2570441627137803,0.23380986793150804,0.003456172231703022
25,response_tables/trial_00025_hard_negative_structure_obs-empirical_prior-axis_edge_orthogonal_rel1x.npz,axis_edge_orthogonal,1.0,affine_linear,1,True,4,16,40,10,1e-06,0.6975549933632523,0.6914003464514322,0.7080202161909982,0.11456626445336139,0.0017372922633771977
25,response_tables/trial_00025_hard_negative_structure_obs-empirical_prior-axis_edge_orthogonal_rel1x.npz,axis_edge_orthogonal,1.0,affine_quadratic,2,True,4,16,40,10,1e-06,0.7098719890243983,0.7084593145195008,0.7267677348533268,0.013763289637040037,0.007707635562553532
26,response_tables/trial_00026_hard_negative_structure_obs-empirical_prior-axis_edge_parallel_rel2x.npz,axis_edge_parallel,2.0,linear,1,False,4,16,40,10,1e-06,-0.0019939297618852547,-0.0033456136367134848,0.005296543745518467,0.010941564580175091,
26,response_tables/trial_00026_hard_negative_structure_obs-empirical_prior-axis_edge_parallel_rel2x.npz,axis_edge_parallel,2.0,quadratic,2,False,4,16,40,10,1e-06,-0.07443017555629372,-0.060172904426414264,0.20946352956817968,0.009396327044445341,0.00027681517757421767
26,response_tables/trial_00026_hard_negative_structure_obs-empirical_prior-axis_edge_parallel_rel2x.npz,axis_edge_parallel,2.0,cubic,3,False,4,16,40,10,1e-06,0.23333641897827007,0.22461597750429013,0.33300065025564074,0.007636378323198039,0.0013738219836890526
26,response_tables/trial_00026_hard_negative_structure_obs-empirical_prior-axis_edge_parallel_rel2x.npz,axis_edge_parallel,2.0,affine_linear,1,True,4,16,40,10,1e-06,0.7843375122759249,0.7830738515794311,0.7998887282183448,0.20377870453208757,0.005542878928517431
26,response_tables/trial_00026_hard_negative_structure_obs-empirical_prior-axis_edge_parallel_rel2x.npz,axis_edge_parallel,2.0,affine_quadratic,2,True,4,16,40,10,1e-06,0.7797785567560546,0.7770943600951316,0.8044570540445259,0.18124975195210904,0.028951502280771986
26,response_tables/trial_00026_hard_negative_structure_obs-empirical_prior-axis_edge_orthogonal_rel2x.npz,axis_edge_orthogonal,2.0,linear,1,False,4,16,40,10,1e-06,-0.0013664344304260834,-0.002448367271212115,0.005033176050358884,0.012387311965391147,
26,response_tables/trial_00026_hard_negative_structure_obs-empirical_prior-axis_edge_orthogonal_rel2x.npz,axis_edge_orthogonal,2.0,quadratic,2,False,4,16,40,10,1e-06,-0.06664438366849357,-0.05770267652086003,0.20350024851171802,0.007447872352552689,0.0003373245341393801
26,response_tables/trial_00026_hard_negative_structure_obs-empirical_prior-axis_edge_orthogonal_rel2x.npz,axis_edge_orthogonal,2.0,cubic,3,False,4,16,40,10,1e-06,0.24624295530439494,0.256356518274807,0.3234279330881598,0.006195578442699677,0.0017170100933400045
26,response_tables/trial_00026_hard_negative_structure_obs-empirical_prior-axis_edge_orthogonal_rel2x.npz,axis_edge_orthogonal,2.0,affine_linear,1,True,4,16,40,10,1e-06,0.8112584267734985,0.8055580691491996,0.8220987013820289,0.16798379184847526,0.006618687912795709
26,response_tables/trial_00026_hard_negative_structure_obs-empirical_prior-axis_edge_orthogonal_rel2x.npz,axis_edge_orthogonal,2.0,affine_quadratic,2,True,4,16,40,10,1e-06,0.8076927358069643,0.8024537599580714,0.8250814599954021,0.26102115418773275,0.033891449237889434
27,response_tables/trial_00027_hard_negative_structure_obs-empirical_prior-axis_edge_parallel_rel0p5x.npz,axis_edge_parallel,0.5,linear,1,False,4,16,40,10,1e-06,0.001628999107333301,0.0017213707224326136,0.0025670813946763738,0.020266075568617196,
27,response_tables/trial_00027_hard_negative_structure_obs-empirical_prior-axis_edge_parallel_rel0p5x.npz,axis_edge_parallel,0.5,quadratic,2,False,4,16,40,10,1e-06,0.5277691285766499,0.5261076581919597,0.5923278462822179,0.006758570656696861,2.9478354635116613e-05
27,response_tables/trial_00027_hard_negative_structure_obs-empirical_prior-axis_edge_parallel_rel0p5x.npz,axis_edge_parallel,0.5,cubic,3,False,4,16,40,10,1e-06,0.44474738159442706,0.4449584699787963,0.5971368876116198,0.30603628908454245,0.0012383068926568107
27,response_tables/trial_00027_hard_negative_structure_obs-empirical_prior-axis_edge_parallel_rel0p5x.npz,axis_edge_parallel,0.5,affine_linear,1,True,4,16,40,10,1e-06,0.3405592705209286,0.34766416558368407,0.39967016619751533,0.5044619182477712,0.005747216162965091
27,response_tables/trial_00027_hard_negative_structure_obs-empirical_prior-axis_edge_parallel_rel0p5x.npz,axis_edge_parallel,0.5,affine_quadratic,2,True,4,16,40,10,1e-06,0.6694314623430564,0.6709776951455697,0.7275348298319525,0.008347167351686516,0.001261752878413572
27,response_tables/trial_00027_hard_negative_structure_obs-empirical_prior-axis_edge_orthogonal_rel0p5x.npz,axis_edge_orthogonal,0.5,linear,1,False,4,16,40,10,1e-06,0.0029883035191832497,0.003039739298454802,0.003895512089155756,0.012913778842515917,
27,response_tables/trial_00027_hard_negative_structure_obs-empirical_prior-axis_edge_orthogonal_rel0p5x.npz,axis_edge_orthogonal,0.5,quadratic,2,False,4,16,40,10,1e-06,0.5041525594056107,0.5035988388973656,0.5636880522505195,0.006937009228809695,2.90538864676528e-05
27,response_tables/trial_00027_hard_negative_structure_obs-empirical_prior-axis_edge_orthogonal_rel0p5x.npz,axis_edge_orthogonal,0.5,cubic,3,False,4,16,40,10,1e-06,0.4107074930167647,0.4123541895828514,0.5672767700295447,0.587051429836981,0.0024365702919485867
27,response_tables/trial_00027_hard_negative_structure_obs-empirical_prior-axis_edge_orthogonal_rel0p5x.npz,axis_edge_orthogonal,0.5,affine_linear,1,True,4,16,40,10,1e-06,0.33744862369016976,0.34069114735090056,0.4017568578635385,0.34202522741165226,0.0044008719875127
27,response_tables/trial_00027_hard_negative_structure_obs-empirical_prior-axis_edge_orthogonal_rel0p5x.npz,axis_edge_orthogonal,0.5,affine_quadratic,2,True,4,16,40,10,1e-06,0.6462009986088886,0.6487540687977162,0.7032278835441783,0.008563099592907502,0.0010511028912605675
28,response_tables/trial_00028_hard_negative_structure_obs-empirical_prior-axis_edge_parallel_rel1x.npz,axis_edge_parallel,1.0,linear,1,False,4,16,40,10,1e-06,-0.008434555812325717,-0.008517458652667509,0.001850175920121877,0.026822373565469723,
28,response_tables/trial_00028_hard_negative_structure_obs-empirical_prior-axis_edge_parallel_rel1x.npz,axis_edge_parallel,1.0,quadratic,2,False,4,16,40,10,1e-06,0.2843706047148742,0.28294194445067006,0.3063907916439488,0.005687265121375655,0.0001397727339254497
28,response_tables/trial_00028_hard_negative_structure_obs-empirical_prior-axis_edge_parallel_rel1x.npz,axis_edge_parallel,1.0,cubic,3,False,4,16,40,10,1e-06,0.20796970060395215,0.20527560338829298,0.30763111049597025,0.25473400184973777,0.004666805021370845
28,response_tables/trial_00028_hard_negative_structure_obs-empirical_prior-axis_edge_parallel_rel1x.npz,axis_edge_parallel,1.0,affine_linear,1,True,4,16,40,10,1e-06,0.7122041212937124,0.7173608608108055,0.7351868598862131,0.28461235640966054,0.0078109916821932
28,response_tables/trial_00028_hard_negative_structure_obs-empirical_prior-axis_edge_parallel_rel1x.npz,axis_edge_parallel,1.0,affine_quadratic,2,True,4,16,40,10,1e-06,0.738150932898236,0.741370777454768,0.754389758789608,0.019688755704019636,0.010356293451988454
28,response_tables/trial_00028_hard_negative_structure_obs-empirical_prior-axis_edge_orthogonal_rel1x.npz,axis_edge_orthogonal,1.0,linear,1,False,4,16,40,10,1e-06,-0.016212434951665355,-0.016011174013083607,0.0035271309888954827,0.01276787803434367,
28,response_tables/trial_00028_hard_negative_structure_obs-empirical_prior-axis_edge_orthogonal_rel1x.npz,axis_edge_orthogonal,1.0,quadratic,2,False,4,16,40,10,1e-06,0.2657962003771929,0.2648672197789453,0.2901843277651097,0.004010086137006447,0.00011521417324372096
28,response_tables/trial_00028_hard_negative_structure_obs-empirical_prior-axis_edge_orthogonal_rel1x.npz,axis_edge_orthogonal,1.0,cubic,3,False,4,16,40,10,1e-06,0.22225221286913532,0.22158954491646177,0.2954647783862584,0.32708533395837003,0.002293043550035123
28,response_tables/trial_00028_hard_negative_structure_obs-empirical_prior-axis_edge_orthogonal_rel1x.npz,axis_edge_orthogonal,1.0,affine_linear,1,True,4,16,40,10,1e-06,0.6212031800784735,0.622467718828162,0.6792459214990865,0.14180045283619638,0.005346979119772655
28,response_tables/trial_00028_hard_negative_structure_obs-empirical_prior-axis_edge_orthogonal_rel1x.npz,axis_edge_orthogonal,1.0,affine_quadratic,2,True,4,16,40,10,1e-06,0.6461165164710125,0.647187031697622,0.6989483203896859,0.02272824847895065,0.009662664710471388
29,response_tables/trial_00029_hard_negative_structure_obs-empirical_prior-axis_edge_parallel_rel2x.npz,axis_edge_parallel,2.0,linear,1,False,4,16,40,10,1e-06,-0.005256786370743616,-0.005215781797967223,0.00027002205511206245,0.1899510879859742,
29,response_tables/trial_00029_hard_negative_structure_obs-empirical_prior-axis_edge_parallel_rel2x.npz,axis_edge_parallel,2.0,quadratic,2,False,4,16,40,10,1e-06,0.33912761200309205,0.33929628316937044,0.37692046975090737,0.0036732204362191884,0.00020678609537089053
29,response_tables/trial_00029_hard_negative_structure_obs-empirical_prior-axis_edge_parallel_rel2x.npz,axis_edge_parallel,2.0,cubic,3,False,4,16,40,10,1e-06,0.21692162229158374,0.21697836350072558,0.3772911937329262,0.25760703049286343,0.002971382444758418
29,response_tables/trial_00029_hard_negative_structure_obs-empirical_prior-axis_edge_parallel_rel2x.npz,axis_edge_parallel,2.0,affine_linear,1,True,4,16,40,10,1e-06,0.8130114016365942,0.8165883749378531,0.8274107683563405,0.17446406636777734,0.009390566490063916
29,response_tables/trial_00029_hard_negative_structure_obs-empirical_prior-axis_edge_parallel_rel2x.npz,axis_edge_parallel,2.0,affine_quadratic,2,True,4,16,40,10,1e-06,0.8226456259533899,0.825345216523864,0.8341583967062712,0.04328085679086862,0.01870171581956761
29,response_tables/trial_00029_hard_negative_structure_obs-empirical_prior-axis_edge_orthogonal_rel2x.npz,axis_edge_orthogonal,2.0,linear,1,False,4,16,40,10,1e-06,-0.0053649722147949275,-0.0056523693327171776,0.0005378156095512399,0.06629926447030131,
29,response_tables/trial_00029_hard_negative_structure_obs-empirical_prior-axis_edge_orthogonal_rel2x.npz,axis_edge_orthogonal,2.0,quadratic,2,False,4,16,40,10,1e-06,0.3222788639673391,0.3220452192326887,0.3464374362797926,0.0036501035712059567,0.00021321587949801158
29,response_tables/trial_00029_hard_negative_structure_obs-empirical_prior-axis_edge_orthogonal_rel2x.npz,axis_edge_orthogonal,2.0,cubic,3,False,4,16,40,10,1e-06,0.20732149849183973,0.20807801403059029,0.3476054883094035,0.4685837669788549,0.0021763360394369364
29,response_tables/trial_00029_hard_negative_structure_obs-empirical_prior-axis_edge_orthogonal_rel2x.npz,axis_edge_orthogonal,2.0,affine_linear,1,True,4,16,40,10,1e-06,0.8055999295331766,0.8066088171692638,0.8148023749262148,0.1602446316004786,0.008727002997567495
29,response_tables/trial_00029_hard_negative_structure_obs-empirical_prior-axis_edge_orthogonal_rel2x.npz,axis_edge_orthogonal,2.0,affine_quadratic,2,True,4,16,40,10,1e-06,0.8088522562477445,0.8097256880450625,0.8187230597403999,0.10466927167265377,0.024424270733797764
30,response_tables/trial_00030_hard_negative_structure_obs-empirical_prior-axis_edge_parallel_rel0p5x.npz,axis_edge_parallel,0.5,linear,1,False,4,16,40,10,1e-06,-0.004376087415480845,-0.004488532048586458,0.0003283190346543563,0.20840965284399918,
30,response_tables/trial_00030_hard_negative_structure_obs-empirical_prior-axis_edge_parallel_rel0p5x.npz,axis_edge_parallel,0.5,quadratic,2,False,4,16,40,10,1e-06,0.16469030715106708,0.16110595289849194,0.3692016553601136,0.0042328376996852,0.00012628607797598093
30,response_tables/trial_00030_hard_negative_structure_obs-empirical_prior-axis_edge_parallel_rel0p5x.npz,axis_edge_parallel,0.5,cubic,3,False,4,16,40,10,1e-06,0.12899939383892264,0.12282283306073061,0.3718000214040419,0.18429961854878318,0.00303851180155755
30,response_tables/trial_00030_hard_negative_structure_obs-empirical_prior-axis_edge_parallel_rel0p5x.npz,axis_edge_parallel,0.5,affine_linear,1,True,4,16,40,10,1e-06,0.5860460126043234,0.5904257091197394,0.5967940398789753,0.26395509027501435,0.010640788396620013
30,response_tables/trial_00030_hard_negative_structure_obs-empirical_prior-axis_edge_parallel_rel0p5x.npz,axis_edge_parallel,0.5,affine_quadratic,2,True,4,16,40,10,1e-06,0.5629594147919132,0.5637756040173986,0.6644457682765129,0.010341889422687416,0.005780557004697843
30,response_tables/trial_00030_hard_negative_structure_obs-empirical_prior-axis_edge_orthogonal_rel0p5x.npz,axis_edge_orthogonal,0.5,linear,1,False,4,16,40,10,1e-06,-0.007329740249769456,-0.0074320065383788325,0.0004033695358475753,0.12745923765050138,
30,response_tables/trial_00030_hard_negative_structure_obs-empirical_prior-axis_edge_orthogonal_rel0p5x.npz,axis_edge_orthogonal,0.5,quadratic,2,False,4,16,40,10,1e-06,0.19495813780087942,0.19494776778052103,0.3500799935612223,0.0034623837601088147,0.0001387981015925911
30,response_tables/trial_00030_hard_negative_structure_obs-empirical_prior-axis_edge_orthogonal_rel0p5x.npz,axis_edge_orthogonal,0.5,cubic,3,False,4,16,40,10,1e-06,0.16116558086003058,0.1591852063251905,0.3545753339589239,0.09015047129165016,0.002107779746731064
30,response_tables/trial_00030_hard_negative_structure_obs-empirical_prior-axis_edge_orthogonal_rel0p5x.npz,axis_edge_orthogonal,0.5,affine_linear,1,True,4,16,40,10,1e-06,0.529132344351094,0.5288839701500896,0.5580740488083825,0.219659965821015,0.011561888257972622
30,response_tables/trial_00030_hard_negative_structure_obs-empirical_prior-axis_edge_orthogonal_rel0p5x.npz,axis_edge_orthogonal,0.5,affine_quadratic,2,True,4,16,40,10,1e-06,0.5339814730847154,0.5341256779079702,0.6237341531532097,0.007966834894748894,0.006796007719099028
31,response_tables/trial_00031_hard_negative_structure_obs-empirical_prior-axis_edge_parallel_rel1x.npz,axis_edge_parallel,1.0,linear,1,False,4,16,40,10,1e-06,-0.0068122349793171555,-0.006468040205155123,0.0006700597309577672,0.04509070877123991,
31,response_tables/trial_00031_hard_negative_structure_obs-empirical_prior-axis_edge_parallel_rel1x.npz,axis_edge_parallel,1.0,quadratic,2,False,4,16,40,10,1e-06,-1.161823028256658,-1.1625821017054299,0.08679662288672252,0.014961485069039954,0.00021105483236693597
31,response_tables/trial_00031_hard_negative_structure_obs-empirical_prior-axis_edge_parallel_rel1x.npz,axis_edge_parallel,1.0,cubic,3,False,4,16,40,10,1e-06,-10.090629605109392,-10.094801113620541,0.23265010892314206,0.004814635582526856,0.0009865617822562172
31,response_tables/trial_00031_hard_negative_structure_obs-empirical_prior-axis_edge_parallel_rel1x.npz,axis_edge_parallel,1.0,affine_linear,1,True,4,16,40,10,1e-06,0.6664890605274213,0.669703092327172,0.6880258390580064,0.38635197190135917,0.005495612276499726
31,response_tables/trial_00031_hard_negative_structure_obs-empirical_prior-axis_edge_parallel_rel1x.npz,axis_edge_parallel,1.0,affine_quadratic,2,True,4,16,40,10,1e-06,0.5099565735891082,0.5154584176614933,0.6935008130863209,0.0753733507999435,0.02201858483509548
31,response_tables/trial_00031_hard_negative_structure_obs-empirical_prior-axis_edge_orthogonal_rel1x.npz,axis_edge_orthogonal,1.0,linear,1,False,4,16,40,10,1e-06,-0.008191011608622956,-0.008269061789400012,0.002182103906872429,0.015062315959130969,
31,response_tables/trial_00031_hard_negative_structure_obs-empirical_prior-axis_edge_orthogonal_rel1x.npz,axis_edge_orthogonal,1.0,quadratic,2,False,4,16,40,10,1e-06,-0.7759098852119215,-0.7728787913509554,0.08587631151330147,0.012538236777472043,0.000295276568646008
31,response_tables/trial_00031_hard_negative_structure_obs-empirical_prior-axis_edge_orthogonal_rel1x.npz,axis_edge_orthogonal,1.0,cubic,3,False,4,16,40,10,1e-06,-9.074563992442513,-9.08919697897734,0.21467207883598777,0.005086994395531635,0.001082699100220442
31,response_tables/trial_00031_hard_negative_structure_obs-empirical_prior-axis_edge_orthogonal_rel1x.npz,axis_edge_orthogonal,1.0,affine_linear,1,True,4,16,40,10,1e-06,0.630849531314905,0.6315584236109827,0.6481450490544327,0.19001062323542367,0.006919278585259625
31,response_tables/trial_00031_hard_negative_structure_obs-empirical_prior-axis_edge_orthogonal_rel1x.npz,axis_edge_orthogonal,1.0,affine_quadratic,2,True,4,16,40,10,1e-06,0.5530621767020465,0.5536038033012333,0.6539103984631102,0.07644587677819409,0.031032062129094984
32,response_tables/trial_00032_hard_negative_structure_obs-empirical_prior-axis_edge_parallel_rel2x.npz,axis_edge_parallel,2.0,linear,1,False,4,16,40,10,1e-06,-0.00416950861443377,-0.0041966971760156735,0.00048807361908317914,0.04187890246037459,
32,response_tables/trial_00032_hard_negative_structure_obs-empirical_prior-axis_edge_parallel_rel2x.npz,axis_edge_parallel,2.0,quadratic,2,False,4,16,40,10,1e-06,0.11850388237862358,0.11225540038205223,0.2716252085196703,0.004220147490065182,9.92791160747785e-05
32,response_tables/trial_00032_hard_negative_structure_obs-empirical_prior-axis_edge_parallel_rel2x.npz,axis_edge_parallel,2.0,cubic,3,False,4,16,40,10,1e-06,0.14069136677756852,0.13612634042600463,0.2867486485722116,0.08523337618376925,0.0015900605752548098
32,response_tables/trial_00032_hard_negative_structure_obs-empirical_prior-axis_edge_parallel_rel2x.npz,axis_edge_parallel,2.0,affine_linear,1,True,4,16,40,10,1e-06,0.794427680124775,0.7975672584278878,0.8101965134818883,0.18521098675165124,0.004065617835240835
32,response_tables/trial_00032_hard_negative_structure_obs-empirical_prior-axis_edge_parallel_rel2x.npz,axis_edge_parallel,2.0,affine_quadratic,2,True,4,16,40,10,1e-06,0.8018417171778436,0.804241444244941,0.8158692437145298,0.057489930110632206,0.013233772246799237
32,response_tables/trial_00032_hard_negative_structure_obs-empirical_prior-axis_edge_orthogonal_rel2x.npz,axis_edge_orthogonal,2.0,linear,1,False,4,16,40,10,1e-06,-0.0011908592702269405,-0.0012163284637158878,0.0018435367448558504,0.018654010385503954,
32,response_tables/trial_00032_hard_negative_structure_obs-empirical_prior-axis_edge_orthogonal_rel2x.npz,axis_edge_orthogonal,2.0,quadratic,2,False,4,16,40,10,1e-06,0.10083730896252083,0.09665906419469056,0.2553270063307127,0.003913913519280923,0.00015424722286982542
32,response_tables/trial_00032_hard_negative_structure_obs-empirical_prior-axis_edge_orthogonal_rel2x.npz,axis_edge_orthogonal,2.0,cubic,3,False,4,16,40,10,1e-06,0.11636209032349284,0.11336097948979035,0.26736709160991723,0.09332674890849668,0.0018581896477614852
32,response_tables/trial_00032_hard_negative_structure_obs-empirical_prior-axis_edge_orthogonal_rel2x.npz,axis_edge_orthogonal,2.0,affine_linear,1,True,4,16,40,10,1e-06,0.7703314003686338,0.7707832465913375,0.780961399003762,0.12824526533343122,0.006902323254704421
32,response_tables/trial_00032_hard_negative_structure_obs-empirical_prior-axis_edge_orthogonal_rel2x.npz,axis_edge_orthogonal,2.0,affine_quadratic,2,True,4,16,40,10,1e-06,0.7759974774585142,0.7762841957505427,0.7861149036367476,0.09868856020160371,0.019479845183144075
33,response_tables/trial_00033_hard_negative_structure_obs-empirical_prior-axis_edge_parallel_rel0p5x.npz,axis_edge_parallel,0.5,linear,1,False,4,16,40,10,1e-06,-0.008768962300561622,-0.010986379684594927,0.002812702301340342,0.021625709860139737,
33,response_tables/trial_00033_hard_negative_structure_obs-empirical_prior-axis_edge_parallel_rel0p5x.npz,axis_edge_parallel,0.5,quadratic,2,False,4,16,40,10,1e-06,0.2978274529402719,0.3478134820432447,0.4457186893242797,0.0045449264993163265,8.248016718863762e-05
33,response_tables/trial_00033_hard_negative_structure_obs-empirical_prior-axis_edge_parallel_rel0p5x.npz,axis_edge_parallel,0.5,cubic,3,False,4,16,40,10,1e-06,-0.6467422239097462,-0.6842143669847802,0.4515314150960035,0.1863504216959287,0.003696483400009015
33,response_tables/trial_00033_hard_negative_structure_obs-empirical_prior-axis_edge_parallel_rel0p5x.npz,axis_edge_parallel,0.5,affine_linear,1,True,4,16,40,10,1e-06,0.2031543681763383,0.19876800530578176,0.34627253318415396,0.22106257584081,0.007014266472419705
33,response_tables/trial_00033_hard_negative_structure_obs-empirical_prior-axis_edge_parallel_rel0p5x.npz,axis_edge_parallel,0.5,affine_quadratic,2,True,4,16,40,10,1e-06,0.4157905013819915,0.44728450011103554,0.5632375016623807,0.006137941224756324,0.001228143444474242
33,response_tables/trial_00033_hard_negative_structure_obs-empirical_prior-axis_edge_orthogonal_rel0p5x.npz,axis_edge_orthogonal,0.5,linear,1,False,4,16,40,10,1e-06,-0.0047613931745785765,-0.004615439294354484,0.006830646382117778,0.0077278010063407876,
33,response_tables/trial_00033_hard_negative_structure_obs-empirical_prior-axis_edge_orthogonal_rel0p5x.npz,axis_edge_orthogonal,0.5,quadratic,2,False,4,16,40,10,1e-06,0.2546608217451517,0.2964557422504727,0.41678931153396864,0.006179040079077141,8.174283404291968e-05
33,response_tables/trial_00033_hard_negative_structure_obs-empirical_prior-axis_edge_orthogonal_rel0p5x.npz,axis_edge_orthogonal,0.5,cubic,3,False,4,16,40,10,1e-06,-0.9883105206813348,-0.9909371455474729,0.42334177702463305,0.1467591677567106,0.003467760274535903
33,response_tables/trial_00033_hard_negative_structure_obs-empirical_prior-axis_edge_orthogonal_rel0p5x.npz,axis_edge_orthogonal,0.5,affine_linear,1,True,4,16,40,10,1e-06,0.23480151362263504,0.22774031115944465,0.36155521101320964,0.11359815521628948,0.004149351657906733
33,response_tables/trial_00033_hard_negative_structure_obs-empirical_prior-axis_edge_orthogonal_rel0p5x.npz,axis_edge_orthogonal,0.5,affine_quadratic,2,True,4,16,40,10,1e-06,0.4084770263589794,0.402564257999178,0.5514708185775039,0.008092028095308347,0.0012223439911215246
34,response_tables/trial_00034_hard_negative_structure_obs-empirical_prior-axis_edge_parallel_rel1x.npz,axis_edge_parallel,1.0,linear,1,False,4,16,40,10,1e-06,-0.0014728116203444608,-0.0014371104121706502,0.001944360317924193,0.03215133705603782,
34,response_tables/trial_00034_hard_negative_structure_obs-empirical_prior-axis_edge_parallel_rel1x.npz,axis_edge_parallel,1.0,quadratic,2,False,4,16,40,10,1e-06,0.35140367928216926,0.3522849962443996,0.37694592957682893,0.006052313814683477,0.000106122005701582
34,response_tables/trial_00034_hard_negative_structure_obs-empirical_prior-axis_edge_parallel_rel1x.npz,axis_edge_parallel,1.0,cubic,3,False,4,16,40,10,1e-06,0.33698571061721627,0.33784838972676523,0.38151485555417974,0.3096946348510927,0.002978486922531362
34,response_tables/trial_00034_hard_negative_structure_obs-empirical_prior-axis_edge_parallel_rel1x.npz,axis_edge_parallel,1.0,affine_linear,1,True,4,16,40,10,1e-06,0.6099161448113429,0.6118279712354714,0.6409582326922703,0.31356506302581444,0.006618107799556044
34,response_tables/trial_00034_hard_negative_structure_obs-empirical_prior-axis_edge_parallel_rel1x.npz,axis_edge_parallel,1.0,affine_quadratic,2,True,4,16,40,10,1e-06,0.6484436004486478,0.6504372911251968,0.6804364227512474,0.018266493177035714,0.008495824743971798
34,response_tables/trial_00034_hard_negative_structure_obs-empirical_prior-axis_edge_orthogonal_rel1x.npz,axis_edge_orthogonal,1.0,linear,1,False,4,16,40,10,1e-06,-0.0013749969433145548,-0.0014237864874033779,0.0027919483250134214,0.016658625181389684,
34,response_tables/trial_00034_hard_negative_structure_obs-empirical_prior-axis_edge_orthogonal_rel1x.npz,axis_edge_orthogonal,1.0,quadratic,2,False,4,16,40,10,1e-06,0.34644815456345335,0.346286083527603,0.3694920157831614,0.007789864422372526,7.736305847483652e-05
34,response_tables/trial_00034_hard_negative_structure_obs-empirical_prior-axis_edge_orthogonal_rel1x.npz,axis_edge_orthogonal,1.0,cubic,3,False,4,16,40,10,1e-06,0.33141298093257754,0.3312783735946008,0.3737120391482081,0.34679360797141146,0.0031251954908509535
34,response_tables/trial_00034_hard_negative_structure_obs-empirical_prior-axis_edge_orthogonal_rel1x.npz,axis_edge_orthogonal,1.0,affine_linear,1,True,4,16,40,10,1e-06,0.6385300006604435,0.6295197953727367,0.6639174718483957,0.294183597601817,0.00422891268399252
34,response_tables/trial_00034_hard_negative_structure_obs-empirical_prior-axis_edge_orthogonal_rel1x.npz,axis_edge_orthogonal,1.0,affine_quadratic,2,True,4,16,40,10,1e-06,0.6719002775109411,0.6671839231706904,0.6973320583281285,0.023706451305626375,0.008883165132039853
35,response_tables/trial_00035_hard_negative_structure_obs-empirical_prior-axis_edge_parallel_rel2x.npz,axis_edge_parallel,2.0,linear,1,False,4,16,40,10,1e-06,0.0026381628810923374,0.00424580187954271,0.004911628296640574,0.014234708735231793,
35,response_tables/trial_00035_hard_negative_structure_obs-empirical_prior-axis_edge_parallel_rel2x.npz,axis_edge_parallel,2.0,quadratic,2,False,4,16,40,10,1e-06,0.410142395949034,0.40229618144063334,0.42512866365613333,0.0051403308691124385,0.00010635445045281149
35,response_tables/trial_00035_hard_negative_structure_obs-empirical_prior-axis_edge_parallel_rel2x.npz,axis_edge_parallel,2.0,cubic,3,False,4,16,40,10,1e-06,0.40799425057498195,0.3989360328498135,0.42754075600672037,0.31916804010324046,0.003574995474151665
35,response_tables/trial_00035_hard_negative_structure_obs-empirical_prior-axis_edge_parallel_rel2x.npz,axis_edge_parallel,2.0,affine_linear,1,True,4,16,40,10,1e-06,0.8093689957612475,0.8091675779872851,0.8131735066605892,0.17110997060298236,0.0056189463201705685
35,response_tables/trial_00035_hard_negative_structure_obs-empirical_prior-axis_edge_parallel_rel2x.npz,axis_edge_parallel,2.0,affine_quadratic,2,True,4,16,40,10,1e-06,0.8157304997834391,0.8132196817195514,0.8222128879155459,0.035347941492653676,0.020212028493258163
35,response_tables/trial_00035_hard_negative_structure_obs-empirical_prior-axis_edge_orthogonal_rel2x.npz,axis_edge_orthogonal,2.0,linear,1,False,4,16,40,10,1e-06,0.005605995243945866,0.005662196239016204,0.008091396457890476,0.013627165958784429,
35,response_tables/trial_00035_hard_negative_structure_obs-empirical_prior-axis_edge_orthogonal_rel2x.npz,axis_edge_orthogonal,2.0,quadratic,2,False,4,16,40,10,1e-06,0.38457401820540915,0.38475968265777155,0.4062971560964017,0.006251413294662857,7.131712478935853e-05
35,response_tables/trial_00035_hard_negative_structure_obs-empirical_prior-axis_edge_orthogonal_rel2x.npz,axis_edge_orthogonal,2.0,cubic,3,False,4,16,40,10,1e-06,0.38196208081058847,0.38023549630355097,0.4085638863792633,0.32860414458170256,0.004373625355121765
35,response_tables/trial_00035_hard_negative_structure_obs-empirical_prior-axis_edge_orthogonal_rel2x.npz,axis_edge_orthogonal,2.0,affine_linear,1,True,4,16,40,10,1e-06,0.8143795534546895,0.8194346688010969,0.8188400109993186,0.20240780129106,0.003034981757100714
35,response_tables/trial_00035_hard_negative_structure_obs-empirical_prior-axis_edge_orthogonal_rel2x.npz,axis_edge_orthogonal,2.0,affine_quadratic,2,True,4,16,40,10,1e-06,0.8156442459349478,0.8194978096150817,0.8241011486757333,0.07728727887729478,0.02173477602407774
36,response_tables/trial_00036_hard_negative_structure_obs-empirical_prior-axis_edge_parallel_rel0p5x.npz,axis_edge_parallel,0.5,linear,1,False,4,16,40,10,1e-06,-0.0015121491546974952,-0.001935531265476631,0.0016536882526935193,0.007830428535576344,
36,response_tables/trial_00036_hard_negative_structure_obs-empirical_prior-axis_edge_parallel_rel0p5x.npz,axis_edge_parallel,0.5,quadratic,2,False,4,16,40,10,1e-06,0.1969991120556096,0.2941889448953978,0.3718556496518697,0.004274353854788008,2.612851614020289e-05
36,response_tables/trial_00036_hard_negative_structure_obs-empirical_prior-axis_edge_parallel_rel0p5x.npz,axis_edge_parallel,0.5,cubic,3,False,4,16,40,10,1e-06,-0.1605876656689749,0.38691021751752086,0.432855337612222,0.018401969439396038,0.0009524079881085602
36,response_tables/trial_00036_hard_negative_structure_obs-empirical_prior-axis_edge_parallel_rel0p5x.npz,axis_edge_parallel,0.5,affine_linear,1,True,4,16,40,10,1e-06,0.5155250809204696,0.5225268507438439,0.5638107335278147,0.2605061470183989,0.0017800037451807301
36,response_tables/trial_00036_hard_negative_structure_obs-empirical_prior-axis_edge_parallel_rel0p5x.npz,axis_edge_parallel,0.5,affine_quadratic,2,True,4,16,40,10,1e-06,0.5745633017035322,0.593665766246575,0.6592262166352658,0.007100440949881293,0.0035608871720208975
36,response_tables/trial_00036_hard_negative_structure_obs-empirical_prior-axis_edge_orthogonal_rel0p5x.npz,axis_edge_orthogonal,0.5,linear,1,False,4,16,40,10,1e-06,0.0003021711303141106,0.0006014012136547064,0.0036573554345133152,0.003511197037136011,
36,response_tables/trial_00036_hard_negative_structure_obs-empirical_prior-axis_edge_orthogonal_rel0p5x.npz,axis_edge_orthogonal,0.5,quadratic,2,False,4,16,40,10,1e-06,0.1894108422898522,0.2791999915322961,0.34497783890304934,0.0031672974790704347,3.595040810804669e-05
36,response_tables/trial_00036_hard_negative_structure_obs-empirical_prior-axis_edge_orthogonal_rel0p5x.npz,axis_edge_orthogonal,0.5,cubic,3,False,4,16,40,10,1e-06,-0.11117557656356755,0.37634512300941153,0.39887127513061466,0.015570266575119604,0.0006202919532025403
36,response_tables/trial_00036_hard_negative_structure_obs-empirical_prior-axis_edge_orthogonal_rel0p5x.npz,axis_edge_orthogonal,0.5,affine_linear,1,True,4,16,40,10,1e-06,0.533710364281857,0.5284018004801924,0.5726079892990468,0.10830550152865147,0.002074332749398903
36,response_tables/trial_00036_hard_negative_structure_obs-empirical_prior-axis_edge_orthogonal_rel0p5x.npz,axis_edge_orthogonal,0.5,affine_quadratic,2,True,4,16,40,10,1e-06,0.5951038586443538,0.605197551205946,0.6523236850681895,0.005789147108266583,0.002654218209493826
37,response_tables/trial_00037_hard_negative_structure_obs-empirical_prior-axis_edge_parallel_rel1x.npz,axis_edge_parallel,1.0,linear,1,False,4,16,40,10,1e-06,0.0005926277187232321,0.001354737960979624,0.002583451128971681,0.014384197253475662,
37,response_tables/trial_00037_hard_negative_structure_obs-empirical_prior-axis_edge_parallel_rel1x.npz,axis_edge_parallel,1.0,quadratic,2,False,4,16,40,10,1e-06,0.3452642683290804,0.3451758019758102,0.4012287548096052,0.004755966632089906,5.4703038797006e-05
37,response_tables/trial_00037_hard_negative_structure_obs-empirical_prior-axis_edge_parallel_rel1x.npz,axis_edge_parallel,1.0,cubic,3,False,4,16,40,10,1e-06,0.05300087264645997,0.05274969513801342,0.4089890142635692,0.13063315750839946,0.0018551142725103842
37,response_tables/trial_00037_hard_negative_structure_obs-empirical_prior-axis_edge_parallel_rel1x.npz,axis_edge_parallel,1.0,affine_linear,1,True,4,16,40,10,1e-06,0.6803460964810424,0.689421076954537,0.6895274811440899,0.23312511355660914,0.0033147633728364202
37,response_tables/trial_00037_hard_negative_structure_obs-empirical_prior-axis_edge_parallel_rel1x.npz,axis_edge_parallel,1.0,affine_quadratic,2,True,4,16,40,10,1e-06,0.7103701943029824,0.7222531530749982,0.7387085508331024,0.010783959891399433,0.0058441118561516955
37,response_tables/trial_00037_hard_negative_structure_obs-empirical_prior-axis_edge_orthogonal_rel1x.npz,axis_edge_orthogonal,1.0,linear,1,False,4,16,40,10,1e-06,0.0043689134107732785,0.0035989063819773515,0.006387852076183975,0.009536697043950635,
37,response_tables/trial_00037_hard_negative_structure_obs-empirical_prior-axis_edge_orthogonal_rel1x.npz,axis_edge_orthogonal,1.0,quadratic,2,False,4,16,40,10,1e-06,0.3077549378042244,0.308134333094269,0.3590263688046129,0.005556321946920133,7.871076170706598e-05
37,response_tables/trial_00037_hard_negative_structure_obs-empirical_prior-axis_edge_orthogonal_rel1x.npz,axis_edge_orthogonal,1.0,cubic,3,False,4,16,40,10,1e-06,0.009233542233625075,0.019321808094045934,0.363346744138504,0.1028800572932374,0.0036095960808273566
37,response_tables/trial_00037_hard_negative_structure_obs-empirical_prior-axis_edge_orthogonal_rel1x.npz,axis_edge_orthogonal,1.0,affine_linear,1,True,4,16,40,10,1e-06,0.709851822544183,0.6921340692817133,0.7175703125031034,0.18673334594957014,0.003990066847459018
37,response_tables/trial_00037_hard_negative_structure_obs-empirical_prior-axis_edge_orthogonal_rel1x.npz,axis_edge_orthogonal,1.0,affine_quadratic,2,True,4,16,40,10,1e-06,0.7291067976667075,0.7135069718281157,0.7470543317978782,0.016879708603384842,0.009083401379141414
38,response_tables/trial_00038_hard_negative_structure_obs-empirical_prior-axis_edge_parallel_rel2x.npz,axis_edge_parallel,2.0,linear,1,False,4,16,40,10,1e-06,0.0006465281050981597,0.0006006594357239603,0.0022347162237939533,0.017555620438352494,
38,response_tables/trial_00038_hard_negative_structure_obs-empirical_prior-axis_edge_parallel_rel2x.npz,axis_edge_parallel,2.0,quadratic,2,False,4,16,40,10,1e-06,-1.2522802613364443,-1.211049672243061,0.13960745066702582,0.016159063629161672,0.00012403221810969154
38,response_tables/trial_00038_hard_negative_structure_obs-empirical_prior-axis_edge_parallel_rel2x.npz,axis_edge_parallel,2.0,cubic,3,False,4,16,40,10,1e-06,-7.601521080887026,-4.209766582203054,0.44188292512429617,0.004229073002628,0.0007437133124372411
38,response_tables/trial_00038_hard_negative_structure_obs-empirical_prior-axis_edge_parallel_rel2x.npz,axis_edge_parallel,2.0,affine_linear,1,True,4,16,40,10,1e-06,0.8089699763404787,0.8067300951956449,0.8147016328830556,0.2535975112270141,0.002635437400227156
38,response_tables/trial_00038_hard_negative_structure_obs-empirical_prior-axis_edge_parallel_rel2x.npz,axis_edge_parallel,2.0,affine_quadratic,2,True,4,16,40,10,1e-06,0.7042030117372002,0.7072854799637966,0.8174059615095519,0.10758725943959585,0.070273961401885
38,response_tables/trial_00038_hard_negative_structure_obs-empirical_prior-axis_edge_orthogonal_rel2x.npz,axis_edge_orthogonal,2.0,linear,1,False,4,16,40,10,1e-06,0.0006592475071622028,0.0005543844034144318,0.002820046644253532,0.008175077125896772,
38,response_tables/trial_00038_hard_negative_structure_obs-empirical_prior-axis_edge_orthogonal_rel2x.npz,axis_edge_orthogonal,2.0,quadratic,2,False,4,16,40,10,1e-06,-1.0806478546666543,-1.061826841195793,0.1251190067197918,0.01319357074344727,0.00012854623203570966
38,response_tables/trial_00038_hard_negative_structure_obs-empirical_prior-axis_edge_orthogonal_rel2x.npz,axis_edge_orthogonal,2.0,cubic,3,False,4,16,40,10,1e-06,-7.238270535545608,-5.191417547605246,0.38882272596262496,0.0030874165005985287,0.0012227437116380316
38,response_tables/trial_00038_hard_negative_structure_obs-empirical_prior-axis_edge_orthogonal_rel2x.npz,axis_edge_orthogonal,2.0,affine_linear,1,True,4,16,40,10,1e-06,0.8324691635450248,0.818783718425914,0.8366820217552856,0.17976175767247252,0.0023369721700238484
38,response_tables/trial_00038_hard_negative_structure_obs-empirical_prior-axis_edge_orthogonal_rel2x.npz,axis_edge_orthogonal,2.0,affine_quadratic,2,True,4,16,40,10,1e-06,0.7995742458102532,0.7954760581818245,0.8374109926236719,0.19970969732880378,0.09655875965555547
39,response_tables/trial_00039_hard_negative_structure_obs-empirical_prior-axis_edge_parallel_rel0p5x.npz,axis_edge_parallel,0.5,linear,1,False,4,16,40,10,1e-06,0.001694268971992735,0.001347254773842621,0.004407726105084775,0.0012438759029786777,
39,response_tables/trial_00039_hard_negative_structure_obs-empirical_prior-axis_edge_parallel_rel0p5x.npz,axis_edge_parallel,0.5,quadratic,2,False,4,16,40,10,1e-06,0.47171611035517297,0.4849581694039238,0.4955754959541627,0.004079096612532893,8.119248073946008e-06
39,response_tables/trial_00039_hard_negative_structure_obs-empirical_prior-axis_edge_parallel_rel0p5x.npz,axis_edge_parallel,0.5,cubic,3,False,4,16,40,10,1e-06,0.4557486432477367,0.473446371386616,0.506101416285808,0.06760249852759623,0.001482034704991887
39,response_tables/trial_00039_hard_negative_structure_obs-empirical_prior-axis_edge_parallel_rel0p5x.npz,axis_edge_parallel,0.5,affine_linear,1,True,4,16,40,10,1e-06,0.31256744257895264,0.3020800184181664,0.37367091611020936,0.19861490768737755,0.0008893370278575719
39,response_tables/trial_00039_hard_negative_structure_obs-empirical_prior-axis_edge_parallel_rel0p5x.npz,axis_edge_parallel,0.5,affine_quadratic,2,True,4,16,40,10,1e-06,0.569996178289004,0.5563971269977983,0.6020627932539391,0.005773042002030737,0.0006733955685610114
39,response_tables/trial_00039_hard_negative_structure_obs-empirical_prior-axis_edge_orthogonal_rel0p5x.npz,axis_edge_orthogonal,0.5,linear,1,False,4,16,40,10,1e-06,0.001106911182733178,0.0008409051647147447,0.00228965397109987,0.0016973958010012523,
39,response_tables/trial_00039_hard_negative_structure_obs-empirical_prior-axis_edge_orthogonal_rel0p5x.npz,axis_edge_orthogonal,0.5,quadratic,2,False,4,16,40,10,1e-06,0.4058505621855003,0.4136271054545396,0.4287466974798547,0.001801944501115543,7.782933447327103e-06
39,response_tables/trial_00039_hard_negative_structure_obs-empirical_prior-axis_edge_orthogonal_rel0p5x.npz,axis_edge_orthogonal,0.5,cubic,3,False,4,16,40,10,1e-06,0.3988608734997475,0.41440119757800115,0.4513623985114089,0.08301228865686779,0.0003873042841039511
39,response_tables/trial_00039_hard_negative_structure_obs-empirical_prior-axis_edge_orthogonal_rel0p5x.npz,axis_edge_orthogonal,0.5,affine_linear,1,True,4,16,40,10,1e-06,0.4043863311173471,0.4105867069403273,0.42414036964736224,0.15299565576139146,0.0012637720319116663
39,response_tables/trial_00039_hard_negative_structure_obs-empirical_prior-axis_edge_orthogonal_rel0p5x.npz,axis_edge_orthogonal,0.5,affine_quadratic,2,True,4,16,40,10,1e-06,0.5712730689441115,0.5682877788304755,0.5866670069607598,0.0021898592273248752,0.0008531096921447747
40,response_tables/trial_00040_hard_negative_structure_obs-empirical_prior-axis_edge_parallel_rel1x.npz,axis_edge_parallel,1.0,linear,1,False,4,16,40,10,1e-06,0.0028206190666648923,0.0017908106417021674,0.005065266750437697,0.0036789966512396632,
40,response_tables/trial_00040_hard_negative_structure_obs-empirical_prior-axis_edge_parallel_rel1x.npz,axis_edge_parallel,1.0,quadratic,2,False,4,16,40,10,1e-06,0.41720958740578196,0.4150896408918699,0.48510606453107774,0.005457323790191107,2.6698766568909316e-05
40,response_tables/trial_00040_hard_negative_structure_obs-empirical_prior-axis_edge_parallel_rel1x.npz,axis_edge_parallel,1.0,cubic,3,False,4,16,40,10,1e-06,0.2767249795325424,0.3382401998804755,0.48849103951384504,0.21651547017272463,0.005278044466140058
40,response_tables/trial_00040_hard_negative_structure_obs-empirical_prior-axis_edge_parallel_rel1x.npz,axis_edge_parallel,1.0,affine_linear,1,True,4,16,40,10,1e-06,0.3890837012620707,0.3629646261821014,0.4815408604769087,0.19381903574873693,0.0019058087677811563
40,response_tables/trial_00040_hard_negative_structure_obs-empirical_prior-axis_edge_parallel_rel1x.npz,axis_edge_parallel,1.0,affine_quadratic,2,True,4,16,40,10,1e-06,0.6153712116858262,0.5967273900389056,0.6709419088854964,0.007884280954689758,0.0019297075962553265
40,response_tables/trial_00040_hard_negative_structure_obs-empirical_prior-axis_edge_orthogonal_rel1x.npz,axis_edge_orthogonal,1.0,linear,1,False,4,16,40,10,1e-06,0.0012183493331219264,0.0005211539317530045,0.003935478209983301,0.0033830296747968808,
40,response_tables/trial_00040_hard_negative_structure_obs-empirical_prior-axis_edge_orthogonal_rel1x.npz,axis_edge_orthogonal,1.0,quadratic,2,False,4,16,40,10,1e-06,0.35448110849279835,0.3581276577750236,0.4160538071476073,0.003874727972530786,2.4946833731305343e-05
40,response_tables/trial_00040_hard_negative_structure_obs-empirical_prior-axis_edge_orthogonal_rel1x.npz,axis_edge_orthogonal,1.0,cubic,3,False,4,16,40,10,1e-06,0.19952553109255416,0.25006735851618167,0.41823306079280076,0.17893044072703632,0.003782595302411744
40,response_tables/trial_00040_hard_negative_structure_obs-empirical_prior-axis_edge_orthogonal_rel1x.npz,axis_edge_orthogonal,1.0,affine_linear,1,True,4,16,40,10,1e-06,0.5337176398876438,0.5330073954714838,0.589750077580639,0.19561754273436138,0.0015391558863974263
40,response_tables/trial_00040_hard_negative_structure_obs-empirical_prior-axis_edge_orthogonal_rel1x.npz,axis_edge_orthogonal,1.0,affine_quadratic,2,True,4,16,40,10,1e-06,0.677285126888511,0.6781596952612104,0.7032352407080454,0.006326277302652865,0.002895900755966987
41,response_tables/trial_00041_hard_negative_structure_obs-empirical_prior-axis_edge_parallel_rel2x.npz,axis_edge_parallel,2.0,linear,1,False,4,16,40,10,1e-06,0.0017806441481977853,0.0024624985520321774,0.004072776189437077,0.006920931468244689,
41,response_tables/trial_00041_hard_negative_structure_obs-empirical_prior-axis_edge_parallel_rel2x.npz,axis_edge_parallel,2.0,quadratic,2,False,4,16,40,10,1e-06,0.40726703171586776,0.4106358934095838,0.417773964575347,0.006282510650381979,5.062768314614782e-05
41,response_tables/trial_00041_hard_negative_structure_obs-empirical_prior-axis_edge_parallel_rel2x.npz,axis_edge_parallel,2.0,cubic,3,False,4,16,40,10,1e-06,0.4206128019692887,0.42944092329645145,0.4500418949212271,0.020491684249359488,0.001418010665812762
41,response_tables/trial_00041_hard_negative_structure_obs-empirical_prior-axis_edge_parallel_rel2x.npz,axis_edge_parallel,2.0,affine_linear,1,True,4,16,40,10,1e-06,0.7417294647208458,0.7494976738576212,0.7720999692451178,0.2235152081572335,0.0025620906841996444
41,response_tables/trial_00041_hard_negative_structure_obs-empirical_prior-axis_edge_parallel_rel2x.npz,axis_edge_parallel,2.0,affine_quadratic,2,True,4,16,40,10,1e-06,0.7659266840499459,0.7693701868498615,0.7906962068241564,0.030725179520982235,0.01598492122016265
41,response_tables/trial_00041_hard_negative_structure_obs-empirical_prior-axis_edge_orthogonal_rel2x.npz,axis_edge_orthogonal,2.0,linear,1,False,4,16,40,10,1e-06,0.0013253838813665764,0.0010680207485302406,0.002939600636881201,0.007711944395186835,
41,response_tables/trial_00041_hard_negative_structure_obs-empirical_prior-axis_edge_orthogonal_rel2x.npz,axis_edge_orthogonal,2.0,quadratic,2,False,4,16,40,10,1e-06,0.3488661675840746,0.3490306848484475,0.3655663421179538,0.007785465595725412,4.453801927639505e-05
41,response_tables/trial_00041_hard_negative_structure_obs-empirical_prior-axis_edge_orthogonal_rel2x.npz,axis_edge_orthogonal,2.0,cubic,3,False,4,16,40,10,1e-06,0.36028351008906684,0.35953941253562915,0.3955736915072615,0.01494591102924359,0.0018440337439607937
41,response_tables/trial_00041_hard_negative_structure_obs-empirical_prior-axis_edge_orthogonal_rel2x.npz,axis_edge_orthogonal,2.0,affine_linear,1,True,4,16,40,10,1e-06,0.7942554744203408,0.7911948411124601,0.8044278043976028,0.33193016698058664,0.0023518953430484457
41,response_tables/trial_00041_hard_negative_structure_obs-empirical_prior-axis_edge_orthogonal_rel2x.npz,axis_edge_orthogonal,2.0,affine_quadratic,2,True,4,16,40,10,1e-06,0.7961203170392372,0.793770722476959,0.8090668579955829,0.09403786179575342,0.02942084001258543
42,response_tables/trial_00042_hard_negative_structure_obs-empirical_prior-axis_edge_parallel_rel0p5x.npz,axis_edge_parallel,0.5,linear,1,False,4,16,40,10,1e-06,-0.011394701369833893,-0.012690624328692834,0.0015282204875447791,0.027138000699879664,
42,response_tables/trial_00042_hard_negative_structure_obs-empirical_prior-axis_edge_parallel_rel0p5x.npz,axis_edge_parallel,0.5,quadratic,2,False,4,16,40,10,1e-06,0.06880522470544678,0.0704069064901745,0.33180145828424634,0.008441882770509699,3.549640863421323e-05
42,response_tables/trial_00042_hard_negative_structure_obs-empirical_prior-axis_edge_parallel_rel0p5x.npz,axis_edge_parallel,0.5,cubic,3,False,4,16,40,10,1e-06,-1.9162700453212942,-1.9494429930418258,0.3569915846310818,0.032564210807585675,0.0024649337103506684
42,response_tables/trial_00042_hard_negative_structure_obs-empirical_prior-axis_edge_parallel_rel0p5x.npz,axis_edge_parallel,0.5,affine_linear,1,True,4,16,40,10,1e-06,0.3912374204786145,0.400132489562121,0.4255028691229582,0.5432486708723517,0.0035978343275602518
42,response_tables/trial_00042_hard_negative_structure_obs-empirical_prior-axis_edge_parallel_rel0p5x.npz,axis_edge_parallel,0.5,affine_quadratic,2,True,4,16,40,10,1e-06,0.3991958505246125,0.3933664637516892,0.540089471780268,0.013056035720556844,0.001964975233612737
42,response_tables/trial_00042_hard_negative_structure_obs-empirical_prior-axis_edge_orthogonal_rel0p5x.npz,axis_edge_orthogonal,0.5,linear,1,False,4,16,40,10,1e-06,-0.012011532023657345,-0.014531885318310178,0.0010884097328965892,0.010058621177418502,
42,response_tables/trial_00042_hard_negative_structure_obs-empirical_prior-axis_edge_orthogonal_rel0p5x.npz,axis_edge_orthogonal,0.5,quadratic,2,False,4,16,40,10,1e-06,-0.033921929293733805,-0.046252836790441065,0.2885146254470705,0.005380477566759346,3.7809530508232074e-05
42,response_tables/trial_00042_hard_negative_structure_obs-empirical_prior-axis_edge_orthogonal_rel0p5x.npz,axis_edge_orthogonal,0.5,cubic,3,False,4,16,40,10,1e-06,-2.1969862610153643,-2.272109071899589,0.3187599262601013,0.03295694669788757,0.0018826260777861535
42,response_tables/trial_00042_hard_negative_structure_obs-empirical_prior-axis_edge_orthogonal_rel0p5x.npz,axis_edge_orthogonal,0.5,affine_linear,1,True,4,16,40,10,1e-06,0.455750782646525,0.4475466667009971,0.4854839416623259,0.35795506338936567,0.0037605538229030467
42,response_tables/trial_00042_hard_negative_structure_obs-empirical_prior-axis_edge_orthogonal_rel0p5x.npz,axis_edge_orthogonal,0.5,affine_quadratic,2,True,4,16,40,10,1e-06,0.40558940636249247,0.3649115544970711,0.562274178882366,0.009060633601280742,0.0026317577830261476
43,response_tables/trial_00043_hard_negative_structure_obs-empirical_prior-axis_edge_parallel_rel1x.npz,axis_edge_parallel,1.0,linear,1,False,4,16,40,10,1e-06,0.001262757812927645,0.0017734911493357264,0.004690469456953283,0.003894056388439408,
43,response_tables/trial_00043_hard_negative_structure_obs-empirical_prior-axis_edge_parallel_rel1x.npz,axis_edge_parallel,1.0,quadratic,2,False,4,16,40,10,1e-06,0.3895237071552897,0.3888069442426294,0.4346153680727489,0.005258782428816153,2.5378436673739536e-05
43,response_tables/trial_00043_hard_negative_structure_obs-empirical_prior-axis_edge_parallel_rel1x.npz,axis_edge_parallel,1.0,cubic,3,False,4,16,40,10,1e-06,0.2898716666883445,0.2671938085953121,0.4386286975263667,0.34659858738838706,0.00500599847666512
43,response_tables/trial_00043_hard_negative_structure_obs-empirical_prior-axis_edge_parallel_rel1x.npz,axis_edge_parallel,1.0,affine_linear,1,True,4,16,40,10,1e-06,0.6385385577714408,0.6437624452959942,0.6612265716772407,0.19930009741361612,0.0018887213495080405
43,response_tables/trial_00043_hard_negative_structure_obs-empirical_prior-axis_edge_parallel_rel1x.npz,axis_edge_parallel,1.0,affine_quadratic,2,True,4,16,40,10,1e-06,0.7087138072146456,0.7159945338376592,0.7375441077612443,0.009944309939659729,0.00440494089841841
43,response_tables/trial_00043_hard_negative_structure_obs-empirical_prior-axis_edge_orthogonal_rel1x.npz,axis_edge_orthogonal,1.0,linear,1,False,4,16,40,10,1e-06,0.004320287772689307,0.005446697156673008,0.009296157560629181,0.003351246128190027,
43,response_tables/trial_00043_hard_negative_structure_obs-empirical_prior-axis_edge_orthogonal_rel1x.npz,axis_edge_orthogonal,1.0,quadratic,2,False,4,16,40,10,1e-06,0.32447767438355957,0.31946182231936215,0.36903059815399125,0.00932993747077603,3.528343700005686e-05
43,response_tables/trial_00043_hard_negative_structure_obs-empirical_prior-axis_edge_orthogonal_rel1x.npz,axis_edge_orthogonal,1.0,cubic,3,False,4,16,40,10,1e-06,0.22827403876440383,0.20647870856987133,0.3731484246219088,0.3877409022895305,0.006185339070964345
43,response_tables/trial_00043_hard_negative_structure_obs-empirical_prior-axis_edge_orthogonal_rel1x.npz,axis_edge_orthogonal,1.0,affine_linear,1,True,4,16,40,10,1e-06,0.6919235404628239,0.6885057143141196,0.7138712925653701,0.17561775616149877,0.0018886259215651422
43,response_tables/trial_00043_hard_negative_structure_obs-empirical_prior-axis_edge_orthogonal_rel1x.npz,axis_edge_orthogonal,1.0,affine_quadratic,2,True,4,16,40,10,1e-06,0.726262663839307,0.7209259252520666,0.7520701282814102,0.026793046631618557,0.009489848711508653
44,response_tables/trial_00044_hard_negative_structure_obs-empirical_prior-axis_edge_parallel_rel2x.npz,axis_edge_parallel,2.0,linear,1,False,4,16,40,10,1e-06,-0.00024689814120243403,-0.0005373128776245961,0.0033030746403222844,0.013839254360328327,
44,response_tables/trial_00044_hard_negative_structure_obs-empirical_prior-axis_edge_parallel_rel2x.npz,axis_edge_parallel,2.0,quadratic,2,False,4,16,40,10,1e-06,0.21262334013317888,0.22283641248461056,0.28615994693855135,0.00784879811932674,0.00015809958308365583
44,response_tables/trial_00044_hard_negative_structure_obs-empirical_prior-axis_edge_parallel_rel2x.npz,axis_edge_parallel,2.0,cubic,3,False,4,16,40,10,1e-06,0.10730872762263732,0.0729464389065575,0.314747930610633,0.09948500234257207,0.002949162904216604
44,response_tables/trial_00044_hard_negative_structure_obs-empirical_prior-axis_edge_parallel_rel2x.npz,axis_edge_parallel,2.0,affine_linear,1,True,4,16,40,10,1e-06,0.8092849309608953,0.8077694688290414,0.8191171014081191,0.2385143420888535,0.00484959120774492
44,response_tables/trial_00044_hard_negative_structure_obs-empirical_prior-axis_edge_parallel_rel2x.npz,axis_edge_parallel,2.0,affine_quadratic,2,True,4,16,40,10,1e-06,0.8116393446235662,0.807683912372189,0.8251833796303198,0.09928926730553367,0.03714028684862999
44,response_tables/trial_00044_hard_negative_structure_obs-empirical_prior-axis_edge_orthogonal_rel2x.npz,axis_edge_orthogonal,2.0,linear,1,False,4,16,40,10,1e-06,0.0034631601635351783,0.003323416653612632,0.006232259916395144,0.007689125701217114,
44,response_tables/trial_00044_hard_negative_structure_obs-empirical_prior-axis_edge_orthogonal_rel2x.npz,axis_edge_orthogonal,2.0,quadratic,2,False,4,16,40,10,1e-06,0.19327076126168433,0.196037366345363,0.2591071931528665,0.008151047362111398,0.00013167919248055368
44,response_tables/trial_00044_hard_negative_structure_obs-empirical_prior-axis_edge_orthogonal_rel2x.npz,axis_edge_orthogonal,2.0,cubic,3,False,4,16,40,10,1e-06,0.05202356002561481,-0.000927543794251362,0.2816353201385694,0.07764356891805597,0.003742422608889114
44,response_tables/trial_00044_hard_negative_structure_obs-empirical_prior-axis_edge_orthogonal_rel2x.npz,axis_edge_orthogonal,2.0,affine_linear,1,True,4,16,40,10,1e-06,0.8183202993438956,0.8209534712978916,0.8232815202637171,0.15590180308338342,0.003531849303558888
44,response_tables/trial_00044_hard_negative_structure_obs-empirical_prior-axis_edge_orthogonal_rel2x.npz,axis_edge_orthogonal,2.0,affine_quadratic,2,True,4,16,40,10,1e-06,0.8179273951779144,0.8216179069716323,0.8254646866123263,0.2269693206559261,0.04791742402605635
45,response_tables/trial_00045_hard_negative_structure_obs-empirical_prior-axis_edge_parallel_rel0p5x.npz,axis_edge_parallel,0.5,linear,1,False,4,16,40,10,1e-06,0.00018831738522975816,0.0010265921178554405,0.0030332761825500876,0.005510781483298916,
45,response_tables/trial_00045_hard_negative_structure_obs-empirical_prior-axis_edge_parallel_rel0p5x.npz,axis_edge_parallel,0.5,quadratic,2,False,4,16,40,10,1e-06,0.020821631886711878,0.004003854773096227,0.4344868604936494,0.00437798183199607,4.3855669481116186e-06
45,response_tables/trial_00045_hard_negative_structure_obs-empirical_prior-axis_edge_parallel_rel0p5x.npz,axis_edge_parallel,0.5,cubic,3,False,4,16,40,10,1e-06,-0.10596683512593508,-0.09123783402725882,0.43921836703956896,0.33848105403967665,0.0021048108745639043
45,response_tables/trial_00045_hard_negative_structure_obs-empirical_prior-axis_edge_parallel_rel0p5x.npz,axis_edge_parallel,0.5,affine_linear,1,True,4,16,40,10,1e-06,0.25892520005345354,0.26825699582150353,0.37118753297826157,0.22121494184058837,0.0010990962585769111
45,response_tables/trial_00045_hard_negative_structure_obs-empirical_prior-axis_edge_parallel_rel0p5x.npz,axis_edge_parallel,0.5,affine_quadratic,2,True,4,16,40,10,1e-06,0.3360197492353214,0.34519798069028335,0.5781318126289754,0.005898835362956068,0.000552025479873929
45,response_tables/trial_00045_hard_negative_structure_obs-empirical_prior-axis_edge_orthogonal_rel0p5x.npz,axis_edge_orthogonal,0.5,linear,1,False,4,16,40,10,1e-06,-0.0067631754707989655,-0.0024003280154150097,0.0018324867814016321,0.004947422211226743,
45,response_tables/trial_00045_hard_negative_structure_obs-empirical_prior-axis_edge_orthogonal_rel0p5x.npz,axis_edge_orthogonal,0.5,quadratic,2,False,4,16,40,10,1e-06,-0.39707463711022994,-0.3408732677531262,0.3448469088001443,0.004240117425777382,5.808331751513158e-06
45,response_tables/trial_00045_hard_negative_structure_obs-empirical_prior-axis_edge_orthogonal_rel0p5x.npz,axis_edge_orthogonal,0.5,cubic,3,False,4,16,40,10,1e-06,-0.5859126423041523,-0.45582795729392056,0.35504245229993514,0.17969994533995282,0.001412293001900395
45,response_tables/trial_00045_hard_negative_structure_obs-empirical_prior-axis_edge_orthogonal_rel0p5x.npz,axis_edge_orthogonal,0.5,affine_linear,1,True,4,16,40,10,1e-06,0.39597086293127415,0.40192377683110736,0.47810542042392107,0.35064693536276237,0.0012455966386877393
45,response_tables/trial_00045_hard_negative_structure_obs-empirical_prior-axis_edge_orthogonal_rel0p5x.npz,axis_edge_orthogonal,0.5,affine_quadratic,2,True,4,16,40,10,1e-06,0.2994529073274943,0.3241893837386795,0.5960171288464371,0.007022630054464176,0.0010202628655337775
46,response_tables/trial_00046_hard_negative_structure_obs-empirical_prior-axis_edge_parallel_rel1x.npz,axis_edge_parallel,1.0,linear,1,False,4,16,40,10,1e-06,-0.0034078784247214,-0.0034578025828860826,0.0018583903016977654,0.01014235822371752,
46,response_tables/trial_00046_hard_negative_structure_obs-empirical_prior-axis_edge_parallel_rel1x.npz,axis_edge_parallel,1.0,quadratic,2,False,4,16,40,10,1e-06,0.3220381507856957,0.31189641567384596,0.3734241388450822,0.005044513449152769,8.751579765307645e-05
46,response_tables/trial_00046_hard_negative_structure_obs-empirical_prior-axis_edge_parallel_rel1x.npz,axis_edge_parallel,1.0,cubic,3,False,4,16,40,10,1e-06,-0.15419562147065363,-0.11952510436181363,0.3817456261511806,0.16128425353081405,0.002349965024226096
46,response_tables/trial_00046_hard_negative_structure_obs-empirical_prior-axis_edge_parallel_rel1x.npz,axis_edge_parallel,1.0,affine_linear,1,True,4,16,40,10,1e-06,0.5265868501913866,0.5605690690487328,0.5865407159756538,0.31911793506411557,0.005720190427100303
46,response_tables/trial_00046_hard_negative_structure_obs-empirical_prior-axis_edge_parallel_rel1x.npz,axis_edge_parallel,1.0,affine_quadratic,2,True,4,16,40,10,1e-06,0.619159779492539,0.6389675994371604,0.6638729855420559,0.009410163895693957,0.0027918920098421074
46,response_tables/trial_00046_hard_negative_structure_obs-empirical_prior-axis_edge_orthogonal_rel1x.npz,axis_edge_orthogonal,1.0,linear,1,False,4,16,40,10,1e-06,-0.004741262654283596,-0.004777615607394092,0.0019104080324999773,0.009440310233875003,
46,response_tables/trial_00046_hard_negative_structure_obs-empirical_prior-axis_edge_orthogonal_rel1x.npz,axis_edge_orthogonal,1.0,quadratic,2,False,4,16,40,10,1e-06,0.24081120503242698,0.24803180756964,0.3371293606337759,0.0027742236215547297,5.566201762369066e-05
46,response_tables/trial_00046_hard_negative_structure_obs-empirical_prior-axis_edge_orthogonal_rel1x.npz,axis_edge_orthogonal,1.0,cubic,3,False,4,16,40,10,1e-06,-0.43996360803261503,-0.3327553110266511,0.3453195228989419,0.12095171862015802,0.001772114835225586
46,response_tables/trial_00046_hard_negative_structure_obs-empirical_prior-axis_edge_orthogonal_rel1x.npz,axis_edge_orthogonal,1.0,affine_linear,1,True,4,16,40,10,1e-06,0.6579384029971516,0.6612792003495678,0.6861958178917587,0.1495368849009853,0.003427212187324394
46,response_tables/trial_00046_hard_negative_structure_obs-empirical_prior-axis_edge_orthogonal_rel1x.npz,axis_edge_orthogonal,1.0,affine_quadratic,2,True,4,16,40,10,1e-06,0.70691553352572,0.7087612796749335,0.7274234639322559,0.011241636945984831,0.004358456292960089
47,response_tables/trial_00047_hard_negative_structure_obs-empirical_prior-axis_edge_parallel_rel2x.npz,axis_edge_parallel,2.0,linear,1,False,4,16,40,10,1e-06,-0.0023466839386511174,-0.0024805667100030737,0.00039718391173093615,0.033443488013440416,
47,response_tables/trial_00047_hard_negative_structure_obs-empirical_prior-axis_edge_parallel_rel2x.npz,axis_edge_parallel,2.0,quadratic,2,False,4,16,40,10,1e-06,0.21628610954977037,0.21705430385323615,0.2686229669883582,0.00333116492825485,0.0001351667877706388
47,response_tables/trial_00047_hard_negative_structure_obs-empirical_prior-axis_edge_parallel_rel2x.npz,axis_edge_parallel,2.0,cubic,3,False,4,16,40,10,1e-06,0.17634926768160333,0.1754749802859405,0.28772372018089726,0.07225364715165379,0.0015811193310132018
47,response_tables/trial_00047_hard_negative_structure_obs-empirical_prior-axis_edge_parallel_rel2x.npz,axis_edge_parallel,2.0,affine_linear,1,True,4,16,40,10,1e-06,0.7203846128131844,0.7304722909784593,0.7291503917578486,0.11786750632268693,0.004332124022901878
47,response_tables/trial_00047_hard_negative_structure_obs-empirical_prior-axis_edge_parallel_rel2x.npz,axis_edge_parallel,2.0,affine_quadratic,2,True,4,16,40,10,1e-06,0.7152516914048315,0.7253284235423383,0.7336339545559609,0.10848813964344436,0.02381834247930622
47,response_tables/trial_00047_hard_negative_structure_obs-empirical_prior-axis_edge_orthogonal_rel2x.npz,axis_edge_orthogonal,2.0,linear,1,False,4,16,40,10,1e-06,-0.0014769738684745626,-0.001494026809795046,0.00027582804628481505,0.034517775811193224,
47,response_tables/trial_00047_hard_negative_structure_obs-empirical_prior-axis_edge_orthogonal_rel2x.npz,axis_edge_orthogonal,2.0,quadratic,2,False,4,16,40,10,1e-06,0.2157204223133786,0.21796219533831546,0.25841971551487625,0.0037211646345885513,8.806736953808398e-05
47,response_tables/trial_00047_hard_negative_structure_obs-empirical_prior-axis_edge_orthogonal_rel2x.npz,axis_edge_orthogonal,2.0,cubic,3,False,4,16,40,10,1e-06,0.18100235461282757,0.18707821100473232,0.275865229807383,0.07306464577066618,0.0016385031322111747
47,response_tables/trial_00047_hard_negative_structure_obs-empirical_prior-axis_edge_orthogonal_rel2x.npz,axis_edge_orthogonal,2.0,affine_linear,1,True,4,16,40,10,1e-06,0.7522992338856798,0.752337073875977,0.7579467062326815,0.12028973073433233,0.0027979737226762834
47,response_tables/trial_00047_hard_negative_structure_obs-empirical_prior-axis_edge_orthogonal_rel2x.npz,axis_edge_orthogonal,2.0,affine_quadratic,2,True,4,16,40,10,1e-06,0.7503566918054957,0.7513126729854088,0.7595733939977667,0.18240615390968754,0.03349884438233064
