trial_id,response_cache_path,prior_family,prior_scale,lag_model,lags,n_lags,n_candidates,n_trajectories,n_timebins,basis_dim,ridge,mean_cv_r2_energy,median_cv_r2_energy,mean_train_r2_energy,median_coef_s2_over_s1,median_coef_s3_over_s1
0,response_tables/trial_00000_hard_negative_structure_obs-empirical_prior-axis_edge_parallel_rel0p5x.npz,axis_edge_parallel,0.5,instant,0,1,4,16,40,10,0.01,-0.00210470241364491,-0.0021536642610802126,0.004244285208798132,7.350647803752802e-07,
0,response_tables/trial_00000_hard_negative_structure_obs-empirical_prior-axis_edge_parallel_rel0p5x.npz,axis_edge_parallel,0.5,lag0_1,"0,1",2,4,16,40,10,0.01,-3.425673361015513e-05,-0.00014992496065391325,0.012230914100110818,0.0837951093422344,1.8042713053728787e-07
0,response_tables/trial_00000_hard_negative_structure_obs-empirical_prior-axis_edge_parallel_rel0p5x.npz,axis_edge_parallel,0.5,lag0_1_2,"0,1,2",3,4,16,40,10,0.01,0.005614659062290972,0.005358147460805096,0.02318220021558967,0.09129852975863019,0.039503169086583835
0,response_tables/trial_00000_hard_negative_structure_obs-empirical_prior-axis_edge_parallel_rel0p5x.npz,axis_edge_parallel,0.5,lag0_1_2_4,"0,1,2,4",4,4,16,40,10,0.01,0.029046776303782718,0.029500467456712975,0.06103161766815174,0.25675558577928037,0.034168015215074336
0,response_tables/trial_00000_hard_negative_structure_obs-empirical_prior-axis_edge_parallel_rel0p5x.npz,axis_edge_parallel,0.5,lag0_1_2_4_8,"0,1,2,4,8",5,4,16,40,10,0.01,0.15961276370633576,0.157581158625139,0.21320587029146282,0.1738793290604238,0.07805890006498663
0,response_tables/trial_00000_hard_negative_structure_obs-empirical_prior-axis_edge_orthogonal_rel0p5x.npz,axis_edge_orthogonal,0.5,instant,0,1,4,16,40,10,0.01,-0.0005957387832822569,0.0002877757943813286,0.005570375681437784,4.441437988152023e-07,
0,response_tables/trial_00000_hard_negative_structure_obs-empirical_prior-axis_edge_orthogonal_rel0p5x.npz,axis_edge_orthogonal,0.5,lag0_1,"0,1",2,4,16,40,10,0.01,0.0022866226778295584,0.003372032852959228,0.01373167877545134,0.06790323935466468,1.1200668883560963e-07
0,response_tables/trial_00000_hard_negative_structure_obs-empirical_prior-axis_edge_orthogonal_rel0p5x.npz,axis_edge_orthogonal,0.5,lag0_1_2,"0,1,2",3,4,16,40,10,0.01,0.008180904256739646,0.009553376885626741,0.024138534238352743,0.0884124182947787,0.03777429198798127
0,response_tables/trial_00000_hard_negative_structure_obs-empirical_prior-axis_edge_orthogonal_rel0p5x.npz,axis_edge_orthogonal,0.5,lag0_1_2_4,"0,1,2,4",4,4,16,40,10,0.01,0.03297387204773719,0.033274911014302744,0.06170945242834672,0.245063182845485,0.03559984617702078
0,response_tables/trial_00000_hard_negative_structure_obs-empirical_prior-axis_edge_orthogonal_rel0p5x.npz,axis_edge_orthogonal,0.5,lag0_1_2_4_8,"0,1,2,4,8",5,4,16,40,10,0.01,0.16685264440867278,0.1613917162742861,0.21385702769108172,0.16659606187946008,0.09222437517436975
1,response_tables/trial_00001_hard_negative_structure_obs-empirical_prior-axis_edge_parallel_rel1x.npz,axis_edge_parallel,1.0,instant,0,1,4,16,40,10,0.01,-0.003707662871857087,-0.004241386798268798,0.006906109452892439,9.810855001485447e-07,
1,response_tables/trial_00001_hard_negative_structure_obs-empirical_prior-axis_edge_parallel_rel1x.npz,axis_edge_parallel,1.0,lag0_1,"0,1",2,4,16,40,10,0.01,-0.010947943741642374,-0.011424868587820325,0.007084801864289586,0.4612978813609304,1.552006651644764e-06
1,response_tables/trial_00001_hard_negative_structure_obs-empirical_prior-axis_edge_parallel_rel1x.npz,axis_edge_parallel,1.0,lag0_1_2,"0,1,2",3,4,16,40,10,0.01,-0.020475940692862127,-0.021141738515889852,0.007307277549805674,0.3058974687766305,0.13010392054462888
1,response_tables/trial_00001_hard_negative_structure_obs-empirical_prior-axis_edge_parallel_rel1x.npz,axis_edge_parallel,1.0,lag0_1_2_4,"0,1,2,4",4,4,16,40,10,0.01,-0.037652261242927976,-0.03518991813834893,0.008939788826465705,0.27434753105694265,0.13500857294828228
1,response_tables/trial_00001_hard_negative_structure_obs-empirical_prior-axis_edge_parallel_rel1x.npz,axis_edge_parallel,1.0,lag0_1_2_4_8,"0,1,2,4,8",5,4,16,40,10,0.01,-0.05439357710285708,-0.03722107334840696,0.02021069171809453,0.23897713244216284,0.1025448171304903
1,response_tables/trial_00001_hard_negative_structure_obs-empirical_prior-axis_edge_orthogonal_rel1x.npz,axis_edge_orthogonal,1.0,instant,0,1,4,16,40,10,0.01,-0.002713140086922361,-0.0012325865328560726,0.007968864084535343,5.350212501670006e-07,
1,response_tables/trial_00001_hard_negative_structure_obs-empirical_prior-axis_edge_orthogonal_rel1x.npz,axis_edge_orthogonal,1.0,lag0_1,"0,1",2,4,16,40,10,0.01,-0.009638193417614127,-0.008103363738663827,0.008133546350920645,0.33404636316016967,5.737732774330677e-07
1,response_tables/trial_00001_hard_negative_structure_obs-empirical_prior-axis_edge_orthogonal_rel1x.npz,axis_edge_orthogonal,1.0,lag0_1_2,"0,1,2",3,4,16,40,10,0.01,-0.018648828041848975,-0.01753218957525604,0.008549690725806913,0.20149040702665422,0.10625737967312249
1,response_tables/trial_00001_hard_negative_structure_obs-empirical_prior-axis_edge_orthogonal_rel1x.npz,axis_edge_orthogonal,1.0,lag0_1_2_4,"0,1,2,4",4,4,16,40,10,0.01,-0.03501222046544983,-0.03143564961315559,0.010633075404538006,0.28627195013268303,0.11878071401034507
1,response_tables/trial_00001_hard_negative_structure_obs-empirical_prior-axis_edge_orthogonal_rel1x.npz,axis_edge_orthogonal,1.0,lag0_1_2_4_8,"0,1,2,4,8",5,4,16,40,10,0.01,-0.047588511457044846,-0.03013764875805236,0.024694549779247538,0.1989496291615307,0.09867674356575623
2,response_tables/trial_00002_hard_negative_structure_obs-empirical_prior-axis_edge_parallel_rel2x.npz,axis_edge_parallel,2.0,instant,0,1,4,16,40,10,0.01,0.003908957279404407,0.003736377583790862,0.005129207344093667,1.3047090827881494e-06,
2,response_tables/trial_00002_hard_negative_structure_obs-empirical_prior-axis_edge_parallel_rel2x.npz,axis_edge_parallel,2.0,lag0_1,"0,1",2,4,16,40,10,0.01,0.0019801379461674706,0.0021783530848814014,0.006818051136067982,0.18437178292990186,1.6530657761628114e-06
2,response_tables/trial_00002_hard_negative_structure_obs-empirical_prior-axis_edge_parallel_rel2x.npz,axis_edge_parallel,2.0,lag0_1_2,"0,1,2",3,4,16,40,10,0.01,-0.002730782803510634,-0.0031298600470067717,0.008087139750650313,0.19785319576141427,0.10869480770523021
2,response_tables/trial_00002_hard_negative_structure_obs-empirical_prior-axis_edge_parallel_rel2x.npz,axis_edge_parallel,2.0,lag0_1_2_4,"0,1,2,4",4,4,16,40,10,0.01,-0.01932613394540239,-0.022256826300001697,0.009538101975506641,0.5562871807115388,0.16958857789194265
2,response_tables/trial_00002_hard_negative_structure_obs-empirical_prior-axis_edge_parallel_rel2x.npz,axis_edge_parallel,2.0,lag0_1_2_4_8,"0,1,2,4,8",5,4,16,40,10,0.01,-0.058242576387794676,-0.0694805834487473,0.013467784122270982,0.29253426397684845,0.17244664138490096
2,response_tables/trial_00002_hard_negative_structure_obs-empirical_prior-axis_edge_orthogonal_rel2x.npz,axis_edge_orthogonal,2.0,instant,0,1,4,16,40,10,0.01,0.0028240330449427753,0.0024520991138535786,0.004289695111219294,9.999793096841802e-07,
2,response_tables/trial_00002_hard_negative_structure_obs-empirical_prior-axis_edge_orthogonal_rel2x.npz,axis_edge_orthogonal,2.0,lag0_1,"0,1",2,4,16,40,10,0.01,0.0005316435145543974,0.0002631268079943405,0.0057823523437149915,0.17369684045876152,1.3169946322635182e-06
2,response_tables/trial_00002_hard_negative_structure_obs-empirical_prior-axis_edge_orthogonal_rel2x.npz,axis_edge_orthogonal,2.0,lag0_1_2,"0,1,2",3,4,16,40,10,0.01,-0.004241345641045502,-0.0046172453619520715,0.007078434385282134,0.20657375766413666,0.08666713517081816
2,response_tables/trial_00002_hard_negative_structure_obs-empirical_prior-axis_edge_orthogonal_rel2x.npz,axis_edge_orthogonal,2.0,lag0_1_2_4,"0,1,2,4",4,4,16,40,10,0.01,-0.021109701353775157,-0.023573228957683434,0.008549317904258252,0.5814908183938002,0.17895666947858707
2,response_tables/trial_00002_hard_negative_structure_obs-empirical_prior-axis_edge_orthogonal_rel2x.npz,axis_edge_orthogonal,2.0,lag0_1_2_4_8,"0,1,2,4,8",5,4,16,40,10,0.01,-0.06037151325492379,-0.07002301505461295,0.012325397893653639,0.3366642946551468,0.1544226026565385
3,response_tables/trial_00003_hard_negative_structure_obs-empirical_prior-axis_edge_parallel_rel0p5x.npz,axis_edge_parallel,0.5,instant,0,1,4,16,40,10,0.01,-0.013455852462983808,-0.014227069340132403,0.0019251945976203055,5.018201900461765e-08,
3,response_tables/trial_00003_hard_negative_structure_obs-empirical_prior-axis_edge_parallel_rel0p5x.npz,axis_edge_parallel,0.5,lag0_1,"0,1",2,4,16,40,10,0.01,-0.04990127391122745,-0.05022711046019701,0.0024519713379259345,0.3096695236784515,3.402938363310495e-08
3,response_tables/trial_00003_hard_negative_structure_obs-empirical_prior-axis_edge_parallel_rel0p5x.npz,axis_edge_parallel,0.5,lag0_1_2,"0,1,2",3,4,16,40,10,0.01,-0.16420518955104257,-0.16665555447339353,0.003760276878974761,0.40139908402069796,0.21535682270852075
3,response_tables/trial_00003_hard_negative_structure_obs-empirical_prior-axis_edge_parallel_rel0p5x.npz,axis_edge_parallel,0.5,lag0_1_2_4,"0,1,2,4",4,4,16,40,10,0.01,-0.3165430705818098,-0.31887468073525316,0.007563704009916655,0.26975683099036385,0.17809796642747922
3,response_tables/trial_00003_hard_negative_structure_obs-empirical_prior-axis_edge_parallel_rel0p5x.npz,axis_edge_parallel,0.5,lag0_1_2_4_8,"0,1,2,4,8",5,4,16,40,10,0.01,-0.351676002622662,-0.366706498673927,0.010934144936104173,0.595736727196438,0.24438409696428887
3,response_tables/trial_00003_hard_negative_structure_obs-empirical_prior-axis_edge_orthogonal_rel0p5x.npz,axis_edge_orthogonal,0.5,instant,0,1,4,16,40,10,0.01,-0.01640140617970226,-0.013639983639231135,0.0016852110140928855,7.112694084893264e-08,
3,response_tables/trial_00003_hard_negative_structure_obs-empirical_prior-axis_edge_orthogonal_rel0p5x.npz,axis_edge_orthogonal,0.5,lag0_1,"0,1",2,4,16,40,10,0.01,-0.04540776371713823,-0.04112923453499673,0.0017877491914402022,0.2895335284080772,8.217416397347685e-08
3,response_tables/trial_00003_hard_negative_structure_obs-empirical_prior-axis_edge_orthogonal_rel0p5x.npz,axis_edge_orthogonal,0.5,lag0_1_2,"0,1,2",3,4,16,40,10,0.01,-0.1343156206894648,-0.13265589137848643,0.002433671175218005,0.36975920554310704,0.19240874976004302
3,response_tables/trial_00003_hard_negative_structure_obs-empirical_prior-axis_edge_orthogonal_rel0p5x.npz,axis_edge_orthogonal,0.5,lag0_1_2_4,"0,1,2,4",4,4,16,40,10,0.01,-0.26051410551418686,-0.2684141051183637,0.0039142702288139375,0.27478358879403364,0.20944777286119548
3,response_tables/trial_00003_hard_negative_structure_obs-empirical_prior-axis_edge_orthogonal_rel0p5x.npz,axis_edge_orthogonal,0.5,lag0_1_2_4_8,"0,1,2,4,8",5,4,16,40,10,0.01,-0.3066725995576641,-0.3275718325492414,0.00565116720050296,0.5503193441408878,0.2225496223911453
4,response_tables/trial_00004_hard_negative_structure_obs-empirical_prior-axis_edge_parallel_rel1x.npz,axis_edge_parallel,1.0,instant,0,1,4,16,40,10,0.01,-0.006851528034565846,-0.002849514855924884,0.00441491803415095,4.301557222611538e-08,
4,response_tables/trial_00004_hard_negative_structure_obs-empirical_prior-axis_edge_parallel_rel1x.npz,axis_edge_parallel,1.0,lag0_1,"0,1",2,4,16,40,10,0.01,-0.01709208044929389,-0.010341517932367927,0.00525867446090833,0.40566747015132487,5.213129526237173e-08
4,response_tables/trial_00004_hard_negative_structure_obs-empirical_prior-axis_edge_parallel_rel1x.npz,axis_edge_parallel,1.0,lag0_1_2,"0,1,2",3,4,16,40,10,0.01,-0.03130160852095126,-0.021622868115685923,0.006031680758865204,0.5075519662295904,0.1386043442125438
4,response_tables/trial_00004_hard_negative_structure_obs-empirical_prior-axis_edge_parallel_rel1x.npz,axis_edge_parallel,1.0,lag0_1_2_4,"0,1,2,4",4,4,16,40,10,0.01,-0.06227150782893892,-0.043916681491415255,0.00796904697713599,0.4909435717085032,0.1543699688016493
4,response_tables/trial_00004_hard_negative_structure_obs-empirical_prior-axis_edge_parallel_rel1x.npz,axis_edge_parallel,1.0,lag0_1_2_4_8,"0,1,2,4,8",5,4,16,40,10,0.01,-0.1355117992965586,-0.0877603838557306,0.014676786389525603,0.3625916961053363,0.21790497520023938
4,response_tables/trial_00004_hard_negative_structure_obs-empirical_prior-axis_edge_orthogonal_rel1x.npz,axis_edge_orthogonal,1.0,instant,0,1,4,16,40,10,0.01,-0.00839494313229222,-0.0026016196840004113,0.0037702352203643763,5.0573591723152604e-08,
4,response_tables/trial_00004_hard_negative_structure_obs-empirical_prior-axis_edge_orthogonal_rel1x.npz,axis_edge_orthogonal,1.0,lag0_1,"0,1",2,4,16,40,10,0.01,-0.018214272210364757,-0.009451672207539397,0.004251490434980437,0.3790630970489399,7.748181988339752e-08
4,response_tables/trial_00004_hard_negative_structure_obs-empirical_prior-axis_edge_orthogonal_rel1x.npz,axis_edge_orthogonal,1.0,lag0_1_2,"0,1,2",3,4,16,40,10,0.01,-0.030407302635702294,-0.019116755728407098,0.004998442420746485,0.5078979202915996,0.1898870612885064
4,response_tables/trial_00004_hard_negative_structure_obs-empirical_prior-axis_edge_orthogonal_rel1x.npz,axis_edge_orthogonal,1.0,lag0_1_2_4,"0,1,2,4",4,4,16,40,10,0.01,-0.05703276101675653,-0.03828061561673424,0.0071316414551454155,0.32310594971134127,0.15139646031265902
4,response_tables/trial_00004_hard_negative_structure_obs-empirical_prior-axis_edge_orthogonal_rel1x.npz,axis_edge_orthogonal,1.0,lag0_1_2_4_8,"0,1,2,4,8",5,4,16,40,10,0.01,-0.12201356025411125,-0.07961533339023341,0.014612306106989575,0.3639401545943555,0.22028071008871347
5,response_tables/trial_00005_hard_negative_structure_obs-empirical_prior-axis_edge_parallel_rel2x.npz,axis_edge_parallel,2.0,instant,0,1,4,16,40,10,0.01,0.004059225133812655,0.004272377018800122,0.005818280501834638,1.6075952648113403e-07,
5,response_tables/trial_00005_hard_negative_structure_obs-empirical_prior-axis_edge_parallel_rel2x.npz,axis_edge_parallel,2.0,lag0_1,"0,1",2,4,16,40,10,0.01,0.00550597975275538,0.005937337090341277,0.010429611475989808,0.1507923845698737,6.406576050029764e-08
5,response_tables/trial_00005_hard_negative_structure_obs-empirical_prior-axis_edge_parallel_rel2x.npz,axis_edge_parallel,2.0,lag0_1_2,"0,1,2",3,4,16,40,10,0.01,0.010416565452737475,0.010277536064779158,0.016815704634334766,0.11033813461982178,0.04977789112514311
5,response_tables/trial_00005_hard_negative_structure_obs-empirical_prior-axis_edge_parallel_rel2x.npz,axis_edge_parallel,2.0,lag0_1_2_4,"0,1,2,4",4,4,16,40,10,0.01,0.02231961905680077,0.023162242864660065,0.0324731113090404,0.09594339555901094,0.06742008234781259
5,response_tables/trial_00005_hard_negative_structure_obs-empirical_prior-axis_edge_parallel_rel2x.npz,axis_edge_parallel,2.0,lag0_1_2_4_8,"0,1,2,4,8",5,4,16,40,10,0.01,0.052044090755348216,0.06052984219492641,0.07028082957593929,0.07985539606018527,0.049931686037626356
5,response_tables/trial_00005_hard_negative_structure_obs-empirical_prior-axis_edge_orthogonal_rel2x.npz,axis_edge_orthogonal,2.0,instant,0,1,4,16,40,10,0.01,0.003950503835417146,0.0027718165831897013,0.0057438298188108305,1.966340649968615e-07,
5,response_tables/trial_00005_hard_negative_structure_obs-empirical_prior-axis_edge_orthogonal_rel2x.npz,axis_edge_orthogonal,2.0,lag0_1,"0,1",2,4,16,40,10,0.01,0.005013640317400231,0.0038912497808271107,0.010162671384832456,0.1263197065181261,6.760906259203953e-08
5,response_tables/trial_00005_hard_negative_structure_obs-empirical_prior-axis_edge_orthogonal_rel2x.npz,axis_edge_orthogonal,2.0,lag0_1_2,"0,1,2",3,4,16,40,10,0.01,0.01044693761301635,0.010079575831491105,0.01701269701187083,0.09415350315315467,0.0525010236290622
5,response_tables/trial_00005_hard_negative_structure_obs-empirical_prior-axis_edge_orthogonal_rel2x.npz,axis_edge_orthogonal,2.0,lag0_1_2_4,"0,1,2,4",4,4,16,40,10,0.01,0.021763188957303975,0.02338617330952869,0.03261446521532224,0.1021616657133784,0.05349849968555381
5,response_tables/trial_00005_hard_negative_structure_obs-empirical_prior-axis_edge_orthogonal_rel2x.npz,axis_edge_orthogonal,2.0,lag0_1_2_4_8,"0,1,2,4,8",5,4,16,40,10,0.01,0.03699365566302812,0.04428966263355494,0.061349671483512225,0.09893686926940375,0.04563199882293324
6,response_tables/trial_00006_hard_negative_structure_obs-empirical_prior-axis_edge_parallel_rel0p5x.npz,axis_edge_parallel,0.5,instant,0,1,4,16,40,10,0.01,-0.002564294870415318,-0.0018211933539094005,0.0023527522787390454,3.781438585705578e-07,
6,response_tables/trial_00006_hard_negative_structure_obs-empirical_prior-axis_edge_parallel_rel0p5x.npz,axis_edge_parallel,0.5,lag0_1,"0,1",2,4,16,40,10,0.01,-0.004189535734528793,-0.0026421521329860753,0.011053501213333095,0.048591851115411776,1.762937011280453e-08
6,response_tables/trial_00006_hard_negative_structure_obs-empirical_prior-axis_edge_parallel_rel0p5x.npz,axis_edge_parallel,0.5,lag0_1_2,"0,1,2",3,4,16,40,10,0.01,-0.014452600406686833,-0.015353336371834003,0.021439564513310555,0.044429125285428105,0.029432097388805645
6,response_tables/trial_00006_hard_negative_structure_obs-empirical_prior-axis_edge_parallel_rel0p5x.npz,axis_edge_parallel,0.5,lag0_1_2_4,"0,1,2,4",4,4,16,40,10,0.01,-0.029562414182269736,-0.03560886241315675,0.03872346598246107,0.09438112649674765,0.04011359181219383
6,response_tables/trial_00006_hard_negative_structure_obs-empirical_prior-axis_edge_parallel_rel0p5x.npz,axis_edge_parallel,0.5,lag0_1_2_4_8,"0,1,2,4,8",5,4,16,40,10,0.01,-0.03505567168095197,-0.03795178164330337,0.05061495955937628,0.16128869579728505,0.09907575344779238
6,response_tables/trial_00006_hard_negative_structure_obs-empirical_prior-axis_edge_orthogonal_rel0p5x.npz,axis_edge_orthogonal,0.5,instant,0,1,4,16,40,10,0.01,0.001155025848894209,-0.00024709854186544256,0.004700441777185482,8.292187206837847e-07,
6,response_tables/trial_00006_hard_negative_structure_obs-empirical_prior-axis_edge_orthogonal_rel0p5x.npz,axis_edge_orthogonal,0.5,lag0_1,"0,1",2,4,16,40,10,0.01,0.0012237479229436632,-0.00023147228715580948,0.010073725533606609,0.12769923927992954,4.685443802965706e-08
6,response_tables/trial_00006_hard_negative_structure_obs-empirical_prior-axis_edge_orthogonal_rel0p5x.npz,axis_edge_orthogonal,0.5,lag0_1_2,"0,1,2",3,4,16,40,10,0.01,-0.003849793957341696,-0.002905945630519269,0.015954407416333555,0.10886982114617608,0.04445917004241233
6,response_tables/trial_00006_hard_negative_structure_obs-empirical_prior-axis_edge_orthogonal_rel0p5x.npz,axis_edge_orthogonal,0.5,lag0_1_2_4,"0,1,2,4",4,4,16,40,10,0.01,-0.012370327278809906,-0.009570953398089554,0.026298034675008103,0.11394143851062483,0.07524640362132358
6,response_tables/trial_00006_hard_negative_structure_obs-empirical_prior-axis_edge_orthogonal_rel0p5x.npz,axis_edge_orthogonal,0.5,lag0_1_2_4_8,"0,1,2,4,8",5,4,16,40,10,0.01,-0.015177972817998597,-0.013108052064474407,0.032496418788545534,0.24674604735874117,0.11365197221966297
7,response_tables/trial_00007_hard_negative_structure_obs-empirical_prior-axis_edge_parallel_rel1x.npz,axis_edge_parallel,1.0,instant,0,1,4,16,40,10,0.01,-0.006136183010504059,-0.00441597264658411,0.002912388022964868,4.88850879706452e-07,
7,response_tables/trial_00007_hard_negative_structure_obs-empirical_prior-axis_edge_parallel_rel1x.npz,axis_edge_parallel,1.0,lag0_1,"0,1",2,4,16,40,10,0.01,-0.011851689565018309,-0.009446412460046405,0.004529378320040467,0.24124750113515753,4.640171736217647e-07
7,response_tables/trial_00007_hard_negative_structure_obs-empirical_prior-axis_edge_parallel_rel1x.npz,axis_edge_parallel,1.0,lag0_1_2,"0,1,2",3,4,16,40,10,0.01,-0.02187457812261351,-0.019175267102135574,0.006453770753326177,0.36508798163931355,0.13718591678634628
7,response_tables/trial_00007_hard_negative_structure_obs-empirical_prior-axis_edge_parallel_rel1x.npz,axis_edge_parallel,1.0,lag0_1_2_4,"0,1,2,4",4,4,16,40,10,0.01,-0.05514762779621596,-0.053015347730193896,0.010358032243755255,0.654329455772904,0.2729942792708567
7,response_tables/trial_00007_hard_negative_structure_obs-empirical_prior-axis_edge_parallel_rel1x.npz,axis_edge_parallel,1.0,lag0_1_2_4_8,"0,1,2,4,8",5,4,16,40,10,0.01,-0.14358490633034882,-0.13479745415017863,0.01983912955297598,0.49039314035123216,0.3124826827006471
7,response_tables/trial_00007_hard_negative_structure_obs-empirical_prior-axis_edge_orthogonal_rel1x.npz,axis_edge_orthogonal,1.0,instant,0,1,4,16,40,10,0.01,-0.004899077135179897,-0.004201912007496755,0.003852927374482229,7.601344453300242e-07,
7,response_tables/trial_00007_hard_negative_structure_obs-empirical_prior-axis_edge_orthogonal_rel1x.npz,axis_edge_orthogonal,1.0,lag0_1,"0,1",2,4,16,40,10,0.01,-0.008818405376873728,-0.008658936587479849,0.0051481441205454,0.3824101254947224,3.485133326495285e-07
7,response_tables/trial_00007_hard_negative_structure_obs-empirical_prior-axis_edge_orthogonal_rel1x.npz,axis_edge_orthogonal,1.0,lag0_1_2,"0,1,2",3,4,16,40,10,0.01,-0.016104898870305806,-0.016237344641447216,0.006328228768374272,0.5148872616539422,0.1730415544469393
7,response_tables/trial_00007_hard_negative_structure_obs-empirical_prior-axis_edge_orthogonal_rel1x.npz,axis_edge_orthogonal,1.0,lag0_1_2_4,"0,1,2,4",4,4,16,40,10,0.01,-0.03936451252948653,-0.045396015094154474,0.00978754218452188,0.5572382288525677,0.4060172105895508
7,response_tables/trial_00007_hard_negative_structure_obs-empirical_prior-axis_edge_orthogonal_rel1x.npz,axis_edge_orthogonal,1.0,lag0_1_2_4_8,"0,1,2,4,8",5,4,16,40,10,0.01,-0.09970210219251374,-0.10360637348707202,0.0207730497125585,0.2558906418651541,0.15554565210950644
8,response_tables/trial_00008_hard_negative_structure_obs-empirical_prior-axis_edge_parallel_rel2x.npz,axis_edge_parallel,2.0,instant,0,1,4,16,40,10,0.01,-0.001378608103074802,-8.664362549143378e-05,0.0017568521588755825,1.115060858569544e-06,
8,response_tables/trial_00008_hard_negative_structure_obs-empirical_prior-axis_edge_parallel_rel2x.npz,axis_edge_parallel,2.0,lag0_1,"0,1",2,4,16,40,10,0.01,-0.0039774342907544225,-0.0021339767745837124,0.002538848346755662,0.3331850564312311,3.7386713839807366e-07
8,response_tables/trial_00008_hard_negative_structure_obs-empirical_prior-axis_edge_parallel_rel2x.npz,axis_edge_parallel,2.0,lag0_1_2,"0,1,2",3,4,16,40,10,0.01,-0.008324706411002414,-0.006433643858439919,0.004411643791347009,0.18930231211380394,0.078414902806653
8,response_tables/trial_00008_hard_negative_structure_obs-empirical_prior-axis_edge_parallel_rel2x.npz,axis_edge_parallel,2.0,lag0_1_2_4,"0,1,2,4",4,4,16,40,10,0.01,-0.01847968864475863,-0.018189634621288864,0.00987932857488763,0.22835331983526827,0.1092872392081636
8,response_tables/trial_00008_hard_negative_structure_obs-empirical_prior-axis_edge_parallel_rel2x.npz,axis_edge_parallel,2.0,lag0_1_2_4_8,"0,1,2,4,8",5,4,16,40,10,0.01,-0.06479465458516148,-0.059672302495418106,0.011975839091344392,0.45798209457164474,0.19930185912230705
8,response_tables/trial_00008_hard_negative_structure_obs-empirical_prior-axis_edge_orthogonal_rel2x.npz,axis_edge_orthogonal,2.0,instant,0,1,4,16,40,10,0.01,-0.000545190927625866,-0.0009780651548767505,0.0010404548282821613,2.004488200415646e-06,
8,response_tables/trial_00008_hard_negative_structure_obs-empirical_prior-axis_edge_orthogonal_rel2x.npz,axis_edge_orthogonal,2.0,lag0_1,"0,1",2,4,16,40,10,0.01,-0.00232264801792903,-0.0030235824871786,0.0015693337636206728,0.29791140523346227,1.0544648600142084e-06
8,response_tables/trial_00008_hard_negative_structure_obs-empirical_prior-axis_edge_orthogonal_rel2x.npz,axis_edge_orthogonal,2.0,lag0_1_2,"0,1,2",3,4,16,40,10,0.01,-0.005313813891275165,-0.005716777637660098,0.002920482166941407,0.1802298735047594,0.09731950513453072
8,response_tables/trial_00008_hard_negative_structure_obs-empirical_prior-axis_edge_orthogonal_rel2x.npz,axis_edge_orthogonal,2.0,lag0_1_2_4,"0,1,2,4",4,4,16,40,10,0.01,-0.013984473021238675,-0.015023667236705451,0.0067361650003752715,0.18535494686188683,0.11300681438496735
8,response_tables/trial_00008_hard_negative_structure_obs-empirical_prior-axis_edge_orthogonal_rel2x.npz,axis_edge_orthogonal,2.0,lag0_1_2_4_8,"0,1,2,4,8",5,4,16,40,10,0.01,-0.04946942393334813,-0.04942518143330388,0.007399440845478167,0.3182267263318106,0.19018440464690495
9,response_tables/trial_00009_hard_negative_structure_obs-empirical_prior-axis_edge_parallel_rel0p5x.npz,axis_edge_parallel,0.5,instant,0,1,4,16,40,10,0.01,-0.0006991286166950772,-0.006403661025320639,0.00578016193179251,2.028632170025875e-06,
9,response_tables/trial_00009_hard_negative_structure_obs-empirical_prior-axis_edge_parallel_rel0p5x.npz,axis_edge_parallel,0.5,lag0_1,"0,1",2,4,16,40,10,0.01,-0.013677468249711389,-0.025393873005643774,0.013855477436232694,0.06503467101978894,1.9510536535920007e-07
9,response_tables/trial_00009_hard_negative_structure_obs-empirical_prior-axis_edge_parallel_rel0p5x.npz,axis_edge_parallel,0.5,lag0_1_2,"0,1,2",3,4,16,40,10,0.01,-0.03336729366424157,-0.05211860417639824,0.021102160785379104,0.12833550185992187,0.03588118042168992
9,response_tables/trial_00009_hard_negative_structure_obs-empirical_prior-axis_edge_parallel_rel0p5x.npz,axis_edge_parallel,0.5,lag0_1_2_4,"0,1,2,4",4,4,16,40,10,0.01,-0.1013123736381458,-0.1400589743497863,0.033614583778951046,0.27861048673117705,0.07251856214145133
9,response_tables/trial_00009_hard_negative_structure_obs-empirical_prior-axis_edge_parallel_rel0p5x.npz,axis_edge_parallel,0.5,lag0_1_2_4_8,"0,1,2,4,8",5,4,16,40,10,0.01,-0.2128121235410815,-0.24586472650059277,0.05747666082679842,0.20559474939001154,0.08267109301799626
9,response_tables/trial_00009_hard_negative_structure_obs-empirical_prior-axis_edge_orthogonal_rel0p5x.npz,axis_edge_orthogonal,0.5,instant,0,1,4,16,40,10,0.01,-0.0005821752763645882,-0.006227463300789604,0.006351350744105255,1.442656412454175e-06,
9,response_tables/trial_00009_hard_negative_structure_obs-empirical_prior-axis_edge_orthogonal_rel0p5x.npz,axis_edge_orthogonal,0.5,lag0_1,"0,1",2,4,16,40,10,0.01,-0.014377134034151945,-0.02717574664345046,0.013752575799216016,0.10049365017723591,1.6968092116357707e-07
9,response_tables/trial_00009_hard_negative_structure_obs-empirical_prior-axis_edge_orthogonal_rel0p5x.npz,axis_edge_orthogonal,0.5,lag0_1_2,"0,1,2",3,4,16,40,10,0.01,-0.03560659923247464,-0.05589831712508042,0.02020294069305001,0.13452320441095608,0.0607856636587404
9,response_tables/trial_00009_hard_negative_structure_obs-empirical_prior-axis_edge_orthogonal_rel0p5x.npz,axis_edge_orthogonal,0.5,lag0_1_2_4,"0,1,2,4",4,4,16,40,10,0.01,-0.10836546058756968,-0.15154526674394775,0.032149320790867575,0.23631701566995555,0.0916720542781141
9,response_tables/trial_00009_hard_negative_structure_obs-empirical_prior-axis_edge_orthogonal_rel0p5x.npz,axis_edge_orthogonal,0.5,lag0_1_2_4_8,"0,1,2,4,8",5,4,16,40,10,0.01,-0.24433129464782927,-0.28919405895366423,0.04760788344263214,0.26197520019942744,0.13180635343477948
10,response_tables/trial_00010_hard_negative_structure_obs-empirical_prior-axis_edge_parallel_rel1x.npz,axis_edge_parallel,1.0,instant,0,1,4,16,40,10,0.01,-0.0008208582213615201,-0.00044687577975799364,0.0004785621667796336,3.4103313466883873e-06,
10,response_tables/trial_00010_hard_negative_structure_obs-empirical_prior-axis_edge_parallel_rel1x.npz,axis_edge_parallel,1.0,lag0_1,"0,1",2,4,16,40,10,0.01,-0.0037730258526628146,-0.0023535954056269626,0.0012044981141128563,0.24471166177107884,9.592286757163868e-07
10,response_tables/trial_00010_hard_negative_structure_obs-empirical_prior-axis_edge_parallel_rel1x.npz,axis_edge_parallel,1.0,lag0_1_2,"0,1,2",3,4,16,40,10,0.01,-0.007193010394688948,-0.002754080421280669,0.0038162937048991097,0.1592480289999315,0.07974813545694964
10,response_tables/trial_00010_hard_negative_structure_obs-empirical_prior-axis_edge_parallel_rel1x.npz,axis_edge_parallel,1.0,lag0_1_2_4,"0,1,2,4",4,4,16,40,10,0.01,-0.009791467042257751,-0.006390251486505516,0.01136845694435662,0.1430919062145011,0.08737486920409392
10,response_tables/trial_00010_hard_negative_structure_obs-empirical_prior-axis_edge_parallel_rel1x.npz,axis_edge_parallel,1.0,lag0_1_2_4_8,"0,1,2,4,8",5,4,16,40,10,0.01,-0.026783854424990983,-0.029610936338170357,0.02239884086373206,0.2069121483294955,0.1181522228311622
10,response_tables/trial_00010_hard_negative_structure_obs-empirical_prior-axis_edge_orthogonal_rel1x.npz,axis_edge_orthogonal,1.0,instant,0,1,4,16,40,10,0.01,5.662618686502752e-05,-0.0003667218629184177,0.0013161492449462464,2.397899095017438e-06,
10,response_tables/trial_00010_hard_negative_structure_obs-empirical_prior-axis_edge_orthogonal_rel1x.npz,axis_edge_orthogonal,1.0,lag0_1,"0,1",2,4,16,40,10,0.01,-0.0017278244081862515,-0.0008428302153532519,0.0024274897051317357,0.37615120639723654,1.1311968852009352e-06
10,response_tables/trial_00010_hard_negative_structure_obs-empirical_prior-axis_edge_orthogonal_rel1x.npz,axis_edge_orthogonal,1.0,lag0_1_2,"0,1,2",3,4,16,40,10,0.01,-0.004343138375784289,-0.0015471513324525343,0.005495768372380666,0.28180328869317117,0.09792214045855557
10,response_tables/trial_00010_hard_negative_structure_obs-empirical_prior-axis_edge_orthogonal_rel1x.npz,axis_edge_orthogonal,1.0,lag0_1_2_4,"0,1,2,4",4,4,16,40,10,0.01,-0.0059005481264110815,-0.004699210247518404,0.012493553860879386,0.2041377470619226,0.14214648758469664
10,response_tables/trial_00010_hard_negative_structure_obs-empirical_prior-axis_edge_orthogonal_rel1x.npz,axis_edge_orthogonal,1.0,lag0_1_2_4_8,"0,1,2,4,8",5,4,16,40,10,0.01,-0.019100552151915418,-0.02575217685431197,0.027986869315797108,0.3939395789363459,0.1338488452195289
11,response_tables/trial_00011_hard_negative_structure_obs-empirical_prior-axis_edge_parallel_rel2x.npz,axis_edge_parallel,2.0,instant,0,1,4,16,40,10,0.01,0.0024885258091840723,0.0041839525772233155,0.004773993965990431,5.325271525241704e-07,
11,response_tables/trial_00011_hard_negative_structure_obs-empirical_prior-axis_edge_parallel_rel2x.npz,axis_edge_parallel,2.0,lag0_1,"0,1",2,4,16,40,10,0.01,0.0022354041571607808,0.004522516629935969,0.008941302084150615,0.15314949308875137,3.622459270149667e-07
11,response_tables/trial_00011_hard_negative_structure_obs-empirical_prior-axis_edge_parallel_rel2x.npz,axis_edge_parallel,2.0,lag0_1_2,"0,1,2",3,4,16,40,10,0.01,0.0020204940453658893,0.004704943570592812,0.014882649063492931,0.1067652558160632,0.077222201197422
11,response_tables/trial_00011_hard_negative_structure_obs-empirical_prior-axis_edge_parallel_rel2x.npz,axis_edge_parallel,2.0,lag0_1_2_4,"0,1,2,4",4,4,16,40,10,0.01,-0.0006465596398583795,-0.0006984935032502415,0.027496766142910217,0.14507420601047266,0.06475293717253107
11,response_tables/trial_00011_hard_negative_structure_obs-empirical_prior-axis_edge_parallel_rel2x.npz,axis_edge_parallel,2.0,lag0_1_2_4_8,"0,1,2,4,8",5,4,16,40,10,0.01,-0.008857539574880835,-0.009588670508272945,0.0485150618294585,0.15437135024515156,0.11649488340559053
11,response_tables/trial_00011_hard_negative_structure_obs-empirical_prior-axis_edge_orthogonal_rel2x.npz,axis_edge_orthogonal,2.0,instant,0,1,4,16,40,10,0.01,0.0022684037822574277,0.002542943098521988,0.0048805048111851546,4.299948652147034e-07,
11,response_tables/trial_00011_hard_negative_structure_obs-empirical_prior-axis_edge_orthogonal_rel2x.npz,axis_edge_orthogonal,2.0,lag0_1,"0,1",2,4,16,40,10,0.01,0.0017608781990292866,0.002261248976205943,0.0085801615297052,0.22999204784329233,3.423290908354329e-07
11,response_tables/trial_00011_hard_negative_structure_obs-empirical_prior-axis_edge_orthogonal_rel2x.npz,axis_edge_orthogonal,2.0,lag0_1_2,"0,1,2",3,4,16,40,10,0.01,0.0005254408376024478,0.0010257130032707007,0.013779404704851173,0.1634912912016655,0.0799380029009384
11,response_tables/trial_00011_hard_negative_structure_obs-empirical_prior-axis_edge_orthogonal_rel2x.npz,axis_edge_orthogonal,2.0,lag0_1_2_4,"0,1,2,4",4,4,16,40,10,0.01,-4.7118247844951666e-05,-0.0008826299780320679,0.027610276608372897,0.14705974193199858,0.08452933543843866
11,response_tables/trial_00011_hard_negative_structure_obs-empirical_prior-axis_edge_orthogonal_rel2x.npz,axis_edge_orthogonal,2.0,lag0_1_2_4_8,"0,1,2,4,8",5,4,16,40,10,0.01,-0.010434743327759344,-0.016155410620894317,0.04810674421524752,0.15548879951224576,0.1150203216482278
12,response_tables/trial_00012_hard_negative_structure_obs-empirical_prior-axis_edge_parallel_rel0p5x.npz,axis_edge_parallel,0.5,instant,0,1,4,16,40,10,0.01,-0.006587559544049659,-0.006192789838067481,0.00305377208785218,3.816637143959031e-07,
12,response_tables/trial_00012_hard_negative_structure_obs-empirical_prior-axis_edge_parallel_rel0p5x.npz,axis_edge_parallel,0.5,lag0_1,"0,1",2,4,16,40,10,0.01,-0.010936310049393716,-0.0126879044995446,0.011088898555333376,0.08652916779193559,1.3145533864305962e-07
12,response_tables/trial_00012_hard_negative_structure_obs-empirical_prior-axis_edge_parallel_rel0p5x.npz,axis_edge_parallel,0.5,lag0_1_2,"0,1,2",3,4,16,40,10,0.01,-0.017239569342792027,-0.022815782718655475,0.02030667489650617,0.09140390585070125,0.0485919288295949
12,response_tables/trial_00012_hard_negative_structure_obs-empirical_prior-axis_edge_parallel_rel0p5x.npz,axis_edge_parallel,0.5,lag0_1_2_4,"0,1,2,4",4,4,16,40,10,0.01,-0.0229784996008974,-0.0366250622333531,0.04817562732919467,0.2391185956746429,0.041498401201293895
12,response_tables/trial_00012_hard_negative_structure_obs-empirical_prior-axis_edge_parallel_rel0p5x.npz,axis_edge_parallel,0.5,lag0_1_2_4_8,"0,1,2,4,8",5,4,16,40,10,0.01,-0.02814829302645655,-0.0716973581109836,0.13189802476708784,0.26158062960424755,0.1096862308000206
12,response_tables/trial_00012_hard_negative_structure_obs-empirical_prior-axis_edge_orthogonal_rel0p5x.npz,axis_edge_orthogonal,0.5,instant,0,1,4,16,40,10,0.01,-0.005313372316422982,-0.006415243984262187,0.0023817997392226176,2.7134052757640343e-07,
12,response_tables/trial_00012_hard_negative_structure_obs-empirical_prior-axis_edge_orthogonal_rel0p5x.npz,axis_edge_orthogonal,0.5,lag0_1,"0,1",2,4,16,40,10,0.01,-0.009120708649219711,-0.014945942122695066,0.009183850555571332,0.12698377255554436,1.4763113553827998e-07
12,response_tables/trial_00012_hard_negative_structure_obs-empirical_prior-axis_edge_orthogonal_rel0p5x.npz,axis_edge_orthogonal,0.5,lag0_1_2,"0,1,2",3,4,16,40,10,0.01,-0.013666960719181859,-0.025096348640360144,0.017011901250993167,0.1121916613497638,0.05846209170254545
12,response_tables/trial_00012_hard_negative_structure_obs-empirical_prior-axis_edge_orthogonal_rel0p5x.npz,axis_edge_orthogonal,0.5,lag0_1_2_4,"0,1,2,4",4,4,16,40,10,0.01,-0.01838272039747907,-0.03754752362659064,0.039168705653667896,0.2398776608071659,0.07118403648671731
12,response_tables/trial_00012_hard_negative_structure_obs-empirical_prior-axis_edge_orthogonal_rel0p5x.npz,axis_edge_orthogonal,0.5,lag0_1_2_4_8,"0,1,2,4,8",5,4,16,40,10,0.01,-0.03908874631683901,-0.07935078046577743,0.10907641151429795,0.23855045892213583,0.1476517194654246
13,response_tables/trial_00013_hard_negative_structure_obs-empirical_prior-axis_edge_parallel_rel1x.npz,axis_edge_parallel,1.0,instant,0,1,4,16,40,10,0.01,-0.0010228980073206384,-0.001195639675042326,0.0032537098757049465,4.858578378822766e-07,
13,response_tables/trial_00013_hard_negative_structure_obs-empirical_prior-axis_edge_parallel_rel1x.npz,axis_edge_parallel,1.0,lag0_1,"0,1",2,4,16,40,10,0.01,-0.000655556450296163,-0.0011862359207718276,0.005949223244809343,0.2907057985059879,2.2392483674276788e-07
13,response_tables/trial_00013_hard_negative_structure_obs-empirical_prior-axis_edge_parallel_rel1x.npz,axis_edge_parallel,1.0,lag0_1_2,"0,1,2",3,4,16,40,10,0.01,-0.0016328022491067518,-0.002608403337282017,0.008266343565225487,0.2366273533436068,0.09958442466877854
13,response_tables/trial_00013_hard_negative_structure_obs-empirical_prior-axis_edge_parallel_rel1x.npz,axis_edge_parallel,1.0,lag0_1_2_4,"0,1,2,4",4,4,16,40,10,0.01,-0.0058383799710048645,-0.006262860734919218,0.013767508937329392,0.5244169409150917,0.12292329294963858
13,response_tables/trial_00013_hard_negative_structure_obs-empirical_prior-axis_edge_parallel_rel1x.npz,axis_edge_parallel,1.0,lag0_1_2_4_8,"0,1,2,4,8",5,4,16,40,10,0.01,-0.009521541771530806,-0.007187531725834084,0.023445425216793908,0.4915610483679512,0.23334961161002554
13,response_tables/trial_00013_hard_negative_structure_obs-empirical_prior-axis_edge_orthogonal_rel1x.npz,axis_edge_orthogonal,1.0,instant,0,1,4,16,40,10,0.01,-0.0025494903117210532,-0.0020604763876657106,0.0053582757879603315,3.676959902862058e-07,
13,response_tables/trial_00013_hard_negative_structure_obs-empirical_prior-axis_edge_orthogonal_rel1x.npz,axis_edge_orthogonal,1.0,lag0_1,"0,1",2,4,16,40,10,0.01,-0.0030813650803172554,-0.0027127275923135574,0.007809061409172119,0.3224516690368109,2.9647632695193494e-07
13,response_tables/trial_00013_hard_negative_structure_obs-empirical_prior-axis_edge_orthogonal_rel1x.npz,axis_edge_orthogonal,1.0,lag0_1_2,"0,1,2",3,4,16,40,10,0.01,-0.004637357723928287,-0.00453707974764761,0.009739946219233075,0.358508010971349,0.08642994235148
13,response_tables/trial_00013_hard_negative_structure_obs-empirical_prior-axis_edge_orthogonal_rel1x.npz,axis_edge_orthogonal,1.0,lag0_1_2_4,"0,1,2,4",4,4,16,40,10,0.01,-0.00880812902367073,-0.008894913788476178,0.015198248587527413,0.454082229421237,0.20508390769397106
13,response_tables/trial_00013_hard_negative_structure_obs-empirical_prior-axis_edge_orthogonal_rel1x.npz,axis_edge_orthogonal,1.0,lag0_1_2_4_8,"0,1,2,4,8",5,4,16,40,10,0.01,-0.018509280062674216,-0.016397791231836267,0.01993479551384711,0.5106795425544097,0.2829829467884104
14,response_tables/trial_00014_hard_negative_structure_obs-empirical_prior-axis_edge_parallel_rel2x.npz,axis_edge_parallel,2.0,instant,0,1,4,16,40,10,0.01,-0.0033718332652269145,-0.0049835299073850425,0.002196025198877183,1.0307079412925072e-06,
14,response_tables/trial_00014_hard_negative_structure_obs-empirical_prior-axis_edge_parallel_rel2x.npz,axis_edge_parallel,2.0,lag0_1,"0,1",2,4,16,40,10,0.01,-0.009597279733571495,-0.011484649539123981,0.003209545289607374,0.2637275389561644,4.805961401273943e-07
14,response_tables/trial_00014_hard_negative_structure_obs-empirical_prior-axis_edge_parallel_rel2x.npz,axis_edge_parallel,2.0,lag0_1_2,"0,1,2",3,4,16,40,10,0.01,-0.017920885080610127,-0.01921962857067394,0.004270502102768997,0.27066864075737007,0.12633489739915083
14,response_tables/trial_00014_hard_negative_structure_obs-empirical_prior-axis_edge_parallel_rel2x.npz,axis_edge_parallel,2.0,lag0_1_2_4,"0,1,2,4",4,4,16,40,10,0.01,-0.044405377138446,-0.046976722186639175,0.005533722994847667,0.510642513831238,0.21085598718763765
14,response_tables/trial_00014_hard_negative_structure_obs-empirical_prior-axis_edge_parallel_rel2x.npz,axis_edge_parallel,2.0,lag0_1_2_4_8,"0,1,2,4,8",5,4,16,40,10,0.01,-0.10461566386099863,-0.10050528738569209,0.01311558292904863,0.34844766504741975,0.15690717637666368
14,response_tables/trial_00014_hard_negative_structure_obs-empirical_prior-axis_edge_orthogonal_rel2x.npz,axis_edge_orthogonal,2.0,instant,0,1,4,16,40,10,0.01,-0.0025830757839903074,-0.003799107132035906,0.0019553806311101707,2.4895989473224506e-06,
14,response_tables/trial_00014_hard_negative_structure_obs-empirical_prior-axis_edge_orthogonal_rel2x.npz,axis_edge_orthogonal,2.0,lag0_1,"0,1",2,4,16,40,10,0.01,-0.008448276313074904,-0.009964211529162825,0.003257668521683299,0.1321725022018874,7.971933590537367e-07
14,response_tables/trial_00014_hard_negative_structure_obs-empirical_prior-axis_edge_orthogonal_rel2x.npz,axis_edge_orthogonal,2.0,lag0_1_2,"0,1,2",3,4,16,40,10,0.01,-0.016050011968334332,-0.017738242315061825,0.004334732273163,0.20310430116854206,0.08747581136109689
14,response_tables/trial_00014_hard_negative_structure_obs-empirical_prior-axis_edge_orthogonal_rel2x.npz,axis_edge_orthogonal,2.0,lag0_1_2_4,"0,1,2,4",4,4,16,40,10,0.01,-0.0412276859295066,-0.04075912110258684,0.006156831101355148,0.4038160214973626,0.159762236823813
14,response_tables/trial_00014_hard_negative_structure_obs-empirical_prior-axis_edge_orthogonal_rel2x.npz,axis_edge_orthogonal,2.0,lag0_1_2_4_8,"0,1,2,4,8",5,4,16,40,10,0.01,-0.10380258211306531,-0.1023061730711714,0.010093680005917677,0.40546882360925435,0.1730598536696039
15,response_tables/trial_00015_hard_negative_structure_obs-empirical_prior-axis_edge_parallel_rel0p5x.npz,axis_edge_parallel,0.5,instant,0,1,4,16,40,10,0.01,-0.0022965047241834124,-0.001824358685649452,0.0027299668749148076,8.538354653264488e-07,
15,response_tables/trial_00015_hard_negative_structure_obs-empirical_prior-axis_edge_parallel_rel0p5x.npz,axis_edge_parallel,0.5,lag0_1,"0,1",2,4,16,40,10,0.01,-0.011204179877840004,-0.006213649031599822,0.003121758907601385,0.47180082411520885,1.1243401739190135e-06
15,response_tables/trial_00015_hard_negative_structure_obs-empirical_prior-axis_edge_parallel_rel0p5x.npz,axis_edge_parallel,0.5,lag0_1_2,"0,1,2",3,4,16,40,10,0.01,-0.029107978319486028,-0.01564728015706951,0.004002256658794945,0.5004383700218537,0.22452323099324312
15,response_tables/trial_00015_hard_negative_structure_obs-empirical_prior-axis_edge_parallel_rel0p5x.npz,axis_edge_parallel,0.5,lag0_1_2_4,"0,1,2,4",4,4,16,40,10,0.01,-0.04651513951813119,-0.025210110598490987,0.007450157436014765,0.47604644825733633,0.23158127103749782
15,response_tables/trial_00015_hard_negative_structure_obs-empirical_prior-axis_edge_parallel_rel0p5x.npz,axis_edge_parallel,0.5,lag0_1_2_4_8,"0,1,2,4,8",5,4,16,40,10,0.01,-0.0988935029167694,-0.092721007922133,0.02365722187859534,0.4638151555220231,0.15839354141632786
15,response_tables/trial_00015_hard_negative_structure_obs-empirical_prior-axis_edge_orthogonal_rel0p5x.npz,axis_edge_orthogonal,0.5,instant,0,1,4,16,40,10,0.01,-0.0025706008974166195,-0.0012898872333364508,0.0018359403726952717,1.068883049907704e-06,
15,response_tables/trial_00015_hard_negative_structure_obs-empirical_prior-axis_edge_orthogonal_rel0p5x.npz,axis_edge_orthogonal,0.5,lag0_1,"0,1",2,4,16,40,10,0.01,-0.012641788632458129,-0.008311179966907778,0.002057490088002739,0.31991565240925096,1.244216161344278e-06
15,response_tables/trial_00015_hard_negative_structure_obs-empirical_prior-axis_edge_orthogonal_rel0p5x.npz,axis_edge_orthogonal,0.5,lag0_1_2,"0,1,2",3,4,16,40,10,0.01,-0.0320611412533624,-0.017115891211441747,0.0029237864751995024,0.4685009951431046,0.16403428079082458
15,response_tables/trial_00015_hard_negative_structure_obs-empirical_prior-axis_edge_orthogonal_rel0p5x.npz,axis_edge_orthogonal,0.5,lag0_1_2_4,"0,1,2,4",4,4,16,40,10,0.01,-0.05868768638828664,-0.02644813075680208,0.006469584152391794,0.4311605965790217,0.2110089528794453
15,response_tables/trial_00015_hard_negative_structure_obs-empirical_prior-axis_edge_orthogonal_rel0p5x.npz,axis_edge_orthogonal,0.5,lag0_1_2_4_8,"0,1,2,4,8",5,4,16,40,10,0.01,-0.09216669499488728,-0.08341506480658345,0.027005293222007537,0.48868095320896243,0.20541186004414372
16,response_tables/trial_00016_hard_negative_structure_obs-empirical_prior-axis_edge_parallel_rel1x.npz,axis_edge_parallel,1.0,instant,0,1,4,16,40,10,0.01,-0.003455577721138803,-0.0035078259818279722,0.001812378060584624,1.4657541259393571e-06,
16,response_tables/trial_00016_hard_negative_structure_obs-empirical_prior-axis_edge_parallel_rel1x.npz,axis_edge_parallel,1.0,lag0_1,"0,1",2,4,16,40,10,0.01,-0.006327944416309739,-0.005179274267650191,0.003926243350681868,0.16737120474098607,5.205708579016088e-07
16,response_tables/trial_00016_hard_negative_structure_obs-empirical_prior-axis_edge_parallel_rel1x.npz,axis_edge_parallel,1.0,lag0_1_2,"0,1,2",3,4,16,40,10,0.01,-0.01010152978240747,-0.007628546741716757,0.007104170890082667,0.11461524876647908,0.084962487447101
16,response_tables/trial_00016_hard_negative_structure_obs-empirical_prior-axis_edge_parallel_rel1x.npz,axis_edge_parallel,1.0,lag0_1_2_4,"0,1,2,4",4,4,16,40,10,0.01,-0.01019291210993184,-0.003870906792975193,0.024176663833653272,0.23374487868829172,0.05441854552773813
16,response_tables/trial_00016_hard_negative_structure_obs-empirical_prior-axis_edge_parallel_rel1x.npz,axis_edge_parallel,1.0,lag0_1_2_4_8,"0,1,2,4,8",5,4,16,40,10,0.01,0.021000493065827963,0.03484622429648504,0.11035787016749177,0.13127727734482156,0.06082480861779572
16,response_tables/trial_00016_hard_negative_structure_obs-empirical_prior-axis_edge_orthogonal_rel1x.npz,axis_edge_orthogonal,1.0,instant,0,1,4,16,40,10,0.01,-0.003267439777696668,-0.003620712488962008,0.001641308635926153,3.7256771557740776e-06,
16,response_tables/trial_00016_hard_negative_structure_obs-empirical_prior-axis_edge_orthogonal_rel1x.npz,axis_edge_orthogonal,1.0,lag0_1,"0,1",2,4,16,40,10,0.01,-0.006964845044292067,-0.0066836300560526585,0.003031221679413776,0.17925418308054858,6.592442784806632e-07
16,response_tables/trial_00016_hard_negative_structure_obs-empirical_prior-axis_edge_orthogonal_rel1x.npz,axis_edge_orthogonal,1.0,lag0_1_2,"0,1,2",3,4,16,40,10,0.01,-0.01200057716080899,-0.010981700375753078,0.005473761064285848,0.11540320201634803,0.09788783317608082
16,response_tables/trial_00016_hard_negative_structure_obs-empirical_prior-axis_edge_orthogonal_rel1x.npz,axis_edge_orthogonal,1.0,lag0_1_2_4,"0,1,2,4",4,4,16,40,10,0.01,-0.022686092881553155,-0.020819119285367282,0.016370697859575983,0.2840449660402337,0.059102528689207415
16,response_tables/trial_00016_hard_negative_structure_obs-empirical_prior-axis_edge_orthogonal_rel1x.npz,axis_edge_orthogonal,1.0,lag0_1_2_4_8,"0,1,2,4,8",5,4,16,40,10,0.01,0.0038225494229658374,0.015851958592618676,0.09813549799630542,0.1765380168380479,0.09554263729333394
17,response_tables/trial_00017_hard_negative_structure_obs-empirical_prior-axis_edge_parallel_rel2x.npz,axis_edge_parallel,2.0,instant,0,1,4,16,40,10,0.01,0.0003345440941973088,-0.00018550267745265359,0.002056657370354653,1.7984340123425312e-06,
17,response_tables/trial_00017_hard_negative_structure_obs-empirical_prior-axis_edge_parallel_rel2x.npz,axis_edge_parallel,2.0,lag0_1,"0,1",2,4,16,40,10,0.01,-0.00016038653467198571,-0.0005221294359276651,0.0025485555161035567,0.2367652297456354,1.592620411085179e-06
17,response_tables/trial_00017_hard_negative_structure_obs-empirical_prior-axis_edge_parallel_rel2x.npz,axis_edge_parallel,2.0,lag0_1_2,"0,1,2",3,4,16,40,10,0.01,-0.001247312639247572,-0.0014995438305572817,0.002992994751834427,0.3596969257088588,0.16637128103139975
17,response_tables/trial_00017_hard_negative_structure_obs-empirical_prior-axis_edge_parallel_rel2x.npz,axis_edge_parallel,2.0,lag0_1_2_4,"0,1,2,4",4,4,16,40,10,0.01,-0.0038694348417044333,-0.003884741804389358,0.004060545758246353,0.4579570905152178,0.2442311332349942
17,response_tables/trial_00017_hard_negative_structure_obs-empirical_prior-axis_edge_parallel_rel2x.npz,axis_edge_parallel,2.0,lag0_1_2_4_8,"0,1,2,4,8",5,4,16,40,10,0.01,-0.024735418640051854,-0.022785186854288986,0.005533986069038571,0.40840372751969944,0.20061832338795882
17,response_tables/trial_00017_hard_negative_structure_obs-empirical_prior-axis_edge_orthogonal_rel2x.npz,axis_edge_orthogonal,2.0,instant,0,1,4,16,40,10,0.01,-0.0006727850619190345,-0.0005568396452719782,0.0007831726505055925,2.328836837135786e-06,
17,response_tables/trial_00017_hard_negative_structure_obs-empirical_prior-axis_edge_orthogonal_rel2x.npz,axis_edge_orthogonal,2.0,lag0_1,"0,1",2,4,16,40,10,0.01,-0.0013195919126026134,-0.0011054898079447817,0.0010092311411921406,0.5404519771293903,2.3462382004999436e-06
17,response_tables/trial_00017_hard_negative_structure_obs-empirical_prior-axis_edge_orthogonal_rel2x.npz,axis_edge_orthogonal,2.0,lag0_1_2,"0,1,2",3,4,16,40,10,0.01,-0.0022942511258702836,-0.0020335000156325167,0.001168732183641108,0.5918979446398364,0.2705722595624912
17,response_tables/trial_00017_hard_negative_structure_obs-empirical_prior-axis_edge_orthogonal_rel2x.npz,axis_edge_orthogonal,2.0,lag0_1_2_4,"0,1,2,4",4,4,16,40,10,0.01,-0.004882058488324015,-0.0041682886899272464,0.0019035718673116875,0.590777582263392,0.34854633721911055
17,response_tables/trial_00017_hard_negative_structure_obs-empirical_prior-axis_edge_orthogonal_rel2x.npz,axis_edge_orthogonal,2.0,lag0_1_2_4_8,"0,1,2,4,8",5,4,16,40,10,0.01,-0.022396896852725445,-0.021731387074525932,0.0037943076593456304,0.3101249725472129,0.1894328527545786
18,response_tables/trial_00018_hard_negative_structure_obs-empirical_prior-axis_edge_parallel_rel0p5x.npz,axis_edge_parallel,0.5,instant,0,1,4,16,40,10,0.01,0.0017525337743515002,0.0013113609964377493,0.0046207290247015365,2.280242020519827e-06,
18,response_tables/trial_00018_hard_negative_structure_obs-empirical_prior-axis_edge_parallel_rel0p5x.npz,axis_edge_parallel,0.5,lag0_1,"0,1",2,4,16,40,10,0.01,0.0006135097269654444,-0.0003279450390463734,0.007508664077660265,0.2401045113859776,2.674310354018752e-07
18,response_tables/trial_00018_hard_negative_structure_obs-empirical_prior-axis_edge_parallel_rel0p5x.npz,axis_edge_parallel,0.5,lag0_1_2,"0,1,2",3,4,16,40,10,0.01,-0.0010213581850490594,-0.0021950321056604105,0.00986116323496003,0.2727076617870592,0.04081016378618492
18,response_tables/trial_00018_hard_negative_structure_obs-empirical_prior-axis_edge_parallel_rel0p5x.npz,axis_edge_parallel,0.5,lag0_1_2_4,"0,1,2,4",4,4,16,40,10,0.01,-0.0019263605894421498,-0.004361194672649782,0.01727058033768092,0.3818407281704723,0.12489079028738387
18,response_tables/trial_00018_hard_negative_structure_obs-empirical_prior-axis_edge_parallel_rel0p5x.npz,axis_edge_parallel,0.5,lag0_1_2_4_8,"0,1,2,4,8",5,4,16,40,10,0.01,0.008191287435318467,-0.02117970764858851,0.057009214770649325,0.366144303651389,0.18069044774966814
18,response_tables/trial_00018_hard_negative_structure_obs-empirical_prior-axis_edge_orthogonal_rel0p5x.npz,axis_edge_orthogonal,0.5,instant,0,1,4,16,40,10,0.01,0.0007951716108642315,0.0010372634909482925,0.0033596272827736695,2.0386524126690923e-06,
18,response_tables/trial_00018_hard_negative_structure_obs-empirical_prior-axis_edge_orthogonal_rel0p5x.npz,axis_edge_orthogonal,0.5,lag0_1,"0,1",2,4,16,40,10,0.01,-0.00017053090504687285,-0.00045506658871152794,0.005762401810773032,0.16263630385189287,3.5486631571084e-07
18,response_tables/trial_00018_hard_negative_structure_obs-empirical_prior-axis_edge_orthogonal_rel0p5x.npz,axis_edge_orthogonal,0.5,lag0_1_2,"0,1,2",3,4,16,40,10,0.01,-0.0016590288362622885,-0.002043924843817435,0.007616386642293943,0.23047540650090748,0.09340560964862235
18,response_tables/trial_00018_hard_negative_structure_obs-empirical_prior-axis_edge_orthogonal_rel0p5x.npz,axis_edge_orthogonal,0.5,lag0_1_2_4,"0,1,2,4",4,4,16,40,10,0.01,-0.001024169292033389,-0.005227313419453428,0.01568206062332439,0.3683011082481653,0.13864524689243596
18,response_tables/trial_00018_hard_negative_structure_obs-empirical_prior-axis_edge_orthogonal_rel0p5x.npz,axis_edge_orthogonal,0.5,lag0_1_2_4_8,"0,1,2,4,8",5,4,16,40,10,0.01,0.01226234711303345,-0.024147731566765973,0.05883894581781532,0.35353345906657263,0.1808554114291756
19,response_tables/trial_00019_hard_negative_structure_obs-empirical_prior-axis_edge_parallel_rel1x.npz,axis_edge_parallel,1.0,instant,0,1,4,16,40,10,0.01,0.0018011991581929065,0.0021352212406526294,0.004411113595653188,1.306184162956709e-06,
19,response_tables/trial_00019_hard_negative_structure_obs-empirical_prior-axis_edge_parallel_rel1x.npz,axis_edge_parallel,1.0,lag0_1,"0,1",2,4,16,40,10,0.01,0.004814192904870868,0.005286722017465939,0.009252137753523432,0.2078850775021308,1.9775168268373558e-07
19,response_tables/trial_00019_hard_negative_structure_obs-empirical_prior-axis_edge_parallel_rel1x.npz,axis_edge_parallel,1.0,lag0_1_2,"0,1,2",3,4,16,40,10,0.01,0.01046803456094611,0.011823778742611979,0.0147048829918269,0.17516801267280546,0.060796739592946195
19,response_tables/trial_00019_hard_negative_structure_obs-empirical_prior-axis_edge_parallel_rel1x.npz,axis_edge_parallel,1.0,lag0_1_2_4,"0,1,2,4",4,4,16,40,10,0.01,0.018867028761316157,0.02145335088530609,0.02546627778606758,0.3908101806984972,0.08208750424938319
19,response_tables/trial_00019_hard_negative_structure_obs-empirical_prior-axis_edge_parallel_rel1x.npz,axis_edge_parallel,1.0,lag0_1_2_4_8,"0,1,2,4,8",5,4,16,40,10,0.01,0.06681671623093305,0.0943042238334082,0.09397351068879639,0.21496914342274234,0.13554524487885852
19,response_tables/trial_00019_hard_negative_structure_obs-empirical_prior-axis_edge_orthogonal_rel1x.npz,axis_edge_orthogonal,1.0,instant,0,1,4,16,40,10,0.01,0.001985535054103399,0.0026832956076512926,0.004300115078142458,8.989344507198859e-07,
19,response_tables/trial_00019_hard_negative_structure_obs-empirical_prior-axis_edge_orthogonal_rel1x.npz,axis_edge_orthogonal,1.0,lag0_1,"0,1",2,4,16,40,10,0.01,0.005462312975214323,0.006704079732021695,0.009284026700504405,0.17240468489439348,1.7584405324584242e-07
19,response_tables/trial_00019_hard_negative_structure_obs-empirical_prior-axis_edge_orthogonal_rel1x.npz,axis_edge_orthogonal,1.0,lag0_1_2,"0,1,2",3,4,16,40,10,0.01,0.010887771433431698,0.01310591412045281,0.014601536179394747,0.14302821780381025,0.06016106393993491
19,response_tables/trial_00019_hard_negative_structure_obs-empirical_prior-axis_edge_orthogonal_rel1x.npz,axis_edge_orthogonal,1.0,lag0_1_2_4,"0,1,2,4",4,4,16,40,10,0.01,0.020877600856499118,0.026294897604317247,0.02683126632986077,0.3843820258876907,0.06862071461392891
19,response_tables/trial_00019_hard_negative_structure_obs-empirical_prior-axis_edge_orthogonal_rel1x.npz,axis_edge_orthogonal,1.0,lag0_1_2_4_8,"0,1,2,4,8",5,4,16,40,10,0.01,0.06040792178982671,0.08547797364568732,0.08854877634670463,0.23943280456316013,0.12379634335514818
20,response_tables/trial_00020_hard_negative_structure_obs-empirical_prior-axis_edge_parallel_rel2x.npz,axis_edge_parallel,2.0,instant,0,1,4,16,40,10,0.01,-0.006859791188235265,-0.007355656788627263,0.0012000719388926273,2.3059407941561228e-06,
20,response_tables/trial_00020_hard_negative_structure_obs-empirical_prior-axis_edge_parallel_rel2x.npz,axis_edge_parallel,2.0,lag0_1,"0,1",2,4,16,40,10,0.01,-0.012173629017435628,-0.012323951273285116,0.002295796537221173,0.1565508734132205,8.803995868492298e-07
20,response_tables/trial_00020_hard_negative_structure_obs-empirical_prior-axis_edge_parallel_rel2x.npz,axis_edge_parallel,2.0,lag0_1_2,"0,1,2",3,4,16,40,10,0.01,-0.019696255455004474,-0.02046812515039087,0.004396443420126767,0.1286585600635176,0.06425945124332286
20,response_tables/trial_00020_hard_negative_structure_obs-empirical_prior-axis_edge_parallel_rel2x.npz,axis_edge_parallel,2.0,lag0_1_2_4,"0,1,2,4",4,4,16,40,10,0.01,-0.040515178792209394,-0.04209296547835084,0.010918199368532916,0.14136982346591775,0.06679026406404324
20,response_tables/trial_00020_hard_negative_structure_obs-empirical_prior-axis_edge_parallel_rel2x.npz,axis_edge_parallel,2.0,lag0_1_2_4_8,"0,1,2,4,8",5,4,16,40,10,0.01,-0.10592181957208818,-0.11284007333337298,0.021911614642515342,0.1918308730793961,0.10440698589762365
20,response_tables/trial_00020_hard_negative_structure_obs-empirical_prior-axis_edge_orthogonal_rel2x.npz,axis_edge_orthogonal,2.0,instant,0,1,4,16,40,10,0.01,-0.004023793839035339,-0.004082114613041088,0.001535802602626174,1.5511380993936028e-06,
20,response_tables/trial_00020_hard_negative_structure_obs-empirical_prior-axis_edge_orthogonal_rel2x.npz,axis_edge_orthogonal,2.0,lag0_1,"0,1",2,4,16,40,10,0.01,-0.008281236375682788,-0.008906049524837867,0.0025396425991542904,0.13039658377234986,7.692211356801558e-07
20,response_tables/trial_00020_hard_negative_structure_obs-empirical_prior-axis_edge_orthogonal_rel2x.npz,axis_edge_orthogonal,2.0,lag0_1_2,"0,1,2",3,4,16,40,10,0.01,-0.014544047899437973,-0.015679951483652532,0.004408748320464589,0.10013179307373891,0.0557318221264755
20,response_tables/trial_00020_hard_negative_structure_obs-empirical_prior-axis_edge_orthogonal_rel2x.npz,axis_edge_orthogonal,2.0,lag0_1_2_4,"0,1,2,4",4,4,16,40,10,0.01,-0.03208242555595775,-0.034905095405010966,0.009647957754705838,0.20414746681200371,0.06312539362282904
20,response_tables/trial_00020_hard_negative_structure_obs-empirical_prior-axis_edge_orthogonal_rel2x.npz,axis_edge_orthogonal,2.0,lag0_1_2_4_8,"0,1,2,4,8",5,4,16,40,10,0.01,-0.09173860780344217,-0.10028086897175581,0.01988763601738852,0.2594369365316061,0.129386487127209
21,response_tables/trial_00021_hard_negative_structure_obs-empirical_prior-axis_edge_parallel_rel0p5x.npz,axis_edge_parallel,0.5,instant,0,1,4,16,40,10,0.01,-0.0011387786722579507,0.0003931972264112904,0.004318384451916513,1.6486644654278875e-06,
21,response_tables/trial_00021_hard_negative_structure_obs-empirical_prior-axis_edge_parallel_rel0p5x.npz,axis_edge_parallel,0.5,lag0_1,"0,1",2,4,16,40,10,0.01,-0.00018879424883344598,0.000944726328448553,0.006697582550437758,0.10071323361687715,4.7351167803149613e-07
21,response_tables/trial_00021_hard_negative_structure_obs-empirical_prior-axis_edge_parallel_rel0p5x.npz,axis_edge_parallel,0.5,lag0_1_2,"0,1,2",3,4,16,40,10,0.01,0.0007014670750093988,0.0012055305342974498,0.00859409125682875,0.13898139129218273,0.09371786022012794
21,response_tables/trial_00021_hard_negative_structure_obs-empirical_prior-axis_edge_parallel_rel0p5x.npz,axis_edge_parallel,0.5,lag0_1_2_4,"0,1,2,4",4,4,16,40,10,0.01,0.0003887269995127285,0.0006839222173589676,0.011079441038782056,0.4134007812125313,0.10751691834809574
21,response_tables/trial_00021_hard_negative_structure_obs-empirical_prior-axis_edge_parallel_rel0p5x.npz,axis_edge_parallel,0.5,lag0_1_2_4_8,"0,1,2,4,8",5,4,16,40,10,0.01,-0.010321586346177414,0.00753200802101589,0.024692582360489906,0.37115079250633465,0.08264266908513525
21,response_tables/trial_00021_hard_negative_structure_obs-empirical_prior-axis_edge_orthogonal_rel0p5x.npz,axis_edge_orthogonal,0.5,instant,0,1,4,16,40,10,0.01,-0.0010034344330114853,-0.0007479256033865456,0.005194420255456383,1.2310116593672548e-06,
21,response_tables/trial_00021_hard_negative_structure_obs-empirical_prior-axis_edge_orthogonal_rel0p5x.npz,axis_edge_orthogonal,0.5,lag0_1,"0,1",2,4,16,40,10,0.01,-0.00036833605561195637,-0.0007946038752151829,0.007326023266760129,0.17195778345455884,3.632886097318219e-07
21,response_tables/trial_00021_hard_negative_structure_obs-empirical_prior-axis_edge_orthogonal_rel0p5x.npz,axis_edge_orthogonal,0.5,lag0_1_2,"0,1,2",3,4,16,40,10,0.01,0.00037559102736128835,0.0004181334251879276,0.00904704562180042,0.2373264382907223,0.11224488929776413
21,response_tables/trial_00021_hard_negative_structure_obs-empirical_prior-axis_edge_orthogonal_rel0p5x.npz,axis_edge_orthogonal,0.5,lag0_1_2_4,"0,1,2,4",4,4,16,40,10,0.01,0.0008012016614662443,0.0017677103970293873,0.011761004727891738,0.414141585881597,0.18041712953260713
21,response_tables/trial_00021_hard_negative_structure_obs-empirical_prior-axis_edge_orthogonal_rel0p5x.npz,axis_edge_orthogonal,0.5,lag0_1_2_4_8,"0,1,2,4,8",5,4,16,40,10,0.01,-0.0009234157612039162,0.009301447211604974,0.029268547352980845,0.324761861174964,0.11537305620696377
22,response_tables/trial_00022_hard_negative_structure_obs-empirical_prior-axis_edge_parallel_rel1x.npz,axis_edge_parallel,1.0,instant,0,1,4,16,40,10,0.01,0.0025770102632393377,0.0043268834552081525,0.014464631119076421,3.371120682777124e-07,
22,response_tables/trial_00022_hard_negative_structure_obs-empirical_prior-axis_edge_parallel_rel1x.npz,axis_edge_parallel,1.0,lag0_1,"0,1",2,4,16,40,10,0.01,-0.016863113205515035,-0.01636180695104994,0.01881048216587905,0.23279731622069583,4.577474894328408e-07
22,response_tables/trial_00022_hard_negative_structure_obs-empirical_prior-axis_edge_parallel_rel1x.npz,axis_edge_parallel,1.0,lag0_1_2,"0,1,2",3,4,16,40,10,0.01,-0.06493890736472013,-0.06393477997629438,0.024346240864151436,0.24759922321479583,0.12536705558042874
22,response_tables/trial_00022_hard_negative_structure_obs-empirical_prior-axis_edge_parallel_rel1x.npz,axis_edge_parallel,1.0,lag0_1_2_4,"0,1,2,4",4,4,16,40,10,0.01,-0.18230203979391935,-0.18351254364659553,0.041221094151790816,0.23016367158396422,0.14681199739790585
22,response_tables/trial_00022_hard_negative_structure_obs-empirical_prior-axis_edge_parallel_rel1x.npz,axis_edge_parallel,1.0,lag0_1_2_4_8,"0,1,2,4,8",5,4,16,40,10,0.01,-0.24643178819180023,-0.2903137420798816,0.08169759344150357,0.37723944717683644,0.14709491754192608
22,response_tables/trial_00022_hard_negative_structure_obs-empirical_prior-axis_edge_orthogonal_rel1x.npz,axis_edge_orthogonal,1.0,instant,0,1,4,16,40,10,0.01,0.005003594551369894,0.008283276625764169,0.019523932988054965,2.923045018207387e-07,
22,response_tables/trial_00022_hard_negative_structure_obs-empirical_prior-axis_edge_orthogonal_rel1x.npz,axis_edge_orthogonal,1.0,lag0_1,"0,1",2,4,16,40,10,0.01,-0.011357161654938441,-0.01308345839151992,0.024842332514852628,0.14400178210405679,5.128883299546509e-07
22,response_tables/trial_00022_hard_negative_structure_obs-empirical_prior-axis_edge_orthogonal_rel1x.npz,axis_edge_orthogonal,1.0,lag0_1_2,"0,1,2",3,4,16,40,10,0.01,-0.055051503493911025,-0.05011838084371534,0.03058744005988398,0.18401975423845512,0.08125899596329582
22,response_tables/trial_00022_hard_negative_structure_obs-empirical_prior-axis_edge_orthogonal_rel1x.npz,axis_edge_orthogonal,1.0,lag0_1_2_4,"0,1,2,4",4,4,16,40,10,0.01,-0.16470686016121622,-0.17284829573690008,0.04787796467704902,0.1819142621373293,0.1306708390525087
22,response_tables/trial_00022_hard_negative_structure_obs-empirical_prior-axis_edge_orthogonal_rel1x.npz,axis_edge_orthogonal,1.0,lag0_1_2_4_8,"0,1,2,4,8",5,4,16,40,10,0.01,-0.21800481567097899,-0.2778007640617737,0.08489848509615783,0.2687538688361303,0.09654019565784418
23,response_tables/trial_00023_hard_negative_structure_obs-empirical_prior-axis_edge_parallel_rel2x.npz,axis_edge_parallel,2.0,instant,0,1,4,16,40,10,0.01,-0.0005089799088387748,-0.000565917066116417,0.002309444295039903,1.9181978872228673e-06,
23,response_tables/trial_00023_hard_negative_structure_obs-empirical_prior-axis_edge_parallel_rel2x.npz,axis_edge_parallel,2.0,lag0_1,"0,1",2,4,16,40,10,0.01,-0.004443675019841886,-0.004425002273220291,0.004811124217025897,0.12741690578733225,8.98907549564601e-07
23,response_tables/trial_00023_hard_negative_structure_obs-empirical_prior-axis_edge_parallel_rel2x.npz,axis_edge_parallel,2.0,lag0_1_2,"0,1,2",3,4,16,40,10,0.01,-0.01054844311408959,-0.00993169952820716,0.007464740808926368,0.12387522274367269,0.08577919479947582
23,response_tables/trial_00023_hard_negative_structure_obs-empirical_prior-axis_edge_parallel_rel2x.npz,axis_edge_parallel,2.0,lag0_1_2_4,"0,1,2,4",4,4,16,40,10,0.01,-0.019358501122859362,-0.020091504132442872,0.018036255206297064,0.1663007913977211,0.054556681220234986
23,response_tables/trial_00023_hard_negative_structure_obs-empirical_prior-axis_edge_parallel_rel2x.npz,axis_edge_parallel,2.0,lag0_1_2_4_8,"0,1,2,4,8",5,4,16,40,10,0.01,-0.04505389638313945,-0.04240247404047581,0.04337362947022058,0.2102250871376928,0.09930276015162562
23,response_tables/trial_00023_hard_negative_structure_obs-empirical_prior-axis_edge_orthogonal_rel2x.npz,axis_edge_orthogonal,2.0,instant,0,1,4,16,40,10,0.01,-2.0790573691364944e-05,0.0006384745721224605,0.0029325888134247857,1.837278888314017e-06,
23,response_tables/trial_00023_hard_negative_structure_obs-empirical_prior-axis_edge_orthogonal_rel2x.npz,axis_edge_orthogonal,2.0,lag0_1,"0,1",2,4,16,40,10,0.01,-0.0034817951458445684,-0.0028173872601567895,0.005480212437846688,0.17933383511191522,1.2042981854290255e-06
23,response_tables/trial_00023_hard_negative_structure_obs-empirical_prior-axis_edge_orthogonal_rel2x.npz,axis_edge_orthogonal,2.0,lag0_1_2,"0,1,2",3,4,16,40,10,0.01,-0.00858878627859011,-0.007996305797222658,0.008306625506744464,0.14601912040562628,0.0795266372874869
23,response_tables/trial_00023_hard_negative_structure_obs-empirical_prior-axis_edge_orthogonal_rel2x.npz,axis_edge_orthogonal,2.0,lag0_1_2_4,"0,1,2,4",4,4,16,40,10,0.01,-0.017719140567816982,-0.02146248309376897,0.017473204559397715,0.16728723993079866,0.08887851151858278
23,response_tables/trial_00023_hard_negative_structure_obs-empirical_prior-axis_edge_orthogonal_rel2x.npz,axis_edge_orthogonal,2.0,lag0_1_2_4_8,"0,1,2,4,8",5,4,16,40,10,0.01,-0.03860054488832931,-0.039176020936547706,0.04089278071041838,0.1791988051911643,0.11688907903428711
24,response_tables/trial_00024_hard_negative_structure_obs-empirical_prior-axis_edge_parallel_rel0p5x.npz,axis_edge_parallel,0.5,instant,0,1,4,16,40,10,0.01,-0.002929313046957288,0.010927207232344749,0.01280156220632575,1.9602957727364079e-07,
24,response_tables/trial_00024_hard_negative_structure_obs-empirical_prior-axis_edge_parallel_rel0p5x.npz,axis_edge_parallel,0.5,lag0_1,"0,1",2,4,16,40,10,0.01,-0.0054182316994524915,0.017804240590792608,0.023178771990239683,0.15012481051436843,9.749199527125897e-08
24,response_tables/trial_00024_hard_negative_structure_obs-empirical_prior-axis_edge_parallel_rel0p5x.npz,axis_edge_parallel,0.5,lag0_1_2,"0,1,2",3,4,16,40,10,0.01,-0.005476119701265242,0.03337264336717166,0.039542663453391136,0.1025362497444747,0.0373684721504663
24,response_tables/trial_00024_hard_negative_structure_obs-empirical_prior-axis_edge_parallel_rel0p5x.npz,axis_edge_parallel,0.5,lag0_1_2_4,"0,1,2,4",4,4,16,40,10,0.01,-0.00604803762568365,0.06554218495807052,0.06764101935842554,0.09510648213625507,0.04478112562866233
24,response_tables/trial_00024_hard_negative_structure_obs-empirical_prior-axis_edge_parallel_rel0p5x.npz,axis_edge_parallel,0.5,lag0_1_2_4_8,"0,1,2,4,8",5,4,16,40,10,0.01,-0.011351567355263797,0.11781582932671042,0.13122496260228483,0.08547671000603788,0.052021007370618835
24,response_tables/trial_00024_hard_negative_structure_obs-empirical_prior-axis_edge_orthogonal_rel0p5x.npz,axis_edge_orthogonal,0.5,instant,0,1,4,16,40,10,0.01,-0.006276142720742228,0.0081287008272809,0.00984967799865194,3.0653750176546424e-07,
24,response_tables/trial_00024_hard_negative_structure_obs-empirical_prior-axis_edge_orthogonal_rel0p5x.npz,axis_edge_orthogonal,0.5,lag0_1,"0,1",2,4,16,40,10,0.01,-0.008517094039343281,0.015022887644697613,0.01914607409421254,0.12787075513259197,1.1869116278509802e-07
24,response_tables/trial_00024_hard_negative_structure_obs-empirical_prior-axis_edge_orthogonal_rel0p5x.npz,axis_edge_orthogonal,0.5,lag0_1_2,"0,1,2",3,4,16,40,10,0.01,-0.008745360227393278,0.02703988158147652,0.034047241565581504,0.08022372360101658,0.03167687228410924
24,response_tables/trial_00024_hard_negative_structure_obs-empirical_prior-axis_edge_orthogonal_rel0p5x.npz,axis_edge_orthogonal,0.5,lag0_1_2_4,"0,1,2,4",4,4,16,40,10,0.01,-0.0027505624106652637,0.06211614044434943,0.06371429010105742,0.07797077116254644,0.0492605548453624
24,response_tables/trial_00024_hard_negative_structure_obs-empirical_prior-axis_edge_orthogonal_rel0p5x.npz,axis_edge_orthogonal,0.5,lag0_1_2_4_8,"0,1,2,4,8",5,4,16,40,10,0.01,-0.01263183526947445,0.09287473747601627,0.12401573763109508,0.07903813183758657,0.04630946547113285
25,response_tables/trial_00025_hard_negative_structure_obs-empirical_prior-axis_edge_parallel_rel1x.npz,axis_edge_parallel,1.0,instant,0,1,4,16,40,10,0.01,0.0026467629306474727,0.0035484621374126113,0.007208679457081674,6.518266187318008e-07,
25,response_tables/trial_00025_hard_negative_structure_obs-empirical_prior-axis_edge_parallel_rel1x.npz,axis_edge_parallel,1.0,lag0_1,"0,1",2,4,16,40,10,0.01,-0.0005975906732414715,-0.00085553468052324,0.010570749406188684,0.3880100301285605,3.9992499754729193e-07
25,response_tables/trial_00025_hard_negative_structure_obs-empirical_prior-axis_edge_parallel_rel1x.npz,axis_edge_parallel,1.0,lag0_1_2,"0,1,2",3,4,16,40,10,0.01,-0.006581855557282995,-0.012737969066881183,0.015447115164428898,0.40824853337663114,0.10306072410488723
25,response_tables/trial_00025_hard_negative_structure_obs-empirical_prior-axis_edge_parallel_rel1x.npz,axis_edge_parallel,1.0,lag0_1_2_4,"0,1,2,4",4,4,16,40,10,0.01,-0.0244399692122223,-0.04691515050072359,0.02811308652464764,0.39600006707029317,0.18858282521227981
25,response_tables/trial_00025_hard_negative_structure_obs-empirical_prior-axis_edge_parallel_rel1x.npz,axis_edge_parallel,1.0,lag0_1_2_4_8,"0,1,2,4,8",5,4,16,40,10,0.01,-0.017258692288571575,-0.06953598759431268,0.07229602394485746,0.3056922033855378,0.12133585907315303
25,response_tables/trial_00025_hard_negative_structure_obs-empirical_prior-axis_edge_orthogonal_rel1x.npz,axis_edge_orthogonal,1.0,instant,0,1,4,16,40,10,0.01,0.004698589422714117,0.005058949210923591,0.008844247821660212,3.559102081365334e-07,
25,response_tables/trial_00025_hard_negative_structure_obs-empirical_prior-axis_edge_orthogonal_rel1x.npz,axis_edge_orthogonal,1.0,lag0_1,"0,1",2,4,16,40,10,0.01,0.0030712031539590068,0.001654370806444705,0.012430999474746574,0.37633031799698974,5.129801059812946e-07
25,response_tables/trial_00025_hard_negative_structure_obs-empirical_prior-axis_edge_orthogonal_rel1x.npz,axis_edge_orthogonal,1.0,lag0_1_2,"0,1,2",3,4,16,40,10,0.01,0.0007916293072259273,-0.005268086296091767,0.01729671917924655,0.4338429678870567,0.15766329345509475
25,response_tables/trial_00025_hard_negative_structure_obs-empirical_prior-axis_edge_orthogonal_rel1x.npz,axis_edge_orthogonal,1.0,lag0_1_2_4,"0,1,2,4",4,4,16,40,10,0.01,-0.008873292572353392,-0.02836435798841197,0.028716703092195317,0.3669438713303133,0.2982760229358589
25,response_tables/trial_00025_hard_negative_structure_obs-empirical_prior-axis_edge_orthogonal_rel1x.npz,axis_edge_orthogonal,1.0,lag0_1_2_4_8,"0,1,2,4,8",5,4,16,40,10,0.01,-0.006931441641353259,-0.047991692867624836,0.06287007386548793,0.35622150502235295,0.20163900765899861
26,response_tables/trial_00026_hard_negative_structure_obs-empirical_prior-axis_edge_parallel_rel2x.npz,axis_edge_parallel,2.0,instant,0,1,4,16,40,10,0.01,-0.001971393326093529,-0.003322349207780295,0.005296528792910621,1.0960138528574218e-06,
26,response_tables/trial_00026_hard_negative_structure_obs-empirical_prior-axis_edge_parallel_rel2x.npz,axis_edge_parallel,2.0,lag0_1,"0,1",2,4,16,40,10,0.01,-0.0007315373727998509,-0.002855521423050178,0.012781741008068087,0.09352303961930915,4.323645544554484e-07
26,response_tables/trial_00026_hard_negative_structure_obs-empirical_prior-axis_edge_parallel_rel2x.npz,axis_edge_parallel,2.0,lag0_1_2,"0,1,2",3,4,16,40,10,0.01,0.002081208232529247,-0.0008074915719595843,0.020141713315057458,0.10338246953233048,0.047131749978854054
26,response_tables/trial_00026_hard_negative_structure_obs-empirical_prior-axis_edge_parallel_rel2x.npz,axis_edge_parallel,2.0,lag0_1_2_4,"0,1,2,4",4,4,16,40,10,0.01,0.0022205047402791833,-0.00130108414002994,0.03522078979455656,0.10674127230969874,0.06712724313397125
26,response_tables/trial_00026_hard_negative_structure_obs-empirical_prior-axis_edge_parallel_rel2x.npz,axis_edge_parallel,2.0,lag0_1_2_4_8,"0,1,2,4,8",5,4,16,40,10,0.01,-0.019443907321355758,-0.028990642232474273,0.05251490952490048,0.23686374546562758,0.10034438381707102
26,response_tables/trial_00026_hard_negative_structure_obs-empirical_prior-axis_edge_orthogonal_rel2x.npz,axis_edge_orthogonal,2.0,instant,0,1,4,16,40,10,0.01,-0.001346377093131873,-0.002430095933442622,0.005033161841270506,1.2408304430490435e-06,
26,response_tables/trial_00026_hard_negative_structure_obs-empirical_prior-axis_edge_orthogonal_rel2x.npz,axis_edge_orthogonal,2.0,lag0_1,"0,1",2,4,16,40,10,0.01,0.0005521525326900312,-0.0007147468865290052,0.01259906578330186,0.073707113427715,5.145539422016062e-07
26,response_tables/trial_00026_hard_negative_structure_obs-empirical_prior-axis_edge_orthogonal_rel2x.npz,axis_edge_orthogonal,2.0,lag0_1_2,"0,1,2",3,4,16,40,10,0.01,0.0047323313045135595,0.003104155113471563,0.020458388628442736,0.0817383857390713,0.052088933540363404
26,response_tables/trial_00026_hard_negative_structure_obs-empirical_prior-axis_edge_orthogonal_rel2x.npz,axis_edge_orthogonal,2.0,lag0_1_2_4,"0,1,2,4",4,4,16,40,10,0.01,0.006140941240268899,0.0034033810668802067,0.035019731500615964,0.10251140909925151,0.05866252432845057
26,response_tables/trial_00026_hard_negative_structure_obs-empirical_prior-axis_edge_orthogonal_rel2x.npz,axis_edge_orthogonal,2.0,lag0_1_2_4_8,"0,1,2,4,8",5,4,16,40,10,0.01,-0.015580329644549362,-0.021310708260263156,0.04844564929617681,0.2165825417961094,0.09916116040065176
27,response_tables/trial_00027_hard_negative_structure_obs-empirical_prior-axis_edge_parallel_rel0p5x.npz,axis_edge_parallel,0.5,instant,0,1,4,16,40,10,0.01,0.001641630795924942,0.0017330096506065207,0.002566945902730322,2.0417781542107124e-06,
27,response_tables/trial_00027_hard_negative_structure_obs-empirical_prior-axis_edge_parallel_rel0p5x.npz,axis_edge_parallel,0.5,lag0_1,"0,1",2,4,16,40,10,0.01,0.00203683102435262,0.0021698601654436267,0.0042535523641637485,0.29668424916582,3.635590864537693e-07
27,response_tables/trial_00027_hard_negative_structure_obs-empirical_prior-axis_edge_parallel_rel0p5x.npz,axis_edge_parallel,0.5,lag0_1_2,"0,1,2",3,4,16,40,10,0.01,0.003993785371306152,0.004249442540378012,0.007221434164003254,0.19795089526111245,0.1084197909965148
27,response_tables/trial_00027_hard_negative_structure_obs-empirical_prior-axis_edge_parallel_rel0p5x.npz,axis_edge_parallel,0.5,lag0_1_2_4,"0,1,2,4",4,4,16,40,10,0.01,0.008907368885522488,0.008983721588727733,0.01849928596287473,0.45799545501004774,0.07467615009768472
27,response_tables/trial_00027_hard_negative_structure_obs-empirical_prior-axis_edge_parallel_rel0p5x.npz,axis_edge_parallel,0.5,lag0_1_2_4_8,"0,1,2,4,8",5,4,16,40,10,0.01,0.10480930549174983,0.1039850613486275,0.15154733685436134,0.20212585908647707,0.09707798838969828
27,response_tables/trial_00027_hard_negative_structure_obs-empirical_prior-axis_edge_orthogonal_rel0p5x.npz,axis_edge_orthogonal,0.5,instant,0,1,4,16,40,10,0.01,0.0030093488590108852,0.0030620441239144203,0.0038953064839639395,1.3011007727465663e-06,
27,response_tables/trial_00027_hard_negative_structure_obs-empirical_prior-axis_edge_orthogonal_rel0p5x.npz,axis_edge_orthogonal,0.5,lag0_1,"0,1",2,4,16,40,10,0.01,0.0016938720847553823,0.0017622886518508518,0.004605167423938433,0.4682373891860664,6.272626904422077e-07
27,response_tables/trial_00027_hard_negative_structure_obs-empirical_prior-axis_edge_orthogonal_rel0p5x.npz,axis_edge_orthogonal,0.5,lag0_1_2,"0,1,2",3,4,16,40,10,0.01,0.0003028141596365941,0.0003532246629303626,0.005387787804397887,0.33490664938690634,0.20244659022657427
27,response_tables/trial_00027_hard_negative_structure_obs-empirical_prior-axis_edge_orthogonal_rel0p5x.npz,axis_edge_orthogonal,0.5,lag0_1_2_4,"0,1,2,4",4,4,16,40,10,0.01,-0.0028947808484812154,-0.0029295882004274354,0.012455285028188323,0.40637347482070896,0.09841069275007103
27,response_tables/trial_00027_hard_negative_structure_obs-empirical_prior-axis_edge_orthogonal_rel0p5x.npz,axis_edge_orthogonal,0.5,lag0_1_2_4_8,"0,1,2,4,8",5,4,16,40,10,0.01,0.08501124262990659,0.08312570693227295,0.14200576781689364,0.20587566456900472,0.06594778926190874
28,response_tables/trial_00028_hard_negative_structure_obs-empirical_prior-axis_edge_parallel_rel1x.npz,axis_edge_parallel,1.0,instant,0,1,4,16,40,10,0.01,-0.008354885061672868,-0.008434643852777035,0.0018501600129460505,2.6944460714178544e-06,
28,response_tables/trial_00028_hard_negative_structure_obs-empirical_prior-axis_edge_parallel_rel1x.npz,axis_edge_parallel,1.0,lag0_1,"0,1",2,4,16,40,10,0.01,-0.028548340213267853,-0.027295277612993107,0.0025877581371618052,0.23002723997614188,1.968440611550933e-06
28,response_tables/trial_00028_hard_negative_structure_obs-empirical_prior-axis_edge_parallel_rel1x.npz,axis_edge_parallel,1.0,lag0_1_2,"0,1,2",3,4,16,40,10,0.01,-0.06116168035548358,-0.05853237822791091,0.0037817912688782596,0.20433803585621843,0.08133790598561744
28,response_tables/trial_00028_hard_negative_structure_obs-empirical_prior-axis_edge_parallel_rel1x.npz,axis_edge_parallel,1.0,lag0_1_2_4,"0,1,2,4",4,4,16,40,10,0.01,-0.15385240184455734,-0.1467741929902553,0.004983046716217132,0.737458088571719,0.13233121131259667
28,response_tables/trial_00028_hard_negative_structure_obs-empirical_prior-axis_edge_parallel_rel1x.npz,axis_edge_parallel,1.0,lag0_1_2_4_8,"0,1,2,4,8",5,4,16,40,10,0.01,-0.2825309140236709,-0.26832207478161185,0.006246049194551406,0.6098634245214583,0.3534160023850619
28,response_tables/trial_00028_hard_negative_structure_obs-empirical_prior-axis_edge_orthogonal_rel1x.npz,axis_edge_orthogonal,1.0,instant,0,1,4,16,40,10,0.01,-0.016056353470145113,-0.01585922638404691,0.0035271006655738513,1.2834936895055084e-06,
28,response_tables/trial_00028_hard_negative_structure_obs-empirical_prior-axis_edge_orthogonal_rel1x.npz,axis_edge_orthogonal,1.0,lag0_1,"0,1",2,4,16,40,10,0.01,-0.035987402282933845,-0.03484160801794933,0.003962332342076602,0.7008113266779088,1.5924204253541772e-06
28,response_tables/trial_00028_hard_negative_structure_obs-empirical_prior-axis_edge_orthogonal_rel1x.npz,axis_edge_orthogonal,1.0,lag0_1_2,"0,1,2",3,4,16,40,10,0.01,-0.06871313945153062,-0.06573838775245777,0.0045364397152955205,0.5912603643210174,0.12587296655033148
28,response_tables/trial_00028_hard_negative_structure_obs-empirical_prior-axis_edge_orthogonal_rel1x.npz,axis_edge_orthogonal,1.0,lag0_1_2_4,"0,1,2,4",4,4,16,40,10,0.01,-0.1564346900869314,-0.14765292346194026,0.005507257652759667,0.5492677992495958,0.28141331267877334
28,response_tables/trial_00028_hard_negative_structure_obs-empirical_prior-axis_edge_orthogonal_rel1x.npz,axis_edge_orthogonal,1.0,lag0_1_2_4_8,"0,1,2,4,8",5,4,16,40,10,0.01,-0.2660169687973789,-0.24869635202035267,0.012916216947178566,0.327127933888435,0.18623485789523148
29,response_tables/trial_00029_hard_negative_structure_obs-empirical_prior-axis_edge_parallel_rel2x.npz,axis_edge_parallel,2.0,instant,0,1,4,16,40,10,0.01,-0.0052410459285233135,-0.005199928094425821,0.0002700212588490625,1.9142609362583342e-05,
29,response_tables/trial_00029_hard_negative_structure_obs-empirical_prior-axis_edge_parallel_rel2x.npz,axis_edge_parallel,2.0,lag0_1,"0,1",2,4,16,40,10,0.01,-0.0120105275316571,-0.0122310210601837,0.0017270080769317409,0.11818899570803484,1.1750870160702664e-06
29,response_tables/trial_00029_hard_negative_structure_obs-empirical_prior-axis_edge_parallel_rel2x.npz,axis_edge_parallel,2.0,lag0_1_2,"0,1,2",3,4,16,40,10,0.01,-0.02256511962230473,-0.023083202067912034,0.005176948233586415,0.07426918248834613,0.05091056167617829
29,response_tables/trial_00029_hard_negative_structure_obs-empirical_prior-axis_edge_parallel_rel2x.npz,axis_edge_parallel,2.0,lag0_1_2_4,"0,1,2,4",4,4,16,40,10,0.01,-0.04642414513391302,-0.048153521460117865,0.013767154974110157,0.09025394720853705,0.0561806486627966
29,response_tables/trial_00029_hard_negative_structure_obs-empirical_prior-axis_edge_parallel_rel2x.npz,axis_edge_parallel,2.0,lag0_1_2_4_8,"0,1,2,4,8",5,4,16,40,10,0.01,-0.11411311294162824,-0.11578195612466124,0.042903284131777575,0.078776049118024,0.06488225784210334
29,response_tables/trial_00029_hard_negative_structure_obs-empirical_prior-axis_edge_orthogonal_rel2x.npz,axis_edge_orthogonal,2.0,instant,0,1,4,16,40,10,0.01,-0.0053489350296211935,-0.005635569324728751,0.0005378140262049524,6.788423002827339e-06,
29,response_tables/trial_00029_hard_negative_structure_obs-empirical_prior-axis_edge_orthogonal_rel2x.npz,axis_edge_orthogonal,2.0,lag0_1,"0,1",2,4,16,40,10,0.01,-0.01036450550607948,-0.010917315270680183,0.002354369590842037,0.103200993250083,1.1658354739368775e-06
29,response_tables/trial_00029_hard_negative_structure_obs-empirical_prior-axis_edge_orthogonal_rel2x.npz,axis_edge_orthogonal,2.0,lag0_1_2,"0,1,2",3,4,16,40,10,0.01,-0.020266343939831344,-0.020987098359162792,0.005175273525252849,0.11308208489643541,0.057343662886459534
29,response_tables/trial_00029_hard_negative_structure_obs-empirical_prior-axis_edge_orthogonal_rel2x.npz,axis_edge_orthogonal,2.0,lag0_1_2_4,"0,1,2,4",4,4,16,40,10,0.01,-0.04344229400270483,-0.045383334406844056,0.012066245691176286,0.17364275040619007,0.05933067972605684
29,response_tables/trial_00029_hard_negative_structure_obs-empirical_prior-axis_edge_orthogonal_rel2x.npz,axis_edge_orthogonal,2.0,lag0_1_2_4_8,"0,1,2,4,8",5,4,16,40,10,0.01,-0.11286010166325794,-0.11408122303391144,0.03282029169752962,0.1846110650510071,0.10210136492775965
30,response_tables/trial_00030_hard_negative_structure_obs-empirical_prior-axis_edge_parallel_rel0p5x.npz,axis_edge_parallel,0.5,instant,0,1,4,16,40,10,0.01,-0.004358446620329581,-0.004470193144223256,0.0003283171555954201,2.1005807350353875e-05,
30,response_tables/trial_00030_hard_negative_structure_obs-empirical_prior-axis_edge_parallel_rel0p5x.npz,axis_edge_parallel,0.5,lag0_1,"0,1",2,4,16,40,10,0.01,-0.0209330011361602,-0.02101459930886873,0.0006814837800490914,0.1569103137971391,5.970080894520812e-06
30,response_tables/trial_00030_hard_negative_structure_obs-empirical_prior-axis_edge_parallel_rel0p5x.npz,axis_edge_parallel,0.5,lag0_1_2,"0,1,2",3,4,16,40,10,0.01,-0.03762025685335707,-0.03752496839648112,0.0009424031252701359,0.5391373081165293,0.14575602831975998
30,response_tables/trial_00030_hard_negative_structure_obs-empirical_prior-axis_edge_parallel_rel0p5x.npz,axis_edge_parallel,0.5,lag0_1_2_4,"0,1,2,4",4,4,16,40,10,0.01,-0.0639052773168019,-0.06404889649300372,0.0020044421630619758,0.42578970184733356,0.24155929268968934
30,response_tables/trial_00030_hard_negative_structure_obs-empirical_prior-axis_edge_parallel_rel0p5x.npz,axis_edge_parallel,0.5,lag0_1_2_4_8,"0,1,2,4,8",5,4,16,40,10,0.01,-0.10892594172734305,-0.10957426457549413,0.00978118103415293,0.5421124518204288,0.18485476997232986
30,response_tables/trial_00030_hard_negative_structure_obs-empirical_prior-axis_edge_orthogonal_rel0p5x.npz,axis_edge_orthogonal,0.5,instant,0,1,4,16,40,10,0.01,-0.007296648056022037,-0.007397774544337876,0.0004033672295003232,1.3208250500844824e-05,
30,response_tables/trial_00030_hard_negative_structure_obs-empirical_prior-axis_edge_orthogonal_rel0p5x.npz,axis_edge_orthogonal,0.5,lag0_1,"0,1",2,4,16,40,10,0.01,-0.024059329817304242,-0.024457304303803884,0.0007435775688803548,0.12245367964430715,3.1875818758413004e-06
30,response_tables/trial_00030_hard_negative_structure_obs-empirical_prior-axis_edge_orthogonal_rel0p5x.npz,axis_edge_orthogonal,0.5,lag0_1_2,"0,1,2",3,4,16,40,10,0.01,-0.041608691239303885,-0.042296593224162016,0.0009593146990455881,0.341618642785992,0.09307325321505625
30,response_tables/trial_00030_hard_negative_structure_obs-empirical_prior-axis_edge_orthogonal_rel0p5x.npz,axis_edge_orthogonal,0.5,lag0_1_2_4,"0,1,2,4",4,4,16,40,10,0.01,-0.06711448409181042,-0.06801090192935433,0.0020952241474422595,0.4771420275588735,0.1503197759253866
30,response_tables/trial_00030_hard_negative_structure_obs-empirical_prior-axis_edge_orthogonal_rel0p5x.npz,axis_edge_orthogonal,0.5,lag0_1_2_4_8,"0,1,2,4,8",5,4,16,40,10,0.01,-0.0988430824587988,-0.0998863909727492,0.015960356490982486,0.4866445427703826,0.11289019522377516
31,response_tables/trial_00031_hard_negative_structure_obs-empirical_prior-axis_edge_parallel_rel1x.npz,axis_edge_parallel,1.0,instant,0,1,4,16,40,10,0.01,-0.006761505686674385,-0.006420016190693212,0.00067004907208984,4.532476005972931e-06,
31,response_tables/trial_00031_hard_negative_structure_obs-empirical_prior-axis_edge_parallel_rel1x.npz,axis_edge_parallel,1.0,lag0_1,"0,1",2,4,16,40,10,0.01,-0.017845211656151383,-0.01737188112395127,0.0012151365362938482,0.1551119460895326,2.2680885716171707e-06
31,response_tables/trial_00031_hard_negative_structure_obs-empirical_prior-axis_edge_parallel_rel1x.npz,axis_edge_parallel,1.0,lag0_1_2,"0,1,2",3,4,16,40,10,0.01,-0.03179038985043936,-0.03094692723838699,0.0015087509019332812,0.5783664944150199,0.16014080376235434
31,response_tables/trial_00031_hard_negative_structure_obs-empirical_prior-axis_edge_parallel_rel1x.npz,axis_edge_parallel,1.0,lag0_1_2_4,"0,1,2,4",4,4,16,40,10,0.01,-0.0758910909849092,-0.07415195737953073,0.002186599904592801,0.6085817276062264,0.4033981467559759
31,response_tables/trial_00031_hard_negative_structure_obs-empirical_prior-axis_edge_parallel_rel1x.npz,axis_edge_parallel,1.0,lag0_1_2_4_8,"0,1,2,4,8",5,4,16,40,10,0.01,-0.1729295665737114,-0.16818495694828373,0.0036952811390949247,0.5316605225244804,0.243562727627037
31,response_tables/trial_00031_hard_negative_structure_obs-empirical_prior-axis_edge_orthogonal_rel1x.npz,axis_edge_orthogonal,1.0,instant,0,1,4,16,40,10,0.01,-0.0081107717217751,-0.00818782347559599,0.0021820692002431363,1.5159679698496483e-06,
31,response_tables/trial_00031_hard_negative_structure_obs-empirical_prior-axis_edge_orthogonal_rel1x.npz,axis_edge_orthogonal,1.0,lag0_1,"0,1",2,4,16,40,10,0.01,-0.018282566108621556,-0.018334897669814332,0.002770544125610952,0.5953182469537301,1.2730683051069466e-06
31,response_tables/trial_00031_hard_negative_structure_obs-empirical_prior-axis_edge_orthogonal_rel1x.npz,axis_edge_orthogonal,1.0,lag0_1_2,"0,1,2",3,4,16,40,10,0.01,-0.03065422621483027,-0.030753106634779703,0.0030472317243535885,0.764815423165194,0.2707610516704276
31,response_tables/trial_00031_hard_negative_structure_obs-empirical_prior-axis_edge_orthogonal_rel1x.npz,axis_edge_orthogonal,1.0,lag0_1_2_4,"0,1,2,4",4,4,16,40,10,0.01,-0.07048542002871788,-0.0698510807200633,0.0037009601157910743,0.6797653437071829,0.5012452555770446
31,response_tables/trial_00031_hard_negative_structure_obs-empirical_prior-axis_edge_orthogonal_rel1x.npz,axis_edge_orthogonal,1.0,lag0_1_2_4_8,"0,1,2,4,8",5,4,16,40,10,0.01,-0.1527372386554462,-0.15137526458444994,0.01543654775390893,0.2178426736832848,0.15190819560877453
32,response_tables/trial_00032_hard_negative_structure_obs-empirical_prior-axis_edge_parallel_rel2x.npz,axis_edge_parallel,2.0,instant,0,1,4,16,40,10,0.01,-0.004150952622379356,-0.004177675312577844,0.00048807125687783115,4.209714248228055e-06,
32,response_tables/trial_00032_hard_negative_structure_obs-empirical_prior-axis_edge_parallel_rel2x.npz,axis_edge_parallel,2.0,lag0_1,"0,1",2,4,16,40,10,0.01,-0.010499618279012524,-0.010326906398519964,0.0021141123066865664,0.18118380741930032,5.78249675040299e-07
32,response_tables/trial_00032_hard_negative_structure_obs-empirical_prior-axis_edge_parallel_rel2x.npz,axis_edge_parallel,2.0,lag0_1_2,"0,1,2",3,4,16,40,10,0.01,-0.01623862724767683,-0.01622881546438082,0.0034874645500447277,0.2269116032106729,0.07582013586024414
32,response_tables/trial_00032_hard_negative_structure_obs-empirical_prior-axis_edge_parallel_rel2x.npz,axis_edge_parallel,2.0,lag0_1_2_4,"0,1,2,4",4,4,16,40,10,0.01,-0.02759029706615379,-0.028743085893093823,0.0062716108920039815,0.255029505294828,0.17861383920455265
32,response_tables/trial_00032_hard_negative_structure_obs-empirical_prior-axis_edge_parallel_rel2x.npz,axis_edge_parallel,2.0,lag0_1_2_4_8,"0,1,2,4,8",5,4,16,40,10,0.01,-0.0872282277832081,-0.09635158596897853,0.015780360744397925,0.3130692799817837,0.16600624931883412
32,response_tables/trial_00032_hard_negative_structure_obs-empirical_prior-axis_edge_orthogonal_rel2x.npz,axis_edge_orthogonal,2.0,instant,0,1,4,16,40,10,0.01,-0.0011836617538547034,-0.0012088017500738735,0.0018435278242195097,1.870044788519662e-06,
32,response_tables/trial_00032_hard_negative_structure_obs-empirical_prior-axis_edge_orthogonal_rel2x.npz,axis_edge_orthogonal,2.0,lag0_1,"0,1",2,4,16,40,10,0.01,-0.006577974325065794,-0.006499330113793111,0.003692888230780067,0.14031249319641537,1.338504175128904e-06
32,response_tables/trial_00032_hard_negative_structure_obs-empirical_prior-axis_edge_orthogonal_rel2x.npz,axis_edge_orthogonal,2.0,lag0_1_2,"0,1,2",3,4,16,40,10,0.01,-0.011474183126520043,-0.011486870021216844,0.004997712714460256,0.2183312257299052,0.12337297642568197
32,response_tables/trial_00032_hard_negative_structure_obs-empirical_prior-axis_edge_orthogonal_rel2x.npz,axis_edge_orthogonal,2.0,lag0_1_2_4,"0,1,2,4",4,4,16,40,10,0.01,-0.021074054492564664,-0.022285444313275504,0.007316161112865399,0.5038067004240339,0.18375835942892077
32,response_tables/trial_00032_hard_negative_structure_obs-empirical_prior-axis_edge_orthogonal_rel2x.npz,axis_edge_orthogonal,2.0,lag0_1_2_4_8,"0,1,2,4,8",5,4,16,40,10,0.01,-0.09280125980295734,-0.1066488941376128,0.01293017615677966,0.5444330996070248,0.3315354426898036
33,response_tables/trial_00033_hard_negative_structure_obs-empirical_prior-axis_edge_parallel_rel0p5x.npz,axis_edge_parallel,0.5,instant,0,1,4,16,40,10,0.01,-0.00851563292602353,-0.010635799028626547,0.0028126600556442616,2.1717472186243593e-06,
33,response_tables/trial_00033_hard_negative_structure_obs-empirical_prior-axis_edge_parallel_rel0p5x.npz,axis_edge_parallel,0.5,lag0_1,"0,1",2,4,16,40,10,0.01,-0.014590050457859882,-0.014188210096262366,0.00350374139430093,0.4054146459600737,1.157413032225486e-06
33,response_tables/trial_00033_hard_negative_structure_obs-empirical_prior-axis_edge_parallel_rel0p5x.npz,axis_edge_parallel,0.5,lag0_1_2,"0,1,2",3,4,16,40,10,0.01,-0.028198068622185102,-0.018190570194619338,0.004626050261193004,0.45152550995604546,0.21551427906224985
33,response_tables/trial_00033_hard_negative_structure_obs-empirical_prior-axis_edge_parallel_rel0p5x.npz,axis_edge_parallel,0.5,lag0_1_2_4,"0,1,2,4",4,4,16,40,10,0.01,-0.04938190243990248,-0.026549289837377366,0.009012508097601069,0.4113265077682311,0.19515609211581242
33,response_tables/trial_00033_hard_negative_structure_obs-empirical_prior-axis_edge_parallel_rel0p5x.npz,axis_edge_parallel,0.5,lag0_1_2_4_8,"0,1,2,4,8",5,4,16,40,10,0.01,-0.07253712072819657,-0.055925320088072716,0.03806151720976339,0.2752652320246164,0.15232372615149722
33,response_tables/trial_00033_hard_negative_structure_obs-empirical_prior-axis_edge_orthogonal_rel0p5x.npz,axis_edge_orthogonal,0.5,instant,0,1,4,16,40,10,0.01,-0.004458374871394555,-0.0042821023314550954,0.006830543790468185,7.760330806284402e-07,
33,response_tables/trial_00033_hard_negative_structure_obs-empirical_prior-axis_edge_orthogonal_rel0p5x.npz,axis_edge_orthogonal,0.5,lag0_1,"0,1",2,4,16,40,10,0.01,-0.011508432928178436,-0.008803326700808634,0.007348557408634077,0.30662348592997296,4.866011881780135e-07
33,response_tables/trial_00033_hard_negative_structure_obs-empirical_prior-axis_edge_orthogonal_rel0p5x.npz,axis_edge_orthogonal,0.5,lag0_1_2,"0,1,2",3,4,16,40,10,0.01,-0.027660444314154542,-0.01504795100505274,0.008301130115452054,0.35654837291567953,0.17463917883596253
33,response_tables/trial_00033_hard_negative_structure_obs-empirical_prior-axis_edge_orthogonal_rel0p5x.npz,axis_edge_orthogonal,0.5,lag0_1_2_4,"0,1,2,4",4,4,16,40,10,0.01,-0.05342631927797492,-0.025963263739745113,0.013634479326655097,0.3129492040413029,0.1530868112874138
33,response_tables/trial_00033_hard_negative_structure_obs-empirical_prior-axis_edge_orthogonal_rel0p5x.npz,axis_edge_orthogonal,0.5,lag0_1_2_4_8,"0,1,2,4,8",5,4,16,40,10,0.01,-0.0792024530115224,-0.04216912223098035,0.048666569052547015,0.17656924154916884,0.11071156669986881
34,response_tables/trial_00034_hard_negative_structure_obs-empirical_prior-axis_edge_parallel_rel1x.npz,axis_edge_parallel,1.0,instant,0,1,4,16,40,10,0.01,-0.0014620513535898438,-0.0014232753671563625,0.0019443520861949504,3.2303278309644946e-06,
34,response_tables/trial_00034_hard_negative_structure_obs-empirical_prior-axis_edge_parallel_rel1x.npz,axis_edge_parallel,1.0,lag0_1,"0,1",2,4,16,40,10,0.01,-0.005220168896008737,-0.004339608575959941,0.0030107173759087724,0.2266262910728681,8.329827518577374e-07
34,response_tables/trial_00034_hard_negative_structure_obs-empirical_prior-axis_edge_parallel_rel1x.npz,axis_edge_parallel,1.0,lag0_1_2,"0,1,2",3,4,16,40,10,0.01,-0.00952313668362631,-0.0077411079342073474,0.004780116769901366,0.2681424477575835,0.08762400977746475
34,response_tables/trial_00034_hard_negative_structure_obs-empirical_prior-axis_edge_parallel_rel1x.npz,axis_edge_parallel,1.0,lag0_1_2_4,"0,1,2,4",4,4,16,40,10,0.01,-0.015451669845604754,-0.012758807750843926,0.010377288123994494,0.3396271288820743,0.1635711749844827
34,response_tables/trial_00034_hard_negative_structure_obs-empirical_prior-axis_edge_parallel_rel1x.npz,axis_edge_parallel,1.0,lag0_1_2_4_8,"0,1,2,4,8",5,4,16,40,10,0.01,-0.027816016657007975,-0.033761253886339215,0.029027246293115677,0.2811804845419094,0.18356452245916416
34,response_tables/trial_00034_hard_negative_structure_obs-empirical_prior-axis_edge_orthogonal_rel1x.npz,axis_edge_orthogonal,1.0,instant,0,1,4,16,40,10,0.01,-0.001362359340088437,-0.001411085892731978,0.0027919365065122437,1.6726782108690478e-06,
34,response_tables/trial_00034_hard_negative_structure_obs-empirical_prior-axis_edge_orthogonal_rel1x.npz,axis_edge_orthogonal,1.0,lag0_1,"0,1",2,4,16,40,10,0.01,-0.004692952537555972,-0.003969063394542949,0.0038519552647946764,0.24676418329462965,6.709392357729626e-07
34,response_tables/trial_00034_hard_negative_structure_obs-empirical_prior-axis_edge_orthogonal_rel1x.npz,axis_edge_orthogonal,1.0,lag0_1_2,"0,1,2",3,4,16,40,10,0.01,-0.008481255522534759,-0.007001619401609704,0.005804703061258798,0.20212315410582252,0.1079856272940436
34,response_tables/trial_00034_hard_negative_structure_obs-empirical_prior-axis_edge_orthogonal_rel1x.npz,axis_edge_orthogonal,1.0,lag0_1_2_4,"0,1,2,4",4,4,16,40,10,0.01,-0.012334438722389207,-0.011228703938587103,0.012072044226603407,0.20672202952726698,0.12287616397028844
34,response_tables/trial_00034_hard_negative_structure_obs-empirical_prior-axis_edge_orthogonal_rel1x.npz,axis_edge_orthogonal,1.0,lag0_1_2_4_8,"0,1,2,4,8",5,4,16,40,10,0.01,-0.021116894154376314,-0.026107033253443768,0.032326543562724935,0.18128223688848366,0.1183367321525204
35,response_tables/trial_00035_hard_negative_structure_obs-empirical_prior-axis_edge_parallel_rel2x.npz,axis_edge_parallel,2.0,instant,0,1,4,16,40,10,0.01,0.0026444455905121067,0.004248422871666047,0.004911607301426396,1.4279634600228412e-06,
35,response_tables/trial_00035_hard_negative_structure_obs-empirical_prior-axis_edge_parallel_rel2x.npz,axis_edge_parallel,2.0,lag0_1,"0,1",2,4,16,40,10,0.01,0.005889985610549431,0.008773533798460409,0.01085079742670611,0.11996618607345563,7.093464481133547e-07
35,response_tables/trial_00035_hard_negative_structure_obs-empirical_prior-axis_edge_parallel_rel2x.npz,axis_edge_parallel,2.0,lag0_1_2,"0,1,2",3,4,16,40,10,0.01,0.009970066871229172,0.013755885190510853,0.018935974723518212,0.09185626355687179,0.05865322241610334
35,response_tables/trial_00035_hard_negative_structure_obs-empirical_prior-axis_edge_parallel_rel2x.npz,axis_edge_parallel,2.0,lag0_1_2_4,"0,1,2,4",4,4,16,40,10,0.01,0.023296988532411467,0.025797402437190198,0.040388372842123266,0.13014121168669748,0.05064475352194656
35,response_tables/trial_00035_hard_negative_structure_obs-empirical_prior-axis_edge_parallel_rel2x.npz,axis_edge_parallel,2.0,lag0_1_2_4_8,"0,1,2,4,8",5,4,16,40,10,0.01,0.06124146786344842,0.061253419693919064,0.09593388427582417,0.13524792942704103,0.052594756903195566
35,response_tables/trial_00035_hard_negative_structure_obs-empirical_prior-axis_edge_orthogonal_rel2x.npz,axis_edge_orthogonal,2.0,instant,0,1,4,16,40,10,0.01,0.0056119917632893035,0.005666579041417263,0.008091361872016867,1.3662411707613736e-06,
35,response_tables/trial_00035_hard_negative_structure_obs-empirical_prior-axis_edge_orthogonal_rel2x.npz,axis_edge_orthogonal,2.0,lag0_1,"0,1",2,4,16,40,10,0.01,0.009995560019529337,0.010528660588065453,0.014672283794595342,0.15190820997290638,5.809596277476895e-07
35,response_tables/trial_00035_hard_negative_structure_obs-empirical_prior-axis_edge_orthogonal_rel2x.npz,axis_edge_orthogonal,2.0,lag0_1_2,"0,1,2",3,4,16,40,10,0.01,0.015456273533287185,0.016858382980839748,0.023258223136996714,0.11377444020563665,0.042649903078001705
35,response_tables/trial_00035_hard_negative_structure_obs-empirical_prior-axis_edge_orthogonal_rel2x.npz,axis_edge_orthogonal,2.0,lag0_1_2_4,"0,1,2,4",4,4,16,40,10,0.01,0.026998981850789222,0.02914917482089252,0.04174150625899831,0.15726214165371077,0.06379114633441849
35,response_tables/trial_00035_hard_negative_structure_obs-empirical_prior-axis_edge_orthogonal_rel2x.npz,axis_edge_orthogonal,2.0,lag0_1_2_4_8,"0,1,2,4,8",5,4,16,40,10,0.01,0.055583279175218436,0.0603184149859014,0.08477624651539642,0.14756081178534844,0.07088612326646468
36,response_tables/trial_00036_hard_negative_structure_obs-empirical_prior-axis_edge_parallel_rel0p5x.npz,axis_edge_parallel,0.5,instant,0,1,4,16,40,10,0.01,-0.001486784137354702,-0.0019103393638827404,0.0016536569254628208,7.86518961957148e-07,
36,response_tables/trial_00036_hard_negative_structure_obs-empirical_prior-axis_edge_parallel_rel0p5x.npz,axis_edge_parallel,0.5,lag0_1,"0,1",2,4,16,40,10,0.01,-0.007934450235217938,-0.008911108166997028,0.005488577744371448,0.0808314259019561,7.874212429767848e-08
36,response_tables/trial_00036_hard_negative_structure_obs-empirical_prior-axis_edge_parallel_rel0p5x.npz,axis_edge_parallel,0.5,lag0_1_2,"0,1,2",3,4,16,40,10,0.01,-0.01599767200300123,-0.016938335597894816,0.010681153967317697,0.11801041116637948,0.02533008515685782
36,response_tables/trial_00036_hard_negative_structure_obs-empirical_prior-axis_edge_parallel_rel0p5x.npz,axis_edge_parallel,0.5,lag0_1_2_4,"0,1,2,4",4,4,16,40,10,0.01,-0.03446011745610267,-0.03018129153943938,0.025386828925486687,0.25965013442493695,0.037396889473516506
36,response_tables/trial_00036_hard_negative_structure_obs-empirical_prior-axis_edge_parallel_rel0p5x.npz,axis_edge_parallel,0.5,lag0_1_2_4_8,"0,1,2,4,8",5,4,16,40,10,0.01,-0.05932871388339778,-0.04972791777170793,0.06517928472565795,0.25321980120548926,0.08896474199055432
36,response_tables/trial_00036_hard_negative_structure_obs-empirical_prior-axis_edge_orthogonal_rel0p5x.npz,axis_edge_orthogonal,0.5,instant,0,1,4,16,40,10,0.01,0.000329224821970564,0.000634579632740051,0.0036572861503297027,3.5266701850433213e-07,
36,response_tables/trial_00036_hard_negative_structure_obs-empirical_prior-axis_edge_orthogonal_rel0p5x.npz,axis_edge_orthogonal,0.5,lag0_1,"0,1",2,4,16,40,10,0.01,-0.005220872303680346,-0.0046303620532131,0.007469068445914717,0.06761113882236498,1.260710544425098e-07
36,response_tables/trial_00036_hard_negative_structure_obs-empirical_prior-axis_edge_orthogonal_rel0p5x.npz,axis_edge_orthogonal,0.5,lag0_1_2,"0,1,2",3,4,16,40,10,0.01,-0.012737347951921885,-0.012530272932697373,0.012035343551572597,0.10735904565394125,0.03788808295521989
36,response_tables/trial_00036_hard_negative_structure_obs-empirical_prior-axis_edge_orthogonal_rel0p5x.npz,axis_edge_orthogonal,0.5,lag0_1_2_4,"0,1,2,4",4,4,16,40,10,0.01,-0.03185924351201236,-0.027736177790381178,0.023527844563925843,0.3299196902930993,0.04519883070378114
36,response_tables/trial_00036_hard_negative_structure_obs-empirical_prior-axis_edge_orthogonal_rel0p5x.npz,axis_edge_orthogonal,0.5,lag0_1_2_4_8,"0,1,2,4,8",5,4,16,40,10,0.01,-0.06827909090194356,-0.06398314689235707,0.05543390749170679,0.3021733909383669,0.14621100254628777
37,response_tables/trial_00037_hard_negative_structure_obs-empirical_prior-axis_edge_parallel_rel1x.npz,axis_edge_parallel,1.0,instant,0,1,4,16,40,10,0.01,0.0006031557912911933,0.0013634650070480925,0.002583433109413169,1.4432369494310204e-06,
37,response_tables/trial_00037_hard_negative_structure_obs-empirical_prior-axis_edge_parallel_rel1x.npz,axis_edge_parallel,1.0,lag0_1,"0,1",2,4,16,40,10,0.01,0.001597758543490646,0.0004024515174289034,0.006421947909005493,0.21973012399990982,6.93821770164387e-07
37,response_tables/trial_00037_hard_negative_structure_obs-empirical_prior-axis_edge_parallel_rel1x.npz,axis_edge_parallel,1.0,lag0_1_2,"0,1,2",3,4,16,40,10,0.01,0.002386925849064553,-0.0011818948463501178,0.010703417930249537,0.2784093272738758,0.11061129877619985
37,response_tables/trial_00037_hard_negative_structure_obs-empirical_prior-axis_edge_parallel_rel1x.npz,axis_edge_parallel,1.0,lag0_1_2_4,"0,1,2,4",4,4,16,40,10,0.01,0.005852838171032243,-0.0019478257717351344,0.019316684609400808,0.2972117143019877,0.15903881155559868
37,response_tables/trial_00037_hard_negative_structure_obs-empirical_prior-axis_edge_parallel_rel1x.npz,axis_edge_parallel,1.0,lag0_1_2_4_8,"0,1,2,4,8",5,4,16,40,10,0.01,-0.002729173242947497,-0.01644248586101993,0.03238285076302816,0.49195430131134,0.1777165522605733
37,response_tables/trial_00037_hard_negative_structure_obs-empirical_prior-axis_edge_orthogonal_rel1x.npz,axis_edge_orthogonal,1.0,instant,0,1,4,16,40,10,0.01,0.004380816814598509,0.0036112838555108495,0.0063878075239024446,9.56365033987886e-07,
37,response_tables/trial_00037_hard_negative_structure_obs-empirical_prior-axis_edge_orthogonal_rel1x.npz,axis_edge_orthogonal,1.0,lag0_1,"0,1",2,4,16,40,10,0.01,0.005168861927259877,0.0053354302747156135,0.008870977647008504,0.5424070661664218,9.36768971633426e-07
37,response_tables/trial_00037_hard_negative_structure_obs-empirical_prior-axis_edge_orthogonal_rel1x.npz,axis_edge_orthogonal,1.0,lag0_1_2,"0,1,2",3,4,16,40,10,0.01,0.0062426043220910055,0.006981405680090813,0.011927943997030871,0.5829809443184528,0.24469345871965392
37,response_tables/trial_00037_hard_negative_structure_obs-empirical_prior-axis_edge_orthogonal_rel1x.npz,axis_edge_orthogonal,1.0,lag0_1_2_4,"0,1,2,4",4,4,16,40,10,0.01,0.008752079827381937,0.006366393661191183,0.017201797000753943,0.6456698553966815,0.39427724944757436
37,response_tables/trial_00037_hard_negative_structure_obs-empirical_prior-axis_edge_orthogonal_rel1x.npz,axis_edge_orthogonal,1.0,lag0_1_2_4_8,"0,1,2,4,8",5,4,16,40,10,0.01,0.008158372176351375,0.006680902658562804,0.035220348421467845,0.1865702121459567,0.13685708071562397
38,response_tables/trial_00038_hard_negative_structure_obs-empirical_prior-axis_edge_parallel_rel2x.npz,axis_edge_parallel,2.0,instant,0,1,4,16,40,10,0.01,0.0006526534220575031,0.0006049840583934318,0.002234705616588367,1.7594512175833584e-06,
38,response_tables/trial_00038_hard_negative_structure_obs-empirical_prior-axis_edge_parallel_rel2x.npz,axis_edge_parallel,2.0,lag0_1,"0,1",2,4,16,40,10,0.01,0.0019551306215765674,0.0019713065203447178,0.005051793891834161,0.24077769436456148,2.59729860120473e-07
38,response_tables/trial_00038_hard_negative_structure_obs-empirical_prior-axis_edge_parallel_rel2x.npz,axis_edge_parallel,2.0,lag0_1_2,"0,1,2",3,4,16,40,10,0.01,0.002660036905689306,0.0028585486498283186,0.007411299783044445,0.19903006637193618,0.09624030813205137
38,response_tables/trial_00038_hard_negative_structure_obs-empirical_prior-axis_edge_parallel_rel2x.npz,axis_edge_parallel,2.0,lag0_1_2_4,"0,1,2,4",4,4,16,40,10,0.01,0.004391025411665667,0.008658096091262946,0.015380873848223037,0.15223416232522646,0.1010681618229238
38,response_tables/trial_00038_hard_negative_structure_obs-empirical_prior-axis_edge_parallel_rel2x.npz,axis_edge_parallel,2.0,lag0_1_2_4_8,"0,1,2,4,8",5,4,16,40,10,0.01,-0.01533153131096307,0.011887774442477073,0.021082254086835228,0.2670889991886758,0.13379525950621585
38,response_tables/trial_00038_hard_negative_structure_obs-empirical_prior-axis_edge_orthogonal_rel2x.npz,axis_edge_orthogonal,2.0,instant,0,1,4,16,40,10,0.01,0.0006669536204597926,0.000561799822686837,0.0028200332595020305,8.194300214486254e-07,
38,response_tables/trial_00038_hard_negative_structure_obs-empirical_prior-axis_edge_orthogonal_rel2x.npz,axis_edge_orthogonal,2.0,lag0_1,"0,1",2,4,16,40,10,0.01,0.0024051836967119433,0.0022078316067375425,0.006081866366887428,0.15252057127515944,1.7700364477491804e-07
38,response_tables/trial_00038_hard_negative_structure_obs-empirical_prior-axis_edge_orthogonal_rel2x.npz,axis_edge_orthogonal,2.0,lag0_1_2,"0,1,2",3,4,16,40,10,0.01,0.004175779638407928,0.0034681499965819595,0.009030841093824626,0.14841671942445356,0.07007088066457239
38,response_tables/trial_00038_hard_negative_structure_obs-empirical_prior-axis_edge_orthogonal_rel2x.npz,axis_edge_orthogonal,2.0,lag0_1_2_4,"0,1,2,4",4,4,16,40,10,0.01,0.004601675007008532,0.0063103362571750865,0.01410040697161366,0.15136698245176816,0.1063705468286546
38,response_tables/trial_00038_hard_negative_structure_obs-empirical_prior-axis_edge_orthogonal_rel2x.npz,axis_edge_orthogonal,2.0,lag0_1_2_4_8,"0,1,2,4,8",5,4,16,40,10,0.01,-0.011605557795445698,0.006828722906861928,0.017675913641292895,0.2436171883585242,0.15614046698817963
39,response_tables/trial_00039_hard_negative_structure_obs-empirical_prior-axis_edge_parallel_rel0p5x.npz,axis_edge_parallel,0.5,instant,0,1,4,16,40,10,0.01,0.0017291937127158485,0.0013803667870279646,0.00440738549787098,1.2549076793509517e-07,
39,response_tables/trial_00039_hard_negative_structure_obs-empirical_prior-axis_edge_parallel_rel0p5x.npz,axis_edge_parallel,0.5,lag0_1,"0,1",2,4,16,40,10,0.01,0.0015214001763141638,0.0004013652610669882,0.0062764328210419,0.19028524502410205,7.840517827780255e-08
39,response_tables/trial_00039_hard_negative_structure_obs-empirical_prior-axis_edge_parallel_rel0p5x.npz,axis_edge_parallel,0.5,lag0_1_2,"0,1,2",3,4,16,40,10,0.01,0.0017146699740385463,0.0004680713574093387,0.009151350063134417,0.2292554588553,0.09174016259921022
39,response_tables/trial_00039_hard_negative_structure_obs-empirical_prior-axis_edge_parallel_rel0p5x.npz,axis_edge_parallel,0.5,lag0_1_2_4,"0,1,2,4",4,4,16,40,10,0.01,-0.0021868934212741498,-0.0004417219859065291,0.014048524837460746,0.4369712295271261,0.1295690355271239
39,response_tables/trial_00039_hard_negative_structure_obs-empirical_prior-axis_edge_parallel_rel0p5x.npz,axis_edge_parallel,0.5,lag0_1_2_4_8,"0,1,2,4,8",5,4,16,40,10,0.01,-0.012898864551749684,0.01629203097910009,0.032310962139633165,0.35997365809354753,0.2000963642011424
39,response_tables/trial_00039_hard_negative_structure_obs-empirical_prior-axis_edge_orthogonal_rel0p5x.npz,axis_edge_orthogonal,0.5,instant,0,1,4,16,40,10,0.01,0.0011251958163469022,0.000863351171454807,0.0022894770375149476,1.7124534134638527e-07,
39,response_tables/trial_00039_hard_negative_structure_obs-empirical_prior-axis_edge_orthogonal_rel0p5x.npz,axis_edge_orthogonal,0.5,lag0_1,"0,1",2,4,16,40,10,0.01,0.0008689538056600166,0.0007185809560879552,0.0038981346594204325,0.23900937282113707,5.996294899530253e-08
39,response_tables/trial_00039_hard_negative_structure_obs-empirical_prior-axis_edge_orthogonal_rel0p5x.npz,axis_edge_orthogonal,0.5,lag0_1_2,"0,1,2",3,4,16,40,10,0.01,0.0011342091877145632,0.0013150427452913727,0.006164352724662925,0.15920799878446534,0.08074412162345368
39,response_tables/trial_00039_hard_negative_structure_obs-empirical_prior-axis_edge_orthogonal_rel0p5x.npz,axis_edge_orthogonal,0.5,lag0_1_2_4,"0,1,2,4",4,4,16,40,10,0.01,-0.0002581262646500493,0.0026438731523351078,0.01103563615001077,0.9569007010775583,0.10125949721670575
39,response_tables/trial_00039_hard_negative_structure_obs-empirical_prior-axis_edge_orthogonal_rel0p5x.npz,axis_edge_orthogonal,0.5,lag0_1_2_4_8,"0,1,2,4,8",5,4,16,40,10,0.01,-0.004093668848446419,0.02890043637517098,0.03691181512998659,0.34079589971839885,0.14746067185953046
40,response_tables/trial_00040_hard_negative_structure_obs-empirical_prior-axis_edge_parallel_rel1x.npz,axis_edge_parallel,1.0,instant,0,1,4,16,40,10,0.01,0.0028466497308776706,0.0017959290876428669,0.005065163750328533,3.69571712204091e-07,
40,response_tables/trial_00040_hard_negative_structure_obs-empirical_prior-axis_edge_parallel_rel1x.npz,axis_edge_parallel,1.0,lag0_1,"0,1",2,4,16,40,10,0.01,0.00411202523088483,0.002719283166889852,0.008320225187737257,0.12859965357028383,2.394291198683519e-07
40,response_tables/trial_00040_hard_negative_structure_obs-empirical_prior-axis_edge_parallel_rel1x.npz,axis_edge_parallel,1.0,lag0_1_2,"0,1,2",3,4,16,40,10,0.01,0.004896779116675742,0.002528957833852541,0.011714589231465067,0.1807375071065782,0.08621334650435633
40,response_tables/trial_00040_hard_negative_structure_obs-empirical_prior-axis_edge_parallel_rel1x.npz,axis_edge_parallel,1.0,lag0_1_2_4,"0,1,2,4",4,4,16,40,10,0.01,0.0037881570344352467,-0.0004809189835093264,0.019276189934864546,0.39157001094982624,0.1109946388145094
40,response_tables/trial_00040_hard_negative_structure_obs-empirical_prior-axis_edge_parallel_rel1x.npz,axis_edge_parallel,1.0,lag0_1_2_4_8,"0,1,2,4,8",5,4,16,40,10,0.01,-0.0295626375978624,-0.04498503752798566,0.029310829324681875,0.47121508724258687,0.25413187172621343
40,response_tables/trial_00040_hard_negative_structure_obs-empirical_prior-axis_edge_orthogonal_rel1x.npz,axis_edge_orthogonal,1.0,instant,0,1,4,16,40,10,0.01,0.001244577790485174,0.0005351592750767464,0.003935398183573996,3.3984309403377523e-07,
40,response_tables/trial_00040_hard_negative_structure_obs-empirical_prior-axis_edge_orthogonal_rel1x.npz,axis_edge_orthogonal,1.0,lag0_1,"0,1",2,4,16,40,10,0.01,0.0025165730940768516,0.0017229615647565422,0.006449235046347257,0.18920080120022698,1.8041126408238665e-07
40,response_tables/trial_00040_hard_negative_structure_obs-empirical_prior-axis_edge_orthogonal_rel1x.npz,axis_edge_orthogonal,1.0,lag0_1_2,"0,1,2",3,4,16,40,10,0.01,0.002804026365884088,0.0022476787884627702,0.008284076209111563,0.18424876360127657,0.09736336152347913
40,response_tables/trial_00040_hard_negative_structure_obs-empirical_prior-axis_edge_orthogonal_rel1x.npz,axis_edge_orthogonal,1.0,lag0_1_2_4,"0,1,2,4",4,4,16,40,10,0.01,0.003636336642093063,0.0012897036339321044,0.014679704572334917,0.36677846727509383,0.13003602855934226
40,response_tables/trial_00040_hard_negative_structure_obs-empirical_prior-axis_edge_orthogonal_rel1x.npz,axis_edge_orthogonal,1.0,lag0_1_2_4_8,"0,1,2,4,8",5,4,16,40,10,0.01,-0.021255704693537658,-0.03295109396545426,0.022702159586784898,0.3291800432061212,0.2533226604326949
41,response_tables/trial_00041_hard_negative_structure_obs-empirical_prior-axis_edge_parallel_rel2x.npz,axis_edge_parallel,2.0,instant,0,1,4,16,40,10,0.01,0.0017867803571206542,0.0024642031655258134,0.004072762352523962,6.935221384551579e-07,
41,response_tables/trial_00041_hard_negative_structure_obs-empirical_prior-axis_edge_parallel_rel2x.npz,axis_edge_parallel,2.0,lag0_1,"0,1",2,4,16,40,10,0.01,-0.004196293280622876,-0.003606660021810759,0.006011855292416157,0.275048211269299,9.75334776857096e-07
41,response_tables/trial_00041_hard_negative_structure_obs-empirical_prior-axis_edge_parallel_rel2x.npz,axis_edge_parallel,2.0,lag0_1_2,"0,1,2",3,4,16,40,10,0.01,-0.015972417943324158,-0.015401349450527069,0.007728608178236035,0.42242347842043837,0.29720708050207656
41,response_tables/trial_00041_hard_negative_structure_obs-empirical_prior-axis_edge_parallel_rel2x.npz,axis_edge_parallel,2.0,lag0_1_2_4,"0,1,2,4",4,4,16,40,10,0.01,-0.06007248528840037,-0.05567034000925031,0.013054452804406619,0.32792734269432633,0.19381605466645827
41,response_tables/trial_00041_hard_negative_structure_obs-empirical_prior-axis_edge_parallel_rel2x.npz,axis_edge_parallel,2.0,lag0_1_2_4_8,"0,1,2,4,8",5,4,16,40,10,0.01,-0.15370528872739514,-0.14930466656052443,0.02270825972117063,0.5169618727805574,0.14647979956877988
41,response_tables/trial_00041_hard_negative_structure_obs-empirical_prior-axis_edge_orthogonal_rel2x.npz,axis_edge_orthogonal,2.0,instant,0,1,4,16,40,10,0.01,0.001329856602823365,0.0010737225343843138,0.0029395906498195234,7.73138648734298e-07,
41,response_tables/trial_00041_hard_negative_structure_obs-empirical_prior-axis_edge_orthogonal_rel2x.npz,axis_edge_orthogonal,2.0,lag0_1,"0,1",2,4,16,40,10,0.01,-0.003342633478822188,-0.0023509982235789817,0.0041614411960695374,0.46307145368469993,6.078436198497738e-07
41,response_tables/trial_00041_hard_negative_structure_obs-empirical_prior-axis_edge_orthogonal_rel2x.npz,axis_edge_orthogonal,2.0,lag0_1_2,"0,1,2",3,4,16,40,10,0.01,-0.011574468378912073,-0.008869232107324931,0.005701095609084744,0.4119036989150284,0.205400824111531
41,response_tables/trial_00041_hard_negative_structure_obs-empirical_prior-axis_edge_orthogonal_rel2x.npz,axis_edge_orthogonal,2.0,lag0_1_2_4,"0,1,2,4",4,4,16,40,10,0.01,-0.04106638725143047,-0.030767173352757138,0.010827708260005953,0.4965928708213645,0.15630431973766643
41,response_tables/trial_00041_hard_negative_structure_obs-empirical_prior-axis_edge_orthogonal_rel2x.npz,axis_edge_orthogonal,2.0,lag0_1_2_4_8,"0,1,2,4,8",5,4,16,40,10,0.01,-0.10879064598165811,-0.10548508243239474,0.022607495444315312,0.2785703840425612,0.13763034256533196
42,response_tables/trial_00042_hard_negative_structure_obs-empirical_prior-axis_edge_parallel_rel0p5x.npz,axis_edge_parallel,0.5,instant,0,1,4,16,40,10,0.01,-0.011284841826902037,-0.012567002667611349,0.0015281899267915178,2.726013156695882e-06,
42,response_tables/trial_00042_hard_negative_structure_obs-empirical_prior-axis_edge_parallel_rel0p5x.npz,axis_edge_parallel,0.5,lag0_1,"0,1",2,4,16,40,10,0.01,-0.030422468423165316,-0.0340820996302591,0.006057458974244007,0.10460180750593223,1.5772152371287199e-07
42,response_tables/trial_00042_hard_negative_structure_obs-empirical_prior-axis_edge_parallel_rel0p5x.npz,axis_edge_parallel,0.5,lag0_1_2,"0,1,2",3,4,16,40,10,0.01,-0.05345365310220207,-0.0587763406402001,0.010829843074098289,0.13962269676928518,0.03692585088650866
42,response_tables/trial_00042_hard_negative_structure_obs-empirical_prior-axis_edge_parallel_rel0p5x.npz,axis_edge_parallel,0.5,lag0_1_2_4,"0,1,2,4",4,4,16,40,10,0.01,-0.11259317688703263,-0.12277407919020356,0.023670049197031584,0.24969109007233797,0.05280687925863753
42,response_tables/trial_00042_hard_negative_structure_obs-empirical_prior-axis_edge_parallel_rel0p5x.npz,axis_edge_parallel,0.5,lag0_1_2_4_8,"0,1,2,4,8",5,4,16,40,10,0.01,-0.2696959343905364,-0.312985658195431,0.047123630597017935,0.27964295931039407,0.1491371878233654
42,response_tables/trial_00042_hard_negative_structure_obs-empirical_prior-axis_edge_orthogonal_rel0p5x.npz,axis_edge_orthogonal,0.5,instant,0,1,4,16,40,10,0.01,-0.011901766243896383,-0.01440157831717559,0.001088387967396437,1.0105264856817973e-06,
42,response_tables/trial_00042_hard_negative_structure_obs-empirical_prior-axis_edge_orthogonal_rel0p5x.npz,axis_edge_orthogonal,0.5,lag0_1,"0,1",2,4,16,40,10,0.01,-0.028117966896468727,-0.03341092528069156,0.0035122594855443445,0.08583061295815494,2.345522729654608e-07
42,response_tables/trial_00042_hard_negative_structure_obs-empirical_prior-axis_edge_orthogonal_rel0p5x.npz,axis_edge_orthogonal,0.5,lag0_1_2,"0,1,2",3,4,16,40,10,0.01,-0.04871869939846729,-0.057030234134604396,0.006047691000634542,0.18301709612712794,0.04952214500898543
42,response_tables/trial_00042_hard_negative_structure_obs-empirical_prior-axis_edge_orthogonal_rel0p5x.npz,axis_edge_orthogonal,0.5,lag0_1_2_4,"0,1,2,4",4,4,16,40,10,0.01,-0.11041228647819451,-0.12947742673317364,0.011874861290337324,0.3082955134522529,0.09822345729667437
42,response_tables/trial_00042_hard_negative_structure_obs-empirical_prior-axis_edge_orthogonal_rel0p5x.npz,axis_edge_orthogonal,0.5,lag0_1_2_4_8,"0,1,2,4,8",5,4,16,40,10,0.01,-0.2653427988105974,-0.31979052642226824,0.022997796426217937,0.34526856539238215,0.1429463459120474
43,response_tables/trial_00043_hard_negative_structure_obs-empirical_prior-axis_edge_parallel_rel1x.npz,axis_edge_parallel,1.0,instant,0,1,4,16,40,10,0.01,0.0012851105597639356,0.001789770674650637,0.004690434515851605,3.905734285844421e-07,
43,response_tables/trial_00043_hard_negative_structure_obs-empirical_prior-axis_edge_parallel_rel1x.npz,axis_edge_parallel,1.0,lag0_1,"0,1",2,4,16,40,10,0.01,0.00887704715674878,0.01456386802323012,0.020457099625269426,0.05582892393222841,8.741203273220813e-08
43,response_tables/trial_00043_hard_negative_structure_obs-empirical_prior-axis_edge_parallel_rel1x.npz,axis_edge_parallel,1.0,lag0_1_2,"0,1,2",3,4,16,40,10,0.01,0.008292031465931743,0.020021651441423538,0.0428105673604669,0.04373746599579527,0.02802265409435161
43,response_tables/trial_00043_hard_negative_structure_obs-empirical_prior-axis_edge_parallel_rel1x.npz,axis_edge_parallel,1.0,lag0_1_2_4,"0,1,2,4",4,4,16,40,10,0.01,-0.02239263747763809,0.0021315448377875468,0.0990503887152647,0.14843437831650869,0.033087076481514356
43,response_tables/trial_00043_hard_negative_structure_obs-empirical_prior-axis_edge_parallel_rel1x.npz,axis_edge_parallel,1.0,lag0_1_2_4_8,"0,1,2,4,8",5,4,16,40,10,0.01,0.032829231410389015,0.10557729377901731,0.2200818672326727,0.16403827620828715,0.07164172706649106
43,response_tables/trial_00043_hard_negative_structure_obs-empirical_prior-axis_edge_orthogonal_rel1x.npz,axis_edge_orthogonal,1.0,instant,0,1,4,16,40,10,0.01,0.004360073066736719,0.005479930443054004,0.009296088310164985,3.360857902941081e-07,
43,response_tables/trial_00043_hard_negative_structure_obs-empirical_prior-axis_edge_orthogonal_rel1x.npz,axis_edge_orthogonal,1.0,lag0_1,"0,1",2,4,16,40,10,0.01,0.008168861629364643,0.014129154279245049,0.02231179804522182,0.07551346391361824,1.081656314729229e-07
43,response_tables/trial_00043_hard_negative_structure_obs-empirical_prior-axis_edge_orthogonal_rel1x.npz,axis_edge_orthogonal,1.0,lag0_1_2,"0,1,2",3,4,16,40,10,0.01,0.002223948510678503,0.012800439900678195,0.039012354151974904,0.05777327754895015,0.04675876553069899
43,response_tables/trial_00043_hard_negative_structure_obs-empirical_prior-axis_edge_orthogonal_rel1x.npz,axis_edge_orthogonal,1.0,lag0_1_2_4,"0,1,2,4",4,4,16,40,10,0.01,-0.034386579115620264,-0.011660535417891582,0.08539149936331303,0.1692000410579382,0.03788196940971762
43,response_tables/trial_00043_hard_negative_structure_obs-empirical_prior-axis_edge_orthogonal_rel1x.npz,axis_edge_orthogonal,1.0,lag0_1_2_4_8,"0,1,2,4,8",5,4,16,40,10,0.01,0.00928265995862973,0.07048464459357834,0.18303271973229698,0.1585771896065762,0.09075397895322637
44,response_tables/trial_00044_hard_negative_structure_obs-empirical_prior-axis_edge_parallel_rel2x.npz,axis_edge_parallel,2.0,instant,0,1,4,16,40,10,0.01,-0.00023815885268457793,-0.0005281469593974575,0.0033030629348271556,1.387429963599823e-06,
44,response_tables/trial_00044_hard_negative_structure_obs-empirical_prior-axis_edge_parallel_rel2x.npz,axis_edge_parallel,2.0,lag0_1,"0,1",2,4,16,40,10,0.01,-0.004333778638891728,-0.0068307212223134295,0.0074713666536797285,0.2896144987073291,7.829668335282845e-07
44,response_tables/trial_00044_hard_negative_structure_obs-empirical_prior-axis_edge_parallel_rel2x.npz,axis_edge_parallel,2.0,lag0_1_2,"0,1,2",3,4,16,40,10,0.01,-0.011463014328567445,-0.017228198671538464,0.012579368236759009,0.19396677912646046,0.06011046113965893
44,response_tables/trial_00044_hard_negative_structure_obs-empirical_prior-axis_edge_parallel_rel2x.npz,axis_edge_parallel,2.0,lag0_1_2_4,"0,1,2,4",4,4,16,40,10,0.01,-0.02916327088668294,-0.04315368707200207,0.022063717302137603,0.18821822819838166,0.13842529081958693
44,response_tables/trial_00044_hard_negative_structure_obs-empirical_prior-axis_edge_parallel_rel2x.npz,axis_edge_parallel,2.0,lag0_1_2_4_8,"0,1,2,4,8",5,4,16,40,10,0.01,-0.06208613930496926,-0.09661211290522664,0.04101139752297356,0.30167949156133783,0.1968688721966203
44,response_tables/trial_00044_hard_negative_structure_obs-empirical_prior-axis_edge_orthogonal_rel2x.npz,axis_edge_orthogonal,2.0,instant,0,1,4,16,40,10,0.01,0.0034678615273096014,0.0033281436846582246,0.006232237831545168,7.707666808226193e-07,
44,response_tables/trial_00044_hard_negative_structure_obs-empirical_prior-axis_edge_orthogonal_rel2x.npz,axis_edge_orthogonal,2.0,lag0_1,"0,1",2,4,16,40,10,0.01,0.002603236207262105,0.0007338441359954762,0.010823650741092233,0.2425796537614402,6.339723718094852e-07
44,response_tables/trial_00044_hard_negative_structure_obs-empirical_prior-axis_edge_orthogonal_rel2x.npz,axis_edge_orthogonal,2.0,lag0_1_2,"0,1,2",3,4,16,40,10,0.01,-0.001313641157825396,-0.007602907104105161,0.015618948541835681,0.2667048149346924,0.13061816010650928
44,response_tables/trial_00044_hard_negative_structure_obs-empirical_prior-axis_edge_orthogonal_rel2x.npz,axis_edge_orthogonal,2.0,lag0_1_2_4,"0,1,2,4",4,4,16,40,10,0.01,-0.012899980484491397,-0.025188688321416963,0.022082509271183937,0.25507061552851046,0.19357007571763613
44,response_tables/trial_00044_hard_negative_structure_obs-empirical_prior-axis_edge_orthogonal_rel2x.npz,axis_edge_orthogonal,2.0,lag0_1_2_4_8,"0,1,2,4,8",5,4,16,40,10,0.01,-0.03962039448542362,-0.06540564425386608,0.03393438954322131,0.3393312911785532,0.1656224678169807
45,response_tables/trial_00045_hard_negative_structure_obs-empirical_prior-axis_edge_parallel_rel0p5x.npz,axis_edge_parallel,0.5,instant,0,1,4,16,40,10,0.01,0.000367503876705616,0.0010906509322399227,0.003032838807092375,5.578146805203259e-07,
45,response_tables/trial_00045_hard_negative_structure_obs-empirical_prior-axis_edge_parallel_rel0p5x.npz,axis_edge_parallel,0.5,lag0_1,"0,1",2,4,16,40,10,0.01,0.00034934627163804577,0.0011676598569903551,0.004752603431644187,0.25623677485135216,1.85622929149798e-07
45,response_tables/trial_00045_hard_negative_structure_obs-empirical_prior-axis_edge_parallel_rel0p5x.npz,axis_edge_parallel,0.5,lag0_1_2,"0,1,2",3,4,16,40,10,0.01,0.0009720875195635414,0.0014646429845754927,0.0067689662565231234,0.20160492500902882,0.07888841156178628
45,response_tables/trial_00045_hard_negative_structure_obs-empirical_prior-axis_edge_parallel_rel0p5x.npz,axis_edge_parallel,0.5,lag0_1_2_4,"0,1,2,4",4,4,16,40,10,0.01,-0.0011023644982053604,-0.00038825734393593825,0.009164228400831143,0.37927272367599635,0.10664230274270747
45,response_tables/trial_00045_hard_negative_structure_obs-empirical_prior-axis_edge_parallel_rel0p5x.npz,axis_edge_parallel,0.5,lag0_1_2_4_8,"0,1,2,4,8",5,4,16,40,10,0.01,-0.020014932622504034,-0.0097708765375627,0.01617030177108217,0.2850013023655197,0.14659552666699494
45,response_tables/trial_00045_hard_negative_structure_obs-empirical_prior-axis_edge_orthogonal_rel0p5x.npz,axis_edge_orthogonal,0.5,instant,0,1,4,16,40,10,0.01,-0.006260644466437815,-0.00222195522370483,0.0018322225502409861,5.007769156274397e-07,
45,response_tables/trial_00045_hard_negative_structure_obs-empirical_prior-axis_edge_orthogonal_rel0p5x.npz,axis_edge_orthogonal,0.5,lag0_1,"0,1",2,4,16,40,10,0.01,-0.007437986219503423,-0.002669803518418723,0.003789419519125259,0.2495862231410982,1.1690106198939821e-07
45,response_tables/trial_00045_hard_negative_structure_obs-empirical_prior-axis_edge_orthogonal_rel0p5x.npz,axis_edge_orthogonal,0.5,lag0_1_2,"0,1,2",3,4,16,40,10,0.01,-0.0071686744780113665,-0.002503219751068375,0.006507863266894176,0.17186338101489235,0.04594068774562903
45,response_tables/trial_00045_hard_negative_structure_obs-empirical_prior-axis_edge_orthogonal_rel0p5x.npz,axis_edge_orthogonal,0.5,lag0_1_2_4,"0,1,2,4",4,4,16,40,10,0.01,-0.009283860508705999,-0.004081707613177832,0.010955585228860365,0.24434169919794618,0.08443151116570384
45,response_tables/trial_00045_hard_negative_structure_obs-empirical_prior-axis_edge_orthogonal_rel0p5x.npz,axis_edge_orthogonal,0.5,lag0_1_2_4_8,"0,1,2,4,8",5,4,16,40,10,0.01,-0.026600901283133638,-0.020061019547773062,0.018364694394208764,0.3616354763776577,0.14389362718915272
46,response_tables/trial_00046_hard_negative_structure_obs-empirical_prior-axis_edge_parallel_rel1x.npz,axis_edge_parallel,1.0,instant,0,1,4,16,40,10,0.01,-0.0033279804210487596,-0.0033684720061152307,0.0018583673363228026,1.0178711058013407e-06,
46,response_tables/trial_00046_hard_negative_structure_obs-empirical_prior-axis_edge_parallel_rel1x.npz,axis_edge_parallel,1.0,lag0_1,"0,1",2,4,16,40,10,0.01,-0.0031924237882356155,-0.0030926745321215865,0.004529844886311363,0.10012751710771384,2.8383207750562143e-07
46,response_tables/trial_00046_hard_negative_structure_obs-empirical_prior-axis_edge_parallel_rel1x.npz,axis_edge_parallel,1.0,lag0_1_2,"0,1,2",3,4,16,40,10,0.01,-0.0015522760464729002,0.00034689395549653,0.008511907449503003,0.08331023949886954,0.03862715315649083
46,response_tables/trial_00046_hard_negative_structure_obs-empirical_prior-axis_edge_parallel_rel1x.npz,axis_edge_parallel,1.0,lag0_1_2_4,"0,1,2,4",4,4,16,40,10,0.01,-0.000345447765710577,0.0031171982815756394,0.017673359463658722,0.15549945608392762,0.06290217726567421
46,response_tables/trial_00046_hard_negative_structure_obs-empirical_prior-axis_edge_parallel_rel1x.npz,axis_edge_parallel,1.0,lag0_1_2_4_8,"0,1,2,4,8",5,4,16,40,10,0.01,0.011456708555082323,0.021982601417379732,0.04794527221003786,0.17836712090056256,0.085596703418332
46,response_tables/trial_00046_hard_negative_structure_obs-empirical_prior-axis_edge_orthogonal_rel1x.npz,axis_edge_orthogonal,1.0,instant,0,1,4,16,40,10,0.01,-0.004625880625052092,-0.004670015869424393,0.0019103844245743073,9.476937420560143e-07,
46,response_tables/trial_00046_hard_negative_structure_obs-empirical_prior-axis_edge_orthogonal_rel1x.npz,axis_edge_orthogonal,1.0,lag0_1,"0,1",2,4,16,40,10,0.01,-0.0055572262451145105,-0.004661592108068158,0.0035717132077835168,0.06132495752097503,2.5311458713168666e-07
46,response_tables/trial_00046_hard_negative_structure_obs-empirical_prior-axis_edge_orthogonal_rel1x.npz,axis_edge_orthogonal,1.0,lag0_1_2,"0,1,2",3,4,16,40,10,0.01,-0.005729275268499423,-0.0034632130702327846,0.0061010278266161455,0.11150644309835007,0.03132619224013765
46,response_tables/trial_00046_hard_negative_structure_obs-empirical_prior-axis_edge_orthogonal_rel1x.npz,axis_edge_orthogonal,1.0,lag0_1_2_4,"0,1,2,4",4,4,16,40,10,0.01,-0.008763164032739579,-0.0030245505910365678,0.011211504722697996,0.313351959436447,0.048800078282365614
46,response_tables/trial_00046_hard_negative_structure_obs-empirical_prior-axis_edge_orthogonal_rel1x.npz,axis_edge_orthogonal,1.0,lag0_1_2_4_8,"0,1,2,4,8",5,4,16,40,10,0.01,-0.007401925725115055,0.0036450329064336984,0.03262735237185199,0.25508331627517133,0.09889924235997863
47,response_tables/trial_00047_hard_negative_structure_obs-empirical_prior-axis_edge_parallel_rel2x.npz,axis_edge_parallel,2.0,instant,0,1,4,16,40,10,0.01,-0.002339736961238792,-0.002473078975569143,0.00039718285190734615,3.361141577571313e-06,
47,response_tables/trial_00047_hard_negative_structure_obs-empirical_prior-axis_edge_parallel_rel2x.npz,axis_edge_parallel,2.0,lag0_1,"0,1",2,4,16,40,10,0.01,-0.004125500880273858,-0.004329731594047148,0.001917103923883695,0.14649756812814285,2.5834587552001923e-06
47,response_tables/trial_00047_hard_negative_structure_obs-empirical_prior-axis_edge_parallel_rel2x.npz,axis_edge_parallel,2.0,lag0_1_2,"0,1,2",3,4,16,40,10,0.01,-0.004247452645873118,-0.00534368577403288,0.004701225443279278,0.12230222138622861,0.07039077428354029
47,response_tables/trial_00047_hard_negative_structure_obs-empirical_prior-axis_edge_parallel_rel2x.npz,axis_edge_parallel,2.0,lag0_1_2_4,"0,1,2,4",4,4,16,40,10,0.01,-0.0015345619238717467,-0.0015456386173188785,0.01189555028198419,0.2863749716354924,0.06588745978491072
47,response_tables/trial_00047_hard_negative_structure_obs-empirical_prior-axis_edge_parallel_rel2x.npz,axis_edge_parallel,2.0,lag0_1_2_4_8,"0,1,2,4,8",5,4,16,40,10,0.01,0.017142374327073356,0.019181612477916055,0.048295022436536994,0.20290883225736947,0.09106158496169275
47,response_tables/trial_00047_hard_negative_structure_obs-empirical_prior-axis_edge_orthogonal_rel2x.npz,axis_edge_orthogonal,2.0,instant,0,1,4,16,40,10,0.01,-0.0014727118477336765,-0.0014898070102834504,0.00027582731005304506,3.469765420554775e-06,
47,response_tables/trial_00047_hard_negative_structure_obs-empirical_prior-axis_edge_orthogonal_rel2x.npz,axis_edge_orthogonal,2.0,lag0_1,"0,1",2,4,16,40,10,0.01,-0.004253563357769108,-0.004359481400462828,0.001121991002987821,0.22048105035683402,6.155653872225066e-06
47,response_tables/trial_00047_hard_negative_structure_obs-empirical_prior-axis_edge_orthogonal_rel2x.npz,axis_edge_orthogonal,2.0,lag0_1_2,"0,1,2",3,4,16,40,10,0.01,-0.005275470153733475,-0.004976089725373889,0.0030630992176449434,0.13682773932873954,0.10605476148510865
47,response_tables/trial_00047_hard_negative_structure_obs-empirical_prior-axis_edge_orthogonal_rel2x.npz,axis_edge_orthogonal,2.0,lag0_1_2_4,"0,1,2,4",4,4,16,40,10,0.01,-0.003260721081323026,-0.002692476548695699,0.009090911329005358,0.18653018941816085,0.0730393867573718
47,response_tables/trial_00047_hard_negative_structure_obs-empirical_prior-axis_edge_orthogonal_rel2x.npz,axis_edge_orthogonal,2.0,lag0_1_2_4_8,"0,1,2,4,8",5,4,16,40,10,0.01,0.013439021527191092,0.014362642712079432,0.04424790120891814,0.11863674408806926,0.06711391633723267
