trial_id,response_cache_path,prior_family,prior_scale,filter_model,filter_family,filter_parameter,n_candidates,n_trajectories,n_timebins,basis_dim,ridge,mean_cv_r2_energy,median_cv_r2_energy,mean_train_r2_energy,median_coef_s2_over_s1
0,response_tables/trial_00000_hard_negative_structure_obs-empirical_prior-axis_edge_parallel_rel0p5x.npz,axis_edge_parallel,0.5,instant,delay,0.0,4,16,40,10,1e-06,-0.0022039999080383788,-0.002251341357164649,0.0042446531211884075,0.007278519010373113
0,response_tables/trial_00000_hard_negative_structure_obs-empirical_prior-axis_edge_parallel_rel0p5x.npz,axis_edge_parallel,0.5,delay1,delay,1.0,4,16,40,10,1e-06,-0.0009924425971132855,-0.0009526107472644929,0.00896158374416195,0.0029818891616162956
0,response_tables/trial_00000_hard_negative_structure_obs-empirical_prior-axis_edge_parallel_rel0p5x.npz,axis_edge_parallel,0.5,delay2,delay,2.0,4,16,40,10,1e-06,0.002653615812594712,0.002518026981835564,0.01514997111900021,0.0030682408934180378
0,response_tables/trial_00000_hard_negative_structure_obs-empirical_prior-axis_edge_parallel_rel0p5x.npz,axis_edge_parallel,0.5,delay3,delay,3.0,4,16,40,10,1e-06,0.00664182265281163,0.006339587387070689,0.023243967940383414,0.0020101670792927297
0,response_tables/trial_00000_hard_negative_structure_obs-empirical_prior-axis_edge_parallel_rel0p5x.npz,axis_edge_parallel,0.5,delay4,delay,4.0,4,16,40,10,1e-06,0.020066210681304403,0.020128429910646062,0.03952720388540454,0.002121390426415983
0,response_tables/trial_00000_hard_negative_structure_obs-empirical_prior-axis_edge_parallel_rel0p5x.npz,axis_edge_parallel,0.5,delay6,delay,6.0,4,16,40,10,1e-06,0.06670319357212307,0.06891432497690425,0.09150100117115528,0.0010664012410821267
0,response_tables/trial_00000_hard_negative_structure_obs-empirical_prior-axis_edge_parallel_rel0p5x.npz,axis_edge_parallel,0.5,delay8,delay,8.0,4,16,40,10,1e-06,0.13369748383634517,0.13330030397329828,0.1619147578749366,0.0007433713100151156
0,response_tables/trial_00000_hard_negative_structure_obs-empirical_prior-axis_edge_parallel_rel0p5x.npz,axis_edge_parallel,0.5,box2,boxcar,2.0,4,16,40,10,1e-06,-0.0018072509936463699,-0.00180413936547974,0.006639456475487415,0.004282987879095141
0,response_tables/trial_00000_hard_negative_structure_obs-empirical_prior-axis_edge_parallel_rel0p5x.npz,axis_edge_parallel,0.5,box4,boxcar,4.0,4,16,40,10,1e-06,0.0008148873049927119,0.0006873414001903888,0.012865972149873839,0.0023335490598080134
0,response_tables/trial_00000_hard_negative_structure_obs-empirical_prior-axis_edge_parallel_rel0p5x.npz,axis_edge_parallel,0.5,box8,boxcar,8.0,4,16,40,10,1e-06,0.02534129437023211,0.0255660191145074,0.043681732992533834,0.0009542430432742922
0,response_tables/trial_00000_hard_negative_structure_obs-empirical_prior-axis_edge_parallel_rel0p5x.npz,axis_edge_parallel,0.5,ema0p25,ema,0.25,4,16,40,10,1e-06,-0.0018927658708646211,-0.0019282385662570123,0.005819593608505036,0.0049512248330094155
0,response_tables/trial_00000_hard_negative_structure_obs-empirical_prior-axis_edge_parallel_rel0p5x.npz,axis_edge_parallel,0.5,ema0p50,ema,0.5,4,16,40,10,1e-06,0.0002624917500657631,0.00020936434667079284,0.010146918749157102,0.0023802803709388827
0,response_tables/trial_00000_hard_negative_structure_obs-empirical_prior-axis_edge_parallel_rel0p5x.npz,axis_edge_parallel,0.5,ema0p75,ema,0.75,4,16,40,10,1e-06,0.02393229551427395,0.024403375280355244,0.038540910848149396,0.0010536332114902706
0,response_tables/trial_00000_hard_negative_structure_obs-empirical_prior-axis_edge_parallel_rel0p5x.npz,axis_edge_parallel,0.5,ema0p90,ema,0.9,4,16,40,10,1e-06,0.2098030529978499,0.2059279768609687,0.23075583693353827,0.00027129191709016493
0,response_tables/trial_00000_hard_negative_structure_obs-empirical_prior-axis_edge_orthogonal_rel0p5x.npz,axis_edge_orthogonal,0.5,instant,delay,0.0,4,16,40,10,1e-06,-0.0006886883259751841,0.00019626879089479354,0.0055708585436213265,0.004398227067277485
0,response_tables/trial_00000_hard_negative_structure_obs-empirical_prior-axis_edge_orthogonal_rel0p5x.npz,axis_edge_orthogonal,0.5,delay1,delay,1.0,4,16,40,10,1e-06,0.0014031473390728744,0.002545313941606342,0.01094077760029305,0.0027301869677841505
0,response_tables/trial_00000_hard_negative_structure_obs-empirical_prior-axis_edge_orthogonal_rel0p5x.npz,axis_edge_orthogonal,0.5,delay2,delay,2.0,4,16,40,10,1e-06,0.005346300071840726,0.006941822837492451,0.017253552258248567,0.002721994760710136
0,response_tables/trial_00000_hard_negative_structure_obs-empirical_prior-axis_edge_orthogonal_rel0p5x.npz,axis_edge_orthogonal,0.5,delay3,delay,3.0,4,16,40,10,1e-06,0.009349318348244706,0.011108470976558926,0.02545276877529537,0.0017759725659398143
0,response_tables/trial_00000_hard_negative_structure_obs-empirical_prior-axis_edge_orthogonal_rel0p5x.npz,axis_edge_orthogonal,0.5,delay4,delay,4.0,4,16,40,10,1e-06,0.023488940967825195,0.025413671383443304,0.04227488139283933,0.001983054937465736
0,response_tables/trial_00000_hard_negative_structure_obs-empirical_prior-axis_edge_orthogonal_rel0p5x.npz,axis_edge_orthogonal,0.5,delay6,delay,6.0,4,16,40,10,1e-06,0.07068920679554488,0.07041543300665415,0.09363591478735897,0.001395472690434703
0,response_tables/trial_00000_hard_negative_structure_obs-empirical_prior-axis_edge_orthogonal_rel0p5x.npz,axis_edge_orthogonal,0.5,delay8,delay,8.0,4,16,40,10,1e-06,0.14163898442277048,0.14289323008284444,0.1658186460983747,0.001003065577814165
0,response_tables/trial_00000_hard_negative_structure_obs-empirical_prior-axis_edge_orthogonal_rel0p5x.npz,axis_edge_orthogonal,0.5,box2,boxcar,2.0,4,16,40,10,1e-06,0.00024920306864581465,0.0013331879298022487,0.0083804636146603,0.002981283103134168
0,response_tables/trial_00000_hard_negative_structure_obs-empirical_prior-axis_edge_orthogonal_rel0p5x.npz,axis_edge_orthogonal,0.5,box4,boxcar,4.0,4,16,40,10,1e-06,0.0034400279867757566,0.004994536893140333,0.015077604010584444,0.0024084236195026512
0,response_tables/trial_00000_hard_negative_structure_obs-empirical_prior-axis_edge_orthogonal_rel0p5x.npz,axis_edge_orthogonal,0.5,box8,boxcar,8.0,4,16,40,10,1e-06,0.029440453269432842,0.03149879393213095,0.047047833811441814,0.0012231215730308502
0,response_tables/trial_00000_hard_negative_structure_obs-empirical_prior-axis_edge_orthogonal_rel0p5x.npz,axis_edge_orthogonal,0.5,ema0p25,ema,0.25,4,16,40,10,1e-06,-3.9382214327865483e-05,0.0010080143299429634,0.007411471362641836,0.0031515538915489806
0,response_tables/trial_00000_hard_negative_structure_obs-empirical_prior-axis_edge_orthogonal_rel0p5x.npz,axis_edge_orthogonal,0.5,ema0p50,ema,0.5,4,16,40,10,1e-06,0.002652653579148706,0.004047107193797139,0.012182509459484292,0.0018239253424156949
0,response_tables/trial_00000_hard_negative_structure_obs-empirical_prior-axis_edge_orthogonal_rel0p5x.npz,axis_edge_orthogonal,0.5,ema0p75,ema,0.75,4,16,40,10,1e-06,0.028264660868428326,0.030368683504489513,0.04191886516287088,0.0010968168977179178
0,response_tables/trial_00000_hard_negative_structure_obs-empirical_prior-axis_edge_orthogonal_rel0p5x.npz,axis_edge_orthogonal,0.5,ema0p90,ema,0.9,4,16,40,10,1e-06,0.2195716410585304,0.2194802431005055,0.235185330842046,0.00037592799357999006
1,response_tables/trial_00001_hard_negative_structure_obs-empirical_prior-axis_edge_parallel_rel1x.npz,axis_edge_parallel,1.0,instant,delay,0.0,4,16,40,10,1e-06,-0.0037629914150453803,-0.004298297358304115,0.006906172014219281,0.009778692041890224
1,response_tables/trial_00001_hard_negative_structure_obs-empirical_prior-axis_edge_parallel_rel1x.npz,axis_edge_parallel,1.0,delay1,delay,1.0,4,16,40,10,1e-06,-0.009145961537216862,-0.009625195317433666,0.006574477080138474,0.009937181372861478
1,response_tables/trial_00001_hard_negative_structure_obs-empirical_prior-axis_edge_parallel_rel1x.npz,axis_edge_parallel,1.0,delay2,delay,2.0,4,16,40,10,1e-06,-0.015790438464235723,-0.0162392879590455,0.005661131577735373,0.012713288070251221
1,response_tables/trial_00001_hard_negative_structure_obs-empirical_prior-axis_edge_parallel_rel1x.npz,axis_edge_parallel,1.0,delay3,delay,3.0,4,16,40,10,1e-06,-0.022999552651164656,-0.022935224587875225,0.004863250255560919,0.008063481100939542
1,response_tables/trial_00001_hard_negative_structure_obs-empirical_prior-axis_edge_parallel_rel1x.npz,axis_edge_parallel,1.0,delay4,delay,4.0,4,16,40,10,1e-06,-0.030859293041002878,-0.030328165095296344,0.0034558402436283553,0.020795785467686012
1,response_tables/trial_00001_hard_negative_structure_obs-empirical_prior-axis_edge_parallel_rel1x.npz,axis_edge_parallel,1.0,delay6,delay,6.0,4,16,40,10,1e-06,-0.04564015725239018,-0.04207221549760454,0.0012442549921293788,0.1516084764877991
1,response_tables/trial_00001_hard_negative_structure_obs-empirical_prior-axis_edge_parallel_rel1x.npz,axis_edge_parallel,1.0,delay8,delay,8.0,4,16,40,10,1e-06,-0.058530674068183075,-0.049965696214210764,0.0016031253965352599,0.06776151921224462
1,response_tables/trial_00001_hard_negative_structure_obs-empirical_prior-axis_edge_parallel_rel1x.npz,axis_edge_parallel,1.0,box2,boxcar,2.0,4,16,40,10,1e-06,-0.006595209247377942,-0.00707833865873575,0.006980413799584695,0.009259965938078528
1,response_tables/trial_00001_hard_negative_structure_obs-empirical_prior-axis_edge_parallel_rel1x.npz,axis_edge_parallel,1.0,box4,boxcar,4.0,4,16,40,10,1e-06,-0.013825090800694773,-0.01422639607313525,0.006271430969567449,0.008805751036199124
1,response_tables/trial_00001_hard_negative_structure_obs-empirical_prior-axis_edge_parallel_rel1x.npz,axis_edge_parallel,1.0,box8,boxcar,8.0,4,16,40,10,1e-06,-0.031915696019353346,-0.0314110097426501,0.0027425007979733906,0.024926191282711778
1,response_tables/trial_00001_hard_negative_structure_obs-empirical_prior-axis_edge_parallel_rel1x.npz,axis_edge_parallel,1.0,ema0p25,ema,0.25,4,16,40,10,1e-06,-0.005700845580700331,-0.006207927187164453,0.006956694198778979,0.00937602620247141
1,response_tables/trial_00001_hard_negative_structure_obs-empirical_prior-axis_edge_parallel_rel1x.npz,axis_edge_parallel,1.0,ema0p50,ema,0.5,4,16,40,10,1e-06,-0.010123991830476353,-0.010551963370487472,0.006524554342565464,0.00970548015015177
1,response_tables/trial_00001_hard_negative_structure_obs-empirical_prior-axis_edge_parallel_rel1x.npz,axis_edge_parallel,1.0,ema0p75,ema,0.75,4,16,40,10,1e-06,-0.02616077319151272,-0.025509160278069265,0.004034978549785989,0.017611782497730773
1,response_tables/trial_00001_hard_negative_structure_obs-empirical_prior-axis_edge_parallel_rel1x.npz,axis_edge_parallel,1.0,ema0p90,ema,0.9,4,16,40,10,1e-06,-0.07554224700232676,-0.06647430768226825,0.0015850663256360698,0.10014344897698584
1,response_tables/trial_00001_hard_negative_structure_obs-empirical_prior-axis_edge_orthogonal_rel1x.npz,axis_edge_orthogonal,1.0,instant,delay,0.0,4,16,40,10,1e-06,-0.0027686469466724484,-0.0012899873429578212,0.007968936272687965,0.005333397955645811
1,response_tables/trial_00001_hard_negative_structure_obs-empirical_prior-axis_edge_orthogonal_rel1x.npz,axis_edge_orthogonal,1.0,delay1,delay,1.0,4,16,40,10,1e-06,-0.008531771567840407,-0.007245596063037207,0.007225138963099148,0.00321620985325634
1,response_tables/trial_00001_hard_negative_structure_obs-empirical_prior-axis_edge_orthogonal_rel1x.npz,axis_edge_orthogonal,1.0,delay2,delay,2.0,4,16,40,10,1e-06,-0.015518449894481645,-0.014462502734534977,0.005991278438659514,0.003890705396263912
1,response_tables/trial_00001_hard_negative_structure_obs-empirical_prior-axis_edge_orthogonal_rel1x.npz,axis_edge_orthogonal,1.0,delay3,delay,3.0,4,16,40,10,1e-06,-0.02305840984652502,-0.021961835394498475,0.00495939112073443,0.005020184804687346
1,response_tables/trial_00001_hard_negative_structure_obs-empirical_prior-axis_edge_orthogonal_rel1x.npz,axis_edge_orthogonal,1.0,delay4,delay,4.0,4,16,40,10,1e-06,-0.031046777623254362,-0.029709138045582284,0.003487293223915333,0.00943126179846335
1,response_tables/trial_00001_hard_negative_structure_obs-empirical_prior-axis_edge_orthogonal_rel1x.npz,axis_edge_orthogonal,1.0,delay6,delay,6.0,4,16,40,10,1e-06,-0.046302678160280664,-0.043542311566648007,0.0011218403863149373,0.1202949021156404
1,response_tables/trial_00001_hard_negative_structure_obs-empirical_prior-axis_edge_orthogonal_rel1x.npz,axis_edge_orthogonal,1.0,delay8,delay,8.0,4,16,40,10,1e-06,-0.05870213635917643,-0.05251522188220181,0.0019322874658015965,0.07989465376327819
1,response_tables/trial_00001_hard_negative_structure_obs-empirical_prior-axis_edge_orthogonal_rel1x.npz,axis_edge_orthogonal,1.0,box2,boxcar,2.0,4,16,40,10,1e-06,-0.005776179254448954,-0.004313667173598823,0.007860039554084097,0.0037941813282167444
1,response_tables/trial_00001_hard_negative_structure_obs-empirical_prior-axis_edge_orthogonal_rel1x.npz,axis_edge_orthogonal,1.0,box4,boxcar,4.0,4,16,40,10,1e-06,-0.013423144891315353,-0.012226309813054392,0.006834601915040567,0.003187624835030944
1,response_tables/trial_00001_hard_negative_structure_obs-empirical_prior-axis_edge_orthogonal_rel1x.npz,axis_edge_orthogonal,1.0,box8,boxcar,8.0,4,16,40,10,1e-06,-0.0324191269052061,-0.03161853361639888,0.0028457855523701114,0.007364118452057658
1,response_tables/trial_00001_hard_negative_structure_obs-empirical_prior-axis_edge_orthogonal_rel1x.npz,axis_edge_orthogonal,1.0,ema0p25,ema,0.25,4,16,40,10,1e-06,-0.00483082872474111,-0.003360069901927276,0.007908119889698417,0.0043667411760044865
1,response_tables/trial_00001_hard_negative_structure_obs-empirical_prior-axis_edge_orthogonal_rel1x.npz,axis_edge_orthogonal,1.0,ema0p50,ema,0.5,4,16,40,10,1e-06,-0.009562746788311705,-0.00818701076443773,0.007233498709833336,0.003472601394756204
1,response_tables/trial_00001_hard_negative_structure_obs-empirical_prior-axis_edge_orthogonal_rel1x.npz,axis_edge_orthogonal,1.0,ema0p75,ema,0.75,4,16,40,10,1e-06,-0.026677903884076426,-0.02519336014546769,0.004040013978557105,0.004918383488118612
1,response_tables/trial_00001_hard_negative_structure_obs-empirical_prior-axis_edge_orthogonal_rel1x.npz,axis_edge_orthogonal,1.0,ema0p90,ema,0.9,4,16,40,10,1e-06,-0.07606686434282134,-0.06864539013026838,0.0019671260212549835,0.0886981599643574
2,response_tables/trial_00002_hard_negative_structure_obs-empirical_prior-axis_edge_parallel_rel2x.npz,axis_edge_parallel,2.0,instant,delay,0.0,4,16,40,10,1e-06,0.0039053893807482476,0.0037337859420487063,0.005129221572660464,0.012997987931138627
2,response_tables/trial_00002_hard_negative_structure_obs-empirical_prior-axis_edge_parallel_rel2x.npz,axis_edge_parallel,2.0,delay1,delay,1.0,4,16,40,10,1e-06,0.0034166076297831582,0.0034994620515536035,0.006706366143953757,0.016369197826154206
2,response_tables/trial_00002_hard_negative_structure_obs-empirical_prior-axis_edge_parallel_rel2x.npz,axis_edge_parallel,2.0,delay2,delay,2.0,4,16,40,10,1e-06,0.001050328802417011,0.0007666474703021398,0.007697850727238664,0.015852932696937154
2,response_tables/trial_00002_hard_negative_structure_obs-empirical_prior-axis_edge_parallel_rel2x.npz,axis_edge_parallel,2.0,delay3,delay,3.0,4,16,40,10,1e-06,-0.002417552214514257,-0.0032946995462269646,0.008465034458051995,0.014662289114827321
2,response_tables/trial_00002_hard_negative_structure_obs-empirical_prior-axis_edge_parallel_rel2x.npz,axis_edge_parallel,2.0,delay4,delay,4.0,4,16,40,10,1e-06,-0.01009102461344813,-0.012354107996178532,0.007995269836963553,0.015194082326697812
2,response_tables/trial_00002_hard_negative_structure_obs-empirical_prior-axis_edge_parallel_rel2x.npz,axis_edge_parallel,2.0,delay6,delay,6.0,4,16,40,10,1e-06,-0.03179084051463532,-0.038151154988147584,0.004529908207620559,0.0512613517989801
2,response_tables/trial_00002_hard_negative_structure_obs-empirical_prior-axis_edge_parallel_rel2x.npz,axis_edge_parallel,2.0,delay8,delay,8.0,4,16,40,10,1e-06,-0.05688308422983396,-0.06801363281198247,0.002848376088990634,0.15349714096466294
2,response_tables/trial_00002_hard_negative_structure_obs-empirical_prior-axis_edge_parallel_rel2x.npz,axis_edge_parallel,2.0,box2,boxcar,2.0,4,16,40,10,1e-06,0.004017792904941725,0.003947903989475754,0.006248625277952391,0.012853205157344241
2,response_tables/trial_00002_hard_negative_structure_obs-empirical_prior-axis_edge_parallel_rel2x.npz,axis_edge_parallel,2.0,box4,boxcar,4.0,4,16,40,10,1e-06,0.0027953234661521054,0.002976153667021031,0.007831441166719855,0.012367097409644923
2,response_tables/trial_00002_hard_negative_structure_obs-empirical_prior-axis_edge_parallel_rel2x.npz,axis_edge_parallel,2.0,box8,boxcar,8.0,4,16,40,10,1e-06,-0.008621611186947237,-0.010202604346716493,0.007062329244066634,0.012319775004528213
2,response_tables/trial_00002_hard_negative_structure_obs-empirical_prior-axis_edge_parallel_rel2x.npz,axis_edge_parallel,2.0,ema0p25,ema,0.25,4,16,40,10,1e-06,0.004016373523790612,0.003910938437681144,0.005868692710444712,0.012432966521758142
2,response_tables/trial_00002_hard_negative_structure_obs-empirical_prior-axis_edge_parallel_rel2x.npz,axis_edge_parallel,2.0,ema0p50,ema,0.5,4,16,40,10,1e-06,0.0031998374502957283,0.0033762085096373795,0.006774329671446561,0.013004719981647348
2,response_tables/trial_00002_hard_negative_structure_obs-empirical_prior-axis_edge_parallel_rel2x.npz,axis_edge_parallel,2.0,ema0p75,ema,0.75,4,16,40,10,1e-06,-0.007115732633259292,-0.008897718872818872,0.007065413967387163,0.016044155955145058
2,response_tables/trial_00002_hard_negative_structure_obs-empirical_prior-axis_edge_parallel_rel2x.npz,axis_edge_parallel,2.0,ema0p90,ema,0.9,4,16,40,10,1e-06,-0.08383408048233781,-0.09887787260880343,0.00654874642038164,0.024685018268546854
2,response_tables/trial_00002_hard_negative_structure_obs-empirical_prior-axis_edge_orthogonal_rel2x.npz,axis_edge_orthogonal,2.0,instant,delay,0.0,4,16,40,10,1e-06,0.0028200610201018494,0.002447815750582283,0.004289707010959848,0.009969539691002576
2,response_tables/trial_00002_hard_negative_structure_obs-empirical_prior-axis_edge_orthogonal_rel2x.npz,axis_edge_orthogonal,2.0,delay1,delay,1.0,4,16,40,10,1e-06,0.0019223554705109225,0.0017368990331159684,0.005661999135014445,0.013262628534582117
2,response_tables/trial_00002_hard_negative_structure_obs-empirical_prior-axis_edge_orthogonal_rel2x.npz,axis_edge_orthogonal,2.0,delay2,delay,2.0,4,16,40,10,1e-06,-0.0006603991333577197,-0.00042302679285688427,0.006623401094027315,0.010837171333566896
2,response_tables/trial_00002_hard_negative_structure_obs-empirical_prior-axis_edge_orthogonal_rel2x.npz,axis_edge_orthogonal,2.0,delay3,delay,3.0,4,16,40,10,1e-06,-0.004468102638210014,-0.004984523566873178,0.007121674391259769,0.012965345298939937
2,response_tables/trial_00002_hard_negative_structure_obs-empirical_prior-axis_edge_orthogonal_rel2x.npz,axis_edge_orthogonal,2.0,delay4,delay,4.0,4,16,40,10,1e-06,-0.01242626261950347,-0.014386197545061319,0.00685850763692844,0.01702873814010185
2,response_tables/trial_00002_hard_negative_structure_obs-empirical_prior-axis_edge_orthogonal_rel2x.npz,axis_edge_orthogonal,2.0,delay6,delay,6.0,4,16,40,10,1e-06,-0.03305012513322031,-0.03899625169466614,0.004050169907115236,0.04069946125099472
2,response_tables/trial_00002_hard_negative_structure_obs-empirical_prior-axis_edge_orthogonal_rel2x.npz,axis_edge_orthogonal,2.0,delay8,delay,8.0,4,16,40,10,1e-06,-0.05877183375893974,-0.06873115238111849,0.0026794405947295485,0.10001342748278638
2,response_tables/trial_00002_hard_negative_structure_obs-empirical_prior-axis_edge_orthogonal_rel2x.npz,axis_edge_orthogonal,2.0,box2,boxcar,2.0,4,16,40,10,1e-06,0.0026766872263330743,0.0022909768371073835,0.0052582972519563675,0.009587853664527704
2,response_tables/trial_00002_hard_negative_structure_obs-empirical_prior-axis_edge_orthogonal_rel2x.npz,axis_edge_orthogonal,2.0,box4,boxcar,4.0,4,16,40,10,1e-06,0.001051622009274611,0.0010466369230435202,0.0066291272945256385,0.009555372210131198
2,response_tables/trial_00002_hard_negative_structure_obs-empirical_prior-axis_edge_orthogonal_rel2x.npz,axis_edge_orthogonal,2.0,box8,boxcar,8.0,4,16,40,10,1e-06,-0.010593444879952285,-0.011680004795423748,0.006029364984984714,0.00994028675418396
2,response_tables/trial_00002_hard_negative_structure_obs-empirical_prior-axis_edge_orthogonal_rel2x.npz,axis_edge_orthogonal,2.0,ema0p25,ema,0.25,4,16,40,10,1e-06,0.0027606664886465626,0.002339683222834066,0.004928352965625604,0.009105640462289342
2,response_tables/trial_00002_hard_negative_structure_obs-empirical_prior-axis_edge_orthogonal_rel2x.npz,axis_edge_orthogonal,2.0,ema0p50,ema,0.5,4,16,40,10,1e-06,0.001651206086410506,0.0015527835741723783,0.0057073917826959975,0.009578982794248233
2,response_tables/trial_00002_hard_negative_structure_obs-empirical_prior-axis_edge_orthogonal_rel2x.npz,axis_edge_orthogonal,2.0,ema0p75,ema,0.75,4,16,40,10,1e-06,-0.009355493792802871,-0.010783810546388328,0.005927656345692894,0.009598230011265856
2,response_tables/trial_00002_hard_negative_structure_obs-empirical_prior-axis_edge_orthogonal_rel2x.npz,axis_edge_orthogonal,2.0,ema0p90,ema,0.9,4,16,40,10,1e-06,-0.08663131925738066,-0.10213141602525588,0.0059997379316655275,0.01662205680932489
3,response_tables/trial_00003_hard_negative_structure_obs-empirical_prior-axis_edge_parallel_rel0p5x.npz,axis_edge_parallel,0.5,instant,delay,0.0,4,16,40,10,1e-06,-0.014044386337202508,-0.014879850224719382,0.0019253802838749556,0.0004968923106469943
3,response_tables/trial_00003_hard_negative_structure_obs-empirical_prior-axis_edge_parallel_rel0p5x.npz,axis_edge_parallel,0.5,delay1,delay,1.0,4,16,40,10,1e-06,-0.03868412532758703,-0.0374027790322502,0.0006906834528575545,0.001523377702900233
3,response_tables/trial_00003_hard_negative_structure_obs-empirical_prior-axis_edge_parallel_rel0p5x.npz,axis_edge_parallel,0.5,delay2,delay,2.0,4,16,40,10,1e-06,-0.07955073362449488,-0.08023668440564335,0.0011760553463503187,0.003847340522674852
3,response_tables/trial_00003_hard_negative_structure_obs-empirical_prior-axis_edge_parallel_rel0p5x.npz,axis_edge_parallel,0.5,delay3,delay,3.0,4,16,40,10,1e-06,-0.12736196489571494,-0.13145645711869702,0.0030383140907001283,0.0007376996398641651
3,response_tables/trial_00003_hard_negative_structure_obs-empirical_prior-axis_edge_parallel_rel0p5x.npz,axis_edge_parallel,0.5,delay4,delay,4.0,4,16,40,10,1e-06,-0.15572674931301134,-0.16148783675028688,0.002655714240536816,0.0006240616712993623
3,response_tables/trial_00003_hard_negative_structure_obs-empirical_prior-axis_edge_parallel_rel0p5x.npz,axis_edge_parallel,0.5,delay6,delay,6.0,4,16,40,10,1e-06,-0.18296722860392478,-0.1798254308757401,0.0009807244490697142,0.003456865899436651
3,response_tables/trial_00003_hard_negative_structure_obs-empirical_prior-axis_edge_parallel_rel0p5x.npz,axis_edge_parallel,0.5,delay8,delay,8.0,4,16,40,10,1e-06,-0.22747887922293836,-0.2262106751075571,0.001963599364189661,0.003505483356198277
3,response_tables/trial_00003_hard_negative_structure_obs-empirical_prior-axis_edge_parallel_rel0p5x.npz,axis_edge_parallel,0.5,box2,boxcar,2.0,4,16,40,10,1e-06,-0.024006537634579883,-0.023914913514609393,0.0013605349571857717,0.000876236033485554
3,response_tables/trial_00003_hard_negative_structure_obs-empirical_prior-axis_edge_parallel_rel0p5x.npz,axis_edge_parallel,0.5,box4,boxcar,4.0,4,16,40,10,1e-06,-0.061829742611004435,-0.064270987762296,0.001037576404215007,0.0017082954579817917
3,response_tables/trial_00003_hard_negative_structure_obs-empirical_prior-axis_edge_parallel_rel0p5x.npz,axis_edge_parallel,0.5,box8,boxcar,8.0,4,16,40,10,1e-06,-0.12645355118500085,-0.13147850467142097,0.0008930617110628203,0.003392692905968036
3,response_tables/trial_00003_hard_negative_structure_obs-empirical_prior-axis_edge_parallel_rel0p5x.npz,axis_edge_parallel,0.5,ema0p25,ema,0.25,4,16,40,10,1e-06,-0.019785846908153104,-0.020085338779906925,0.0016307768393176159,0.000625538392623618
3,response_tables/trial_00003_hard_negative_structure_obs-empirical_prior-axis_edge_parallel_rel0p5x.npz,axis_edge_parallel,0.5,ema0p50,ema,0.5,4,16,40,10,1e-06,-0.03670025583728964,-0.0370075167049817,0.0010905599561434332,0.000967391591787616
3,response_tables/trial_00003_hard_negative_structure_obs-empirical_prior-axis_edge_parallel_rel0p5x.npz,axis_edge_parallel,0.5,ema0p75,ema,0.75,4,16,40,10,1e-06,-0.1016918416166116,-0.1058685028566877,0.0007944903453079022,0.0027100778445175427
3,response_tables/trial_00003_hard_negative_structure_obs-empirical_prior-axis_edge_parallel_rel0p5x.npz,axis_edge_parallel,0.5,ema0p90,ema,0.9,4,16,40,10,1e-06,-0.33315374654511376,-0.3477694570431371,0.007770234640969126,0.0008306861692152398
3,response_tables/trial_00003_hard_negative_structure_obs-empirical_prior-axis_edge_orthogonal_rel0p5x.npz,axis_edge_orthogonal,0.5,instant,delay,0.0,4,16,40,10,1e-06,-0.017104976430748875,-0.014215561896755657,0.0016853735554257232,0.0007042825059323549
3,response_tables/trial_00003_hard_negative_structure_obs-empirical_prior-axis_edge_orthogonal_rel0p5x.npz,axis_edge_orthogonal,0.5,delay1,delay,1.0,4,16,40,10,1e-06,-0.03916895733550041,-0.03358037107705203,0.0006704215392522028,0.0018818732555892083
3,response_tables/trial_00003_hard_negative_structure_obs-empirical_prior-axis_edge_orthogonal_rel0p5x.npz,axis_edge_orthogonal,0.5,delay2,delay,2.0,4,16,40,10,1e-06,-0.07495475073981672,-0.07034509815084622,0.00046690552710110245,0.002674359454943836
3,response_tables/trial_00003_hard_negative_structure_obs-empirical_prior-axis_edge_orthogonal_rel0p5x.npz,axis_edge_orthogonal,0.5,delay3,delay,3.0,4,16,40,10,1e-06,-0.11298034583336114,-0.11071546218797645,0.0013182805754360094,0.0009556958797831559
3,response_tables/trial_00003_hard_negative_structure_obs-empirical_prior-axis_edge_orthogonal_rel0p5x.npz,axis_edge_orthogonal,0.5,delay4,delay,4.0,4,16,40,10,1e-06,-0.13844983857737697,-0.13800367141292413,0.0012212722680695898,0.001493344343860154
3,response_tables/trial_00003_hard_negative_structure_obs-empirical_prior-axis_edge_orthogonal_rel0p5x.npz,axis_edge_orthogonal,0.5,delay6,delay,6.0,4,16,40,10,1e-06,-0.1669471511879166,-0.1669319855435596,0.0014072773409799788,0.004170316700209188
3,response_tables/trial_00003_hard_negative_structure_obs-empirical_prior-axis_edge_orthogonal_rel0p5x.npz,axis_edge_orthogonal,0.5,delay8,delay,8.0,4,16,40,10,1e-06,-0.2162598145723943,-0.2197093423947295,0.002002858933080137,0.003657243648462063
3,response_tables/trial_00003_hard_negative_structure_obs-empirical_prior-axis_edge_orthogonal_rel0p5x.npz,axis_edge_orthogonal,0.5,box2,boxcar,2.0,4,16,40,10,1e-06,-0.025707171769617287,-0.021923945315818982,0.0013514494059642945,0.0008833240960220993
3,response_tables/trial_00003_hard_negative_structure_obs-empirical_prior-axis_edge_orthogonal_rel0p5x.npz,axis_edge_orthogonal,0.5,box4,boxcar,4.0,4,16,40,10,1e-06,-0.05648899604384999,-0.05417201431164709,0.000758319942850999,0.0031621700683631547
3,response_tables/trial_00003_hard_negative_structure_obs-empirical_prior-axis_edge_orthogonal_rel0p5x.npz,axis_edge_orthogonal,0.5,box8,boxcar,8.0,4,16,40,10,1e-06,-0.1119874514754795,-0.11364549909434962,0.0013699717240044929,0.0023860232772830586
3,response_tables/trial_00003_hard_negative_structure_obs-empirical_prior-axis_edge_orthogonal_rel0p5x.npz,axis_edge_orthogonal,0.5,ema0p25,ema,0.25,4,16,40,10,1e-06,-0.022046953203147368,-0.018982136304315445,0.0015478954303468628,0.0008127811047096048
3,response_tables/trial_00003_hard_negative_structure_obs-empirical_prior-axis_edge_orthogonal_rel0p5x.npz,axis_edge_orthogonal,0.5,ema0p50,ema,0.5,4,16,40,10,1e-06,-0.03624760621640721,-0.03351219408419137,0.0012125401559987814,0.0014501275996629058
3,response_tables/trial_00003_hard_negative_structure_obs-empirical_prior-axis_edge_orthogonal_rel0p5x.npz,axis_edge_orthogonal,0.5,ema0p75,ema,0.75,4,16,40,10,1e-06,-0.09236083677390738,-0.09223100129719086,0.0012241789054421581,0.002275962688946618
3,response_tables/trial_00003_hard_negative_structure_obs-empirical_prior-axis_edge_orthogonal_rel0p5x.npz,axis_edge_orthogonal,0.5,ema0p90,ema,0.9,4,16,40,10,1e-06,-0.30581515509500257,-0.30973446262783966,0.006034966862489499,0.001054086359695497
4,response_tables/trial_00004_hard_negative_structure_obs-empirical_prior-axis_edge_parallel_rel1x.npz,axis_edge_parallel,1.0,instant,delay,0.0,4,16,40,10,1e-06,-0.0069577353212652016,-0.002925373302119838,0.004414974316628573,0.0004286188983740486
4,response_tables/trial_00004_hard_negative_structure_obs-empirical_prior-axis_edge_parallel_rel1x.npz,axis_edge_parallel,1.0,delay1,delay,1.0,4,16,40,10,1e-06,-0.015199871330826675,-0.008606043458178725,0.004904454780733036,0.0005883837778940631
4,response_tables/trial_00004_hard_negative_structure_obs-empirical_prior-axis_edge_parallel_rel1x.npz,axis_edge_parallel,1.0,delay2,delay,2.0,4,16,40,10,1e-06,-0.02421860569341594,-0.015160219971568356,0.005201703778098504,0.000630123846654335
4,response_tables/trial_00004_hard_negative_structure_obs-empirical_prior-axis_edge_parallel_rel1x.npz,axis_edge_parallel,1.0,delay3,delay,3.0,4,16,40,10,1e-06,-0.03484892658025107,-0.022439904596408877,0.006173362850559555,0.00045990720226915104
4,response_tables/trial_00004_hard_negative_structure_obs-empirical_prior-axis_edge_parallel_rel1x.npz,axis_edge_parallel,1.0,delay4,delay,4.0,4,16,40,10,1e-06,-0.04934917024216767,-0.031198823546723764,0.006776581358768852,0.0009204967672383441
4,response_tables/trial_00004_hard_negative_structure_obs-empirical_prior-axis_edge_parallel_rel1x.npz,axis_edge_parallel,1.0,delay6,delay,6.0,4,16,40,10,1e-06,-0.08434150622660752,-0.051340066358941616,0.008485986778782262,0.0017936701161329193
4,response_tables/trial_00004_hard_negative_structure_obs-empirical_prior-axis_edge_parallel_rel1x.npz,axis_edge_parallel,1.0,delay8,delay,8.0,4,16,40,10,1e-06,-0.12166056155131744,-0.07225697097730377,0.011072907819782374,0.0018672315545562737
4,response_tables/trial_00004_hard_negative_structure_obs-empirical_prior-axis_edge_parallel_rel1x.npz,axis_edge_parallel,1.0,box2,boxcar,2.0,4,16,40,10,1e-06,-0.012098634644214346,-0.006348735535376959,0.004966180714795876,0.0004384684003324784
4,response_tables/trial_00004_hard_negative_structure_obs-empirical_prior-axis_edge_parallel_rel1x.npz,axis_edge_parallel,1.0,box4,boxcar,4.0,4,16,40,10,1e-06,-0.022295819101673886,-0.0133100137455342,0.005699960960178524,0.0003521021897427462
4,response_tables/trial_00004_hard_negative_structure_obs-empirical_prior-axis_edge_parallel_rel1x.npz,axis_edge_parallel,1.0,box8,boxcar,8.0,4,16,40,10,1e-06,-0.05114817632249691,-0.03095202592841151,0.0069486760204400255,0.00021486655316111666
4,response_tables/trial_00004_hard_negative_structure_obs-empirical_prior-axis_edge_parallel_rel1x.npz,axis_edge_parallel,1.0,ema0p25,ema,0.25,4,16,40,10,1e-06,-0.010244274218769556,-0.005051081006853919,0.004835297555249307,0.00040571448577161526
4,response_tables/trial_00004_hard_negative_structure_obs-empirical_prior-axis_edge_parallel_rel1x.npz,axis_edge_parallel,1.0,ema0p50,ema,0.5,4,16,40,10,1e-06,-0.017176292935022153,-0.009402428214161374,0.005490946525388007,0.0003520468394735993
4,response_tables/trial_00004_hard_negative_structure_obs-empirical_prior-axis_edge_parallel_rel1x.npz,axis_edge_parallel,1.0,ema0p75,ema,0.75,4,16,40,10,1e-06,-0.04680074649805449,-0.02660731214098,0.007629647049535976,0.0002235040607738178
4,response_tables/trial_00004_hard_negative_structure_obs-empirical_prior-axis_edge_parallel_rel1x.npz,axis_edge_parallel,1.0,ema0p90,ema,0.9,4,16,40,10,1e-06,-0.1673192072613316,-0.09551297928547431,0.01510375471591785,0.00044039045744935447
4,response_tables/trial_00004_hard_negative_structure_obs-empirical_prior-axis_edge_orthogonal_rel1x.npz,axis_edge_orthogonal,1.0,instant,delay,0.0,4,16,40,10,1e-06,-0.008510227558487349,-0.00266042661033028,0.003770283284259296,0.0005039293296255568
4,response_tables/trial_00004_hard_negative_structure_obs-empirical_prior-axis_edge_orthogonal_rel1x.npz,axis_edge_orthogonal,1.0,delay1,delay,1.0,4,16,40,10,1e-06,-0.016895375348438324,-0.007889829198154619,0.0036010070256983218,0.0007741708713969249
4,response_tables/trial_00004_hard_negative_structure_obs-empirical_prior-axis_edge_orthogonal_rel1x.npz,axis_edge_orthogonal,1.0,delay2,delay,2.0,4,16,40,10,1e-06,-0.025572687130032357,-0.014112125927442043,0.0036539868198381398,0.0007825517819733962
4,response_tables/trial_00004_hard_negative_structure_obs-empirical_prior-axis_edge_orthogonal_rel1x.npz,axis_edge_orthogonal,1.0,delay3,delay,3.0,4,16,40,10,1e-06,-0.0360313713760112,-0.021099984961894247,0.004109702207296423,0.0005955850339034609
4,response_tables/trial_00004_hard_negative_structure_obs-empirical_prior-axis_edge_orthogonal_rel1x.npz,axis_edge_orthogonal,1.0,delay4,delay,4.0,4,16,40,10,1e-06,-0.049067227203404284,-0.028917497375810508,0.005166227340809348,0.0006449099962623855
4,response_tables/trial_00004_hard_negative_structure_obs-empirical_prior-axis_edge_orthogonal_rel1x.npz,axis_edge_orthogonal,1.0,delay6,delay,6.0,4,16,40,10,1e-06,-0.0836654957393177,-0.04962500610406351,0.005638087026251598,0.0014192210299021008
4,response_tables/trial_00004_hard_negative_structure_obs-empirical_prior-axis_edge_orthogonal_rel1x.npz,axis_edge_orthogonal,1.0,delay8,delay,8.0,4,16,40,10,1e-06,-0.11820869526710032,-0.06864576583697213,0.008315191407929162,0.00173799865170785
4,response_tables/trial_00004_hard_negative_structure_obs-empirical_prior-axis_edge_orthogonal_rel1x.npz,axis_edge_orthogonal,1.0,box2,boxcar,2.0,4,16,40,10,1e-06,-0.01392256881349574,-0.00570850593558947,0.0039161940794234795,0.0005323415269932305
4,response_tables/trial_00004_hard_negative_structure_obs-empirical_prior-axis_edge_orthogonal_rel1x.npz,axis_edge_orthogonal,1.0,box4,boxcar,4.0,4,16,40,10,1e-06,-0.02427156112890977,-0.012383236018517096,0.004081079562292977,0.0004703932791458263
4,response_tables/trial_00004_hard_negative_structure_obs-empirical_prior-axis_edge_orthogonal_rel1x.npz,axis_edge_orthogonal,1.0,box8,boxcar,8.0,4,16,40,10,1e-06,-0.0529726280406988,-0.029821864810962273,0.004410916519095559,0.00026769251095202563
4,response_tables/trial_00004_hard_negative_structure_obs-empirical_prior-axis_edge_orthogonal_rel1x.npz,axis_edge_orthogonal,1.0,ema0p25,ema,0.25,4,16,40,10,1e-06,-0.012031547461793968,-0.004586882038638884,0.003936701358109029,0.00048091722378999107
4,response_tables/trial_00004_hard_negative_structure_obs-empirical_prior-axis_edge_orthogonal_rel1x.npz,axis_edge_orthogonal,1.0,ema0p50,ema,0.5,4,16,40,10,1e-06,-0.019217762394053428,-0.008758725764896225,0.0041686694659351375,0.0004364589208428058
4,response_tables/trial_00004_hard_negative_structure_obs-empirical_prior-axis_edge_orthogonal_rel1x.npz,axis_edge_orthogonal,1.0,ema0p75,ema,0.75,4,16,40,10,1e-06,-0.04869161034746422,-0.02556632930100511,0.005224203977101022,0.00035692743737701345
4,response_tables/trial_00004_hard_negative_structure_obs-empirical_prior-axis_edge_orthogonal_rel1x.npz,axis_edge_orthogonal,1.0,ema0p90,ema,0.9,4,16,40,10,1e-06,-0.16020606220662814,-0.08858926945443446,0.012013909095463016,0.0006321806586049748
5,response_tables/trial_00005_hard_negative_structure_obs-empirical_prior-axis_edge_parallel_rel2x.npz,axis_edge_parallel,2.0,instant,delay,0.0,4,16,40,10,1e-06,0.004060566028562529,0.004273636689129723,0.005818303041701917,0.0016043864662904552
5,response_tables/trial_00005_hard_negative_structure_obs-empirical_prior-axis_edge_parallel_rel2x.npz,axis_edge_parallel,2.0,delay1,delay,1.0,4,16,40,10,1e-06,0.006151958664040641,0.00662358449629552,0.010277945390352233,0.0008599194878265742
5,response_tables/trial_00005_hard_negative_structure_obs-empirical_prior-axis_edge_parallel_rel2x.npz,axis_edge_parallel,2.0,delay2,delay,2.0,4,16,40,10,1e-06,0.010916330520452988,0.010867651324195038,0.015584323968017233,0.0005908264596319483
5,response_tables/trial_00005_hard_negative_structure_obs-empirical_prior-axis_edge_parallel_rel2x.npz,axis_edge_parallel,2.0,delay3,delay,3.0,4,16,40,10,1e-06,0.016999215021821557,0.016557693207065738,0.022199805697814906,0.00037693116332481694
5,response_tables/trial_00005_hard_negative_structure_obs-empirical_prior-axis_edge_parallel_rel2x.npz,axis_edge_parallel,2.0,delay4,delay,4.0,4,16,40,10,1e-06,0.023403989268180242,0.023730107048607674,0.029419171253487697,0.00034726583050000853
5,response_tables/trial_00005_hard_negative_structure_obs-empirical_prior-axis_edge_parallel_rel2x.npz,axis_edge_parallel,2.0,delay6,delay,6.0,4,16,40,10,1e-06,0.03931976503961715,0.04376436694883107,0.046991887238853086,0.0001887780447799558
5,response_tables/trial_00005_hard_negative_structure_obs-empirical_prior-axis_edge_parallel_rel2x.npz,axis_edge_parallel,2.0,delay8,delay,8.0,4,16,40,10,1e-06,0.051042513518806565,0.0593355561246679,0.062394395125807356,0.0001599134572354997
5,response_tables/trial_00005_hard_negative_structure_obs-empirical_prior-axis_edge_parallel_rel2x.npz,axis_edge_parallel,2.0,box2,boxcar,2.0,4,16,40,10,1e-06,0.006342552980601268,0.006681058036413223,0.008867635376584693,0.0010123956682471333
5,response_tables/trial_00005_hard_negative_structure_obs-empirical_prior-axis_edge_parallel_rel2x.npz,axis_edge_parallel,2.0,box4,boxcar,4.0,4,16,40,10,1e-06,0.01192644877439053,0.011813442444210953,0.015147988496038822,0.000561781432893404
5,response_tables/trial_00005_hard_negative_structure_obs-empirical_prior-axis_edge_parallel_rel2x.npz,axis_edge_parallel,2.0,box8,boxcar,8.0,4,16,40,10,1e-06,0.026231105324691667,0.02917402467419483,0.030961892619195325,0.00020779450712554855
5,response_tables/trial_00005_hard_negative_structure_obs-empirical_prior-axis_edge_parallel_rel2x.npz,axis_edge_parallel,2.0,ema0p25,ema,0.25,4,16,40,10,1e-06,0.005778254785184372,0.006042755775395814,0.007817901473880368,0.0011628400159120885
5,response_tables/trial_00005_hard_negative_structure_obs-empirical_prior-axis_edge_parallel_rel2x.npz,axis_edge_parallel,2.0,ema0p50,ema,0.5,4,16,40,10,1e-06,0.009570908844902498,0.009645861901889152,0.011972985071022485,0.0007228104953773678
5,response_tables/trial_00005_hard_negative_structure_obs-empirical_prior-axis_edge_parallel_rel2x.npz,axis_edge_parallel,2.0,ema0p75,ema,0.75,4,16,40,10,1e-06,0.024071169069017517,0.02514880951863052,0.027580911383650375,0.0002574458122206649
5,response_tables/trial_00005_hard_negative_structure_obs-empirical_prior-axis_edge_parallel_rel2x.npz,axis_edge_parallel,2.0,ema0p90,ema,0.9,4,16,40,10,1e-06,0.06891427546170376,0.07895435234784864,0.08759952040598742,5.5104037380115394e-05
5,response_tables/trial_00005_hard_negative_structure_obs-empirical_prior-axis_edge_orthogonal_rel2x.npz,axis_edge_orthogonal,2.0,instant,delay,0.0,4,16,40,10,1e-06,0.003951307487213562,0.002772905663481484,0.005743852069889643,0.0019624017762559123
5,response_tables/trial_00005_hard_negative_structure_obs-empirical_prior-axis_edge_orthogonal_rel2x.npz,axis_edge_orthogonal,2.0,delay1,delay,1.0,4,16,40,10,1e-06,0.005684047467727826,0.0046437811414182795,0.0100423117620638,0.0010585084460601618
5,response_tables/trial_00005_hard_negative_structure_obs-empirical_prior-axis_edge_orthogonal_rel2x.npz,axis_edge_orthogonal,2.0,delay2,delay,2.0,4,16,40,10,1e-06,0.010832154094593704,0.010256711814901953,0.015723343392813338,0.0005257455614902386
5,response_tables/trial_00005_hard_negative_structure_obs-empirical_prior-axis_edge_orthogonal_rel2x.npz,axis_edge_orthogonal,2.0,delay3,delay,3.0,4,16,40,10,1e-06,0.01604840659833537,0.016057028796296557,0.021717685308250606,0.0003335312560428854
5,response_tables/trial_00005_hard_negative_structure_obs-empirical_prior-axis_edge_orthogonal_rel2x.npz,axis_edge_orthogonal,2.0,delay4,delay,4.0,4,16,40,10,1e-06,0.021909987141603582,0.022381605370668356,0.029148669171391056,0.000258769384526598
5,response_tables/trial_00005_hard_negative_structure_obs-empirical_prior-axis_edge_orthogonal_rel2x.npz,axis_edge_orthogonal,2.0,delay6,delay,6.0,4,16,40,10,1e-06,0.02970768555708156,0.03203228661785157,0.04069005555465044,0.00027080360431141863
5,response_tables/trial_00005_hard_negative_structure_obs-empirical_prior-axis_edge_orthogonal_rel2x.npz,axis_edge_orthogonal,2.0,delay8,delay,8.0,4,16,40,10,1e-06,0.03671743720856657,0.043905097902614876,0.05306308902536011,0.00014548765807249295
5,response_tables/trial_00005_hard_negative_structure_obs-empirical_prior-axis_edge_orthogonal_rel2x.npz,axis_edge_orthogonal,2.0,box2,boxcar,2.0,4,16,40,10,1e-06,0.005973206458266378,0.004634411667541083,0.008673937325113679,0.0012320123822221326
5,response_tables/trial_00005_hard_negative_structure_obs-empirical_prior-axis_edge_orthogonal_rel2x.npz,axis_edge_orthogonal,2.0,box4,boxcar,4.0,4,16,40,10,1e-06,0.01129998499589327,0.010490771399038978,0.014904649384171381,0.000597615768894578
5,response_tables/trial_00005_hard_negative_structure_obs-empirical_prior-axis_edge_orthogonal_rel2x.npz,axis_edge_orthogonal,2.0,box8,boxcar,8.0,4,16,40,10,1e-06,0.022158603072373412,0.02391298452812035,0.028905254647108358,0.0002379055517065702
5,response_tables/trial_00005_hard_negative_structure_obs-empirical_prior-axis_edge_orthogonal_rel2x.npz,axis_edge_orthogonal,2.0,ema0p25,ema,0.25,4,16,40,10,1e-06,0.0055494785536510105,0.004212013173574558,0.007682700506890822,0.0013913902095440847
5,response_tables/trial_00005_hard_negative_structure_obs-empirical_prior-axis_edge_orthogonal_rel2x.npz,axis_edge_orthogonal,2.0,ema0p50,ema,0.5,4,16,40,10,1e-06,0.009033271817246058,0.007851440118885777,0.011667703090368575,0.0008327279579561553
5,response_tables/trial_00005_hard_negative_structure_obs-empirical_prior-axis_edge_orthogonal_rel2x.npz,axis_edge_orthogonal,2.0,ema0p75,ema,0.75,4,16,40,10,1e-06,0.020816888989057425,0.020922374173190317,0.025768759989903828,0.00030608768970646406
5,response_tables/trial_00005_hard_negative_structure_obs-empirical_prior-axis_edge_orthogonal_rel2x.npz,axis_edge_orthogonal,2.0,ema0p90,ema,0.9,4,16,40,10,1e-06,0.05125990800654778,0.06087576634196579,0.07881994357905875,7.895248171878208e-05
6,response_tables/trial_00006_hard_negative_structure_obs-empirical_prior-axis_edge_parallel_rel0p5x.npz,axis_edge_parallel,0.5,instant,delay,0.0,4,16,40,10,1e-06,-0.0026270283420384843,-0.0018623997984198448,0.002352854945460836,0.003756160231781208
6,response_tables/trial_00006_hard_negative_structure_obs-empirical_prior-axis_edge_parallel_rel0p5x.npz,axis_edge_parallel,0.5,delay1,delay,1.0,4,16,40,10,1e-06,-0.0014884540050157935,-0.0012566032179979203,0.00484231631190124,0.001749386179909228
6,response_tables/trial_00006_hard_negative_structure_obs-empirical_prior-axis_edge_parallel_rel0p5x.npz,axis_edge_parallel,0.5,delay2,delay,2.0,4,16,40,10,1e-06,-0.0002689409187085767,-0.0003017933394977024,0.00838223936401955,0.0010547371764895643
6,response_tables/trial_00006_hard_negative_structure_obs-empirical_prior-axis_edge_parallel_rel0p5x.npz,axis_edge_parallel,0.5,delay3,delay,3.0,4,16,40,10,1e-06,0.0005627257176249734,0.0005029685482330071,0.012571498991218455,0.0006823931402297194
6,response_tables/trial_00006_hard_negative_structure_obs-empirical_prior-axis_edge_parallel_rel0p5x.npz,axis_edge_parallel,0.5,delay4,delay,4.0,4,16,40,10,1e-06,0.0015608312739791852,0.0014970553155066457,0.01780634893388286,0.0005684849615785164
6,response_tables/trial_00006_hard_negative_structure_obs-empirical_prior-axis_edge_parallel_rel0p5x.npz,axis_edge_parallel,0.5,delay6,delay,6.0,4,16,40,10,1e-06,-0.0006400965150526183,0.0010078890179465727,0.026500577318009477,0.0005906626733035093
6,response_tables/trial_00006_hard_negative_structure_obs-empirical_prior-axis_edge_parallel_rel0p5x.npz,axis_edge_parallel,0.5,delay8,delay,8.0,4,16,40,10,1e-06,-0.004988539561059102,-0.001613569704536022,0.033616193940725514,0.0005073396430001712
6,response_tables/trial_00006_hard_negative_structure_obs-empirical_prior-axis_edge_parallel_rel0p5x.npz,axis_edge_parallel,0.5,box2,boxcar,2.0,4,16,40,10,1e-06,-0.0021432429672633424,-0.0016494182846610306,0.003500092166918156,0.002453566311875792
6,response_tables/trial_00006_hard_negative_structure_obs-empirical_prior-axis_edge_parallel_rel0p5x.npz,axis_edge_parallel,0.5,box4,boxcar,4.0,4,16,40,10,1e-06,-0.0009160282246494789,-0.0008280941724842505,0.0066014628879590975,0.00121935448299077
6,response_tables/trial_00006_hard_negative_structure_obs-empirical_prior-axis_edge_parallel_rel0p5x.npz,axis_edge_parallel,0.5,box8,boxcar,8.0,4,16,40,10,1e-06,0.001358185336719192,0.0013460126755964752,0.015253853034472187,0.0006883000103799743
6,response_tables/trial_00006_hard_negative_structure_obs-empirical_prior-axis_edge_parallel_rel0p5x.npz,axis_edge_parallel,0.5,ema0p25,ema,0.25,4,16,40,10,1e-06,-0.002337789082736408,-0.0017430243937428536,0.0030742716454135455,0.002805386389839453
6,response_tables/trial_00006_hard_negative_structure_obs-empirical_prior-axis_edge_parallel_rel0p5x.npz,axis_edge_parallel,0.5,ema0p50,ema,0.5,4,16,40,10,1e-06,-0.0016152653060637623,-0.0013247408855684983,0.004806199236785186,0.0016927318691116148
6,response_tables/trial_00006_hard_negative_structure_obs-empirical_prior-axis_edge_parallel_rel0p5x.npz,axis_edge_parallel,0.5,ema0p75,ema,0.75,4,16,40,10,1e-06,0.0001548103907482723,4.94768999178552e-05,0.011566834491066602,0.0006208683286344339
6,response_tables/trial_00006_hard_negative_structure_obs-empirical_prior-axis_edge_parallel_rel0p5x.npz,axis_edge_parallel,0.5,ema0p90,ema,0.9,4,16,40,10,1e-06,0.0030345677342098476,0.003920030216590542,0.0372980318881484,0.00028093297698432565
6,response_tables/trial_00006_hard_negative_structure_obs-empirical_prior-axis_edge_orthogonal_rel0p5x.npz,axis_edge_orthogonal,0.5,instant,delay,0.0,4,16,40,10,1e-06,0.0011201958462621342,-0.00028426985127127935,0.004700646889222393,0.008237064536953309
6,response_tables/trial_00006_hard_negative_structure_obs-empirical_prior-axis_edge_orthogonal_rel0p5x.npz,axis_edge_orthogonal,0.5,delay1,delay,1.0,4,16,40,10,1e-06,0.0021415922537754706,2.563860543314256e-05,0.006562064712593296,0.0029441990506611088
6,response_tables/trial_00006_hard_negative_structure_obs-empirical_prior-axis_edge_orthogonal_rel0p5x.npz,axis_edge_orthogonal,0.5,delay2,delay,2.0,4,16,40,10,1e-06,0.003126161282156481,0.001019282075502892,0.00887481323762293,0.0031854928995787707
6,response_tables/trial_00006_hard_negative_structure_obs-empirical_prior-axis_edge_orthogonal_rel0p5x.npz,axis_edge_orthogonal,0.5,delay3,delay,3.0,4,16,40,10,1e-06,0.003739207678289308,0.0019114516627736222,0.011495230795672273,0.0019252966510832214
6,response_tables/trial_00006_hard_negative_structure_obs-empirical_prior-axis_edge_orthogonal_rel0p5x.npz,axis_edge_orthogonal,0.5,delay4,delay,4.0,4,16,40,10,1e-06,0.004438057846532145,0.0032916849876593046,0.014586787542722024,0.0013625527704658504
6,response_tables/trial_00006_hard_negative_structure_obs-empirical_prior-axis_edge_orthogonal_rel0p5x.npz,axis_edge_orthogonal,0.5,delay6,delay,6.0,4,16,40,10,1e-06,0.002293376367446226,0.002943622476616947,0.01864472487045396,0.0010919636786604404
6,response_tables/trial_00006_hard_negative_structure_obs-empirical_prior-axis_edge_orthogonal_rel0p5x.npz,axis_edge_orthogonal,0.5,delay8,delay,8.0,4,16,40,10,1e-06,-0.0005175071877317194,-0.0011250635396297115,0.021750846652080685,0.0009752479583108207
6,response_tables/trial_00006_hard_negative_structure_obs-empirical_prior-axis_edge_orthogonal_rel0p5x.npz,axis_edge_orthogonal,0.5,box2,boxcar,2.0,4,16,40,10,1e-06,0.001683825381276316,-0.00014365057183596264,0.005642135451778552,0.003998491037665374
6,response_tables/trial_00006_hard_negative_structure_obs-empirical_prior-axis_edge_orthogonal_rel0p5x.npz,axis_edge_orthogonal,0.5,box4,boxcar,4.0,4,16,40,10,1e-06,0.0028619920334364557,0.0006159106179846607,0.007855451071744207,0.0031618184943512048
6,response_tables/trial_00006_hard_negative_structure_obs-empirical_prior-axis_edge_orthogonal_rel0p5x.npz,axis_edge_orthogonal,0.5,box8,boxcar,8.0,4,16,40,10,1e-06,0.004720155587482178,0.0032920479679802717,0.013210398257332778,0.001724320450538543
6,response_tables/trial_00006_hard_negative_structure_obs-empirical_prior-axis_edge_orthogonal_rel0p5x.npz,axis_edge_orthogonal,0.5,ema0p25,ema,0.25,4,16,40,10,1e-06,0.0015037159172779924,-0.0001773131021289842,0.005310977358020275,0.00535914150962246
6,response_tables/trial_00006_hard_negative_structure_obs-empirical_prior-axis_edge_orthogonal_rel0p5x.npz,axis_edge_orthogonal,0.5,ema0p50,ema,0.5,4,16,40,10,1e-06,0.0022255371064139884,6.654401782285602e-05,0.006588926756680463,0.0032357828148491937
6,response_tables/trial_00006_hard_negative_structure_obs-empirical_prior-axis_edge_orthogonal_rel0p5x.npz,axis_edge_orthogonal,0.5,ema0p75,ema,0.75,4,16,40,10,1e-06,0.00351434295294753,0.0017238911830851356,0.01067414013966178,0.0017260018139167448
6,response_tables/trial_00006_hard_negative_structure_obs-empirical_prior-axis_edge_orthogonal_rel0p5x.npz,axis_edge_orthogonal,0.5,ema0p90,ema,0.9,4,16,40,10,1e-06,0.002471613422459773,0.0017409191477624764,0.022512471715908866,0.0005478212535732202
7,response_tables/trial_00007_hard_negative_structure_obs-empirical_prior-axis_edge_parallel_rel1x.npz,axis_edge_parallel,1.0,instant,delay,0.0,4,16,40,10,1e-06,-0.0061993569290733075,-0.004464250997044283,0.0029124375299645067,0.004868324403276088
7,response_tables/trial_00007_hard_negative_structure_obs-empirical_prior-axis_edge_parallel_rel1x.npz,axis_edge_parallel,1.0,delay1,delay,1.0,4,16,40,10,1e-06,-0.011125746770506761,-0.00873571981199317,0.00425557633874743,0.003597898947336922
7,response_tables/trial_00007_hard_negative_structure_obs-empirical_prior-axis_edge_parallel_rel1x.npz,axis_edge_parallel,1.0,delay2,delay,2.0,4,16,40,10,1e-06,-0.01867116194020496,-0.01646926792265524,0.005386827380601117,0.0041548756404569944
7,response_tables/trial_00007_hard_negative_structure_obs-empirical_prior-axis_edge_parallel_rel1x.npz,axis_edge_parallel,1.0,delay3,delay,3.0,4,16,40,10,1e-06,-0.02844824984844141,-0.026948277776304486,0.006381458022241049,0.006674640468084598
7,response_tables/trial_00007_hard_negative_structure_obs-empirical_prior-axis_edge_parallel_rel1x.npz,axis_edge_parallel,1.0,delay4,delay,4.0,4,16,40,10,1e-06,-0.044729420831061906,-0.043881011269951586,0.007059019524302018,0.006253919085904724
7,response_tables/trial_00007_hard_negative_structure_obs-empirical_prior-axis_edge_parallel_rel1x.npz,axis_edge_parallel,1.0,delay6,delay,6.0,4,16,40,10,1e-06,-0.08576546613762992,-0.08523099690275227,0.008546837003572588,0.00498383328198297
7,response_tables/trial_00007_hard_negative_structure_obs-empirical_prior-axis_edge_parallel_rel1x.npz,axis_edge_parallel,1.0,delay8,delay,8.0,4,16,40,10,1e-06,-0.13036819828149537,-0.1295691924515563,0.012130126215193798,0.003106478520528076
7,response_tables/trial_00007_hard_negative_structure_obs-empirical_prior-axis_edge_parallel_rel1x.npz,axis_edge_parallel,1.0,box2,boxcar,2.0,4,16,40,10,1e-06,-0.008978836873269391,-0.006444149671017696,0.0037909731383192757,0.0038858781086807447
7,response_tables/trial_00007_hard_negative_structure_obs-empirical_prior-axis_edge_parallel_rel1x.npz,axis_edge_parallel,1.0,box4,boxcar,4.0,4,16,40,10,1e-06,-0.016955808303765696,-0.014336058469963109,0.005213067626717083,0.003437727599723446
7,response_tables/trial_00007_hard_negative_structure_obs-empirical_prior-axis_edge_parallel_rel1x.npz,axis_edge_parallel,1.0,box8,boxcar,8.0,4,16,40,10,1e-06,-0.04913160197159089,-0.047569066922962144,0.007096559523956963,0.004112141535743968
7,response_tables/trial_00007_hard_negative_structure_obs-empirical_prior-axis_edge_parallel_rel1x.npz,axis_edge_parallel,1.0,ema0p25,ema,0.25,4,16,40,10,1e-06,-0.008143387065233876,-0.0057091576032265445,0.003471667801618755,0.0041922961902928
7,response_tables/trial_00007_hard_negative_structure_obs-empirical_prior-axis_edge_parallel_rel1x.npz,axis_edge_parallel,1.0,ema0p50,ema,0.5,4,16,40,10,1e-06,-0.013286668199606999,-0.01067889928756105,0.004323401794784576,0.0037946901768324236
7,response_tables/trial_00007_hard_negative_structure_obs-empirical_prior-axis_edge_parallel_rel1x.npz,axis_edge_parallel,1.0,ema0p75,ema,0.75,4,16,40,10,1e-06,-0.04058906663314221,-0.038242781938411685,0.0066726245483877955,0.0041578131368456405
7,response_tables/trial_00007_hard_negative_structure_obs-empirical_prior-axis_edge_parallel_rel1x.npz,axis_edge_parallel,1.0,ema0p90,ema,0.9,4,16,40,10,1e-06,-0.19311205090601163,-0.19144529772587116,0.01911844102875601,0.002019302821340914
7,response_tables/trial_00007_hard_negative_structure_obs-empirical_prior-axis_edge_orthogonal_rel1x.npz,axis_edge_orthogonal,1.0,instant,delay,0.0,4,16,40,10,1e-06,-0.004963801677436319,-0.004265299255551636,0.003852992869366162,0.007569959110411883
7,response_tables/trial_00007_hard_negative_structure_obs-empirical_prior-axis_edge_orthogonal_rel1x.npz,axis_edge_orthogonal,1.0,delay1,delay,1.0,4,16,40,10,1e-06,-0.008472874539517838,-0.00840809771766049,0.004820496967519156,0.004954039432296924
7,response_tables/trial_00007_hard_negative_structure_obs-empirical_prior-axis_edge_orthogonal_rel1x.npz,axis_edge_orthogonal,1.0,delay2,delay,2.0,4,16,40,10,1e-06,-0.014374799623627421,-0.015027656810166268,0.00522968038290994,0.006760805786937345
7,response_tables/trial_00007_hard_negative_structure_obs-empirical_prior-axis_edge_orthogonal_rel1x.npz,axis_edge_orthogonal,1.0,delay3,delay,3.0,4,16,40,10,1e-06,-0.020859592635801782,-0.02323494666114645,0.00615025499873359,0.0065365078494778305
7,response_tables/trial_00007_hard_negative_structure_obs-empirical_prior-axis_edge_orthogonal_rel1x.npz,axis_edge_orthogonal,1.0,delay4,delay,4.0,4,16,40,10,1e-06,-0.03329255883901794,-0.03953235471616634,0.006339027902105887,0.00555470817865342
7,response_tables/trial_00007_hard_negative_structure_obs-empirical_prior-axis_edge_orthogonal_rel1x.npz,axis_edge_orthogonal,1.0,delay6,delay,6.0,4,16,40,10,1e-06,-0.067402472487818,-0.07648896730774357,0.005069851582788498,0.007523543001995038
7,response_tables/trial_00007_hard_negative_structure_obs-empirical_prior-axis_edge_orthogonal_rel1x.npz,axis_edge_orthogonal,1.0,delay8,delay,8.0,4,16,40,10,1e-06,-0.09819564039310852,-0.10848803824679598,0.007733935464191405,0.003209238688808416
7,response_tables/trial_00007_hard_negative_structure_obs-empirical_prior-axis_edge_orthogonal_rel1x.npz,axis_edge_orthogonal,1.0,box2,boxcar,2.0,4,16,40,10,1e-06,-0.006700494391084166,-0.00623720912104031,0.004612451490078606,0.004943848702068193
7,response_tables/trial_00007_hard_negative_structure_obs-empirical_prior-axis_edge_orthogonal_rel1x.npz,axis_edge_orthogonal,1.0,box4,boxcar,4.0,4,16,40,10,1e-06,-0.012359304053430997,-0.012773627489692019,0.005563958459223223,0.004801556865694472
7,response_tables/trial_00007_hard_negative_structure_obs-empirical_prior-axis_edge_orthogonal_rel1x.npz,axis_edge_orthogonal,1.0,box8,boxcar,8.0,4,16,40,10,1e-06,-0.03824982932102994,-0.04364926472413466,0.005132026977421683,0.004221838331970866
7,response_tables/trial_00007_hard_negative_structure_obs-empirical_prior-axis_edge_orthogonal_rel1x.npz,axis_edge_orthogonal,1.0,ema0p25,ema,0.25,4,16,40,10,1e-06,-0.006201352554184358,-0.005649487264389519,0.004338605637181386,0.005513637710182628
7,response_tables/trial_00007_hard_negative_structure_obs-empirical_prior-axis_edge_orthogonal_rel1x.npz,axis_edge_orthogonal,1.0,ema0p50,ema,0.5,4,16,40,10,1e-06,-0.009889551808219044,-0.009977625079900965,0.004854768751208327,0.003963268502895261
7,response_tables/trial_00007_hard_negative_structure_obs-empirical_prior-axis_edge_orthogonal_rel1x.npz,axis_edge_orthogonal,1.0,ema0p75,ema,0.75,4,16,40,10,1e-06,-0.030365908668054442,-0.0343539597702881,0.0051593494238382775,0.00372485109913832
7,response_tables/trial_00007_hard_negative_structure_obs-empirical_prior-axis_edge_orthogonal_rel1x.npz,axis_edge_orthogonal,1.0,ema0p90,ema,0.9,4,16,40,10,1e-06,-0.13625057803501683,-0.15764786057012947,0.013425913681445162,0.0025847569247844874
8,response_tables/trial_00008_hard_negative_structure_obs-empirical_prior-axis_edge_parallel_rel2x.npz,axis_edge_parallel,2.0,instant,delay,0.0,4,16,40,10,1e-06,-0.0013886360240686069,-9.081453016729357e-05,0.0017568598718246398,0.011125031273358635
8,response_tables/trial_00008_hard_negative_structure_obs-empirical_prior-axis_edge_parallel_rel2x.npz,axis_edge_parallel,2.0,delay1,delay,1.0,4,16,40,10,1e-06,-0.0037035623670333417,-0.0016856536625982077,0.0023912975220201638,0.007129532759050973
8,response_tables/trial_00008_hard_negative_structure_obs-empirical_prior-axis_edge_parallel_rel2x.npz,axis_edge_parallel,2.0,delay2,delay,2.0,4,16,40,10,1e-06,-0.0066311096844867135,-0.004411402733143999,0.0038434155361510847,0.00549015568099732
8,response_tables/trial_00008_hard_negative_structure_obs-empirical_prior-axis_edge_parallel_rel2x.npz,axis_edge_parallel,2.0,delay3,delay,3.0,4,16,40,10,1e-06,-0.009952220609987072,-0.007843857827756096,0.005390491651579288,0.005671733158525753
8,response_tables/trial_00008_hard_negative_structure_obs-empirical_prior-axis_edge_parallel_rel2x.npz,axis_edge_parallel,2.0,delay4,delay,4.0,4,16,40,10,1e-06,-0.013876545503857862,-0.012470471623499901,0.007554162897985328,0.004607224808232461
8,response_tables/trial_00008_hard_negative_structure_obs-empirical_prior-axis_edge_parallel_rel2x.npz,axis_edge_parallel,2.0,delay6,delay,6.0,4,16,40,10,1e-06,-0.03455871396460408,-0.03203881436575984,0.007710357903002424,0.005091800397344466
8,response_tables/trial_00008_hard_negative_structure_obs-empirical_prior-axis_edge_parallel_rel2x.npz,axis_edge_parallel,2.0,delay8,delay,8.0,4,16,40,10,1e-06,-0.056368606651839626,-0.05266670182448452,0.007499204141430876,0.004817467094336525
8,response_tables/trial_00008_hard_negative_structure_obs-empirical_prior-axis_edge_parallel_rel2x.npz,axis_edge_parallel,2.0,box2,boxcar,2.0,4,16,40,10,1e-06,-0.0026964079997222057,-0.0008536620566483855,0.0022408617689490262,0.008190326847234553
8,response_tables/trial_00008_hard_negative_structure_obs-empirical_prior-axis_edge_parallel_rel2x.npz,axis_edge_parallel,2.0,box4,boxcar,4.0,4,16,40,10,1e-06,-0.0059627792782736,-0.0034551729392692243,0.0036027222698855332,0.005575764668847518
8,response_tables/trial_00008_hard_negative_structure_obs-empirical_prior-axis_edge_parallel_rel2x.npz,axis_edge_parallel,2.0,box8,boxcar,8.0,4,16,40,10,1e-06,-0.01942549357463097,-0.01596449983880266,0.005400883664674033,0.004655642406639287
8,response_tables/trial_00008_hard_negative_structure_obs-empirical_prior-axis_edge_parallel_rel2x.npz,axis_edge_parallel,2.0,ema0p25,ema,0.25,4,16,40,10,1e-06,-0.002222963371587866,-0.0005736568242286633,0.002136729723247438,0.00909231561512993
8,response_tables/trial_00008_hard_negative_structure_obs-empirical_prior-axis_edge_parallel_rel2x.npz,axis_edge_parallel,2.0,ema0p50,ema,0.5,4,16,40,10,1e-06,-0.004325089908083668,-0.0021719926222558694,0.0029411726968599228,0.0063575905170773096
8,response_tables/trial_00008_hard_negative_structure_obs-empirical_prior-axis_edge_parallel_rel2x.npz,axis_edge_parallel,2.0,ema0p75,ema,0.75,4,16,40,10,1e-06,-0.015851425266085406,-0.012684093808268626,0.0052678584569634535,0.003440441588317892
8,response_tables/trial_00008_hard_negative_structure_obs-empirical_prior-axis_edge_parallel_rel2x.npz,axis_edge_parallel,2.0,ema0p90,ema,0.9,4,16,40,10,1e-06,-0.07791363746078189,-0.07367179428419324,0.013552269772318104,0.0014541180995669737
8,response_tables/trial_00008_hard_negative_structure_obs-empirical_prior-axis_edge_orthogonal_rel2x.npz,axis_edge_orthogonal,2.0,instant,delay,0.0,4,16,40,10,1e-06,-0.0005500434313569502,-0.0009827738295034028,0.0010404593961004238,0.01999922108430719
8,response_tables/trial_00008_hard_negative_structure_obs-empirical_prior-axis_edge_orthogonal_rel2x.npz,axis_edge_orthogonal,2.0,delay1,delay,1.0,4,16,40,10,1e-06,-0.001927125868138535,-0.002514715959088365,0.0015026214375583602,0.013575628922016638
8,response_tables/trial_00008_hard_negative_structure_obs-empirical_prior-axis_edge_orthogonal_rel2x.npz,axis_edge_orthogonal,2.0,delay2,delay,2.0,4,16,40,10,1e-06,-0.003764192203379535,-0.004187051486746918,0.0025251865814659713,0.008657417234547589
8,response_tables/trial_00008_hard_negative_structure_obs-empirical_prior-axis_edge_orthogonal_rel2x.npz,axis_edge_orthogonal,2.0,delay3,delay,3.0,4,16,40,10,1e-06,-0.006199449042328609,-0.006105897364503732,0.0036716739036200263,0.008361961817235789
8,response_tables/trial_00008_hard_negative_structure_obs-empirical_prior-axis_edge_orthogonal_rel2x.npz,axis_edge_orthogonal,2.0,delay4,delay,4.0,4,16,40,10,1e-06,-0.009738722362654606,-0.009880974216821103,0.005047016630777973,0.007765356135768192
8,response_tables/trial_00008_hard_negative_structure_obs-empirical_prior-axis_edge_orthogonal_rel2x.npz,axis_edge_orthogonal,2.0,delay6,delay,6.0,4,16,40,10,1e-06,-0.026617107791488737,-0.02757858900510235,0.004742559459147588,0.01053562119779347
8,response_tables/trial_00008_hard_negative_structure_obs-empirical_prior-axis_edge_orthogonal_rel2x.npz,axis_edge_orthogonal,2.0,delay8,delay,8.0,4,16,40,10,1e-06,-0.04296123709035182,-0.044541918167149475,0.00380870562430885,0.011835386680625887
8,response_tables/trial_00008_hard_negative_structure_obs-empirical_prior-axis_edge_orthogonal_rel2x.npz,axis_edge_orthogonal,2.0,box2,boxcar,2.0,4,16,40,10,1e-06,-0.0012587963190259788,-0.001800211918518979,0.001372632053591255,0.014623711848791238
8,response_tables/trial_00008_hard_negative_structure_obs-empirical_prior-axis_edge_orthogonal_rel2x.npz,axis_edge_orthogonal,2.0,box4,boxcar,4.0,4,16,40,10,1e-06,-0.0032348426156635635,-0.003677857285486863,0.0023098485772623245,0.00908109750567501
8,response_tables/trial_00008_hard_negative_structure_obs-empirical_prior-axis_edge_orthogonal_rel2x.npz,axis_edge_orthogonal,2.0,box8,boxcar,8.0,4,16,40,10,1e-06,-0.013477920129208287,-0.012763771109433275,0.0032532578526913436,0.006745462550222715
8,response_tables/trial_00008_hard_negative_structure_obs-empirical_prior-axis_edge_orthogonal_rel2x.npz,axis_edge_orthogonal,2.0,ema0p25,ema,0.25,4,16,40,10,1e-06,-0.0009866426952268026,-0.001479227382948145,0.0012960439367231957,0.015631966288936726
8,response_tables/trial_00008_hard_negative_structure_obs-empirical_prior-axis_edge_orthogonal_rel2x.npz,axis_edge_orthogonal,2.0,ema0p50,ema,0.5,4,16,40,10,1e-06,-0.002278233735243773,-0.002771286437389664,0.0018313974273503342,0.011058442876927815
8,response_tables/trial_00008_hard_negative_structure_obs-empirical_prior-axis_edge_orthogonal_rel2x.npz,axis_edge_orthogonal,2.0,ema0p75,ema,0.75,4,16,40,10,1e-06,-0.010590493628704623,-0.010552790914156174,0.0031519369598467795,0.007488006222604563
8,response_tables/trial_00008_hard_negative_structure_obs-empirical_prior-axis_edge_orthogonal_rel2x.npz,axis_edge_orthogonal,2.0,ema0p90,ema,0.9,4,16,40,10,1e-06,-0.0598566163277513,-0.06169910748292817,0.006778039929836832,0.003970651319999706
9,response_tables/trial_00009_hard_negative_structure_obs-empirical_prior-axis_edge_parallel_rel0p5x.npz,axis_edge_parallel,0.5,instant,delay,0.0,4,16,40,10,1e-06,-0.0007349469201004544,-0.006447846884870212,0.0057802417523692695,0.020190052388222315
9,response_tables/trial_00009_hard_negative_structure_obs-empirical_prior-axis_edge_parallel_rel0p5x.npz,axis_edge_parallel,0.5,delay1,delay,1.0,4,16,40,10,1e-06,-0.004481695210198949,-0.012531066950309921,0.009213689432382655,0.009923798296884336
9,response_tables/trial_00009_hard_negative_structure_obs-empirical_prior-axis_edge_parallel_rel0p5x.npz,axis_edge_parallel,0.5,delay2,delay,2.0,4,16,40,10,1e-06,-0.011108361468392614,-0.02155890192862875,0.013232151067763598,0.007807974624534794
9,response_tables/trial_00009_hard_negative_structure_obs-empirical_prior-axis_edge_parallel_rel0p5x.npz,axis_edge_parallel,0.5,delay3,delay,3.0,4,16,40,10,1e-06,-0.023123045102202727,-0.03600452621246453,0.01771068558989472,0.004701643769586779
9,response_tables/trial_00009_hard_negative_structure_obs-empirical_prior-axis_edge_parallel_rel0p5x.npz,axis_edge_parallel,0.5,delay4,delay,4.0,4,16,40,10,1e-06,-0.03907075954933975,-0.054302459965888894,0.022456828375273324,0.002944119871983641
9,response_tables/trial_00009_hard_negative_structure_obs-empirical_prior-axis_edge_parallel_rel0p5x.npz,axis_edge_parallel,0.5,delay6,delay,6.0,4,16,40,10,1e-06,-0.07902214192510931,-0.09693337290161486,0.03369095127384544,0.00201360530431578
9,response_tables/trial_00009_hard_negative_structure_obs-empirical_prior-axis_edge_parallel_rel0p5x.npz,axis_edge_parallel,0.5,delay8,delay,8.0,4,16,40,10,1e-06,-0.12872361797660797,-0.1479226784318457,0.04496243286105542,0.0021241818098652115
9,response_tables/trial_00009_hard_negative_structure_obs-empirical_prior-axis_edge_parallel_rel0p5x.npz,axis_edge_parallel,0.5,box2,boxcar,2.0,4,16,40,10,1e-06,-0.0023212390349397483,-0.009285205198756419,0.007510593393943998,0.013510904301501819
9,response_tables/trial_00009_hard_negative_structure_obs-empirical_prior-axis_edge_parallel_rel0p5x.npz,axis_edge_parallel,0.5,box4,boxcar,4.0,4,16,40,10,1e-06,-0.008294941114533688,-0.01759096862184606,0.011454471885274903,0.0072116787584835616
9,response_tables/trial_00009_hard_negative_structure_obs-empirical_prior-axis_edge_parallel_rel0p5x.npz,axis_edge_parallel,0.5,box8,boxcar,8.0,4,16,40,10,1e-06,-0.03412999152703397,-0.04675985615820877,0.021421789750369596,0.0027692659325743276
9,response_tables/trial_00009_hard_negative_structure_obs-empirical_prior-axis_edge_parallel_rel0p5x.npz,axis_edge_parallel,0.5,ema0p25,ema,0.25,4,16,40,10,1e-06,-0.0017120501853536696,-0.008252499608680464,0.006912906527704044,0.015405209523908212
9,response_tables/trial_00009_hard_negative_structure_obs-empirical_prior-axis_edge_parallel_rel0p5x.npz,axis_edge_parallel,0.5,ema0p50,ema,0.5,4,16,40,10,1e-06,-0.004858298218865464,-0.012866110302014011,0.009376914820178217,0.009929009676020721
9,response_tables/trial_00009_hard_negative_structure_obs-empirical_prior-axis_edge_parallel_rel0p5x.npz,axis_edge_parallel,0.5,ema0p75,ema,0.75,4,16,40,10,1e-06,-0.024666368082925688,-0.03624589869327299,0.018845794651668857,0.0038174279030770896
9,response_tables/trial_00009_hard_negative_structure_obs-empirical_prior-axis_edge_parallel_rel0p5x.npz,axis_edge_parallel,0.5,ema0p90,ema,0.9,4,16,40,10,1e-06,-0.1252936504057639,-0.15340356654762732,0.05902999018428956,0.001086923349704192
9,response_tables/trial_00009_hard_negative_structure_obs-empirical_prior-axis_edge_orthogonal_rel0p5x.npz,axis_edge_orthogonal,0.5,instant,delay,0.0,4,16,40,10,1e-06,-0.0006159210543673355,-0.006275044956933984,0.006351438452416119,0.014362511931855362
9,response_tables/trial_00009_hard_negative_structure_obs-empirical_prior-axis_edge_orthogonal_rel0p5x.npz,axis_edge_orthogonal,0.5,delay1,delay,1.0,4,16,40,10,1e-06,-0.004302132198919784,-0.013355865024242686,0.009615047815652422,0.008225105499585278
9,response_tables/trial_00009_hard_negative_structure_obs-empirical_prior-axis_edge_orthogonal_rel0p5x.npz,axis_edge_orthogonal,0.5,delay2,delay,2.0,4,16,40,10,1e-06,-0.01130474827832309,-0.02332977524673996,0.013361919440396913,0.0056287726707062585
9,response_tables/trial_00009_hard_negative_structure_obs-empirical_prior-axis_edge_orthogonal_rel0p5x.npz,axis_edge_orthogonal,0.5,delay3,delay,3.0,4,16,40,10,1e-06,-0.023370332067811334,-0.03869515166742121,0.017716049672240358,0.0035396703437363944
9,response_tables/trial_00009_hard_negative_structure_obs-empirical_prior-axis_edge_orthogonal_rel0p5x.npz,axis_edge_orthogonal,0.5,delay4,delay,4.0,4,16,40,10,1e-06,-0.040473906977321145,-0.05925908509511113,0.02225826184153412,0.002883535685043766
9,response_tables/trial_00009_hard_negative_structure_obs-empirical_prior-axis_edge_orthogonal_rel0p5x.npz,axis_edge_orthogonal,0.5,delay6,delay,6.0,4,16,40,10,1e-06,-0.08796651687814563,-0.11228034869228454,0.030803699352518754,0.002599731665498242
9,response_tables/trial_00009_hard_negative_structure_obs-empirical_prior-axis_edge_orthogonal_rel0p5x.npz,axis_edge_orthogonal,0.5,delay8,delay,8.0,4,16,40,10,1e-06,-0.14622896362219057,-0.17605186482780544,0.03845630106857156,0.002182482100090947
9,response_tables/trial_00009_hard_negative_structure_obs-empirical_prior-axis_edge_orthogonal_rel0p5x.npz,axis_edge_orthogonal,0.5,box2,boxcar,2.0,4,16,40,10,1e-06,-0.002112812624910282,-0.00976545055749456,0.008023043313219319,0.010496189013470146
9,response_tables/trial_00009_hard_negative_structure_obs-empirical_prior-axis_edge_orthogonal_rel0p5x.npz,axis_edge_orthogonal,0.5,box4,boxcar,4.0,4,16,40,10,1e-06,-0.008009375644094902,-0.018628568060226502,0.011828639772078153,0.005305395194963499
9,response_tables/trial_00009_hard_negative_structure_obs-empirical_prior-axis_edge_orthogonal_rel0p5x.npz,axis_edge_orthogonal,0.5,box8,boxcar,8.0,4,16,40,10,1e-06,-0.03605912447600293,-0.0522518809572885,0.020759262369009462,0.0021009075620151744
9,response_tables/trial_00009_hard_negative_structure_obs-empirical_prior-axis_edge_orthogonal_rel0p5x.npz,axis_edge_orthogonal,0.5,ema0p25,ema,0.25,4,16,40,10,1e-06,-0.0015148549916418619,-0.008637517119133742,0.007457252476752441,0.011501020341402627
9,response_tables/trial_00009_hard_negative_structure_obs-empirical_prior-axis_edge_orthogonal_rel0p5x.npz,axis_edge_orthogonal,0.5,ema0p50,ema,0.5,4,16,40,10,1e-06,-0.004597062441507649,-0.013633116548447233,0.009819381458400667,0.007823396498892271
9,response_tables/trial_00009_hard_negative_structure_obs-empirical_prior-axis_edge_orthogonal_rel0p5x.npz,axis_edge_orthogonal,0.5,ema0p75,ema,0.75,4,16,40,10,1e-06,-0.026150295768080173,-0.040744198392726805,0.018069717317589024,0.0033279966267579404
9,response_tables/trial_00009_hard_negative_structure_obs-empirical_prior-axis_edge_orthogonal_rel0p5x.npz,axis_edge_orthogonal,0.5,ema0p90,ema,0.9,4,16,40,10,1e-06,-0.14208458328814957,-0.180397296214168,0.048179052739820205,0.0011473013265754924
10,response_tables/trial_00010_hard_negative_structure_obs-empirical_prior-axis_edge_parallel_rel1x.npz,axis_edge_parallel,1.0,instant,delay,0.0,4,16,40,10,1e-06,-0.0008285100023867897,-0.0004517024086078125,0.0004785687577813502,0.03395585331571874
10,response_tables/trial_00010_hard_negative_structure_obs-empirical_prior-axis_edge_parallel_rel1x.npz,axis_edge_parallel,1.0,delay1,delay,1.0,4,16,40,10,1e-06,-0.0015904874258087787,-0.0019888306187182403,0.0007031719379049783,0.03611532382481023
10,response_tables/trial_00010_hard_negative_structure_obs-empirical_prior-axis_edge_parallel_rel1x.npz,axis_edge_parallel,1.0,delay2,delay,2.0,4,16,40,10,1e-06,-0.0027500814030907983,-0.0033791461697547653,0.00211205489788574,0.017812494022357774
10,response_tables/trial_00010_hard_negative_structure_obs-empirical_prior-axis_edge_parallel_rel1x.npz,axis_edge_parallel,1.0,delay3,delay,3.0,4,16,40,10,1e-06,-0.005173576318277806,-0.005362031450173221,0.0038492130376298894,0.012048520448671822
10,response_tables/trial_00010_hard_negative_structure_obs-empirical_prior-axis_edge_parallel_rel1x.npz,axis_edge_parallel,1.0,delay4,delay,4.0,4,16,40,10,1e-06,-0.006034068741568199,-0.0066884117203045435,0.0067097347249803485,0.007232229570563341
10,response_tables/trial_00010_hard_negative_structure_obs-empirical_prior-axis_edge_parallel_rel1x.npz,axis_edge_parallel,1.0,delay6,delay,6.0,4,16,40,10,1e-06,-0.01048599182731813,-0.013340770809009306,0.010600918893789196,0.004426933015628677
10,response_tables/trial_00010_hard_negative_structure_obs-empirical_prior-axis_edge_parallel_rel1x.npz,axis_edge_parallel,1.0,delay8,delay,8.0,4,16,40,10,1e-06,-0.021869171678159383,-0.023847773810891426,0.013050382487744344,0.003688722379784767
10,response_tables/trial_00010_hard_negative_structure_obs-empirical_prior-axis_edge_parallel_rel1x.npz,axis_edge_parallel,1.0,box2,boxcar,2.0,4,16,40,10,1e-06,-0.0010828611213174189,-0.0010643183036962434,0.0005883288629761618,0.03437156810854075
10,response_tables/trial_00010_hard_negative_structure_obs-empirical_prior-axis_edge_parallel_rel1x.npz,axis_edge_parallel,1.0,box4,boxcar,4.0,4,16,40,10,1e-06,-0.002985396048225397,-0.003834661765634073,0.0016007243546916072,0.01820183453733537
10,response_tables/trial_00010_hard_negative_structure_obs-empirical_prior-axis_edge_parallel_rel1x.npz,axis_edge_parallel,1.0,box8,boxcar,8.0,4,16,40,10,1e-06,-0.00926046445219364,-0.009573161022461751,0.005920924498998642,0.004181033190783106
10,response_tables/trial_00010_hard_negative_structure_obs-empirical_prior-axis_edge_parallel_rel1x.npz,axis_edge_parallel,1.0,ema0p25,ema,0.25,4,16,40,10,1e-06,-0.0009830003022833211,-0.0008101255582939615,0.000544422701234254,0.035026872522092106
10,response_tables/trial_00010_hard_negative_structure_obs-empirical_prior-axis_edge_parallel_rel1x.npz,axis_edge_parallel,1.0,ema0p50,ema,0.5,4,16,40,10,1e-06,-0.0019033652784704591,-0.0022317528484020466,0.0009138995561050745,0.028308605972691567
10,response_tables/trial_00010_hard_negative_structure_obs-empirical_prior-axis_edge_parallel_rel1x.npz,axis_edge_parallel,1.0,ema0p75,ema,0.75,4,16,40,10,1e-06,-0.007982550773297237,-0.008031385770859045,0.0038426416500124405,0.0055575825081687555
10,response_tables/trial_00010_hard_negative_structure_obs-empirical_prior-axis_edge_parallel_rel1x.npz,axis_edge_parallel,1.0,ema0p90,ema,0.9,4,16,40,10,1e-06,-0.04214765665149928,-0.04052577869144325,0.015580812217654533,0.0018734707694849553
10,response_tables/trial_00010_hard_negative_structure_obs-empirical_prior-axis_edge_orthogonal_rel1x.npz,axis_edge_orthogonal,1.0,instant,delay,0.0,4,16,40,10,1e-06,4.895046513603285e-05,-0.0003758357247057864,0.0013161673678205588,0.02388629018909691
10,response_tables/trial_00010_hard_negative_structure_obs-empirical_prior-axis_edge_orthogonal_rel1x.npz,axis_edge_orthogonal,1.0,delay1,delay,1.0,4,16,40,10,1e-06,-0.00017791356624932697,-0.00043986692426811747,0.0014916027917623031,0.026550751490795978
10,response_tables/trial_00010_hard_negative_structure_obs-empirical_prior-axis_edge_orthogonal_rel1x.npz,axis_edge_orthogonal,1.0,delay2,delay,2.0,4,16,40,10,1e-06,-0.0004773139731702736,-7.584268795557403e-05,0.0031253909089997978,0.024710160446106466
10,response_tables/trial_00010_hard_negative_structure_obs-empirical_prior-axis_edge_orthogonal_rel1x.npz,axis_edge_orthogonal,1.0,delay3,delay,3.0,4,16,40,10,1e-06,-0.0016043084856961765,-0.0008518047452317212,0.004646568440071552,0.01924608530604502
10,response_tables/trial_00010_hard_negative_structure_obs-empirical_prior-axis_edge_orthogonal_rel1x.npz,axis_edge_orthogonal,1.0,delay4,delay,4.0,4,16,40,10,1e-06,-0.00204660328812023,-0.0022827954535084016,0.006854604530519531,0.010845252349238254
10,response_tables/trial_00010_hard_negative_structure_obs-empirical_prior-axis_edge_orthogonal_rel1x.npz,axis_edge_orthogonal,1.0,delay6,delay,6.0,4,16,40,10,1e-06,-0.004592172218455759,-0.008703213693303402,0.01240696079772935,0.00460202125654997
10,response_tables/trial_00010_hard_negative_structure_obs-empirical_prior-axis_edge_orthogonal_rel1x.npz,axis_edge_orthogonal,1.0,delay8,delay,8.0,4,16,40,10,1e-06,-0.01563969071735649,-0.019882148731007243,0.015153298893957667,0.0028471696143199405
10,response_tables/trial_00010_hard_negative_structure_obs-empirical_prior-axis_edge_orthogonal_rel1x.npz,axis_edge_orthogonal,1.0,box2,boxcar,2.0,4,16,40,10,1e-06,0.0001422944366407941,-0.0003125193260967718,0.0014614142975076794,0.02396865682657478
10,response_tables/trial_00010_hard_negative_structure_obs-empirical_prior-axis_edge_orthogonal_rel1x.npz,axis_edge_orthogonal,1.0,box4,boxcar,4.0,4,16,40,10,1e-06,-0.0007486867223100713,-0.0006417408179150152,0.0026136413878525,0.020571928448621143
10,response_tables/trial_00010_hard_negative_structure_obs-empirical_prior-axis_edge_orthogonal_rel1x.npz,axis_edge_orthogonal,1.0,box8,boxcar,8.0,4,16,40,10,1e-06,-0.004857786872039971,-0.0054306391812405375,0.006865618005701457,0.006319800072318669
10,response_tables/trial_00010_hard_negative_structure_obs-empirical_prior-axis_edge_orthogonal_rel1x.npz,axis_edge_orthogonal,1.0,ema0p25,ema,0.25,4,16,40,10,1e-06,0.00013350097006661898,-0.0003173437477702601,0.0014252500068707985,0.024063610798511045
10,response_tables/trial_00010_hard_negative_structure_obs-empirical_prior-axis_edge_orthogonal_rel1x.npz,axis_edge_orthogonal,1.0,ema0p50,ema,0.5,4,16,40,10,1e-06,-0.00027257054518617374,-0.0004954477180407757,0.001803719684466909,0.02368498216381692
10,response_tables/trial_00010_hard_negative_structure_obs-empirical_prior-axis_edge_orthogonal_rel1x.npz,axis_edge_orthogonal,1.0,ema0p75,ema,0.75,4,16,40,10,1e-06,-0.004548153531858334,-0.003497703533464347,0.004563013477100419,0.009021629908582513
10,response_tables/trial_00010_hard_negative_structure_obs-empirical_prior-axis_edge_orthogonal_rel1x.npz,axis_edge_orthogonal,1.0,ema0p90,ema,0.9,4,16,40,10,1e-06,-0.03253139018368423,-0.03367535621523565,0.017995767933900203,0.003008867192860724
11,response_tables/trial_00011_hard_negative_structure_obs-empirical_prior-axis_edge_parallel_rel2x.npz,axis_edge_parallel,2.0,instant,delay,0.0,4,16,40,10,1e-06,0.0024820705653439967,0.004178615008333053,0.004774013483982681,0.005314215183417011
11,response_tables/trial_00011_hard_negative_structure_obs-empirical_prior-axis_edge_parallel_rel2x.npz,axis_edge_parallel,2.0,delay1,delay,1.0,4,16,40,10,1e-06,0.0036864561774879456,0.006413043870510893,0.008404961360042346,0.0038149470129795974
11,response_tables/trial_00011_hard_negative_structure_obs-empirical_prior-axis_edge_parallel_rel2x.npz,axis_edge_parallel,2.0,delay2,delay,2.0,4,16,40,10,1e-06,0.005092462389370445,0.008782044989024962,0.012575955271798972,0.0027916506876496812
11,response_tables/trial_00011_hard_negative_structure_obs-empirical_prior-axis_edge_parallel_rel2x.npz,axis_edge_parallel,2.0,delay3,delay,3.0,4,16,40,10,1e-06,0.006324517371160243,0.010895519586789526,0.017374336597899,0.0022894734461278423
11,response_tables/trial_00011_hard_negative_structure_obs-empirical_prior-axis_edge_parallel_rel2x.npz,axis_edge_parallel,2.0,delay4,delay,4.0,4,16,40,10,1e-06,0.005858738245693301,0.009375666621992351,0.021296710721200873,0.0019881016050238578
11,response_tables/trial_00011_hard_negative_structure_obs-empirical_prior-axis_edge_parallel_rel2x.npz,axis_edge_parallel,2.0,delay6,delay,6.0,4,16,40,10,1e-06,0.002629650980731313,0.006437488986879181,0.030946536856550827,0.0024204181858765265
11,response_tables/trial_00011_hard_negative_structure_obs-empirical_prior-axis_edge_parallel_rel2x.npz,axis_edge_parallel,2.0,delay8,delay,8.0,4,16,40,10,1e-06,-0.0006011803582847697,0.0023256847682852078,0.039445726096181105,0.0013586972659867112
11,response_tables/trial_00011_hard_negative_structure_obs-empirical_prior-axis_edge_parallel_rel2x.npz,axis_edge_parallel,2.0,box2,boxcar,2.0,4,16,40,10,1e-06,0.003542566550015419,0.006006184810407655,0.0069847763085673364,0.0039007627685456086
11,response_tables/trial_00011_hard_negative_structure_obs-empirical_prior-axis_edge_parallel_rel2x.npz,axis_edge_parallel,2.0,box4,boxcar,4.0,4,16,40,10,1e-06,0.005995892862114993,0.010046421976038666,0.011905054795813913,0.0027281576144548353
11,response_tables/trial_00011_hard_negative_structure_obs-empirical_prior-axis_edge_parallel_rel2x.npz,axis_edge_parallel,2.0,box8,boxcar,8.0,4,16,40,10,1e-06,0.009073002691346366,0.015236574598470831,0.022451969544258293,0.0018760274200642724
11,response_tables/trial_00011_hard_negative_structure_obs-empirical_prior-axis_edge_parallel_rel2x.npz,axis_edge_parallel,2.0,ema0p25,ema,0.25,4,16,40,10,1e-06,0.003228272617636113,0.005452911741714417,0.006235616658328197,0.0042029750489528585
11,response_tables/trial_00011_hard_negative_structure_obs-empirical_prior-axis_edge_parallel_rel2x.npz,axis_edge_parallel,2.0,ema0p50,ema,0.5,4,16,40,10,1e-06,0.004474406313005247,0.00762473047951473,0.009157246375081779,0.003087147421452767
11,response_tables/trial_00011_hard_negative_structure_obs-empirical_prior-axis_edge_parallel_rel2x.npz,axis_edge_parallel,2.0,ema0p75,ema,0.75,4,16,40,10,1e-06,0.006832976126575213,0.01215336887523466,0.019072906210183982,0.0018077237906035221
11,response_tables/trial_00011_hard_negative_structure_obs-empirical_prior-axis_edge_parallel_rel2x.npz,axis_edge_parallel,2.0,ema0p90,ema,0.9,4,16,40,10,1e-06,0.00663957003106444,0.014336336638537395,0.05140173167767581,0.0010296607936820241
11,response_tables/trial_00011_hard_negative_structure_obs-empirical_prior-axis_edge_orthogonal_rel2x.npz,axis_edge_orthogonal,2.0,instant,delay,0.0,4,16,40,10,1e-06,0.002261010264402896,0.00253538342452142,0.004880524764542982,0.004291169421771126
11,response_tables/trial_00011_hard_negative_structure_obs-empirical_prior-axis_edge_orthogonal_rel2x.npz,axis_edge_orthogonal,2.0,delay1,delay,1.0,4,16,40,10,1e-06,0.0027726028099389344,0.00364442764795736,0.007839072319740792,0.0030001539520362903
11,response_tables/trial_00011_hard_negative_structure_obs-empirical_prior-axis_edge_orthogonal_rel2x.npz,axis_edge_orthogonal,2.0,delay2,delay,2.0,4,16,40,10,1e-06,0.0031509557222745566,0.004424712837490852,0.011295562679037946,0.0030643349293971284
11,response_tables/trial_00011_hard_negative_structure_obs-empirical_prior-axis_edge_orthogonal_rel2x.npz,axis_edge_orthogonal,2.0,delay3,delay,3.0,4,16,40,10,1e-06,0.004306258176584726,0.006027180900639362,0.015566664043829476,0.0020759698965462678
11,response_tables/trial_00011_hard_negative_structure_obs-empirical_prior-axis_edge_orthogonal_rel2x.npz,axis_edge_orthogonal,2.0,delay4,delay,4.0,4,16,40,10,1e-06,0.005017271723579048,0.007016342049121438,0.020438096026133307,0.0025929322202939654
11,response_tables/trial_00011_hard_negative_structure_obs-empirical_prior-axis_edge_orthogonal_rel2x.npz,axis_edge_orthogonal,2.0,delay6,delay,6.0,4,16,40,10,1e-06,-0.0013756905258113516,-0.0017798275617453285,0.027885331589496853,0.0029677870138977
11,response_tables/trial_00011_hard_negative_structure_obs-empirical_prior-axis_edge_orthogonal_rel2x.npz,axis_edge_orthogonal,2.0,delay8,delay,8.0,4,16,40,10,1e-06,-0.005823969781744209,-0.006019258818052875,0.0357884886211719,0.0014824616454210623
11,response_tables/trial_00011_hard_negative_structure_obs-empirical_prior-axis_edge_orthogonal_rel2x.npz,axis_edge_orthogonal,2.0,box2,boxcar,2.0,4,16,40,10,1e-06,0.0029680247540640747,0.0036631977538317817,0.006746842522643626,0.003228920104446541
11,response_tables/trial_00011_hard_negative_structure_obs-empirical_prior-axis_edge_orthogonal_rel2x.npz,axis_edge_orthogonal,2.0,box4,boxcar,4.0,4,16,40,10,1e-06,0.004586944949906496,0.006019390967173355,0.01089646564019911,0.002335971214694077
11,response_tables/trial_00011_hard_negative_structure_obs-empirical_prior-axis_edge_orthogonal_rel2x.npz,axis_edge_orthogonal,2.0,box8,boxcar,8.0,4,16,40,10,1e-06,0.006299129746043491,0.008771844755329328,0.020331176731084727,0.0016460615285959666
11,response_tables/trial_00011_hard_negative_structure_obs-empirical_prior-axis_edge_orthogonal_rel2x.npz,axis_edge_orthogonal,2.0,ema0p25,ema,0.25,4,16,40,10,1e-06,0.0027734018542693306,0.003313117015540601,0.006128308312066122,0.003505392573244795
11,response_tables/trial_00011_hard_negative_structure_obs-empirical_prior-axis_edge_orthogonal_rel2x.npz,axis_edge_orthogonal,2.0,ema0p50,ema,0.5,4,16,40,10,1e-06,0.003526932865745125,0.004559254518314015,0.008612133296580837,0.0026777448599678844
11,response_tables/trial_00011_hard_negative_structure_obs-empirical_prior-axis_edge_orthogonal_rel2x.npz,axis_edge_orthogonal,2.0,ema0p75,ema,0.75,4,16,40,10,1e-06,0.0042088372612540115,0.006410114203260542,0.017108527888120256,0.0017712267957380357
11,response_tables/trial_00011_hard_negative_structure_obs-empirical_prior-axis_edge_orthogonal_rel2x.npz,axis_edge_orthogonal,2.0,ema0p90,ema,0.9,4,16,40,10,1e-06,-0.00013315159294396972,0.0011629322737591319,0.04568289531112116,0.001102409499059583
12,response_tables/trial_00012_hard_negative_structure_obs-empirical_prior-axis_edge_parallel_rel0p5x.npz,axis_edge_parallel,0.5,instant,delay,0.0,4,16,40,10,1e-06,-0.006658658266117723,-0.006253095400445385,0.0030538546065165817,0.003796754714922039
12,response_tables/trial_00012_hard_negative_structure_obs-empirical_prior-axis_edge_parallel_rel0p5x.npz,axis_edge_parallel,0.5,delay1,delay,1.0,4,16,40,10,1e-06,-0.010797385426407513,-0.010149834358303966,0.005924326617022052,0.005049794224669197
12,response_tables/trial_00012_hard_negative_structure_obs-empirical_prior-axis_edge_parallel_rel0p5x.npz,axis_edge_parallel,0.5,delay2,delay,2.0,4,16,40,10,1e-06,-0.015005258085660916,-0.015623090914094306,0.009757881287958708,0.004431235396297761
12,response_tables/trial_00012_hard_negative_structure_obs-empirical_prior-axis_edge_parallel_rel0p5x.npz,axis_edge_parallel,0.5,delay3,delay,3.0,4,16,40,10,1e-06,-0.01734172185487315,-0.019110531273670017,0.015364869376798734,0.0033607691997513288
12,response_tables/trial_00012_hard_negative_structure_obs-empirical_prior-axis_edge_parallel_rel0p5x.npz,axis_edge_parallel,0.5,delay4,delay,4.0,4,16,40,10,1e-06,-0.019821785440963635,-0.024322897760820805,0.02454153934304404,0.0023675715663239298
12,response_tables/trial_00012_hard_negative_structure_obs-empirical_prior-axis_edge_parallel_rel0p5x.npz,axis_edge_parallel,0.5,delay6,delay,6.0,4,16,40,10,1e-06,-0.025135261056997288,-0.039370599676044116,0.052924020297911434,0.0014930885438488861
12,response_tables/trial_00012_hard_negative_structure_obs-empirical_prior-axis_edge_parallel_rel0p5x.npz,axis_edge_parallel,0.5,delay8,delay,8.0,4,16,40,10,1e-06,-0.02420356848552427,-0.048133283413208494,0.08486877448590838,0.0010775289815064823
12,response_tables/trial_00012_hard_negative_structure_obs-empirical_prior-axis_edge_parallel_rel0p5x.npz,axis_edge_parallel,0.5,box2,boxcar,2.0,4,16,40,10,1e-06,-0.00889862305548772,-0.008030374059577738,0.0044164964066463475,0.004200239463965279
12,response_tables/trial_00012_hard_negative_structure_obs-empirical_prior-axis_edge_parallel_rel0p5x.npz,axis_edge_parallel,0.5,box4,boxcar,4.0,4,16,40,10,1e-06,-0.013084740971781417,-0.012890726114960338,0.008118730490039971,0.003615688113505888
12,response_tables/trial_00012_hard_negative_structure_obs-empirical_prior-axis_edge_parallel_rel0p5x.npz,axis_edge_parallel,0.5,box8,boxcar,8.0,4,16,40,10,1e-06,-0.021480213406162935,-0.025926864605957,0.02406784276936874,0.001949762340520048
12,response_tables/trial_00012_hard_negative_structure_obs-empirical_prior-axis_edge_parallel_rel0p5x.npz,axis_edge_parallel,0.5,ema0p25,ema,0.25,4,16,40,10,1e-06,-0.008131658670865904,-0.0074369788883815735,0.0039298738031981195,0.0038667274051638386
12,response_tables/trial_00012_hard_negative_structure_obs-empirical_prior-axis_edge_parallel_rel0p5x.npz,axis_edge_parallel,0.5,ema0p50,ema,0.5,4,16,40,10,1e-06,-0.010922291725363076,-0.01021016119167617,0.0063762246286789,0.0032726295422478456
12,response_tables/trial_00012_hard_negative_structure_obs-empirical_prior-axis_edge_parallel_rel0p5x.npz,axis_edge_parallel,0.5,ema0p75,ema,0.75,4,16,40,10,1e-06,-0.018163685415761077,-0.02043047755254568,0.0209556030283633,0.002028792754101726
12,response_tables/trial_00012_hard_negative_structure_obs-empirical_prior-axis_edge_parallel_rel0p5x.npz,axis_edge_parallel,0.5,ema0p90,ema,0.9,4,16,40,10,1e-06,-0.019844788245039824,-0.04493629157960993,0.10556175475834112,0.0007103429148687218
12,response_tables/trial_00012_hard_negative_structure_obs-empirical_prior-axis_edge_orthogonal_rel0p5x.npz,axis_edge_orthogonal,0.5,instant,delay,0.0,4,16,40,10,1e-06,-0.005363723991983871,-0.0064734346778450025,0.0023818640998826135,0.002699233719017261
12,response_tables/trial_00012_hard_negative_structure_obs-empirical_prior-axis_edge_orthogonal_rel0p5x.npz,axis_edge_orthogonal,0.5,delay1,delay,1.0,4,16,40,10,1e-06,-0.008595892288997958,-0.01158543494661013,0.004852625534373239,0.004613937135697218
12,response_tables/trial_00012_hard_negative_structure_obs-empirical_prior-axis_edge_orthogonal_rel0p5x.npz,axis_edge_orthogonal,0.5,delay2,delay,2.0,4,16,40,10,1e-06,-0.01167554141750407,-0.017317403306244095,0.008094575133816423,0.0035413197981117427
12,response_tables/trial_00012_hard_negative_structure_obs-empirical_prior-axis_edge_orthogonal_rel0p5x.npz,axis_edge_orthogonal,0.5,delay3,delay,3.0,4,16,40,10,1e-06,-0.013126209045716264,-0.02101562472162366,0.012595524870492342,0.0031763477875753534
12,response_tables/trial_00012_hard_negative_structure_obs-empirical_prior-axis_edge_orthogonal_rel0p5x.npz,axis_edge_orthogonal,0.5,delay4,delay,4.0,4,16,40,10,1e-06,-0.015777020665924735,-0.026395345588936636,0.019846040547629867,0.003052337952818155
12,response_tables/trial_00012_hard_negative_structure_obs-empirical_prior-axis_edge_orthogonal_rel0p5x.npz,axis_edge_orthogonal,0.5,delay6,delay,6.0,4,16,40,10,1e-06,-0.025023985204544852,-0.043679801554783904,0.04286003138936112,0.0013509490455856847
12,response_tables/trial_00012_hard_negative_structure_obs-empirical_prior-axis_edge_orthogonal_rel0p5x.npz,axis_edge_orthogonal,0.5,delay8,delay,8.0,4,16,40,10,1e-06,-0.028695205657921524,-0.05678189102216796,0.07075407225550809,0.0009643011806979821
12,response_tables/trial_00012_hard_negative_structure_obs-empirical_prior-axis_edge_orthogonal_rel0p5x.npz,axis_edge_orthogonal,0.5,box2,boxcar,2.0,4,16,40,10,1e-06,-0.007091771540100683,-0.009081085531646327,0.003550646583549588,0.003587708863713398
12,response_tables/trial_00012_hard_negative_structure_obs-empirical_prior-axis_edge_orthogonal_rel0p5x.npz,axis_edge_orthogonal,0.5,box4,boxcar,4.0,4,16,40,10,1e-06,-0.010188661394291476,-0.014450715880643394,0.006627574276024922,0.0031683187062008754
12,response_tables/trial_00012_hard_negative_structure_obs-empirical_prior-axis_edge_orthogonal_rel0p5x.npz,axis_edge_orthogonal,0.5,box8,boxcar,8.0,4,16,40,10,1e-06,-0.018435669153687884,-0.028745938678508498,0.019630116357218036,0.0020031711102925674
12,response_tables/trial_00012_hard_negative_structure_obs-empirical_prior-axis_edge_orthogonal_rel0p5x.npz,axis_edge_orthogonal,0.5,ema0p25,ema,0.25,4,16,40,10,1e-06,-0.006477496915924585,-0.008138092326974156,0.0031240855896672304,0.0030619912184448434
12,response_tables/trial_00012_hard_negative_structure_obs-empirical_prior-axis_edge_orthogonal_rel0p5x.npz,axis_edge_orthogonal,0.5,ema0p50,ema,0.5,4,16,40,10,1e-06,-0.00862368066168051,-0.011645849925378648,0.00515984428614738,0.003206038959091753
12,response_tables/trial_00012_hard_negative_structure_obs-empirical_prior-axis_edge_orthogonal_rel0p5x.npz,axis_edge_orthogonal,0.5,ema0p75,ema,0.75,4,16,40,10,1e-06,-0.015102448548437175,-0.02376498856632181,0.01738445604947844,0.001937591900417499
12,response_tables/trial_00012_hard_negative_structure_obs-empirical_prior-axis_edge_orthogonal_rel0p5x.npz,axis_edge_orthogonal,0.5,ema0p90,ema,0.9,4,16,40,10,1e-06,-0.02498813909908601,-0.061956934637140026,0.08828456223954831,0.0007738240010627614
13,response_tables/trial_00013_hard_negative_structure_obs-empirical_prior-axis_edge_parallel_rel1x.npz,axis_edge_parallel,1.0,instant,delay,0.0,4,16,40,10,1e-06,-0.0010675871865408748,-0.0012362796967352319,0.0032537558223176832,0.0048403042328052474
13,response_tables/trial_00013_hard_negative_structure_obs-empirical_prior-axis_edge_parallel_rel1x.npz,axis_edge_parallel,1.0,delay1,delay,1.0,4,16,40,10,1e-06,-0.0003394434149599501,-0.0008602220474632771,0.005098433805924535,0.003963746782988596
13,response_tables/trial_00013_hard_negative_structure_obs-empirical_prior-axis_edge_parallel_rel1x.npz,axis_edge_parallel,1.0,delay2,delay,2.0,4,16,40,10,1e-06,-0.0004923443619506696,-0.0015523054193142816,0.006335372863592259,0.0035249867725252616
13,response_tables/trial_00013_hard_negative_structure_obs-empirical_prior-axis_edge_parallel_rel1x.npz,axis_edge_parallel,1.0,delay3,delay,3.0,4,16,40,10,1e-06,-0.0021023912561818903,-0.003488056716511201,0.007858537983522401,0.0039500126900254414
13,response_tables/trial_00013_hard_negative_structure_obs-empirical_prior-axis_edge_parallel_rel1x.npz,axis_edge_parallel,1.0,delay4,delay,4.0,4,16,40,10,1e-06,-0.0029363741664227283,-0.003937642128576391,0.010552633501091785,0.0035411835832576235
13,response_tables/trial_00013_hard_negative_structure_obs-empirical_prior-axis_edge_parallel_rel1x.npz,axis_edge_parallel,1.0,delay6,delay,6.0,4,16,40,10,1e-06,-0.001957536383691172,-0.0005870288930704959,0.015187714450902057,0.004566242622736776
13,response_tables/trial_00013_hard_negative_structure_obs-empirical_prior-axis_edge_parallel_rel1x.npz,axis_edge_parallel,1.0,delay8,delay,8.0,4,16,40,10,1e-06,-0.004348601837385502,-0.0016636752275300815,0.019065511808446955,0.005677410393791227
13,response_tables/trial_00013_hard_negative_structure_obs-empirical_prior-axis_edge_parallel_rel1x.npz,axis_edge_parallel,1.0,box2,boxcar,2.0,4,16,40,10,1e-06,-0.0008881940950920264,-0.0012361613784452885,0.004361627998845596,0.0037658314997241283
13,response_tables/trial_00013_hard_negative_structure_obs-empirical_prior-axis_edge_parallel_rel1x.npz,axis_edge_parallel,1.0,box4,boxcar,4.0,4,16,40,10,1e-06,-0.0012158002129204204,-0.002101156993537856,0.006024502682028365,0.003264888765049445
13,response_tables/trial_00013_hard_negative_structure_obs-empirical_prior-axis_edge_parallel_rel1x.npz,axis_edge_parallel,1.0,box8,boxcar,8.0,4,16,40,10,1e-06,-0.0014609831373406101,-0.002261476839426124,0.010622806064085638,0.0021657800866363426
13,response_tables/trial_00013_hard_negative_structure_obs-empirical_prior-axis_edge_parallel_rel1x.npz,axis_edge_parallel,1.0,ema0p25,ema,0.25,4,16,40,10,1e-06,-0.0010068298174803758,-0.0013012642395903162,0.003944876081125703,0.004008937424935397
13,response_tables/trial_00013_hard_negative_structure_obs-empirical_prior-axis_edge_parallel_rel1x.npz,axis_edge_parallel,1.0,ema0p50,ema,0.5,4,16,40,10,1e-06,-0.0009262607738718398,-0.0015452921559805377,0.005257165395174956,0.003402236298418689
13,response_tables/trial_00013_hard_negative_structure_obs-empirical_prior-axis_edge_parallel_rel1x.npz,axis_edge_parallel,1.0,ema0p75,ema,0.75,4,16,40,10,1e-06,-0.0010295440563270752,-0.0020486119274231163,0.009944348391355717,0.0029751553798798742
13,response_tables/trial_00013_hard_negative_structure_obs-empirical_prior-axis_edge_parallel_rel1x.npz,axis_edge_parallel,1.0,ema0p90,ema,0.9,4,16,40,10,1e-06,-0.004940952487620748,-0.0012341667551325486,0.026911919105574222,0.0029521329615675765
13,response_tables/trial_00013_hard_negative_structure_obs-empirical_prior-axis_edge_orthogonal_rel1x.npz,axis_edge_orthogonal,1.0,instant,delay,0.0,4,16,40,10,1e-06,-0.0026459703792765243,-0.0021559350059929816,0.005358351453616239,0.003663093773183773
13,response_tables/trial_00013_hard_negative_structure_obs-empirical_prior-axis_edge_orthogonal_rel1x.npz,axis_edge_orthogonal,1.0,delay1,delay,1.0,4,16,40,10,1e-06,-0.0016682796835563451,-0.001276575732571117,0.007317017618897609,0.004562958322820655
13,response_tables/trial_00013_hard_negative_structure_obs-empirical_prior-axis_edge_orthogonal_rel1x.npz,axis_edge_orthogonal,1.0,delay2,delay,2.0,4,16,40,10,1e-06,-0.001690466414221159,-0.0016970411803848284,0.00833405597360845,0.003406338995781867
13,response_tables/trial_00013_hard_negative_structure_obs-empirical_prior-axis_edge_orthogonal_rel1x.npz,axis_edge_orthogonal,1.0,delay3,delay,3.0,4,16,40,10,1e-06,-0.003527294621241822,-0.0041572400981342295,0.009843693147138038,0.0033687237730753144
13,response_tables/trial_00013_hard_negative_structure_obs-empirical_prior-axis_edge_orthogonal_rel1x.npz,axis_edge_orthogonal,1.0,delay4,delay,4.0,4,16,40,10,1e-06,-0.004465033090585213,-0.004760207224603352,0.01266513647113876,0.004131851983265914
13,response_tables/trial_00013_hard_negative_structure_obs-empirical_prior-axis_edge_orthogonal_rel1x.npz,axis_edge_orthogonal,1.0,delay6,delay,6.0,4,16,40,10,1e-06,-0.00459744514255267,-0.0015421661129164654,0.013967368562569665,0.006808261859244106
13,response_tables/trial_00013_hard_negative_structure_obs-empirical_prior-axis_edge_orthogonal_rel1x.npz,axis_edge_orthogonal,1.0,delay8,delay,8.0,4,16,40,10,1e-06,-0.007982633873707734,-0.004509155902033157,0.015863809600159984,0.00868377073518784
13,response_tables/trial_00013_hard_negative_structure_obs-empirical_prior-axis_edge_orthogonal_rel1x.npz,axis_edge_orthogonal,1.0,box2,boxcar,2.0,4,16,40,10,1e-06,-0.0027075321990954193,-0.0021926226900620405,0.006709064262369613,0.003728339251530914
13,response_tables/trial_00013_hard_negative_structure_obs-empirical_prior-axis_edge_orthogonal_rel1x.npz,axis_edge_orthogonal,1.0,box4,boxcar,4.0,4,16,40,10,1e-06,-0.003090880497455456,-0.0029265472551422977,0.008460709713261877,0.0029297838751086323
13,response_tables/trial_00013_hard_negative_structure_obs-empirical_prior-axis_edge_orthogonal_rel1x.npz,axis_edge_orthogonal,1.0,box8,boxcar,8.0,4,16,40,10,1e-06,-0.003279279889909059,-0.002674230170046088,0.012191003374266152,0.0016946255001002264
13,response_tables/trial_00013_hard_negative_structure_obs-empirical_prior-axis_edge_orthogonal_rel1x.npz,axis_edge_orthogonal,1.0,ema0p25,ema,0.25,4,16,40,10,1e-06,-0.0027603114392080186,-0.002269773198359859,0.006236020583927693,0.003593468389536763
13,response_tables/trial_00013_hard_negative_structure_obs-empirical_prior-axis_edge_orthogonal_rel1x.npz,axis_edge_orthogonal,1.0,ema0p50,ema,0.5,4,16,40,10,1e-06,-0.0027475294417897422,-0.0024749290702905657,0.00768864775368705,0.003855651812136593
13,response_tables/trial_00013_hard_negative_structure_obs-empirical_prior-axis_edge_orthogonal_rel1x.npz,axis_edge_orthogonal,1.0,ema0p75,ema,0.75,4,16,40,10,1e-06,-0.002967495447719931,-0.003488236754736085,0.011665344085823343,0.003823404435101973
13,response_tables/trial_00013_hard_negative_structure_obs-empirical_prior-axis_edge_orthogonal_rel1x.npz,axis_edge_orthogonal,1.0,ema0p90,ema,0.9,4,16,40,10,1e-06,-0.009835016333080593,-0.006388713407585844,0.02250731285594154,0.004838740445371426
14,response_tables/trial_00014_hard_negative_structure_obs-empirical_prior-axis_edge_parallel_rel2x.npz,axis_edge_parallel,2.0,instant,delay,0.0,4,16,40,10,1e-06,-0.0033852801214787065,-0.004998674866034669,0.0021960308253864136,0.010280211228600978
14,response_tables/trial_00014_hard_negative_structure_obs-empirical_prior-axis_edge_parallel_rel2x.npz,axis_edge_parallel,2.0,delay1,delay,1.0,4,16,40,10,1e-06,-0.008151310145082385,-0.010067259368603976,0.0025277428105253408,0.0105941891694843
14,response_tables/trial_00014_hard_negative_structure_obs-empirical_prior-axis_edge_parallel_rel2x.npz,axis_edge_parallel,2.0,delay2,delay,2.0,4,16,40,10,1e-06,-0.013497568434914231,-0.01565842094430714,0.0027235749779001284,0.01308492932429783
14,response_tables/trial_00014_hard_negative_structure_obs-empirical_prior-axis_edge_parallel_rel2x.npz,axis_edge_parallel,2.0,delay3,delay,3.0,4,16,40,10,1e-06,-0.02036241614209583,-0.021575984354588185,0.002831907287454971,0.015540625869182732
14,response_tables/trial_00014_hard_negative_structure_obs-empirical_prior-axis_edge_parallel_rel2x.npz,axis_edge_parallel,2.0,delay4,delay,4.0,4,16,40,10,1e-06,-0.030776197648103354,-0.030511166212427554,0.0030848213706876626,0.021032137285801385
14,response_tables/trial_00014_hard_negative_structure_obs-empirical_prior-axis_edge_parallel_rel2x.npz,axis_edge_parallel,2.0,delay6,delay,6.0,4,16,40,10,1e-06,-0.05195951224951717,-0.053254429320027774,0.004827743708482546,0.012425219930494545
14,response_tables/trial_00014_hard_negative_structure_obs-empirical_prior-axis_edge_parallel_rel2x.npz,axis_edge_parallel,2.0,delay8,delay,8.0,4,16,40,10,1e-06,-0.07759956507595922,-0.07822996379466429,0.006716020952328178,0.0083930999423792
14,response_tables/trial_00014_hard_negative_structure_obs-empirical_prior-axis_edge_parallel_rel2x.npz,axis_edge_parallel,2.0,box2,boxcar,2.0,4,16,40,10,1e-06,-0.005853165674547328,-0.007716287092538021,0.0024455407962448994,0.009306895652077344
14,response_tables/trial_00014_hard_negative_structure_obs-empirical_prior-axis_edge_parallel_rel2x.npz,axis_edge_parallel,2.0,box4,boxcar,4.0,4,16,40,10,1e-06,-0.011814859731402172,-0.013909696056933485,0.0027075483713119575,0.00954734477192395
14,response_tables/trial_00014_hard_negative_structure_obs-empirical_prior-axis_edge_parallel_rel2x.npz,axis_edge_parallel,2.0,box8,boxcar,8.0,4,16,40,10,1e-06,-0.029977286336898723,-0.02966136406608688,0.0036366474345055078,0.013438395857573426
14,response_tables/trial_00014_hard_negative_structure_obs-empirical_prior-axis_edge_parallel_rel2x.npz,axis_edge_parallel,2.0,ema0p25,ema,0.25,4,16,40,10,1e-06,-0.004970256922319893,-0.006752759267855901,0.002351871584793497,0.00922468157456668
14,response_tables/trial_00014_hard_negative_structure_obs-empirical_prior-axis_edge_parallel_rel2x.npz,axis_edge_parallel,2.0,ema0p50,ema,0.5,4,16,40,10,1e-06,-0.008692962476459454,-0.010450849818214092,0.0025597740552257275,0.008575126026946501
14,response_tables/trial_00014_hard_negative_structure_obs-empirical_prior-axis_edge_parallel_rel2x.npz,axis_edge_parallel,2.0,ema0p75,ema,0.75,4,16,40,10,1e-06,-0.025258359421731824,-0.024305145072873624,0.0033668810954615713,0.01264265495286809
14,response_tables/trial_00014_hard_negative_structure_obs-empirical_prior-axis_edge_parallel_rel2x.npz,axis_edge_parallel,2.0,ema0p90,ema,0.9,4,16,40,10,1e-06,-0.09804785163326962,-0.09229544726224093,0.008714500644478373,0.01031833552100763
14,response_tables/trial_00014_hard_negative_structure_obs-empirical_prior-axis_edge_orthogonal_rel2x.npz,axis_edge_orthogonal,2.0,instant,delay,0.0,4,16,40,10,1e-06,-0.002594429775783752,-0.0038094732544903254,0.0019553856411421433,0.024850745598864247
14,response_tables/trial_00014_hard_negative_structure_obs-empirical_prior-axis_edge_orthogonal_rel2x.npz,axis_edge_orthogonal,2.0,delay1,delay,1.0,4,16,40,10,1e-06,-0.006465554935312229,-0.007995299746212492,0.0027630607932557505,0.019011280106909178
14,response_tables/trial_00014_hard_negative_structure_obs-empirical_prior-axis_edge_orthogonal_rel2x.npz,axis_edge_orthogonal,2.0,delay2,delay,2.0,4,16,40,10,1e-06,-0.01082876891953119,-0.0125939855735544,0.003286637650461194,0.01055881546565032
14,response_tables/trial_00014_hard_negative_structure_obs-empirical_prior-axis_edge_orthogonal_rel2x.npz,axis_edge_orthogonal,2.0,delay3,delay,3.0,4,16,40,10,1e-06,-0.016694081161103047,-0.01763260471474859,0.0035840561506906565,0.008630622288228317
14,response_tables/trial_00014_hard_negative_structure_obs-empirical_prior-axis_edge_orthogonal_rel2x.npz,axis_edge_orthogonal,2.0,delay4,delay,4.0,4,16,40,10,1e-06,-0.02665947235213406,-0.025697246133615903,0.004402975722289926,0.010335191428759724
14,response_tables/trial_00014_hard_negative_structure_obs-empirical_prior-axis_edge_orthogonal_rel2x.npz,axis_edge_orthogonal,2.0,delay6,delay,6.0,4,16,40,10,1e-06,-0.0487381397426877,-0.04768138900979757,0.0052159496049863086,0.008946333126507125
14,response_tables/trial_00014_hard_negative_structure_obs-empirical_prior-axis_edge_orthogonal_rel2x.npz,axis_edge_orthogonal,2.0,delay8,delay,8.0,4,16,40,10,1e-06,-0.07419842944104804,-0.07223725479636844,0.007106913894507183,0.009972973954112958
14,response_tables/trial_00014_hard_negative_structure_obs-empirical_prior-axis_edge_orthogonal_rel2x.npz,axis_edge_orthogonal,2.0,box2,boxcar,2.0,4,16,40,10,1e-06,-0.004553965970628099,-0.005969855801314705,0.0024419130918867382,0.021332234155353957
14,response_tables/trial_00014_hard_negative_structure_obs-empirical_prior-axis_edge_orthogonal_rel2x.npz,axis_edge_orthogonal,2.0,box4,boxcar,4.0,4,16,40,10,1e-06,-0.00937937546848866,-0.011061032360924705,0.003084468099999016,0.01379939523909267
14,response_tables/trial_00014_hard_negative_structure_obs-empirical_prior-axis_edge_orthogonal_rel2x.npz,axis_edge_orthogonal,2.0,box8,boxcar,8.0,4,16,40,10,1e-06,-0.026120923288143416,-0.025590479512400233,0.004518074935065369,0.005023866789537111
14,response_tables/trial_00014_hard_negative_structure_obs-empirical_prior-axis_edge_orthogonal_rel2x.npz,axis_edge_orthogonal,2.0,ema0p25,ema,0.25,4,16,40,10,1e-06,-0.0038331569026567036,-0.005179748100887949,0.002253926680912316,0.021401595099941183
14,response_tables/trial_00014_hard_negative_structure_obs-empirical_prior-axis_edge_orthogonal_rel2x.npz,axis_edge_orthogonal,2.0,ema0p50,ema,0.5,4,16,40,10,1e-06,-0.006902468606954482,-0.008205430420561766,0.0027335377630367808,0.01666292824321454
14,response_tables/trial_00014_hard_negative_structure_obs-empirical_prior-axis_edge_orthogonal_rel2x.npz,axis_edge_orthogonal,2.0,ema0p75,ema,0.75,4,16,40,10,1e-06,-0.021789275264537278,-0.020281382172088636,0.004198172776475356,0.007341559227991164
14,response_tables/trial_00014_hard_negative_structure_obs-empirical_prior-axis_edge_orthogonal_rel2x.npz,axis_edge_orthogonal,2.0,ema0p90,ema,0.9,4,16,40,10,1e-06,-0.09058071933312023,-0.08103393424977223,0.01013335502085061,0.007625994707001899
15,response_tables/trial_00015_hard_negative_structure_obs-empirical_prior-axis_edge_parallel_rel0p5x.npz,axis_edge_parallel,0.5,instant,delay,0.0,4,16,40,10,1e-06,-0.0023493417677763473,-0.0018790180060750394,0.00273002633502345,0.00848938162563529
15,response_tables/trial_00015_hard_negative_structure_obs-empirical_prior-axis_edge_parallel_rel0p5x.npz,axis_edge_parallel,0.5,delay1,delay,1.0,4,16,40,10,1e-06,-0.006501478955823092,-0.0059127838908953345,0.002464556192026429,0.008877612804320378
15,response_tables/trial_00015_hard_negative_structure_obs-empirical_prior-axis_edge_parallel_rel0p5x.npz,axis_edge_parallel,0.5,delay2,delay,2.0,4,16,40,10,1e-06,-0.012790946443454576,-0.011030006362519829,0.002672625513554072,0.014207779479163199
15,response_tables/trial_00015_hard_negative_structure_obs-empirical_prior-axis_edge_parallel_rel0p5x.npz,axis_edge_parallel,0.5,delay3,delay,3.0,4,16,40,10,1e-06,-0.02045304551342436,-0.017113654683974078,0.003172528857192408,0.011617562443410563
15,response_tables/trial_00015_hard_negative_structure_obs-empirical_prior-axis_edge_parallel_rel0p5x.npz,axis_edge_parallel,0.5,delay4,delay,4.0,4,16,40,10,1e-06,-0.02164884141898682,-0.016212035408879055,0.005014219292189176,0.007307809198976313
15,response_tables/trial_00015_hard_negative_structure_obs-empirical_prior-axis_edge_parallel_rel0p5x.npz,axis_edge_parallel,0.5,delay6,delay,6.0,4,16,40,10,1e-06,-0.03137448560120723,-0.02887652596174073,0.009954282989116381,0.005068532071170208
15,response_tables/trial_00015_hard_negative_structure_obs-empirical_prior-axis_edge_parallel_rel0p5x.npz,axis_edge_parallel,0.5,delay8,delay,8.0,4,16,40,10,1e-06,-0.057600177965005134,-0.0704624766486428,0.015383933613704687,0.007399523587804337
15,response_tables/trial_00015_hard_negative_structure_obs-empirical_prior-axis_edge_parallel_rel0p5x.npz,axis_edge_parallel,0.5,box2,boxcar,2.0,4,16,40,10,1e-06,-0.0036623159672075634,-0.0034210612533009943,0.002828568448452168,0.007800866781605858
15,response_tables/trial_00015_hard_negative_structure_obs-empirical_prior-axis_edge_parallel_rel0p5x.npz,axis_edge_parallel,0.5,box4,boxcar,4.0,4,16,40,10,1e-06,-0.008289858613889478,-0.008223330391925354,0.003160366094829642,0.008780298896425814
15,response_tables/trial_00015_hard_negative_structure_obs-empirical_prior-axis_edge_parallel_rel0p5x.npz,axis_edge_parallel,0.5,box8,boxcar,8.0,4,16,40,10,1e-06,-0.015307403837151012,-0.015528650095863572,0.0061611583501436085,0.003927096688425742
15,response_tables/trial_00015_hard_negative_structure_obs-empirical_prior-axis_edge_parallel_rel0p5x.npz,axis_edge_parallel,0.5,ema0p25,ema,0.25,4,16,40,10,1e-06,-0.0029913212958656565,-0.002559665117778498,0.002900380394050023,0.00819627698966725
15,response_tables/trial_00015_hard_negative_structure_obs-empirical_prior-axis_edge_parallel_rel0p5x.npz,axis_edge_parallel,0.5,ema0p50,ema,0.5,4,16,40,10,1e-06,-0.004747892969107215,-0.004468890639383494,0.003272530563582232,0.008081960277150739
15,response_tables/trial_00015_hard_negative_structure_obs-empirical_prior-axis_edge_parallel_rel0p5x.npz,axis_edge_parallel,0.5,ema0p75,ema,0.75,4,16,40,10,1e-06,-0.012808980846550189,-0.013114940988262935,0.005671130326038637,0.0063817630355951045
15,response_tables/trial_00015_hard_negative_structure_obs-empirical_prior-axis_edge_parallel_rel0p5x.npz,axis_edge_parallel,0.5,ema0p90,ema,0.9,4,16,40,10,1e-06,-0.07969153811267732,-0.10306144065340139,0.020148341782805196,0.005779572288739123
15,response_tables/trial_00015_hard_negative_structure_obs-empirical_prior-axis_edge_orthogonal_rel0p5x.npz,axis_edge_orthogonal,0.5,instant,delay,0.0,4,16,40,10,1e-06,-0.0026150175126023467,-0.0013212417519831154,0.0018359803610294712,0.010630230053110607
15,response_tables/trial_00015_hard_negative_structure_obs-empirical_prior-axis_edge_orthogonal_rel0p5x.npz,axis_edge_orthogonal,0.5,delay1,delay,1.0,4,16,40,10,1e-06,-0.006299052522988846,-0.005176152204683704,0.0015102523895855757,0.010840886752534768
15,response_tables/trial_00015_hard_negative_structure_obs-empirical_prior-axis_edge_orthogonal_rel0p5x.npz,axis_edge_orthogonal,0.5,delay2,delay,2.0,4,16,40,10,1e-06,-0.012399576286635516,-0.01153558299242119,0.0017034540614945248,0.014956027181036655
15,response_tables/trial_00015_hard_negative_structure_obs-empirical_prior-axis_edge_orthogonal_rel0p5x.npz,axis_edge_orthogonal,0.5,delay3,delay,3.0,4,16,40,10,1e-06,-0.02030852194330479,-0.01978994759072572,0.002382086604436645,0.012150191546939977
15,response_tables/trial_00015_hard_negative_structure_obs-empirical_prior-axis_edge_orthogonal_rel0p5x.npz,axis_edge_orthogonal,0.5,delay4,delay,4.0,4,16,40,10,1e-06,-0.021725346530895417,-0.01654518148516515,0.004111465507129597,0.006156223305976757
15,response_tables/trial_00015_hard_negative_structure_obs-empirical_prior-axis_edge_orthogonal_rel0p5x.npz,axis_edge_orthogonal,0.5,delay6,delay,6.0,4,16,40,10,1e-06,-0.024480314024059147,-0.02428650918372277,0.010469343664677805,0.0041147775556316735
15,response_tables/trial_00015_hard_negative_structure_obs-empirical_prior-axis_edge_orthogonal_rel0p5x.npz,axis_edge_orthogonal,0.5,delay8,delay,8.0,4,16,40,10,1e-06,-0.047912694061824246,-0.061789489722146484,0.016724203742384397,0.008519592980706758
15,response_tables/trial_00015_hard_negative_structure_obs-empirical_prior-axis_edge_orthogonal_rel0p5x.npz,axis_edge_orthogonal,0.5,box2,boxcar,2.0,4,16,40,10,1e-06,-0.003965078795412635,-0.0026441967972596903,0.0018168324364915,0.009659934633577488
15,response_tables/trial_00015_hard_negative_structure_obs-empirical_prior-axis_edge_orthogonal_rel0p5x.npz,axis_edge_orthogonal,0.5,box4,boxcar,4.0,4,16,40,10,1e-06,-0.008823666570042354,-0.007029730041246518,0.0020202408957271933,0.008967826285856195
15,response_tables/trial_00015_hard_negative_structure_obs-empirical_prior-axis_edge_orthogonal_rel0p5x.npz,axis_edge_orthogonal,0.5,box8,boxcar,8.0,4,16,40,10,1e-06,-0.013933460176883072,-0.012309793916333467,0.005212677016753736,0.002569558861977298
15,response_tables/trial_00015_hard_negative_structure_obs-empirical_prior-axis_edge_orthogonal_rel0p5x.npz,axis_edge_orthogonal,0.5,ema0p25,ema,0.25,4,16,40,10,1e-06,-0.003369339713557906,-0.001982623436263098,0.0019016704517972327,0.009794133172911605
15,response_tables/trial_00015_hard_negative_structure_obs-empirical_prior-axis_edge_orthogonal_rel0p5x.npz,axis_edge_orthogonal,0.5,ema0p50,ema,0.5,4,16,40,10,1e-06,-0.005183678642035616,-0.0036616521863239715,0.002126850289173088,0.00832592431511715
15,response_tables/trial_00015_hard_negative_structure_obs-empirical_prior-axis_edge_orthogonal_rel0p5x.npz,axis_edge_orthogonal,0.5,ema0p75,ema,0.75,4,16,40,10,1e-06,-0.012192658285013258,-0.011802326209964686,0.004353049235074763,0.004313367582524525
15,response_tables/trial_00015_hard_negative_structure_obs-empirical_prior-axis_edge_orthogonal_rel0p5x.npz,axis_edge_orthogonal,0.5,ema0p90,ema,0.9,4,16,40,10,1e-06,-0.07094634853430551,-0.09537602376479792,0.020769619823329782,0.0028684054006119573
16,response_tables/trial_00016_hard_negative_structure_obs-empirical_prior-axis_edge_parallel_rel1x.npz,axis_edge_parallel,1.0,instant,delay,0.0,4,16,40,10,1e-06,-0.0035188237583867465,-0.0035613961608527145,0.001812411483684745,0.014582361035188035
16,response_tables/trial_00016_hard_negative_structure_obs-empirical_prior-axis_edge_parallel_rel1x.npz,axis_edge_parallel,1.0,delay1,delay,1.0,4,16,40,10,1e-06,-0.005358515885844073,-0.003665981800629048,0.0033652614824289107,0.006132427078336284
16,response_tables/trial_00016_hard_negative_structure_obs-empirical_prior-axis_edge_parallel_rel1x.npz,axis_edge_parallel,1.0,delay2,delay,2.0,4,16,40,10,1e-06,-0.007941055186772128,-0.004641323702457845,0.005448530989400263,0.00638067809452473
16,response_tables/trial_00016_hard_negative_structure_obs-empirical_prior-axis_edge_parallel_rel1x.npz,axis_edge_parallel,1.0,delay3,delay,3.0,4,16,40,10,1e-06,-0.008599456333880373,-0.002952120403018954,0.009204718609597456,0.0052717286789310674
16,response_tables/trial_00016_hard_negative_structure_obs-empirical_prior-axis_edge_parallel_rel1x.npz,axis_edge_parallel,1.0,delay4,delay,4.0,4,16,40,10,1e-06,-0.00852240187114689,-0.0019359849583668876,0.015280838949930597,0.00543555345268489
16,response_tables/trial_00016_hard_negative_structure_obs-empirical_prior-axis_edge_parallel_rel1x.npz,axis_edge_parallel,1.0,delay6,delay,6.0,4,16,40,10,1e-06,0.0037375715079823735,0.012046933997262366,0.0408055619851507,0.0019666260558259064
16,response_tables/trial_00016_hard_negative_structure_obs-empirical_prior-axis_edge_parallel_rel1x.npz,axis_edge_parallel,1.0,delay8,delay,8.0,4,16,40,10,1e-06,0.0179191874487121,0.026569274119972897,0.07710860138807102,0.002716615374694556
16,response_tables/trial_00016_hard_negative_structure_obs-empirical_prior-axis_edge_parallel_rel1x.npz,axis_edge_parallel,1.0,box2,boxcar,2.0,4,16,40,10,1e-06,-0.004930020009656699,-0.003892621158923637,0.002681113252466366,0.008480583416834681
16,response_tables/trial_00016_hard_negative_structure_obs-empirical_prior-axis_edge_parallel_rel1x.npz,axis_edge_parallel,1.0,box4,boxcar,4.0,4,16,40,10,1e-06,-0.007781544586333455,-0.00451541874103123,0.005001528739094624,0.0030391416772538524
16,response_tables/trial_00016_hard_negative_structure_obs-empirical_prior-axis_edge_parallel_rel1x.npz,axis_edge_parallel,1.0,box8,boxcar,8.0,4,16,40,10,1e-06,-0.010746470802938224,-0.005928759407640927,0.016227151778099608,0.002899336427078529
16,response_tables/trial_00016_hard_negative_structure_obs-empirical_prior-axis_edge_parallel_rel1x.npz,axis_edge_parallel,1.0,ema0p25,ema,0.25,4,16,40,10,1e-06,-0.00450393202643079,-0.00389665583106491,0.0024061476065062037,0.00967117207153195
16,response_tables/trial_00016_hard_negative_structure_obs-empirical_prior-axis_edge_parallel_rel1x.npz,axis_edge_parallel,1.0,ema0p50,ema,0.5,4,16,40,10,1e-06,-0.006057637281024264,-0.004134738198128485,0.004016123081845235,0.003975627796352186
16,response_tables/trial_00016_hard_negative_structure_obs-empirical_prior-axis_edge_parallel_rel1x.npz,axis_edge_parallel,1.0,ema0p75,ema,0.75,4,16,40,10,1e-06,-0.005609620308158203,-4.746871385358231e-05,0.015902221086822516,0.002856977930921051
16,response_tables/trial_00016_hard_negative_structure_obs-empirical_prior-axis_edge_parallel_rel1x.npz,axis_edge_parallel,1.0,ema0p90,ema,0.9,4,16,40,10,1e-06,0.025093869120952073,0.03759720162314173,0.10312543822636583,0.0015098615671569713
16,response_tables/trial_00016_hard_negative_structure_obs-empirical_prior-axis_edge_orthogonal_rel1x.npz,axis_edge_orthogonal,1.0,instant,delay,0.0,4,16,40,10,1e-06,-0.0033440264184843582,-0.003654321056573373,0.00164133890438789,0.03704894592774189
16,response_tables/trial_00016_hard_negative_structure_obs-empirical_prior-axis_edge_orthogonal_rel1x.npz,axis_edge_orthogonal,1.0,delay1,delay,1.0,4,16,40,10,1e-06,-0.006206871197550701,-0.005976376837314001,0.002449687790667038,0.020341940521890617
16,response_tables/trial_00016_hard_negative_structure_obs-empirical_prior-axis_edge_orthogonal_rel1x.npz,axis_edge_orthogonal,1.0,delay2,delay,2.0,4,16,40,10,1e-06,-0.010037652569365563,-0.009107453003318167,0.003869861167757088,0.010684087483874049
16,response_tables/trial_00016_hard_negative_structure_obs-empirical_prior-axis_edge_orthogonal_rel1x.npz,axis_edge_orthogonal,1.0,delay3,delay,3.0,4,16,40,10,1e-06,-0.013545104611859426,-0.010250881416085766,0.005850428859168533,0.007586813278142188
16,response_tables/trial_00016_hard_negative_structure_obs-empirical_prior-axis_edge_orthogonal_rel1x.npz,axis_edge_orthogonal,1.0,delay4,delay,4.0,4,16,40,10,1e-06,-0.017504559787205887,-0.016723863075555512,0.009746348959768114,0.006211719247088929
16,response_tables/trial_00016_hard_negative_structure_obs-empirical_prior-axis_edge_orthogonal_rel1x.npz,axis_edge_orthogonal,1.0,delay6,delay,6.0,4,16,40,10,1e-06,-0.008045579314388485,-0.0012559841276718053,0.03362012630911865,0.002332182325566451
16,response_tables/trial_00016_hard_negative_structure_obs-empirical_prior-axis_edge_orthogonal_rel1x.npz,axis_edge_orthogonal,1.0,delay8,delay,8.0,4,16,40,10,1e-06,0.0009724417257934159,0.009843888843073856,0.06441209269247034,0.0029001751685696076
16,response_tables/trial_00016_hard_negative_structure_obs-empirical_prior-axis_edge_orthogonal_rel1x.npz,axis_edge_orthogonal,1.0,box2,boxcar,2.0,4,16,40,10,1e-06,-0.0054469818801410885,-0.005127013439178318,0.0021239771167488875,0.02510818351441192
16,response_tables/trial_00016_hard_negative_structure_obs-empirical_prior-axis_edge_orthogonal_rel1x.npz,axis_edge_orthogonal,1.0,box4,boxcar,4.0,4,16,40,10,1e-06,-0.01006535554570498,-0.008376348484890439,0.00352384218938534,0.009081419560903269
16,response_tables/trial_00016_hard_negative_structure_obs-empirical_prior-axis_edge_orthogonal_rel1x.npz,axis_edge_orthogonal,1.0,box8,boxcar,8.0,4,16,40,10,1e-06,-0.017245619596361172,-0.016370089508243257,0.012280236838228514,0.0033851995157380094
16,response_tables/trial_00016_hard_negative_structure_obs-empirical_prior-axis_edge_orthogonal_rel1x.npz,axis_edge_orthogonal,1.0,ema0p25,ema,0.25,4,16,40,10,1e-06,-0.004780999164793909,-0.0046916798835623386,0.0019884785142529893,0.02662382176945588
16,response_tables/trial_00016_hard_negative_structure_obs-empirical_prior-axis_edge_orthogonal_rel1x.npz,axis_edge_orthogonal,1.0,ema0p50,ema,0.5,4,16,40,10,1e-06,-0.0073741159126027855,-0.00673291128460618,0.002993557998730606,0.012570349156225144
16,response_tables/trial_00016_hard_negative_structure_obs-empirical_prior-axis_edge_orthogonal_rel1x.npz,axis_edge_orthogonal,1.0,ema0p75,ema,0.75,4,16,40,10,1e-06,-0.01163648399861772,-0.009674228536105778,0.011753470401855093,0.00361563946412238
16,response_tables/trial_00016_hard_negative_structure_obs-empirical_prior-axis_edge_orthogonal_rel1x.npz,axis_edge_orthogonal,1.0,ema0p90,ema,0.9,4,16,40,10,1e-06,-0.0007252928272318271,0.008931681263962432,0.08020307642685409,0.0014638188887051576
17,response_tables/trial_00017_hard_negative_structure_obs-empirical_prior-axis_edge_parallel_rel2x.npz,axis_edge_parallel,2.0,instant,delay,0.0,4,16,40,10,1e-06,0.0003284804306697142,-0.00018985756958900257,0.0020566628486884397,0.01789760212940698
17,response_tables/trial_00017_hard_negative_structure_obs-empirical_prior-axis_edge_parallel_rel2x.npz,axis_edge_parallel,2.0,delay1,delay,1.0,4,16,40,10,1e-06,0.00074142472172814,0.00038284990456627366,0.0021280992469477344,0.05678296734942807
17,response_tables/trial_00017_hard_negative_structure_obs-empirical_prior-axis_edge_parallel_rel2x.npz,axis_edge_parallel,2.0,delay2,delay,2.0,4,16,40,10,1e-06,0.0005067584726813068,0.00020949108079804102,0.002549753374718161,0.0685969513011458
17,response_tables/trial_00017_hard_negative_structure_obs-empirical_prior-axis_edge_parallel_rel2x.npz,axis_edge_parallel,2.0,delay3,delay,3.0,4,16,40,10,1e-06,-0.00032686866348702326,-0.00038800616846712543,0.002878625250919753,0.09731678247786311
17,response_tables/trial_00017_hard_negative_structure_obs-empirical_prior-axis_edge_parallel_rel2x.npz,axis_edge_parallel,2.0,delay4,delay,4.0,4,16,40,10,1e-06,-0.001225166150957302,-0.0013411864075164592,0.003406332234285686,0.1200777316220409
17,response_tables/trial_00017_hard_negative_structure_obs-empirical_prior-axis_edge_parallel_rel2x.npz,axis_edge_parallel,2.0,delay6,delay,6.0,4,16,40,10,1e-06,-0.007566399779991406,-0.007025519709451089,0.0033319335662273797,0.13514641235675626
17,response_tables/trial_00017_hard_negative_structure_obs-empirical_prior-axis_edge_parallel_rel2x.npz,axis_edge_parallel,2.0,delay8,delay,8.0,4,16,40,10,1e-06,-0.018792797928523508,-0.01658305685811967,0.002168659242714477,0.14154849790298452
17,response_tables/trial_00017_hard_negative_structure_obs-empirical_prior-axis_edge_parallel_rel2x.npz,axis_edge_parallel,2.0,box2,boxcar,2.0,4,16,40,10,1e-06,0.0006603121369234966,0.00017268024148292538,0.002249355300857292,0.027857624379070346
17,response_tables/trial_00017_hard_negative_structure_obs-empirical_prior-axis_edge_parallel_rel2x.npz,axis_edge_parallel,2.0,box4,boxcar,4.0,4,16,40,10,1e-06,0.0005421222974526518,0.00022447134546360603,0.002703756906580035,0.04273762881464056
17,response_tables/trial_00017_hard_negative_structure_obs-empirical_prior-axis_edge_parallel_rel2x.npz,axis_edge_parallel,2.0,box8,boxcar,8.0,4,16,40,10,1e-06,-0.00308762505745247,-0.0027924317263994247,0.003245824037777567,0.08175236650374126
17,response_tables/trial_00017_hard_negative_structure_obs-empirical_prior-axis_edge_parallel_rel2x.npz,axis_edge_parallel,2.0,ema0p25,ema,0.25,4,16,40,10,1e-06,0.0005211822468383365,6.0697143891008665e-06,0.002244938221337117,0.021372121577098654
17,response_tables/trial_00017_hard_negative_structure_obs-empirical_prior-axis_edge_parallel_rel2x.npz,axis_edge_parallel,2.0,ema0p50,ema,0.5,4,16,40,10,1e-06,0.000556959164833587,9.969513821933562e-05,0.0025683537301909865,0.030346221232021325
17,response_tables/trial_00017_hard_negative_structure_obs-empirical_prior-axis_edge_parallel_rel2x.npz,axis_edge_parallel,2.0,ema0p75,ema,0.75,4,16,40,10,1e-06,-0.002516227491114187,-0.002278768682577592,0.0029735348358892466,0.07475343125839504
17,response_tables/trial_00017_hard_negative_structure_obs-empirical_prior-axis_edge_parallel_rel2x.npz,axis_edge_parallel,2.0,ema0p90,ema,0.9,4,16,40,10,1e-06,-0.026970785560044952,-0.02304039441815442,0.002658861812852076,0.15898083077768524
17,response_tables/trial_00017_hard_negative_structure_obs-empirical_prior-axis_edge_orthogonal_rel2x.npz,axis_edge_orthogonal,2.0,instant,delay,0.0,4,16,40,10,1e-06,-0.0006776048940825286,-0.0005617243082284284,0.0007831747370304343,0.02319581691650362
17,response_tables/trial_00017_hard_negative_structure_obs-empirical_prior-axis_edge_orthogonal_rel2x.npz,axis_edge_orthogonal,2.0,delay1,delay,1.0,4,16,40,10,1e-06,-0.0003022253601967506,-9.944232445391332e-05,0.0007697775711185406,0.052774061153748636
17,response_tables/trial_00017_hard_negative_structure_obs-empirical_prior-axis_edge_orthogonal_rel2x.npz,axis_edge_orthogonal,2.0,delay2,delay,2.0,4,16,40,10,1e-06,-0.0006266670857489887,-0.0003733096534289104,0.0009020861591243767,0.05402810406527428
17,response_tables/trial_00017_hard_negative_structure_obs-empirical_prior-axis_edge_orthogonal_rel2x.npz,axis_edge_orthogonal,2.0,delay3,delay,3.0,4,16,40,10,1e-06,-0.0014601525282887384,-0.0010631045768676461,0.0010426678969407133,0.06305129256893133
17,response_tables/trial_00017_hard_negative_structure_obs-empirical_prior-axis_edge_orthogonal_rel2x.npz,axis_edge_orthogonal,2.0,delay4,delay,4.0,4,16,40,10,1e-06,-0.002263499907955102,-0.0017412920050713376,0.001420511205353664,0.08162966148702347
17,response_tables/trial_00017_hard_negative_structure_obs-empirical_prior-axis_edge_orthogonal_rel2x.npz,axis_edge_orthogonal,2.0,delay6,delay,6.0,4,16,40,10,1e-06,-0.008110108538494087,-0.007963299650516564,0.0010987692427830154,0.1227741931137624
17,response_tables/trial_00017_hard_negative_structure_obs-empirical_prior-axis_edge_orthogonal_rel2x.npz,axis_edge_orthogonal,2.0,delay8,delay,8.0,4,16,40,10,1e-06,-0.01701442406384207,-0.01619756035738884,0.0007730974900418408,0.13609839273537408
17,response_tables/trial_00017_hard_negative_structure_obs-empirical_prior-axis_edge_orthogonal_rel2x.npz,axis_edge_orthogonal,2.0,box2,boxcar,2.0,4,16,40,10,1e-06,-0.0004474247866577685,-0.00029145756674658907,0.0008316564251544811,0.03319632208804127
17,response_tables/trial_00017_hard_negative_structure_obs-empirical_prior-axis_edge_orthogonal_rel2x.npz,axis_edge_orthogonal,2.0,box4,boxcar,4.0,4,16,40,10,1e-06,-0.0007096087005202256,-0.0004487210462976732,0.0009751721240412459,0.03955535607833577
17,response_tables/trial_00017_hard_negative_structure_obs-empirical_prior-axis_edge_orthogonal_rel2x.npz,axis_edge_orthogonal,2.0,box8,boxcar,8.0,4,16,40,10,1e-06,-0.00398938866801668,-0.003713039759814518,0.001087025048092105,0.06266943096942669
17,response_tables/trial_00017_hard_negative_structure_obs-empirical_prior-axis_edge_orthogonal_rel2x.npz,axis_edge_orthogonal,2.0,ema0p25,ema,0.25,4,16,40,10,1e-06,-0.0005739684723225502,-0.0004354869240752457,0.0008403216184371953,0.027079912005004977
17,response_tables/trial_00017_hard_negative_structure_obs-empirical_prior-axis_edge_orthogonal_rel2x.npz,axis_edge_orthogonal,2.0,ema0p50,ema,0.5,4,16,40,10,1e-06,-0.0006441122786958187,-0.00046356636580002775,0.000940152748601486,0.03403258290929691
17,response_tables/trial_00017_hard_negative_structure_obs-empirical_prior-axis_edge_orthogonal_rel2x.npz,axis_edge_orthogonal,2.0,ema0p75,ema,0.75,4,16,40,10,1e-06,-0.003377026993510557,-0.0032161768455548634,0.000979405176376985,0.061072828328655945
17,response_tables/trial_00017_hard_negative_structure_obs-empirical_prior-axis_edge_orthogonal_rel2x.npz,axis_edge_orthogonal,2.0,ema0p90,ema,0.9,4,16,40,10,1e-06,-0.024670557172732976,-0.024193505592950526,0.0007874821157554668,0.14126226942479392
18,response_tables/trial_00018_hard_negative_structure_obs-empirical_prior-axis_edge_parallel_rel0p5x.npz,axis_edge_parallel,0.5,instant,delay,0.0,4,16,40,10,1e-06,0.0017385427080431337,0.0012966804410345367,0.004620765620506229,0.02269576196493832
18,response_tables/trial_00018_hard_negative_structure_obs-empirical_prior-axis_edge_parallel_rel0p5x.npz,axis_edge_parallel,0.5,delay1,delay,1.0,4,16,40,10,1e-06,0.0021639470809702854,0.0009239816765418407,0.00566545835723406,0.01975736222048995
18,response_tables/trial_00018_hard_negative_structure_obs-empirical_prior-axis_edge_parallel_rel0p5x.npz,axis_edge_parallel,0.5,delay2,delay,2.0,4,16,40,10,1e-06,0.002433086569384152,0.00028872815019098663,0.006908400156164091,0.019252413795741108
18,response_tables/trial_00018_hard_negative_structure_obs-empirical_prior-axis_edge_parallel_rel0p5x.npz,axis_edge_parallel,0.5,delay3,delay,3.0,4,16,40,10,1e-06,0.002219441259794036,-0.0009414106914121811,0.008052873001242383,0.017860265426244193
18,response_tables/trial_00018_hard_negative_structure_obs-empirical_prior-axis_edge_parallel_rel0p5x.npz,axis_edge_parallel,0.5,delay4,delay,4.0,4,16,40,10,1e-06,0.0015842850529970698,-0.002656394754929403,0.009461380950888748,0.019720044406858594
18,response_tables/trial_00018_hard_negative_structure_obs-empirical_prior-axis_edge_parallel_rel0p5x.npz,axis_edge_parallel,0.5,delay6,delay,6.0,4,16,40,10,1e-06,0.0013448241687357143,-0.001853009498081537,0.018021916766579466,0.007149695649048145
18,response_tables/trial_00018_hard_negative_structure_obs-empirical_prior-axis_edge_parallel_rel0p5x.npz,axis_edge_parallel,0.5,delay8,delay,8.0,4,16,40,10,1e-06,0.0025418898252496935,0.0009422535664660447,0.03278904483372333,0.004615720904739805
18,response_tables/trial_00018_hard_negative_structure_obs-empirical_prior-axis_edge_parallel_rel0p5x.npz,axis_edge_parallel,0.5,box2,boxcar,2.0,4,16,40,10,1e-06,0.002033792856239197,0.0011872867622236272,0.005193518269309666,0.020765839739436083
18,response_tables/trial_00018_hard_negative_structure_obs-empirical_prior-axis_edge_parallel_rel0p5x.npz,axis_edge_parallel,0.5,box4,boxcar,4.0,4,16,40,10,1e-06,0.0024083985240008765,0.000623871528756148,0.006349369338470523,0.016777600009292917
18,response_tables/trial_00018_hard_negative_structure_obs-empirical_prior-axis_edge_parallel_rel0p5x.npz,axis_edge_parallel,0.5,box8,boxcar,8.0,4,16,40,10,1e-06,0.0016738000437775125,-0.00258250232875179,0.009538586727188603,0.013501855692191818
18,response_tables/trial_00018_hard_negative_structure_obs-empirical_prior-axis_edge_parallel_rel0p5x.npz,axis_edge_parallel,0.5,ema0p25,ema,0.25,4,16,40,10,1e-06,0.001964896931319904,0.0012419034997531164,0.005008853135559543,0.021179045768493297
18,response_tables/trial_00018_hard_negative_structure_obs-empirical_prior-axis_edge_parallel_rel0p5x.npz,axis_edge_parallel,0.5,ema0p50,ema,0.5,4,16,40,10,1e-06,0.002278614316782862,0.0007948583892773975,0.005716958037193881,0.01870512774540855
18,response_tables/trial_00018_hard_negative_structure_obs-empirical_prior-axis_edge_parallel_rel0p5x.npz,axis_edge_parallel,0.5,ema0p75,ema,0.75,4,16,40,10,1e-06,0.0025689855033637077,-0.0018210671486171837,0.009096270287668351,0.019081053508867272
18,response_tables/trial_00018_hard_negative_structure_obs-empirical_prior-axis_edge_parallel_rel0p5x.npz,axis_edge_parallel,0.5,ema0p90,ema,0.9,4,16,40,10,1e-06,0.005142269176906272,-0.003562244620091415,0.04034660648265448,0.0040186521764127275
18,response_tables/trial_00018_hard_negative_structure_obs-empirical_prior-axis_edge_orthogonal_rel0p5x.npz,axis_edge_orthogonal,0.5,instant,delay,0.0,4,16,40,10,1e-06,0.0007820718648927361,0.0010223484917817882,0.0033596538919271057,0.020287259483582787
18,response_tables/trial_00018_hard_negative_structure_obs-empirical_prior-axis_edge_orthogonal_rel0p5x.npz,axis_edge_orthogonal,0.5,delay1,delay,1.0,4,16,40,10,1e-06,0.0010924673185431777,0.001236909816819065,0.004065045219497104,0.014803935748795585
18,response_tables/trial_00018_hard_negative_structure_obs-empirical_prior-axis_edge_orthogonal_rel0p5x.npz,axis_edge_orthogonal,0.5,delay2,delay,2.0,4,16,40,10,1e-06,0.0012198247273085272,0.0017874995405946503,0.004888360977370082,0.013820833013608366
18,response_tables/trial_00018_hard_negative_structure_obs-empirical_prior-axis_edge_orthogonal_rel0p5x.npz,axis_edge_orthogonal,0.5,delay3,delay,3.0,4,16,40,10,1e-06,0.0012188234642309392,0.001233521786450975,0.005787082395990184,0.013093024222125514
18,response_tables/trial_00018_hard_negative_structure_obs-empirical_prior-axis_edge_orthogonal_rel0p5x.npz,axis_edge_orthogonal,0.5,delay4,delay,4.0,4,16,40,10,1e-06,0.001161674320525885,-0.00021729640299139596,0.007287280531994095,0.012718120073557347
18,response_tables/trial_00018_hard_negative_structure_obs-empirical_prior-axis_edge_orthogonal_rel0p5x.npz,axis_edge_orthogonal,0.5,delay6,delay,6.0,4,16,40,10,1e-06,0.0024177078843443667,0.0024143112918665333,0.016346885620892426,0.0046345494041909645
18,response_tables/trial_00018_hard_negative_structure_obs-empirical_prior-axis_edge_orthogonal_rel0p5x.npz,axis_edge_orthogonal,0.5,delay8,delay,8.0,4,16,40,10,1e-06,0.005726479881120072,-0.0013225828822253094,0.03193381504414025,0.004481077833112008
18,response_tables/trial_00018_hard_negative_structure_obs-empirical_prior-axis_edge_orthogonal_rel0p5x.npz,axis_edge_orthogonal,0.5,box2,boxcar,2.0,4,16,40,10,1e-06,0.0009900860684420587,0.0010425752308095282,0.0037417033616822803,0.016752260244866667
18,response_tables/trial_00018_hard_negative_structure_obs-empirical_prior-axis_edge_orthogonal_rel0p5x.npz,axis_edge_orthogonal,0.5,box4,boxcar,4.0,4,16,40,10,1e-06,0.0012449148566595347,0.0017128648863032336,0.004496210119071475,0.012119092502301601
18,response_tables/trial_00018_hard_negative_structure_obs-empirical_prior-axis_edge_orthogonal_rel0p5x.npz,axis_edge_orthogonal,0.5,box8,boxcar,8.0,4,16,40,10,1e-06,0.0010778013974052092,-0.00031004578304938413,0.007264380969695727,0.008895746371982441
18,response_tables/trial_00018_hard_negative_structure_obs-empirical_prior-axis_edge_orthogonal_rel0p5x.npz,axis_edge_orthogonal,0.5,ema0p25,ema,0.25,4,16,40,10,1e-06,0.0009372408602310867,0.0010405536843494656,0.003611466048723838,0.017745601071725185
18,response_tables/trial_00018_hard_negative_structure_obs-empirical_prior-axis_edge_orthogonal_rel0p5x.npz,axis_edge_orthogonal,0.5,ema0p50,ema,0.5,4,16,40,10,1e-06,0.0011552413112829452,0.0015256589818263278,0.004052777167477928,0.014196433329406349
18,response_tables/trial_00018_hard_negative_structure_obs-empirical_prior-axis_edge_orthogonal_rel0p5x.npz,axis_edge_orthogonal,0.5,ema0p75,ema,0.75,4,16,40,10,1e-06,0.0016461717468600756,0.0014743206644808327,0.006758175539261446,0.011895362474562465
18,response_tables/trial_00018_hard_negative_structure_obs-empirical_prior-axis_edge_orthogonal_rel0p5x.npz,axis_edge_orthogonal,0.5,ema0p90,ema,0.9,4,16,40,10,1e-06,0.009400465544099817,0.009225803121242715,0.0384632543945263,0.0021528608058723293
19,response_tables/trial_00019_hard_negative_structure_obs-empirical_prior-axis_edge_parallel_rel1x.npz,axis_edge_parallel,1.0,instant,delay,0.0,4,16,40,10,1e-06,0.0017930340566876812,0.002125172089963878,0.004411145852309006,0.013019916640906862
19,response_tables/trial_00019_hard_negative_structure_obs-empirical_prior-axis_edge_parallel_rel1x.npz,axis_edge_parallel,1.0,delay1,delay,1.0,4,16,40,10,1e-06,0.004485957783042949,0.005148652721017277,0.007419444764517141,0.008373006255705443
19,response_tables/trial_00019_hard_negative_structure_obs-empirical_prior-axis_edge_parallel_rel1x.npz,axis_edge_parallel,1.0,delay2,delay,2.0,4,16,40,10,1e-06,0.007898469751719345,0.008936818951645997,0.010732936657680048,0.005006508567637557
19,response_tables/trial_00019_hard_negative_structure_obs-empirical_prior-axis_edge_parallel_rel1x.npz,axis_edge_parallel,1.0,delay3,delay,3.0,4,16,40,10,1e-06,0.01087533301435542,0.011877754685045261,0.013510000395834082,0.004768953465015521
19,response_tables/trial_00019_hard_negative_structure_obs-empirical_prior-axis_edge_parallel_rel1x.npz,axis_edge_parallel,1.0,delay4,delay,4.0,4,16,40,10,1e-06,0.017114651196194236,0.018776261396886818,0.019787023983199675,0.004093908460092174
19,response_tables/trial_00019_hard_negative_structure_obs-empirical_prior-axis_edge_parallel_rel1x.npz,axis_edge_parallel,1.0,delay6,delay,6.0,4,16,40,10,1e-06,0.04254697732299678,0.05159714355254319,0.04777309694224399,0.0039376159777370036
19,response_tables/trial_00019_hard_negative_structure_obs-empirical_prior-axis_edge_parallel_rel1x.npz,axis_edge_parallel,1.0,delay8,delay,8.0,4,16,40,10,1e-06,0.06442855364692365,0.08266000627641101,0.07789863552142379,0.002830640836487503
19,response_tables/trial_00019_hard_negative_structure_obs-empirical_prior-axis_edge_parallel_rel1x.npz,axis_edge_parallel,1.0,box2,boxcar,2.0,4,16,40,10,1e-06,0.0031824369684618214,0.0036745868989742636,0.006050830973464649,0.00980534258463881
19,response_tables/trial_00019_hard_negative_structure_obs-empirical_prior-axis_edge_parallel_rel1x.npz,axis_edge_parallel,1.0,box4,boxcar,4.0,4,16,40,10,1e-06,0.006466549657449722,0.007337243223042966,0.009417027731564526,0.0057148616756775026
19,response_tables/trial_00019_hard_negative_structure_obs-empirical_prior-axis_edge_parallel_rel1x.npz,axis_edge_parallel,1.0,box8,boxcar,8.0,4,16,40,10,1e-06,0.022697777848121797,0.02609792851879872,0.02567766362272933,0.0024700531030693437
19,response_tables/trial_00019_hard_negative_structure_obs-empirical_prior-axis_edge_parallel_rel1x.npz,axis_edge_parallel,1.0,ema0p25,ema,0.25,4,16,40,10,1e-06,0.0026954605720606595,0.003121498337125439,0.005458927636014632,0.010478399972629629
19,response_tables/trial_00019_hard_negative_structure_obs-empirical_prior-axis_edge_parallel_rel1x.npz,axis_edge_parallel,1.0,ema0p50,ema,0.5,4,16,40,10,1e-06,0.005248386441699587,0.005883512797776269,0.008021771264109606,0.007232251717557058
19,response_tables/trial_00019_hard_negative_structure_obs-empirical_prior-axis_edge_parallel_rel1x.npz,axis_edge_parallel,1.0,ema0p75,ema,0.75,4,16,40,10,1e-06,0.020075654035111495,0.02295229479972516,0.023141532040251128,0.002725974805223948
19,response_tables/trial_00019_hard_negative_structure_obs-empirical_prior-axis_edge_parallel_rel1x.npz,axis_edge_parallel,1.0,ema0p90,ema,0.9,4,16,40,10,1e-06,0.09320342220052158,0.11281748007619374,0.11347449310231955,0.0010673839006622766
19,response_tables/trial_00019_hard_negative_structure_obs-empirical_prior-axis_edge_orthogonal_rel1x.npz,axis_edge_orthogonal,1.0,instant,delay,0.0,4,16,40,10,1e-06,0.0019764923966401893,0.002677869375185271,0.004300146523572995,0.008956932572029955
19,response_tables/trial_00019_hard_negative_structure_obs-empirical_prior-axis_edge_orthogonal_rel1x.npz,axis_edge_orthogonal,1.0,delay1,delay,1.0,4,16,40,10,1e-06,0.00490236407055733,0.005884604017123929,0.007572453046072403,0.004725707185672407
19,response_tables/trial_00019_hard_negative_structure_obs-empirical_prior-axis_edge_orthogonal_rel1x.npz,axis_edge_orthogonal,1.0,delay2,delay,2.0,4,16,40,10,1e-06,0.008420360928582754,0.009627750447566974,0.011035777025298954,0.004007553429369975
19,response_tables/trial_00019_hard_negative_structure_obs-empirical_prior-axis_edge_orthogonal_rel1x.npz,axis_edge_orthogonal,1.0,delay3,delay,3.0,4,16,40,10,1e-06,0.012103942390836953,0.013463981551001258,0.01443333018421225,0.0040815107737096415
19,response_tables/trial_00019_hard_negative_structure_obs-empirical_prior-axis_edge_orthogonal_rel1x.npz,axis_edge_orthogonal,1.0,delay4,delay,4.0,4,16,40,10,1e-06,0.019069958263760872,0.021041166293374047,0.02121357533934412,0.003539785999132081
19,response_tables/trial_00019_hard_negative_structure_obs-empirical_prior-axis_edge_orthogonal_rel1x.npz,axis_edge_orthogonal,1.0,delay6,delay,6.0,4,16,40,10,1e-06,0.04332441884931418,0.051713844510941465,0.04754770724997209,0.0034330402603380593
19,response_tables/trial_00019_hard_negative_structure_obs-empirical_prior-axis_edge_orthogonal_rel1x.npz,axis_edge_orthogonal,1.0,delay8,delay,8.0,4,16,40,10,1e-06,0.062066645127320186,0.08117484527962693,0.07491763807139865,0.002175331074570847
19,response_tables/trial_00019_hard_negative_structure_obs-empirical_prior-axis_edge_orthogonal_rel1x.npz,axis_edge_orthogonal,1.0,box2,boxcar,2.0,4,16,40,10,1e-06,0.0034519822694139835,0.0042987175944562694,0.006071398098023484,0.005714000104148102
19,response_tables/trial_00019_hard_negative_structure_obs-empirical_prior-axis_edge_orthogonal_rel1x.npz,axis_edge_orthogonal,1.0,box4,boxcar,4.0,4,16,40,10,1e-06,0.0070633469265235505,0.008091495847440289,0.009818336235957431,0.003868945128187461
19,response_tables/trial_00019_hard_negative_structure_obs-empirical_prior-axis_edge_orthogonal_rel1x.npz,axis_edge_orthogonal,1.0,box8,boxcar,8.0,4,16,40,10,1e-06,0.023639220881534112,0.02622898723483419,0.02622368667510025,0.0021620924107663315
19,response_tables/trial_00019_hard_negative_structure_obs-empirical_prior-axis_edge_orthogonal_rel1x.npz,axis_edge_orthogonal,1.0,ema0p25,ema,0.25,4,16,40,10,1e-06,0.0029403082378395284,0.0037086785079039064,0.00543196639482324,0.0065283855290104754
19,response_tables/trial_00019_hard_negative_structure_obs-empirical_prior-axis_edge_orthogonal_rel1x.npz,axis_edge_orthogonal,1.0,ema0p50,ema,0.5,4,16,40,10,1e-06,0.005662915582187927,0.006453737682581562,0.008155069354093047,0.00451264833572816
19,response_tables/trial_00019_hard_negative_structure_obs-empirical_prior-axis_edge_orthogonal_rel1x.npz,axis_edge_orthogonal,1.0,ema0p75,ema,0.75,4,16,40,10,1e-06,0.020747488001912145,0.022914348588822242,0.02331455205062241,0.0019908295135686897
19,response_tables/trial_00019_hard_negative_structure_obs-empirical_prior-axis_edge_orthogonal_rel1x.npz,axis_edge_orthogonal,1.0,ema0p90,ema,0.9,4,16,40,10,1e-06,0.09021913562292577,0.11438217927095695,0.1104090012243441,0.0007357890649281344
20,response_tables/trial_00020_hard_negative_structure_obs-empirical_prior-axis_edge_parallel_rel2x.npz,axis_edge_parallel,2.0,instant,delay,0.0,4,16,40,10,1e-06,-0.006889533704999229,-0.007386724516155629,0.0012000780522169185,0.02299693360781438
20,response_tables/trial_00020_hard_negative_structure_obs-empirical_prior-axis_edge_parallel_rel2x.npz,axis_edge_parallel,2.0,delay1,delay,1.0,4,16,40,10,1e-06,-0.011970498425837528,-0.013118284523975898,0.0005968682206387577,0.07607644087219335
20,response_tables/trial_00020_hard_negative_structure_obs-empirical_prior-axis_edge_parallel_rel2x.npz,axis_edge_parallel,2.0,delay2,delay,2.0,4,16,40,10,1e-06,-0.01718722258639216,-0.018938436004478643,0.0009449399458980046,0.025329682007356594
20,response_tables/trial_00020_hard_negative_structure_obs-empirical_prior-axis_edge_parallel_rel2x.npz,axis_edge_parallel,2.0,delay3,delay,3.0,4,16,40,10,1e-06,-0.022369369257753402,-0.023967631988943916,0.002098083653879562,0.009975840492349978
20,response_tables/trial_00020_hard_negative_structure_obs-empirical_prior-axis_edge_parallel_rel2x.npz,axis_edge_parallel,2.0,delay4,delay,4.0,4,16,40,10,1e-06,-0.032321941526372966,-0.0355232584265619,0.0036143276261153545,0.009663399136720853
20,response_tables/trial_00020_hard_negative_structure_obs-empirical_prior-axis_edge_parallel_rel2x.npz,axis_edge_parallel,2.0,delay6,delay,6.0,4,16,40,10,1e-06,-0.06154825379236101,-0.07188631318213479,0.007095442717151873,0.0087380933087922
20,response_tables/trial_00020_hard_negative_structure_obs-empirical_prior-axis_edge_parallel_rel2x.npz,axis_edge_parallel,2.0,delay8,delay,8.0,4,16,40,10,1e-06,-0.08556306219335924,-0.09687752834639984,0.011774349038436105,0.004631837910545568
20,response_tables/trial_00020_hard_negative_structure_obs-empirical_prior-axis_edge_parallel_rel2x.npz,axis_edge_parallel,2.0,box2,boxcar,2.0,4,16,40,10,1e-06,-0.010391823612488693,-0.011395497326314397,0.0008388269763636991,0.036187662279127356
20,response_tables/trial_00020_hard_negative_structure_obs-empirical_prior-axis_edge_parallel_rel2x.npz,axis_edge_parallel,2.0,box4,boxcar,4.0,4,16,40,10,1e-06,-0.016704326638763867,-0.018085584972520552,0.0008645360166048832,0.02531715836727319
20,response_tables/trial_00020_hard_negative_structure_obs-empirical_prior-axis_edge_parallel_rel2x.npz,axis_edge_parallel,2.0,box8,boxcar,8.0,4,16,40,10,1e-06,-0.03564595170980883,-0.03886444733962158,0.0031860000095871865,0.008530049105417404
20,response_tables/trial_00020_hard_negative_structure_obs-empirical_prior-axis_edge_parallel_rel2x.npz,axis_edge_parallel,2.0,ema0p25,ema,0.25,4,16,40,10,1e-06,-0.009293673552026482,-0.010144447256447142,0.0009772230788663294,0.0280226986977244
20,response_tables/trial_00020_hard_negative_structure_obs-empirical_prior-axis_edge_parallel_rel2x.npz,axis_edge_parallel,2.0,ema0p50,ema,0.5,4,16,40,10,1e-06,-0.014202254737815556,-0.015721587581860152,0.0007901663972486317,0.040656336208268654
20,response_tables/trial_00020_hard_negative_structure_obs-empirical_prior-axis_edge_parallel_rel2x.npz,axis_edge_parallel,2.0,ema0p75,ema,0.75,4,16,40,10,1e-06,-0.03471840764514378,-0.03915495900572674,0.002287953806659443,0.011688477600690021
20,response_tables/trial_00020_hard_negative_structure_obs-empirical_prior-axis_edge_parallel_rel2x.npz,axis_edge_parallel,2.0,ema0p90,ema,0.9,4,16,40,10,1e-06,-0.11647899326747879,-0.1352222549287565,0.014214259989879768,0.004634623116978074
20,response_tables/trial_00020_hard_negative_structure_obs-empirical_prior-axis_edge_orthogonal_rel2x.npz,axis_edge_orthogonal,2.0,instant,delay,0.0,4,16,40,10,1e-06,-0.00404340699546113,-0.004101128505881513,0.0015358104260327077,0.015463275109106507
20,response_tables/trial_00020_hard_negative_structure_obs-empirical_prior-axis_edge_orthogonal_rel2x.npz,axis_edge_orthogonal,2.0,delay1,delay,1.0,4,16,40,10,1e-06,-0.007917893176761504,-0.009209782352205709,0.0011096628224033511,0.0583636553908474
20,response_tables/trial_00020_hard_negative_structure_obs-empirical_prior-axis_edge_orthogonal_rel2x.npz,axis_edge_orthogonal,2.0,delay2,delay,2.0,4,16,40,10,1e-06,-0.012063545499781503,-0.01430905636590074,0.0015244735067091453,0.037345822761763875
20,response_tables/trial_00020_hard_negative_structure_obs-empirical_prior-axis_edge_orthogonal_rel2x.npz,axis_edge_orthogonal,2.0,delay3,delay,3.0,4,16,40,10,1e-06,-0.016261481132633537,-0.01862516584412366,0.0026144313464920854,0.014393036522590871
20,response_tables/trial_00020_hard_negative_structure_obs-empirical_prior-axis_edge_orthogonal_rel2x.npz,axis_edge_orthogonal,2.0,delay4,delay,4.0,4,16,40,10,1e-06,-0.023970128416173353,-0.02841784512189771,0.0036859747042763957,0.01498850703186669
20,response_tables/trial_00020_hard_negative_structure_obs-empirical_prior-axis_edge_orthogonal_rel2x.npz,axis_edge_orthogonal,2.0,delay6,delay,6.0,4,16,40,10,1e-06,-0.04948098005949397,-0.059317304496785406,0.007154998895682524,0.007520393430095507
20,response_tables/trial_00020_hard_negative_structure_obs-empirical_prior-axis_edge_orthogonal_rel2x.npz,axis_edge_orthogonal,2.0,delay8,delay,8.0,4,16,40,10,1e-06,-0.0716744686177117,-0.08480937322232296,0.01128302506318457,0.005805307225319316
20,response_tables/trial_00020_hard_negative_structure_obs-empirical_prior-axis_edge_orthogonal_rel2x.npz,axis_edge_orthogonal,2.0,box2,boxcar,2.0,4,16,40,10,1e-06,-0.006525123947680178,-0.007375982061680997,0.001332494366395126,0.026837198565075215
20,response_tables/trial_00020_hard_negative_structure_obs-empirical_prior-axis_edge_orthogonal_rel2x.npz,axis_edge_orthogonal,2.0,box4,boxcar,4.0,4,16,40,10,1e-06,-0.01124612599856889,-0.01304625478059851,0.0014882321562189882,0.02681857525660488
20,response_tables/trial_00020_hard_negative_structure_obs-empirical_prior-axis_edge_orthogonal_rel2x.npz,axis_edge_orthogonal,2.0,box8,boxcar,8.0,4,16,40,10,1e-06,-0.026069945754674084,-0.030674286800403294,0.003626276550570351,0.009145248578005175
20,response_tables/trial_00020_hard_negative_structure_obs-empirical_prior-axis_edge_orthogonal_rel2x.npz,axis_edge_orthogonal,2.0,ema0p25,ema,0.25,4,16,40,10,1e-06,-0.0057121250546768865,-0.006291689626370056,0.0014288438934264014,0.018867847263252094
20,response_tables/trial_00020_hard_negative_structure_obs-empirical_prior-axis_edge_orthogonal_rel2x.npz,axis_edge_orthogonal,2.0,ema0p50,ema,0.5,4,16,40,10,1e-06,-0.009319893800612544,-0.010908398630299576,0.0013923248705136615,0.03263085788438748
20,response_tables/trial_00020_hard_negative_structure_obs-empirical_prior-axis_edge_orthogonal_rel2x.npz,axis_edge_orthogonal,2.0,ema0p75,ema,0.75,4,16,40,10,1e-06,-0.025802206095217717,-0.03130125799490746,0.0029488908986856632,0.019102361876556916
20,response_tables/trial_00020_hard_negative_structure_obs-empirical_prior-axis_edge_orthogonal_rel2x.npz,axis_edge_orthogonal,2.0,ema0p90,ema,0.9,4,16,40,10,1e-06,-0.09980694910451787,-0.12095055242814112,0.013473018550083038,0.006798570555221497
21,response_tables/trial_00021_hard_negative_structure_obs-empirical_prior-axis_edge_parallel_rel0p5x.npz,axis_edge_parallel,0.5,instant,delay,0.0,4,16,40,10,1e-06,-0.0012682725159617325,0.0002668268901767079,0.004318496798827759,0.01639308142497301
21,response_tables/trial_00021_hard_negative_structure_obs-empirical_prior-axis_edge_parallel_rel0p5x.npz,axis_edge_parallel,0.5,delay1,delay,1.0,4,16,40,10,1e-06,-0.0008405409249998275,0.0007757288912775273,0.005748482607542932,0.012175057931949493
21,response_tables/trial_00021_hard_negative_structure_obs-empirical_prior-axis_edge_parallel_rel0p5x.npz,axis_edge_parallel,0.5,delay2,delay,2.0,4,16,40,10,1e-06,-0.0003122921725801642,0.0010699520734952506,0.00715769816944678,0.007489415261139871
21,response_tables/trial_00021_hard_negative_structure_obs-empirical_prior-axis_edge_parallel_rel0p5x.npz,axis_edge_parallel,0.5,delay3,delay,3.0,4,16,40,10,1e-06,0.00035874163373803003,0.001018197585319569,0.00782987021091272,0.0070210807564585215
21,response_tables/trial_00021_hard_negative_structure_obs-empirical_prior-axis_edge_parallel_rel0p5x.npz,axis_edge_parallel,0.5,delay4,delay,4.0,4,16,40,10,1e-06,0.0005304483951007188,0.0003496093104589093,0.0072403739197325345,0.007210367501535687
21,response_tables/trial_00021_hard_negative_structure_obs-empirical_prior-axis_edge_parallel_rel0p5x.npz,axis_edge_parallel,0.5,delay6,delay,6.0,4,16,40,10,1e-06,-0.0004805556704269853,-0.0038866009969655835,0.006081171291737381,0.034353233252850376
21,response_tables/trial_00021_hard_negative_structure_obs-empirical_prior-axis_edge_parallel_rel0p5x.npz,axis_edge_parallel,0.5,delay8,delay,8.0,4,16,40,10,1e-06,-0.0032349797739198993,-0.006299151426031546,0.007678431815915848,0.2806305246497872
21,response_tables/trial_00021_hard_negative_structure_obs-empirical_prior-axis_edge_parallel_rel0p5x.npz,axis_edge_parallel,0.5,box2,boxcar,2.0,4,16,40,10,1e-06,-0.0012902277774774762,0.00035504135053027186,0.00512106922024369,0.015101067027338924
21,response_tables/trial_00021_hard_negative_structure_obs-empirical_prior-axis_edge_parallel_rel0p5x.npz,axis_edge_parallel,0.5,box4,boxcar,4.0,4,16,40,10,1e-06,-0.0007837156866614126,0.0007709876555259676,0.006623671478591969,0.009741614924568587
21,response_tables/trial_00021_hard_negative_structure_obs-empirical_prior-axis_edge_parallel_rel0p5x.npz,axis_edge_parallel,0.5,box8,boxcar,8.0,4,16,40,10,1e-06,0.0005501698847017178,-0.00013878173027448426,0.006509206529361211,0.004714893684077372
21,response_tables/trial_00021_hard_negative_structure_obs-empirical_prior-axis_edge_parallel_rel0p5x.npz,axis_edge_parallel,0.5,ema0p25,ema,0.25,4,16,40,10,1e-06,-0.0013183131703351225,0.00027710489859827936,0.004843237927934646,0.015436349263618752
21,response_tables/trial_00021_hard_negative_structure_obs-empirical_prior-axis_edge_parallel_rel0p5x.npz,axis_edge_parallel,0.5,ema0p50,ema,0.5,4,16,40,10,1e-06,-0.0011585560594705169,8.310789680859854e-05,0.005536204532640282,0.011620440238981834
21,response_tables/trial_00021_hard_negative_structure_obs-empirical_prior-axis_edge_parallel_rel0p5x.npz,axis_edge_parallel,0.5,ema0p75,ema,0.75,4,16,40,10,1e-06,-0.00037052907576085037,-0.0008841158563429596,0.006016647483595483,0.005440165699169381
21,response_tables/trial_00021_hard_negative_structure_obs-empirical_prior-axis_edge_parallel_rel0p5x.npz,axis_edge_parallel,0.5,ema0p90,ema,0.9,4,16,40,10,1e-06,-0.0028487570276308494,-0.0065045825445867456,0.010653960614449398,0.09223291608177331
21,response_tables/trial_00021_hard_negative_structure_obs-empirical_prior-axis_edge_orthogonal_rel0p5x.npz,axis_edge_orthogonal,0.5,instant,delay,0.0,4,16,40,10,1e-06,-0.0011585789059105345,-0.0008930230031429787,0.00519455539266192,0.012216822765535573
21,response_tables/trial_00021_hard_negative_structure_obs-empirical_prior-axis_edge_orthogonal_rel0p5x.npz,axis_edge_orthogonal,0.5,delay1,delay,1.0,4,16,40,10,1e-06,-0.0008143566894286969,-0.000858529750874415,0.006525752175434885,0.0070388330932060535
21,response_tables/trial_00021_hard_negative_structure_obs-empirical_prior-axis_edge_orthogonal_rel0p5x.npz,axis_edge_orthogonal,0.5,delay2,delay,2.0,4,16,40,10,1e-06,-0.00037193543676725116,-0.0007252812701603606,0.007804017095091514,0.005397335194910783
21,response_tables/trial_00021_hard_negative_structure_obs-empirical_prior-axis_edge_orthogonal_rel0p5x.npz,axis_edge_orthogonal,0.5,delay3,delay,3.0,4,16,40,10,1e-06,0.00020151432013101878,0.00023829165282190923,0.008597654476332872,0.006304611055057608
21,response_tables/trial_00021_hard_negative_structure_obs-empirical_prior-axis_edge_orthogonal_rel0p5x.npz,axis_edge_orthogonal,0.5,delay4,delay,4.0,4,16,40,10,1e-06,0.00014240016851527204,-0.0005065272849054114,0.008056729329911527,0.00962145101295006
21,response_tables/trial_00021_hard_negative_structure_obs-empirical_prior-axis_edge_orthogonal_rel0p5x.npz,axis_edge_orthogonal,0.5,delay6,delay,6.0,4,16,40,10,1e-06,-0.0006163704105509038,-0.006084570442282278,0.0066804164830151225,0.058176753648228274
21,response_tables/trial_00021_hard_negative_structure_obs-empirical_prior-axis_edge_orthogonal_rel0p5x.npz,axis_edge_orthogonal,0.5,delay8,delay,8.0,4,16,40,10,1e-06,-0.0014893477996199,-0.005753432289108518,0.008181346142319218,0.15012043886399518
21,response_tables/trial_00021_hard_negative_structure_obs-empirical_prior-axis_edge_orthogonal_rel0p5x.npz,axis_edge_orthogonal,0.5,box2,boxcar,2.0,4,16,40,10,1e-06,-0.001244873316940981,-0.0010603000032235466,0.0059754975140487165,0.008081220656582542
21,response_tables/trial_00021_hard_negative_structure_obs-empirical_prior-axis_edge_orthogonal_rel0p5x.npz,axis_edge_orthogonal,0.5,box4,boxcar,4.0,4,16,40,10,1e-06,-0.0008095488600160516,-0.0008612234205576663,0.0074826363930678985,0.0060780057590189545
21,response_tables/trial_00021_hard_negative_structure_obs-empirical_prior-axis_edge_orthogonal_rel0p5x.npz,axis_edge_orthogonal,0.5,box8,boxcar,8.0,4,16,40,10,1e-06,-0.00011755344410285806,-0.0014366944511456925,0.007266220740732077,0.0061576727145295695
21,response_tables/trial_00021_hard_negative_structure_obs-empirical_prior-axis_edge_orthogonal_rel0p5x.npz,axis_edge_orthogonal,0.5,ema0p25,ema,0.25,4,16,40,10,1e-06,-0.0012530391832271948,-0.0010255641700511742,0.005718149674809575,0.009280047887683624
21,response_tables/trial_00021_hard_negative_structure_obs-empirical_prior-axis_edge_orthogonal_rel0p5x.npz,axis_edge_orthogonal,0.5,ema0p50,ema,0.5,4,16,40,10,1e-06,-0.00122518226178292,-0.0013607358421811044,0.006386398376866498,0.0065274382913665125
21,response_tables/trial_00021_hard_negative_structure_obs-empirical_prior-axis_edge_orthogonal_rel0p5x.npz,axis_edge_orthogonal,0.5,ema0p75,ema,0.75,4,16,40,10,1e-06,-0.0008857993030814693,-0.0020542563311227724,0.006487283429356949,0.004885292887655112
21,response_tables/trial_00021_hard_negative_structure_obs-empirical_prior-axis_edge_orthogonal_rel0p5x.npz,axis_edge_orthogonal,0.5,ema0p90,ema,0.9,4,16,40,10,1e-06,-0.000134097037661568,-0.005271654869501763,0.011097225245296688,0.07681813792754426
22,response_tables/trial_00022_hard_negative_structure_obs-empirical_prior-axis_edge_parallel_rel1x.npz,axis_edge_parallel,1.0,instant,delay,0.0,4,16,40,10,1e-06,0.0024510535030039804,0.004200762150062931,0.014464913561961584,0.003355952249258722
22,response_tables/trial_00022_hard_negative_structure_obs-empirical_prior-axis_edge_parallel_rel1x.npz,axis_edge_parallel,1.0,delay1,delay,1.0,4,16,40,10,1e-06,-0.010540196181282213,-0.01313712359560748,0.01746377441971861,0.003308431868175263
22,response_tables/trial_00022_hard_negative_structure_obs-empirical_prior-axis_edge_parallel_rel1x.npz,axis_edge_parallel,1.0,delay2,delay,2.0,4,16,40,10,1e-06,-0.024008007167016343,-0.02648307471418998,0.022442202336958372,0.0033933831246425903
22,response_tables/trial_00022_hard_negative_structure_obs-empirical_prior-axis_edge_parallel_rel1x.npz,axis_edge_parallel,1.0,delay3,delay,3.0,4,16,40,10,1e-06,-0.03982207117650782,-0.03743998901537593,0.02850803560986795,0.0023412060301092113
22,response_tables/trial_00022_hard_negative_structure_obs-empirical_prior-axis_edge_parallel_rel1x.npz,axis_edge_parallel,1.0,delay4,delay,4.0,4,16,40,10,1e-06,-0.052817975473937795,-0.0546585952833738,0.03861412630251779,0.0020241176270230686
22,response_tables/trial_00022_hard_negative_structure_obs-empirical_prior-axis_edge_parallel_rel1x.npz,axis_edge_parallel,1.0,delay6,delay,6.0,4,16,40,10,1e-06,-0.08407604280874287,-0.10113807278387554,0.05720637255314265,0.002831307261725516
22,response_tables/trial_00022_hard_negative_structure_obs-empirical_prior-axis_edge_parallel_rel1x.npz,axis_edge_parallel,1.0,delay8,delay,8.0,4,16,40,10,1e-06,-0.13902048651841023,-0.17453313840568485,0.07000976254548355,0.004056625960283309
22,response_tables/trial_00022_hard_negative_structure_obs-empirical_prior-axis_edge_parallel_rel1x.npz,axis_edge_parallel,1.0,box2,boxcar,2.0,4,16,40,10,1e-06,0.000586781485370419,-0.00019754258546417214,0.01801593059245224,0.002851812274796612
22,response_tables/trial_00022_hard_negative_structure_obs-empirical_prior-axis_edge_parallel_rel1x.npz,axis_edge_parallel,1.0,box4,boxcar,4.0,4,16,40,10,1e-06,-0.0029676571240498384,-0.005591965167720425,0.026303788132073125,0.002193668546647266
22,response_tables/trial_00022_hard_negative_structure_obs-empirical_prior-axis_edge_parallel_rel1x.npz,axis_edge_parallel,1.0,box8,boxcar,8.0,4,16,40,10,1e-06,-0.010623601715148978,-0.014171834693735064,0.0479509397216121,0.0017752888579136215
22,response_tables/trial_00022_hard_negative_structure_obs-empirical_prior-axis_edge_parallel_rel1x.npz,axis_edge_parallel,1.0,ema0p25,ema,0.25,4,16,40,10,1e-06,0.0028910347129210423,0.0033278484372310513,0.017464802984421324,0.0028503969351487603
22,response_tables/trial_00022_hard_negative_structure_obs-empirical_prior-axis_edge_parallel_rel1x.npz,axis_edge_parallel,1.0,ema0p50,ema,0.5,4,16,40,10,1e-06,0.0023832452936217996,-0.0003898929797526707,0.023380746693369148,0.0022803079855534397
22,response_tables/trial_00022_hard_negative_structure_obs-empirical_prior-axis_edge_parallel_rel1x.npz,axis_edge_parallel,1.0,ema0p75,ema,0.75,4,16,40,10,1e-06,-0.008723671680848477,-0.013268577551135252,0.043338687246607416,0.0015879888971869188
22,response_tables/trial_00022_hard_negative_structure_obs-empirical_prior-axis_edge_parallel_rel1x.npz,axis_edge_parallel,1.0,ema0p90,ema,0.9,4,16,40,10,1e-06,-0.10877259488259342,-0.15858849582951784,0.09724315927564581,0.0019022182749499194
22,response_tables/trial_00022_hard_negative_structure_obs-empirical_prior-axis_edge_orthogonal_rel1x.npz,axis_edge_orthogonal,1.0,instant,delay,0.0,4,16,40,10,1e-06,0.004843979268038229,0.00812718091512854,0.019524314220806083,0.0029099294392076896
22,response_tables/trial_00022_hard_negative_structure_obs-empirical_prior-axis_edge_orthogonal_rel1x.npz,axis_edge_orthogonal,1.0,delay1,delay,1.0,4,16,40,10,1e-06,-0.0072987577004181015,-0.009611064346023435,0.02305701614799588,0.0036397194019224897
22,response_tables/trial_00022_hard_negative_structure_obs-empirical_prior-axis_edge_orthogonal_rel1x.npz,axis_edge_orthogonal,1.0,delay2,delay,2.0,4,16,40,10,1e-06,-0.02241276387955063,-0.027138145458331153,0.0272690238333069,0.004020067344940272
22,response_tables/trial_00022_hard_negative_structure_obs-empirical_prior-axis_edge_orthogonal_rel1x.npz,axis_edge_orthogonal,1.0,delay3,delay,3.0,4,16,40,10,1e-06,-0.03879109617146825,-0.03920338462277284,0.03379837317124554,0.0028588163723363533
22,response_tables/trial_00022_hard_negative_structure_obs-empirical_prior-axis_edge_orthogonal_rel1x.npz,axis_edge_orthogonal,1.0,delay4,delay,4.0,4,16,40,10,1e-06,-0.05025364909001706,-0.052149823916230575,0.04449516800067657,0.0024876596769132136
22,response_tables/trial_00022_hard_negative_structure_obs-empirical_prior-axis_edge_orthogonal_rel1x.npz,axis_edge_orthogonal,1.0,delay6,delay,6.0,4,16,40,10,1e-06,-0.07170822452814418,-0.08365639326315322,0.06432939046343006,0.0033560884506889897
22,response_tables/trial_00022_hard_negative_structure_obs-empirical_prior-axis_edge_orthogonal_rel1x.npz,axis_edge_orthogonal,1.0,delay8,delay,8.0,4,16,40,10,1e-06,-0.12734248263922915,-0.1555191836291301,0.07441553915480029,0.004784069397240293
22,response_tables/trial_00022_hard_negative_structure_obs-empirical_prior-axis_edge_orthogonal_rel1x.npz,axis_edge_orthogonal,1.0,box2,boxcar,2.0,4,16,40,10,1e-06,0.004771050495381429,0.00415929167657153,0.024072069494673137,0.0028207525710550736
22,response_tables/trial_00022_hard_negative_structure_obs-empirical_prior-axis_edge_orthogonal_rel1x.npz,axis_edge_orthogonal,1.0,box4,boxcar,4.0,4,16,40,10,1e-06,0.002969457128175923,0.0008675553608452069,0.033089292392960046,0.0025076281766936957
22,response_tables/trial_00022_hard_negative_structure_obs-empirical_prior-axis_edge_orthogonal_rel1x.npz,axis_edge_orthogonal,1.0,box8,boxcar,8.0,4,16,40,10,1e-06,0.0007098386159786196,0.0004119095868987954,0.05677621537713562,0.002084122465522898
22,response_tables/trial_00022_hard_negative_structure_obs-empirical_prior-axis_edge_orthogonal_rel1x.npz,axis_edge_orthogonal,1.0,ema0p25,ema,0.25,4,16,40,10,1e-06,0.006683349893566004,0.0077987810984399,0.02327356589654478,0.002677897099978808
22,response_tables/trial_00022_hard_negative_structure_obs-empirical_prior-axis_edge_orthogonal_rel1x.npz,axis_edge_orthogonal,1.0,ema0p50,ema,0.5,4,16,40,10,1e-06,0.00815123605793,0.0066285075618315314,0.03009672341548711,0.002412285920454791
22,response_tables/trial_00022_hard_negative_structure_obs-empirical_prior-axis_edge_orthogonal_rel1x.npz,axis_edge_orthogonal,1.0,ema0p75,ema,0.75,4,16,40,10,1e-06,0.0010897248225152922,6.303855322775664e-05,0.05131976062442062,0.0020221384055825594
22,response_tables/trial_00022_hard_negative_structure_obs-empirical_prior-axis_edge_orthogonal_rel1x.npz,axis_edge_orthogonal,1.0,ema0p90,ema,0.9,4,16,40,10,1e-06,-0.0947965827415988,-0.12450007286372877,0.09977937049957347,0.0012268421070378685
23,response_tables/trial_00023_hard_negative_structure_obs-empirical_prior-axis_edge_parallel_rel2x.npz,axis_edge_parallel,2.0,instant,delay,0.0,4,16,40,10,1e-06,-0.0005173108598690856,-0.0005775416468645211,0.002309453334897127,0.019032583231020556
23,response_tables/trial_00023_hard_negative_structure_obs-empirical_prior-axis_edge_parallel_rel2x.npz,axis_edge_parallel,2.0,delay1,delay,1.0,4,16,40,10,1e-06,-0.0017525461368482764,-0.0020019157030958246,0.004422275014185351,0.012600690147604572
23,response_tables/trial_00023_hard_negative_structure_obs-empirical_prior-axis_edge_parallel_rel2x.npz,axis_edge_parallel,2.0,delay2,delay,2.0,4,16,40,10,1e-06,-0.004605322274893686,-0.004600601716475028,0.006322223772956409,0.007236534385041212
23,response_tables/trial_00023_hard_negative_structure_obs-empirical_prior-axis_edge_parallel_rel2x.npz,axis_edge_parallel,2.0,delay3,delay,3.0,4,16,40,10,1e-06,-0.007280406892950564,-0.00781724201945777,0.009136460699084303,0.00884854521715067
23,response_tables/trial_00023_hard_negative_structure_obs-empirical_prior-axis_edge_parallel_rel2x.npz,axis_edge_parallel,2.0,delay4,delay,4.0,4,16,40,10,1e-06,-0.009491379442896325,-0.0110739986884002,0.014414816320955676,0.008464566206930398
23,response_tables/trial_00023_hard_negative_structure_obs-empirical_prior-axis_edge_parallel_rel2x.npz,axis_edge_parallel,2.0,delay6,delay,6.0,4,16,40,10,1e-06,-0.021878928381311558,-0.022773862966780967,0.02231509334848522,0.008161684621492159
23,response_tables/trial_00023_hard_negative_structure_obs-empirical_prior-axis_edge_parallel_rel2x.npz,axis_edge_parallel,2.0,delay8,delay,8.0,4,16,40,10,1e-06,-0.03166855192231205,-0.03077233794949452,0.03564915933442539,0.012901015607929453
23,response_tables/trial_00023_hard_negative_structure_obs-empirical_prior-axis_edge_parallel_rel2x.npz,axis_edge_parallel,2.0,box2,boxcar,2.0,4,16,40,10,1e-06,-0.0010125318506588321,-0.0011872688652619923,0.0035448411064847585,0.013595056656453844
23,response_tables/trial_00023_hard_negative_structure_obs-empirical_prior-axis_edge_parallel_rel2x.npz,axis_edge_parallel,2.0,box4,boxcar,4.0,4,16,40,10,1e-06,-0.003042587845383915,-0.0034099967436744816,0.006106372922783959,0.005693294762736738
23,response_tables/trial_00023_hard_negative_structure_obs-empirical_prior-axis_edge_parallel_rel2x.npz,axis_edge_parallel,2.0,box8,boxcar,8.0,4,16,40,10,1e-06,-0.00851676109484742,-0.00987748681105527,0.015204238511540735,0.004193756108928208
23,response_tables/trial_00023_hard_negative_structure_obs-empirical_prior-axis_edge_parallel_rel2x.npz,axis_edge_parallel,2.0,ema0p25,ema,0.25,4,16,40,10,1e-06,-0.0008477834574194543,-0.0009729176586615873,0.0030938808473565116,0.014663581520428431
23,response_tables/trial_00023_hard_negative_structure_obs-empirical_prior-axis_edge_parallel_rel2x.npz,axis_edge_parallel,2.0,ema0p50,ema,0.5,4,16,40,10,1e-06,-0.0018826283455900539,-0.002155359359688691,0.004825665125113399,0.008106945029885636
23,response_tables/trial_00023_hard_negative_structure_obs-empirical_prior-axis_edge_parallel_rel2x.npz,axis_edge_parallel,2.0,ema0p75,ema,0.75,4,16,40,10,1e-06,-0.006875431269614263,-0.0074279548246481975,0.013079124612576154,0.004823238219096538
23,response_tables/trial_00023_hard_negative_structure_obs-empirical_prior-axis_edge_parallel_rel2x.npz,axis_edge_parallel,2.0,ema0p90,ema,0.9,4,16,40,10,1e-06,-0.027743291356724736,-0.02550576800442872,0.05576063593780842,0.006839377478782993
23,response_tables/trial_00023_hard_negative_structure_obs-empirical_prior-axis_edge_orthogonal_rel2x.npz,axis_edge_orthogonal,2.0,instant,delay,0.0,4,16,40,10,1e-06,-2.975603135166316e-05,0.0006291989130895459,0.0029326002912551385,0.018267522788378985
23,response_tables/trial_00023_hard_negative_structure_obs-empirical_prior-axis_edge_orthogonal_rel2x.npz,axis_edge_orthogonal,2.0,delay1,delay,1.0,4,16,40,10,1e-06,-0.0009911152523122135,-0.0007123301048856945,0.005022058594708917,0.015047582774228595
23,response_tables/trial_00023_hard_negative_structure_obs-empirical_prior-axis_edge_orthogonal_rel2x.npz,axis_edge_orthogonal,2.0,delay2,delay,2.0,4,16,40,10,1e-06,-0.0030952005916702885,-0.003344775974804426,0.00702606234429673,0.007104242549845945
23,response_tables/trial_00023_hard_negative_structure_obs-empirical_prior-axis_edge_orthogonal_rel2x.npz,axis_edge_orthogonal,2.0,delay3,delay,3.0,4,16,40,10,1e-06,-0.005879798916996082,-0.00674088279793128,0.009399227492231182,0.006122651074668685
23,response_tables/trial_00023_hard_negative_structure_obs-empirical_prior-axis_edge_orthogonal_rel2x.npz,axis_edge_orthogonal,2.0,delay4,delay,4.0,4,16,40,10,1e-06,-0.008464449318856093,-0.012377804947404814,0.014062594771806686,0.005361402024497769
23,response_tables/trial_00023_hard_negative_structure_obs-empirical_prior-axis_edge_orthogonal_rel2x.npz,axis_edge_orthogonal,2.0,delay6,delay,6.0,4,16,40,10,1e-06,-0.017927117740091286,-0.022665248423069717,0.021941784615027216,0.00863990721491548
23,response_tables/trial_00023_hard_negative_structure_obs-empirical_prior-axis_edge_orthogonal_rel2x.npz,axis_edge_orthogonal,2.0,delay8,delay,8.0,4,16,40,10,1e-06,-0.027073612437042316,-0.02880179662272564,0.03325547705205181,0.015228926168294792
23,response_tables/trial_00023_hard_negative_structure_obs-empirical_prior-axis_edge_orthogonal_rel2x.npz,axis_edge_orthogonal,2.0,box2,boxcar,2.0,4,16,40,10,1e-06,-0.00038818096072124053,0.0001682266823785361,0.004208620719236028,0.012632838891785602
23,response_tables/trial_00023_hard_negative_structure_obs-empirical_prior-axis_edge_orthogonal_rel2x.npz,axis_edge_orthogonal,2.0,box4,boxcar,4.0,4,16,40,10,1e-06,-0.001940377169871027,-0.0020629639153311174,0.006760631715416993,0.006677326340272063
23,response_tables/trial_00023_hard_negative_structure_obs-empirical_prior-axis_edge_orthogonal_rel2x.npz,axis_edge_orthogonal,2.0,box8,boxcar,8.0,4,16,40,10,1e-06,-0.006566703029642379,-0.01087661624981362,0.015198235064839138,0.0045459230869821675
23,response_tables/trial_00023_hard_negative_structure_obs-empirical_prior-axis_edge_orthogonal_rel2x.npz,axis_edge_orthogonal,2.0,ema0p25,ema,0.25,4,16,40,10,1e-06,-0.00026337612977717084,0.000392163314885452,0.0037534196883021453,0.01274824917549746
23,response_tables/trial_00023_hard_negative_structure_obs-empirical_prior-axis_edge_orthogonal_rel2x.npz,axis_edge_orthogonal,2.0,ema0p50,ema,0.5,4,16,40,10,1e-06,-0.0010960541345512442,-0.0009471324479629617,0.005457122373440065,0.007730993292695948
23,response_tables/trial_00023_hard_negative_structure_obs-empirical_prior-axis_edge_orthogonal_rel2x.npz,axis_edge_orthogonal,2.0,ema0p75,ema,0.75,4,16,40,10,1e-06,-0.005407999560959914,-0.00852330209898422,0.013082445205136767,0.003179559131561313
23,response_tables/trial_00023_hard_negative_structure_obs-empirical_prior-axis_edge_orthogonal_rel2x.npz,axis_edge_orthogonal,2.0,ema0p90,ema,0.9,4,16,40,10,1e-06,-0.024714704423477812,-0.027804127975181614,0.05080594768801827,0.0076466078962815955
24,response_tables/trial_00024_hard_negative_structure_obs-empirical_prior-axis_edge_parallel_rel0p5x.npz,axis_edge_parallel,0.5,instant,delay,0.0,4,16,40,10,1e-06,-0.003275380468760719,0.010984903533320711,0.012803861177735465,0.001934017086648037
24,response_tables/trial_00024_hard_negative_structure_obs-empirical_prior-axis_edge_parallel_rel0p5x.npz,axis_edge_parallel,0.5,delay1,delay,1.0,4,16,40,10,1e-06,-0.004334078694214788,0.019373608670638642,0.020959722802361858,0.0018494935478273523
24,response_tables/trial_00024_hard_negative_structure_obs-empirical_prior-axis_edge_parallel_rel0p5x.npz,axis_edge_parallel,0.5,delay2,delay,2.0,4,16,40,10,1e-06,-0.004628074272344601,0.03107341002389391,0.03143078588828346,0.0008232738661353892
24,response_tables/trial_00024_hard_negative_structure_obs-empirical_prior-axis_edge_parallel_rel0p5x.npz,axis_edge_parallel,0.5,delay3,delay,3.0,4,16,40,10,1e-06,-0.006268887238851162,0.04249010079251736,0.04117368329144039,0.0008579634107043443
24,response_tables/trial_00024_hard_negative_structure_obs-empirical_prior-axis_edge_parallel_rel0p5x.npz,axis_edge_parallel,0.5,delay4,delay,4.0,4,16,40,10,1e-06,-0.006253601740993292,0.059125655654034326,0.051152308459560175,0.0008654928826868236
24,response_tables/trial_00024_hard_negative_structure_obs-empirical_prior-axis_edge_parallel_rel0p5x.npz,axis_edge_parallel,0.5,delay6,delay,6.0,4,16,40,10,1e-06,-0.006229016053511616,0.09400944405789113,0.08006414297535078,0.0007018227950868422
24,response_tables/trial_00024_hard_negative_structure_obs-empirical_prior-axis_edge_parallel_rel0p5x.npz,axis_edge_parallel,0.5,delay8,delay,8.0,4,16,40,10,1e-06,-0.011247795289891116,0.11612718360286034,0.10387190526133644,0.0007402865180995051
24,response_tables/trial_00024_hard_negative_structure_obs-empirical_prior-axis_edge_parallel_rel0p5x.npz,axis_edge_parallel,0.5,box2,boxcar,2.0,4,16,40,10,1e-06,-0.003898570818216762,0.016269036507833345,0.01752373676431418,0.0017060882771703163
24,response_tables/trial_00024_hard_negative_structure_obs-empirical_prior-axis_edge_parallel_rel0p5x.npz,axis_edge_parallel,0.5,box4,boxcar,4.0,4,16,40,10,1e-06,-0.004581213605179824,0.028924727060477273,0.028351820021636442,0.0010678859397182411
24,response_tables/trial_00024_hard_negative_structure_obs-empirical_prior-axis_edge_parallel_rel0p5x.npz,axis_edge_parallel,0.5,box8,boxcar,8.0,4,16,40,10,1e-06,-0.0034929660104568994,0.06736913888285201,0.054556239695599446,0.0007492041269781073
24,response_tables/trial_00024_hard_negative_structure_obs-empirical_prior-axis_edge_parallel_rel0p5x.npz,axis_edge_parallel,0.5,ema0p25,ema,0.25,4,16,40,10,1e-06,-0.0036730062728108637,0.014683882613345967,0.016019014839685458,0.0016167018906749738
24,response_tables/trial_00024_hard_negative_structure_obs-empirical_prior-axis_edge_parallel_rel0p5x.npz,axis_edge_parallel,0.5,ema0p50,ema,0.5,4,16,40,10,1e-06,-0.004183391530461988,0.023209187584006252,0.022716092717396663,0.0011732439177657408
24,response_tables/trial_00024_hard_negative_structure_obs-empirical_prior-axis_edge_parallel_rel0p5x.npz,axis_edge_parallel,0.5,ema0p75,ema,0.75,4,16,40,10,1e-06,-0.0057317948331763735,0.05742088098675241,0.04641376112141604,0.0006677694765311183
24,response_tables/trial_00024_hard_negative_structure_obs-empirical_prior-axis_edge_parallel_rel0p5x.npz,axis_edge_parallel,0.5,ema0p90,ema,0.9,4,16,40,10,1e-06,-0.023486749537284995,0.13177289470846953,0.1248233053580241,0.0004231678355513645
24,response_tables/trial_00024_hard_negative_structure_obs-empirical_prior-axis_edge_orthogonal_rel0p5x.npz,axis_edge_orthogonal,0.5,instant,delay,0.0,4,16,40,10,1e-06,-0.006655297241065533,0.008182278524321018,0.009851446855534907,0.0030242634783200833
24,response_tables/trial_00024_hard_negative_structure_obs-empirical_prior-axis_edge_orthogonal_rel0p5x.npz,axis_edge_orthogonal,0.5,delay1,delay,1.0,4,16,40,10,1e-06,-0.00844218401238045,0.01598381377542568,0.016511097753602988,0.0022133327381822065
24,response_tables/trial_00024_hard_negative_structure_obs-empirical_prior-axis_edge_orthogonal_rel0p5x.npz,axis_edge_orthogonal,0.5,delay2,delay,2.0,4,16,40,10,1e-06,-0.01001055118607147,0.02524872380368326,0.025396669514744508,0.001471120456002627
24,response_tables/trial_00024_hard_negative_structure_obs-empirical_prior-axis_edge_orthogonal_rel0p5x.npz,axis_edge_orthogonal,0.5,delay3,delay,3.0,4,16,40,10,1e-06,-0.010552225305667295,0.03570736377976791,0.03516905041028126,0.0009521200047204246
24,response_tables/trial_00024_hard_negative_structure_obs-empirical_prior-axis_edge_orthogonal_rel0p5x.npz,axis_edge_orthogonal,0.5,delay4,delay,4.0,4,16,40,10,1e-06,-0.008499485226806242,0.05143224795335799,0.04533816418578787,0.0013637339757841
24,response_tables/trial_00024_hard_negative_structure_obs-empirical_prior-axis_edge_orthogonal_rel0p5x.npz,axis_edge_orthogonal,0.5,delay6,delay,6.0,4,16,40,10,1e-06,-0.015702451721713084,0.07744138532004885,0.06880804521238898,0.0007546956383289518
24,response_tables/trial_00024_hard_negative_structure_obs-empirical_prior-axis_edge_orthogonal_rel0p5x.npz,axis_edge_orthogonal,0.5,delay8,delay,8.0,4,16,40,10,1e-06,-0.02263621963546003,0.09291477514282809,0.09198540516410689,0.000663083109785959
24,response_tables/trial_00024_hard_negative_structure_obs-empirical_prior-axis_edge_orthogonal_rel0p5x.npz,axis_edge_orthogonal,0.5,box2,boxcar,2.0,4,16,40,10,1e-06,-0.00795162496278487,0.012893707367638285,0.013612566586940489,0.0022353248530805952
24,response_tables/trial_00024_hard_negative_structure_obs-empirical_prior-axis_edge_orthogonal_rel0p5x.npz,axis_edge_orthogonal,0.5,box4,boxcar,4.0,4,16,40,10,1e-06,-0.009581284010853841,0.02390386936214095,0.022917601730180315,0.0014949464899932097
24,response_tables/trial_00024_hard_negative_structure_obs-empirical_prior-axis_edge_orthogonal_rel0p5x.npz,axis_edge_orthogonal,0.5,box8,boxcar,8.0,4,16,40,10,1e-06,-0.011007498336022326,0.05517642182587135,0.04598931932818415,0.0010121722657624745
24,response_tables/trial_00024_hard_negative_structure_obs-empirical_prior-axis_edge_orthogonal_rel0p5x.npz,axis_edge_orthogonal,0.5,ema0p25,ema,0.25,4,16,40,10,1e-06,-0.007573168618978776,0.011418605036023766,0.01241139235387953,0.002394172692904718
24,response_tables/trial_00024_hard_negative_structure_obs-empirical_prior-axis_edge_orthogonal_rel0p5x.npz,axis_edge_orthogonal,0.5,ema0p50,ema,0.5,4,16,40,10,1e-06,-0.008892798763372484,0.01882002415379702,0.017997576590789238,0.0018111732748129
24,response_tables/trial_00024_hard_negative_structure_obs-empirical_prior-axis_edge_orthogonal_rel0p5x.npz,axis_edge_orthogonal,0.5,ema0p75,ema,0.75,4,16,40,10,1e-06,-0.013220360442796647,0.04531947752402454,0.03854550762777262,0.000950589799195741
24,response_tables/trial_00024_hard_negative_structure_obs-empirical_prior-axis_edge_orthogonal_rel0p5x.npz,axis_edge_orthogonal,0.5,ema0p90,ema,0.9,4,16,40,10,1e-06,-0.03805400516171881,0.09883945790314308,0.1111491691998738,0.00040205619476375273
25,response_tables/trial_00025_hard_negative_structure_obs-empirical_prior-axis_edge_parallel_rel1x.npz,axis_edge_parallel,1.0,instant,delay,0.0,4,16,40,10,1e-06,0.002606757156549677,0.0035202938502156833,0.007208852731484305,0.006482532334893993
25,response_tables/trial_00025_hard_negative_structure_obs-empirical_prior-axis_edge_parallel_rel1x.npz,axis_edge_parallel,1.0,delay1,delay,1.0,4,16,40,10,1e-06,0.00098933651430555,-0.00024191333762546563,0.00985442969114983,0.002929371516218974
25,response_tables/trial_00025_hard_negative_structure_obs-empirical_prior-axis_edge_parallel_rel1x.npz,axis_edge_parallel,1.0,delay2,delay,2.0,4,16,40,10,1e-06,-0.0017778903711934135,-0.006269550098409127,0.013222870246300561,0.003054129923476417
25,response_tables/trial_00025_hard_negative_structure_obs-empirical_prior-axis_edge_parallel_rel1x.npz,axis_edge_parallel,1.0,delay3,delay,3.0,4,16,40,10,1e-06,-0.0055398207864358895,-0.014169227546669494,0.017280228401753722,0.0023709993138541765
25,response_tables/trial_00025_hard_negative_structure_obs-empirical_prior-axis_edge_parallel_rel1x.npz,axis_edge_parallel,1.0,delay4,delay,4.0,4,16,40,10,1e-06,-0.01115446694179889,-0.026058264058193004,0.021977241342774095,0.0025214880780083365
25,response_tables/trial_00025_hard_negative_structure_obs-empirical_prior-axis_edge_parallel_rel1x.npz,axis_edge_parallel,1.0,delay6,delay,6.0,4,16,40,10,1e-06,-0.005295081417006409,-0.034373747800619414,0.03995323853228219,0.004469108155114496
25,response_tables/trial_00025_hard_negative_structure_obs-empirical_prior-axis_edge_parallel_rel1x.npz,axis_edge_parallel,1.0,delay8,delay,8.0,4,16,40,10,1e-06,0.0017412987610885,-0.03951550885863664,0.05934136452682626,0.004225139739697948
25,response_tables/trial_00025_hard_negative_structure_obs-empirical_prior-axis_edge_parallel_rel1x.npz,axis_edge_parallel,1.0,box2,boxcar,2.0,4,16,40,10,1e-06,0.002641114403038186,0.0028763802925200754,0.009257795990221918,0.0033455751326091163
25,response_tables/trial_00025_hard_negative_structure_obs-empirical_prior-axis_edge_parallel_rel1x.npz,axis_edge_parallel,1.0,box4,boxcar,4.0,4,16,40,10,1e-06,0.0010816748320337521,-0.0023202687944119393,0.013635552457667205,0.002114222775519415
25,response_tables/trial_00025_hard_negative_structure_obs-empirical_prior-axis_edge_parallel_rel1x.npz,axis_edge_parallel,1.0,box8,boxcar,8.0,4,16,40,10,1e-06,0.003490835509528223,-0.010641282508949912,0.029279610067440398,0.0012973450791177717
25,response_tables/trial_00025_hard_negative_structure_obs-empirical_prior-axis_edge_parallel_rel1x.npz,axis_edge_parallel,1.0,ema0p25,ema,0.25,4,16,40,10,1e-06,0.0028259087455423104,0.003057289373703753,0.008670347305771958,0.004406319387560566
25,response_tables/trial_00025_hard_negative_structure_obs-empirical_prior-axis_edge_parallel_rel1x.npz,axis_edge_parallel,1.0,ema0p50,ema,0.5,4,16,40,10,1e-06,0.0027639151240390625,0.0012308540285437264,0.011623221063773254,0.0025655357941047094
25,response_tables/trial_00025_hard_negative_structure_obs-empirical_prior-axis_edge_parallel_rel1x.npz,axis_edge_parallel,1.0,ema0p75,ema,0.75,4,16,40,10,1e-06,0.004529462936815942,-0.007430596650465637,0.02527305579375505,0.0010285048333903467
25,response_tables/trial_00025_hard_negative_structure_obs-empirical_prior-axis_edge_parallel_rel1x.npz,axis_edge_parallel,1.0,ema0p90,ema,0.9,4,16,40,10,1e-06,0.01635749628634045,-0.03826776321747338,0.08459704744839816,0.0018648373760888949
25,response_tables/trial_00025_hard_negative_structure_obs-empirical_prior-axis_edge_orthogonal_rel1x.npz,axis_edge_orthogonal,1.0,instant,delay,0.0,4,16,40,10,1e-06,0.00465920449412488,0.005043880504448761,0.008844460408055282,0.0035395833770260755
25,response_tables/trial_00025_hard_negative_structure_obs-empirical_prior-axis_edge_orthogonal_rel1x.npz,axis_edge_orthogonal,1.0,delay1,delay,1.0,4,16,40,10,1e-06,0.005045136283230417,0.002536623669502025,0.011959737807796605,0.004874389947861073
25,response_tables/trial_00025_hard_negative_structure_obs-empirical_prior-axis_edge_orthogonal_rel1x.npz,axis_edge_orthogonal,1.0,delay2,delay,2.0,4,16,40,10,1e-06,0.005143399387272457,-0.000681848824919784,0.015660831084676974,0.004229377425959271
25,response_tables/trial_00025_hard_negative_structure_obs-empirical_prior-axis_edge_orthogonal_rel1x.npz,axis_edge_orthogonal,1.0,delay3,delay,3.0,4,16,40,10,1e-06,0.004493098370914772,-0.005369322906917384,0.020260155158892068,0.0036645831010863363
25,response_tables/trial_00025_hard_negative_structure_obs-empirical_prior-axis_edge_orthogonal_rel1x.npz,axis_edge_orthogonal,1.0,delay4,delay,4.0,4,16,40,10,1e-06,0.0023440899934785986,-0.013358840671742533,0.02473342575753401,0.0036873849453801966
25,response_tables/trial_00025_hard_negative_structure_obs-empirical_prior-axis_edge_orthogonal_rel1x.npz,axis_edge_orthogonal,1.0,delay6,delay,6.0,4,16,40,10,1e-06,0.007532734229662524,-0.020423811013446036,0.03883473367581505,0.004021226113876533
25,response_tables/trial_00025_hard_negative_structure_obs-empirical_prior-axis_edge_orthogonal_rel1x.npz,axis_edge_orthogonal,1.0,delay8,delay,8.0,4,16,40,10,1e-06,0.013543841370138032,-0.025566101727845125,0.055398510633182546,0.0045651918929301314
25,response_tables/trial_00025_hard_negative_structure_obs-empirical_prior-axis_edge_orthogonal_rel1x.npz,axis_edge_orthogonal,1.0,box2,boxcar,2.0,4,16,40,10,1e-06,0.005958843045119927,0.005260529506292633,0.011326680666273264,0.0031481609546081695
25,response_tables/trial_00025_hard_negative_structure_obs-empirical_prior-axis_edge_orthogonal_rel1x.npz,axis_edge_orthogonal,1.0,box4,boxcar,4.0,4,16,40,10,1e-06,0.0075401888820385565,0.002729300923460687,0.01642433927816503,0.0028308166759926498
25,response_tables/trial_00025_hard_negative_structure_obs-empirical_prior-axis_edge_orthogonal_rel1x.npz,axis_edge_orthogonal,1.0,box8,boxcar,8.0,4,16,40,10,1e-06,0.013899905400812762,-0.0017289475810407517,0.03127702937053789,0.0023401549643709786
25,response_tables/trial_00025_hard_negative_structure_obs-empirical_prior-axis_edge_orthogonal_rel1x.npz,axis_edge_orthogonal,1.0,ema0p25,ema,0.25,4,16,40,10,1e-06,0.005757222943940127,0.005716735922464911,0.01062317165760171,0.00290187362347142
25,response_tables/trial_00025_hard_negative_structure_obs-empirical_prior-axis_edge_orthogonal_rel1x.npz,axis_edge_orthogonal,1.0,ema0p50,ema,0.5,4,16,40,10,1e-06,0.007471674652375582,0.00437270430236919,0.014004709378411279,0.0025340045529101186
25,response_tables/trial_00025_hard_negative_structure_obs-empirical_prior-axis_edge_orthogonal_rel1x.npz,axis_edge_orthogonal,1.0,ema0p75,ema,0.75,4,16,40,10,1e-06,0.013624216565533476,-0.00019592160544945614,0.027618503556115392,0.0011735063586762898
25,response_tables/trial_00025_hard_negative_structure_obs-empirical_prior-axis_edge_orthogonal_rel1x.npz,axis_edge_orthogonal,1.0,ema0p90,ema,0.9,4,16,40,10,1e-06,0.02886483887695887,-0.0220320120213624,0.08030448505261359,0.0024453304056373045
26,response_tables/trial_00026_hard_negative_structure_obs-empirical_prior-axis_edge_parallel_rel2x.npz,axis_edge_parallel,2.0,instant,delay,0.0,4,16,40,10,1e-06,-0.0019939297618852547,-0.0033456136367134848,0.005296543745518467,0.010941564580175091
26,response_tables/trial_00026_hard_negative_structure_obs-empirical_prior-axis_edge_parallel_rel2x.npz,axis_edge_parallel,2.0,delay1,delay,1.0,4,16,40,10,1e-06,-0.001775349211000643,-0.004177813918982309,0.01107252117073193,0.00554485438160327
26,response_tables/trial_00026_hard_negative_structure_obs-empirical_prior-axis_edge_parallel_rel2x.npz,axis_edge_parallel,2.0,delay2,delay,2.0,4,16,40,10,1e-06,-0.0005164329602792006,-0.0037112387994827634,0.016056802187119218,0.004952143387589144
26,response_tables/trial_00026_hard_negative_structure_obs-empirical_prior-axis_edge_parallel_rel2x.npz,axis_edge_parallel,2.0,delay3,delay,3.0,4,16,40,10,1e-06,-0.00020071820593162149,-0.0038515467133748427,0.020726010660081867,0.003221890813191979
26,response_tables/trial_00026_hard_negative_structure_obs-empirical_prior-axis_edge_parallel_rel2x.npz,axis_edge_parallel,2.0,delay4,delay,4.0,4,16,40,10,1e-06,-0.002115662076746211,-0.006616018305635962,0.0274495574059882,0.003998119194833902
26,response_tables/trial_00026_hard_negative_structure_obs-empirical_prior-axis_edge_parallel_rel2x.npz,axis_edge_parallel,2.0,delay6,delay,6.0,4,16,40,10,1e-06,-0.010314609448703438,-0.018063470510264024,0.038398736315929466,0.006043144071169262
26,response_tables/trial_00026_hard_negative_structure_obs-empirical_prior-axis_edge_parallel_rel2x.npz,axis_edge_parallel,2.0,delay8,delay,8.0,4,16,40,10,1e-06,-0.018396807354183392,-0.028549228237612745,0.04401814440964963,0.006066492003225128
26,response_tables/trial_00026_hard_negative_structure_obs-empirical_prior-axis_edge_parallel_rel2x.npz,axis_edge_parallel,2.0,box2,boxcar,2.0,4,16,40,10,1e-06,-0.0023487888648120736,-0.004359231599857627,0.008438651013816828,0.007030930232138732
26,response_tables/trial_00026_hard_negative_structure_obs-empirical_prior-axis_edge_parallel_rel2x.npz,axis_edge_parallel,2.0,box4,boxcar,4.0,4,16,40,10,1e-06,-0.002496548000376908,-0.005522165952619229,0.014145106700670679,0.00495193245450546
26,response_tables/trial_00026_hard_negative_structure_obs-empirical_prior-axis_edge_parallel_rel2x.npz,axis_edge_parallel,2.0,box8,boxcar,8.0,4,16,40,10,1e-06,-0.00845490071401217,-0.014488571780802761,0.027335754454197142,0.0027470559035414743
26,response_tables/trial_00026_hard_negative_structure_obs-empirical_prior-axis_edge_parallel_rel2x.npz,axis_edge_parallel,2.0,ema0p25,ema,0.25,4,16,40,10,1e-06,-0.002187237801337144,-0.0039484248664209964,0.007209943942717345,0.008380830790643667
26,response_tables/trial_00026_hard_negative_structure_obs-empirical_prior-axis_edge_parallel_rel2x.npz,axis_edge_parallel,2.0,ema0p50,ema,0.5,4,16,40,10,1e-06,-0.002561103176620616,-0.005072876237567692,0.010970721271673839,0.005987667136045708
26,response_tables/trial_00026_hard_negative_structure_obs-empirical_prior-axis_edge_parallel_rel2x.npz,axis_edge_parallel,2.0,ema0p75,ema,0.75,4,16,40,10,1e-06,-0.006282681173882698,-0.01127345745208519,0.022621253502247002,0.0032596855312764144
26,response_tables/trial_00026_hard_negative_structure_obs-empirical_prior-axis_edge_parallel_rel2x.npz,axis_edge_parallel,2.0,ema0p90,ema,0.9,4,16,40,10,1e-06,-0.026478885362565874,-0.03697152993668695,0.052002297161183875,0.0023628213115464564
26,response_tables/trial_00026_hard_negative_structure_obs-empirical_prior-axis_edge_orthogonal_rel2x.npz,axis_edge_orthogonal,2.0,instant,delay,0.0,4,16,40,10,1e-06,-0.0013664344304260834,-0.002448367271212115,0.005033176050358884,0.012387311965391147
26,response_tables/trial_00026_hard_negative_structure_obs-empirical_prior-axis_edge_orthogonal_rel2x.npz,axis_edge_orthogonal,2.0,delay1,delay,1.0,4,16,40,10,1e-06,-0.0004980953248879538,-0.002381515175748028,0.010749946203738425,0.005292946080529257
26,response_tables/trial_00026_hard_negative_structure_obs-empirical_prior-axis_edge_orthogonal_rel2x.npz,axis_edge_orthogonal,2.0,delay2,delay,2.0,4,16,40,10,1e-06,0.0018187011039565437,-0.0008090475921393447,0.016060302463438036,0.005438892064060575
26,response_tables/trial_00026_hard_negative_structure_obs-empirical_prior-axis_edge_orthogonal_rel2x.npz,axis_edge_orthogonal,2.0,delay3,delay,3.0,4,16,40,10,1e-06,0.002717750987683537,-0.00014578881159504897,0.02076732903391043,0.005590166843408245
26,response_tables/trial_00026_hard_negative_structure_obs-empirical_prior-axis_edge_orthogonal_rel2x.npz,axis_edge_orthogonal,2.0,delay4,delay,4.0,4,16,40,10,1e-06,0.0014404887108149245,-0.0028064459287571175,0.026978031423941506,0.006399167532136426
26,response_tables/trial_00026_hard_negative_structure_obs-empirical_prior-axis_edge_orthogonal_rel2x.npz,axis_edge_orthogonal,2.0,delay6,delay,6.0,4,16,40,10,1e-06,-0.007229729624751685,-0.014222607685781097,0.03579682905279852,0.006723209979102876
26,response_tables/trial_00026_hard_negative_structure_obs-empirical_prior-axis_edge_orthogonal_rel2x.npz,axis_edge_orthogonal,2.0,delay8,delay,8.0,4,16,40,10,1e-06,-0.014014220608135952,-0.02205273527895646,0.040238942093249463,0.006638783489866664
26,response_tables/trial_00026_hard_negative_structure_obs-empirical_prior-axis_edge_orthogonal_rel2x.npz,axis_edge_orthogonal,2.0,box2,boxcar,2.0,4,16,40,10,1e-06,-0.0013307724739388127,-0.002894680860737908,0.008119722177924976,0.0072405723602295465
26,response_tables/trial_00026_hard_negative_structure_obs-empirical_prior-axis_edge_orthogonal_rel2x.npz,axis_edge_orthogonal,2.0,box4,boxcar,4.0,4,16,40,10,1e-06,-0.0004790752732509729,-0.0028846894355052943,0.013983124232805455,0.005239012264222201
26,response_tables/trial_00026_hard_negative_structure_obs-empirical_prior-axis_edge_orthogonal_rel2x.npz,axis_edge_orthogonal,2.0,box8,boxcar,8.0,4,16,40,10,1e-06,-0.005048474589183866,-0.010444169928259917,0.02637269733650774,0.004325184282464275
26,response_tables/trial_00026_hard_negative_structure_obs-empirical_prior-axis_edge_orthogonal_rel2x.npz,axis_edge_orthogonal,2.0,ema0p25,ema,0.25,4,16,40,10,1e-06,-0.001293692858010398,-0.002693604152353146,0.006921002553022471,0.009002080303754845
26,response_tables/trial_00026_hard_negative_structure_obs-empirical_prior-axis_edge_orthogonal_rel2x.npz,axis_edge_orthogonal,2.0,ema0p50,ema,0.5,4,16,40,10,1e-06,-0.0011189461624565022,-0.003168122401431994,0.010646428254083545,0.006174080333852675
26,response_tables/trial_00026_hard_negative_structure_obs-empirical_prior-axis_edge_orthogonal_rel2x.npz,axis_edge_orthogonal,2.0,ema0p75,ema,0.75,4,16,40,10,1e-06,-0.0033593574050281294,-0.007547485817038346,0.02175660056441092,0.0036964380382793257
26,response_tables/trial_00026_hard_negative_structure_obs-empirical_prior-axis_edge_orthogonal_rel2x.npz,axis_edge_orthogonal,2.0,ema0p90,ema,0.9,4,16,40,10,1e-06,-0.022310172830944358,-0.029580195375370044,0.04870862736551587,0.001567660814783587
27,response_tables/trial_00027_hard_negative_structure_obs-empirical_prior-axis_edge_parallel_rel0p5x.npz,axis_edge_parallel,0.5,instant,delay,0.0,4,16,40,10,1e-06,0.001628999107333301,0.0017213707224326136,0.0025670813946763738,0.020266075568617196
27,response_tables/trial_00027_hard_negative_structure_obs-empirical_prior-axis_edge_parallel_rel0p5x.npz,axis_edge_parallel,0.5,delay1,delay,1.0,4,16,40,10,1e-06,0.002011572212887197,0.0020992396937692948,0.0027672205804772088,0.015083897362609842
27,response_tables/trial_00027_hard_negative_structure_obs-empirical_prior-axis_edge_parallel_rel0p5x.npz,axis_edge_parallel,0.5,delay2,delay,2.0,4,16,40,10,1e-06,0.002534081011524303,0.0026145510003688366,0.003265632933372481,0.014322107571812476
27,response_tables/trial_00027_hard_negative_structure_obs-empirical_prior-axis_edge_parallel_rel0p5x.npz,axis_edge_parallel,0.5,delay3,delay,3.0,4,16,40,10,1e-06,0.002666358114590789,0.002619441986740967,0.0035446217428966587,0.009804381738686009
27,response_tables/trial_00027_hard_negative_structure_obs-empirical_prior-axis_edge_parallel_rel0p5x.npz,axis_edge_parallel,0.5,delay4,delay,4.0,4,16,40,10,1e-06,0.003107967937025613,0.0030615792963602506,0.004945132891225473,0.009025856913657936
27,response_tables/trial_00027_hard_negative_structure_obs-empirical_prior-axis_edge_parallel_rel0p5x.npz,axis_edge_parallel,0.5,delay6,delay,6.0,4,16,40,10,1e-06,0.02180437904568372,0.021654594159922325,0.029348078727207988,0.002456275350568494
27,response_tables/trial_00027_hard_negative_structure_obs-empirical_prior-axis_edge_parallel_rel0p5x.npz,axis_edge_parallel,0.5,delay8,delay,8.0,4,16,40,10,1e-06,0.06087507149793811,0.060231012571505094,0.08209974012183976,0.0007901295199546944
27,response_tables/trial_00027_hard_negative_structure_obs-empirical_prior-axis_edge_parallel_rel0p5x.npz,axis_edge_parallel,0.5,box2,boxcar,2.0,4,16,40,10,1e-06,0.0018838989747251844,0.001973065382957939,0.0027158183723994256,0.017190206259418445
27,response_tables/trial_00027_hard_negative_structure_obs-empirical_prior-axis_edge_parallel_rel0p5x.npz,axis_edge_parallel,0.5,box4,boxcar,4.0,4,16,40,10,1e-06,0.0021699361606521694,0.0022609737380860917,0.002910051457602536,0.015710318899117955
27,response_tables/trial_00027_hard_negative_structure_obs-empirical_prior-axis_edge_parallel_rel0p5x.npz,axis_edge_parallel,0.5,box8,boxcar,8.0,4,16,40,10,1e-06,0.0048025171478931206,0.004695207812584035,0.006580710700274162,0.005030062826878352
27,response_tables/trial_00027_hard_negative_structure_obs-empirical_prior-axis_edge_parallel_rel0p5x.npz,axis_edge_parallel,0.5,ema0p25,ema,0.25,4,16,40,10,1e-06,0.0017657742792723807,0.001856066499398512,0.0026287573126409225,0.018774237674080863
27,response_tables/trial_00027_hard_negative_structure_obs-empirical_prior-axis_edge_parallel_rel0p5x.npz,axis_edge_parallel,0.5,ema0p50,ema,0.5,4,16,40,10,1e-06,0.0017253709124436523,0.0018201815450834546,0.002463761620175642,0.01782690293480256
27,response_tables/trial_00027_hard_negative_structure_obs-empirical_prior-axis_edge_parallel_rel0p5x.npz,axis_edge_parallel,0.5,ema0p75,ema,0.75,4,16,40,10,1e-06,0.005390307751981266,0.0053109396012584464,0.006954526534374672,0.004094631722981924
27,response_tables/trial_00027_hard_negative_structure_obs-empirical_prior-axis_edge_parallel_rel0p5x.npz,axis_edge_parallel,0.5,ema0p90,ema,0.9,4,16,40,10,1e-06,0.07284780296056245,0.07195527505551724,0.10174610587192853,0.0005442449233940748
27,response_tables/trial_00027_hard_negative_structure_obs-empirical_prior-axis_edge_orthogonal_rel0p5x.npz,axis_edge_orthogonal,0.5,instant,delay,0.0,4,16,40,10,1e-06,0.0029883035191832497,0.003039739298454802,0.003895512089155756,0.012913778842515917
27,response_tables/trial_00027_hard_negative_structure_obs-empirical_prior-axis_edge_orthogonal_rel0p5x.npz,axis_edge_orthogonal,0.5,delay1,delay,1.0,4,16,40,10,1e-06,0.002240680026801445,0.0023420324996939468,0.003516718349017539,0.012267217103811586
27,response_tables/trial_00027_hard_negative_structure_obs-empirical_prior-axis_edge_orthogonal_rel0p5x.npz,axis_edge_orthogonal,0.5,delay2,delay,2.0,4,16,40,10,1e-06,0.0009467645435928262,0.0010207222417945583,0.0030056003903887185,0.013240607611452033
27,response_tables/trial_00027_hard_negative_structure_obs-empirical_prior-axis_edge_orthogonal_rel0p5x.npz,axis_edge_orthogonal,0.5,delay3,delay,3.0,4,16,40,10,1e-06,-0.0013327128706854818,-0.0013577886411990647,0.0021071584784794206,0.008834603410662799
27,response_tables/trial_00027_hard_negative_structure_obs-empirical_prior-axis_edge_orthogonal_rel0p5x.npz,axis_edge_orthogonal,0.5,delay4,delay,4.0,4,16,40,10,1e-06,-0.0049884215706504365,-0.005033504820082135,0.0010866379394766923,0.024020499558665503
27,response_tables/trial_00027_hard_negative_structure_obs-empirical_prior-axis_edge_orthogonal_rel0p5x.npz,axis_edge_orthogonal,0.5,delay6,delay,6.0,4,16,40,10,1e-06,0.002892446712113833,0.0027553245556160566,0.017743438740329492,0.0032909760823286276
27,response_tables/trial_00027_hard_negative_structure_obs-empirical_prior-axis_edge_orthogonal_rel0p5x.npz,axis_edge_orthogonal,0.5,delay8,delay,8.0,4,16,40,10,1e-06,0.029363176335242214,0.029469236797564136,0.06191423367184812,0.0014323200464719439
27,response_tables/trial_00027_hard_negative_structure_obs-empirical_prior-axis_edge_orthogonal_rel0p5x.npz,axis_edge_orthogonal,0.5,box2,boxcar,2.0,4,16,40,10,1e-06,0.002772250305726448,0.0028480453146033646,0.0038342716230630736,0.012009801438063357
27,response_tables/trial_00027_hard_negative_structure_obs-empirical_prior-axis_edge_orthogonal_rel0p5x.npz,axis_edge_orthogonal,0.5,box4,boxcar,4.0,4,16,40,10,1e-06,0.0015620351842711155,0.001584739336997043,0.0033461628034793245,0.011903886379912954
27,response_tables/trial_00027_hard_negative_structure_obs-empirical_prior-axis_edge_orthogonal_rel0p5x.npz,axis_edge_orthogonal,0.5,box8,boxcar,8.0,4,16,40,10,1e-06,-0.0036539075495330975,-0.0036878698399620546,0.001783172006108974,0.012461402748768287
27,response_tables/trial_00027_hard_negative_structure_obs-empirical_prior-axis_edge_orthogonal_rel0p5x.npz,axis_edge_orthogonal,0.5,ema0p25,ema,0.25,4,16,40,10,1e-06,0.002844511866467253,0.0029022786286121427,0.0038396640682209493,0.012357368768156306
27,response_tables/trial_00027_hard_negative_structure_obs-empirical_prior-axis_edge_orthogonal_rel0p5x.npz,axis_edge_orthogonal,0.5,ema0p50,ema,0.5,4,16,40,10,1e-06,0.001716319883609596,0.001771755501504213,0.0030772972265281084,0.012937063627136279
27,response_tables/trial_00027_hard_negative_structure_obs-empirical_prior-axis_edge_orthogonal_rel0p5x.npz,axis_edge_orthogonal,0.5,ema0p75,ema,0.75,4,16,40,10,1e-06,-0.00256021609784729,-0.002553258127312108,0.002425367843119114,0.00843333675715124
27,response_tables/trial_00027_hard_negative_structure_obs-empirical_prior-axis_edge_orthogonal_rel0p5x.npz,axis_edge_orthogonal,0.5,ema0p90,ema,0.9,4,16,40,10,1e-06,0.035247865105317966,0.035119741066449606,0.07710869933082931,0.0006311106343456476
28,response_tables/trial_00028_hard_negative_structure_obs-empirical_prior-axis_edge_parallel_rel1x.npz,axis_edge_parallel,1.0,instant,delay,0.0,4,16,40,10,1e-06,-0.008434555812325717,-0.008517458652667509,0.001850175920121877,0.026822373565469723
28,response_tables/trial_00028_hard_negative_structure_obs-empirical_prior-axis_edge_parallel_rel1x.npz,axis_edge_parallel,1.0,delay1,delay,1.0,4,16,40,10,1e-06,-0.01866934854005098,-0.01869767998761207,0.002465241395271933,0.022642200703119904
28,response_tables/trial_00028_hard_negative_structure_obs-empirical_prior-axis_edge_parallel_rel1x.npz,axis_edge_parallel,1.0,delay2,delay,2.0,4,16,40,10,1e-06,-0.030866594468746844,-0.03060922841051239,0.0032272273354734815,0.02179425141503399
28,response_tables/trial_00028_hard_negative_structure_obs-empirical_prior-axis_edge_parallel_rel1x.npz,axis_edge_parallel,1.0,delay3,delay,3.0,4,16,40,10,1e-06,-0.047286156092255616,-0.0464576711611806,0.0037809377939647115,0.018416331639154966
28,response_tables/trial_00028_hard_negative_structure_obs-empirical_prior-axis_edge_parallel_rel1x.npz,axis_edge_parallel,1.0,delay4,delay,4.0,4,16,40,10,1e-06,-0.07460258471026948,-0.07247503230271446,0.003404559610503316,0.02189978165318488
28,response_tables/trial_00028_hard_negative_structure_obs-empirical_prior-axis_edge_parallel_rel1x.npz,axis_edge_parallel,1.0,delay6,delay,6.0,4,16,40,10,1e-06,-0.1321882876106104,-0.1267786137116349,0.0028631261598843216,0.020497371970240284
28,response_tables/trial_00028_hard_negative_structure_obs-empirical_prior-axis_edge_parallel_rel1x.npz,axis_edge_parallel,1.0,delay8,delay,8.0,4,16,40,10,1e-06,-0.18498514689269052,-0.176666157127647,0.0025632837921429064,0.027408082165170385
28,response_tables/trial_00028_hard_negative_structure_obs-empirical_prior-axis_edge_parallel_rel1x.npz,axis_edge_parallel,1.0,box2,boxcar,2.0,4,16,40,10,1e-06,-0.01340739121439466,-0.013588687708751213,0.0022384165042866055,0.022733291189414705
28,response_tables/trial_00028_hard_negative_structure_obs-empirical_prior-axis_edge_parallel_rel1x.npz,axis_edge_parallel,1.0,box4,boxcar,4.0,4,16,40,10,1e-06,-0.0254584097142595,-0.025457233548281888,0.0029595603398989423,0.020456970217465783
28,response_tables/trial_00028_hard_negative_structure_obs-empirical_prior-axis_edge_parallel_rel1x.npz,axis_edge_parallel,1.0,box8,boxcar,8.0,4,16,40,10,1e-06,-0.06774016856283827,-0.06631368137546956,0.002857343437537324,0.025043086214443264
28,response_tables/trial_00028_hard_negative_structure_obs-empirical_prior-axis_edge_parallel_rel1x.npz,axis_edge_parallel,1.0,ema0p25,ema,0.25,4,16,40,10,1e-06,-0.011612880814358018,-0.011786004846834564,0.0021160364597666015,0.023787485050360664
28,response_tables/trial_00028_hard_negative_structure_obs-empirical_prior-axis_edge_parallel_rel1x.npz,axis_edge_parallel,1.0,ema0p50,ema,0.5,4,16,40,10,1e-06,-0.019573665940150364,-0.019626011088805018,0.002504724666400532,0.020987471760226
28,response_tables/trial_00028_hard_negative_structure_obs-empirical_prior-axis_edge_parallel_rel1x.npz,axis_edge_parallel,1.0,ema0p75,ema,0.75,4,16,40,10,1e-06,-0.05603390161701782,-0.05488706605913318,0.003042559312086468,0.01975682655387387
28,response_tables/trial_00028_hard_negative_structure_obs-empirical_prior-axis_edge_parallel_rel1x.npz,axis_edge_parallel,1.0,ema0p90,ema,0.9,4,16,40,10,1e-06,-0.20415293544696472,-0.19721581350657613,0.004984116373977221,0.014678827707024597
28,response_tables/trial_00028_hard_negative_structure_obs-empirical_prior-axis_edge_orthogonal_rel1x.npz,axis_edge_orthogonal,1.0,instant,delay,0.0,4,16,40,10,1e-06,-0.016212434951665355,-0.016011174013083607,0.0035271309888954827,0.01276787803434367
28,response_tables/trial_00028_hard_negative_structure_obs-empirical_prior-axis_edge_orthogonal_rel1x.npz,axis_edge_orthogonal,1.0,delay1,delay,1.0,4,16,40,10,1e-06,-0.029502807893739547,-0.028966297826102716,0.003703803402694855,0.013177249691733308
28,response_tables/trial_00028_hard_negative_structure_obs-empirical_prior-axis_edge_orthogonal_rel1x.npz,axis_edge_orthogonal,1.0,delay2,delay,2.0,4,16,40,10,1e-06,-0.04518583546132421,-0.04394697779056267,0.004026610650206958,0.015845882228639807
28,response_tables/trial_00028_hard_negative_structure_obs-empirical_prior-axis_edge_orthogonal_rel1x.npz,axis_edge_orthogonal,1.0,delay3,delay,3.0,4,16,40,10,1e-06,-0.06446095472870755,-0.062488668892790034,0.004181994861527288,0.014190015804144054
28,response_tables/trial_00028_hard_negative_structure_obs-empirical_prior-axis_edge_orthogonal_rel1x.npz,axis_edge_orthogonal,1.0,delay4,delay,4.0,4,16,40,10,1e-06,-0.0945446151590571,-0.09143442516777145,0.0032878084470315816,0.011074426998440277
28,response_tables/trial_00028_hard_negative_structure_obs-empirical_prior-axis_edge_orthogonal_rel1x.npz,axis_edge_orthogonal,1.0,delay6,delay,6.0,4,16,40,10,1e-06,-0.1554893058082319,-0.1495729253776259,0.0018183247721023366,0.037673305304398504
28,response_tables/trial_00028_hard_negative_structure_obs-empirical_prior-axis_edge_orthogonal_rel1x.npz,axis_edge_orthogonal,1.0,delay8,delay,8.0,4,16,40,10,1e-06,-0.2082023710808304,-0.19848556846086185,0.0017701103915349348,0.058324966150110735
28,response_tables/trial_00028_hard_negative_structure_obs-empirical_prior-axis_edge_orthogonal_rel1x.npz,axis_edge_orthogonal,1.0,box2,boxcar,2.0,4,16,40,10,1e-06,-0.023005849145216584,-0.02264168426758173,0.003766848437172371,0.012359658955631436
28,response_tables/trial_00028_hard_negative_structure_obs-empirical_prior-axis_edge_orthogonal_rel1x.npz,axis_edge_orthogonal,1.0,box4,boxcar,4.0,4,16,40,10,1e-06,-0.03874297074346933,-0.03782371623205272,0.004101615275469317,0.011916123582323194
28,response_tables/trial_00028_hard_negative_structure_obs-empirical_prior-axis_edge_orthogonal_rel1x.npz,axis_edge_orthogonal,1.0,box8,boxcar,8.0,4,16,40,10,1e-06,-0.08802008365849573,-0.08530093007733419,0.002712080481830137,0.014101786813689017
28,response_tables/trial_00028_hard_negative_structure_obs-empirical_prior-axis_edge_orthogonal_rel1x.npz,axis_edge_orthogonal,1.0,ema0p25,ema,0.25,4,16,40,10,1e-06,-0.020688439048527296,-0.02036815687301341,0.0037184094980609317,0.012110878439715691
28,response_tables/trial_00028_hard_negative_structure_obs-empirical_prior-axis_edge_orthogonal_rel1x.npz,axis_edge_orthogonal,1.0,ema0p50,ema,0.5,4,16,40,10,1e-06,-0.03120721273632515,-0.030560657889435627,0.003831444573985099,0.010853368103256721
28,response_tables/trial_00028_hard_negative_structure_obs-empirical_prior-axis_edge_orthogonal_rel1x.npz,axis_edge_orthogonal,1.0,ema0p75,ema,0.75,4,16,40,10,1e-06,-0.07471657994199804,-0.0723917945365139,0.0029959001734451707,0.013380392731990836
28,response_tables/trial_00028_hard_negative_structure_obs-empirical_prior-axis_edge_orthogonal_rel1x.npz,axis_edge_orthogonal,1.0,ema0p90,ema,0.9,4,16,40,10,1e-06,-0.2305068366133749,-0.21990670566589032,0.0030459987531253063,0.03109943654783458
29,response_tables/trial_00029_hard_negative_structure_obs-empirical_prior-axis_edge_parallel_rel2x.npz,axis_edge_parallel,2.0,instant,delay,0.0,4,16,40,10,1e-06,-0.005256786370743616,-0.005215781797967223,0.00027002205511206245,0.1899510879859742
29,response_tables/trial_00029_hard_negative_structure_obs-empirical_prior-axis_edge_parallel_rel2x.npz,axis_edge_parallel,2.0,delay1,delay,1.0,4,16,40,10,1e-06,-0.010263375515271844,-0.010414189225269932,0.0008222744684815986,0.06163770635026926
29,response_tables/trial_00029_hard_negative_structure_obs-empirical_prior-axis_edge_parallel_rel2x.npz,axis_edge_parallel,2.0,delay2,delay,2.0,4,16,40,10,1e-06,-0.01602413737293773,-0.01630645046250878,0.0021728325992506903,0.02270257716560905
29,response_tables/trial_00029_hard_negative_structure_obs-empirical_prior-axis_edge_parallel_rel2x.npz,axis_edge_parallel,2.0,delay3,delay,3.0,4,16,40,10,1e-06,-0.02329489696293424,-0.023870305370423006,0.0038977287146733375,0.011992470251885143
29,response_tables/trial_00029_hard_negative_structure_obs-empirical_prior-axis_edge_parallel_rel2x.npz,axis_edge_parallel,2.0,delay4,delay,4.0,4,16,40,10,1e-06,-0.03134882348916129,-0.032474494752064764,0.006981148331209663,0.01038110108293758
29,response_tables/trial_00029_hard_negative_structure_obs-empirical_prior-axis_edge_parallel_rel2x.npz,axis_edge_parallel,2.0,delay6,delay,6.0,4,16,40,10,1e-06,-0.05389487356798761,-0.05549163659375311,0.017661588009366874,0.006503177464158884
29,response_tables/trial_00029_hard_negative_structure_obs-empirical_prior-axis_edge_parallel_rel2x.npz,axis_edge_parallel,2.0,delay8,delay,8.0,4,16,40,10,1e-06,-0.07999063061702244,-0.08146536883721567,0.0304209199974651,0.007012623307019331
29,response_tables/trial_00029_hard_negative_structure_obs-empirical_prior-axis_edge_parallel_rel2x.npz,axis_edge_parallel,2.0,box2,boxcar,2.0,4,16,40,10,1e-06,-0.008141061569350738,-0.008191253512830454,0.0005018037938310516,0.09876079561607877
29,response_tables/trial_00029_hard_negative_structure_obs-empirical_prior-axis_edge_parallel_rel2x.npz,axis_edge_parallel,2.0,box4,boxcar,4.0,4,16,40,10,1e-06,-0.014965660933264624,-0.015224664767222729,0.001456955140613364,0.03386206867889788
29,response_tables/trial_00029_hard_negative_structure_obs-empirical_prior-axis_edge_parallel_rel2x.npz,axis_edge_parallel,2.0,box8,boxcar,8.0,4,16,40,10,1e-06,-0.03578822766211204,-0.03694795038162535,0.006536890600746914,0.009434290332570528
29,response_tables/trial_00029_hard_negative_structure_obs-empirical_prior-axis_edge_parallel_rel2x.npz,axis_edge_parallel,2.0,ema0p25,ema,0.25,4,16,40,10,1e-06,-0.007142292775786707,-0.007152493167858376,0.0004145343478763053,0.12201083798044977
29,response_tables/trial_00029_hard_negative_structure_obs-empirical_prior-axis_edge_parallel_rel2x.npz,axis_edge_parallel,2.0,ema0p50,ema,0.5,4,16,40,10,1e-06,-0.011360511424354514,-0.011511512458608819,0.0010087638163940316,0.04662391252928335
29,response_tables/trial_00029_hard_negative_structure_obs-empirical_prior-axis_edge_parallel_rel2x.npz,axis_edge_parallel,2.0,ema0p75,ema,0.75,4,16,40,10,1e-06,-0.0283478933124805,-0.02901235690135673,0.006142784864425349,0.007053195275253138
29,response_tables/trial_00029_hard_negative_structure_obs-empirical_prior-axis_edge_parallel_rel2x.npz,axis_edge_parallel,2.0,ema0p90,ema,0.9,4,16,40,10,1e-06,-0.07978963386780918,-0.08159960522995591,0.043447350665228895,0.0021231724226748916
29,response_tables/trial_00029_hard_negative_structure_obs-empirical_prior-axis_edge_orthogonal_rel2x.npz,axis_edge_orthogonal,2.0,instant,delay,0.0,4,16,40,10,1e-06,-0.0053649722147949275,-0.0056523693327171776,0.0005378156095512399,0.06629926447030131
29,response_tables/trial_00029_hard_negative_structure_obs-empirical_prior-axis_edge_orthogonal_rel2x.npz,axis_edge_orthogonal,2.0,delay1,delay,1.0,4,16,40,10,1e-06,-0.008839562066157602,-0.00938821852210514,0.001566897726819061,0.02560001847985642
29,response_tables/trial_00029_hard_negative_structure_obs-empirical_prior-axis_edge_orthogonal_rel2x.npz,axis_edge_orthogonal,2.0,delay2,delay,2.0,4,16,40,10,1e-06,-0.014149477937487942,-0.014794034945071477,0.0029408934383227947,0.016932625173184647
29,response_tables/trial_00029_hard_negative_structure_obs-empirical_prior-axis_edge_orthogonal_rel2x.npz,axis_edge_orthogonal,2.0,delay3,delay,3.0,4,16,40,10,1e-06,-0.020981078882011506,-0.021894300504430197,0.004659218046223407,0.011748159292767353
29,response_tables/trial_00029_hard_negative_structure_obs-empirical_prior-axis_edge_orthogonal_rel2x.npz,axis_edge_orthogonal,2.0,delay4,delay,4.0,4,16,40,10,1e-06,-0.028800569647575325,-0.030376461389866605,0.007273900949377965,0.011686615575023027
29,response_tables/trial_00029_hard_negative_structure_obs-empirical_prior-axis_edge_orthogonal_rel2x.npz,axis_edge_orthogonal,2.0,delay6,delay,6.0,4,16,40,10,1e-06,-0.053984421172760644,-0.056088601638442315,0.015038411103071775,0.010615458168479433
29,response_tables/trial_00029_hard_negative_structure_obs-empirical_prior-axis_edge_orthogonal_rel2x.npz,axis_edge_orthogonal,2.0,delay8,delay,8.0,4,16,40,10,1e-06,-0.08068229283904643,-0.08213504701727015,0.025084094651208033,0.01055862530773226
29,response_tables/trial_00029_hard_negative_structure_obs-empirical_prior-axis_edge_orthogonal_rel2x.npz,axis_edge_orthogonal,2.0,box2,boxcar,2.0,4,16,40,10,1e-06,-0.007456532250544601,-0.00789401046842475,0.00103798379071951,0.03170633128744022
29,response_tables/trial_00029_hard_negative_structure_obs-empirical_prior-axis_edge_orthogonal_rel2x.npz,axis_edge_orthogonal,2.0,box4,boxcar,4.0,4,16,40,10,1e-06,-0.013306860578509716,-0.013976812413407425,0.002227451907995448,0.017401065439780154
29,response_tables/trial_00029_hard_negative_structure_obs-empirical_prior-axis_edge_orthogonal_rel2x.npz,axis_edge_orthogonal,2.0,box8,boxcar,8.0,4,16,40,10,1e-06,-0.033310619435051037,-0.03497037546974313,0.006791864559025723,0.007565549585829046
29,response_tables/trial_00029_hard_negative_structure_obs-empirical_prior-axis_edge_orthogonal_rel2x.npz,axis_edge_orthogonal,2.0,ema0p25,ema,0.25,4,16,40,10,1e-06,-0.006820751974839889,-0.007197442765268236,0.0008428818369992097,0.03832475718355634
29,response_tables/trial_00029_hard_negative_structure_obs-empirical_prior-axis_edge_orthogonal_rel2x.npz,axis_edge_orthogonal,2.0,ema0p50,ema,0.5,4,16,40,10,1e-06,-0.010304724344956717,-0.010849625577570077,0.0016679107561708983,0.019619643730939045
29,response_tables/trial_00029_hard_negative_structure_obs-empirical_prior-axis_edge_orthogonal_rel2x.npz,axis_edge_orthogonal,2.0,ema0p75,ema,0.75,4,16,40,10,1e-06,-0.025991837882946456,-0.027060645069650557,0.006577385340608616,0.006176976182936379
29,response_tables/trial_00029_hard_negative_structure_obs-empirical_prior-axis_edge_orthogonal_rel2x.npz,axis_edge_orthogonal,2.0,ema0p90,ema,0.9,4,16,40,10,1e-06,-0.08177822319346967,-0.08393025727580006,0.03507128182741459,0.0036687386131902685
30,response_tables/trial_00030_hard_negative_structure_obs-empirical_prior-axis_edge_parallel_rel0p5x.npz,axis_edge_parallel,0.5,instant,delay,0.0,4,16,40,10,1e-06,-0.004376087415480845,-0.004488532048586458,0.0003283190346543563,0.20840965284399918
30,response_tables/trial_00030_hard_negative_structure_obs-empirical_prior-axis_edge_parallel_rel0p5x.npz,axis_edge_parallel,0.5,delay1,delay,1.0,4,16,40,10,1e-06,-0.00890722042449349,-0.009070235473717214,0.0004151556854446181,0.17729907937526362
30,response_tables/trial_00030_hard_negative_structure_obs-empirical_prior-axis_edge_parallel_rel0p5x.npz,axis_edge_parallel,0.5,delay2,delay,2.0,4,16,40,10,1e-06,-0.015592109337892679,-0.015762831324616644,0.0005228902764490007,0.13018874312408318
30,response_tables/trial_00030_hard_negative_structure_obs-empirical_prior-axis_edge_parallel_rel0p5x.npz,axis_edge_parallel,0.5,delay3,delay,3.0,4,16,40,10,1e-06,-0.024597486678497815,-0.024913702589055786,0.0006244921532218839,0.11982856070535397
30,response_tables/trial_00030_hard_negative_structure_obs-empirical_prior-axis_edge_parallel_rel0p5x.npz,axis_edge_parallel,0.5,delay4,delay,4.0,4,16,40,10,1e-06,-0.034997255322601506,-0.0355134306333964,0.000724125928299818,0.09079605730958817
30,response_tables/trial_00030_hard_negative_structure_obs-empirical_prior-axis_edge_parallel_rel0p5x.npz,axis_edge_parallel,0.5,delay6,delay,6.0,4,16,40,10,1e-06,-0.05666312434842602,-0.05706457596074144,0.001977678627090307,0.048757713601661305
30,response_tables/trial_00030_hard_negative_structure_obs-empirical_prior-axis_edge_parallel_rel0p5x.npz,axis_edge_parallel,0.5,delay8,delay,8.0,4,16,40,10,1e-06,-0.08123993158740217,-0.08103242096591257,0.003986844348970092,0.031620320251468416
30,response_tables/trial_00030_hard_negative_structure_obs-empirical_prior-axis_edge_parallel_rel0p5x.npz,axis_edge_parallel,0.5,box2,boxcar,2.0,4,16,40,10,1e-06,-0.006458297816698266,-0.0065932828802021115,0.00037319958183199,0.18915577130629496
30,response_tables/trial_00030_hard_negative_structure_obs-empirical_prior-axis_edge_parallel_rel0p5x.npz,axis_edge_parallel,0.5,box4,boxcar,4.0,4,16,40,10,1e-06,-0.01246830041267838,-0.012640421286278958,0.0004804675176458828,0.13718357223697883
30,response_tables/trial_00030_hard_negative_structure_obs-empirical_prior-axis_edge_parallel_rel0p5x.npz,axis_edge_parallel,0.5,box8,boxcar,8.0,4,16,40,10,1e-06,-0.030605026749215447,-0.031053531168677817,0.0009691856804253662,0.06551799410303555
30,response_tables/trial_00030_hard_negative_structure_obs-empirical_prior-axis_edge_parallel_rel0p5x.npz,axis_edge_parallel,0.5,ema0p25,ema,0.25,4,16,40,10,1e-06,-0.005706855754847584,-0.005830068998551874,0.00035803995073643846,0.19168710545344098
30,response_tables/trial_00030_hard_negative_structure_obs-empirical_prior-axis_edge_parallel_rel0p5x.npz,axis_edge_parallel,0.5,ema0p50,ema,0.5,4,16,40,10,1e-06,-0.009148934005211218,-0.009296218196859773,0.0004192373338601507,0.15655730293826264
30,response_tables/trial_00030_hard_negative_structure_obs-empirical_prior-axis_edge_parallel_rel0p5x.npz,axis_edge_parallel,0.5,ema0p75,ema,0.75,4,16,40,10,1e-06,-0.02571791358627551,-0.026016084579679966,0.0008099535705192729,0.06407937820797405
30,response_tables/trial_00030_hard_negative_structure_obs-empirical_prior-axis_edge_parallel_rel0p5x.npz,axis_edge_parallel,0.5,ema0p90,ema,0.9,4,16,40,10,1e-06,-0.10692510372685093,-0.10717996860115342,0.0045405961603354195,0.024309981031647325
30,response_tables/trial_00030_hard_negative_structure_obs-empirical_prior-axis_edge_orthogonal_rel0p5x.npz,axis_edge_orthogonal,0.5,instant,delay,0.0,4,16,40,10,1e-06,-0.007329740249769456,-0.0074320065383788325,0.0004033695358475753,0.12745923765050138
30,response_tables/trial_00030_hard_negative_structure_obs-empirical_prior-axis_edge_orthogonal_rel0p5x.npz,axis_edge_orthogonal,0.5,delay1,delay,1.0,4,16,40,10,1e-06,-0.013208397097054347,-0.013422931654354153,0.00028465697523127886,0.12124898593905975
30,response_tables/trial_00030_hard_negative_structure_obs-empirical_prior-axis_edge_orthogonal_rel0p5x.npz,axis_edge_orthogonal,0.5,delay2,delay,2.0,4,16,40,10,1e-06,-0.021249395658582915,-0.021613512842486804,0.00025888041383348437,0.15613735728003106
30,response_tables/trial_00030_hard_negative_structure_obs-empirical_prior-axis_edge_orthogonal_rel0p5x.npz,axis_edge_orthogonal,0.5,delay3,delay,3.0,4,16,40,10,1e-06,-0.0312456474770903,-0.031686611956520006,0.0002185692966430175,0.14374389881937547
30,response_tables/trial_00030_hard_negative_structure_obs-empirical_prior-axis_edge_orthogonal_rel0p5x.npz,axis_edge_orthogonal,0.5,delay4,delay,4.0,4,16,40,10,1e-06,-0.042017158289104906,-0.04260905917143776,0.00019045506543108326,0.20341984752782105
30,response_tables/trial_00030_hard_negative_structure_obs-empirical_prior-axis_edge_orthogonal_rel0p5x.npz,axis_edge_orthogonal,0.5,delay6,delay,6.0,4,16,40,10,1e-06,-0.06124361630629338,-0.06206080540897374,0.0014980181917035595,0.049228325110079255
30,response_tables/trial_00030_hard_negative_structure_obs-empirical_prior-axis_edge_orthogonal_rel0p5x.npz,axis_edge_orthogonal,0.5,delay8,delay,8.0,4,16,40,10,1e-06,-0.07864585156709392,-0.07938534509404804,0.004894370466214437,0.026858742899211238
30,response_tables/trial_00030_hard_negative_structure_obs-empirical_prior-axis_edge_orthogonal_rel0p5x.npz,axis_edge_orthogonal,0.5,box2,boxcar,2.0,4,16,40,10,1e-06,-0.01015370926868836,-0.01031257659831819,0.0003426465693544545,0.12048179154028776
30,response_tables/trial_00030_hard_negative_structure_obs-empirical_prior-axis_edge_orthogonal_rel0p5x.npz,axis_edge_orthogonal,0.5,box4,boxcar,4.0,4,16,40,10,1e-06,-0.017619657325610605,-0.01789240647794943,0.0002810011163991988,0.14054362293382808
30,response_tables/trial_00030_hard_negative_structure_obs-empirical_prior-axis_edge_orthogonal_rel0p5x.npz,axis_edge_orthogonal,0.5,box8,boxcar,8.0,4,16,40,10,1e-06,-0.03744699825366948,-0.03799589065509035,0.0002778897490204324,0.15967402479736853
30,response_tables/trial_00030_hard_negative_structure_obs-empirical_prior-axis_edge_orthogonal_rel0p5x.npz,axis_edge_orthogonal,0.5,ema0p25,ema,0.25,4,16,40,10,1e-06,-0.009171726870447983,-0.00931185987516936,0.00036754729977431233,0.12413202414076246
30,response_tables/trial_00030_hard_negative_structure_obs-empirical_prior-axis_edge_orthogonal_rel0p5x.npz,axis_edge_orthogonal,0.5,ema0p50,ema,0.5,4,16,40,10,1e-06,-0.013557575859454551,-0.013762690735456107,0.0002862509754249787,0.13953875363258197
30,response_tables/trial_00030_hard_negative_structure_obs-empirical_prior-axis_edge_orthogonal_rel0p5x.npz,axis_edge_orthogonal,0.5,ema0p75,ema,0.75,4,16,40,10,1e-06,-0.031656020016995634,-0.032041202137340186,0.00018338516055460552,0.16127818113038164
30,response_tables/trial_00030_hard_negative_structure_obs-empirical_prior-axis_edge_orthogonal_rel0p5x.npz,axis_edge_orthogonal,0.5,ema0p90,ema,0.9,4,16,40,10,1e-06,-0.09954021407651403,-0.1000408299177491,0.00603454014888552,0.02269242517288758
31,response_tables/trial_00031_hard_negative_structure_obs-empirical_prior-axis_edge_parallel_rel1x.npz,axis_edge_parallel,1.0,instant,delay,0.0,4,16,40,10,1e-06,-0.0068122349793171555,-0.006468040205155123,0.0006700597309577672,0.04509070877123991
31,response_tables/trial_00031_hard_negative_structure_obs-empirical_prior-axis_edge_parallel_rel1x.npz,axis_edge_parallel,1.0,delay1,delay,1.0,4,16,40,10,1e-06,-0.015478213396150908,-0.014968594057911289,0.001124158878910625,0.02097071443967786
31,response_tables/trial_00031_hard_negative_structure_obs-empirical_prior-axis_edge_parallel_rel1x.npz,axis_edge_parallel,1.0,delay2,delay,2.0,4,16,40,10,1e-06,-0.02679821423974954,-0.025954491455497997,0.0013182843694986845,0.020803623265574264
31,response_tables/trial_00031_hard_negative_structure_obs-empirical_prior-axis_edge_parallel_rel1x.npz,axis_edge_parallel,1.0,delay3,delay,3.0,4,16,40,10,1e-06,-0.04194996312320587,-0.04052008813017083,0.0015403409750526786,0.02425372707161443
31,response_tables/trial_00031_hard_negative_structure_obs-empirical_prior-axis_edge_parallel_rel1x.npz,axis_edge_parallel,1.0,delay4,delay,4.0,4,16,40,10,1e-06,-0.06001239206089848,-0.05813799317758994,0.0014614902058050494,0.025776825724102233
31,response_tables/trial_00031_hard_negative_structure_obs-empirical_prior-axis_edge_parallel_rel1x.npz,axis_edge_parallel,1.0,delay6,delay,6.0,4,16,40,10,1e-06,-0.10353932330905158,-0.1003656728250788,0.000758193617260261,0.04157765101045463
31,response_tables/trial_00031_hard_negative_structure_obs-empirical_prior-axis_edge_parallel_rel1x.npz,axis_edge_parallel,1.0,delay8,delay,8.0,4,16,40,10,1e-06,-0.15968201365306384,-0.15480143001059177,0.0005184914076784286,0.06377083628991206
31,response_tables/trial_00031_hard_negative_structure_obs-empirical_prior-axis_edge_parallel_rel1x.npz,axis_edge_parallel,1.0,box2,boxcar,2.0,4,16,40,10,1e-06,-0.011242866903593884,-0.010794899225608057,0.0009309944993319552,0.029063894151628133
31,response_tables/trial_00031_hard_negative_structure_obs-empirical_prior-axis_edge_parallel_rel1x.npz,axis_edge_parallel,1.0,box4,boxcar,4.0,4,16,40,10,1e-06,-0.022909023687308572,-0.022164967161370286,0.0013185008132833298,0.01818154845731955
31,response_tables/trial_00031_hard_negative_structure_obs-empirical_prior-axis_edge_parallel_rel1x.npz,axis_edge_parallel,1.0,box8,boxcar,8.0,4,16,40,10,1e-06,-0.058767850841913216,-0.0572802719990676,0.00134829306156517,0.0196519282542626
31,response_tables/trial_00031_hard_negative_structure_obs-empirical_prior-axis_edge_parallel_rel1x.npz,axis_edge_parallel,1.0,ema0p25,ema,0.25,4,16,40,10,1e-06,-0.009591034865980008,-0.009167661415662054,0.0008207257595854445,0.03494464181341016
31,response_tables/trial_00031_hard_negative_structure_obs-empirical_prior-axis_edge_parallel_rel1x.npz,axis_edge_parallel,1.0,ema0p50,ema,0.5,4,16,40,10,1e-06,-0.016434657638703887,-0.01582065633180818,0.0010115050507610857,0.02627691283259815
31,response_tables/trial_00031_hard_negative_structure_obs-empirical_prior-axis_edge_parallel_rel1x.npz,axis_edge_parallel,1.0,ema0p75,ema,0.75,4,16,40,10,1e-06,-0.0494366721942775,-0.047984614619168364,0.0010596750004923938,0.027162341657210345
31,response_tables/trial_00031_hard_negative_structure_obs-empirical_prior-axis_edge_parallel_rel1x.npz,axis_edge_parallel,1.0,ema0p90,ema,0.9,4,16,40,10,1e-06,-0.23626791198170383,-0.23098251694601046,0.000997606872729151,0.03916727433122616
31,response_tables/trial_00031_hard_negative_structure_obs-empirical_prior-axis_edge_orthogonal_rel1x.npz,axis_edge_orthogonal,1.0,instant,delay,0.0,4,16,40,10,1e-06,-0.008191011608622956,-0.008269061789400012,0.002182103906872429,0.015062315959130969
31,response_tables/trial_00031_hard_negative_structure_obs-empirical_prior-axis_edge_orthogonal_rel1x.npz,axis_edge_orthogonal,1.0,delay1,delay,1.0,4,16,40,10,1e-06,-0.016574439993948586,-0.016619952229956825,0.0024603289128661,0.012910157702799241
31,response_tables/trial_00031_hard_negative_structure_obs-empirical_prior-axis_edge_orthogonal_rel1x.npz,axis_edge_orthogonal,1.0,delay2,delay,2.0,4,16,40,10,1e-06,-0.027870355944741576,-0.02794805229313957,0.0021095051134580045,0.011591022808048213
31,response_tables/trial_00031_hard_negative_structure_obs-empirical_prior-axis_edge_orthogonal_rel1x.npz,axis_edge_orthogonal,1.0,delay3,delay,3.0,4,16,40,10,1e-06,-0.041793065710940824,-0.04167938348208888,0.002257145769400337,0.013172742637209174
31,response_tables/trial_00031_hard_negative_structure_obs-empirical_prior-axis_edge_orthogonal_rel1x.npz,axis_edge_orthogonal,1.0,delay4,delay,4.0,4,16,40,10,1e-06,-0.05875403305319776,-0.058297673184983134,0.0021771251602947517,0.016519270885254976
31,response_tables/trial_00031_hard_negative_structure_obs-empirical_prior-axis_edge_orthogonal_rel1x.npz,axis_edge_orthogonal,1.0,delay6,delay,6.0,4,16,40,10,1e-06,-0.1038227967325786,-0.10317242016160566,0.0003893703340742405,0.06831205747422983
31,response_tables/trial_00031_hard_negative_structure_obs-empirical_prior-axis_edge_orthogonal_rel1x.npz,axis_edge_orthogonal,1.0,delay8,delay,8.0,4,16,40,10,1e-06,-0.15708453669014844,-0.1559130056493917,0.0015655192833412268,0.033711670410739115
31,response_tables/trial_00031_hard_negative_structure_obs-empirical_prior-axis_edge_orthogonal_rel1x.npz,axis_edge_orthogonal,1.0,box2,boxcar,2.0,4,16,40,10,1e-06,-0.012632542238698974,-0.01270063256704701,0.0024535631281195625,0.012965055476189882
31,response_tables/trial_00031_hard_negative_structure_obs-empirical_prior-axis_edge_orthogonal_rel1x.npz,axis_edge_orthogonal,1.0,box4,boxcar,4.0,4,16,40,10,1e-06,-0.024089806183516638,-0.024081706165537176,0.0025703217754639296,0.00852244071330202
31,response_tables/trial_00031_hard_negative_structure_obs-empirical_prior-axis_edge_orthogonal_rel1x.npz,axis_edge_orthogonal,1.0,box8,boxcar,8.0,4,16,40,10,1e-06,-0.06023570342231849,-0.06022917224305546,0.0016266714414015226,0.012669288076510214
31,response_tables/trial_00031_hard_negative_structure_obs-empirical_prior-axis_edge_orthogonal_rel1x.npz,axis_edge_orthogonal,1.0,ema0p25,ema,0.25,4,16,40,10,1e-06,-0.011081186565183254,-0.011151733285755916,0.0023379262851469795,0.012579525851065927
31,response_tables/trial_00031_hard_negative_structure_obs-empirical_prior-axis_edge_orthogonal_rel1x.npz,axis_edge_orthogonal,1.0,ema0p50,ema,0.5,4,16,40,10,1e-06,-0.01802424007026998,-0.018046506885938784,0.0023609612721374185,0.01033546308860771
31,response_tables/trial_00031_hard_negative_structure_obs-empirical_prior-axis_edge_orthogonal_rel1x.npz,axis_edge_orthogonal,1.0,ema0p75,ema,0.75,4,16,40,10,1e-06,-0.05081448011980416,-0.050937701216218545,0.0013048777382704269,0.013692824141612306
31,response_tables/trial_00031_hard_negative_structure_obs-empirical_prior-axis_edge_orthogonal_rel1x.npz,axis_edge_orthogonal,1.0,ema0p90,ema,0.9,4,16,40,10,1e-06,-0.22919067502040646,-0.22820877382015137,0.003294195778028308,0.01833823538921917
32,response_tables/trial_00032_hard_negative_structure_obs-empirical_prior-axis_edge_parallel_rel2x.npz,axis_edge_parallel,2.0,instant,delay,0.0,4,16,40,10,1e-06,-0.00416950861443377,-0.0041966971760156735,0.00048807361908317914,0.04187890246037459
32,response_tables/trial_00032_hard_negative_structure_obs-empirical_prior-axis_edge_parallel_rel2x.npz,axis_edge_parallel,2.0,delay1,delay,1.0,4,16,40,10,1e-06,-0.009151256700470678,-0.008996799754536045,0.0015939649942072476,0.017177257949274438
32,response_tables/trial_00032_hard_negative_structure_obs-empirical_prior-axis_edge_parallel_rel2x.npz,axis_edge_parallel,2.0,delay2,delay,2.0,4,16,40,10,1e-06,-0.01419211277231397,-0.014309559655754645,0.002433593426090286,0.015707861265837175
32,response_tables/trial_00032_hard_negative_structure_obs-empirical_prior-axis_edge_parallel_rel2x.npz,axis_edge_parallel,2.0,delay3,delay,3.0,4,16,40,10,1e-06,-0.02001431103132839,-0.020712877021942022,0.0032347364206898044,0.012665502503482522
32,response_tables/trial_00032_hard_negative_structure_obs-empirical_prior-axis_edge_parallel_rel2x.npz,axis_edge_parallel,2.0,delay4,delay,4.0,4,16,40,10,1e-06,-0.023618302967389482,-0.02483101801469101,0.004385674000283113,0.012095028234516393
32,response_tables/trial_00032_hard_negative_structure_obs-empirical_prior-axis_edge_parallel_rel2x.npz,axis_edge_parallel,2.0,delay6,delay,6.0,4,16,40,10,1e-06,-0.04260337511465001,-0.046054107930765587,0.007713854662795894,0.011162682163870442
32,response_tables/trial_00032_hard_negative_structure_obs-empirical_prior-axis_edge_parallel_rel2x.npz,axis_edge_parallel,2.0,delay8,delay,8.0,4,16,40,10,1e-06,-0.07523908748671032,-0.08245389119562763,0.012398409922633163,0.006637552580127222
32,response_tables/trial_00032_hard_negative_structure_obs-empirical_prior-axis_edge_parallel_rel2x.npz,axis_edge_parallel,2.0,box2,boxcar,2.0,4,16,40,10,1e-06,-0.007292501046021582,-0.007239409210663683,0.0010354752965753555,0.020856286953641577
32,response_tables/trial_00032_hard_negative_structure_obs-empirical_prior-axis_edge_parallel_rel2x.npz,axis_edge_parallel,2.0,box4,boxcar,4.0,4,16,40,10,1e-06,-0.013212453637999555,-0.013096799940384485,0.002319904640824516,0.010381015667179739
32,response_tables/trial_00032_hard_negative_structure_obs-empirical_prior-axis_edge_parallel_rel2x.npz,axis_edge_parallel,2.0,box8,boxcar,8.0,4,16,40,10,1e-06,-0.024451888036781666,-0.024836070621882644,0.007390492343744642,0.0055399662119770595
32,response_tables/trial_00032_hard_negative_structure_obs-empirical_prior-axis_edge_parallel_rel2x.npz,axis_edge_parallel,2.0,ema0p25,ema,0.25,4,16,40,10,1e-06,-0.006142082849579067,-0.006106318819622647,0.0007747855049003438,0.026066847632122348
32,response_tables/trial_00032_hard_negative_structure_obs-empirical_prior-axis_edge_parallel_rel2x.npz,axis_edge_parallel,2.0,ema0p50,ema,0.5,4,16,40,10,1e-06,-0.010299505248112684,-0.010245355285516289,0.0014393939115363297,0.01439133599425716
32,response_tables/trial_00032_hard_negative_structure_obs-empirical_prior-axis_edge_parallel_rel2x.npz,axis_edge_parallel,2.0,ema0p75,ema,0.75,4,16,40,10,1e-06,-0.028211294679568122,-0.029579589934449646,0.00457769777373826,0.006563911922947547
32,response_tables/trial_00032_hard_negative_structure_obs-empirical_prior-axis_edge_parallel_rel2x.npz,axis_edge_parallel,2.0,ema0p90,ema,0.9,4,16,40,10,1e-06,-0.11492469682049578,-0.12756730629620483,0.018963187640325674,0.0042643705643161875
32,response_tables/trial_00032_hard_negative_structure_obs-empirical_prior-axis_edge_orthogonal_rel2x.npz,axis_edge_orthogonal,2.0,instant,delay,0.0,4,16,40,10,1e-06,-0.0011908592702269405,-0.0012163284637158878,0.0018435367448558504,0.018654010385503954
32,response_tables/trial_00032_hard_negative_structure_obs-empirical_prior-axis_edge_orthogonal_rel2x.npz,axis_edge_orthogonal,2.0,delay1,delay,1.0,4,16,40,10,1e-06,-0.004851918081264173,-0.004889542434446392,0.0036037862783646624,0.012391063517573915
32,response_tables/trial_00032_hard_negative_structure_obs-empirical_prior-axis_edge_orthogonal_rel2x.npz,axis_edge_orthogonal,2.0,delay2,delay,2.0,4,16,40,10,1e-06,-0.008513312489982827,-0.008441640241216408,0.0045215823731099,0.01821776717576002
32,response_tables/trial_00032_hard_negative_structure_obs-empirical_prior-axis_edge_orthogonal_rel2x.npz,axis_edge_orthogonal,2.0,delay3,delay,3.0,4,16,40,10,1e-06,-0.01246691870701655,-0.01267653849246464,0.005436669671165628,0.012532475816188108
32,response_tables/trial_00032_hard_negative_structure_obs-empirical_prior-axis_edge_orthogonal_rel2x.npz,axis_edge_orthogonal,2.0,delay4,delay,4.0,4,16,40,10,1e-06,-0.01657027908164005,-0.017467800923176346,0.005661036052626578,0.016508892482858133
32,response_tables/trial_00032_hard_negative_structure_obs-empirical_prior-axis_edge_orthogonal_rel2x.npz,axis_edge_orthogonal,2.0,delay6,delay,6.0,4,16,40,10,1e-06,-0.041234363298323695,-0.045862011317701734,0.006071715089590535,0.013916577319272226
32,response_tables/trial_00032_hard_negative_structure_obs-empirical_prior-axis_edge_orthogonal_rel2x.npz,axis_edge_orthogonal,2.0,delay8,delay,8.0,4,16,40,10,1e-06,-0.0781208780591528,-0.08841583767032957,0.009755845309707412,0.007893311772226217
32,response_tables/trial_00032_hard_negative_structure_obs-empirical_prior-axis_edge_orthogonal_rel2x.npz,axis_edge_orthogonal,2.0,box2,boxcar,2.0,4,16,40,10,1e-06,-0.002875373919155322,-0.0029276624118746986,0.002981586941034231,0.012233337488018425
32,response_tables/trial_00032_hard_negative_structure_obs-empirical_prior-axis_edge_orthogonal_rel2x.npz,axis_edge_orthogonal,2.0,box4,boxcar,4.0,4,16,40,10,1e-06,-0.006278963117268221,-0.0062774454705849525,0.0049823837372416635,0.009458343149794893
32,response_tables/trial_00032_hard_negative_structure_obs-empirical_prior-axis_edge_orthogonal_rel2x.npz,axis_edge_orthogonal,2.0,box8,boxcar,8.0,4,16,40,10,1e-06,-0.016492642339010044,-0.016873065022918965,0.00910444617661424,0.004300087011943327
32,response_tables/trial_00032_hard_negative_structure_obs-empirical_prior-axis_edge_orthogonal_rel2x.npz,axis_edge_orthogonal,2.0,ema0p25,ema,0.25,4,16,40,10,1e-06,-0.002143240689633674,-0.002180454944620158,0.0025254133822296965,0.013928850771905261
32,response_tables/trial_00032_hard_negative_structure_obs-empirical_prior-axis_edge_orthogonal_rel2x.npz,axis_edge_orthogonal,2.0,ema0p50,ema,0.5,4,16,40,10,1e-06,-0.00481432466415016,-0.004839403303766532,0.0036124852741652447,0.010348035803442934
32,response_tables/trial_00032_hard_negative_structure_obs-empirical_prior-axis_edge_orthogonal_rel2x.npz,axis_edge_orthogonal,2.0,ema0p75,ema,0.75,4,16,40,10,1e-06,-0.02118894525372994,-0.02253789170153342,0.006459732403462065,0.005550723707954714
32,response_tables/trial_00032_hard_negative_structure_obs-empirical_prior-axis_edge_orthogonal_rel2x.npz,axis_edge_orthogonal,2.0,ema0p90,ema,0.9,4,16,40,10,1e-06,-0.11885919662223204,-0.13521375683345715,0.015204398882440712,0.00560705822296743
33,response_tables/trial_00033_hard_negative_structure_obs-empirical_prior-axis_edge_parallel_rel0p5x.npz,axis_edge_parallel,0.5,instant,delay,0.0,4,16,40,10,1e-06,-0.008768962300561622,-0.010986379684594927,0.002812702301340342,0.021625709860139737
33,response_tables/trial_00033_hard_negative_structure_obs-empirical_prior-axis_edge_parallel_rel0p5x.npz,axis_edge_parallel,0.5,delay1,delay,1.0,4,16,40,10,1e-06,-0.011518584402894883,-0.014275079617255049,0.0026176122748255426,0.027789899311038715
33,response_tables/trial_00033_hard_negative_structure_obs-empirical_prior-axis_edge_parallel_rel0p5x.npz,axis_edge_parallel,0.5,delay2,delay,2.0,4,16,40,10,1e-06,-0.0159838253499196,-0.019763967659750525,0.002459664579384513,0.02165570212822862
33,response_tables/trial_00033_hard_negative_structure_obs-empirical_prior-axis_edge_parallel_rel0p5x.npz,axis_edge_parallel,0.5,delay3,delay,3.0,4,16,40,10,1e-06,-0.020246180312680884,-0.02310889662760829,0.0025209197460286936,0.015168458108103605
33,response_tables/trial_00033_hard_negative_structure_obs-empirical_prior-axis_edge_parallel_rel0p5x.npz,axis_edge_parallel,0.5,delay4,delay,4.0,4,16,40,10,1e-06,-0.0184763435131155,-0.021562018198266975,0.0036923923762159916,0.01797794241116641
33,response_tables/trial_00033_hard_negative_structure_obs-empirical_prior-axis_edge_parallel_rel0p5x.npz,axis_edge_parallel,0.5,delay6,delay,6.0,4,16,40,10,1e-06,-0.012327713650734734,-0.019492453814219268,0.011257440756175213,0.028484264544612982
33,response_tables/trial_00033_hard_negative_structure_obs-empirical_prior-axis_edge_parallel_rel0p5x.npz,axis_edge_parallel,0.5,delay8,delay,8.0,4,16,40,10,1e-06,-0.01733089270631244,-0.020477083710705002,0.02056109767497824,0.01198475137264765
33,response_tables/trial_00033_hard_negative_structure_obs-empirical_prior-axis_edge_parallel_rel0p5x.npz,axis_edge_parallel,0.5,box2,boxcar,2.0,4,16,40,10,1e-06,-0.009637580646261246,-0.01191899419631648,0.0028924927993022875,0.023333043035399285
33,response_tables/trial_00033_hard_negative_structure_obs-empirical_prior-axis_edge_parallel_rel0p5x.npz,axis_edge_parallel,0.5,box4,boxcar,4.0,4,16,40,10,1e-06,-0.01216332440649287,-0.015147107934911141,0.0027967593670088775,0.024160709674361874
33,response_tables/trial_00033_hard_negative_structure_obs-empirical_prior-axis_edge_parallel_rel0p5x.npz,axis_edge_parallel,0.5,box8,boxcar,8.0,4,16,40,10,1e-06,-0.01131898761903502,-0.018457834301508713,0.0053534512711377324,0.027168528796251357
33,response_tables/trial_00033_hard_negative_structure_obs-empirical_prior-axis_edge_parallel_rel0p5x.npz,axis_edge_parallel,0.5,ema0p25,ema,0.25,4,16,40,10,1e-06,-0.00916285792378091,-0.011379129758881446,0.002887019006543312,0.022890009832230947
33,response_tables/trial_00033_hard_negative_structure_obs-empirical_prior-axis_edge_parallel_rel0p5x.npz,axis_edge_parallel,0.5,ema0p50,ema,0.5,4,16,40,10,1e-06,-0.010195835523643948,-0.012854578600721478,0.0028606391944396847,0.020188029210166554
33,response_tables/trial_00033_hard_negative_structure_obs-empirical_prior-axis_edge_parallel_rel0p5x.npz,axis_edge_parallel,0.5,ema0p75,ema,0.75,4,16,40,10,1e-06,-0.012354981773202961,-0.018420259563034613,0.004296831184248756,0.013471122183371407
33,response_tables/trial_00033_hard_negative_structure_obs-empirical_prior-axis_edge_parallel_rel0p5x.npz,axis_edge_parallel,0.5,ema0p90,ema,0.9,4,16,40,10,1e-06,-0.013044799793907852,-0.033229383878809915,0.02562657277348593,0.010245072809995696
33,response_tables/trial_00033_hard_negative_structure_obs-empirical_prior-axis_edge_orthogonal_rel0p5x.npz,axis_edge_orthogonal,0.5,instant,delay,0.0,4,16,40,10,1e-06,-0.0047613931745785765,-0.004615439294354484,0.006830646382117778,0.0077278010063407876
33,response_tables/trial_00033_hard_negative_structure_obs-empirical_prior-axis_edge_orthogonal_rel0p5x.npz,axis_edge_orthogonal,0.5,delay1,delay,1.0,4,16,40,10,1e-06,-0.008960451213149756,-0.009739038149576995,0.0056853108666092556,0.010340163306737232
33,response_tables/trial_00033_hard_negative_structure_obs-empirical_prior-axis_edge_orthogonal_rel0p5x.npz,axis_edge_orthogonal,0.5,delay2,delay,2.0,4,16,40,10,1e-06,-0.014986453570154767,-0.015594190959665744,0.004742357569906208,0.012059279659441507
33,response_tables/trial_00033_hard_negative_structure_obs-empirical_prior-axis_edge_orthogonal_rel0p5x.npz,axis_edge_orthogonal,0.5,delay3,delay,3.0,4,16,40,10,1e-06,-0.021985600377577186,-0.020679624410662623,0.004400918246314001,0.013734921059234784
33,response_tables/trial_00033_hard_negative_structure_obs-empirical_prior-axis_edge_orthogonal_rel0p5x.npz,axis_edge_orthogonal,0.5,delay4,delay,4.0,4,16,40,10,1e-06,-0.02285631517276082,-0.02181680849049228,0.005656035536679566,0.015109117206025688
33,response_tables/trial_00033_hard_negative_structure_obs-empirical_prior-axis_edge_orthogonal_rel0p5x.npz,axis_edge_orthogonal,0.5,delay6,delay,6.0,4,16,40,10,1e-06,-0.018214978509116797,-0.019494891972294925,0.011888298206735731,0.031247378495822077
33,response_tables/trial_00033_hard_negative_structure_obs-empirical_prior-axis_edge_orthogonal_rel0p5x.npz,axis_edge_orthogonal,0.5,delay8,delay,8.0,4,16,40,10,1e-06,-0.023925053601048074,-0.023516236209789376,0.021266274350316028,0.010505988986386761
33,response_tables/trial_00033_hard_negative_structure_obs-empirical_prior-axis_edge_orthogonal_rel0p5x.npz,axis_edge_orthogonal,0.5,box2,boxcar,2.0,4,16,40,10,1e-06,-0.005810438125189998,-0.006005396266183127,0.006727793674638577,0.00803681581525591
33,response_tables/trial_00033_hard_negative_structure_obs-empirical_prior-axis_edge_orthogonal_rel0p5x.npz,axis_edge_orthogonal,0.5,box4,boxcar,4.0,4,16,40,10,1e-06,-0.009330054330903559,-0.00972099163093143,0.006160361213313342,0.010662496574173466
33,response_tables/trial_00033_hard_negative_structure_obs-empirical_prior-axis_edge_orthogonal_rel0p5x.npz,axis_edge_orthogonal,0.5,box8,boxcar,8.0,4,16,40,10,1e-06,-0.011675741813617274,-0.015769228720793338,0.007423353820207951,0.010516265986314867
33,response_tables/trial_00033_hard_negative_structure_obs-empirical_prior-axis_edge_orthogonal_rel0p5x.npz,axis_edge_orthogonal,0.5,ema0p25,ema,0.25,4,16,40,10,1e-06,-0.005092956979867835,-0.005064253461616874,0.006907406940556388,0.007773426744797631
33,response_tables/trial_00033_hard_negative_structure_obs-empirical_prior-axis_edge_orthogonal_rel0p5x.npz,axis_edge_orthogonal,0.5,ema0p50,ema,0.5,4,16,40,10,1e-06,-0.006720973617962256,-0.006972385561931693,0.006605385568990041,0.008677174259325097
33,response_tables/trial_00033_hard_negative_structure_obs-empirical_prior-axis_edge_orthogonal_rel0p5x.npz,axis_edge_orthogonal,0.5,ema0p75,ema,0.75,4,16,40,10,1e-06,-0.012354519858897434,-0.015086695857876364,0.00638505775256068,0.008124250711218356
33,response_tables/trial_00033_hard_negative_structure_obs-empirical_prior-axis_edge_orthogonal_rel0p5x.npz,axis_edge_orthogonal,0.5,ema0p90,ema,0.9,4,16,40,10,1e-06,-0.017759693915095104,-0.030931330462032447,0.02884303672236277,0.008921134940816807
34,response_tables/trial_00034_hard_negative_structure_obs-empirical_prior-axis_edge_parallel_rel1x.npz,axis_edge_parallel,1.0,instant,delay,0.0,4,16,40,10,1e-06,-0.0014728116203444608,-0.0014371104121706502,0.001944360317924193,0.03215133705603782
34,response_tables/trial_00034_hard_negative_structure_obs-empirical_prior-axis_edge_parallel_rel1x.npz,axis_edge_parallel,1.0,delay1,delay,1.0,4,16,40,10,1e-06,-0.003863848173741802,-0.004485289325667496,0.0020805675682109004,0.027619251062519813
34,response_tables/trial_00034_hard_negative_structure_obs-empirical_prior-axis_edge_parallel_rel1x.npz,axis_edge_parallel,1.0,delay2,delay,2.0,4,16,40,10,1e-06,-0.00739461345182002,-0.008495603854704825,0.0025804881488457054,0.023265519696940674
34,response_tables/trial_00034_hard_negative_structure_obs-empirical_prior-axis_edge_parallel_rel1x.npz,axis_edge_parallel,1.0,delay3,delay,3.0,4,16,40,10,1e-06,-0.011094726144134093,-0.012578195782276702,0.003696949289292928,0.019479786835792847
34,response_tables/trial_00034_hard_negative_structure_obs-empirical_prior-axis_edge_parallel_rel1x.npz,axis_edge_parallel,1.0,delay4,delay,4.0,4,16,40,10,1e-06,-0.01246702719436199,-0.014900117954836256,0.006075839222605933,0.012768037307142772
34,response_tables/trial_00034_hard_negative_structure_obs-empirical_prior-axis_edge_parallel_rel1x.npz,axis_edge_parallel,1.0,delay6,delay,6.0,4,16,40,10,1e-06,-0.014788293379898204,-0.018956603821098317,0.013258580352731364,0.00820189221309548
34,response_tables/trial_00034_hard_negative_structure_obs-empirical_prior-axis_edge_parallel_rel1x.npz,axis_edge_parallel,1.0,delay8,delay,8.0,4,16,40,10,1e-06,-0.017840246821492906,-0.022759463566279114,0.020145483339434972,0.008656727326240687
34,response_tables/trial_00034_hard_negative_structure_obs-empirical_prior-axis_edge_parallel_rel1x.npz,axis_edge_parallel,1.0,box2,boxcar,2.0,4,16,40,10,1e-06,-0.002504694453097589,-0.0027998115205405405,0.002090491409721118,0.028005101421090098
34,response_tables/trial_00034_hard_negative_structure_obs-empirical_prior-axis_edge_parallel_rel1x.npz,axis_edge_parallel,1.0,box4,boxcar,4.0,4,16,40,10,1e-06,-0.005899886645538421,-0.007512214829930697,0.0026013975105555753,0.02026891012992551
34,response_tables/trial_00034_hard_negative_structure_obs-empirical_prior-axis_edge_parallel_rel1x.npz,axis_edge_parallel,1.0,box8,boxcar,8.0,4,16,40,10,1e-06,-0.011497610920599616,-0.015780022330774468,0.006945584918757436,0.01132446342388821
34,response_tables/trial_00034_hard_negative_structure_obs-empirical_prior-axis_edge_parallel_rel1x.npz,axis_edge_parallel,1.0,ema0p25,ema,0.25,4,16,40,10,1e-06,-0.002103546575607129,-0.002243580553772717,0.002060622495091091,0.029750052321202987
34,response_tables/trial_00034_hard_negative_structure_obs-empirical_prior-axis_edge_parallel_rel1x.npz,axis_edge_parallel,1.0,ema0p50,ema,0.5,4,16,40,10,1e-06,-0.0037170942424911146,-0.004421308547367997,0.002445977139279104,0.021922813358731686
34,response_tables/trial_00034_hard_negative_structure_obs-empirical_prior-axis_edge_parallel_rel1x.npz,axis_edge_parallel,1.0,ema0p75,ema,0.75,4,16,40,10,1e-06,-0.008867670731313726,-0.012051401758612412,0.005839070427383963,0.016328411097941486
34,response_tables/trial_00034_hard_negative_structure_obs-empirical_prior-axis_edge_parallel_rel1x.npz,axis_edge_parallel,1.0,ema0p90,ema,0.9,4,16,40,10,1e-06,-0.02608534182321795,-0.039038203026043106,0.025652644963809257,0.005941691652029714
34,response_tables/trial_00034_hard_negative_structure_obs-empirical_prior-axis_edge_orthogonal_rel1x.npz,axis_edge_orthogonal,1.0,instant,delay,0.0,4,16,40,10,1e-06,-0.0013749969433145548,-0.0014237864874033779,0.0027919483250134214,0.016658625181389684
34,response_tables/trial_00034_hard_negative_structure_obs-empirical_prior-axis_edge_orthogonal_rel1x.npz,axis_edge_orthogonal,1.0,delay1,delay,1.0,4,16,40,10,1e-06,-0.003889919445297124,-0.005166124061703137,0.00260931660447028,0.015748664149534835
34,response_tables/trial_00034_hard_negative_structure_obs-empirical_prior-axis_edge_orthogonal_rel1x.npz,axis_edge_orthogonal,1.0,delay2,delay,2.0,4,16,40,10,1e-06,-0.007053066738385377,-0.00937987425382758,0.003061393173576371,0.02019870394624663
34,response_tables/trial_00034_hard_negative_structure_obs-empirical_prior-axis_edge_orthogonal_rel1x.npz,axis_edge_orthogonal,1.0,delay3,delay,3.0,4,16,40,10,1e-06,-0.01035718061345045,-0.013361488103291963,0.004106084276846694,0.01308503336513629
34,response_tables/trial_00034_hard_negative_structure_obs-empirical_prior-axis_edge_orthogonal_rel1x.npz,axis_edge_orthogonal,1.0,delay4,delay,4.0,4,16,40,10,1e-06,-0.011277927600938958,-0.015522726892602812,0.006598942368059385,0.012403969144140978
34,response_tables/trial_00034_hard_negative_structure_obs-empirical_prior-axis_edge_orthogonal_rel1x.npz,axis_edge_orthogonal,1.0,delay6,delay,6.0,4,16,40,10,1e-06,-0.011112372619335953,-0.018377062425654955,0.013850235608832001,0.011131255722996282
34,response_tables/trial_00034_hard_negative_structure_obs-empirical_prior-axis_edge_orthogonal_rel1x.npz,axis_edge_orthogonal,1.0,delay8,delay,8.0,4,16,40,10,1e-06,-0.013369369177015589,-0.02057221292265743,0.02073472986849864,0.008440353970149759
34,response_tables/trial_00034_hard_negative_structure_obs-empirical_prior-axis_edge_orthogonal_rel1x.npz,axis_edge_orthogonal,1.0,box2,boxcar,2.0,4,16,40,10,1e-06,-0.002469057687343623,-0.0032526110695069166,0.002815930560080032,0.015309314240495598
34,response_tables/trial_00034_hard_negative_structure_obs-empirical_prior-axis_edge_orthogonal_rel1x.npz,axis_edge_orthogonal,1.0,box4,boxcar,4.0,4,16,40,10,1e-06,-0.0057444181673678985,-0.008053364198197466,0.0032024068034349207,0.013486508583726853
34,response_tables/trial_00034_hard_negative_structure_obs-empirical_prior-axis_edge_orthogonal_rel1x.npz,axis_edge_orthogonal,1.0,box8,boxcar,8.0,4,16,40,10,1e-06,-0.010351212950568511,-0.0159416125306997,0.007340283385363466,0.015453682105148246
34,response_tables/trial_00034_hard_negative_structure_obs-empirical_prior-axis_edge_orthogonal_rel1x.npz,axis_edge_orthogonal,1.0,ema0p25,ema,0.25,4,16,40,10,1e-06,-0.0020323076970871767,-0.002623330693324988,0.002856572511216432,0.016293084042980598
34,response_tables/trial_00034_hard_negative_structure_obs-empirical_prior-axis_edge_orthogonal_rel1x.npz,axis_edge_orthogonal,1.0,ema0p50,ema,0.5,4,16,40,10,1e-06,-0.003649670188293236,-0.005132514247347286,0.003116474321555901,0.012996527971637695
34,response_tables/trial_00034_hard_negative_structure_obs-empirical_prior-axis_edge_orthogonal_rel1x.npz,axis_edge_orthogonal,1.0,ema0p75,ema,0.75,4,16,40,10,1e-06,-0.008251396038396058,-0.012668327161512338,0.006149332310927874,0.01720484105586103
34,response_tables/trial_00034_hard_negative_structure_obs-empirical_prior-axis_edge_orthogonal_rel1x.npz,axis_edge_orthogonal,1.0,ema0p90,ema,0.9,4,16,40,10,1e-06,-0.020099591652723625,-0.03527738992435858,0.02737289460517356,0.008179574801006565
35,response_tables/trial_00035_hard_negative_structure_obs-empirical_prior-axis_edge_parallel_rel2x.npz,axis_edge_parallel,2.0,instant,delay,0.0,4,16,40,10,1e-06,0.0026381628810923374,0.00424580187954271,0.004911628296640574,0.014234708735231793
35,response_tables/trial_00035_hard_negative_structure_obs-empirical_prior-axis_edge_parallel_rel2x.npz,axis_edge_parallel,2.0,delay1,delay,1.0,4,16,40,10,1e-06,0.006323978473510322,0.009546044100865736,0.010031814287619373,0.008948569681161297
35,response_tables/trial_00035_hard_negative_structure_obs-empirical_prior-axis_edge_parallel_rel2x.npz,axis_edge_parallel,2.0,delay2,delay,2.0,4,16,40,10,1e-06,0.010265687031489806,0.014908564965794457,0.015883177467423876,0.007082798463400642
35,response_tables/trial_00035_hard_negative_structure_obs-empirical_prior-axis_edge_parallel_rel2x.npz,axis_edge_parallel,2.0,delay3,delay,3.0,4,16,40,10,1e-06,0.01446253798497557,0.019184736737142993,0.022573426945727088,0.0045966547957910706
35,response_tables/trial_00035_hard_negative_structure_obs-empirical_prior-axis_edge_parallel_rel2x.npz,axis_edge_parallel,2.0,delay4,delay,4.0,4,16,40,10,1e-06,0.023099089879080575,0.027914514738524132,0.0328665893592541,0.0019908677988025518
35,response_tables/trial_00035_hard_negative_structure_obs-empirical_prior-axis_edge_parallel_rel2x.npz,axis_edge_parallel,2.0,delay6,delay,6.0,4,16,40,10,1e-06,0.045775236833155764,0.04841221586297417,0.06014979682091792,0.0013226797996862547
35,response_tables/trial_00035_hard_negative_structure_obs-empirical_prior-axis_edge_parallel_rel2x.npz,axis_edge_parallel,2.0,delay8,delay,8.0,4,16,40,10,1e-06,0.06908786511588563,0.07118185051770687,0.08655384895297677,0.0018074540052979951
35,response_tables/trial_00035_hard_negative_structure_obs-empirical_prior-axis_edge_parallel_rel2x.npz,axis_edge_parallel,2.0,box2,boxcar,2.0,4,16,40,10,1e-06,0.00484458905176377,0.007414684677662764,0.007887487964798767,0.0099848242519508
35,response_tables/trial_00035_hard_negative_structure_obs-empirical_prior-axis_edge_parallel_rel2x.npz,axis_edge_parallel,2.0,box4,boxcar,4.0,4,16,40,10,1e-06,0.0093419972875044,0.014059901481225212,0.014286432887707146,0.006891644916158263
35,response_tables/trial_00035_hard_negative_structure_obs-empirical_prior-axis_edge_parallel_rel2x.npz,axis_edge_parallel,2.0,box8,boxcar,8.0,4,16,40,10,1e-06,0.02576067834452661,0.03559705391353141,0.03499897617421699,0.0037120159771536275
35,response_tables/trial_00035_hard_negative_structure_obs-empirical_prior-axis_edge_parallel_rel2x.npz,axis_edge_parallel,2.0,ema0p25,ema,0.25,4,16,40,10,1e-06,0.004041523186261886,0.006307478688207857,0.006825632705935503,0.011079332684046747
35,response_tables/trial_00035_hard_negative_structure_obs-empirical_prior-axis_edge_parallel_rel2x.npz,axis_edge_parallel,2.0,ema0p50,ema,0.5,4,16,40,10,1e-06,0.0073596367332615376,0.011079298352160927,0.011161104302183977,0.008073331829860418
35,response_tables/trial_00035_hard_negative_structure_obs-empirical_prior-axis_edge_parallel_rel2x.npz,axis_edge_parallel,2.0,ema0p75,ema,0.75,4,16,40,10,1e-06,0.024363392419327834,0.03035071232118791,0.03121140009210549,0.0033554829921310144
35,response_tables/trial_00035_hard_negative_structure_obs-empirical_prior-axis_edge_parallel_rel2x.npz,axis_edge_parallel,2.0,ema0p90,ema,0.9,4,16,40,10,1e-06,0.10533782173732911,0.10042256091682372,0.12273192665007379,0.0012290039085999316
35,response_tables/trial_00035_hard_negative_structure_obs-empirical_prior-axis_edge_orthogonal_rel2x.npz,axis_edge_orthogonal,2.0,instant,delay,0.0,4,16,40,10,1e-06,0.005605995243945866,0.005662196239016204,0.008091396457890476,0.013627165958784429
35,response_tables/trial_00035_hard_negative_structure_obs-empirical_prior-axis_edge_orthogonal_rel2x.npz,axis_edge_orthogonal,2.0,delay1,delay,1.0,4,16,40,10,1e-06,0.010561608468453443,0.011460992852947716,0.01408942847561484,0.007447993479587762
35,response_tables/trial_00035_hard_negative_structure_obs-empirical_prior-axis_edge_orthogonal_rel2x.npz,axis_edge_orthogonal,2.0,delay2,delay,2.0,4,16,40,10,1e-06,0.015819304036733872,0.017893697995215563,0.020667547369344452,0.00533109801846601
35,response_tables/trial_00035_hard_negative_structure_obs-empirical_prior-axis_edge_orthogonal_rel2x.npz,axis_edge_orthogonal,2.0,delay3,delay,3.0,4,16,40,10,1e-06,0.020903325950319213,0.022849370752910103,0.027641755896772147,0.003133477107139981
35,response_tables/trial_00035_hard_negative_structure_obs-empirical_prior-axis_edge_orthogonal_rel2x.npz,axis_edge_orthogonal,2.0,delay4,delay,4.0,4,16,40,10,1e-06,0.02757959403837945,0.031206299473699795,0.03571855736392068,0.0012224700270044928
35,response_tables/trial_00035_hard_negative_structure_obs-empirical_prior-axis_edge_orthogonal_rel2x.npz,axis_edge_orthogonal,2.0,delay6,delay,6.0,4,16,40,10,1e-06,0.045630383745136116,0.04986618457640435,0.057215850549861336,0.0019715708958659025
35,response_tables/trial_00035_hard_negative_structure_obs-empirical_prior-axis_edge_orthogonal_rel2x.npz,axis_edge_orthogonal,2.0,delay8,delay,8.0,4,16,40,10,1e-06,0.06372476314810746,0.06916012876213046,0.07778678516961915,0.0020363942793028456
35,response_tables/trial_00035_hard_negative_structure_obs-empirical_prior-axis_edge_orthogonal_rel2x.npz,axis_edge_orthogonal,2.0,box2,boxcar,2.0,4,16,40,10,1e-06,0.008875244958532258,0.009455103658614461,0.011853207102487967,0.009156027058784249
35,response_tables/trial_00035_hard_negative_structure_obs-empirical_prior-axis_edge_orthogonal_rel2x.npz,axis_edge_orthogonal,2.0,box4,boxcar,4.0,4,16,40,10,1e-06,0.014924103159487223,0.016921763633674702,0.01924941670845895,0.005730892509866728
35,response_tables/trial_00035_hard_negative_structure_obs-empirical_prior-axis_edge_orthogonal_rel2x.npz,axis_edge_orthogonal,2.0,box8,boxcar,8.0,4,16,40,10,1e-06,0.030754745403019396,0.03788749652199447,0.03834631709038644,0.003446365751033932
35,response_tables/trial_00035_hard_negative_structure_obs-empirical_prior-axis_edge_orthogonal_rel2x.npz,axis_edge_orthogonal,2.0,ema0p25,ema,0.25,4,16,40,10,1e-06,0.007759563850274709,0.008139104188597035,0.010560219228991835,0.010508589194571757
35,response_tables/trial_00035_hard_negative_structure_obs-empirical_prior-axis_edge_orthogonal_rel2x.npz,axis_edge_orthogonal,2.0,ema0p50,ema,0.5,4,16,40,10,1e-06,0.012137755448329207,0.013222770818779261,0.015571548350360842,0.007177272223115422
35,response_tables/trial_00035_hard_negative_structure_obs-empirical_prior-axis_edge_orthogonal_rel2x.npz,axis_edge_orthogonal,2.0,ema0p75,ema,0.75,4,16,40,10,1e-06,0.029763539961220498,0.032773671230968304,0.035106170938808995,0.002375679964737247
35,response_tables/trial_00035_hard_negative_structure_obs-empirical_prior-axis_edge_orthogonal_rel2x.npz,axis_edge_orthogonal,2.0,ema0p90,ema,0.9,4,16,40,10,1e-06,0.09647776464177477,0.09642956477498982,0.11155731459332588,0.0011534703597841397
36,response_tables/trial_00036_hard_negative_structure_obs-empirical_prior-axis_edge_parallel_rel0p5x.npz,axis_edge_parallel,0.5,instant,delay,0.0,4,16,40,10,1e-06,-0.0015121491546974952,-0.001935531265476631,0.0016536882526935193,0.007830428535576344
36,response_tables/trial_00036_hard_negative_structure_obs-empirical_prior-axis_edge_parallel_rel0p5x.npz,axis_edge_parallel,0.5,delay1,delay,1.0,4,16,40,10,1e-06,-0.0023629335912542515,-0.0022394860783069293,0.002935791876257393,0.0051581620948135
36,response_tables/trial_00036_hard_negative_structure_obs-empirical_prior-axis_edge_parallel_rel0p5x.npz,axis_edge_parallel,0.5,delay2,delay,2.0,4,16,40,10,1e-06,-0.004368256033500328,-0.0034605510051671784,0.005029117902239755,0.004138207039166213
36,response_tables/trial_00036_hard_negative_structure_obs-empirical_prior-axis_edge_parallel_rel0p5x.npz,axis_edge_parallel,0.5,delay3,delay,3.0,4,16,40,10,1e-06,-0.008225619088280955,-0.0056999980204428535,0.007937736222321828,0.005048808815440032
36,response_tables/trial_00036_hard_negative_structure_obs-empirical_prior-axis_edge_parallel_rel0p5x.npz,axis_edge_parallel,0.5,delay4,delay,4.0,4,16,40,10,1e-06,-0.011677791954772782,-0.006739600944411395,0.013107869657792731,0.0026007878501455054
36,response_tables/trial_00036_hard_negative_structure_obs-empirical_prior-axis_edge_parallel_rel0p5x.npz,axis_edge_parallel,0.5,delay6,delay,6.0,4,16,40,10,1e-06,-0.02108527915165498,-0.010582323386190917,0.02673590965631059,0.002357277860203892
36,response_tables/trial_00036_hard_negative_structure_obs-empirical_prior-axis_edge_parallel_rel0p5x.npz,axis_edge_parallel,0.5,delay8,delay,8.0,4,16,40,10,1e-06,-0.029748072229891842,-0.013710074468327837,0.04489711703689994,0.002117464391771633
36,response_tables/trial_00036_hard_negative_structure_obs-empirical_prior-axis_edge_parallel_rel0p5x.npz,axis_edge_parallel,0.5,box2,boxcar,2.0,4,16,40,10,1e-06,-0.0018532068517636557,-0.0020375068364458793,0.0022710329653427563,0.006298607043539538
36,response_tables/trial_00036_hard_negative_structure_obs-empirical_prior-axis_edge_parallel_rel0p5x.npz,axis_edge_parallel,0.5,box4,boxcar,4.0,4,16,40,10,1e-06,-0.0036332260472144717,-0.0028762109227202792,0.004142681025746525,0.003983590137479628
36,response_tables/trial_00036_hard_negative_structure_obs-empirical_prior-axis_edge_parallel_rel0p5x.npz,axis_edge_parallel,0.5,box8,boxcar,8.0,4,16,40,10,1e-06,-0.010421196777156305,-0.0058587413720894155,0.012280849474645361,0.002320766405195429
36,response_tables/trial_00036_hard_negative_structure_obs-empirical_prior-axis_edge_parallel_rel0p5x.npz,axis_edge_parallel,0.5,ema0p25,ema,0.25,4,16,40,10,1e-06,-0.0017035060550410486,-0.0019821314683060587,0.0020738481652292917,0.006784430720611705
36,response_tables/trial_00036_hard_negative_structure_obs-empirical_prior-axis_edge_parallel_rel0p5x.npz,axis_edge_parallel,0.5,ema0p50,ema,0.5,4,16,40,10,1e-06,-0.0023471615569864435,-0.0020467782173411164,0.003309341750506012,0.004779102387675751
36,response_tables/trial_00036_hard_negative_structure_obs-empirical_prior-axis_edge_parallel_rel0p5x.npz,axis_edge_parallel,0.5,ema0p75,ema,0.75,4,16,40,10,1e-06,-0.006942663663181303,-0.0038530137782392115,0.011103577429884909,0.002481380104353645
36,response_tables/trial_00036_hard_negative_structure_obs-empirical_prior-axis_edge_parallel_rel0p5x.npz,axis_edge_parallel,0.5,ema0p90,ema,0.9,4,16,40,10,1e-06,-0.029386556325399715,-0.0104631164101745,0.060564151961198215,0.0006589632215929237
36,response_tables/trial_00036_hard_negative_structure_obs-empirical_prior-axis_edge_orthogonal_rel0p5x.npz,axis_edge_orthogonal,0.5,instant,delay,0.0,4,16,40,10,1e-06,0.0003021711303141106,0.0006014012136547064,0.0036573554345133152,0.003511197037136011
36,response_tables/trial_00036_hard_negative_structure_obs-empirical_prior-axis_edge_orthogonal_rel0p5x.npz,axis_edge_orthogonal,0.5,delay1,delay,1.0,4,16,40,10,1e-06,0.0011258715481198,0.0010528567616198137,0.005602321659387038,0.0034787565090493005
36,response_tables/trial_00036_hard_negative_structure_obs-empirical_prior-axis_edge_orthogonal_rel0p5x.npz,axis_edge_orthogonal,0.5,delay2,delay,2.0,4,16,40,10,1e-06,0.0006355183530010189,0.002136274808624661,0.007984306587683454,0.0038057705012293063
36,response_tables/trial_00036_hard_negative_structure_obs-empirical_prior-axis_edge_orthogonal_rel0p5x.npz,axis_edge_orthogonal,0.5,delay3,delay,3.0,4,16,40,10,1e-06,-0.0018012095559659658,0.001861512627591544,0.01094639704075906,0.003522504399664263
36,response_tables/trial_00036_hard_negative_structure_obs-empirical_prior-axis_edge_orthogonal_rel0p5x.npz,axis_edge_orthogonal,0.5,delay4,delay,4.0,4,16,40,10,1e-06,-0.004514373707945468,0.001506075931515749,0.015413634302272744,0.00219066848271773
36,response_tables/trial_00036_hard_negative_structure_obs-empirical_prior-axis_edge_orthogonal_rel0p5x.npz,axis_edge_orthogonal,0.5,delay6,delay,6.0,4,16,40,10,1e-06,-0.01483426419577949,-0.005655081931707828,0.0266957802711561,0.001055294981462608
36,response_tables/trial_00036_hard_negative_structure_obs-empirical_prior-axis_edge_orthogonal_rel0p5x.npz,axis_edge_orthogonal,0.5,delay8,delay,8.0,4,16,40,10,1e-06,-0.025433260835453053,-0.013928303507393491,0.042188270942757095,0.001869348334132683
36,response_tables/trial_00036_hard_negative_structure_obs-empirical_prior-axis_edge_orthogonal_rel0p5x.npz,axis_edge_orthogonal,0.5,box2,boxcar,2.0,4,16,40,10,1e-06,0.0009118234986527085,0.0007102100716688264,0.004697490818268785,0.003284218307761193
36,response_tables/trial_00036_hard_negative_structure_obs-empirical_prior-axis_edge_orthogonal_rel0p5x.npz,axis_edge_orthogonal,0.5,box4,boxcar,4.0,4,16,40,10,1e-06,0.0009164206977010925,0.0017188546449277697,0.007079983240771359,0.003054345039936831
36,response_tables/trial_00036_hard_negative_structure_obs-empirical_prior-axis_edge_orthogonal_rel0p5x.npz,axis_edge_orthogonal,0.5,box8,boxcar,8.0,4,16,40,10,1e-06,-0.0031491684031738354,0.0017422233677046872,0.014964863513988985,0.0015578232755211257
36,response_tables/trial_00036_hard_negative_structure_obs-empirical_prior-axis_edge_orthogonal_rel0p5x.npz,axis_edge_orthogonal,0.5,ema0p25,ema,0.25,4,16,40,10,1e-06,0.0007573196992109177,0.0007656338197156165,0.004363445801107035,0.0032957797423405033
36,response_tables/trial_00036_hard_negative_structure_obs-empirical_prior-axis_edge_orthogonal_rel0p5x.npz,axis_edge_orthogonal,0.5,ema0p50,ema,0.5,4,16,40,10,1e-06,0.0013808534279993456,0.0014040986693988344,0.006022082513016447,0.0029072275488173883
36,response_tables/trial_00036_hard_negative_structure_obs-empirical_prior-axis_edge_orthogonal_rel0p5x.npz,axis_edge_orthogonal,0.5,ema0p75,ema,0.75,4,16,40,10,1e-06,0.0002705116033401289,0.004137927254082796,0.014202574604329443,0.0019471491642472699
36,response_tables/trial_00036_hard_negative_structure_obs-empirical_prior-axis_edge_orthogonal_rel0p5x.npz,axis_edge_orthogonal,0.5,ema0p90,ema,0.9,4,16,40,10,1e-06,-0.02165250623888393,-0.004785497525520266,0.05692550298783078,0.0005470645953597209
37,response_tables/trial_00037_hard_negative_structure_obs-empirical_prior-axis_edge_parallel_rel1x.npz,axis_edge_parallel,1.0,instant,delay,0.0,4,16,40,10,1e-06,0.0005926277187232321,0.001354737960979624,0.002583451128971681,0.014384197253475662
37,response_tables/trial_00037_hard_negative_structure_obs-empirical_prior-axis_edge_parallel_rel1x.npz,axis_edge_parallel,1.0,delay1,delay,1.0,4,16,40,10,1e-06,0.002532913603103787,0.0024011852638498588,0.004474088315564839,0.009698951990149824
37,response_tables/trial_00037_hard_negative_structure_obs-empirical_prior-axis_edge_parallel_rel1x.npz,axis_edge_parallel,1.0,delay2,delay,2.0,4,16,40,10,1e-06,0.0042180967283493576,0.0029967079525030083,0.006567171834611946,0.010642095488463486
37,response_tables/trial_00037_hard_negative_structure_obs-empirical_prior-axis_edge_parallel_rel1x.npz,axis_edge_parallel,1.0,delay3,delay,3.0,4,16,40,10,1e-06,0.006037776740221157,0.003669428221644011,0.00904711572820624,0.009305778359122588
37,response_tables/trial_00037_hard_negative_structure_obs-empirical_prior-axis_edge_parallel_rel1x.npz,axis_edge_parallel,1.0,delay4,delay,4.0,4,16,40,10,1e-06,0.007458622782299057,0.003345273335942922,0.011999577049741444,0.009585584553627968
37,response_tables/trial_00037_hard_negative_structure_obs-empirical_prior-axis_edge_parallel_rel1x.npz,axis_edge_parallel,1.0,delay6,delay,6.0,4,16,40,10,1e-06,0.005921557110852987,-0.0025646916070301007,0.016569272642088156,0.01366317251911905
37,response_tables/trial_00037_hard_negative_structure_obs-empirical_prior-axis_edge_parallel_rel1x.npz,axis_edge_parallel,1.0,delay8,delay,8.0,4,16,40,10,1e-06,0.0025844734891254384,-0.010218754082588433,0.0218486219051012,0.02234727413072909
37,response_tables/trial_00037_hard_negative_structure_obs-empirical_prior-axis_edge_parallel_rel1x.npz,axis_edge_parallel,1.0,box2,boxcar,2.0,4,16,40,10,1e-06,0.0015459971234438041,0.001940616195439504,0.003552736653046229,0.01058932548526444
37,response_tables/trial_00037_hard_negative_structure_obs-empirical_prior-axis_edge_parallel_rel1x.npz,axis_edge_parallel,1.0,box4,boxcar,4.0,4,16,40,10,1e-06,0.0033820683992959177,0.0028308029731319295,0.005692848474040113,0.00918336612940305
37,response_tables/trial_00037_hard_negative_structure_obs-empirical_prior-axis_edge_parallel_rel1x.npz,axis_edge_parallel,1.0,box8,boxcar,8.0,4,16,40,10,1e-06,0.005619546098045575,0.0018495895356300807,0.010710222247474421,0.010494429834618901
37,response_tables/trial_00037_hard_negative_structure_obs-empirical_prior-axis_edge_parallel_rel1x.npz,axis_edge_parallel,1.0,ema0p25,ema,0.25,4,16,40,10,1e-06,0.001179442013521853,0.0017282826984745259,0.003197440456991163,0.011548618012164006
37,response_tables/trial_00037_hard_negative_structure_obs-empirical_prior-axis_edge_parallel_rel1x.npz,axis_edge_parallel,1.0,ema0p50,ema,0.5,4,16,40,10,1e-06,0.0023020857235236947,0.0022583140044019623,0.0044950177975570105,0.008640360282643627
37,response_tables/trial_00037_hard_negative_structure_obs-empirical_prior-axis_edge_parallel_rel1x.npz,axis_edge_parallel,1.0,ema0p75,ema,0.75,4,16,40,10,1e-06,0.004675724013557592,0.001767116077308284,0.00916089067334902,0.00958574110533426
37,response_tables/trial_00037_hard_negative_structure_obs-empirical_prior-axis_edge_parallel_rel1x.npz,axis_edge_parallel,1.0,ema0p90,ema,0.9,4,16,40,10,1e-06,0.005693755213461077,-0.01083537448376548,0.029029682281083435,0.008151810148068117
37,response_tables/trial_00037_hard_negative_structure_obs-empirical_prior-axis_edge_orthogonal_rel1x.npz,axis_edge_orthogonal,1.0,instant,delay,0.0,4,16,40,10,1e-06,0.0043689134107732785,0.0035989063819773515,0.006387852076183975,0.009536697043950635
37,response_tables/trial_00037_hard_negative_structure_obs-empirical_prior-axis_edge_orthogonal_rel1x.npz,axis_edge_orthogonal,1.0,delay1,delay,1.0,4,16,40,10,1e-06,0.005479832224033893,0.004861253798083109,0.00744510295819184,0.00723500641451391
37,response_tables/trial_00037_hard_negative_structure_obs-empirical_prior-axis_edge_orthogonal_rel1x.npz,axis_edge_orthogonal,1.0,delay2,delay,2.0,4,16,40,10,1e-06,0.006126840302821318,0.006245758865493445,0.008479569992230901,0.006508215635417393
37,response_tables/trial_00037_hard_negative_structure_obs-empirical_prior-axis_edge_orthogonal_rel1x.npz,axis_edge_orthogonal,1.0,delay3,delay,3.0,4,16,40,10,1e-06,0.007382078270884801,0.008432018656903129,0.010197926692654097,0.004220295622275749
37,response_tables/trial_00037_hard_negative_structure_obs-empirical_prior-axis_edge_orthogonal_rel1x.npz,axis_edge_orthogonal,1.0,delay4,delay,4.0,4,16,40,10,1e-06,0.007091007644373509,0.006749715338539186,0.011050008855541887,0.004927558152640063
37,response_tables/trial_00037_hard_negative_structure_obs-empirical_prior-axis_edge_orthogonal_rel1x.npz,axis_edge_orthogonal,1.0,delay6,delay,6.0,4,16,40,10,1e-06,0.002743325329026547,-0.0024881575456726646,0.011805188304752384,0.013631106098582858
37,response_tables/trial_00037_hard_negative_structure_obs-empirical_prior-axis_edge_orthogonal_rel1x.npz,axis_edge_orthogonal,1.0,delay8,delay,8.0,4,16,40,10,1e-06,-0.0007827505171869586,-0.0094708553508841,0.015582703971346173,0.055867848362760014
37,response_tables/trial_00037_hard_negative_structure_obs-empirical_prior-axis_edge_orthogonal_rel1x.npz,axis_edge_orthogonal,1.0,box2,boxcar,2.0,4,16,40,10,1e-06,0.0050237568412352385,0.004034312212664648,0.007100213051934923,0.007582974238421812
37,response_tables/trial_00037_hard_negative_structure_obs-empirical_prior-axis_edge_orthogonal_rel1x.npz,axis_edge_orthogonal,1.0,box4,boxcar,4.0,4,16,40,10,1e-06,0.0060318340089436095,0.005653443156648341,0.008453623027523172,0.006423952296755532
37,response_tables/trial_00037_hard_negative_structure_obs-empirical_prior-axis_edge_orthogonal_rel1x.npz,axis_edge_orthogonal,1.0,box8,boxcar,8.0,4,16,40,10,1e-06,0.005323395109503581,0.004943624053968809,0.01010327683017262,0.006455224779017153
37,response_tables/trial_00037_hard_negative_structure_obs-empirical_prior-axis_edge_orthogonal_rel1x.npz,axis_edge_orthogonal,1.0,ema0p25,ema,0.25,4,16,40,10,1e-06,0.004781225960020757,0.003859680811446886,0.006871542553126442,0.007808677324770289
37,response_tables/trial_00037_hard_negative_structure_obs-empirical_prior-axis_edge_orthogonal_rel1x.npz,axis_edge_orthogonal,1.0,ema0p50,ema,0.5,4,16,40,10,1e-06,0.005308259496992596,0.004606047156026083,0.0076029099562694435,0.006428154951094885
37,response_tables/trial_00037_hard_negative_structure_obs-empirical_prior-axis_edge_orthogonal_rel1x.npz,axis_edge_orthogonal,1.0,ema0p75,ema,0.75,4,16,40,10,1e-06,0.00506023895120028,0.0054998262426789735,0.009249748996106671,0.005686444983394002
37,response_tables/trial_00037_hard_negative_structure_obs-empirical_prior-axis_edge_orthogonal_rel1x.npz,axis_edge_orthogonal,1.0,ema0p90,ema,0.9,4,16,40,10,1e-06,0.0018375716832034483,-0.007823794882517943,0.021483062872934416,0.021765713308414085
38,response_tables/trial_00038_hard_negative_structure_obs-empirical_prior-axis_edge_parallel_rel2x.npz,axis_edge_parallel,2.0,instant,delay,0.0,4,16,40,10,1e-06,0.0006465281050981597,0.0006006594357239603,0.0022347162237939533,0.017555620438352494
38,response_tables/trial_00038_hard_negative_structure_obs-empirical_prior-axis_edge_parallel_rel2x.npz,axis_edge_parallel,2.0,delay1,delay,1.0,4,16,40,10,1e-06,0.002108143923776451,0.0022664658400833315,0.004465656214429209,0.006861951849817179
38,response_tables/trial_00038_hard_negative_structure_obs-empirical_prior-axis_edge_parallel_rel2x.npz,axis_edge_parallel,2.0,delay2,delay,2.0,4,16,40,10,1e-06,0.002435892397451511,0.002562178260900827,0.006060330163375344,0.006858302370058382
38,response_tables/trial_00038_hard_negative_structure_obs-empirical_prior-axis_edge_parallel_rel2x.npz,axis_edge_parallel,2.0,delay3,delay,3.0,4,16,40,10,1e-06,0.0031434864401725937,0.004311143487068125,0.008377762241354614,0.00508082452638973
38,response_tables/trial_00038_hard_negative_structure_obs-empirical_prior-axis_edge_parallel_rel2x.npz,axis_edge_parallel,2.0,delay4,delay,4.0,4,16,40,10,1e-06,0.004040917135892413,0.0069436442458324366,0.012086578168868267,0.0035801686944782266
38,response_tables/trial_00038_hard_negative_structure_obs-empirical_prior-axis_edge_parallel_rel2x.npz,axis_edge_parallel,2.0,delay6,delay,6.0,4,16,40,10,1e-06,-0.0037744230089002406,0.0076115522837730265,0.013423059114815283,0.0033727863753578195
38,response_tables/trial_00038_hard_negative_structure_obs-empirical_prior-axis_edge_parallel_rel2x.npz,axis_edge_parallel,2.0,delay8,delay,8.0,4,16,40,10,1e-06,-0.012776996669425084,0.010161596246546944,0.01545783962386299,0.003063187278023542
38,response_tables/trial_00038_hard_negative_structure_obs-empirical_prior-axis_edge_parallel_rel2x.npz,axis_edge_parallel,2.0,box2,boxcar,2.0,4,16,40,10,1e-06,0.001545840540566168,0.0016935066239079921,0.0035346712723176577,0.010309512685364576
38,response_tables/trial_00038_hard_negative_structure_obs-empirical_prior-axis_edge_parallel_rel2x.npz,axis_edge_parallel,2.0,box4,boxcar,4.0,4,16,40,10,1e-06,0.0023646887740543243,0.002484445477693331,0.005759331704311338,0.005745624673411944
38,response_tables/trial_00038_hard_negative_structure_obs-empirical_prior-axis_edge_parallel_rel2x.npz,axis_edge_parallel,2.0,box8,boxcar,8.0,4,16,40,10,1e-06,0.00027429367181611153,0.003738635100919374,0.009536260835298044,0.002728585935209136
38,response_tables/trial_00038_hard_negative_structure_obs-empirical_prior-axis_edge_parallel_rel2x.npz,axis_edge_parallel,2.0,ema0p25,ema,0.25,4,16,40,10,1e-06,0.0011729478224871692,0.0013185357070246706,0.0029935332574732854,0.01272665793918759
38,response_tables/trial_00038_hard_negative_structure_obs-empirical_prior-axis_edge_parallel_rel2x.npz,axis_edge_parallel,2.0,ema0p50,ema,0.5,4,16,40,10,1e-06,0.001849700774878421,0.001791617728825412,0.004435422645475806,0.007241312664976001
38,response_tables/trial_00038_hard_negative_structure_obs-empirical_prior-axis_edge_parallel_rel2x.npz,axis_edge_parallel,2.0,ema0p75,ema,0.75,4,16,40,10,1e-06,0.0011140283832108966,0.0046295353922294336,0.008827974223296148,0.002400592038467482
38,response_tables/trial_00038_hard_negative_structure_obs-empirical_prior-axis_edge_parallel_rel2x.npz,axis_edge_parallel,2.0,ema0p90,ema,0.9,4,16,40,10,1e-06,-0.012577956202816237,0.019156626759623985,0.026642308558451178,0.001534694039233351
38,response_tables/trial_00038_hard_negative_structure_obs-empirical_prior-axis_edge_orthogonal_rel2x.npz,axis_edge_orthogonal,2.0,instant,delay,0.0,4,16,40,10,1e-06,0.0006592475071622028,0.0005543844034144318,0.002820046644253532,0.008175077125896772
38,response_tables/trial_00038_hard_negative_structure_obs-empirical_prior-axis_edge_orthogonal_rel2x.npz,axis_edge_orthogonal,2.0,delay1,delay,1.0,4,16,40,10,1e-06,0.0030119284739267838,0.002602129112328211,0.005776739752522769,0.0020474879424627604
38,response_tables/trial_00038_hard_negative_structure_obs-empirical_prior-axis_edge_orthogonal_rel2x.npz,axis_edge_orthogonal,2.0,delay2,delay,2.0,4,16,40,10,1e-06,0.004384739785949082,0.0036412042435197134,0.007978569148755471,0.003223016468300189
38,response_tables/trial_00038_hard_negative_structure_obs-empirical_prior-axis_edge_orthogonal_rel2x.npz,axis_edge_orthogonal,2.0,delay3,delay,3.0,4,16,40,10,1e-06,0.005462265576306469,0.004274125535182194,0.010271201265016544,0.0031563571005914347
38,response_tables/trial_00038_hard_negative_structure_obs-empirical_prior-axis_edge_orthogonal_rel2x.npz,axis_edge_orthogonal,2.0,delay4,delay,4.0,4,16,40,10,1e-06,0.005594934009377911,0.006402901151085161,0.012166186478803603,0.0033626920567127526
38,response_tables/trial_00038_hard_negative_structure_obs-empirical_prior-axis_edge_orthogonal_rel2x.npz,axis_edge_orthogonal,2.0,delay6,delay,6.0,4,16,40,10,1e-06,-0.0005610733196836915,0.005361846630115297,0.013029174301435631,0.0022476663103756078
38,response_tables/trial_00038_hard_negative_structure_obs-empirical_prior-axis_edge_orthogonal_rel2x.npz,axis_edge_orthogonal,2.0,delay8,delay,8.0,4,16,40,10,1e-06,-0.007315627252142409,0.00723861828082617,0.014033728618747826,0.00235792648305691
38,response_tables/trial_00038_hard_negative_structure_obs-empirical_prior-axis_edge_orthogonal_rel2x.npz,axis_edge_orthogonal,2.0,box2,boxcar,2.0,4,16,40,10,1e-06,0.0020971318865121713,0.0017884033345165196,0.004600416408101327,0.0035337142079186253
38,response_tables/trial_00038_hard_negative_structure_obs-empirical_prior-axis_edge_orthogonal_rel2x.npz,axis_edge_orthogonal,2.0,box4,boxcar,4.0,4,16,40,10,1e-06,0.003978648201535873,0.003319973927389974,0.007463751193902579,0.002142762371220985
38,response_tables/trial_00038_hard_negative_structure_obs-empirical_prior-axis_edge_orthogonal_rel2x.npz,axis_edge_orthogonal,2.0,box8,boxcar,8.0,4,16,40,10,1e-06,0.0033277430428353127,0.0031097186623936235,0.010884816620389232,0.0018138906344333959
38,response_tables/trial_00038_hard_negative_structure_obs-empirical_prior-axis_edge_orthogonal_rel2x.npz,axis_edge_orthogonal,2.0,ema0p25,ema,0.25,4,16,40,10,1e-06,0.0015107380562602024,0.0013004094676334899,0.00387076571749001,0.004944909620944402
38,response_tables/trial_00038_hard_negative_structure_obs-empirical_prior-axis_edge_orthogonal_rel2x.npz,axis_edge_orthogonal,2.0,ema0p50,ema,0.5,4,16,40,10,1e-06,0.002827540307749843,0.0022994629347248274,0.00571063178023265,0.0025034788178470314
38,response_tables/trial_00038_hard_negative_structure_obs-empirical_prior-axis_edge_orthogonal_rel2x.npz,axis_edge_orthogonal,2.0,ema0p75,ema,0.75,4,16,40,10,1e-06,0.003873022414457944,0.004062200183123699,0.010300430941005467,0.0016069095684347343
38,response_tables/trial_00038_hard_negative_structure_obs-empirical_prior-axis_edge_orthogonal_rel2x.npz,axis_edge_orthogonal,2.0,ema0p90,ema,0.9,4,16,40,10,1e-06,-0.005771221111272984,0.01319258107436494,0.02487099229035772,0.0012088269761496764
39,response_tables/trial_00039_hard_negative_structure_obs-empirical_prior-axis_edge_parallel_rel0p5x.npz,axis_edge_parallel,0.5,instant,delay,0.0,4,16,40,10,1e-06,0.001694268971992735,0.001347254773842621,0.004407726105084775,0.0012438759029786777
39,response_tables/trial_00039_hard_negative_structure_obs-empirical_prior-axis_edge_parallel_rel0p5x.npz,axis_edge_parallel,0.5,delay1,delay,1.0,4,16,40,10,1e-06,0.002109220681628776,0.0015377474532060065,0.005772436510663531,0.001600206720468351
39,response_tables/trial_00039_hard_negative_structure_obs-empirical_prior-axis_edge_parallel_rel0p5x.npz,axis_edge_parallel,0.5,delay2,delay,2.0,4,16,40,10,1e-06,0.0024537824920995155,0.002087359688363044,0.007522379489328435,0.002060210853417688
39,response_tables/trial_00039_hard_negative_structure_obs-empirical_prior-axis_edge_parallel_rel0p5x.npz,axis_edge_parallel,0.5,delay3,delay,3.0,4,16,40,10,1e-06,0.0012349675253600367,0.0009823946739609402,0.008486364228247306,0.0030546269985877077
39,response_tables/trial_00039_hard_negative_structure_obs-empirical_prior-axis_edge_parallel_rel0p5x.npz,axis_edge_parallel,0.5,delay4,delay,4.0,4,16,40,10,1e-06,-0.0019537540919911667,-0.002822971538379959,0.008391873753758189,0.004281231924915569
39,response_tables/trial_00039_hard_negative_structure_obs-empirical_prior-axis_edge_parallel_rel0p5x.npz,axis_edge_parallel,0.5,delay6,delay,6.0,4,16,40,10,1e-06,-0.011347425836190361,-0.005969080875958044,0.008701601593590652,0.012939884503067843
39,response_tables/trial_00039_hard_negative_structure_obs-empirical_prior-axis_edge_parallel_rel0p5x.npz,axis_edge_parallel,0.5,delay8,delay,8.0,4,16,40,10,1e-06,-0.019366364042244844,-0.0060661546570977,0.011827210152826811,0.00504116836247211
39,response_tables/trial_00039_hard_negative_structure_obs-empirical_prior-axis_edge_parallel_rel0p5x.npz,axis_edge_parallel,0.5,box2,boxcar,2.0,4,16,40,10,1e-06,0.0019936411616550964,0.0015717406334723183,0.005232228184175597,0.0013173502341644588
39,response_tables/trial_00039_hard_negative_structure_obs-empirical_prior-axis_edge_parallel_rel0p5x.npz,axis_edge_parallel,0.5,box4,boxcar,4.0,4,16,40,10,1e-06,0.002035803182015017,0.0018084894490530967,0.0068776379793126785,0.0014413555120615957
39,response_tables/trial_00039_hard_negative_structure_obs-empirical_prior-axis_edge_parallel_rel0p5x.npz,axis_edge_parallel,0.5,box8,boxcar,8.0,4,16,40,10,1e-06,-0.004223931589090957,-0.005058118726905092,0.007559318268913456,0.0025019784314967847
39,response_tables/trial_00039_hard_negative_structure_obs-empirical_prior-axis_edge_parallel_rel0p5x.npz,axis_edge_parallel,0.5,ema0p25,ema,0.25,4,16,40,10,1e-06,0.0018868999417825105,0.0015466770321058143,0.00497438476640874,0.0012566876294212365
39,response_tables/trial_00039_hard_negative_structure_obs-empirical_prior-axis_edge_parallel_rel0p5x.npz,axis_edge_parallel,0.5,ema0p50,ema,0.5,4,16,40,10,1e-06,0.0017595523177112438,0.0015279908583772928,0.005807494977265931,0.0014362157587090901
39,response_tables/trial_00039_hard_negative_structure_obs-empirical_prior-axis_edge_parallel_rel0p5x.npz,axis_edge_parallel,0.5,ema0p75,ema,0.75,4,16,40,10,1e-06,-0.0021577196687340428,-0.00310384233305927,0.007205943170718654,0.0037996058154883654
39,response_tables/trial_00039_hard_negative_structure_obs-empirical_prior-axis_edge_parallel_rel0p5x.npz,axis_edge_parallel,0.5,ema0p90,ema,0.9,4,16,40,10,1e-06,-0.024834903122293805,-0.008117531983821036,0.015116752971855968,0.004073723972013088
39,response_tables/trial_00039_hard_negative_structure_obs-empirical_prior-axis_edge_orthogonal_rel0p5x.npz,axis_edge_orthogonal,0.5,instant,delay,0.0,4,16,40,10,1e-06,0.001106911182733178,0.0008409051647147447,0.00228965397109987,0.0016973958010012523
39,response_tables/trial_00039_hard_negative_structure_obs-empirical_prior-axis_edge_orthogonal_rel0p5x.npz,axis_edge_orthogonal,0.5,delay1,delay,1.0,4,16,40,10,1e-06,0.0010619312732249309,0.0006465384671778818,0.0027109261724864164,0.002387134636537896
39,response_tables/trial_00039_hard_negative_structure_obs-empirical_prior-axis_edge_orthogonal_rel0p5x.npz,axis_edge_orthogonal,0.5,delay2,delay,2.0,4,16,40,10,1e-06,0.001051669193581628,0.0005470747664613196,0.0033869420019485286,0.0023725519340454097
39,response_tables/trial_00039_hard_negative_structure_obs-empirical_prior-axis_edge_orthogonal_rel0p5x.npz,axis_edge_orthogonal,0.5,delay3,delay,3.0,4,16,40,10,1e-06,0.0005857683286855375,7.065431873076733e-05,0.004151043535962934,0.00207795203323934
39,response_tables/trial_00039_hard_negative_structure_obs-empirical_prior-axis_edge_orthogonal_rel0p5x.npz,axis_edge_orthogonal,0.5,delay4,delay,4.0,4,16,40,10,1e-06,-0.0007406136242687489,-0.0007324427686667967,0.0046909957534679025,0.0040035004957216635
39,response_tables/trial_00039_hard_negative_structure_obs-empirical_prior-axis_edge_orthogonal_rel0p5x.npz,axis_edge_orthogonal,0.5,delay6,delay,6.0,4,16,40,10,1e-06,-0.007353122684943814,-0.0004916605437197408,0.006463845157623105,0.006483829652289631
39,response_tables/trial_00039_hard_negative_structure_obs-empirical_prior-axis_edge_orthogonal_rel0p5x.npz,axis_edge_orthogonal,0.5,delay8,delay,8.0,4,16,40,10,1e-06,-0.011780440767272943,0.004037473851057349,0.012221246436838945,0.004149130629100765
39,response_tables/trial_00039_hard_negative_structure_obs-empirical_prior-axis_edge_orthogonal_rel0p5x.npz,axis_edge_orthogonal,0.5,box2,boxcar,2.0,4,16,40,10,1e-06,0.001143340653396191,0.0007565084380147247,0.0025426098658037632,0.0018603039532028437
39,response_tables/trial_00039_hard_negative_structure_obs-empirical_prior-axis_edge_orthogonal_rel0p5x.npz,axis_edge_orthogonal,0.5,box4,boxcar,4.0,4,16,40,10,1e-06,0.001079070046002939,0.00044273061656113777,0.0031604968914334675,0.0014116543926081598
39,response_tables/trial_00039_hard_negative_structure_obs-empirical_prior-axis_edge_orthogonal_rel0p5x.npz,axis_edge_orthogonal,0.5,box8,boxcar,8.0,4,16,40,10,1e-06,-0.002194750204886853,-0.0014426137893729374,0.003974321124649488,0.003692321233281076
39,response_tables/trial_00039_hard_negative_structure_obs-empirical_prior-axis_edge_orthogonal_rel0p5x.npz,axis_edge_orthogonal,0.5,ema0p25,ema,0.25,4,16,40,10,1e-06,0.0011412405220359578,0.0007693599439377863,0.0024575693798020437,0.0015790908857613146
39,response_tables/trial_00039_hard_negative_structure_obs-empirical_prior-axis_edge_orthogonal_rel0p5x.npz,axis_edge_orthogonal,0.5,ema0p50,ema,0.5,4,16,40,10,1e-06,0.0009902070619050574,0.0004039363111524308,0.00270506492940617,0.0014196532660388976
39,response_tables/trial_00039_hard_negative_structure_obs-empirical_prior-axis_edge_orthogonal_rel0p5x.npz,axis_edge_orthogonal,0.5,ema0p75,ema,0.75,4,16,40,10,1e-06,-0.0015614347494594116,-0.0012983299294226924,0.0034438013916268106,0.0037678067099699056
39,response_tables/trial_00039_hard_negative_structure_obs-empirical_prior-axis_edge_orthogonal_rel0p5x.npz,axis_edge_orthogonal,0.5,ema0p90,ema,0.9,4,16,40,10,1e-06,-0.012066818106619526,0.006926270894193287,0.017044477193669694,0.0027255208095406736
40,response_tables/trial_00040_hard_negative_structure_obs-empirical_prior-axis_edge_parallel_rel1x.npz,axis_edge_parallel,1.0,instant,delay,0.0,4,16,40,10,1e-06,0.0028206190666648923,0.0017908106417021674,0.005065266750437697,0.0036789966512396632
40,response_tables/trial_00040_hard_negative_structure_obs-empirical_prior-axis_edge_parallel_rel1x.npz,axis_edge_parallel,1.0,delay1,delay,1.0,4,16,40,10,1e-06,0.004478087151562615,0.00318106913684707,0.008024159498754013,0.003503321335592881
40,response_tables/trial_00040_hard_negative_structure_obs-empirical_prior-axis_edge_parallel_rel1x.npz,axis_edge_parallel,1.0,delay2,delay,2.0,4,16,40,10,1e-06,0.005747954063049537,0.0036565945246483933,0.010699045292567183,0.0030311442451505482
40,response_tables/trial_00040_hard_negative_structure_obs-empirical_prior-axis_edge_parallel_rel1x.npz,axis_edge_parallel,1.0,delay3,delay,3.0,4,16,40,10,1e-06,0.006821982325752596,0.004385225045095809,0.013829244163127308,0.0026238637130392745
40,response_tables/trial_00040_hard_negative_structure_obs-empirical_prior-axis_edge_parallel_rel1x.npz,axis_edge_parallel,1.0,delay4,delay,4.0,4,16,40,10,1e-06,0.005269920940031508,0.0013444336052468309,0.016575514520807938,0.0022749551219103693
40,response_tables/trial_00040_hard_negative_structure_obs-empirical_prior-axis_edge_parallel_rel1x.npz,axis_edge_parallel,1.0,delay6,delay,6.0,4,16,40,10,1e-06,-0.008922890299911446,-0.018199103010309914,0.01945034589488487,0.003096870461444361
40,response_tables/trial_00040_hard_negative_structure_obs-empirical_prior-axis_edge_parallel_rel1x.npz,axis_edge_parallel,1.0,delay8,delay,8.0,4,16,40,10,1e-06,-0.02810963629210017,-0.04650639857572603,0.02205603237405332,0.007477002972636069
40,response_tables/trial_00040_hard_negative_structure_obs-empirical_prior-axis_edge_parallel_rel1x.npz,axis_edge_parallel,1.0,box2,boxcar,2.0,4,16,40,10,1e-06,0.0036984973596872195,0.0028282775319534714,0.006965235576185946,0.003291144421674443
40,response_tables/trial_00040_hard_negative_structure_obs-empirical_prior-axis_edge_parallel_rel1x.npz,axis_edge_parallel,1.0,box4,boxcar,4.0,4,16,40,10,1e-06,0.00532048110732386,0.0043569910283837165,0.01064297314977311,0.0022868590013536846
40,response_tables/trial_00040_hard_negative_structure_obs-empirical_prior-axis_edge_parallel_rel1x.npz,axis_edge_parallel,1.0,box8,boxcar,8.0,4,16,40,10,1e-06,0.0015367815328634626,-0.0019092362858081913,0.01678563911348599,0.0014432473395673655
40,response_tables/trial_00040_hard_negative_structure_obs-empirical_prior-axis_edge_parallel_rel1x.npz,axis_edge_parallel,1.0,ema0p25,ema,0.25,4,16,40,10,1e-06,0.003427840728740139,0.002472907409661107,0.006326322947805996,0.0032704306590062406
40,response_tables/trial_00040_hard_negative_structure_obs-empirical_prior-axis_edge_parallel_rel1x.npz,axis_edge_parallel,1.0,ema0p50,ema,0.5,4,16,40,10,1e-06,0.004108236703863455,0.0031150550728849535,0.008601781953347987,0.00270507769128783
40,response_tables/trial_00040_hard_negative_structure_obs-empirical_prior-axis_edge_parallel_rel1x.npz,axis_edge_parallel,1.0,ema0p75,ema,0.75,4,16,40,10,1e-06,0.0008233135263086833,-0.002193529782524517,0.014844002185035787,0.0022035934389952536
40,response_tables/trial_00040_hard_negative_structure_obs-empirical_prior-axis_edge_parallel_rel1x.npz,axis_edge_parallel,1.0,ema0p90,ema,0.9,4,16,40,10,1e-06,-0.040407326939196936,-0.06631398773631003,0.03551262525128293,0.004234891092770843
40,response_tables/trial_00040_hard_negative_structure_obs-empirical_prior-axis_edge_orthogonal_rel1x.npz,axis_edge_orthogonal,1.0,instant,delay,0.0,4,16,40,10,1e-06,0.0012183493331219264,0.0005211539317530045,0.003935478209983301,0.0033830296747968808
40,response_tables/trial_00040_hard_negative_structure_obs-empirical_prior-axis_edge_orthogonal_rel1x.npz,axis_edge_orthogonal,1.0,delay1,delay,1.0,4,16,40,10,1e-06,0.0028162261807746225,0.0018806183673170107,0.006224277432432673,0.0028657728322411006
40,response_tables/trial_00040_hard_negative_structure_obs-empirical_prior-axis_edge_orthogonal_rel1x.npz,axis_edge_orthogonal,1.0,delay2,delay,2.0,4,16,40,10,1e-06,0.003343704496441474,0.002336129735213077,0.007603679997839119,0.0025009891463002036
40,response_tables/trial_00040_hard_negative_structure_obs-empirical_prior-axis_edge_orthogonal_rel1x.npz,axis_edge_orthogonal,1.0,delay3,delay,3.0,4,16,40,10,1e-06,0.0044275220757730716,0.0035626635385823113,0.010062332473158603,0.001407746297279327
40,response_tables/trial_00040_hard_negative_structure_obs-empirical_prior-axis_edge_orthogonal_rel1x.npz,axis_edge_orthogonal,1.0,delay4,delay,4.0,4,16,40,10,1e-06,0.0036943992201269316,0.0009294943355251939,0.012575770722203672,0.001045140721122852
40,response_tables/trial_00040_hard_negative_structure_obs-empirical_prior-axis_edge_orthogonal_rel1x.npz,axis_edge_orthogonal,1.0,delay6,delay,6.0,4,16,40,10,1e-06,-0.0078111774066716155,-0.01493967874386748,0.013036091521004073,0.003146138211884965
40,response_tables/trial_00040_hard_negative_structure_obs-empirical_prior-axis_edge_orthogonal_rel1x.npz,axis_edge_orthogonal,1.0,delay8,delay,8.0,4,16,40,10,1e-06,-0.020719098509826783,-0.034258612464402316,0.01614221831815757,0.0059851926761062355
40,response_tables/trial_00040_hard_negative_structure_obs-empirical_prior-axis_edge_orthogonal_rel1x.npz,axis_edge_orthogonal,1.0,box2,boxcar,2.0,4,16,40,10,1e-06,0.002027836829695484,0.001284658067959632,0.005409511090191194,0.0028021715730698234
40,response_tables/trial_00040_hard_negative_structure_obs-empirical_prior-axis_edge_orthogonal_rel1x.npz,axis_edge_orthogonal,1.0,box4,boxcar,4.0,4,16,40,10,1e-06,0.0031844687038031227,0.0028352477252895913,0.007907888565391125,0.0017846564966301393
40,response_tables/trial_00040_hard_negative_structure_obs-empirical_prior-axis_edge_orthogonal_rel1x.npz,axis_edge_orthogonal,1.0,box8,boxcar,8.0,4,16,40,10,1e-06,0.000371721734505559,-0.002170995830427125,0.011979397340269954,0.0009321357402910356
40,response_tables/trial_00040_hard_negative_structure_obs-empirical_prior-axis_edge_orthogonal_rel1x.npz,axis_edge_orthogonal,1.0,ema0p25,ema,0.25,4,16,40,10,1e-06,0.0017066106235761325,0.0009920565236455903,0.004881536004729986,0.0028798261452670417
40,response_tables/trial_00040_hard_negative_structure_obs-empirical_prior-axis_edge_orthogonal_rel1x.npz,axis_edge_orthogonal,1.0,ema0p50,ema,0.5,4,16,40,10,1e-06,0.0022055961170099336,0.0014807583139586633,0.006508808191844934,0.002208983193384711
40,response_tables/trial_00040_hard_negative_structure_obs-empirical_prior-axis_edge_orthogonal_rel1x.npz,axis_edge_orthogonal,1.0,ema0p75,ema,0.75,4,16,40,10,1e-06,-0.00017431171604515017,-0.0027212646973164833,0.010959392678097618,0.001405128599858363
40,response_tables/trial_00040_hard_negative_structure_obs-empirical_prior-axis_edge_orthogonal_rel1x.npz,axis_edge_orthogonal,1.0,ema0p90,ema,0.9,4,16,40,10,1e-06,-0.023870941960625863,-0.04015125472953773,0.02797547394743402,0.0030203239503015736
41,response_tables/trial_00041_hard_negative_structure_obs-empirical_prior-axis_edge_parallel_rel2x.npz,axis_edge_parallel,2.0,instant,delay,0.0,4,16,40,10,1e-06,0.0017806441481977853,0.0024624985520321774,0.004072776189437077,0.006920931468244689
41,response_tables/trial_00041_hard_negative_structure_obs-empirical_prior-axis_edge_parallel_rel2x.npz,axis_edge_parallel,2.0,delay1,delay,1.0,4,16,40,10,1e-06,-0.000906257768685359,0.0003214348798903366,0.005767192982385816,0.007148628736967275
41,response_tables/trial_00041_hard_negative_structure_obs-empirical_prior-axis_edge_parallel_rel2x.npz,axis_edge_parallel,2.0,delay2,delay,2.0,4,16,40,10,1e-06,-0.006828008159748544,-0.005578682403654001,0.006986056202173935,0.005856821898802062
41,response_tables/trial_00041_hard_negative_structure_obs-empirical_prior-axis_edge_parallel_rel2x.npz,axis_edge_parallel,2.0,delay3,delay,3.0,4,16,40,10,1e-06,-0.015428084756123117,-0.014048750547971056,0.008539650336534393,0.004698191200694609
41,response_tables/trial_00041_hard_negative_structure_obs-empirical_prior-axis_edge_parallel_rel2x.npz,axis_edge_parallel,2.0,delay4,delay,4.0,4,16,40,10,1e-06,-0.028701614889927896,-0.02696599122862764,0.011238145878859657,0.005118701400139787
41,response_tables/trial_00041_hard_negative_structure_obs-empirical_prior-axis_edge_parallel_rel2x.npz,axis_edge_parallel,2.0,delay6,delay,6.0,4,16,40,10,1e-06,-0.06521191283661298,-0.06616450840487476,0.015376528327796374,0.003837082743526836
41,response_tables/trial_00041_hard_negative_structure_obs-empirical_prior-axis_edge_parallel_rel2x.npz,axis_edge_parallel,2.0,delay8,delay,8.0,4,16,40,10,1e-06,-0.11209531783034749,-0.11762424329623034,0.01768960048461829,0.006304205273819835
41,response_tables/trial_00041_hard_negative_structure_obs-empirical_prior-axis_edge_parallel_rel2x.npz,axis_edge_parallel,2.0,box2,boxcar,2.0,4,16,40,10,1e-06,0.0009929382964685152,0.001911325773094552,0.005198471217208345,0.006853005126526025
41,response_tables/trial_00041_hard_negative_structure_obs-empirical_prior-axis_edge_parallel_rel2x.npz,axis_edge_parallel,2.0,box4,boxcar,4.0,4,16,40,10,1e-06,-0.003887819810529769,-0.0023251194077685833,0.006901617654371139,0.005157721162941713
41,response_tables/trial_00041_hard_negative_structure_obs-empirical_prior-axis_edge_parallel_rel2x.npz,axis_edge_parallel,2.0,box8,boxcar,8.0,4,16,40,10,1e-06,-0.026489951667533818,-0.025502064827623405,0.011353908102157723,0.007154719748495601
41,response_tables/trial_00041_hard_negative_structure_obs-empirical_prior-axis_edge_parallel_rel2x.npz,axis_edge_parallel,2.0,ema0p25,ema,0.25,4,16,40,10,1e-06,0.001355676114033838,0.0021648791337260387,0.004812224815500615,0.006414285800398696
41,response_tables/trial_00041_hard_negative_structure_obs-empirical_prior-axis_edge_parallel_rel2x.npz,axis_edge_parallel,2.0,ema0p50,ema,0.5,4,16,40,10,1e-06,-0.0009090389855136438,-9.053092344668556e-07,0.006137304254015374,0.005271967021448302
41,response_tables/trial_00041_hard_negative_structure_obs-empirical_prior-axis_edge_parallel_rel2x.npz,axis_edge_parallel,2.0,ema0p75,ema,0.75,4,16,40,10,1e-06,-0.019691539280676795,-0.020920869743392134,0.0103267856435528,0.003418052068178034
41,response_tables/trial_00041_hard_negative_structure_obs-empirical_prior-axis_edge_parallel_rel2x.npz,axis_edge_parallel,2.0,ema0p90,ema,0.9,4,16,40,10,1e-06,-0.15011355149495054,-0.17502865480605445,0.023426732610571904,0.004964946832874577
41,response_tables/trial_00041_hard_negative_structure_obs-empirical_prior-axis_edge_orthogonal_rel2x.npz,axis_edge_orthogonal,2.0,instant,delay,0.0,4,16,40,10,1e-06,0.0013253838813665764,0.0010680207485302406,0.002939600636881201,0.007711944395186835
41,response_tables/trial_00041_hard_negative_structure_obs-empirical_prior-axis_edge_orthogonal_rel2x.npz,axis_edge_orthogonal,2.0,delay1,delay,1.0,4,16,40,10,1e-06,-0.0007861308877962214,-0.0008387857658924691,0.003581582825181062,0.008969846138947267
41,response_tables/trial_00041_hard_negative_structure_obs-empirical_prior-axis_edge_orthogonal_rel2x.npz,axis_edge_orthogonal,2.0,delay2,delay,2.0,4,16,40,10,1e-06,-0.0047745311106205945,-0.004524288363021878,0.004323176234801579,0.007516085297183718
41,response_tables/trial_00041_hard_negative_structure_obs-empirical_prior-axis_edge_orthogonal_rel2x.npz,axis_edge_orthogonal,2.0,delay3,delay,3.0,4,16,40,10,1e-06,-0.010274168501038405,-0.00939784033350699,0.0052852743029402904,0.0049997345359830934
41,response_tables/trial_00041_hard_negative_structure_obs-empirical_prior-axis_edge_orthogonal_rel2x.npz,axis_edge_orthogonal,2.0,delay4,delay,4.0,4,16,40,10,1e-06,-0.01949870669676229,-0.018517873720686584,0.007266778486986397,0.005916317653228868
41,response_tables/trial_00041_hard_negative_structure_obs-empirical_prior-axis_edge_orthogonal_rel2x.npz,axis_edge_orthogonal,2.0,delay6,delay,6.0,4,16,40,10,1e-06,-0.045697212125413555,-0.04718509451583974,0.01142735438484535,0.0042298829988338974
41,response_tables/trial_00041_hard_negative_structure_obs-empirical_prior-axis_edge_orthogonal_rel2x.npz,axis_edge_orthogonal,2.0,delay8,delay,8.0,4,16,40,10,1e-06,-0.0804185577100135,-0.08541625729284985,0.014947302517202443,0.004241835529573984
41,response_tables/trial_00041_hard_negative_structure_obs-empirical_prior-axis_edge_orthogonal_rel2x.npz,axis_edge_orthogonal,2.0,box2,boxcar,2.0,4,16,40,10,1e-06,0.0006480764170480879,0.0004184910321952118,0.0034313123711234295,0.0075732118945363355
41,response_tables/trial_00041_hard_negative_structure_obs-empirical_prior-axis_edge_orthogonal_rel2x.npz,axis_edge_orthogonal,2.0,box4,boxcar,4.0,4,16,40,10,1e-06,-0.0027128045809905466,-0.002752691732960444,0.004285790130440392,0.005800357318776601
41,response_tables/trial_00041_hard_negative_structure_obs-empirical_prior-axis_edge_orthogonal_rel2x.npz,axis_edge_orthogonal,2.0,box8,boxcar,8.0,4,16,40,10,1e-06,-0.018659601692229688,-0.01906575041272196,0.007288234941431854,0.007046451932452578
41,response_tables/trial_00041_hard_negative_structure_obs-empirical_prior-axis_edge_orthogonal_rel2x.npz,axis_edge_orthogonal,2.0,ema0p25,ema,0.25,4,16,40,10,1e-06,0.0009713385805382169,0.0007577561372546504,0.0032802367641573404,0.007016786296986952
41,response_tables/trial_00041_hard_negative_structure_obs-empirical_prior-axis_edge_orthogonal_rel2x.npz,axis_edge_orthogonal,2.0,ema0p50,ema,0.5,4,16,40,10,1e-06,-0.0007343840965663706,-0.0007625965692296122,0.0038993126332720063,0.0057382203672252715
41,response_tables/trial_00041_hard_negative_structure_obs-empirical_prior-axis_edge_orthogonal_rel2x.npz,axis_edge_orthogonal,2.0,ema0p75,ema,0.75,4,16,40,10,1e-06,-0.014689823033467497,-0.016989143081855618,0.0063244701584274365,0.0035603559088266297
41,response_tables/trial_00041_hard_negative_structure_obs-empirical_prior-axis_edge_orthogonal_rel2x.npz,axis_edge_orthogonal,2.0,ema0p90,ema,0.9,4,16,40,10,1e-06,-0.11174618011212756,-0.1348006540074913,0.01871726036295457,0.0032455556469922608
42,response_tables/trial_00042_hard_negative_structure_obs-empirical_prior-axis_edge_parallel_rel0p5x.npz,axis_edge_parallel,0.5,instant,delay,0.0,4,16,40,10,1e-06,-0.011394701369833893,-0.012690624328692834,0.0015282204875447791,0.027138000699879664
42,response_tables/trial_00042_hard_negative_structure_obs-empirical_prior-axis_edge_parallel_rel0p5x.npz,axis_edge_parallel,0.5,delay1,delay,1.0,4,16,40,10,1e-06,-0.022558191175307885,-0.025403015423611786,0.002661672171806545,0.012474783630068157
42,response_tables/trial_00042_hard_negative_structure_obs-empirical_prior-axis_edge_parallel_rel0p5x.npz,axis_edge_parallel,0.5,delay2,delay,2.0,4,16,40,10,1e-06,-0.03642605198933929,-0.040556728748175286,0.004628413550479854,0.00782164149485757
42,response_tables/trial_00042_hard_negative_structure_obs-empirical_prior-axis_edge_parallel_rel0p5x.npz,axis_edge_parallel,0.5,delay3,delay,3.0,4,16,40,10,1e-06,-0.05417585896140137,-0.05968685297451637,0.007608939303741957,0.006163001438684415
42,response_tables/trial_00042_hard_negative_structure_obs-empirical_prior-axis_edge_parallel_rel0p5x.npz,axis_edge_parallel,0.5,delay4,delay,4.0,4,16,40,10,1e-06,-0.07603485710538055,-0.08370074726066112,0.011852514304260042,0.004272168873625869
42,response_tables/trial_00042_hard_negative_structure_obs-empirical_prior-axis_edge_parallel_rel0p5x.npz,axis_edge_parallel,0.5,delay6,delay,6.0,4,16,40,10,1e-06,-0.1373545980544159,-0.15680524429236264,0.021401452221415623,0.004648133893484534
42,response_tables/trial_00042_hard_negative_structure_obs-empirical_prior-axis_edge_parallel_rel0p5x.npz,axis_edge_parallel,0.5,delay8,delay,8.0,4,16,40,10,1e-06,-0.20671618661409247,-0.2397612841644884,0.03181211264950923,0.003112300551214892
42,response_tables/trial_00042_hard_negative_structure_obs-empirical_prior-axis_edge_parallel_rel0p5x.npz,axis_edge_parallel,0.5,box2,boxcar,2.0,4,16,40,10,1e-06,-0.017183101374677434,-0.019314620524951254,0.00203114700123741,0.018060416795812287
42,response_tables/trial_00042_hard_negative_structure_obs-empirical_prior-axis_edge_parallel_rel0p5x.npz,axis_edge_parallel,0.5,box4,boxcar,4.0,4,16,40,10,1e-06,-0.03163808973578547,-0.035390696479921546,0.0038325361915299005,0.00830149006211282
42,response_tables/trial_00042_hard_negative_structure_obs-empirical_prior-axis_edge_parallel_rel0p5x.npz,axis_edge_parallel,0.5,box8,boxcar,8.0,4,16,40,10,1e-06,-0.07678387275742726,-0.08759081781733669,0.010403455541871914,0.002504236989293799
42,response_tables/trial_00042_hard_negative_structure_obs-empirical_prior-axis_edge_parallel_rel0p5x.npz,axis_edge_parallel,0.5,ema0p25,ema,0.25,4,16,40,10,1e-06,-0.015244208749185917,-0.017075366731773345,0.001856222276104852,0.020701599220614774
42,response_tables/trial_00042_hard_negative_structure_obs-empirical_prior-axis_edge_parallel_rel0p5x.npz,axis_edge_parallel,0.5,ema0p50,ema,0.5,4,16,40,10,1e-06,-0.0245198817442443,-0.027618122079151042,0.0029162976552948028,0.011191938812709183
42,response_tables/trial_00042_hard_negative_structure_obs-empirical_prior-axis_edge_parallel_rel0p5x.npz,axis_edge_parallel,0.5,ema0p75,ema,0.75,4,16,40,10,1e-06,-0.06792799919600473,-0.07780430547485273,0.009100798223488471,0.006702166279393304
42,response_tables/trial_00042_hard_negative_structure_obs-empirical_prior-axis_edge_parallel_rel0p5x.npz,axis_edge_parallel,0.5,ema0p90,ema,0.9,4,16,40,10,1e-06,-0.2928186185927726,-0.33915534077592246,0.040089920283107955,0.0023291574197789773
42,response_tables/trial_00042_hard_negative_structure_obs-empirical_prior-axis_edge_orthogonal_rel0p5x.npz,axis_edge_orthogonal,0.5,instant,delay,0.0,4,16,40,10,1e-06,-0.012011532023657345,-0.014531885318310178,0.0010884097328965892,0.010058621177418502
42,response_tables/trial_00042_hard_negative_structure_obs-empirical_prior-axis_edge_orthogonal_rel0p5x.npz,axis_edge_orthogonal,0.5,delay1,delay,1.0,4,16,40,10,1e-06,-0.02153607991101053,-0.025952704677260185,0.002142852331610018,0.005924973864217534
42,response_tables/trial_00042_hard_negative_structure_obs-empirical_prior-axis_edge_orthogonal_rel0p5x.npz,axis_edge_orthogonal,0.5,delay2,delay,2.0,4,16,40,10,1e-06,-0.03385017703990051,-0.040426157086984604,0.0035566841568053786,0.0036162270570307283
42,response_tables/trial_00042_hard_negative_structure_obs-empirical_prior-axis_edge_orthogonal_rel0p5x.npz,axis_edge_orthogonal,0.5,delay3,delay,3.0,4,16,40,10,1e-06,-0.05136053899853282,-0.061111559749851496,0.005220689611455359,0.0038662144482095274
42,response_tables/trial_00042_hard_negative_structure_obs-empirical_prior-axis_edge_orthogonal_rel0p5x.npz,axis_edge_orthogonal,0.5,delay4,delay,4.0,4,16,40,10,1e-06,-0.07432468341117726,-0.08861764543693462,0.007277455309874309,0.005382842794323905
42,response_tables/trial_00042_hard_negative_structure_obs-empirical_prior-axis_edge_orthogonal_rel0p5x.npz,axis_edge_orthogonal,0.5,delay6,delay,6.0,4,16,40,10,1e-06,-0.1393867067608061,-0.16827084751795474,0.011329803734159899,0.005353709872873693
42,response_tables/trial_00042_hard_negative_structure_obs-empirical_prior-axis_edge_orthogonal_rel0p5x.npz,axis_edge_orthogonal,0.5,delay8,delay,8.0,4,16,40,10,1e-06,-0.20799797010856158,-0.25189388402361457,0.016212188962484997,0.004784917176996926
42,response_tables/trial_00042_hard_negative_structure_obs-empirical_prior-axis_edge_orthogonal_rel0p5x.npz,axis_edge_orthogonal,0.5,box2,boxcar,2.0,4,16,40,10,1e-06,-0.016988961575554906,-0.020556525245159385,0.0016100368837872747,0.007363159581430112
42,response_tables/trial_00042_hard_negative_structure_obs-empirical_prior-axis_edge_orthogonal_rel0p5x.npz,axis_edge_orthogonal,0.5,box4,boxcar,4.0,4,16,40,10,1e-06,-0.029972932864249735,-0.03611183202911117,0.0029675268930105247,0.004129589527478122
42,response_tables/trial_00042_hard_negative_structure_obs-empirical_prior-axis_edge_orthogonal_rel0p5x.npz,axis_edge_orthogonal,0.5,box8,boxcar,8.0,4,16,40,10,1e-06,-0.07461364324410019,-0.09095560681215331,0.006285601793901419,0.002273942966917699
42,response_tables/trial_00042_hard_negative_structure_obs-empirical_prior-axis_edge_orthogonal_rel0p5x.npz,axis_edge_orthogonal,0.5,ema0p25,ema,0.25,4,16,40,10,1e-06,-0.01536216987744704,-0.01859551434634643,0.0014333314471478842,0.007898996971745396
42,response_tables/trial_00042_hard_negative_structure_obs-empirical_prior-axis_edge_orthogonal_rel0p5x.npz,axis_edge_orthogonal,0.5,ema0p50,ema,0.5,4,16,40,10,1e-06,-0.023703760144079045,-0.02871764797416021,0.002269205970098831,0.005008591615862146
42,response_tables/trial_00042_hard_negative_structure_obs-empirical_prior-axis_edge_orthogonal_rel0p5x.npz,axis_edge_orthogonal,0.5,ema0p75,ema,0.75,4,16,40,10,1e-06,-0.06473131128244436,-0.0789221889603472,0.005835936195324659,0.00429701717763254
42,response_tables/trial_00042_hard_negative_structure_obs-empirical_prior-axis_edge_orthogonal_rel0p5x.npz,axis_edge_orthogonal,0.5,ema0p90,ema,0.9,4,16,40,10,1e-06,-0.285400149455869,-0.3482137888951835,0.020888384465057752,0.002684394513481105
43,response_tables/trial_00043_hard_negative_structure_obs-empirical_prior-axis_edge_parallel_rel1x.npz,axis_edge_parallel,1.0,instant,delay,0.0,4,16,40,10,1e-06,0.001262757812927645,0.0017734911493357264,0.004690469456953283,0.003894056388439408
43,response_tables/trial_00043_hard_negative_structure_obs-empirical_prior-axis_edge_parallel_rel1x.npz,axis_edge_parallel,1.0,delay1,delay,1.0,4,16,40,10,1e-06,0.004374178782860227,0.006655790885733759,0.011488016069101215,0.002934168631459542
43,response_tables/trial_00043_hard_negative_structure_obs-empirical_prior-axis_edge_parallel_rel1x.npz,axis_edge_parallel,1.0,delay2,delay,2.0,4,16,40,10,1e-06,0.008706154425868695,0.01345306924345191,0.02103700116289678,0.0026111883021859325
43,response_tables/trial_00043_hard_negative_structure_obs-empirical_prior-axis_edge_parallel_rel1x.npz,axis_edge_parallel,1.0,delay3,delay,3.0,4,16,40,10,1e-06,0.013757686132664815,0.02197473550076351,0.03332105343030667,0.0022821483056242914
43,response_tables/trial_00043_hard_negative_structure_obs-empirical_prior-axis_edge_parallel_rel1x.npz,axis_edge_parallel,1.0,delay4,delay,4.0,4,16,40,10,1e-06,0.02334857600387938,0.038353007956591245,0.051839849017226824,0.0012025961679318043
43,response_tables/trial_00043_hard_negative_structure_obs-empirical_prior-axis_edge_parallel_rel1x.npz,axis_edge_parallel,1.0,delay6,delay,6.0,4,16,40,10,1e-06,0.05338112576224277,0.08879639294795355,0.09886129165371446,0.0014762099830900265
43,response_tables/trial_00043_hard_negative_structure_obs-empirical_prior-axis_edge_parallel_rel1x.npz,axis_edge_parallel,1.0,delay8,delay,8.0,4,16,40,10,1e-06,0.08995310384627789,0.14885336904998486,0.15200172546705268,0.0010928273516359293
43,response_tables/trial_00043_hard_negative_structure_obs-empirical_prior-axis_edge_parallel_rel1x.npz,axis_edge_parallel,1.0,box2,boxcar,2.0,4,16,40,10,1e-06,0.0027302821984506176,0.004005297209333014,0.007939661188862995,0.0033349184228218753
43,response_tables/trial_00043_hard_negative_structure_obs-empirical_prior-axis_edge_parallel_rel1x.npz,axis_edge_parallel,1.0,box4,boxcar,4.0,4,16,40,10,1e-06,0.00684740437417708,0.010311484561389916,0.016694568935755855,0.0019523685652252211
43,response_tables/trial_00043_hard_negative_structure_obs-empirical_prior-axis_edge_parallel_rel1x.npz,axis_edge_parallel,1.0,box8,boxcar,8.0,4,16,40,10,1e-06,0.025705098604712817,0.040194076997334405,0.04762401727765633,0.0007572705599978939
43,response_tables/trial_00043_hard_negative_structure_obs-empirical_prior-axis_edge_parallel_rel1x.npz,axis_edge_parallel,1.0,ema0p25,ema,0.25,4,16,40,10,1e-06,0.002261502677297633,0.0032199968208247998,0.006785299742759182,0.003232482752297358
43,response_tables/trial_00043_hard_negative_structure_obs-empirical_prior-axis_edge_parallel_rel1x.npz,axis_edge_parallel,1.0,ema0p50,ema,0.5,4,16,40,10,1e-06,0.005282232200399056,0.007670102570511039,0.012392216507615128,0.002126879134481497
43,response_tables/trial_00043_hard_negative_structure_obs-empirical_prior-axis_edge_parallel_rel1x.npz,axis_edge_parallel,1.0,ema0p75,ema,0.75,4,16,40,10,1e-06,0.025177661353956743,0.03763882500346538,0.04224247290342564,0.0009725668541749053
43,response_tables/trial_00043_hard_negative_structure_obs-empirical_prior-axis_edge_parallel_rel1x.npz,axis_edge_parallel,1.0,ema0p90,ema,0.9,4,16,40,10,1e-06,0.1409450905328616,0.2121750407732148,0.18969432591230906,0.0004987589331120964
43,response_tables/trial_00043_hard_negative_structure_obs-empirical_prior-axis_edge_orthogonal_rel1x.npz,axis_edge_orthogonal,1.0,instant,delay,0.0,4,16,40,10,1e-06,0.004320287772689307,0.005446697156673008,0.009296157560629181,0.003351246128190027
43,response_tables/trial_00043_hard_negative_structure_obs-empirical_prior-axis_edge_orthogonal_rel1x.npz,axis_edge_orthogonal,1.0,delay1,delay,1.0,4,16,40,10,1e-06,0.007020299708494299,0.010764777259964442,0.016854726839673928,0.0021733923178091797
43,response_tables/trial_00043_hard_negative_structure_obs-empirical_prior-axis_edge_orthogonal_rel1x.npz,axis_edge_orthogonal,1.0,delay2,delay,2.0,4,16,40,10,1e-06,0.009688953189006588,0.01646384176160598,0.02576374127388059,0.002490567898032104
43,response_tables/trial_00043_hard_negative_structure_obs-empirical_prior-axis_edge_orthogonal_rel1x.npz,axis_edge_orthogonal,1.0,delay3,delay,3.0,4,16,40,10,1e-06,0.012400604900745182,0.022541321470634812,0.037316877395115994,0.0023025395512216262
43,response_tables/trial_00043_hard_negative_structure_obs-empirical_prior-axis_edge_orthogonal_rel1x.npz,axis_edge_orthogonal,1.0,delay4,delay,4.0,4,16,40,10,1e-06,0.018382901940761337,0.03497538486746066,0.0535027855274674,0.0013004579679492029
43,response_tables/trial_00043_hard_negative_structure_obs-empirical_prior-axis_edge_orthogonal_rel1x.npz,axis_edge_orthogonal,1.0,delay6,delay,6.0,4,16,40,10,1e-06,0.04107583865012357,0.07525412470256793,0.0922426458264892,0.0015999813734966252
43,response_tables/trial_00043_hard_negative_structure_obs-empirical_prior-axis_edge_orthogonal_rel1x.npz,axis_edge_orthogonal,1.0,delay8,delay,8.0,4,16,40,10,1e-06,0.06931698253384452,0.12196471956813149,0.13740991877737102,0.0012727858715919098
43,response_tables/trial_00043_hard_negative_structure_obs-empirical_prior-axis_edge_orthogonal_rel1x.npz,axis_edge_orthogonal,1.0,box2,boxcar,2.0,4,16,40,10,1e-06,0.005780867605902379,0.008127303533844887,0.01323065313767427,0.0028876279535936427
43,response_tables/trial_00043_hard_negative_structure_obs-empirical_prior-axis_edge_orthogonal_rel1x.npz,axis_edge_orthogonal,1.0,box4,boxcar,4.0,4,16,40,10,1e-06,0.008909727177694338,0.01430305823338801,0.022311615690778608,0.001810176584724615
43,response_tables/trial_00043_hard_negative_structure_obs-empirical_prior-axis_edge_orthogonal_rel1x.npz,axis_edge_orthogonal,1.0,box8,boxcar,8.0,4,16,40,10,1e-06,0.02318301048660551,0.039542374220692456,0.050327117618370776,0.0007630582232762417
43,response_tables/trial_00043_hard_negative_structure_obs-empirical_prior-axis_edge_orthogonal_rel1x.npz,axis_edge_orthogonal,1.0,ema0p25,ema,0.25,4,16,40,10,1e-06,0.005385755258328073,0.007258725867771487,0.011893779987077024,0.0030961696556752387
43,response_tables/trial_00043_hard_negative_structure_obs-empirical_prior-axis_edge_orthogonal_rel1x.npz,axis_edge_orthogonal,1.0,ema0p50,ema,0.5,4,16,40,10,1e-06,0.008152937821161749,0.01199117587688664,0.018015871112270154,0.001918659143086408
43,response_tables/trial_00043_hard_negative_structure_obs-empirical_prior-axis_edge_orthogonal_rel1x.npz,axis_edge_orthogonal,1.0,ema0p75,ema,0.75,4,16,40,10,1e-06,0.025003373136032736,0.03940258618225345,0.04647553405403773,0.0010151828922290284
43,response_tables/trial_00043_hard_negative_structure_obs-empirical_prior-axis_edge_orthogonal_rel1x.npz,axis_edge_orthogonal,1.0,ema0p90,ema,0.9,4,16,40,10,1e-06,0.11702230977919917,0.18263861840584739,0.17099022783181406,0.0005700796899432624
44,response_tables/trial_00044_hard_negative_structure_obs-empirical_prior-axis_edge_parallel_rel2x.npz,axis_edge_parallel,2.0,instant,delay,0.0,4,16,40,10,1e-06,-0.00024689814120243403,-0.0005373128776245961,0.0033030746403222844,0.013839254360328327
44,response_tables/trial_00044_hard_negative_structure_obs-empirical_prior-axis_edge_parallel_rel2x.npz,axis_edge_parallel,2.0,delay1,delay,1.0,4,16,40,10,1e-06,-0.0016245881084165081,-0.003311034240088828,0.006277262819412238,0.008370509608048173
44,response_tables/trial_00044_hard_negative_structure_obs-empirical_prior-axis_edge_parallel_rel2x.npz,axis_edge_parallel,2.0,delay2,delay,2.0,4,16,40,10,1e-06,-0.004447851928660401,-0.00798416714431216,0.00941380522271032,0.006400662334301174
44,response_tables/trial_00044_hard_negative_structure_obs-empirical_prior-axis_edge_parallel_rel2x.npz,axis_edge_parallel,2.0,delay3,delay,3.0,4,16,40,10,1e-06,-0.008842665259008592,-0.015006361655217515,0.012281590436461653,0.0055933237628869766
44,response_tables/trial_00044_hard_negative_structure_obs-empirical_prior-axis_edge_parallel_rel2x.npz,axis_edge_parallel,2.0,delay4,delay,4.0,4,16,40,10,1e-06,-0.01462798859246675,-0.024443995767620574,0.016777314867525844,0.004312503320438282
44,response_tables/trial_00044_hard_negative_structure_obs-empirical_prior-axis_edge_parallel_rel2x.npz,axis_edge_parallel,2.0,delay6,delay,6.0,4,16,40,10,1e-06,-0.031397196737404404,-0.05427010432976853,0.025209401968421336,0.004834589425698944
44,response_tables/trial_00044_hard_negative_structure_obs-empirical_prior-axis_edge_parallel_rel2x.npz,axis_edge_parallel,2.0,delay8,delay,8.0,4,16,40,10,1e-06,-0.04900912496767412,-0.08301660545259659,0.03312319268346628,0.005316721513770962
44,response_tables/trial_00044_hard_negative_structure_obs-empirical_prior-axis_edge_parallel_rel2x.npz,axis_edge_parallel,2.0,box2,boxcar,2.0,4,16,40,10,1e-06,-0.0007356891291976086,-0.0011191485055575545,0.00498086411066323,0.011626702892213358
44,response_tables/trial_00044_hard_negative_structure_obs-empirical_prior-axis_edge_parallel_rel2x.npz,axis_edge_parallel,2.0,box4,boxcar,4.0,4,16,40,10,1e-06,-0.002834092603769184,-0.0052389114340331,0.008356208050219943,0.007745742886711916
44,response_tables/trial_00044_hard_negative_structure_obs-empirical_prior-axis_edge_parallel_rel2x.npz,axis_edge_parallel,2.0,box8,boxcar,8.0,4,16,40,10,1e-06,-0.01189122067730422,-0.022691972843903785,0.017053870792004405,0.0038319532664832442
44,response_tables/trial_00044_hard_negative_structure_obs-empirical_prior-axis_edge_parallel_rel2x.npz,axis_edge_parallel,2.0,ema0p25,ema,0.25,4,16,40,10,1e-06,-0.0005581422431823468,-0.0005328834963405082,0.004354541358985248,0.012147567623450223
44,response_tables/trial_00044_hard_negative_structure_obs-empirical_prior-axis_edge_parallel_rel2x.npz,axis_edge_parallel,2.0,ema0p50,ema,0.5,4,16,40,10,1e-06,-0.0018048806046456478,-0.0030498140377619443,0.006544633561500923,0.008858696109042462
44,response_tables/trial_00044_hard_negative_structure_obs-empirical_prior-axis_edge_parallel_rel2x.npz,axis_edge_parallel,2.0,ema0p75,ema,0.75,4,16,40,10,1e-06,-0.0100108116863033,-0.019000732055385217,0.014933491950509692,0.0037506489219911497
44,response_tables/trial_00044_hard_negative_structure_obs-empirical_prior-axis_edge_parallel_rel2x.npz,axis_edge_parallel,2.0,ema0p90,ema,0.9,4,16,40,10,1e-06,-0.05848697107699194,-0.10537165774429258,0.046156554380701265,0.0025939232206020927
44,response_tables/trial_00044_hard_negative_structure_obs-empirical_prior-axis_edge_orthogonal_rel2x.npz,axis_edge_orthogonal,2.0,instant,delay,0.0,4,16,40,10,1e-06,0.0034631601635351783,0.003323416653612632,0.006232259916395144,0.007689125701217114
44,response_tables/trial_00044_hard_negative_structure_obs-empirical_prior-axis_edge_orthogonal_rel2x.npz,axis_edge_orthogonal,2.0,delay1,delay,1.0,4,16,40,10,1e-06,0.003919553835328438,0.002900127182176415,0.00994755517480217,0.005116104128415886
44,response_tables/trial_00044_hard_negative_structure_obs-empirical_prior-axis_edge_orthogonal_rel2x.npz,axis_edge_orthogonal,2.0,delay2,delay,2.0,4,16,40,10,1e-06,0.0021544511899146135,-0.0018621736656337928,0.012899066721171165,0.003481986959869833
44,response_tables/trial_00044_hard_negative_structure_obs-empirical_prior-axis_edge_orthogonal_rel2x.npz,axis_edge_orthogonal,2.0,delay3,delay,3.0,4,16,40,10,1e-06,-0.0011244836384699253,-0.00784551136147793,0.014987739335853206,0.0038328738138141295
44,response_tables/trial_00044_hard_negative_structure_obs-empirical_prior-axis_edge_orthogonal_rel2x.npz,axis_edge_orthogonal,2.0,delay4,delay,4.0,4,16,40,10,1e-06,-0.005774124622288351,-0.015203223208757888,0.018002326362899168,0.005269270356027823
44,response_tables/trial_00044_hard_negative_structure_obs-empirical_prior-axis_edge_orthogonal_rel2x.npz,axis_edge_orthogonal,2.0,delay6,delay,6.0,4,16,40,10,1e-06,-0.02472977075095864,-0.043889761264996774,0.01981632324609997,0.007326996387095879
44,response_tables/trial_00044_hard_negative_structure_obs-empirical_prior-axis_edge_orthogonal_rel2x.npz,axis_edge_orthogonal,2.0,delay8,delay,8.0,4,16,40,10,1e-06,-0.038701546743581755,-0.06617678714146613,0.02499447086166165,0.008718982201474709
44,response_tables/trial_00044_hard_negative_structure_obs-empirical_prior-axis_edge_orthogonal_rel2x.npz,axis_edge_orthogonal,2.0,box2,boxcar,2.0,4,16,40,10,1e-06,0.004312698183634334,0.004557356553800962,0.008565219313236672,0.005338038321236614
44,response_tables/trial_00044_hard_negative_structure_obs-empirical_prior-axis_edge_orthogonal_rel2x.npz,axis_edge_orthogonal,2.0,box4,boxcar,4.0,4,16,40,10,1e-06,0.003798089080313538,0.001456057422206558,0.012107125223003168,0.0038342878528302596
44,response_tables/trial_00044_hard_negative_structure_obs-empirical_prior-axis_edge_orthogonal_rel2x.npz,axis_edge_orthogonal,2.0,box8,boxcar,8.0,4,16,40,10,1e-06,-0.004117394459187296,-0.014764421879930545,0.01793404615364108,0.0033612111745687815
44,response_tables/trial_00044_hard_negative_structure_obs-empirical_prior-axis_edge_orthogonal_rel2x.npz,axis_edge_orthogonal,2.0,ema0p25,ema,0.25,4,16,40,10,1e-06,0.003988788808520882,0.0044937572453961905,0.007687723565618532,0.005868186726259229
44,response_tables/trial_00044_hard_negative_structure_obs-empirical_prior-axis_edge_orthogonal_rel2x.npz,axis_edge_orthogonal,2.0,ema0p50,ema,0.5,4,16,40,10,1e-06,0.003917029105171166,0.003041511250605644,0.010086571140038247,0.0044246073453629835
44,response_tables/trial_00044_hard_negative_structure_obs-empirical_prior-axis_edge_orthogonal_rel2x.npz,axis_edge_orthogonal,2.0,ema0p75,ema,0.75,4,16,40,10,1e-06,-0.0014405793468134365,-0.009778477703982213,0.016796836438417895,0.003471128702005227
44,response_tables/trial_00044_hard_negative_structure_obs-empirical_prior-axis_edge_orthogonal_rel2x.npz,axis_edge_orthogonal,2.0,ema0p90,ema,0.9,4,16,40,10,1e-06,-0.0351100572539807,-0.07626707268773136,0.0396905704039579,0.0028505708800829806
45,response_tables/trial_00045_hard_negative_structure_obs-empirical_prior-axis_edge_parallel_rel0p5x.npz,axis_edge_parallel,0.5,instant,delay,0.0,4,16,40,10,1e-06,0.00018831738522975816,0.0010265921178554405,0.0030332761825500876,0.005510781483298916
45,response_tables/trial_00045_hard_negative_structure_obs-empirical_prior-axis_edge_parallel_rel0p5x.npz,axis_edge_parallel,0.5,delay1,delay,1.0,4,16,40,10,1e-06,0.0009305155780930385,0.0017115163294094682,0.004546733624264804,0.004447138809775918
45,response_tables/trial_00045_hard_negative_structure_obs-empirical_prior-axis_edge_parallel_rel0p5x.npz,axis_edge_parallel,0.5,delay2,delay,2.0,4,16,40,10,1e-06,0.0018619727493053573,0.0022468212269562415,0.006244807836743027,0.003785074386703193
45,response_tables/trial_00045_hard_negative_structure_obs-empirical_prior-axis_edge_parallel_rel0p5x.npz,axis_edge_parallel,0.5,delay3,delay,3.0,4,16,40,10,1e-06,0.0015146853707687646,0.0020036769992725634,0.007397745419588514,0.0031723194312569813
45,response_tables/trial_00045_hard_negative_structure_obs-empirical_prior-axis_edge_parallel_rel0p5x.npz,axis_edge_parallel,0.5,delay4,delay,4.0,4,16,40,10,1e-06,-0.0014549008775172623,4.2863629220624144e-05,0.007413609247676173,0.002668959237784512
45,response_tables/trial_00045_hard_negative_structure_obs-empirical_prior-axis_edge_parallel_rel0p5x.npz,axis_edge_parallel,0.5,delay6,delay,6.0,4,16,40,10,1e-06,-0.011184839447508033,-0.007036172249052175,0.0065464596716877654,0.003774708493075067
45,response_tables/trial_00045_hard_negative_structure_obs-empirical_prior-axis_edge_parallel_rel0p5x.npz,axis_edge_parallel,0.5,delay8,delay,8.0,4,16,40,10,1e-06,-0.022524438010315728,-0.015510544120675318,0.006783448737753328,0.004805240388830985
45,response_tables/trial_00045_hard_negative_structure_obs-empirical_prior-axis_edge_parallel_rel0p5x.npz,axis_edge_parallel,0.5,box2,boxcar,2.0,4,16,40,10,1e-06,0.0003129078267068708,0.0014163228714826337,0.00404562823920121,0.004527076722337012
45,response_tables/trial_00045_hard_negative_structure_obs-empirical_prior-axis_edge_parallel_rel0p5x.npz,axis_edge_parallel,0.5,box4,boxcar,4.0,4,16,40,10,1e-06,0.0008051076753214093,0.00195513781793194,0.005994116988262105,0.00334522854939649
45,response_tables/trial_00045_hard_negative_structure_obs-empirical_prior-axis_edge_parallel_rel0p5x.npz,axis_edge_parallel,0.5,box8,boxcar,8.0,4,16,40,10,1e-06,-0.0048353769209735775,-0.0013397629630829688,0.006771032321383458,0.00222250191250312
45,response_tables/trial_00045_hard_negative_structure_obs-empirical_prior-axis_edge_parallel_rel0p5x.npz,axis_edge_parallel,0.5,ema0p25,ema,0.25,4,16,40,10,1e-06,0.0002515728932348249,0.0012785605360868812,0.0037264217843722136,0.004737018852327113
45,response_tables/trial_00045_hard_negative_structure_obs-empirical_prior-axis_edge_parallel_rel0p5x.npz,axis_edge_parallel,0.5,ema0p50,ema,0.5,4,16,40,10,1e-06,0.0001240951151421088,0.0014422431808937541,0.00481200216981259,0.003815917092313356
45,response_tables/trial_00045_hard_negative_structure_obs-empirical_prior-axis_edge_parallel_rel0p5x.npz,axis_edge_parallel,0.5,ema0p75,ema,0.75,4,16,40,10,1e-06,-0.004637276332101925,-0.0017545446609467663,0.006170674663262626,0.0026046731664357654
45,response_tables/trial_00045_hard_negative_structure_obs-empirical_prior-axis_edge_parallel_rel0p5x.npz,axis_edge_parallel,0.5,ema0p90,ema,0.9,4,16,40,10,1e-06,-0.0346183168924275,-0.028522466670884317,0.010283670128865718,0.002602487254962985
45,response_tables/trial_00045_hard_negative_structure_obs-empirical_prior-axis_edge_orthogonal_rel0p5x.npz,axis_edge_orthogonal,0.5,instant,delay,0.0,4,16,40,10,1e-06,-0.0067631754707989655,-0.0024003280154150097,0.0018324867814016321,0.004947422211226743
45,response_tables/trial_00045_hard_negative_structure_obs-empirical_prior-axis_edge_orthogonal_rel0p5x.npz,axis_edge_orthogonal,0.5,delay1,delay,1.0,4,16,40,10,1e-06,-0.0069854320449835305,-0.0022449115820144527,0.003330580785206483,0.0032744187923444924
45,response_tables/trial_00045_hard_negative_structure_obs-empirical_prior-axis_edge_orthogonal_rel0p5x.npz,axis_edge_orthogonal,0.5,delay2,delay,2.0,4,16,40,10,1e-06,-0.0069317544789352925,-0.0022907673467155165,0.0052823626690491066,0.0022248502925342317
45,response_tables/trial_00045_hard_negative_structure_obs-empirical_prior-axis_edge_orthogonal_rel0p5x.npz,axis_edge_orthogonal,0.5,delay3,delay,3.0,4,16,40,10,1e-06,-0.007706968570364042,-0.002753513690907261,0.007169588372415353,0.0017365162896055921
45,response_tables/trial_00045_hard_negative_structure_obs-empirical_prior-axis_edge_orthogonal_rel0p5x.npz,axis_edge_orthogonal,0.5,delay4,delay,4.0,4,16,40,10,1e-06,-0.010444267262860296,-0.004525186100433176,0.008817229897738782,0.0014335488683859905
45,response_tables/trial_00045_hard_negative_structure_obs-empirical_prior-axis_edge_orthogonal_rel0p5x.npz,axis_edge_orthogonal,0.5,delay6,delay,6.0,4,16,40,10,1e-06,-0.016355995142263435,-0.010243131532318817,0.011532363691072633,0.001442310963346797
45,response_tables/trial_00045_hard_negative_structure_obs-empirical_prior-axis_edge_orthogonal_rel0p5x.npz,axis_edge_orthogonal,0.5,delay8,delay,8.0,4,16,40,10,1e-06,-0.023226442643162204,-0.017957779948175157,0.01392082665202124,0.0018254331431422246
45,response_tables/trial_00045_hard_negative_structure_obs-empirical_prior-axis_edge_orthogonal_rel0p5x.npz,axis_edge_orthogonal,0.5,box2,boxcar,2.0,4,16,40,10,1e-06,-0.008284215901938619,-0.0026770739793287035,0.0027075485240270203,0.0036606044151032764
45,response_tables/trial_00045_hard_negative_structure_obs-empirical_prior-axis_edge_orthogonal_rel0p5x.npz,axis_edge_orthogonal,0.5,box4,boxcar,4.0,4,16,40,10,1e-06,-0.00998508056741959,-0.0031820845265885245,0.0047812860956941705,0.002265358366859693
45,response_tables/trial_00045_hard_negative_structure_obs-empirical_prior-axis_edge_orthogonal_rel0p5x.npz,axis_edge_orthogonal,0.5,box8,boxcar,8.0,4,16,40,10,1e-06,-0.015679585812873043,-0.006853525971403318,0.008480744173922916,0.0013276335218998516
45,response_tables/trial_00045_hard_negative_structure_obs-empirical_prior-axis_edge_orthogonal_rel0p5x.npz,axis_edge_orthogonal,0.5,ema0p25,ema,0.25,4,16,40,10,1e-06,-0.007951304170951301,-0.0026710105288781927,0.00241477225852732,0.003954697939204846
45,response_tables/trial_00045_hard_negative_structure_obs-empirical_prior-axis_edge_orthogonal_rel0p5x.npz,axis_edge_orthogonal,0.5,ema0p50,ema,0.5,4,16,40,10,1e-06,-0.009542914736892949,-0.003135673898289726,0.0036164915982415113,0.002839877183566491
45,response_tables/trial_00045_hard_negative_structure_obs-empirical_prior-axis_edge_orthogonal_rel0p5x.npz,axis_edge_orthogonal,0.5,ema0p75,ema,0.75,4,16,40,10,1e-06,-0.014027350109610037,-0.00614171917865447,0.007408775993646255,0.0016238000719751436
45,response_tables/trial_00045_hard_negative_structure_obs-empirical_prior-axis_edge_orthogonal_rel0p5x.npz,axis_edge_orthogonal,0.5,ema0p90,ema,0.9,4,16,40,10,1e-06,-0.03235404272921838,-0.032372053919451305,0.019809841984528315,0.001148044782326516
46,response_tables/trial_00046_hard_negative_structure_obs-empirical_prior-axis_edge_parallel_rel1x.npz,axis_edge_parallel,1.0,instant,delay,0.0,4,16,40,10,1e-06,-0.0034078784247214,-0.0034578025828860826,0.0018583903016977654,0.01014235822371752
46,response_tables/trial_00046_hard_negative_structure_obs-empirical_prior-axis_edge_parallel_rel1x.npz,axis_edge_parallel,1.0,delay1,delay,1.0,4,16,40,10,1e-06,-0.003776018275852,-0.0037405124028697667,0.0008812229312525066,0.016286778894007276
46,response_tables/trial_00046_hard_negative_structure_obs-empirical_prior-axis_edge_parallel_rel1x.npz,axis_edge_parallel,1.0,delay2,delay,2.0,4,16,40,10,1e-06,-0.004086392232739211,-0.002606396781352438,0.0009750247371098919,0.021531143123666774
46,response_tables/trial_00046_hard_negative_structure_obs-empirical_prior-axis_edge_parallel_rel1x.npz,axis_edge_parallel,1.0,delay3,delay,3.0,4,16,40,10,1e-06,-0.0042790954387038616,-0.001762513513415942,0.001817533306975344,0.012728493748969824
46,response_tables/trial_00046_hard_negative_structure_obs-empirical_prior-axis_edge_parallel_rel1x.npz,axis_edge_parallel,1.0,delay4,delay,4.0,4,16,40,10,1e-06,-0.0037717159474344453,-0.00033745996463108163,0.0038818543489908264,0.006027838941156308
46,response_tables/trial_00046_hard_negative_structure_obs-empirical_prior-axis_edge_parallel_rel1x.npz,axis_edge_parallel,1.0,delay6,delay,6.0,4,16,40,10,1e-06,0.0015954049947396742,0.009088633880493413,0.013427109443847146,0.0035372693799078556
46,response_tables/trial_00046_hard_negative_structure_obs-empirical_prior-axis_edge_parallel_rel1x.npz,axis_edge_parallel,1.0,delay8,delay,8.0,4,16,40,10,1e-06,0.009795920288299204,0.0218735037981736,0.025813900712380072,0.0030963832672494494
46,response_tables/trial_00046_hard_negative_structure_obs-empirical_prior-axis_edge_parallel_rel1x.npz,axis_edge_parallel,1.0,box2,boxcar,2.0,4,16,40,10,1e-06,-0.004086979832073623,-0.004494110515229854,0.0012825309392413275,0.01256556926026009
46,response_tables/trial_00046_hard_negative_structure_obs-empirical_prior-axis_edge_parallel_rel1x.npz,axis_edge_parallel,1.0,box4,boxcar,4.0,4,16,40,10,1e-06,-0.004755272467870497,-0.003908716836111603,0.0009081103513196298,0.014061173062712394
46,response_tables/trial_00046_hard_negative_structure_obs-empirical_prior-axis_edge_parallel_rel1x.npz,axis_edge_parallel,1.0,box8,boxcar,8.0,4,16,40,10,1e-06,-0.004945174944252756,-0.0010420177130847086,0.003406945993683047,0.00761596719023231
46,response_tables/trial_00046_hard_negative_structure_obs-empirical_prior-axis_edge_parallel_rel1x.npz,axis_edge_parallel,1.0,ema0p25,ema,0.25,4,16,40,10,1e-06,-0.003934896818360123,-0.004231274126151985,0.001478381716715993,0.011374515679270532
46,response_tables/trial_00046_hard_negative_structure_obs-empirical_prior-axis_edge_parallel_rel1x.npz,axis_edge_parallel,1.0,ema0p50,ema,0.5,4,16,40,10,1e-06,-0.004309166025281641,-0.004161533262355577,0.0009804901090690876,0.01391737674834578
46,response_tables/trial_00046_hard_negative_structure_obs-empirical_prior-axis_edge_parallel_rel1x.npz,axis_edge_parallel,1.0,ema0p75,ema,0.75,4,16,40,10,1e-06,-0.003900024601332458,-0.0006069043676933394,0.0026341207352996443,0.010051576044490473
46,response_tables/trial_00046_hard_negative_structure_obs-empirical_prior-axis_edge_parallel_rel1x.npz,axis_edge_parallel,1.0,ema0p90,ema,0.9,4,16,40,10,1e-06,0.010201841889773966,0.025901631727397068,0.03077741042577481,0.0036657751615602847
46,response_tables/trial_00046_hard_negative_structure_obs-empirical_prior-axis_edge_orthogonal_rel1x.npz,axis_edge_orthogonal,1.0,instant,delay,0.0,4,16,40,10,1e-06,-0.004741262654283596,-0.004777615607394092,0.0019104080324999773,0.009440310233875003
46,response_tables/trial_00046_hard_negative_structure_obs-empirical_prior-axis_edge_orthogonal_rel1x.npz,axis_edge_orthogonal,1.0,delay1,delay,1.0,4,16,40,10,1e-06,-0.004898900754041202,-0.0045528195172931385,0.000896905966758621,0.01399591751778891
46,response_tables/trial_00046_hard_negative_structure_obs-empirical_prior-axis_edge_orthogonal_rel1x.npz,axis_edge_orthogonal,1.0,delay2,delay,2.0,4,16,40,10,1e-06,-0.005440137498710806,-0.004366318065534447,0.0006168796246367181,0.019332123460150962
46,response_tables/trial_00046_hard_negative_structure_obs-empirical_prior-axis_edge_orthogonal_rel1x.npz,axis_edge_orthogonal,1.0,delay3,delay,3.0,4,16,40,10,1e-06,-0.006429391973071796,-0.004191268580055918,0.0007565481830736909,0.016765817792922025
46,response_tables/trial_00046_hard_negative_structure_obs-empirical_prior-axis_edge_orthogonal_rel1x.npz,axis_edge_orthogonal,1.0,delay4,delay,4.0,4,16,40,10,1e-06,-0.00773932573651559,-0.0035488179112999063,0.001507130749096225,0.010277323292722695
46,response_tables/trial_00046_hard_negative_structure_obs-empirical_prior-axis_edge_orthogonal_rel1x.npz,axis_edge_orthogonal,1.0,delay6,delay,6.0,4,16,40,10,1e-06,-0.00568479885702447,0.0028982895421281185,0.00743016782584463,0.004468990181577823
46,response_tables/trial_00046_hard_negative_structure_obs-empirical_prior-axis_edge_orthogonal_rel1x.npz,axis_edge_orthogonal,1.0,delay8,delay,8.0,4,16,40,10,1e-06,-0.0025057667703685116,0.007679294082306165,0.015427679453767468,0.0035463492034513012
46,response_tables/trial_00046_hard_negative_structure_obs-empirical_prior-axis_edge_orthogonal_rel1x.npz,axis_edge_orthogonal,1.0,box2,boxcar,2.0,4,16,40,10,1e-06,-0.005534863643278598,-0.005684763765338663,0.0013671748928123506,0.01041414233037548
46,response_tables/trial_00046_hard_negative_structure_obs-empirical_prior-axis_edge_orthogonal_rel1x.npz,axis_edge_orthogonal,1.0,box4,boxcar,4.0,4,16,40,10,1e-06,-0.006468605494070079,-0.005794564521664269,0.0007454401721130322,0.0156797274006629
46,response_tables/trial_00046_hard_negative_structure_obs-empirical_prior-axis_edge_orthogonal_rel1x.npz,axis_edge_orthogonal,1.0,box8,boxcar,8.0,4,16,40,10,1e-06,-0.00861347269387408,-0.004440882337667373,0.0013815627745125125,0.008256569419200888
46,response_tables/trial_00046_hard_negative_structure_obs-empirical_prior-axis_edge_orthogonal_rel1x.npz,axis_edge_orthogonal,1.0,ema0p25,ema,0.25,4,16,40,10,1e-06,-0.005393344477936213,-0.005542466523906442,0.001558423890505506,0.009835601469914775
46,response_tables/trial_00046_hard_negative_structure_obs-empirical_prior-axis_edge_orthogonal_rel1x.npz,axis_edge_orthogonal,1.0,ema0p50,ema,0.5,4,16,40,10,1e-06,-0.005870196872237665,-0.005552938008996033,0.0009560116900221294,0.012341267937025389
46,response_tables/trial_00046_hard_negative_structure_obs-empirical_prior-axis_edge_orthogonal_rel1x.npz,axis_edge_orthogonal,1.0,ema0p75,ema,0.75,4,16,40,10,1e-06,-0.00655859004659487,-0.0032273686566326454,0.0010120444364759562,0.01217659229656547
46,response_tables/trial_00046_hard_negative_structure_obs-empirical_prior-axis_edge_orthogonal_rel1x.npz,axis_edge_orthogonal,1.0,ema0p90,ema,0.9,4,16,40,10,1e-06,-0.005741013264738082,0.007276591477584637,0.016823888979427964,0.0036069453136343597
47,response_tables/trial_00047_hard_negative_structure_obs-empirical_prior-axis_edge_parallel_rel2x.npz,axis_edge_parallel,2.0,instant,delay,0.0,4,16,40,10,1e-06,-0.0023466839386511174,-0.0024805667100030737,0.00039718391173093615,0.033443488013440416
47,response_tables/trial_00047_hard_negative_structure_obs-empirical_prior-axis_edge_parallel_rel2x.npz,axis_edge_parallel,2.0,delay1,delay,1.0,4,16,40,10,1e-06,-0.0036432081130580163,-0.003987645248679894,0.0012782029472967749,0.03547996482876746
47,response_tables/trial_00047_hard_negative_structure_obs-empirical_prior-axis_edge_parallel_rel2x.npz,axis_edge_parallel,2.0,delay2,delay,2.0,4,16,40,10,1e-06,-0.0033472997502010104,-0.004281387487387267,0.002732249817865906,0.07933304185285713
47,response_tables/trial_00047_hard_negative_structure_obs-empirical_prior-axis_edge_parallel_rel2x.npz,axis_edge_parallel,2.0,delay3,delay,3.0,4,16,40,10,1e-06,-0.002924727575581071,-0.004160949085152743,0.0046349762167965936,0.03972487981979169
47,response_tables/trial_00047_hard_negative_structure_obs-empirical_prior-axis_edge_parallel_rel2x.npz,axis_edge_parallel,2.0,delay4,delay,4.0,4,16,40,10,1e-06,-0.0015768929184623581,-0.0028933052192752218,0.007221322335751484,0.04470003822499952
47,response_tables/trial_00047_hard_negative_structure_obs-empirical_prior-axis_edge_parallel_rel2x.npz,axis_edge_parallel,2.0,delay6,delay,6.0,4,16,40,10,1e-06,0.0065129312191699595,0.006288593038240808,0.01882831179506997,0.00911963414748171
47,response_tables/trial_00047_hard_negative_structure_obs-empirical_prior-axis_edge_parallel_rel2x.npz,axis_edge_parallel,2.0,delay8,delay,8.0,4,16,40,10,1e-06,0.015643079402239163,0.016314721354647288,0.035876661173472685,0.003036838227187586
47,response_tables/trial_00047_hard_negative_structure_obs-empirical_prior-axis_edge_parallel_rel2x.npz,axis_edge_parallel,2.0,box2,boxcar,2.0,4,16,40,10,1e-06,-0.0032583746892063115,-0.003341501183957263,0.0008125142220143378,0.027613104434734848
47,response_tables/trial_00047_hard_negative_structure_obs-empirical_prior-axis_edge_parallel_rel2x.npz,axis_edge_parallel,2.0,box4,boxcar,4.0,4,16,40,10,1e-06,-0.003786190821540275,-0.004520676080128072,0.002159938302036507,0.03750750720061084
47,response_tables/trial_00047_hard_negative_structure_obs-empirical_prior-axis_edge_parallel_rel2x.npz,axis_edge_parallel,2.0,box8,boxcar,8.0,4,16,40,10,1e-06,-0.0003953898463203154,-0.001575463792613141,0.008427171622960944,0.0082312150442607
47,response_tables/trial_00047_hard_negative_structure_obs-empirical_prior-axis_edge_parallel_rel2x.npz,axis_edge_parallel,2.0,ema0p25,ema,0.25,4,16,40,10,1e-06,-0.002850193710495219,-0.0028347226820922833,0.0006475649102467562,0.02888647370202082
47,response_tables/trial_00047_hard_negative_structure_obs-empirical_prior-axis_edge_parallel_rel2x.npz,axis_edge_parallel,2.0,ema0p50,ema,0.5,4,16,40,10,1e-06,-0.0032770114274167095,-0.0036704943223506703,0.0014443162308349078,0.03785267200245617
47,response_tables/trial_00047_hard_negative_structure_obs-empirical_prior-axis_edge_parallel_rel2x.npz,axis_edge_parallel,2.0,ema0p75,ema,0.75,4,16,40,10,1e-06,-0.0006848865255445757,-0.0014209369591746124,0.007486139298455069,0.010328020597016065
47,response_tables/trial_00047_hard_negative_structure_obs-empirical_prior-axis_edge_parallel_rel2x.npz,axis_edge_parallel,2.0,ema0p90,ema,0.9,4,16,40,10,1e-06,0.014398461306624727,0.015541098750429472,0.04709012094156481,0.003613882987404334
47,response_tables/trial_00047_hard_negative_structure_obs-empirical_prior-axis_edge_orthogonal_rel2x.npz,axis_edge_orthogonal,2.0,instant,delay,0.0,4,16,40,10,1e-06,-0.0014769738684745626,-0.001494026809795046,0.00027582804628481505,0.034517775811193224
47,response_tables/trial_00047_hard_negative_structure_obs-empirical_prior-axis_edge_orthogonal_rel2x.npz,axis_edge_orthogonal,2.0,delay1,delay,1.0,4,16,40,10,1e-06,-0.003684925105235215,-0.003835094366119507,0.00027149583512453557,0.04706248065442749
47,response_tables/trial_00047_hard_negative_structure_obs-empirical_prior-axis_edge_orthogonal_rel2x.npz,axis_edge_orthogonal,2.0,delay2,delay,2.0,4,16,40,10,1e-06,-0.004307145551511016,-0.0042035819571465405,0.0007783868000688088,0.05570510166292352
47,response_tables/trial_00047_hard_negative_structure_obs-empirical_prior-axis_edge_orthogonal_rel2x.npz,axis_edge_orthogonal,2.0,delay3,delay,3.0,4,16,40,10,1e-06,-0.004666271590408888,-0.004477384969697407,0.001661882303405221,0.027138248566128356
47,response_tables/trial_00047_hard_negative_structure_obs-empirical_prior-axis_edge_orthogonal_rel2x.npz,axis_edge_orthogonal,2.0,delay4,delay,4.0,4,16,40,10,1e-06,-0.003880312762013699,-0.0037780452120663166,0.003749835971026072,0.025004591339930625
47,response_tables/trial_00047_hard_negative_structure_obs-empirical_prior-axis_edge_orthogonal_rel2x.npz,axis_edge_orthogonal,2.0,delay6,delay,6.0,4,16,40,10,1e-06,0.0017709595152312352,0.002293116151983743,0.01366285198796549,0.008940040792802938
47,response_tables/trial_00047_hard_negative_structure_obs-empirical_prior-axis_edge_orthogonal_rel2x.npz,axis_edge_orthogonal,2.0,delay8,delay,8.0,4,16,40,10,1e-06,0.00914608835717376,0.009807396039293648,0.028963565224022214,0.003500927715447632
47,response_tables/trial_00047_hard_negative_structure_obs-empirical_prior-axis_edge_orthogonal_rel2x.npz,axis_edge_orthogonal,2.0,box2,boxcar,2.0,4,16,40,10,1e-06,-0.0027021711591389552,-0.002581216576940659,0.00021226821420972097,0.03798691164929647
47,response_tables/trial_00047_hard_negative_structure_obs-empirical_prior-axis_edge_orthogonal_rel2x.npz,axis_edge_orthogonal,2.0,box4,boxcar,4.0,4,16,40,10,1e-06,-0.004205904395683024,-0.004139705447823272,0.0004716377480021572,0.04580170147982072
47,response_tables/trial_00047_hard_negative_structure_obs-empirical_prior-axis_edge_orthogonal_rel2x.npz,axis_edge_orthogonal,2.0,box8,boxcar,8.0,4,16,40,10,1e-06,-0.003298839749906718,-0.0029798283884238663,0.004291710960622114,0.00804238199763993
47,response_tables/trial_00047_hard_negative_structure_obs-empirical_prior-axis_edge_orthogonal_rel2x.npz,axis_edge_orthogonal,2.0,ema0p25,ema,0.25,4,16,40,10,1e-06,-0.0021533334481482203,-0.00209950576815221,0.0002162999114931341,0.03810497055511467
47,response_tables/trial_00047_hard_negative_structure_obs-empirical_prior-axis_edge_orthogonal_rel2x.npz,axis_edge_orthogonal,2.0,ema0p50,ema,0.5,4,16,40,10,1e-06,-0.0031761146290066877,-0.003211222702243055,0.0002985026621983855,0.05229420149559095
47,response_tables/trial_00047_hard_negative_structure_obs-empirical_prior-axis_edge_orthogonal_rel2x.npz,axis_edge_orthogonal,2.0,ema0p75,ema,0.75,4,16,40,10,1e-06,-0.0031427210420527374,-0.0025271495403919597,0.003647966449065121,0.00844691266497962
47,response_tables/trial_00047_hard_negative_structure_obs-empirical_prior-axis_edge_orthogonal_rel2x.npz,axis_edge_orthogonal,2.0,ema0p90,ema,0.9,4,16,40,10,1e-06,0.006071198437195113,0.007193020763112845,0.035721945699062785,0.0019033738616674155
