table_index,trial_id,response_cache_path,prior_scale,candidate_index,true_candidate_index,n_fit_trajectories,n_fit_samples,linear_train_r2,linear_residual_var,quadratic_train_r2,quadratic_residual_var,profile_energy,profile_start_index,optimizer_success,optimizer_iterations,optimizer_final_iterations,optimizer_stage_success_fraction,quadratic_continuation_scales,observation_continuation_scales,trajectory_hat_rms,trajectory_hat_temporal_std_mean
0,2,response_tables/trial_00002_hard_negative_structure_obs-empirical_prior-axis_edge_parallel_rel2x.npz,2.0,0,0,16,640,0.004031778616739867,0.00012178213514922433,0.3631406971554829,7.787204855023835e-05,94.89482491588431,0,True,79,79,1.0,1,1,0.14484689419884322,0.02864015527077008
0,2,response_tables/trial_00002_hard_negative_structure_obs-empirical_prior-axis_edge_parallel_rel2x.npz,2.0,1,0,16,640,0.008165014004383186,0.00012391281452784245,0.35680124967953,8.035668087771272e-05,93.9949054152818,1,True,78,78,1.0,1,1,0.13830513650819196,0.029518293816885276
0,2,response_tables/trial_00002_hard_negative_structure_obs-empirical_prior-axis_edge_parallel_rel2x.npz,2.0,2,0,16,640,0.0035142911434948854,0.00014999240538145843,0.35742772826145064,9.672086595209979e-05,78.50194410705753,0,True,77,77,1.0,1,1,0.1293310729595356,0.026093202812424884
0,2,response_tables/trial_00002_hard_negative_structure_obs-empirical_prior-axis_edge_parallel_rel2x.npz,2.0,3,0,16,640,0.0054900206016151865,9.134012146834682e-05,0.37251304380610173,5.763113089445885e-05,215.2576227738229,0,True,70,70,1.0,1,1,0.13577270377146816,0.022131038823721
1,5,response_tables/trial_00005_hard_negative_structure_obs-empirical_prior-axis_edge_parallel_rel2x.npz,2.0,0,0,16,640,0.006840055088684127,6.87155343925217e-05,0.13720674871558947,5.969562066617938e-05,121.53733594777756,2,True,55,55,1.0,1,1,0.17254463757507726,0.02892913605740156
1,5,response_tables/trial_00005_hard_negative_structure_obs-empirical_prior-axis_edge_parallel_rel2x.npz,2.0,1,0,16,640,0.006072620560785724,9.297720145874071e-05,0.14612166838902774,7.98762759752531e-05,135.53379869533188,2,True,78,78,1.0,1,1,0.16900305855597855,0.03326238494815542
1,5,response_tables/trial_00005_hard_negative_structure_obs-empirical_prior-axis_edge_parallel_rel2x.npz,2.0,2,0,16,640,0.006655504313096694,7.839662087076372e-05,0.13355317179312676,6.838161764679476e-05,105.35008925387082,1,True,59,59,1.0,1,1,0.157351173525936,0.02865406557215937
1,5,response_tables/trial_00005_hard_negative_structure_obs-empirical_prior-axis_edge_parallel_rel2x.npz,2.0,3,0,16,640,0.004262364192651691,7.390225838363611e-05,0.13219867611824787,6.44070037697951e-05,108.66315589365769,2,True,59,59,1.0,1,1,0.16595370457243458,0.029079683332323816
2,8,response_tables/trial_00008_hard_negative_structure_obs-empirical_prior-axis_edge_parallel_rel2x.npz,2.0,0,0,16,640,0.0021487194894429518,6.742021258627813e-05,0.2851479165516718,4.829926099726063e-05,76.6964597409629,0,True,78,78,1.0,1,1,0.14731958755255342,0.021444827766996324
2,8,response_tables/trial_00008_hard_negative_structure_obs-empirical_prior-axis_edge_parallel_rel2x.npz,2.0,1,0,16,640,0.0008350204164323527,3.051760345287406e-05,0.2901152882309016,2.1682085114768803e-05,603.9906378893105,1,True,52,52,1.0,1,1,0.20385662585035916,0.024624400298244142
2,8,response_tables/trial_00008_hard_negative_structure_obs-empirical_prior-axis_edge_parallel_rel2x.npz,2.0,2,0,16,640,0.00384145934699176,9.674967637242528e-05,0.2583136438029796,7.2034633046328e-05,201.02044033817245,0,True,65,65,1.0,1,1,0.1408563409719211,0.026669110298618362
2,8,response_tables/trial_00008_hard_negative_structure_obs-empirical_prior-axis_edge_parallel_rel2x.npz,2.0,3,0,16,640,0.0008259714991161182,9.146431553272848e-05,0.27737442922579947,6.614909048073904e-05,137.74261685441607,0,True,15,15,1.0,1,1,0.12958978614661687,0.01739733484865491
3,11,response_tables/trial_00011_hard_negative_structure_obs-empirical_prior-axis_edge_parallel_rel2x.npz,2.0,0,0,16,640,0.0062367615862145565,8.91109870083712e-05,0.2564422185875376,6.667500390251918e-05,79.10528176972669,1,True,72,72,1.0,1,1,0.12825784123264658,0.022978841050025775
3,11,response_tables/trial_00011_hard_negative_structure_obs-empirical_prior-axis_edge_parallel_rel2x.npz,2.0,1,0,16,640,0.006191328379491767,0.00013054702555884249,0.24263501934123233,9.948770654839603e-05,59.425559115769076,1,True,73,73,1.0,1,1,0.12342009883985228,0.023959212588656097
3,11,response_tables/trial_00011_hard_negative_structure_obs-empirical_prior-axis_edge_parallel_rel2x.npz,2.0,2,0,16,640,0.0005173815812357097,9.694182342293148e-05,0.24082175908723114,7.363421996625657e-05,88.72492827535754,0,True,68,68,1.0,1,1,0.15584023941790787,0.028486105960486393
3,11,response_tables/trial_00011_hard_negative_structure_obs-empirical_prior-axis_edge_parallel_rel2x.npz,2.0,3,0,16,640,0.006627395047488993,8.777667092200686e-05,0.23768669243010454,6.735974397162701e-05,99.13052623854641,0,True,60,60,1.0,1,1,0.1516925226226197,0.022052237554289367
4,14,response_tables/trial_00014_hard_negative_structure_obs-empirical_prior-axis_edge_parallel_rel2x.npz,2.0,0,0,16,640,0.005231935978659341,4.9857637283721475e-05,0.32775940949215476,3.3692605081676463e-05,110.63748859113022,0,True,76,76,1.0,1,1,0.14647643892423298,0.031034691045630176
4,14,response_tables/trial_00014_hard_negative_structure_obs-empirical_prior-axis_edge_parallel_rel2x.npz,2.0,1,0,16,640,0.0008366997145375921,0.00010980478942844776,0.3127294983636911,7.552878762760594e-05,72.54854315942607,1,True,77,77,1.0,1,1,0.12835740169133708,0.028274119963435568
4,14,response_tables/trial_00014_hard_negative_structure_obs-empirical_prior-axis_edge_parallel_rel2x.npz,2.0,2,0,16,640,0.0011110055359174753,7.753870813329301e-05,0.35508094067451845,5.006180965830481e-05,194.30311941853049,1,True,45,45,1.0,1,1,0.1255092186965803,0.022467731382939924
4,14,response_tables/trial_00014_hard_negative_structure_obs-empirical_prior-axis_edge_parallel_rel2x.npz,2.0,3,0,16,640,0.002105272896023136,4.068682621399287e-05,0.30653006096715407,2.8274616678195678e-05,137.4375509609921,0,True,74,74,1.0,1,1,0.15274119429510172,0.029646151101996567
5,17,response_tables/trial_00017_hard_negative_structure_obs-empirical_prior-axis_edge_parallel_rel2x.npz,2.0,0,0,16,640,0.0008410074667287715,0.0001091720375997832,0.21582604391335614,8.568192775967142e-05,76.35854715732917,0,True,71,71,1.0,1,1,0.15194001387550465,0.031247699521535603
5,17,response_tables/trial_00017_hard_negative_structure_obs-empirical_prior-axis_edge_parallel_rel2x.npz,2.0,1,0,16,640,0.0008410074667287715,0.0001091720375997832,0.21582604391335614,8.568192775967142e-05,76.35854715732917,0,True,71,71,1.0,1,1,0.15194001387550465,0.031247699521535603
5,17,response_tables/trial_00017_hard_negative_structure_obs-empirical_prior-axis_edge_parallel_rel2x.npz,2.0,2,0,16,640,0.0055417428756671105,2.7417500712241944e-05,0.15817509766045912,2.3209355137961998e-05,487.90752276413934,1,True,73,73,1.0,1,1,0.2649957554601671,0.038494079557955856
5,17,response_tables/trial_00017_hard_negative_structure_obs-empirical_prior-axis_edge_parallel_rel2x.npz,2.0,3,0,16,640,0.0014821233882227336,0.00011831883293452729,0.16014850625348898,9.951774615752992e-05,104.64246201541765,2,True,54,54,1.0,1,1,0.15730246735511966,0.02520320083769994
6,20,response_tables/trial_00020_hard_negative_structure_obs-empirical_prior-axis_edge_parallel_rel2x.npz,2.0,0,0,16,640,0.0009428868357740372,9.07094097204162e-05,0.18163545617189436,7.430342442751078e-05,71.77529268695571,1,False,80,80,0.0,1,1,0.15304598535747538,0.028315054413291782
6,20,response_tables/trial_00020_hard_negative_structure_obs-empirical_prior-axis_edge_parallel_rel2x.npz,2.0,1,0,16,640,0.0009428868357740372,9.07094097204162e-05,0.18163545617189436,7.430342442751078e-05,71.77529268695571,1,False,80,80,0.0,1,1,0.15304598535747538,0.028315054413291782
6,20,response_tables/trial_00020_hard_negative_structure_obs-empirical_prior-axis_edge_parallel_rel2x.npz,2.0,2,0,16,640,0.002225886462928428,2.1895383176221563e-05,0.18080577067236903,1.797658538493601e-05,532.8749808820515,1,True,78,78,1.0,1,1,0.24410756494712904,0.03186356916545247
6,20,response_tables/trial_00020_hard_negative_structure_obs-empirical_prior-axis_edge_parallel_rel2x.npz,2.0,3,0,16,640,0.0010426242350354276,0.0001066780521294229,0.18935828080175465,8.656793740843447e-05,101.6426060603345,1,True,56,56,1.0,1,1,0.1492689012056653,0.020882345146303858
7,23,response_tables/trial_00023_hard_negative_structure_obs-empirical_prior-axis_edge_parallel_rel2x.npz,2.0,0,0,16,640,0.003542851994391194,0.00010940719368821077,0.2652951721473036,8.066778743614478e-05,47.94963438705986,1,True,77,77,1.0,1,1,0.11746908315015743,0.02761523136950845
7,23,response_tables/trial_00023_hard_negative_structure_obs-empirical_prior-axis_edge_parallel_rel2x.npz,2.0,1,0,16,640,0.0016049444794251633,7.9546783025181e-05,0.28142163672124576,5.725248420878903e-05,96.91938049362098,1,False,80,80,0.0,1,1,0.14595242467781736,0.023219883611720487
7,23,response_tables/trial_00023_hard_negative_structure_obs-empirical_prior-axis_edge_parallel_rel2x.npz,2.0,2,0,16,640,0.0010723873504751014,9.944023776911127e-05,0.29188801284563526,7.049041740173923e-05,77.25234413213704,0,False,80,80,0.0,1,1,0.12547530914309854,0.022183364640708914
7,23,response_tables/trial_00023_hard_negative_structure_obs-empirical_prior-axis_edge_parallel_rel2x.npz,2.0,3,0,16,640,0.0032508440307161823,0.00010189447966008225,0.2816008787820108,7.343964547788707e-05,74.37420288186716,1,True,78,78,1.0,1,1,0.13843843502452077,0.025748156115979
8,26,response_tables/trial_00026_hard_negative_structure_obs-empirical_prior-axis_edge_parallel_rel2x.npz,2.0,0,0,16,640,0.003711097284862963,6.595470807830032e-05,0.15308154070438496,5.606632734414526e-05,85.70967142549097,0,True,61,61,1.0,1,1,0.1488089122586558,0.02437506082759168
8,26,response_tables/trial_00026_hard_negative_structure_obs-empirical_prior-axis_edge_parallel_rel2x.npz,2.0,1,0,16,640,0.008208320565369576,0.00010882532829711873,0.14886362637813721,9.339178499442463e-05,87.44313471727278,0,True,62,62,1.0,1,1,0.1276416801639641,0.022801950454325617
8,26,response_tables/trial_00026_hard_negative_structure_obs-empirical_prior-axis_edge_parallel_rel2x.npz,2.0,2,0,16,640,0.0050299766170121,9.910553816832866e-05,0.22210047517861886,7.748389321939876e-05,59.824460985642176,0,True,68,68,1.0,1,1,0.09620487106821565,0.025146834379273838
8,26,response_tables/trial_00026_hard_negative_structure_obs-empirical_prior-axis_edge_parallel_rel2x.npz,2.0,3,0,16,640,0.0050299766170121,9.910553816832866e-05,0.22210047517861886,7.748389321939876e-05,59.824460985642176,0,True,68,68,1.0,1,1,0.09620487106821565,0.025146834379273838
9,29,response_tables/trial_00029_hard_negative_structure_obs-empirical_prior-axis_edge_parallel_rel2x.npz,2.0,0,0,16,640,0.00040837872280929943,9.554221989754859e-05,0.3006894531765131,6.684097847470537e-05,82.74438234469835,0,True,69,69,1.0,1,1,0.13955515486012135,0.030517403258746717
9,29,response_tables/trial_00029_hard_negative_structure_obs-empirical_prior-axis_edge_parallel_rel2x.npz,2.0,1,0,16,640,0.0003275370692196189,9.649235870896318e-05,0.3009829746557642,6.747190110193e-05,82.92430257689287,0,True,69,69,1.0,1,1,0.1398867313489095,0.03051709527737349
9,29,response_tables/trial_00029_hard_negative_structure_obs-empirical_prior-axis_edge_parallel_rel2x.npz,2.0,2,0,16,640,0.00036628674855376797,0.00010083425921879585,0.29687582519701305,7.092498418693536e-05,83.90215760938251,0,True,75,75,1.0,1,1,0.1447299500404083,0.030159124950824068
9,29,response_tables/trial_00029_hard_negative_structure_obs-empirical_prior-axis_edge_parallel_rel2x.npz,2.0,3,0,16,640,0.00021768554529011386,0.00010402435363944281,0.3018648946138256,7.263886552185146e-05,84.50266429499473,0,True,69,69,1.0,1,1,0.1458985321522638,0.030954400110767732
10,32,response_tables/trial_00032_hard_negative_structure_obs-empirical_prior-axis_edge_parallel_rel2x.npz,2.0,0,0,16,640,0.0006768533394514442,8.848091747760396e-05,0.20670274949004697,7.023921020156663e-05,77.12264694790845,0,True,70,70,1.0,1,1,0.14669654849775104,0.029038845831060707
10,32,response_tables/trial_00032_hard_negative_structure_obs-empirical_prior-axis_edge_parallel_rel2x.npz,2.0,1,0,16,640,0.0007996423824054855,8.875810870846414e-05,0.20725195586812395,7.0419127198119e-05,76.85053479185258,1,True,77,77,1.0,1,1,0.14567789166314304,0.02885744539039456
10,32,response_tables/trial_00032_hard_negative_structure_obs-empirical_prior-axis_edge_parallel_rel2x.npz,2.0,2,0,16,640,0.00041530356930397083,9.228486719081124e-05,0.2028290364602543,7.359738175397031e-05,76.86666592766704,0,True,69,69,1.0,1,1,0.15249026457803577,0.028885383142300217
10,32,response_tables/trial_00032_hard_negative_structure_obs-empirical_prior-axis_edge_parallel_rel2x.npz,2.0,3,0,16,640,0.00018666449901216797,9.002438678350997e-05,0.20707276790771278,7.139611495308318e-05,83.72201542705048,0,True,69,69,1.0,1,1,0.15924366524917732,0.03020871424372258
11,35,response_tables/trial_00035_hard_negative_structure_obs-empirical_prior-axis_edge_parallel_rel2x.npz,2.0,0,0,16,640,0.008008419223619945,7.568364815267103e-05,0.267908553296373,5.585465899270312e-05,71.16500540148013,1,True,78,78,1.0,1,1,0.11210274696097546,0.025421938823875646
11,35,response_tables/trial_00035_hard_negative_structure_obs-empirical_prior-axis_edge_parallel_rel2x.npz,2.0,1,0,16,640,0.005858382708311183,9.91512886139839e-05,0.2902476172049271,7.078756399183026e-05,93.00922055224287,1,False,80,80,0.0,1,1,0.11186768273950219,0.01941967064787597
11,35,response_tables/trial_00035_hard_negative_structure_obs-empirical_prior-axis_edge_parallel_rel2x.npz,2.0,2,0,16,640,0.0012438521320314866,6.353302727210939e-05,0.3101099989511136,4.388538718380809e-05,171.50525489171923,0,True,66,66,1.0,1,1,0.13358930939568983,0.01881021041506558
11,35,response_tables/trial_00035_hard_negative_structure_obs-empirical_prior-axis_edge_parallel_rel2x.npz,2.0,3,0,16,640,0.005141169173015658,6.842666218545687e-05,0.27725288394441616,4.971074410098831e-05,146.32398929742064,0,True,76,76,1.0,1,1,0.13559571374017984,0.023459564407881058
12,38,response_tables/trial_00038_hard_negative_structure_obs-empirical_prior-axis_edge_parallel_rel2x.npz,2.0,0,0,16,640,0.004186134649618367,6.220672258000086e-05,0.12025494036251339,5.4956110544554264e-05,175.5803836495342,2,True,75,75,1.0,1,1,0.22115274792959352,0.03446634059425915
12,38,response_tables/trial_00038_hard_negative_structure_obs-empirical_prior-axis_edge_parallel_rel2x.npz,2.0,1,0,16,640,0.001424045947466479,7.090034830694556e-05,0.12760444209592414,6.194135625418542e-05,160.51403073478676,2,False,80,80,0.0,1,1,0.21346730966059502,0.03289276625797092
12,38,response_tables/trial_00038_hard_negative_structure_obs-empirical_prior-axis_edge_parallel_rel2x.npz,2.0,2,0,16,640,0.0011507932543538546,5.592644964032579e-05,0.11785895690435211,4.939185643756157e-05,277.6730152779004,0,True,67,67,1.0,1,1,0.21526064964113453,0.03529492228382513
12,38,response_tables/trial_00038_hard_negative_structure_obs-empirical_prior-axis_edge_parallel_rel2x.npz,2.0,3,0,16,640,0.002410893691899174,5.711964944084472e-05,0.13818021937436065,4.934581125559999e-05,188.3426042477755,2,True,79,79,1.0,1,1,0.20275878423557675,0.03516092022865774
13,41,response_tables/trial_00041_hard_negative_structure_obs-empirical_prior-axis_edge_parallel_rel2x.npz,2.0,0,0,16,640,0.0010324442613122153,3.1465165896655555e-05,0.3369876220340615,2.0883355364637514e-05,123.26288551259174,0,True,65,65,1.0,1,1,0.12609379687740727,0.022628812108555364
13,41,response_tables/trial_00041_hard_negative_structure_obs-empirical_prior-axis_edge_parallel_rel2x.npz,2.0,1,0,16,640,0.003751489614185033,4.339767932684074e-05,0.32670976047257316,2.932926233193302e-05,113.33558231531696,0,True,68,68,1.0,1,1,0.10498849305634084,0.021346237621948372
13,41,response_tables/trial_00041_hard_negative_structure_obs-empirical_prior-axis_edge_parallel_rel2x.npz,2.0,2,0,16,640,0.0037451206882379573,6.807569819786668e-05,0.32577341988866027,4.607098658964376e-05,222.16529195629494,0,True,69,69,1.0,1,1,0.05488708137621602,0.025556483644444503
13,41,response_tables/trial_00041_hard_negative_structure_obs-empirical_prior-axis_edge_parallel_rel2x.npz,2.0,3,0,16,640,0.008260867699039554,9.918998089013257e-05,0.28337822976979143,7.167378736953619e-05,138.43981755019465,1,True,71,71,1.0,1,1,0.05758278255237857,0.027979766440963352
14,44,response_tables/trial_00044_hard_negative_structure_obs-empirical_prior-axis_edge_parallel_rel2x.npz,2.0,0,0,16,640,0.005389404225639827,5.966946763618161e-05,0.23739301043848315,4.575092330213828e-05,93.62005961593526,0,True,73,73,1.0,1,1,0.13953264711281607,0.02315745533473862
14,44,response_tables/trial_00044_hard_negative_structure_obs-empirical_prior-axis_edge_parallel_rel2x.npz,2.0,1,0,16,640,0.0020273574568202557,6.181114681915642e-05,0.252563482197243,4.6293762344198015e-05,230.66327673917132,1,True,78,78,1.0,1,1,0.16169871902499036,0.022972576161882856
14,44,response_tables/trial_00044_hard_negative_structure_obs-empirical_prior-axis_edge_parallel_rel2x.npz,2.0,2,0,16,640,0.002624229494226915,6.50502087790847e-05,0.24444712970741056,4.927818923377902e-05,108.26059849885344,1,True,68,68,1.0,1,1,0.15461575263875868,0.022738881626534996
14,44,response_tables/trial_00044_hard_negative_structure_obs-empirical_prior-axis_edge_parallel_rel2x.npz,2.0,3,0,16,640,0.0038179421201816055,6.981565534689533e-05,0.22128941834713822,5.457455206467435e-05,288.0416729685448,0,True,73,73,1.0,1,1,0.18471731751550097,0.02400568252221915
15,47,response_tables/trial_00047_hard_negative_structure_obs-empirical_prior-axis_edge_parallel_rel2x.npz,2.0,0,0,16,640,0.00011429372491800205,6.923025836175139e-05,0.2226774768811547,5.382039043882591e-05,128.2314457829169,0,True,67,67,1.0,1,1,0.16893829465781213,0.035768037014916855
15,47,response_tables/trial_00047_hard_negative_structure_obs-empirical_prior-axis_edge_parallel_rel2x.npz,2.0,1,0,16,640,0.0003640996451430567,7.996120867605247e-05,0.233442710395649,6.131717295711756e-05,166.77804766968458,0,True,55,55,1.0,1,1,0.15963701726616653,0.02621309068703659
15,47,response_tables/trial_00047_hard_negative_structure_obs-empirical_prior-axis_edge_parallel_rel2x.npz,2.0,2,0,16,640,0.00025777442013896756,6.525092902899612e-05,0.222588073772378,5.0739929880576595e-05,162.70135949056316,1,True,77,77,1.0,1,1,0.1711120436007546,0.027986914043659526
15,47,response_tables/trial_00047_hard_negative_structure_obs-empirical_prior-axis_edge_parallel_rel2x.npz,2.0,3,0,16,640,0.0010790906741845463,4.5771350640005474e-05,0.23903732319888726,3.4867915145883075e-05,308.37615818644093,1,True,59,59,1.0,1,1,0.16950034495243357,0.026780475192307723
16,50,response_tables/trial_00050_hard_negative_structure_obs-empirical_prior-axis_edge_parallel_rel2x.npz,2.0,0,0,16,640,0.00028806399063563415,3.969755917573336e-05,0.09415918324277006,3.5970031097716066e-05,212.50706228094828,2,True,39,39,1.0,1,1,0.21550656944236107,0.03927472080406825
16,50,response_tables/trial_00050_hard_negative_structure_obs-empirical_prior-axis_edge_parallel_rel2x.npz,2.0,1,0,16,640,0.00032637804467894327,3.030457576406944e-05,0.09260046342025086,2.750733579503362e-05,287.1218033314883,1,True,53,53,1.0,1,1,0.24028635495589545,0.04289548132991957
16,50,response_tables/trial_00050_hard_negative_structure_obs-empirical_prior-axis_edge_parallel_rel2x.npz,2.0,2,0,16,640,0.00038277011907050795,5.133691055798269e-05,0.0939661324800718,4.6530790215484915e-05,177.63582376406578,2,True,68,68,1.0,1,1,0.20704575231013772,0.0371228592308014
16,50,response_tables/trial_00050_hard_negative_structure_obs-empirical_prior-axis_edge_parallel_rel2x.npz,2.0,3,0,16,640,0.0010318347628767155,5.248854541771861e-05,0.09656124785457865,4.746916631007549e-05,200.83919564002684,1,True,70,70,1.0,1,1,0.1865370294667433,0.039503948923985156
17,53,response_tables/trial_00053_hard_negative_structure_obs-empirical_prior-axis_edge_parallel_rel2x.npz,2.0,0,0,16,640,0.0008695735477443067,4.9817607029965743e-05,0.11915497169619438,4.391978295581909e-05,108.19156696543246,1,True,58,58,1.0,1,1,0.15576685598892615,0.029629029902898354
17,53,response_tables/trial_00053_hard_negative_structure_obs-empirical_prior-axis_edge_parallel_rel2x.npz,2.0,1,0,16,640,0.001076031608901462,5.002291811809028e-05,0.11470194022497704,4.433289595158822e-05,112.29326187225367,1,True,61,61,1.0,1,1,0.15902673836905815,0.02972339079725715
17,53,response_tables/trial_00053_hard_negative_structure_obs-empirical_prior-axis_edge_parallel_rel2x.npz,2.0,2,0,16,640,0.00046434676072337755,3.9169371260579114e-05,0.11906692958666776,3.4521624495250966e-05,161.7249563131776,1,True,60,60,1.0,1,1,0.1634343885802509,0.032479676911774204
17,53,response_tables/trial_00053_hard_negative_structure_obs-empirical_prior-axis_edge_parallel_rel2x.npz,2.0,3,0,16,640,0.0005413131512956859,9.620974807721176e-05,0.13340009248354046,8.342051540797178e-05,80.73344482690362,1,True,36,36,1.0,1,1,0.12408439383883946,0.021591529529435518
18,56,response_tables/trial_00056_hard_negative_structure_obs-empirical_prior-axis_edge_parallel_rel2x.npz,2.0,0,0,16,640,0.007565132996152024,9.60137981659954e-05,0.33111911212816125,6.471134449266535e-05,55.781523060425066,0,True,69,69,1.0,1,1,0.11527251199553795,0.019333449830501056
18,56,response_tables/trial_00056_hard_negative_structure_obs-empirical_prior-axis_edge_parallel_rel2x.npz,2.0,1,0,16,640,0.008204164871526642,9.49779387523067e-05,0.3286297864382749,6.429282798463122e-05,56.665986649308245,0,True,69,69,1.0,1,1,0.11457039070702664,0.019526168166128843
18,56,response_tables/trial_00056_hard_negative_structure_obs-empirical_prior-axis_edge_parallel_rel2x.npz,2.0,2,0,16,640,0.006559433748215215,8.935317783544554e-05,0.3303585394829358,6.022966500484519e-05,69.05194680924146,1,True,76,76,1.0,1,1,0.13110264808451128,0.019320488077127173
18,56,response_tables/trial_00056_hard_negative_structure_obs-empirical_prior-axis_edge_parallel_rel2x.npz,2.0,3,0,16,640,0.006484349071547046,8.949872466044218e-05,0.33076806007698345,6.028632268567751e-05,69.48587808388284,1,True,74,74,1.0,1,1,0.13164567017557025,0.01933814021455569
19,59,response_tables/trial_00059_hard_negative_structure_obs-empirical_prior-axis_edge_parallel_rel2x.npz,2.0,0,0,16,640,0.007155395831549449,0.00010152053352769433,0.3191321191724594,6.962023083297631e-05,62.527261871079475,1,True,74,74,1.0,1,1,0.12269589570045453,0.020337475416918722
19,59,response_tables/trial_00059_hard_negative_structure_obs-empirical_prior-axis_edge_parallel_rel2x.npz,2.0,1,0,16,640,0.006333629052520107,0.00010204946254885548,0.3197957581373426,6.985692515622508e-05,62.969892427972184,1,True,77,77,1.0,1,1,0.12361457620024026,0.020242037712185405
19,59,response_tables/trial_00059_hard_negative_structure_obs-empirical_prior-axis_edge_parallel_rel2x.npz,2.0,2,0,16,640,0.004441277301574398,9.315751964629305e-05,0.315103764417453,6.408786650878507e-05,108.68772687532929,1,True,77,77,1.0,1,1,0.1433209255208287,0.02179732596102774
19,59,response_tables/trial_00059_hard_negative_structure_obs-empirical_prior-axis_edge_parallel_rel2x.npz,2.0,3,0,16,640,0.0042412429012725905,9.350907240481415e-05,0.31501687494911723,6.432495439265138e-05,108.7057959361306,1,True,76,76,1.0,1,1,0.1441074020392706,0.021907775989867602
20,62,response_tables/trial_00062_hard_negative_structure_obs-empirical_prior-axis_edge_parallel_rel2x.npz,2.0,0,0,16,640,0.002206946141435684,0.0001462831579126971,0.30870526254265385,0.00010134844780952317,42.22459558781224,1,False,80,80,0.0,1,1,0.11388131181185565,0.02135699366164968
20,62,response_tables/trial_00062_hard_negative_structure_obs-empirical_prior-axis_edge_parallel_rel2x.npz,2.0,1,0,16,640,0.0036726332501408887,0.00010068091878488326,0.3339893165513963,6.730174214615184e-05,65.48020070548554,1,True,75,75,1.0,1,1,0.11302591770512362,0.02153771072137598
20,62,response_tables/trial_00062_hard_negative_structure_obs-empirical_prior-axis_edge_parallel_rel2x.npz,2.0,2,0,16,640,0.00024198566054989268,0.00015540738790263437,0.2904796708609031,0.00011029138995017452,53.83763778058578,0,True,71,71,1.0,1,1,0.10885323207834842,0.021446465985876698
20,62,response_tables/trial_00062_hard_negative_structure_obs-empirical_prior-axis_edge_parallel_rel2x.npz,2.0,3,0,16,640,0.00016014551841403435,0.00015583965653081185,0.2897968110109045,0.00011069554843513816,52.98477220664032,0,True,71,71,1.0,1,1,0.10823244610901944,0.021478682556762566
21,65,response_tables/trial_00065_hard_negative_structure_obs-empirical_prior-axis_edge_parallel_rel2x.npz,2.0,0,0,16,640,0.0014093153053774676,3.9732735631898046e-05,0.257818230682315,2.9530529858819862e-05,205.07779896152016,0,True,46,46,1.0,1,1,0.1606686171194101,0.024171761409394418
21,65,response_tables/trial_00065_hard_negative_structure_obs-empirical_prior-axis_edge_parallel_rel2x.npz,2.0,1,0,16,640,0.004198690660117688,9.471113140423856e-05,0.32022853262661843,6.465338433219299e-05,117.10902592901991,0,True,39,39,1.0,1,1,0.1269956064323136,0.017711321857617583
21,65,response_tables/trial_00065_hard_negative_structure_obs-empirical_prior-axis_edge_parallel_rel2x.npz,2.0,2,0,16,640,0.002747519595618697,5.036782416630022e-05,0.2931403461219726,3.5701072152102824e-05,185.6545173184523,0,True,51,51,1.0,1,1,0.14603813727726442,0.021190595211125433
21,65,response_tables/trial_00065_hard_negative_structure_obs-empirical_prior-axis_edge_parallel_rel2x.npz,2.0,3,0,16,640,0.0032750360741964357,5.06701384808257e-05,0.26257260226312273,3.748832397626594e-05,173.47884432560204,0,True,53,53,1.0,1,1,0.15079804818466966,0.02324006671173992
22,68,response_tables/trial_00068_hard_negative_structure_obs-empirical_prior-axis_edge_parallel_rel2x.npz,2.0,0,0,16,640,0.0012197283759302069,1.7494638123696627e-05,0.09640089918359462,1.5827444460807984e-05,205.4195735361723,0,True,63,63,1.0,1,1,0.26924939432860634,0.03552097324162849
22,68,response_tables/trial_00068_hard_negative_structure_obs-empirical_prior-axis_edge_parallel_rel2x.npz,2.0,1,0,16,640,0.0026534274453043905,1.244581453668811e-05,0.07586625016918014,1.1532197105793686e-05,2858.2980831104646,1,True,70,70,1.0,1,1,0.2990912753739109,0.0516320030623329
22,68,response_tables/trial_00068_hard_negative_structure_obs-empirical_prior-axis_edge_parallel_rel2x.npz,2.0,2,0,16,640,0.0012411884287518715,5.988943442806173e-05,0.09736347933232237,5.4125570749013936e-05,192.0984320424052,0,True,56,56,1.0,1,1,0.20974110029589343,0.03765047215288708
22,68,response_tables/trial_00068_hard_negative_structure_obs-empirical_prior-axis_edge_parallel_rel2x.npz,2.0,3,0,16,640,0.0007022369300764275,2.2955154740639017e-05,0.08072309192784155,2.1116972792438853e-05,1183.3795593534396,0,True,40,40,1.0,1,1,0.29820517210740544,0.05715687418423378
23,71,response_tables/trial_00071_hard_negative_structure_obs-empirical_prior-axis_edge_parallel_rel2x.npz,2.0,0,0,16,640,0.0015234702790902777,4.260419762090677e-05,0.16243598465107534,3.573818889870146e-05,141.49232333176528,1,True,69,69,1.0,1,1,0.1804441198799758,0.04021139791737281
23,71,response_tables/trial_00071_hard_negative_structure_obs-empirical_prior-axis_edge_parallel_rel2x.npz,2.0,1,0,16,640,0.00335752452953042,9.969770496060808e-05,0.18716640349387037,8.13106465769321e-05,93.65582065387025,0,True,71,71,1.0,1,1,0.1554166942053618,0.037207465150694743
23,71,response_tables/trial_00071_hard_negative_structure_obs-empirical_prior-axis_edge_parallel_rel2x.npz,2.0,2,0,16,640,0.0057993715398294565,1.1608225664823369e-05,0.18032924804150308,9.570425512933458e-06,1579.2902593092813,1,True,72,72,1.0,1,1,0.2625253773573645,0.056557759902074255
23,71,response_tables/trial_00071_hard_negative_structure_obs-empirical_prior-axis_edge_parallel_rel2x.npz,2.0,3,0,16,640,0.0031205957651343486,9.507774063823212e-05,0.17046298094750967,7.911739896745117e-05,121.91931047413742,1,True,72,72,1.0,1,1,0.14437811549851648,0.04161192681296847
24,74,response_tables/trial_00074_hard_negative_structure_obs-empirical_prior-axis_edge_parallel_rel2x.npz,2.0,0,0,16,640,0.0006998882444732013,6.491563611428124e-05,0.33489830178384294,4.3205739009216876e-05,134.43926595114004,0,True,56,56,1.0,1,1,0.1368426667384543,0.01890605416747997
24,74,response_tables/trial_00074_hard_negative_structure_obs-empirical_prior-axis_edge_parallel_rel2x.npz,2.0,1,0,16,640,0.0024008381914205623,6.0964894226514e-05,0.3238093833956627,4.1323099493697044e-05,206.06522743123793,0,True,41,41,1.0,1,1,0.14920266390597464,0.019852151653902174
24,74,response_tables/trial_00074_hard_negative_structure_obs-empirical_prior-axis_edge_parallel_rel2x.npz,2.0,2,0,16,640,0.002583106645537292,4.5008081934938685e-05,0.3668916460040891,2.8568788898801572e-05,205.79269769656236,1,True,59,59,1.0,1,1,0.14439059699505954,0.018240467564257807
24,74,response_tables/trial_00074_hard_negative_structure_obs-empirical_prior-axis_edge_parallel_rel2x.npz,2.0,3,0,16,640,0.001645782734768786,4.314430136773918e-05,0.3319037871044598,2.8872061492131354e-05,231.93837290730892,1,True,70,70,1.0,1,1,0.15298934553685656,0.02441640436699046
25,77,response_tables/trial_00077_hard_negative_structure_obs-empirical_prior-axis_edge_parallel_rel2x.npz,2.0,0,0,16,640,0.00395574685274569,9.010929788439956e-05,0.28563837918783574,6.462626924812877e-05,156.46244016301338,1,True,63,63,1.0,1,1,0.13845830709370638,0.02869322891834904
25,77,response_tables/trial_00077_hard_negative_structure_obs-empirical_prior-axis_edge_parallel_rel2x.npz,2.0,1,0,16,640,0.0014233213927570265,8.762118621581486e-05,0.2925502689398155,6.207593863498722e-05,264.0340051926401,1,True,68,68,1.0,1,1,0.14236710816017967,0.03189648559827309
25,77,response_tables/trial_00077_hard_negative_structure_obs-empirical_prior-axis_edge_parallel_rel2x.npz,2.0,2,0,16,640,0.0012077905564032987,9.463000143922037e-05,0.29447936930271246,6.684415203386126e-05,257.5835896845743,0,True,59,59,1.0,1,1,0.14172520901948518,0.030525906589223065
25,77,response_tables/trial_00077_hard_negative_structure_obs-empirical_prior-axis_edge_parallel_rel2x.npz,2.0,3,0,16,640,0.0017322881547170432,8.080766725595702e-05,0.28862025677945247,5.758469086066512e-05,284.23246929596183,0,True,61,61,1.0,1,1,0.1436742287066646,0.03333085376078669
26,80,response_tables/trial_00080_hard_negative_structure_obs-empirical_prior-axis_edge_parallel_rel2x.npz,2.0,0,0,16,640,0.0009503250504949712,1.0865216858446658e-05,0.27842990730809214,7.847473186018796e-06,327.9764817386952,1,True,78,78,1.0,1,1,0.17692437203344288,0.02356025059593293
26,80,response_tables/trial_00080_hard_negative_structure_obs-empirical_prior-axis_edge_parallel_rel2x.npz,2.0,1,0,16,640,0.0009403223625986667,6.945180382845434e-05,0.2885494368458681,4.945803143879615e-05,153.80321251390478,0,True,50,50,1.0,1,1,0.11111639007541033,0.01487752412357627
26,80,response_tables/trial_00080_hard_negative_structure_obs-empirical_prior-axis_edge_parallel_rel2x.npz,2.0,2,0,16,640,0.005948419007133721,7.290399586465458e-05,0.23410072753299205,5.6171247509013733e-05,173.98947887771916,1,True,75,75,1.0,1,1,0.11603982949837113,0.018688102932724965
26,80,response_tables/trial_00080_hard_negative_structure_obs-empirical_prior-axis_edge_parallel_rel2x.npz,2.0,3,0,16,640,0.006209634398242181,0.00010208751367911804,0.2580241509310294,7.621976652544617e-05,162.57792535268263,0,True,59,59,1.0,1,1,0.08713911279582862,0.014246198825694646
27,83,response_tables/trial_00083_hard_negative_structure_obs-empirical_prior-axis_edge_parallel_rel2x.npz,2.0,0,0,16,640,0.0020214591111030744,6.310117414896535e-05,0.19906319372517522,5.06424244854483e-05,87.83677754280278,1,False,80,80,0.0,1,1,0.16411283670034482,0.02801062236179335
27,83,response_tables/trial_00083_hard_negative_structure_obs-empirical_prior-axis_edge_parallel_rel2x.npz,2.0,1,0,16,640,0.00236552243874133,7.067644238564775e-05,0.21793692373164952,5.540449653157512e-05,201.3713181538977,0,True,44,44,1.0,1,1,0.1674691062748956,0.02405831658999263
27,83,response_tables/trial_00083_hard_negative_structure_obs-empirical_prior-axis_edge_parallel_rel2x.npz,2.0,2,0,16,640,0.0027951874825167256,9.627035755828375e-05,0.19931030450559628,7.729874777066236e-05,74.25771386756054,1,True,74,74,1.0,1,1,0.15077664543327177,0.02674998246451066
27,83,response_tables/trial_00083_hard_negative_structure_obs-empirical_prior-axis_edge_parallel_rel2x.npz,2.0,3,0,16,640,0.0030243591839396178,5.596286856016923e-05,0.2155361618669226,4.403402136055487e-05,266.2646916876444,0,True,58,58,1.0,1,1,0.17307613299536445,0.025330410111452838
28,86,response_tables/trial_00086_hard_negative_structure_obs-empirical_prior-axis_edge_parallel_rel2x.npz,2.0,0,0,16,640,0.00015401618813115636,0.00014725481161438536,0.2555962727773353,0.00010963391601505433,95.05100264005901,1,True,75,75,1.0,1,1,0.1568356247166465,0.022776065781727344
28,86,response_tables/trial_00086_hard_negative_structure_obs-empirical_prior-axis_edge_parallel_rel2x.npz,2.0,1,0,16,640,0.000305238455325596,0.00014715690263160977,0.29721033017564535,0.00010345192851970555,99.3959275914103,0,True,39,39,1.0,1,1,0.15085690331493412,0.0205976745210912
28,86,response_tables/trial_00086_hard_negative_structure_obs-empirical_prior-axis_edge_parallel_rel2x.npz,2.0,2,0,16,640,0.0009626693671284103,0.00014735384109527621,0.29698110199340433,0.00010369235643898927,97.76355523294754,0,True,69,69,1.0,1,1,0.14379015814163043,0.023316229123903506
28,86,response_tables/trial_00086_hard_negative_structure_obs-empirical_prior-axis_edge_parallel_rel2x.npz,2.0,3,0,16,640,0.0009079515913689162,0.0001476040528158524,0.2970223339977407,0.00010385664935101463,97.20422400707588,1,False,80,80,0.0,1,1,0.1431826349578628,0.02334305730605907
29,89,response_tables/trial_00089_hard_negative_structure_obs-empirical_prior-axis_edge_parallel_rel2x.npz,2.0,0,0,16,640,0.00031025252843708273,9.997495847336222e-05,0.2634073482204832,7.366367411458897e-05,69.08761184557277,0,True,61,61,1.0,1,1,0.1355550469475034,0.01941600030348335
29,89,response_tables/trial_00089_hard_negative_structure_obs-empirical_prior-axis_edge_parallel_rel2x.npz,2.0,1,0,16,640,0.0004353245817124707,0.00010839273538775922,0.26287710938991693,7.993356347524356e-05,67.92921950244747,1,True,73,73,1.0,1,1,0.13559875901762208,0.01927313103532692
29,89,response_tables/trial_00089_hard_negative_structure_obs-empirical_prior-axis_edge_parallel_rel2x.npz,2.0,2,0,16,640,0.005159313950016231,0.00010109766687007697,0.2883367530781843,7.232061863758978e-05,93.45179248683634,1,True,77,77,1.0,1,1,0.12848815331286645,0.023533140154449954
29,89,response_tables/trial_00089_hard_negative_structure_obs-empirical_prior-axis_edge_parallel_rel2x.npz,2.0,3,0,16,640,0.000717326477663982,0.00010985887873779948,0.2607310498055252,8.127355762885625e-05,70.32360751305096,1,True,75,75,1.0,1,1,0.13637960240807787,0.01950426556222548
30,92,response_tables/trial_00092_hard_negative_structure_obs-empirical_prior-axis_edge_parallel_rel2x.npz,2.0,0,0,16,640,0.00040955660158958906,9.624821237799792e-05,0.2740591278095439,6.989913889423563e-05,81.47693654484013,1,True,79,79,1.0,1,1,0.1471774353719005,0.02266195834798632
30,92,response_tables/trial_00092_hard_negative_structure_obs-empirical_prior-axis_edge_parallel_rel2x.npz,2.0,1,0,16,640,0.0003152507259311932,0.00010028375771318582,0.27370214139551474,7.28588472843948e-05,80.7156798227065,0,True,67,67,1.0,1,1,0.14629271450687395,0.02242959878986057
30,92,response_tables/trial_00092_hard_negative_structure_obs-empirical_prior-axis_edge_parallel_rel2x.npz,2.0,2,0,16,640,0.0003152507259311932,0.00010028375771318582,0.27370214139551474,7.28588472843948e-05,80.7156798227065,0,True,67,67,1.0,1,1,0.14629271450687395,0.02242959878986057
30,92,response_tables/trial_00092_hard_negative_structure_obs-empirical_prior-axis_edge_parallel_rel2x.npz,2.0,3,0,16,640,0.0007297548529949793,7.957557653934283e-05,0.2659090091200109,5.8458374113820355e-05,99.17655145094034,1,True,78,78,1.0,1,1,0.150418274215847,0.023184563826677263
31,95,response_tables/trial_00095_hard_negative_structure_obs-empirical_prior-axis_edge_parallel_rel2x.npz,2.0,0,0,16,640,0.007543914739208013,8.572309826828124e-05,0.2088076090138944,6.83390067216889e-05,72.47432233509429,1,False,80,80,0.0,1,1,0.15560821783992745,0.027794727666268986
31,95,response_tables/trial_00095_hard_negative_structure_obs-empirical_prior-axis_edge_parallel_rel2x.npz,2.0,1,0,16,640,0.013059272723173643,0.00011262015041351461,0.23531191294600418,8.725882416572746e-05,54.60816016344612,1,True,77,77,1.0,1,1,0.10970799994002021,0.0297456017369912
31,95,response_tables/trial_00095_hard_negative_structure_obs-empirical_prior-axis_edge_parallel_rel2x.npz,2.0,2,0,16,640,0.012702897630535892,0.00010975540816320236,0.23582534489301454,8.495143050450793e-05,100.2051594465951,0,True,74,74,1.0,1,1,0.1379247192108822,0.030032404743740332
31,95,response_tables/trial_00095_hard_negative_structure_obs-empirical_prior-axis_edge_parallel_rel2x.npz,2.0,3,0,16,640,0.008327797372132517,0.00010614604382311463,0.2320189947707314,8.220271297346818e-05,78.14270906239685,1,False,80,80,0.0,1,1,0.12584368974680518,0.02577778448607472
32,98,response_tables/trial_00098_hard_negative_structure_obs-empirical_prior-axis_edge_parallel_rel2x.npz,2.0,0,0,16,640,0.0013638956044543793,8.762510592902569e-05,0.26927976671949316,6.4116886585472e-05,125.82007956719897,0,True,37,37,1.0,1,1,0.14452011459282002,0.022449000661367548
32,98,response_tables/trial_00098_hard_negative_structure_obs-empirical_prior-axis_edge_parallel_rel2x.npz,2.0,1,0,16,640,0.0009848034187948107,4.04811673000648e-05,0.2653092628287198,2.977045669276865e-05,326.23960177836443,0,True,66,66,1.0,1,1,0.17689571359324607,0.029823723683709318
32,98,response_tables/trial_00098_hard_negative_structure_obs-empirical_prior-axis_edge_parallel_rel2x.npz,2.0,2,0,16,640,0.0019514499234312144,4.7837840039195434e-05,0.26144722586521096,3.5399850505121765e-05,264.4470535864414,1,True,77,77,1.0,1,1,0.16744860267475292,0.027250267407808844
32,98,response_tables/trial_00098_hard_negative_structure_obs-empirical_prior-axis_edge_parallel_rel2x.npz,2.0,3,0,16,640,0.0019998694594448585,4.597405466989882e-05,0.2533608073874519,3.4394816202344694e-05,287.3577535939452,1,True,79,79,1.0,1,1,0.17254316329687286,0.028110264850679596
33,101,response_tables/trial_00101_hard_negative_structure_obs-empirical_prior-axis_edge_parallel_rel2x.npz,2.0,0,0,16,640,0.0006239823531754007,9.492732995460888e-05,0.3549784961606893,6.126839952288184e-05,107.46987500649811,0,True,70,70,1.0,1,1,0.13258168876210313,0.02293171927085072
33,101,response_tables/trial_00101_hard_negative_structure_obs-empirical_prior-axis_edge_parallel_rel2x.npz,2.0,1,0,16,640,0.002168761217088977,0.00010847119760976632,0.3695027781949616,6.853943440600393e-05,94.19385583419627,1,True,79,79,1.0,1,1,0.1258443154780385,0.020004597036596374
33,101,response_tables/trial_00101_hard_negative_structure_obs-empirical_prior-axis_edge_parallel_rel2x.npz,2.0,2,0,16,640,0.0009942175401569386,9.334355805134535e-05,0.3767389225891925,5.823530512224869e-05,122.09293169540622,0,True,67,67,1.0,1,1,0.13331934709848178,0.020395494585145734
33,101,response_tables/trial_00101_hard_negative_structure_obs-empirical_prior-axis_edge_parallel_rel2x.npz,2.0,3,0,16,640,0.0012776571312271834,9.748590921497099e-05,0.3542600715683434,6.3031076143494e-05,126.76967361858861,1,False,80,80,0.0,1,1,0.13470094294372237,0.02673077013445537
34,104,response_tables/trial_00104_hard_negative_structure_obs-empirical_prior-axis_edge_parallel_rel2x.npz,2.0,0,0,16,640,0.003152479856278645,0.00011422152628965486,0.2512042509953455,8.579907318040555e-05,73.89982519012197,0,False,80,80,0.0,1,1,0.15843630275748066,0.0319967219844407
34,104,response_tables/trial_00104_hard_negative_structure_obs-empirical_prior-axis_edge_parallel_rel2x.npz,2.0,1,0,16,640,0.0009636800248317146,9.60216791324733e-05,0.2393780875614614,7.310664463041436e-05,140.19472452139007,1,False,80,80,0.0,1,1,0.15998467819102308,0.028023181384659323
34,104,response_tables/trial_00104_hard_negative_structure_obs-empirical_prior-axis_edge_parallel_rel2x.npz,2.0,2,0,16,640,0.0008954455090817159,9.634798358429054e-05,0.23916765804772877,7.337036115320909e-05,138.45552556673718,0,False,80,80,0.0,1,1,0.16089721454359823,0.028201758730489957
34,104,response_tables/trial_00104_hard_negative_structure_obs-empirical_prior-axis_edge_parallel_rel2x.npz,2.0,3,0,16,640,0.0008484853720049923,0.00010248175349373324,0.23615483597504905,7.834666780856616e-05,129.11471245906515,0,True,73,73,1.0,1,1,0.16768453652208154,0.02915459367880508
35,107,response_tables/trial_00107_hard_negative_structure_obs-empirical_prior-axis_edge_parallel_rel2x.npz,2.0,0,0,16,640,0.013091161923551198,3.756829260166768e-05,0.14558807580621635,3.252458173647392e-05,127.12839951903851,0,True,63,63,1.0,1,1,0.16944495359949224,0.02302064170675674
35,107,response_tables/trial_00107_hard_negative_structure_obs-empirical_prior-axis_edge_parallel_rel2x.npz,2.0,1,0,16,640,0.009800586218510987,7.335092748457121e-05,0.13776033835065427,6.387206255195696e-05,63.73286846684102,1,True,71,71,1.0,1,1,0.1398377633781648,0.02067979553186133
35,107,response_tables/trial_00107_hard_negative_structure_obs-empirical_prior-axis_edge_parallel_rel2x.npz,2.0,2,0,16,640,0.006864063090745609,5.8701545361174906e-05,0.13274759830787664,5.126091434768991e-05,98.43433544091756,1,True,70,70,1.0,1,1,0.1530643133572313,0.0224162557806947
35,107,response_tables/trial_00107_hard_negative_structure_obs-empirical_prior-axis_edge_parallel_rel2x.npz,2.0,3,0,16,640,0.0014287062111634219,5.994956126664772e-05,0.10154236378192105,5.3939204384272236e-05,157.715735479113,0,True,64,64,1.0,1,1,0.19045561368307612,0.02802068859814396
36,110,response_tables/trial_00110_hard_negative_structure_obs-empirical_prior-axis_edge_parallel_rel2x.npz,2.0,0,0,16,640,0.0012783489605734388,7.4717740390873e-05,0.30073903454505635,5.2314074925638245e-05,76.37821947691111,1,True,76,76,1.0,1,1,0.12600274849886917,0.021548847142256248
36,110,response_tables/trial_00110_hard_negative_structure_obs-empirical_prior-axis_edge_parallel_rel2x.npz,2.0,1,0,16,640,0.0004907348825184954,9.02175206183846e-05,0.3049618178578598,6.273540798103841e-05,72.54242262294512,0,True,68,68,1.0,1,1,0.12445274405218351,0.021003461587170157
36,110,response_tables/trial_00110_hard_negative_structure_obs-empirical_prior-axis_edge_parallel_rel2x.npz,2.0,2,0,16,640,0.0003047812631495894,9.355351123575306e-05,0.30172613863133013,6.534588773739277e-05,71.23174240149348,1,True,76,76,1.0,1,1,0.12432841000507258,0.02087960584024427
36,110,response_tables/trial_00110_hard_negative_structure_obs-empirical_prior-axis_edge_parallel_rel2x.npz,2.0,3,0,16,640,0.0003047812631495894,9.355351123575306e-05,0.30172613863133013,6.534588773739277e-05,71.23174240149348,1,True,76,76,1.0,1,1,0.12432841000507258,0.02087960584024427
37,113,response_tables/trial_00113_hard_negative_structure_obs-empirical_prior-axis_edge_parallel_rel2x.npz,2.0,0,0,16,640,0.0006582262771573921,8.331373217334029e-05,0.10191408754899722,7.487217200963737e-05,80.71444081094995,0,True,69,69,1.0,1,1,0.22550923460886974,0.033804061519289184
37,113,response_tables/trial_00113_hard_negative_structure_obs-empirical_prior-axis_edge_parallel_rel2x.npz,2.0,1,0,16,640,0.00031925919527597824,7.935997728793043e-05,0.10450978305433745,7.108877902475628e-05,79.30368260318764,1,True,75,75,1.0,1,1,0.2016490327432678,0.02989881929487905
37,113,response_tables/trial_00113_hard_negative_structure_obs-empirical_prior-axis_edge_parallel_rel2x.npz,2.0,2,0,16,640,0.00038252849552622425,7.893664084436518e-05,0.10216702168911873,7.089904025035398e-05,79.49306845684222,0,False,80,80,0.0,1,1,0.22462321297278812,0.03391927212839696
37,113,response_tables/trial_00113_hard_negative_structure_obs-empirical_prior-axis_edge_parallel_rel2x.npz,2.0,3,0,16,640,0.0007715733246055345,8.395938203970551e-05,0.1008154749259157,7.555327195411266e-05,83.50011854792375,0,True,71,71,1.0,1,1,0.22869568908334853,0.03562144919451336
38,116,response_tables/trial_00116_hard_negative_structure_obs-empirical_prior-axis_edge_parallel_rel2x.npz,2.0,0,0,16,640,0.0004464097810971124,0.00017340634537998137,0.31330367145920834,0.00011913068181970274,93.78654254695309,1,True,69,69,1.0,1,1,0.14045401995207257,0.01940764666128222
38,116,response_tables/trial_00116_hard_negative_structure_obs-empirical_prior-axis_edge_parallel_rel2x.npz,2.0,1,0,16,640,0.00041770366136073545,0.00016776398795649867,0.3105485178412182,0.00011571346408709394,87.17361679206684,0,True,15,15,1.0,1,1,0.14207308331996282,0.01969027573382968
38,116,response_tables/trial_00116_hard_negative_structure_obs-empirical_prior-axis_edge_parallel_rel2x.npz,2.0,2,0,16,640,0.0004068074627140428,0.00016623932851579578,0.3113579250431654,0.00011452598615439078,87.4607169856953,0,True,14,14,1.0,1,1,0.14212668247496807,0.019549163234707345
38,116,response_tables/trial_00116_hard_negative_structure_obs-empirical_prior-axis_edge_parallel_rel2x.npz,2.0,3,0,16,640,0.000333005583279089,0.00010921019342090018,0.3148540306976001,7.484984924677201e-05,136.4148564021948,0,True,39,39,1.0,1,1,0.1514490443564004,0.021084843064766684
39,119,response_tables/trial_00119_hard_negative_structure_obs-empirical_prior-axis_edge_parallel_rel2x.npz,2.0,0,0,16,640,0.007935789671951854,0.00017516064937564014,0.2559753228827788,0.0001313663412494832,59.104035770866844,1,True,79,79,1.0,1,1,0.14146643661131184,0.02553854172336358
39,119,response_tables/trial_00119_hard_negative_structure_obs-empirical_prior-axis_edge_parallel_rel2x.npz,2.0,1,0,16,640,0.008030087153483634,0.00017269576203554033,0.2560538674327203,0.00012951637203232203,59.24242296033154,1,False,80,80,0.0,1,1,0.14186205032624255,0.02548411789158868
39,119,response_tables/trial_00119_hard_negative_structure_obs-empirical_prior-axis_edge_parallel_rel2x.npz,2.0,2,0,16,640,0.007690262750055243,0.0001814683599812291,0.25692620337205396,0.0001358894084752228,58.18435644523526,1,True,70,70,1.0,1,1,0.1410535064219348,0.025302583487249165
39,119,response_tables/trial_00119_hard_negative_structure_obs-empirical_prior-axis_edge_parallel_rel2x.npz,2.0,3,0,16,640,0.014015588162041293,0.0001179604201088778,0.2596738932396232,8.857054687937202e-05,93.66577893084744,0,True,61,61,1.0,1,1,0.14958378508890902,0.0286447554865483
40,122,response_tables/trial_00122_hard_negative_structure_obs-empirical_prior-axis_edge_parallel_rel2x.npz,2.0,0,0,16,640,0.0006531053503897599,0.00017682031664209937,0.13126018568506903,0.0001537112386791611,54.64848940833039,0,True,53,53,1.0,1,1,0.16432201286759776,0.026902469763639813
40,122,response_tables/trial_00122_hard_negative_structure_obs-empirical_prior-axis_edge_parallel_rel2x.npz,2.0,1,0,16,640,0.000744679505313206,0.0001795120965058824,0.13203642998413267,0.0001559260750967471,54.128672248788284,1,True,66,66,1.0,1,1,0.1632871205290748,0.026979359154816814
40,122,response_tables/trial_00122_hard_negative_structure_obs-empirical_prior-axis_edge_parallel_rel2x.npz,2.0,2,0,16,640,0.0007534151816341872,0.00018523844872869982,0.13213267764966696,0.00016088360864773745,53.441816366361635,0,True,58,58,1.0,1,1,0.1633806208010582,0.026938026838660475
40,122,response_tables/trial_00122_hard_negative_structure_obs-empirical_prior-axis_edge_parallel_rel2x.npz,2.0,3,0,16,640,0.0012393706092387324,0.00011914594439062363,0.1299178847511515,0.00010379539628224198,79.38932613811512,0,True,48,48,1.0,1,1,0.17437208885484448,0.029270735438683634
41,125,response_tables/trial_00125_hard_negative_structure_obs-empirical_prior-axis_edge_parallel_rel2x.npz,2.0,0,0,16,640,0.0016279675778663183,7.781855904679786e-05,0.2516703021884731,5.8328896327692916e-05,214.23558344299252,0,True,74,74,1.0,1,1,0.15575495111109974,0.034762766493455145
41,125,response_tables/trial_00125_hard_negative_structure_obs-empirical_prior-axis_edge_parallel_rel2x.npz,2.0,1,0,16,640,0.005015889714449107,7.123608512522467e-05,0.2650005465090992,5.262243195104396e-05,224.98871131892966,1,True,54,54,1.0,1,1,0.15321031201663274,0.03524147063964318
41,125,response_tables/trial_00125_hard_negative_structure_obs-empirical_prior-axis_edge_parallel_rel2x.npz,2.0,2,0,16,640,0.004702278174713359,6.828392470946836e-05,0.2672128905356168,5.02739820593284e-05,234.11105292507682,0,True,74,74,1.0,1,1,0.1548069988093858,0.03560154347481102
41,125,response_tables/trial_00125_hard_negative_structure_obs-empirical_prior-axis_edge_parallel_rel2x.npz,2.0,3,0,16,640,0.0018051979162930776,0.00011053491528323716,0.2924106224453814,7.83547777849072e-05,179.87524874844115,2,True,63,63,1.0,1,1,0.1313141824702452,0.02279044850943394
42,128,response_tables/trial_00128_hard_negative_structure_obs-empirical_prior-axis_edge_parallel_rel2x.npz,2.0,0,0,16,640,0.0069209703004649015,0.00014054456498917837,0.16307228676882557,0.00011844539846849036,72.84017955596165,1,True,73,73,1.0,1,1,0.1278919306229041,0.025929555564728448
42,128,response_tables/trial_00128_hard_negative_structure_obs-empirical_prior-axis_edge_parallel_rel2x.npz,2.0,1,0,16,640,0.004967527978051001,0.00014763764834503816,0.14853992430615426,0.00012633513656060326,67.82017985762658,1,True,52,52,1.0,1,1,0.11988177701426447,0.020280077032099327
42,128,response_tables/trial_00128_hard_negative_structure_obs-empirical_prior-axis_edge_parallel_rel2x.npz,2.0,2,0,16,640,0.005903881682441603,0.00016547220971899597,0.16586417792042596,0.00013884602820789474,56.85466475529061,0,True,68,68,1.0,1,1,0.10604263130076312,0.026675678442622353
42,128,response_tables/trial_00128_hard_negative_structure_obs-empirical_prior-axis_edge_parallel_rel2x.npz,2.0,3,0,16,640,0.004577581197016345,0.00014747347831116464,0.1429921357263504,0.00012696713304532494,67.5627668512527,0,True,63,63,1.0,1,1,0.11903628877628614,0.021743345984381636
43,131,response_tables/trial_00131_hard_negative_structure_obs-empirical_prior-axis_edge_parallel_rel2x.npz,2.0,0,0,16,640,0.001139876221222691,5.062723652746275e-05,0.21293563425317497,3.9892366166603586e-05,31.127029351430945,0,True,65,65,1.0,1,1,0.08553377422822458,0.014996140053220976
43,131,response_tables/trial_00131_hard_negative_structure_obs-empirical_prior-axis_edge_parallel_rel2x.npz,2.0,1,0,16,640,0.0006726730897762545,5.1193126716615075e-05,0.22722555780038323,3.9587369300910265e-05,30.873648315524193,1,True,70,70,1.0,1,1,0.07902487767749428,0.014387695893495296
43,131,response_tables/trial_00131_hard_negative_structure_obs-empirical_prior-axis_edge_parallel_rel2x.npz,2.0,2,0,16,640,0.0003391122285225645,4.110847447777086e-05,0.22035363380414597,3.206094500495823e-05,59.96393554632227,1,True,68,68,1.0,1,1,0.08274817124919104,0.015718057995389566
43,131,response_tables/trial_00131_hard_negative_structure_obs-empirical_prior-axis_edge_parallel_rel2x.npz,2.0,3,0,16,640,0.000870956324053318,9.876229848492187e-05,0.24469029786642904,7.466114885042552e-05,41.038830183949926,0,True,16,16,1.0,1,1,0.06898340528286122,0.011095018729241516
44,134,response_tables/trial_00134_hard_negative_structure_obs-empirical_prior-axis_edge_parallel_rel2x.npz,2.0,0,0,16,640,0.014979699346784003,3.0931009286786325e-05,0.33080171131763614,2.1013758262859345e-05,248.68952855878197,1,False,80,80,0.0,1,1,0.16227467943657906,0.034142930643526435
44,134,response_tables/trial_00134_hard_negative_structure_obs-empirical_prior-axis_edge_parallel_rel2x.npz,2.0,1,0,16,640,0.0013940291945331307,9.222436416565213e-05,0.32660060351981657,6.219052657959415e-05,120.43043941305223,1,False,80,80,0.0,1,1,0.1312646231571329,0.03040397889993386
44,134,response_tables/trial_00134_hard_negative_structure_obs-empirical_prior-axis_edge_parallel_rel2x.npz,2.0,2,0,16,640,0.006946847399440403,0.00012045087794923874,0.3317545362967894,8.105382131647493e-05,92.81319581357695,0,True,62,62,1.0,1,1,0.08908509659150163,0.025063377581935907
44,134,response_tables/trial_00134_hard_negative_structure_obs-empirical_prior-axis_edge_parallel_rel2x.npz,2.0,3,0,16,640,0.006349236834613414,0.00010695485849417678,0.3013061253755086,7.520620650776119e-05,97.46682535781342,1,True,77,77,1.0,1,1,0.0997189332964392,0.036638880514835714
45,137,response_tables/trial_00137_hard_negative_structure_obs-empirical_prior-axis_edge_parallel_rel2x.npz,2.0,0,0,16,640,0.0010157407685106312,7.13946742287761e-05,0.1259968133904832,6.246261861112992e-05,150.04064143370948,0,True,53,53,1.0,1,1,0.19846191826378773,0.03269049714371409
45,137,response_tables/trial_00137_hard_negative_structure_obs-empirical_prior-axis_edge_parallel_rel2x.npz,2.0,1,0,16,640,0.0020353064626487116,6.618521190590721e-05,0.12644937953416802,5.793404646524592e-05,177.8092293959725,0,True,56,56,1.0,1,1,0.20445903866589912,0.032695453680620476
45,137,response_tables/trial_00137_hard_negative_structure_obs-empirical_prior-axis_edge_parallel_rel2x.npz,2.0,2,0,16,640,0.000519392573971933,9.267919976865938e-05,0.11666405540960556,8.190941161166011e-05,117.22992755648562,1,False,80,80,0.0,1,1,0.20151991617760853,0.039590898952829176
45,137,response_tables/trial_00137_hard_negative_structure_obs-empirical_prior-axis_edge_parallel_rel2x.npz,2.0,3,0,16,640,0.0041968710803482745,8.859495727293689e-05,0.1502877061389689,7.559749731915271e-05,141.31764302005868,2,True,77,77,1.0,1,1,0.16660065000892857,0.03626417392808224
46,140,response_tables/trial_00140_hard_negative_structure_obs-empirical_prior-axis_edge_parallel_rel2x.npz,2.0,0,0,16,640,0.0010867393749619536,7.61233266644405e-05,0.4524753458349722,4.172474202590891e-05,45.909801297437255,0,True,28,28,1.0,1,1,0.09476587162479641,0.013255499396795331
46,140,response_tables/trial_00140_hard_negative_structure_obs-empirical_prior-axis_edge_parallel_rel2x.npz,2.0,1,0,16,640,0.0026019909885008907,0.00016601744636291147,0.43300856962747103,9.4376034972631e-05,32.256075374048336,1,True,49,49,1.0,1,1,0.06715421311259744,0.011400291585486864
46,140,response_tables/trial_00140_hard_negative_structure_obs-empirical_prior-axis_edge_parallel_rel2x.npz,2.0,2,0,16,640,0.0026777240172829453,0.00016924916337734408,0.43343070529227734,9.61488391804814e-05,31.674396957333677,1,True,61,61,1.0,1,1,0.06681507249729071,0.011426799519362216
46,140,response_tables/trial_00140_hard_negative_structure_obs-empirical_prior-axis_edge_parallel_rel2x.npz,2.0,3,0,16,640,0.002554737736262913,0.00017593460873921159,0.43264262921075536,0.00010007345848590585,31.99043997456555,1,True,65,65,1.0,1,1,0.06849197431803852,0.011444653162908755
47,143,response_tables/trial_00143_hard_negative_structure_obs-empirical_prior-axis_edge_parallel_rel2x.npz,2.0,0,0,16,640,0.0015231705540432738,0.00010453333488128196,0.14874860832636416,8.911989158862481e-05,141.88375865240874,1,True,74,74,1.0,1,1,0.17390460491030343,0.03782974178325397
47,143,response_tables/trial_00143_hard_negative_structure_obs-empirical_prior-axis_edge_parallel_rel2x.npz,2.0,1,0,16,640,0.000811483128011603,9.460753064552748e-05,0.13297919418867432,8.20933147959844e-05,177.33400037996043,0,True,58,58,1.0,1,1,0.2051104636218396,0.05328353743362617
47,143,response_tables/trial_00143_hard_negative_structure_obs-empirical_prior-axis_edge_parallel_rel2x.npz,2.0,2,0,16,640,0.0018361011960709162,0.00012054862548023974,0.15133584022169178,0.00010249348636852836,124.7470691859348,2,True,74,74,1.0,1,1,0.15779508294909417,0.04498232354930126
47,143,response_tables/trial_00143_hard_negative_structure_obs-empirical_prior-axis_edge_parallel_rel2x.npz,2.0,3,0,16,640,0.0017770773022629527,0.00011164795400037463,0.15426119254900372,9.459310673354725e-05,165.7145295796666,0,True,66,66,1.0,1,1,0.1783982082525772,0.03378424157474615
48,146,response_tables/trial_00146_hard_negative_structure_obs-empirical_prior-axis_edge_parallel_rel2x.npz,2.0,0,0,16,640,0.002747245486412919,8.683202613963687e-05,0.3248480828511987,5.8786309341090845e-05,171.17179530002468,0,True,69,69,1.0,1,1,0.13850946711113485,0.024232643651622015
48,146,response_tables/trial_00146_hard_negative_structure_obs-empirical_prior-axis_edge_parallel_rel2x.npz,2.0,1,0,16,640,0.0024322897989158543,8.670252601785194e-05,0.3273957423835592,5.845867658843162e-05,167.25548247657804,0,True,73,73,1.0,1,1,0.13690495781161668,0.02449806406829126
48,146,response_tables/trial_00146_hard_negative_structure_obs-empirical_prior-axis_edge_parallel_rel2x.npz,2.0,2,0,16,640,0.004498633716719769,0.00010448803020412102,0.31140235612846046,7.227535174558647e-05,140.09527064369755,1,False,80,80,0.0,1,1,0.15151249978039333,0.032985162780469604
48,146,response_tables/trial_00146_hard_negative_structure_obs-empirical_prior-axis_edge_parallel_rel2x.npz,2.0,3,0,16,640,0.0031452858152011265,0.00014601247703649987,0.29928224060492703,0.00010263635642873997,88.56510969869626,1,True,78,78,1.0,1,1,0.1348885674594318,0.030615981329587334
49,149,response_tables/trial_00149_hard_negative_structure_obs-empirical_prior-axis_edge_parallel_rel2x.npz,2.0,0,0,16,640,0.007722470676181148,1.9749111645714653e-05,0.30895234963801055,1.3753790442889265e-05,180.48014968634453,1,False,80,80,0.0,1,1,0.16997487581951032,0.03166575021988401
49,149,response_tables/trial_00149_hard_negative_structure_obs-empirical_prior-axis_edge_parallel_rel2x.npz,2.0,1,0,16,640,0.0016116890920413462,2.2403192313750755e-05,0.3319379917108336,1.4990882290680711e-05,1876.5653084238759,1,True,66,66,1.0,1,1,0.09295199653900077,0.06538760722067072
49,149,response_tables/trial_00149_hard_negative_structure_obs-empirical_prior-axis_edge_parallel_rel2x.npz,2.0,2,0,16,640,0.004144912964291203,3.611710073122098e-05,0.3367523521611989,2.405428502458451e-05,147.23930379733528,1,True,63,63,1.0,1,1,0.14141318125601757,0.02665232765974996
49,149,response_tables/trial_00149_hard_negative_structure_obs-empirical_prior-axis_edge_parallel_rel2x.npz,2.0,3,0,16,640,0.0025710695034510955,7.704223116816115e-05,0.3622931625114676,4.9257000763803774e-05,229.4268633628346,1,True,63,63,1.0,1,1,0.09461477713270738,0.018912968413785272
50,152,response_tables/trial_00152_hard_negative_structure_obs-empirical_prior-axis_edge_parallel_rel2x.npz,2.0,0,0,16,640,0.008791766820523406,5.398654428146658e-05,0.3251212523246192,3.675753507325896e-05,124.05115490054993,1,True,77,77,1.0,1,1,0.14163103844971747,0.022892216703271212
50,152,response_tables/trial_00152_hard_negative_structure_obs-empirical_prior-axis_edge_parallel_rel2x.npz,2.0,1,0,16,640,0.00918291092101886,2.935290153636116e-05,0.3226313066659383,2.006701012568367e-05,227.41456573541,1,True,57,57,1.0,1,1,0.17077579600222642,0.025983067360248115
50,152,response_tables/trial_00152_hard_negative_structure_obs-empirical_prior-axis_edge_parallel_rel2x.npz,2.0,2,0,16,640,0.0070841903452202315,5.7559876380311565e-05,0.31591656242187915,3.965669366721587e-05,132.13682057607866,0,True,69,69,1.0,1,1,0.1393598373126056,0.022293208291764375
50,152,response_tables/trial_00152_hard_negative_structure_obs-empirical_prior-axis_edge_parallel_rel2x.npz,2.0,3,0,16,640,0.010840973639368312,3.256313125394956e-05,0.3234878628402932,2.2270790570726598e-05,191.5074343510559,0,False,80,80,0.0,1,1,0.16383379332179834,0.025974591773711163
51,155,response_tables/trial_00155_hard_negative_structure_obs-empirical_prior-axis_edge_parallel_rel2x.npz,2.0,0,0,16,640,0.00043629090340580046,8.062579647549117e-05,0.27126782437624897,5.87802573685722e-05,41.41015665409868,1,True,76,76,1.0,1,1,0.12690408657219535,0.025187195037386954
51,155,response_tables/trial_00155_hard_negative_structure_obs-empirical_prior-axis_edge_parallel_rel2x.npz,2.0,1,0,16,640,0.00011435090494216205,9.895917303510229e-05,0.26188412067986244,7.305169054851995e-05,38.70505616105775,0,True,70,70,1.0,1,1,0.1228792075900128,0.025810226202760196
51,155,response_tables/trial_00155_hard_negative_structure_obs-empirical_prior-axis_edge_parallel_rel2x.npz,2.0,2,0,16,640,0.0001377114718628114,9.54404822528054e-05,0.26018132578348874,7.06183760073555e-05,39.77828657591281,1,False,80,80,0.0,1,1,0.12405389486310094,0.027257750162146845
51,155,response_tables/trial_00155_hard_negative_structure_obs-empirical_prior-axis_edge_parallel_rel2x.npz,2.0,3,0,16,640,0.009374398420748498,2.3900587332313425e-05,0.2624928895746693,1.7793657939813058e-05,264.12174870179695,1,True,75,75,1.0,1,1,0.16358842509793295,0.030245703765684535
52,158,response_tables/trial_00158_hard_negative_structure_obs-empirical_prior-axis_edge_parallel_rel2x.npz,2.0,0,0,16,640,0.003729717190264714,0.00010428589983104704,0.21053016417969028,8.263879153937708e-05,105.41057069701095,0,True,75,75,1.0,1,1,0.1535967027463759,0.026048209500062695
52,158,response_tables/trial_00158_hard_negative_structure_obs-empirical_prior-axis_edge_parallel_rel2x.npz,2.0,1,0,16,640,0.002585430069470207,7.652359621233085e-05,0.20807942403973123,6.075769515903596e-05,221.6887203940986,0,True,44,44,1.0,1,1,0.16022963029024892,0.021443554482659912
52,158,response_tables/trial_00158_hard_negative_structure_obs-empirical_prior-axis_edge_parallel_rel2x.npz,2.0,2,0,16,640,0.002229066896243359,0.00010998813445070978,0.21025856471363946,8.705624135128026e-05,118.81431418683415,0,True,65,65,1.0,1,1,0.128986143985666,0.026006663013216295
52,158,response_tables/trial_00158_hard_negative_structure_obs-empirical_prior-axis_edge_parallel_rel2x.npz,2.0,3,0,16,640,0.009684917005905569,5.0003501535771276e-05,0.19259410686347234,4.076795608866223e-05,169.4423494812557,1,True,72,72,1.0,1,1,0.17176921451829777,0.0264890321889543
53,161,response_tables/trial_00161_hard_negative_structure_obs-empirical_prior-axis_edge_parallel_rel2x.npz,2.0,0,0,16,640,0.00039673362146597224,7.230594186424113e-05,0.24701559500789783,5.446685544484964e-05,87.96553527497372,0,True,68,68,1.0,1,1,0.1469481921535452,0.031929320580291104
53,161,response_tables/trial_00161_hard_negative_structure_obs-empirical_prior-axis_edge_parallel_rel2x.npz,2.0,1,0,16,640,0.0004734949496438823,0.00010351818415910034,0.24031667357563202,7.867829226142805e-05,92.00726448932727,0,True,59,59,1.0,1,1,0.12520331890077177,0.02828917591424435
53,161,response_tables/trial_00161_hard_negative_structure_obs-empirical_prior-axis_edge_parallel_rel2x.npz,2.0,2,0,16,640,0.0006346590187646939,8.612715640267386e-05,0.2718794250479776,6.275077998735114e-05,136.0188311552115,1,True,70,70,1.0,1,1,0.10282183813442124,0.03412718366393678
53,161,response_tables/trial_00161_hard_negative_structure_obs-empirical_prior-axis_edge_parallel_rel2x.npz,2.0,3,0,16,640,0.0024809012240246675,7.107415211718558e-05,0.25350461438554595,5.318848196194222e-05,119.76356783792733,0,True,64,64,1.0,1,1,0.13501382362291653,0.025014220288679168
54,164,response_tables/trial_00164_hard_negative_structure_obs-empirical_prior-axis_edge_parallel_rel2x.npz,2.0,0,0,16,640,0.003508358896718522,1.121607744073962e-05,0.20779829154267526,8.916678619507514e-06,615.9476220345629,0,True,52,52,1.0,1,1,0.21635371740124587,0.028075747463796527
54,164,response_tables/trial_00164_hard_negative_structure_obs-empirical_prior-axis_edge_parallel_rel2x.npz,2.0,1,0,16,640,0.0022878690514693822,7.549840891879481e-05,0.24360427787365835,5.723762572599973e-05,309.37838920395603,0,True,44,44,1.0,1,1,0.09757798701261604,0.016541515963426606
54,164,response_tables/trial_00164_hard_negative_structure_obs-empirical_prior-axis_edge_parallel_rel2x.npz,2.0,2,0,16,640,0.001979767326208859,7.41461862411391e-05,0.23336766521676555,5.695562275428983e-05,292.04082672573486,1,True,21,21,1.0,1,1,0.11233087938042156,0.016652572815966157
54,164,response_tables/trial_00164_hard_negative_structure_obs-empirical_prior-axis_edge_parallel_rel2x.npz,2.0,3,0,16,640,0.0034974532250522383,7.850175117384235e-05,0.24680033691961234,5.933501397133103e-05,268.79793752191426,0,True,48,48,1.0,1,1,0.10172606026834582,0.016539206481702186
55,167,response_tables/trial_00167_hard_negative_structure_obs-empirical_prior-axis_edge_parallel_rel2x.npz,2.0,0,0,16,640,0.001960855617472279,7.604513387875985e-05,0.15661057865563444,6.426166931332326e-05,86.1490406008443,0,True,64,64,1.0,1,1,0.17437013125747386,0.0352061578750773
55,167,response_tables/trial_00167_hard_negative_structure_obs-empirical_prior-axis_edge_parallel_rel2x.npz,2.0,1,0,16,640,0.003699201803637031,8.79872402909633e-05,0.1502596603800499,7.504391001434234e-05,85.31946294208348,0,True,68,68,1.0,1,1,0.17236336403127872,0.035551819211337175
55,167,response_tables/trial_00167_hard_negative_structure_obs-empirical_prior-axis_edge_parallel_rel2x.npz,2.0,2,0,16,640,0.0021755978590300984,8.81151130145566e-05,0.12968764585410086,7.68548767488415e-05,92.3306851602316,1,False,80,80,0.0,1,1,0.16236232082146604,0.04468929255753209
55,167,response_tables/trial_00167_hard_negative_structure_obs-empirical_prior-axis_edge_parallel_rel2x.npz,2.0,3,0,16,640,0.0020199215223134503,8.852070668931464e-05,0.12978650091321375,7.718782726329333e-05,90.67386099642835,0,True,69,69,1.0,1,1,0.16370760987959787,0.04472826669123865
56,170,response_tables/trial_00170_hard_negative_structure_obs-empirical_prior-axis_edge_parallel_rel2x.npz,2.0,0,0,16,640,0.001992361422590516,0.0001060919480979464,0.21836277706641438,8.30909629159726e-05,79.55567641313111,2,True,77,77,1.0,1,1,0.15965099205357913,0.026718884519661954
56,170,response_tables/trial_00170_hard_negative_structure_obs-empirical_prior-axis_edge_parallel_rel2x.npz,2.0,1,0,16,640,0.003062692247048915,0.00011911099274906429,0.22624363164162664,9.24460228986788e-05,108.62188712901599,0,True,67,67,1.0,1,1,0.13061886399790437,0.025056717500792882
56,170,response_tables/trial_00170_hard_negative_structure_obs-empirical_prior-axis_edge_parallel_rel2x.npz,2.0,2,0,16,640,0.0014788353251597997,6.910258079945992e-05,0.21488111152226197,5.433409260371794e-05,214.3055704275059,1,True,70,70,1.0,1,1,0.18132540202453515,0.028485747033591104
56,170,response_tables/trial_00170_hard_negative_structure_obs-empirical_prior-axis_edge_parallel_rel2x.npz,2.0,3,0,16,640,0.001295132396237686,0.00010038223731471678,0.22020094088619568,7.83794860213014e-05,86.92861098947553,0,True,67,67,1.0,1,1,0.15345818683829598,0.028465126773740707
57,173,response_tables/trial_00173_hard_negative_structure_obs-empirical_prior-axis_edge_parallel_rel2x.npz,2.0,0,0,16,640,0.0026407535376710145,5.679763679065487e-05,0.2458264879853287,4.294869011790909e-05,191.44574143986097,1,True,74,74,1.0,1,1,0.1553803025620199,0.02846429332532091
57,173,response_tables/trial_00173_hard_negative_structure_obs-empirical_prior-axis_edge_parallel_rel2x.npz,2.0,1,0,16,640,0.009783907926248281,9.049440025191998e-05,0.21632764787335812,7.161866997252344e-05,121.81580656596289,0,True,68,68,1.0,1,1,0.13412648273721625,0.03419762165230947
57,173,response_tables/trial_00173_hard_negative_structure_obs-empirical_prior-axis_edge_parallel_rel2x.npz,2.0,2,0,16,640,0.006120784023879722,5.7912608685170786e-05,0.2308085733396812,4.4820216964108024e-05,169.37962808086655,0,True,72,72,1.0,1,1,0.12598607076887963,0.031904977879373395
57,173,response_tables/trial_00173_hard_negative_structure_obs-empirical_prior-axis_edge_parallel_rel2x.npz,2.0,3,0,16,640,0.006851312654185482,6.776585117087472e-05,0.2450709001859852,5.151133327203964e-05,284.3237365920686,1,True,65,65,1.0,1,1,0.15164875221334892,0.024926328075882437
58,176,response_tables/trial_00176_hard_negative_structure_obs-empirical_prior-axis_edge_parallel_rel2x.npz,2.0,0,0,16,640,0.00036667918617849793,0.00011480387959294798,0.337047941548444,7.613738628921172e-05,102.56115999267455,0,True,75,75,1.0,1,1,0.13452113714125882,0.028231521062517133
58,176,response_tables/trial_00176_hard_negative_structure_obs-empirical_prior-axis_edge_parallel_rel2x.npz,2.0,1,0,16,640,0.00018903642340006854,0.00010776477120729187,0.33529731166468657,7.164507665837261e-05,117.31922290905064,0,True,74,74,1.0,1,1,0.12371504394398024,0.02721057404033345
58,176,response_tables/trial_00176_hard_negative_structure_obs-empirical_prior-axis_edge_parallel_rel2x.npz,2.0,2,0,16,640,0.00019832526270091577,0.00010795968658085384,0.3354249457057309,7.176154669866406e-05,117.14763531068652,0,True,74,74,1.0,1,1,0.12399879502238322,0.027111432155524223
58,176,response_tables/trial_00176_hard_negative_structure_obs-empirical_prior-axis_edge_parallel_rel2x.npz,2.0,3,0,16,640,0.001355864938764051,0.00011401168905452338,0.3383911864923008,7.553355161570801e-05,97.79410964912162,1,False,80,80,0.0,1,1,0.13513616679179022,0.02866845330804309
59,179,response_tables/trial_00179_hard_negative_structure_obs-empirical_prior-axis_edge_parallel_rel2x.npz,2.0,0,0,16,640,0.00021837488167097963,0.0001074848069022124,0.1833353160024408,8.779821878897292e-05,65.61285456818277,2,False,80,80,0.0,1,1,0.13770625252087693,0.025389833090474136
59,179,response_tables/trial_00179_hard_negative_structure_obs-empirical_prior-axis_edge_parallel_rel2x.npz,2.0,1,0,16,640,0.00022342093184202216,0.00010466058667416102,0.18417414231442963,8.5403893906882e-05,67.01064073857675,2,True,77,77,1.0,1,1,0.13830715567705076,0.02657081110511854
59,179,response_tables/trial_00179_hard_negative_structure_obs-empirical_prior-axis_edge_parallel_rel2x.npz,2.0,2,0,16,640,0.00021438927701544763,0.00010477645867128486,0.18256352943641307,8.566646454580508e-05,66.47354001463398,0,True,74,74,1.0,1,1,0.13651452325270774,0.025298235078859876
59,179,response_tables/trial_00179_hard_negative_structure_obs-empirical_prior-axis_edge_parallel_rel2x.npz,2.0,3,0,16,640,0.00025130872956757866,8.76962434602672e-05,0.18589433612402417,7.141195494932427e-05,79.46902198292898,2,True,79,79,1.0,1,1,0.14520198950891844,0.025216381092309986
60,182,response_tables/trial_00182_hard_negative_structure_obs-empirical_prior-axis_edge_parallel_rel2x.npz,2.0,0,0,16,640,0.00014834599183144448,0.00011816040753808137,0.3750670598643411,7.385328672947076e-05,75.90543212336442,0,True,78,78,1.0,1,1,0.11808448545310718,0.021233475536676934
60,182,response_tables/trial_00182_hard_negative_structure_obs-empirical_prior-axis_edge_parallel_rel2x.npz,2.0,1,0,16,640,0.00013763451239989788,0.00012142578347619939,0.3772094416379099,7.563324123497507e-05,73.51654988950715,0,True,73,73,1.0,1,1,0.11676429023769,0.02016063952030288
60,182,response_tables/trial_00182_hard_negative_structure_obs-empirical_prior-axis_edge_parallel_rel2x.npz,2.0,2,0,16,640,0.00019299928835103675,9.830404205978957e-05,0.37842040900578433,6.111558152034276e-05,93.24719306145158,0,True,75,75,1.0,1,1,0.12318197055339532,0.02004316745151247
60,182,response_tables/trial_00182_hard_negative_structure_obs-empirical_prior-axis_edge_parallel_rel2x.npz,2.0,3,0,16,640,0.0011690564651306579,0.00012772992990166992,0.3952007909608408,7.734137701197516e-05,91.7782118285786,1,True,79,79,1.0,1,1,0.09835428890857423,0.0181850627132636
61,185,response_tables/trial_00185_hard_negative_structure_obs-empirical_prior-axis_edge_parallel_rel2x.npz,2.0,0,0,16,640,0.00040290987906965725,0.00010804146504800338,0.1898938585089529,8.756033329437678e-05,87.18216776748923,1,True,62,62,1.0,1,1,0.14833082695355088,0.024431331121778657
61,185,response_tables/trial_00185_hard_negative_structure_obs-empirical_prior-axis_edge_parallel_rel2x.npz,2.0,1,0,16,640,0.00020851166378066388,9.663365409320345e-05,0.18527285713848218,7.874648046328214e-05,100.5063644642315,1,True,64,64,1.0,1,1,0.15135605819882428,0.027123236185416268
61,185,response_tables/trial_00185_hard_negative_structure_obs-empirical_prior-axis_edge_parallel_rel2x.npz,2.0,2,0,16,640,0.00034517958170598995,0.00010759402325109238,0.19076049858020228,8.709939866546231e-05,85.61518805430433,1,True,57,57,1.0,1,1,0.14764191579341382,0.02439941870127233
61,185,response_tables/trial_00185_hard_negative_structure_obs-empirical_prior-axis_edge_parallel_rel2x.npz,2.0,3,0,16,640,0.0010860108382481082,9.916202342574885e-05,0.1754326770576753,8.185465924081044e-05,112.06698637063612,1,True,79,79,1.0,1,1,0.1618481552987332,0.03268618259984098
62,188,response_tables/trial_00188_hard_negative_structure_obs-empirical_prior-axis_edge_parallel_rel2x.npz,2.0,0,0,16,640,0.0009778613618371956,8.015748185570986e-05,0.3464176352958115,5.24407963685407e-05,105.97750317597853,1,False,80,80,0.0,1,1,0.13843588925601122,0.027315943946496935
62,188,response_tables/trial_00188_hard_negative_structure_obs-empirical_prior-axis_edge_parallel_rel2x.npz,2.0,1,0,16,640,0.0006650245326796922,7.558449949872027e-05,0.338261361016157,5.005046861605991e-05,110.31654119397794,1,False,80,80,0.0,1,1,0.13829826052426714,0.0282779728268562
62,188,response_tables/trial_00188_hard_negative_structure_obs-empirical_prior-axis_edge_parallel_rel2x.npz,2.0,2,0,16,640,0.005197680487327383,1.1810061659319093e-05,0.28065860660610265,8.539853640715419e-06,4066.6799294790453,0,True,53,53,1.0,1,1,0.22874476380535783,0.06044039230722301
62,188,response_tables/trial_00188_hard_negative_structure_obs-empirical_prior-axis_edge_parallel_rel2x.npz,2.0,3,0,16,640,0.002643021346062313,6.872540653066973e-05,0.3141111917157595,4.7262904048447956e-05,369.30863710638107,0,True,30,30,1.0,1,1,0.16408898696863622,0.03006331759045286
63,191,response_tables/trial_00191_hard_negative_structure_obs-empirical_prior-axis_edge_parallel_rel2x.npz,2.0,0,0,16,640,0.0024400812221565538,0.000149606759448225,0.28688455097334986,0.00010694785288892724,42.57443139808226,1,False,80,80,0.0,1,1,0.11312223272384032,0.01925194172339446
63,191,response_tables/trial_00191_hard_negative_structure_obs-empirical_prior-axis_edge_parallel_rel2x.npz,2.0,1,0,16,640,0.002770335133080004,0.00014403405079548324,0.298800523516387,0.00010127717272338156,60.96281443814059,0,True,48,48,1.0,1,1,0.12696200583389122,0.015169810487140207
63,191,response_tables/trial_00191_hard_negative_structure_obs-empirical_prior-axis_edge_parallel_rel2x.npz,2.0,2,0,16,640,0.003561183141834068,0.00014568989950221821,0.30048103006225313,0.0001022770758283616,58.171402758735184,1,True,72,72,1.0,1,1,0.12340229699449301,0.015535829195869932
63,191,response_tables/trial_00191_hard_negative_structure_obs-empirical_prior-axis_edge_parallel_rel2x.npz,2.0,3,0,16,640,0.0021693048400831527,0.00014572943748948758,0.3075393763866433,0.00010113128174176046,47.764971847038986,1,True,77,77,1.0,1,1,0.11011204655850901,0.015591696583109174
64,194,response_tables/trial_00194_hard_negative_structure_obs-empirical_prior-axis_edge_parallel_rel2x.npz,2.0,0,0,16,640,0.0014463920211132963,0.00010767687281529522,0.2912346377095556,7.642818288514809e-05,76.46279012099367,1,True,76,76,1.0,1,1,0.11801131878873737,0.02411809084978947
64,194,response_tables/trial_00194_hard_negative_structure_obs-empirical_prior-axis_edge_parallel_rel2x.npz,2.0,1,0,16,640,0.0007634072124247382,0.00015770330101615168,0.22692216236557505,0.00012201007030503666,75.83832368274071,2,True,65,65,1.0,1,1,0.09695226863716222,0.019721463443737725
64,194,response_tables/trial_00194_hard_negative_structure_obs-empirical_prior-axis_edge_parallel_rel2x.npz,2.0,2,0,16,640,0.000882715309987292,0.00016014269207666326,0.23085298498440854,0.00012328209658142632,75.44431280527635,1,True,70,70,1.0,1,1,0.09614138754132791,0.019707320050375586
64,194,response_tables/trial_00194_hard_negative_structure_obs-empirical_prior-axis_edge_parallel_rel2x.npz,2.0,3,0,16,640,0.0009630995977847334,0.000165758314200106,0.23270055571893677,0.00012730887349556518,71.96585487359444,2,True,67,67,1.0,1,1,0.09639746993930008,0.019527760886567987
65,197,response_tables/trial_00197_hard_negative_structure_obs-empirical_prior-axis_edge_parallel_rel2x.npz,2.0,0,0,16,640,0.0026906466597430567,6.513833549278463e-05,0.24584849712650003,4.9256705998025304e-05,159.7363928556897,0,False,80,80,0.0,1,1,0.1711402264530624,0.028180228568333663
65,197,response_tables/trial_00197_hard_negative_structure_obs-empirical_prior-axis_edge_parallel_rel2x.npz,2.0,1,0,16,640,0.0008408655832848888,0.00017108731710943127,0.24282653817371314,0.00012965179590330596,65.60959102453184,0,True,58,58,1.0,1,1,0.12559808952830537,0.021343004263250576
65,197,response_tables/trial_00197_hard_negative_structure_obs-empirical_prior-axis_edge_parallel_rel2x.npz,2.0,2,0,16,640,0.0008389276821184621,0.00016589261369380604,0.24216126506567182,0.00012582540691363686,66.01273386791186,0,True,53,53,1.0,1,1,0.12521999255493949,0.021441139157605846
65,197,response_tables/trial_00197_hard_negative_structure_obs-empirical_prior-axis_edge_parallel_rel2x.npz,2.0,3,0,16,640,0.0008041051592123649,0.00016379005588321394,0.2427923331933326,0.0001241228939208402,66.32063262007695,0,True,52,52,1.0,1,1,0.1255214914489191,0.021356927443196866
66,200,response_tables/trial_00200_hard_negative_structure_obs-empirical_prior-axis_edge_parallel_rel2x.npz,2.0,0,0,16,640,0.00045994162573725905,0.00013024491205875738,0.2463214525128592,9.820796606960905e-05,135.0237909331783,0,True,69,69,1.0,1,1,0.1643880217239524,0.03137009506990554
66,200,response_tables/trial_00200_hard_negative_structure_obs-empirical_prior-axis_edge_parallel_rel2x.npz,2.0,1,0,16,640,0.0004924389423498488,0.00012940792488547276,0.24587762036463578,9.76374927619766e-05,135.20825645642844,1,True,78,78,1.0,1,1,0.16421183213272583,0.031604932699081066
66,200,response_tables/trial_00200_hard_negative_structure_obs-empirical_prior-axis_edge_parallel_rel2x.npz,2.0,2,0,16,640,0.002487232478990964,0.00012732084807271147,0.2848618224576597,9.127903142547636e-05,161.94293213471167,1,False,80,80,0.0,1,1,0.15609263720694963,0.032272978690782946
66,200,response_tables/trial_00200_hard_negative_structure_obs-empirical_prior-axis_edge_parallel_rel2x.npz,2.0,3,0,16,640,0.0027915518019244745,0.00010298197242797562,0.285213222074026,7.381621404157319e-05,190.5090031082069,0,True,66,66,1.0,1,1,0.1680071257045067,0.02721085986225998
67,203,response_tables/trial_00203_hard_negative_structure_obs-empirical_prior-axis_edge_parallel_rel2x.npz,2.0,0,0,16,640,0.0006575357300421247,0.00013458955320338656,0.25059095539334764,0.00010092899289921454,91.20504949942107,1,False,80,80,0.0,1,1,0.15756489566095405,0.02170292533785344
67,203,response_tables/trial_00203_hard_negative_structure_obs-empirical_prior-axis_edge_parallel_rel2x.npz,2.0,1,0,16,640,0.0006199025888214971,0.00013569389667611722,0.2519360889338311,0.00010157067097723198,90.81755402938941,1,True,79,79,1.0,1,1,0.15735915715175836,0.02157155269780884
67,203,response_tables/trial_00203_hard_negative_structure_obs-empirical_prior-axis_edge_parallel_rel2x.npz,2.0,2,0,16,640,0.0007746059342015332,0.00013556566170306802,0.24259487172441196,0.00010275772413487713,105.09239957319278,1,False,80,80,0.0,1,1,0.16877710756042028,0.02551305132595144
67,203,response_tables/trial_00203_hard_negative_structure_obs-empirical_prior-axis_edge_parallel_rel2x.npz,2.0,3,0,16,640,0.00019985044598436197,9.355829925387514e-05,0.241732875053972,7.095636325091714e-05,151.08571279904194,1,True,76,76,1.0,1,1,0.17755668533653818,0.022522878766066717
68,206,response_tables/trial_00206_hard_negative_structure_obs-empirical_prior-axis_edge_parallel_rel2x.npz,2.0,0,0,16,640,0.0012003816977081971,0.00011868160018723629,0.28776342163642676,8.463096629507074e-05,64.40065949421705,0,True,76,76,1.0,1,1,0.1382710169556682,0.023491860938925014
68,206,response_tables/trial_00206_hard_negative_structure_obs-empirical_prior-axis_edge_parallel_rel2x.npz,2.0,1,0,16,640,0.0007992998466042067,0.0001101239043729539,0.28925068089737316,7.833310168616155e-05,131.16949276442628,0,True,64,64,1.0,1,1,0.1652159404400872,0.024761916922533378
68,206,response_tables/trial_00206_hard_negative_structure_obs-empirical_prior-axis_edge_parallel_rel2x.npz,2.0,2,0,16,640,0.000966307213614126,6.432074321321339e-05,0.30411131555288096,4.480337119808697e-05,206.5905878287898,1,False,80,80,0.0,1,1,0.1760043315960252,0.025061603132389892
68,206,response_tables/trial_00206_hard_negative_structure_obs-empirical_prior-axis_edge_parallel_rel2x.npz,2.0,3,0,16,640,0.0049285730142836215,9.14490066134259e-05,0.2723996430961436,6.686789314410382e-05,113.02087347170198,1,False,80,80,0.0,1,1,0.15412944797911826,0.0309108946825681
69,209,response_tables/trial_00209_hard_negative_structure_obs-empirical_prior-axis_edge_parallel_rel2x.npz,2.0,0,0,16,640,0.0074144403322503605,3.3652265062900986e-05,0.1367009365625662,2.9268982032214257e-05,140.9241833492747,2,True,50,50,1.0,1,1,0.17019764350476607,0.022974895961777517
69,209,response_tables/trial_00209_hard_negative_structure_obs-empirical_prior-axis_edge_parallel_rel2x.npz,2.0,1,0,16,640,0.004837805059260791,4.413767939841962e-05,0.13007816130924166,3.858298819329934e-05,151.1659486428556,2,True,38,38,1.0,1,1,0.15250030657705682,0.02112551738221252
69,209,response_tables/trial_00209_hard_negative_structure_obs-empirical_prior-axis_edge_parallel_rel2x.npz,2.0,2,0,16,640,0.00561482537241087,5.640964201435603e-05,0.13437261372592613,4.910544950132688e-05,128.15041049948644,1,True,50,50,1.0,1,1,0.1454252741905046,0.019850678389985874
69,209,response_tables/trial_00209_hard_negative_structure_obs-empirical_prior-axis_edge_parallel_rel2x.npz,2.0,3,0,16,640,0.006674832106383977,0.00010605105534813839,0.13007087056479305,9.287683956536133e-05,137.41250205672875,0,True,38,38,1.0,1,1,0.08252461562060069,0.014585568109702846
70,212,response_tables/trial_00212_hard_negative_structure_obs-empirical_prior-axis_edge_parallel_rel2x.npz,2.0,0,0,16,640,0.0005772861473893887,8.643041297961657e-05,0.21888350368816678,6.755121774366558e-05,111.13120612352724,2,True,68,68,1.0,1,1,0.12388743304039213,0.02017185203151543
70,212,response_tables/trial_00212_hard_negative_structure_obs-empirical_prior-axis_edge_parallel_rel2x.npz,2.0,1,0,16,640,0.000494016970869593,9.932750734625276e-05,0.2195171864522265,7.756172920680865e-05,98.71339462648845,1,True,75,75,1.0,1,1,0.12366684228716537,0.019083267207945155
70,212,response_tables/trial_00212_hard_negative_structure_obs-empirical_prior-axis_edge_parallel_rel2x.npz,2.0,2,0,16,640,0.0006417571875177996,9.291360080954832e-05,0.22130104483464463,7.239818592722824e-05,105.7345402682409,2,True,67,67,1.0,1,1,0.12290681414713825,0.01959366367416207
70,212,response_tables/trial_00212_hard_negative_structure_obs-empirical_prior-axis_edge_parallel_rel2x.npz,2.0,3,0,16,640,0.00040495965314935045,8.608958367151616e-05,0.2161252283661257,6.751079188743161e-05,112.15150937283684,2,True,66,66,1.0,1,1,0.12551296609321694,0.01961387907286967
71,215,response_tables/trial_00215_hard_negative_structure_obs-empirical_prior-axis_edge_parallel_rel2x.npz,2.0,0,0,16,640,0.005266900376946215,7.900589850009539e-05,0.23464376815174504,6.0787820162747625e-05,133.41459990124318,0,True,75,75,1.0,1,1,0.18569131669902827,0.02784212330462336
71,215,response_tables/trial_00215_hard_negative_structure_obs-empirical_prior-axis_edge_parallel_rel2x.npz,2.0,1,0,16,640,0.00581941793979357,8.296155643837126e-05,0.23885918669667094,6.351504714521563e-05,137.55206939579384,0,True,78,78,1.0,1,1,0.18609308384706905,0.0273600519986739
71,215,response_tables/trial_00215_hard_negative_structure_obs-empirical_prior-axis_edge_parallel_rel2x.npz,2.0,2,0,16,640,0.00880189612762794,1.2832348748795959e-05,0.19876265585113062,1.03730596240136e-05,3646.721704197617,1,True,63,63,1.0,1,1,0.2751686761207976,0.04536235945701728
71,215,response_tables/trial_00215_hard_negative_structure_obs-empirical_prior-axis_edge_parallel_rel2x.npz,2.0,3,0,16,640,0.003999765885404405,0.0001252317902836002,0.19814297812581316,0.00010082125180427088,108.97143168756469,1,True,76,76,1.0,1,1,0.172185718878958,0.03219262336304031
72,218,response_tables/trial_00218_hard_negative_structure_obs-empirical_prior-axis_edge_parallel_rel2x.npz,2.0,0,0,16,640,0.0028974677822332096,7.658812857160741e-05,0.24774572202009149,5.7781166428613696e-05,220.53983834738878,0,True,66,66,1.0,1,1,0.16565396304477195,0.03420403009684897
72,218,response_tables/trial_00218_hard_negative_structure_obs-empirical_prior-axis_edge_parallel_rel2x.npz,2.0,1,0,16,640,0.0041024042326484045,7.377678247759993e-05,0.24887147424397726,5.564412053301907e-05,223.95534131090457,1,True,67,67,1.0,1,1,0.16367913619609376,0.033349960909422355
72,218,response_tables/trial_00218_hard_negative_structure_obs-empirical_prior-axis_edge_parallel_rel2x.npz,2.0,2,0,16,640,0.003025100218635113,7.469984986576496e-05,0.246668910983582,5.6444469425539595e-05,226.08795925381708,1,True,70,70,1.0,1,1,0.16247219117283446,0.035003703728797776
72,218,response_tables/trial_00218_hard_negative_structure_obs-empirical_prior-axis_edge_parallel_rel2x.npz,2.0,3,0,16,640,0.0027400369164982674,8.089302626330182e-05,0.24847994359012449,6.095976366342091e-05,208.6039140417463,0,True,67,67,1.0,1,1,0.1609103951299556,0.03362559764143053
73,221,response_tables/trial_00221_hard_negative_structure_obs-empirical_prior-axis_edge_parallel_rel2x.npz,2.0,0,0,16,640,0.003521190936647489,0.00012200026811187572,0.19801642238290784,9.818795001027069e-05,80.14554616378845,1,True,60,60,1.0,1,1,0.1659033402165184,0.022908768119286247
73,221,response_tables/trial_00221_hard_negative_structure_obs-empirical_prior-axis_edge_parallel_rel2x.npz,2.0,1,0,16,640,0.0023264681343144744,7.984319278028878e-05,0.21578074179087692,6.276057990444486e-05,155.7127218346415,1,True,76,76,1.0,1,1,0.18142438041022887,0.026373443081374962
73,221,response_tables/trial_00221_hard_negative_structure_obs-empirical_prior-axis_edge_parallel_rel2x.npz,2.0,2,0,16,640,0.000856595484444056,3.956962680928821e-05,0.1914408568486442,3.2021813288403546e-05,549.4378538955295,0,True,45,45,1.0,1,1,0.25958484671375587,0.032325745920435425
73,221,response_tables/trial_00221_hard_negative_structure_obs-empirical_prior-axis_edge_parallel_rel2x.npz,2.0,3,0,16,640,0.0007743325731859318,4.20995374116396e-05,0.1821940812211903,3.4455931222974194e-05,524.0463096654852,1,True,65,65,1.0,1,1,0.22887844686186806,0.029563429314480888
74,224,response_tables/trial_00224_hard_negative_structure_obs-empirical_prior-axis_edge_parallel_rel2x.npz,2.0,0,0,16,640,0.00243371248471147,0.0001118180140128079,0.2780558212648666,8.092330836013044e-05,68.60745449649298,0,False,80,80,0.0,1,1,0.14378229125237282,0.028656353591569043
74,224,response_tables/trial_00224_hard_negative_structure_obs-empirical_prior-axis_edge_parallel_rel2x.npz,2.0,1,0,16,640,0.0027216332293275025,0.00012335620449829338,0.28952447963750005,8.788074273050128e-05,100.51221392915318,0,True,41,41,1.0,1,1,0.10648714685326054,0.021305451695743015
74,224,response_tables/trial_00224_hard_negative_structure_obs-empirical_prior-axis_edge_parallel_rel2x.npz,2.0,2,0,16,640,0.0014231798316378663,0.00018307368991935698,0.2907939624251099,0.00013002201091552525,68.58515843651134,0,True,55,55,1.0,1,1,0.10493443160952001,0.019438374106522455
74,224,response_tables/trial_00224_hard_negative_structure_obs-empirical_prior-axis_edge_parallel_rel2x.npz,2.0,3,0,16,640,0.0014303422670283172,0.0001806701320262472,0.29089774597169926,0.00012829710662975256,69.0959520006083,0,True,56,56,1.0,1,1,0.10503178463459042,0.019297976203021566
75,227,response_tables/trial_00227_hard_negative_structure_obs-empirical_prior-axis_edge_parallel_rel2x.npz,2.0,0,0,16,640,0.0003857513868523732,7.284271649087061e-05,0.18336651408004723,5.950875707739096e-05,79.79419519073804,1,True,72,72,1.0,1,1,0.12810999886242466,0.02992487982898334
75,227,response_tables/trial_00227_hard_negative_structure_obs-empirical_prior-axis_edge_parallel_rel2x.npz,2.0,1,0,16,640,0.0003857513868523732,7.284271649087061e-05,0.18336651408004723,5.950875707739096e-05,79.79419519073804,1,True,72,72,1.0,1,1,0.12810999886242466,0.02992487982898334
75,227,response_tables/trial_00227_hard_negative_structure_obs-empirical_prior-axis_edge_parallel_rel2x.npz,2.0,2,0,16,640,0.0003718014950309101,7.243964649691769e-05,0.18400062168731213,5.913269213001485e-05,78.67070045155934,1,True,71,71,1.0,1,1,0.12674056443562529,0.029986098611505176
75,227,response_tables/trial_00227_hard_negative_structure_obs-empirical_prior-axis_edge_parallel_rel2x.npz,2.0,3,0,16,640,0.0007523131314318698,7.666077707810218e-05,0.18183437413167736,6.276843417492665e-05,95.34172673699328,0,True,66,66,1.0,1,1,0.09618507603716955,0.03303796083212829
76,230,response_tables/trial_00230_hard_negative_structure_obs-empirical_prior-axis_edge_parallel_rel2x.npz,2.0,0,0,16,640,0.0010729473628240394,8.016039978714175e-05,0.28152943663389973,5.765474810465272e-05,60.400460677604954,1,True,75,75,1.0,1,1,0.11943075107105629,0.01720723521457248
76,230,response_tables/trial_00230_hard_negative_structure_obs-empirical_prior-axis_edge_parallel_rel2x.npz,2.0,1,0,16,640,0.0010729473628240394,8.016039978714175e-05,0.28152943663389973,5.765474810465272e-05,60.400460677604954,1,True,75,75,1.0,1,1,0.11943075107105629,0.01720723521457248
76,230,response_tables/trial_00230_hard_negative_structure_obs-empirical_prior-axis_edge_parallel_rel2x.npz,2.0,2,0,16,640,0.0011632944292799818,8.015106765402668e-05,0.2807559680790187,5.7715316968967626e-05,58.74693640350816,1,True,69,69,1.0,1,1,0.1183080821164729,0.017035726793870193
76,230,response_tables/trial_00230_hard_negative_structure_obs-empirical_prior-axis_edge_parallel_rel2x.npz,2.0,3,0,16,640,0.0019336766663928806,8.72999904919201e-05,0.2816871313070656,6.283019989860576e-05,41.83571202281797,1,True,70,70,1.0,1,1,0.09253600853689704,0.01538400891790116
77,233,response_tables/trial_00233_hard_negative_structure_obs-empirical_prior-axis_edge_parallel_rel2x.npz,2.0,0,0,16,640,0.0007858468961111642,8.334194015633757e-05,0.10591689726172282,7.457322357948906e-05,51.39400088377515,0,True,65,65,1.0,1,1,0.1510805301678498,0.02421772101317376
77,233,response_tables/trial_00233_hard_negative_structure_obs-empirical_prior-axis_edge_parallel_rel2x.npz,2.0,1,0,16,640,0.000681722855313649,8.383474762134433e-05,0.10483200931842251,7.509737817657307e-05,51.70246257005732,1,True,71,71,1.0,1,1,0.15261657962916736,0.024323016954616285
77,233,response_tables/trial_00233_hard_negative_structure_obs-empirical_prior-axis_edge_parallel_rel2x.npz,2.0,2,0,16,640,0.000681722855313649,8.383474762134433e-05,0.10483200931842251,7.509737817657307e-05,51.70246257005732,1,True,71,71,1.0,1,1,0.15261657962916736,0.024323016954616285
77,233,response_tables/trial_00233_hard_negative_structure_obs-empirical_prior-axis_edge_parallel_rel2x.npz,2.0,3,0,16,640,0.0010135502283820097,9.049753617007207e-05,0.10369694453357015,8.119551391308954e-05,47.28892583704268,0,True,65,65,1.0,1,1,0.11867984334466879,0.021867878489480512
78,236,response_tables/trial_00236_hard_negative_structure_obs-empirical_prior-axis_edge_parallel_rel2x.npz,2.0,0,0,16,640,0.013997010778840191,5.5801252564325275e-06,0.276372940972056,4.0952508992993705e-06,396.52980523867353,0,True,78,78,1.0,1,1,0.1950226669997631,0.027619836906464208
78,236,response_tables/trial_00236_hard_negative_structure_obs-empirical_prior-axis_edge_parallel_rel2x.npz,2.0,1,0,16,640,0.003470356850258205,2.488811962997302e-05,0.2782602925382319,1.8025298398786394e-05,180.73268125173496,0,True,61,61,1.0,1,1,0.14680524190060665,0.018717312474033715
78,236,response_tables/trial_00236_hard_negative_structure_obs-empirical_prior-axis_edge_parallel_rel2x.npz,2.0,2,0,16,640,0.0022521113498228384,8.975833777652544e-05,0.23354777344634836,6.895076263568343e-05,143.74207171721122,0,True,64,64,1.0,1,1,0.06542491154003087,0.016342687479877258
78,236,response_tables/trial_00236_hard_negative_structure_obs-empirical_prior-axis_edge_parallel_rel2x.npz,2.0,3,0,16,640,0.0005261537871568134,3.2650632601423726e-05,0.30195136651260235,2.2803727737633357e-05,171.2772318760757,1,True,48,48,1.0,1,1,0.1254103619302927,0.016105100623947436
79,239,response_tables/trial_00239_hard_negative_structure_obs-empirical_prior-axis_edge_parallel_rel2x.npz,2.0,0,0,16,640,0.009230830241452215,3.519496353726829e-05,0.25560885803212463,2.644290910405456e-05,245.68560170154052,0,True,49,49,1.0,1,1,0.16048551627025445,0.02613657211873915
79,239,response_tables/trial_00239_hard_negative_structure_obs-empirical_prior-axis_edge_parallel_rel2x.npz,2.0,1,0,16,640,0.008871777009341386,6.094978053459671e-05,0.2605873875028972,4.5470440060948575e-05,185.6759305502254,0,True,51,51,1.0,1,1,0.13317321479281505,0.023855682466029527
79,239,response_tables/trial_00239_hard_negative_structure_obs-empirical_prior-axis_edge_parallel_rel2x.npz,2.0,2,0,16,640,0.010459513564519018,3.7962928619311696e-05,0.25290896684330744,2.8661549428886924e-05,253.09475186041507,0,True,56,56,1.0,1,1,0.1539991453370355,0.02728615168502673
79,239,response_tables/trial_00239_hard_negative_structure_obs-empirical_prior-axis_edge_parallel_rel2x.npz,2.0,3,0,16,640,0.00823173666972321,3.622910983754445e-05,0.2569090220269563,2.7144974945934893e-05,266.29840478629694,0,True,57,57,1.0,1,1,0.16041026618243712,0.028134556576874345
80,242,response_tables/trial_00242_hard_negative_structure_obs-empirical_prior-axis_edge_parallel_rel2x.npz,2.0,0,0,16,640,0.0005988688004927578,7.061157218431579e-05,0.2286054809149658,5.450201932589659e-05,166.61527720899653,0,True,67,67,1.0,1,1,0.16567957775585665,0.0432061952141816
80,242,response_tables/trial_00242_hard_negative_structure_obs-empirical_prior-axis_edge_parallel_rel2x.npz,2.0,1,0,16,640,0.0007969323997119027,5.7617680331261115e-05,0.1902196679018493,4.669487697373464e-05,137.98382604317362,0,True,71,71,1.0,1,1,0.15239247312897675,0.0580889637213939
80,242,response_tables/trial_00242_hard_negative_structure_obs-empirical_prior-axis_edge_parallel_rel2x.npz,2.0,2,0,16,640,0.0009092064338601658,8.342461168579822e-05,0.23283850823413033,6.405839185288075e-05,129.17314260111493,2,False,80,80,0.0,1,1,0.15096426771605126,0.04170453735875167
80,242,response_tables/trial_00242_hard_negative_structure_obs-empirical_prior-axis_edge_parallel_rel2x.npz,2.0,3,0,16,640,0.0009092064338601658,8.342461168579822e-05,0.23283850823413033,6.405839185288075e-05,129.17314260111493,2,False,80,80,0.0,1,1,0.15096426771605126,0.04170453735875167
81,245,response_tables/trial_00245_hard_negative_structure_obs-empirical_prior-axis_edge_parallel_rel2x.npz,2.0,0,0,16,640,0.0040781857178741054,0.00016200908193707148,0.296987344716259,0.00011436081953356796,50.85026525624926,1,True,77,77,1.0,1,1,0.12197675707311839,0.02635775859240772
81,245,response_tables/trial_00245_hard_negative_structure_obs-empirical_prior-axis_edge_parallel_rel2x.npz,2.0,1,0,16,640,0.0038812886688827097,0.00016238768436884754,0.29643004526073213,0.00011469626505552777,50.36420910544528,1,True,78,78,1.0,1,1,0.12139047852844184,0.026344231448309
81,245,response_tables/trial_00245_hard_negative_structure_obs-empirical_prior-axis_edge_parallel_rel2x.npz,2.0,2,0,16,640,0.0024010697750432852,0.00016265261081157306,0.2495385162201471,0.00012235831049136624,54.13016056949654,1,True,74,74,1.0,1,1,0.13178907321652675,0.024843867990553714
81,245,response_tables/trial_00245_hard_negative_structure_obs-empirical_prior-axis_edge_parallel_rel2x.npz,2.0,3,0,16,640,0.004445697527604597,0.00015150408648609216,0.2327679414369641,0.00011675786229517075,66.31524023953857,0,True,76,76,1.0,1,1,0.13230094200786952,0.02911788904260438
82,248,response_tables/trial_00248_hard_negative_structure_obs-empirical_prior-axis_edge_parallel_rel2x.npz,2.0,0,0,16,640,0.0012360225812116932,0.0001671655401144307,0.2897730569211514,0.00011887239951367848,63.154149375660694,1,True,77,77,1.0,1,1,0.12804574055149845,0.022641688569488016
82,248,response_tables/trial_00248_hard_negative_structure_obs-empirical_prior-axis_edge_parallel_rel2x.npz,2.0,1,0,16,640,0.0012245054131759803,0.00016633725967961325,0.29026406970337326,0.00011820026660800222,63.786865860217155,1,False,80,80,0.0,1,1,0.12862316443743846,0.02260989155004814
82,248,response_tables/trial_00248_hard_negative_structure_obs-empirical_prior-axis_edge_parallel_rel2x.npz,2.0,2,0,16,640,0.0005403509289224617,0.00015322645410080585,0.2815167989696572,0.00011015015296235004,90.88939940491207,0,True,72,72,1.0,1,1,0.14480392816483859,0.0248445760174221
82,248,response_tables/trial_00248_hard_negative_structure_obs-empirical_prior-axis_edge_parallel_rel2x.npz,2.0,3,0,16,640,0.0005433582596415798,0.00015978858398257753,0.28447145266281426,0.0001143954510913355,74.22502528411289,1,True,78,78,1.0,1,1,0.14330063930824308,0.022137012234100993
83,251,response_tables/trial_00251_hard_negative_structure_obs-empirical_prior-axis_edge_parallel_rel2x.npz,2.0,0,0,16,640,0.01371644438805053,4.699911613664216e-05,0.16754720850310667,3.966865837234733e-05,100.75120046296993,1,True,68,68,1.0,1,1,0.12722624283612327,0.019722952723511822
83,251,response_tables/trial_00251_hard_negative_structure_obs-empirical_prior-axis_edge_parallel_rel2x.npz,2.0,1,0,16,640,0.011374737447304661,3.375466288479676e-05,0.16210175201219523,2.860838576950956e-05,120.68894134528719,2,True,74,74,1.0,1,1,0.15401198572603375,0.021983284481486145
83,251,response_tables/trial_00251_hard_negative_structure_obs-empirical_prior-axis_edge_parallel_rel2x.npz,2.0,2,0,16,640,0.0061925428607807476,7.390888007908018e-05,0.16498667286993174,6.209945338601392e-05,74.26514433007449,1,True,39,39,1.0,1,1,0.11597315310790648,0.017489158151805486
83,251,response_tables/trial_00251_hard_negative_structure_obs-empirical_prior-axis_edge_parallel_rel2x.npz,2.0,3,0,16,640,0.007324816037550197,0.00012152962091371683,0.17653604530784117,0.00010081370408634465,117.90422489337402,0,True,44,44,1.0,1,1,0.05624571142564142,0.013013846359742277
84,254,response_tables/trial_00254_hard_negative_structure_obs-empirical_prior-axis_edge_parallel_rel2x.npz,2.0,0,0,16,640,0.0001821125242190691,8.436961343709332e-05,0.27927799000443365,6.081811311902918e-05,107.52111667162632,1,False,80,80,0.0,1,1,0.1466334024640349,0.028150395440155556
84,254,response_tables/trial_00254_hard_negative_structure_obs-empirical_prior-axis_edge_parallel_rel2x.npz,2.0,1,0,16,640,0.00029142780953939074,7.188035190161544e-05,0.2742458911665393,5.218266821768707e-05,126.79241496142897,1,False,80,80,0.0,1,1,0.14958752294680164,0.029979441983838784
84,254,response_tables/trial_00254_hard_negative_structure_obs-empirical_prior-axis_edge_parallel_rel2x.npz,2.0,2,0,16,640,0.00020233043781447968,7.811028331376977e-05,0.27729261298664865,5.6462302795011655e-05,117.8808367428029,1,False,80,80,0.0,1,1,0.14711023389036557,0.029049048836162154
84,254,response_tables/trial_00254_hard_negative_structure_obs-empirical_prior-axis_edge_parallel_rel2x.npz,2.0,3,0,16,640,0.00014608138535732174,7.155835160184786e-05,0.2802808602175576,5.1509439829460766e-05,129.75063909093362,0,True,72,72,1.0,1,1,0.1495100706270569,0.02892633475087245
85,257,response_tables/trial_00257_hard_negative_structure_obs-empirical_prior-axis_edge_parallel_rel2x.npz,2.0,0,0,16,640,0.004999736067857752,3.331279217807827e-05,0.2797167151744231,2.4115217097444316e-05,194.43280509943594,0,True,71,71,1.0,1,1,0.165606653009638,0.026483412267029844
85,257,response_tables/trial_00257_hard_negative_structure_obs-empirical_prior-axis_edge_parallel_rel2x.npz,2.0,1,0,16,640,0.0036030145030184757,3.242966694042716e-05,0.2777080401273647,2.350838875805581e-05,208.9874248187475,0,True,68,68,1.0,1,1,0.1712676946294833,0.02696935312217892
85,257,response_tables/trial_00257_hard_negative_structure_obs-empirical_prior-axis_edge_parallel_rel2x.npz,2.0,2,0,16,640,0.0038720457355913007,3.0316345784228642e-05,0.27889173095430053,2.1946344883373487e-05,197.25005145855047,0,True,50,50,1.0,1,1,0.17328466402219264,0.026580138423338215
85,257,response_tables/trial_00257_hard_negative_structure_obs-empirical_prior-axis_edge_parallel_rel2x.npz,2.0,3,0,16,640,0.004475965584818886,5.431317197744196e-05,0.28240037285806596,3.9150347568257307e-05,152.0142540484986,0,True,67,67,1.0,1,1,0.14307253273303458,0.02345905823495217
86,260,response_tables/trial_00260_hard_negative_structure_obs-empirical_prior-axis_edge_parallel_rel2x.npz,2.0,0,0,16,640,0.005081139873492124,0.0001121723625875596,0.27589465213537767,8.163942899015237e-05,106.49918367681671,0,True,70,70,1.0,1,1,0.13868867448727631,0.02110915476208675
86,260,response_tables/trial_00260_hard_negative_structure_obs-empirical_prior-axis_edge_parallel_rel2x.npz,2.0,1,0,16,640,0.005310806997052664,0.00010448661862263889,0.2698535569245668,7.669786047034397e-05,112.55740206861203,1,True,62,62,1.0,1,1,0.13879765874924058,0.02129774614182816
86,260,response_tables/trial_00260_hard_negative_structure_obs-empirical_prior-axis_edge_parallel_rel2x.npz,2.0,2,0,16,640,0.005218134761055371,0.00011332082492342095,0.2743783975931804,8.265936627950527e-05,106.42208258350178,0,True,73,73,1.0,1,1,0.14008741389727586,0.021422633474080202
86,260,response_tables/trial_00260_hard_negative_structure_obs-empirical_prior-axis_edge_parallel_rel2x.npz,2.0,3,0,16,640,0.005820039926101805,0.00010014708785454175,0.2563430056290297,7.49110677541501e-05,133.53334958276207,0,True,73,73,1.0,1,1,0.13357583162362205,0.026388650239501647
87,263,response_tables/trial_00263_hard_negative_structure_obs-empirical_prior-axis_edge_parallel_rel2x.npz,2.0,0,0,16,640,0.006976648055070478,8.159317301230056e-05,0.23015875806821673,6.325509820279414e-05,123.5853731388322,1,True,79,79,1.0,1,1,0.16327641384148617,0.026788415329547108
87,263,response_tables/trial_00263_hard_negative_structure_obs-empirical_prior-axis_edge_parallel_rel2x.npz,2.0,1,0,16,640,0.006976648055070478,8.159317301230056e-05,0.23015875806821673,6.325509820279414e-05,123.5853731388322,1,True,79,79,1.0,1,1,0.16327641384148617,0.026788415329547108
87,263,response_tables/trial_00263_hard_negative_structure_obs-empirical_prior-axis_edge_parallel_rel2x.npz,2.0,2,0,16,640,0.006659832954343359,7.985758127680981e-05,0.23388564308628634,6.159022010206878e-05,126.30555474266225,1,True,79,79,1.0,1,1,0.1648203794653234,0.02675011617900207
87,263,response_tables/trial_00263_hard_negative_structure_obs-empirical_prior-axis_edge_parallel_rel2x.npz,2.0,3,0,16,640,0.0073289302021888325,8.114326669739425e-05,0.23536054704450626,6.25034263073213e-05,125.47218075442272,1,True,76,76,1.0,1,1,0.16413978964842332,0.026741000250262523
88,266,response_tables/trial_00266_hard_negative_structure_obs-empirical_prior-axis_edge_parallel_rel2x.npz,2.0,0,0,16,640,0.003054403422401153,8.361688906619139e-05,0.20513532326068162,6.666774167588423e-05,57.75286369830759,1,True,72,72,1.0,1,1,0.1451248310073504,0.022555364398858482
88,266,response_tables/trial_00266_hard_negative_structure_obs-empirical_prior-axis_edge_parallel_rel2x.npz,2.0,1,0,16,640,0.003054403422401153,8.361688906619139e-05,0.20513532326068162,6.666774167588423e-05,57.75286369830759,1,True,72,72,1.0,1,1,0.1451248310073504,0.022555364398858482
88,266,response_tables/trial_00266_hard_negative_structure_obs-empirical_prior-axis_edge_parallel_rel2x.npz,2.0,2,0,16,640,0.0027798504049592054,8.149023046313377e-05,0.2055380046253562,6.49213627738783e-05,60.58697120100088,0,True,58,58,1.0,1,1,0.14770485302813247,0.02262687093837779
88,266,response_tables/trial_00266_hard_negative_structure_obs-empirical_prior-axis_edge_parallel_rel2x.npz,2.0,3,0,16,640,0.0032359794495067096,8.321706297856037e-05,0.20824938538357818,6.61010624394934e-05,60.21368057378256,1,True,73,73,1.0,1,1,0.14681185473978248,0.02242969801060731
89,269,response_tables/trial_00269_hard_negative_structure_obs-empirical_prior-axis_edge_parallel_rel2x.npz,2.0,0,0,16,640,0.001954096774566705,8.102242318576669e-05,0.31284550338806094,5.578392961542918e-05,127.99482568398886,0,True,75,75,1.0,1,1,0.16872789795573398,0.027459452043892364
89,269,response_tables/trial_00269_hard_negative_structure_obs-empirical_prior-axis_edge_parallel_rel2x.npz,2.0,1,0,16,640,0.001624299453780842,8.301882141186882e-05,0.3135182162858905,5.708362951290045e-05,128.1515498836044,0,True,75,75,1.0,1,1,0.16908932975523389,0.02743894982162255
89,269,response_tables/trial_00269_hard_negative_structure_obs-empirical_prior-axis_edge_parallel_rel2x.npz,2.0,2,0,16,640,0.002269108634824102,8.228488618933929e-05,0.3140623817618289,5.6570663831492145e-05,127.41495233352659,0,True,75,75,1.0,1,1,0.1681762113298886,0.027356354119287274
89,269,response_tables/trial_00269_hard_negative_structure_obs-empirical_prior-axis_edge_parallel_rel2x.npz,2.0,3,0,16,640,0.0018344133576910782,8.247933193704538e-05,0.3111767454664377,5.6918093167029484e-05,125.03105843145816,0,True,75,75,1.0,1,1,0.1674936793813917,0.02749798149875932
90,272,response_tables/trial_00272_hard_negative_structure_obs-empirical_prior-axis_edge_parallel_rel2x.npz,2.0,0,0,16,640,0.008584770467167657,7.777228267237918e-05,0.23732994178687183,5.982820274110686e-05,103.025541197152,1,True,74,74,1.0,1,1,0.16412207340532234,0.030077810916460467
90,272,response_tables/trial_00272_hard_negative_structure_obs-empirical_prior-axis_edge_parallel_rel2x.npz,2.0,1,0,16,640,0.009118142281229868,7.606695948252015e-05,0.2370710540012534,5.8567713972415325e-05,103.27858057240917,0,True,74,74,1.0,1,1,0.163753888350597,0.030162700701094863
90,272,response_tables/trial_00272_hard_negative_structure_obs-empirical_prior-axis_edge_parallel_rel2x.npz,2.0,2,0,16,640,0.009788234432961507,7.720513861824263e-05,0.2385438140666315,5.936945250598924e-05,102.66995969587379,1,True,79,79,1.0,1,1,0.16311385566130207,0.030110511503372458
90,272,response_tables/trial_00272_hard_negative_structure_obs-empirical_prior-axis_edge_parallel_rel2x.npz,2.0,3,0,16,640,0.009720215781045316,7.764730816213642e-05,0.2343787363003209,6.0031953742104276e-05,100.78679114664706,1,True,78,78,1.0,1,1,0.16197047200620499,0.030247789827778065
91,275,response_tables/trial_00275_hard_negative_structure_obs-empirical_prior-axis_edge_parallel_rel2x.npz,2.0,0,0,16,640,0.0018797399530253722,7.2592063477679e-05,0.15836547985077787,6.121104736297294e-05,77.94748808674107,0,True,65,65,1.0,1,1,0.1515140034260507,0.027426907634892903
91,275,response_tables/trial_00275_hard_negative_structure_obs-empirical_prior-axis_edge_parallel_rel2x.npz,2.0,1,0,16,640,0.00131431165458884,7.310582346892507e-05,0.15570952120328752,6.180378012792647e-05,77.93715395881995,2,True,64,64,1.0,1,1,0.1533970149811799,0.02743402080462494
91,275,response_tables/trial_00275_hard_negative_structure_obs-empirical_prior-axis_edge_parallel_rel2x.npz,2.0,2,0,16,640,0.001627760643414744,7.165710757173823e-05,0.15601252032491064,6.057630534604387e-05,78.22222298038714,2,True,63,63,1.0,1,1,0.15207795092405596,0.02745764267183738
91,275,response_tables/trial_00275_hard_negative_structure_obs-empirical_prior-axis_edge_parallel_rel2x.npz,2.0,3,0,16,640,0.001499638481595511,7.264831555635077e-05,0.1544212174866385,6.152213518117319e-05,75.96725572383865,1,True,70,70,1.0,1,1,0.15079529447758497,0.0276800389227931
92,278,response_tables/trial_00278_hard_negative_structure_obs-empirical_prior-axis_edge_parallel_rel2x.npz,2.0,0,0,16,640,0.0012228750935909805,7.041588584052848e-05,0.1444690006479824,6.0316733013934425e-05,189.36786241484648,1,True,64,64,1.0,1,1,0.20197657738957592,0.029917042485626776
92,278,response_tables/trial_00278_hard_negative_structure_obs-empirical_prior-axis_edge_parallel_rel2x.npz,2.0,1,0,16,640,0.0003300167305684276,0.00011270873630005076,0.17356657256792618,9.317701721657468e-05,134.32659613678155,1,True,76,76,1.0,1,1,0.17743338731599514,0.03263438584604418
92,278,response_tables/trial_00278_hard_negative_structure_obs-empirical_prior-axis_edge_parallel_rel2x.npz,2.0,2,0,16,640,0.0011309801026722077,6.644179663492939e-05,0.09826953543019001,5.998042881801064e-05,241.86268624216012,1,True,73,73,1.0,1,1,0.24958208219130282,0.03874839857628241
92,278,response_tables/trial_00278_hard_negative_structure_obs-empirical_prior-axis_edge_parallel_rel2x.npz,2.0,3,0,16,640,0.0002619481765785414,7.568088395189586e-05,0.13101074330307672,6.578310685641479e-05,356.17618249959355,0,True,50,50,1.0,1,1,0.2352676222594292,0.03134966028373382
93,281,response_tables/trial_00281_hard_negative_structure_obs-empirical_prior-axis_edge_parallel_rel2x.npz,2.0,0,0,16,640,0.010745877207427479,2.3281468373088858e-05,0.11910104978183345,2.073139810779609e-05,416.5790008348706,0,True,78,78,1.0,1,1,0.26401255185708794,0.04734571498128331
93,281,response_tables/trial_00281_hard_negative_structure_obs-empirical_prior-axis_edge_parallel_rel2x.npz,2.0,1,0,16,640,0.0038139487830248786,6.058799483777475e-05,0.12147220071222864,5.3432024773950265e-05,256.3613766981458,2,False,80,80,0.0,1,1,0.15673326832013798,0.02920165355662623
93,281,response_tables/trial_00281_hard_negative_structure_obs-empirical_prior-axis_edge_parallel_rel2x.npz,2.0,2,0,16,640,0.017449281363875135,1.4149793808947797e-05,0.146831187661851,1.2286554322169764e-05,773.3618301873668,1,True,78,78,1.0,1,1,0.2834393488999612,0.052074193556540145
93,281,response_tables/trial_00281_hard_negative_structure_obs-empirical_prior-axis_edge_parallel_rel2x.npz,2.0,3,0,16,640,0.0016891255308953967,6.316377893301338e-05,0.12081409779788044,5.562666438673077e-05,375.55869754116145,0,True,52,52,1.0,1,1,0.18506853522385255,0.02813859288409009
94,284,response_tables/trial_00284_hard_negative_structure_obs-empirical_prior-axis_edge_parallel_rel2x.npz,2.0,0,0,16,640,0.006142421212675386,3.966399234777288e-05,0.2663609274162251,2.9278897884439173e-05,114.71171972853905,1,True,79,79,1.0,1,1,0.16309652059179996,0.02286246404029817
94,284,response_tables/trial_00284_hard_negative_structure_obs-empirical_prior-axis_edge_parallel_rel2x.npz,2.0,1,0,16,640,0.006573838739742044,8.198942880377029e-05,0.2721676274993652,6.006944734625975e-05,135.78445685747576,0,True,40,40,1.0,1,1,0.17124350774942568,0.020532952015578157
94,284,response_tables/trial_00284_hard_negative_structure_obs-empirical_prior-axis_edge_parallel_rel2x.npz,2.0,2,0,16,640,0.019390674027725763,0.0001298203791686985,0.26822410156992404,9.687795341586775e-05,90.04220495741657,1,True,73,73,1.0,1,1,0.1254516383976966,0.020749079457474763
94,284,response_tables/trial_00284_hard_negative_structure_obs-empirical_prior-axis_edge_parallel_rel2x.npz,2.0,3,0,16,640,0.00986729644538531,3.787142675666762e-05,0.2667818707949027,2.804474246448324e-05,349.2179219579928,0,True,71,71,1.0,1,1,0.20389033816555607,0.024320283288750598
95,287,response_tables/trial_00287_hard_negative_structure_obs-empirical_prior-axis_edge_parallel_rel2x.npz,2.0,0,0,16,640,0.006131558739599918,0.00013308890724096569,0.2752894301160924,9.704598094442962e-05,81.64353956975513,1,False,80,80,0.0,1,1,0.14817877629001333,0.0365321815441073
95,287,response_tables/trial_00287_hard_negative_structure_obs-empirical_prior-axis_edge_parallel_rel2x.npz,2.0,1,0,16,640,0.0027993875303353732,8.396092256519313e-05,0.2879718570941886,5.995036407237638e-05,221.04968351102337,0,True,69,69,1.0,1,1,0.1567912612123844,0.030587012607584334
95,287,response_tables/trial_00287_hard_negative_structure_obs-empirical_prior-axis_edge_parallel_rel2x.npz,2.0,2,0,16,640,0.004967179542583078,0.00011292370817594599,0.2886594112935291,8.072820855885808e-05,107.71283919685263,1,False,80,80,0.0,1,1,0.15462342882840407,0.034737320260245425
95,287,response_tables/trial_00287_hard_negative_structure_obs-empirical_prior-axis_edge_parallel_rel2x.npz,2.0,3,0,16,640,0.010643075622707832,0.00010954007152360645,0.2653344401484231,8.13410367777269e-05,120.12292771152288,1,False,80,80,0.0,1,1,0.1593961966205476,0.04130005422004139
96,290,response_tables/trial_00290_hard_negative_structure_obs-empirical_prior-axis_edge_parallel_rel2x.npz,2.0,0,0,16,640,0.0005895690137341925,9.191364472803603e-05,0.15103426222139205,7.807756732281925e-05,94.35195733453702,0,True,64,64,1.0,1,1,0.1452197230233412,0.04186982073789432
96,290,response_tables/trial_00290_hard_negative_structure_obs-empirical_prior-axis_edge_parallel_rel2x.npz,2.0,1,0,16,640,0.0017566497108773005,8.348151359117699e-05,0.14999352902057683,7.108469767327265e-05,114.28673707707317,0,True,56,56,1.0,1,1,0.1686605575974869,0.038018173557590816
96,290,response_tables/trial_00290_hard_negative_structure_obs-empirical_prior-axis_edge_parallel_rel2x.npz,2.0,2,0,16,640,0.0020485813899157046,7.328527839623085e-05,0.14380605643267874,6.287521651393526e-05,153.9662114612502,1,True,50,50,1.0,1,1,0.15051087743546748,0.041202249307101604
96,290,response_tables/trial_00290_hard_negative_structure_obs-empirical_prior-axis_edge_parallel_rel2x.npz,2.0,3,0,16,640,0.002925441921469152,0.00012468615543557494,0.14898828602368597,0.00010642070644228435,72.49157177384488,2,True,78,78,1.0,1,1,0.11499525217307727,0.04146627927784701
97,293,response_tables/trial_00293_hard_negative_structure_obs-empirical_prior-axis_edge_parallel_rel2x.npz,2.0,0,0,16,640,0.003185848035477501,0.00012387074935094115,0.27248817002462433,9.040545357740029e-05,55.53105179272954,1,True,56,56,1.0,1,1,0.11175241992142211,0.02730263456366641
97,293,response_tables/trial_00293_hard_negative_structure_obs-empirical_prior-axis_edge_parallel_rel2x.npz,2.0,1,0,16,640,0.0016161679693890152,0.00015388901637358458,0.2675038129684495,0.00011290559212123779,54.72961471170598,1,True,61,61,1.0,1,1,0.10365567932366583,0.024108667192126502
97,293,response_tables/trial_00293_hard_negative_structure_obs-empirical_prior-axis_edge_parallel_rel2x.npz,2.0,2,0,16,640,0.002261501481334971,0.00012398881679698856,0.26467645258945993,9.137854933107166e-05,54.91527508132861,0,True,67,67,1.0,1,1,0.12149605804743986,0.026771088286996488
97,293,response_tables/trial_00293_hard_negative_structure_obs-empirical_prior-axis_edge_parallel_rel2x.npz,2.0,3,0,16,640,0.0018794048181658418,0.00012790048252986095,0.2889563800599452,9.111406229779722e-05,60.10378374260871,0,True,69,69,1.0,1,1,0.10966656553828741,0.022672244427770216
98,296,response_tables/trial_00296_hard_negative_structure_obs-empirical_prior-axis_edge_parallel_rel2x.npz,2.0,0,0,16,640,0.0020882647545025224,6.176352858981555e-05,0.3400811188682874,4.084421221052227e-05,126.06087435409992,0,True,67,67,1.0,1,1,0.14773856553871406,0.02647433716758199
98,296,response_tables/trial_00296_hard_negative_structure_obs-empirical_prior-axis_edge_parallel_rel2x.npz,2.0,1,0,16,640,0.0016845782047685276,7.910047183813768e-05,0.34012977550276113,5.228412280339947e-05,106.93236937405334,0,True,59,59,1.0,1,1,0.1415576595516527,0.024279865453298338
98,296,response_tables/trial_00296_hard_negative_structure_obs-empirical_prior-axis_edge_parallel_rel2x.npz,2.0,2,0,16,640,0.006539777650013678,0.00012097557059222934,0.3205631444325183,8.273633854130259e-05,57.25296734010293,1,True,59,59,1.0,1,1,0.12212475417091989,0.02467960085110345
98,296,response_tables/trial_00296_hard_negative_structure_obs-empirical_prior-axis_edge_parallel_rel2x.npz,2.0,3,0,16,640,0.0021706845155464727,0.00010601722834256904,0.31377075218313144,7.291038831208188e-05,117.35867998847321,1,False,80,80,0.0,1,1,0.1464661138637498,0.029645538688364607
99,299,response_tables/trial_00299_hard_negative_structure_obs-empirical_prior-axis_edge_parallel_rel2x.npz,2.0,0,0,16,640,0.0018663054280122493,8.097897901371958e-05,0.3189572176131551,5.525326865756053e-05,169.0332305042956,1,True,69,69,1.0,1,1,0.14802352668675117,0.02755775436592586
99,299,response_tables/trial_00299_hard_negative_structure_obs-empirical_prior-axis_edge_parallel_rel2x.npz,2.0,1,0,16,640,0.00682505443448278,8.3359764769892e-05,0.29143530992053057,5.947168336555625e-05,192.678156282087,0,True,66,66,1.0,1,1,0.1433029388098156,0.02798534694099226
99,299,response_tables/trial_00299_hard_negative_structure_obs-empirical_prior-axis_edge_parallel_rel2x.npz,2.0,2,0,16,640,0.004334141722280638,9.476705934076515e-05,0.315740781216851,6.512750583117927e-05,148.92596031220924,1,True,69,69,1.0,1,1,0.14695641213606486,0.027661338875519866
99,299,response_tables/trial_00299_hard_negative_structure_obs-empirical_prior-axis_edge_parallel_rel2x.npz,2.0,3,0,16,640,0.0028977502328250138,7.045081667901343e-05,0.3149134617713797,4.840517221305477e-05,221.92463358624016,1,True,70,70,1.0,1,1,0.14503552349468601,0.032248073044548936
100,302,response_tables/trial_00302_hard_negative_structure_obs-empirical_prior-axis_edge_parallel_rel2x.npz,2.0,0,0,16,640,0.002227236041577707,0.00012401690337798053,0.2909866390890856,8.812591869610321e-05,36.7630072397494,1,True,77,77,1.0,1,1,0.1112309188156598,0.023483890268855598
100,302,response_tables/trial_00302_hard_negative_structure_obs-empirical_prior-axis_edge_parallel_rel2x.npz,2.0,1,0,16,640,0.001977724934712266,8.005490547627812e-05,0.30390393353064316,5.583633371306061e-05,81.53478791425063,1,True,69,69,1.0,1,1,0.12099786117351526,0.020556385341102143
100,302,response_tables/trial_00302_hard_negative_structure_obs-empirical_prior-axis_edge_parallel_rel2x.npz,2.0,2,0,16,640,0.00017247559184929706,7.593017925805638e-05,0.2970566608989661,5.338382115234665e-05,162.8842809988682,0,True,14,14,1.0,1,1,0.14382407996531407,0.021508549981210757
100,302,response_tables/trial_00302_hard_negative_structure_obs-empirical_prior-axis_edge_parallel_rel2x.npz,2.0,3,0,16,640,0.0023046363082364074,8.399238181039857e-05,0.30990781334334583,5.809637744687962e-05,80.26815091401161,1,True,71,71,1.0,1,1,0.12340089734120116,0.020155334858567898
101,305,response_tables/trial_00305_hard_negative_structure_obs-empirical_prior-axis_edge_parallel_rel2x.npz,2.0,0,0,16,640,0.0015311379906670641,9.204466960437966e-05,0.22363697095457258,7.156966152928845e-05,53.181546753997736,1,True,73,73,1.0,1,1,0.12309393462465784,0.01950132417098551
101,305,response_tables/trial_00305_hard_negative_structure_obs-empirical_prior-axis_edge_parallel_rel2x.npz,2.0,1,0,16,640,0.0015311379906670641,9.204466960437966e-05,0.22363697095457258,7.156966152928845e-05,53.181546753997736,1,True,73,73,1.0,1,1,0.12309393462465784,0.01950132417098551
101,305,response_tables/trial_00305_hard_negative_structure_obs-empirical_prior-axis_edge_parallel_rel2x.npz,2.0,2,0,16,640,0.0019361903646353262,8.803603929635081e-05,0.22779706492419205,6.811356877264979e-05,59.11985603315142,1,True,73,73,1.0,1,1,0.12344037669766306,0.019617277432196628
101,305,response_tables/trial_00305_hard_negative_structure_obs-empirical_prior-axis_edge_parallel_rel2x.npz,2.0,3,0,16,640,0.0037288857353751093,6.730395756991334e-05,0.2253323404423332,5.233334435088778e-05,147.79834902902275,1,True,77,77,1.0,1,1,0.15569487916702363,0.023076699315350793
102,308,response_tables/trial_00308_hard_negative_structure_obs-empirical_prior-axis_edge_parallel_rel2x.npz,2.0,0,0,16,640,0.0011550657108153617,9.73285608519909e-05,0.10952558752471053,8.676881672671109e-05,37.091145019357725,2,True,64,64,1.0,1,1,0.13422601638687165,0.01837561516960828
102,308,response_tables/trial_00308_hard_negative_structure_obs-empirical_prior-axis_edge_parallel_rel2x.npz,2.0,1,0,16,640,0.0011550657108153617,9.73285608519909e-05,0.10952558752471053,8.676881672671109e-05,37.091145019357725,2,True,64,64,1.0,1,1,0.13422601638687165,0.01837561516960828
102,308,response_tables/trial_00308_hard_negative_structure_obs-empirical_prior-axis_edge_parallel_rel2x.npz,2.0,2,0,16,640,0.0011459834731902818,9.429689120912861e-05,0.11215543133891104,8.381703563926483e-05,41.74785665536124,1,True,58,58,1.0,1,1,0.13433480547844845,0.018324453905405862
102,308,response_tables/trial_00308_hard_negative_structure_obs-empirical_prior-axis_edge_parallel_rel2x.npz,2.0,3,0,16,640,0.0015520210113091348,6.792020082319598e-05,0.10881550430943265,6.062351889292328e-05,112.53689755807657,2,True,68,68,1.0,1,1,0.16843849297231606,0.022480788966189342
103,311,response_tables/trial_00311_hard_negative_structure_obs-empirical_prior-axis_edge_parallel_rel2x.npz,2.0,0,0,16,640,0.0017561179659910664,6.143985247176652e-05,0.1409373485997436,5.2873534730301684e-05,107.03318041458613,1,True,74,74,1.0,1,1,0.17949621412958677,0.037694579428408995
103,311,response_tables/trial_00311_hard_negative_structure_obs-empirical_prior-axis_edge_parallel_rel2x.npz,2.0,1,0,16,640,0.009330284399015953,7.359238821083197e-05,0.17963974028600171,6.0940866319898565e-05,123.4804885022394,1,True,60,60,1.0,1,1,0.11924486303515619,0.03102161362381106
103,311,response_tables/trial_00311_hard_negative_structure_obs-empirical_prior-axis_edge_parallel_rel2x.npz,2.0,2,0,16,640,0.0028741320918975743,6.634425657012811e-05,0.17211686379670244,5.5083608766045916e-05,112.9050146839352,0,True,65,65,1.0,1,1,0.14820155945250232,0.04342821459923123
103,311,response_tables/trial_00311_hard_negative_structure_obs-empirical_prior-axis_edge_parallel_rel2x.npz,2.0,3,0,16,640,0.006233622427258556,6.23583252787171e-05,0.17829617882771331,5.156148901775013e-05,126.23575831835782,1,True,62,62,1.0,1,1,0.13148557722898965,0.03265408059883044
104,314,response_tables/trial_00314_hard_negative_structure_obs-empirical_prior-axis_edge_parallel_rel2x.npz,2.0,0,0,16,640,0.00030446489085700357,7.464522388696203e-05,0.18283117118360293,6.101632750994232e-05,61.94371585542946,2,True,66,66,1.0,1,1,0.12698327206291848,0.018215247779530635
104,314,response_tables/trial_00314_hard_negative_structure_obs-empirical_prior-axis_edge_parallel_rel2x.npz,2.0,1,0,16,640,0.0002517978325791148,9.023044411201505e-05,0.1796561635134558,7.40386314576633e-05,64.80258109084511,0,True,67,67,1.0,1,1,0.11678299453772356,0.01864028670159856
104,314,response_tables/trial_00314_hard_negative_structure_obs-empirical_prior-axis_edge_parallel_rel2x.npz,2.0,2,0,16,640,0.00010774317886186324,9.402019678798123e-05,0.19190483466818564,7.598545338220808e-05,58.51476731106948,1,True,67,67,1.0,1,1,0.1135775886987341,0.01707062125354423
104,314,response_tables/trial_00314_hard_negative_structure_obs-empirical_prior-axis_edge_parallel_rel2x.npz,2.0,3,0,16,640,0.0004039287506746314,9.434718416708742e-05,0.19837558463003946,7.566156823247367e-05,77.33733975690578,0,True,55,55,1.0,1,1,0.09862266736657078,0.01903703782073715
105,317,response_tables/trial_00317_hard_negative_structure_obs-empirical_prior-axis_edge_parallel_rel2x.npz,2.0,0,0,16,640,0.0023983389156855273,6.651266837776167e-05,0.21850373450533622,5.210436587365768e-05,78.72825443583109,1,True,74,74,1.0,1,1,0.13530490754581095,0.028422176314913505
105,317,response_tables/trial_00317_hard_negative_structure_obs-empirical_prior-axis_edge_parallel_rel2x.npz,2.0,1,0,16,640,0.0025712166554090476,6.885707659857817e-05,0.2184098146243756,5.395674975675259e-05,76.73203191583872,2,True,54,54,1.0,1,1,0.13430556791645495,0.028190059815651397
105,317,response_tables/trial_00317_hard_negative_structure_obs-empirical_prior-axis_edge_parallel_rel2x.npz,2.0,2,0,16,640,0.005842345255644532,7.543347873933127e-05,0.24289289280497595,5.7446847189119535e-05,74.78983702532237,0,True,73,73,1.0,1,1,0.12434415936638953,0.0259837755586654
105,317,response_tables/trial_00317_hard_negative_structure_obs-empirical_prior-axis_edge_parallel_rel2x.npz,2.0,3,0,16,640,0.00016420143312634305,0.00011674220863712509,0.23283414124718216,8.957534514184576e-05,104.59887421392821,1,True,49,49,1.0,1,1,0.10554590246829179,0.016997399169222573
106,320,response_tables/trial_00320_hard_negative_structure_obs-empirical_prior-axis_edge_parallel_rel2x.npz,2.0,0,0,16,640,0.0006394480557837534,9.299753540473169e-05,0.24569161069014445,7.019370636999598e-05,80.88075157717091,0,True,61,61,1.0,1,1,0.14525241002658623,0.026187958848557926
106,320,response_tables/trial_00320_hard_negative_structure_obs-empirical_prior-axis_edge_parallel_rel2x.npz,2.0,1,0,16,640,0.001272553836413004,9.784732411751772e-05,0.255357499884597,7.295411409824841e-05,79.45895900384619,1,True,79,79,1.0,1,1,0.12882885014555032,0.02895395186601522
106,320,response_tables/trial_00320_hard_negative_structure_obs-empirical_prior-axis_edge_parallel_rel2x.npz,2.0,2,0,16,640,0.0015049934405502174,0.00010863054895116805,0.2374339722095712,8.296282471739513e-05,66.49268615304373,0,True,64,64,1.0,1,1,0.13612159297812992,0.025596750581751558
106,320,response_tables/trial_00320_hard_negative_structure_obs-empirical_prior-axis_edge_parallel_rel2x.npz,2.0,3,0,16,640,0.0003975422089256275,9.297852189076684e-05,0.24159608496410634,7.054331896305363e-05,85.0686149618896,0,True,59,59,1.0,1,1,0.13911451470509917,0.028286741821783798
107,323,response_tables/trial_00323_hard_negative_structure_obs-empirical_prior-axis_edge_parallel_rel2x.npz,2.0,0,0,16,640,0.001175648198050827,0.00010307029083152397,0.22521875809369496,7.995092209158166e-05,64.32762472164956,0,False,80,80,0.0,1,1,0.14632333176444512,0.03205376524069944
107,323,response_tables/trial_00323_hard_negative_structure_obs-empirical_prior-axis_edge_parallel_rel2x.npz,2.0,1,0,16,640,0.0045620962790932085,7.48509783575412e-05,0.26210652978643656,5.548517688815268e-05,148.86795794522055,0,True,61,61,1.0,1,1,0.14210303984567663,0.02597107173613682
107,323,response_tables/trial_00323_hard_negative_structure_obs-empirical_prior-axis_edge_parallel_rel2x.npz,2.0,2,0,16,640,0.0008192759573226738,9.203528442377705e-05,0.24404618148352064,6.96314720893603e-05,95.5518794319414,1,True,77,77,1.0,1,1,0.12237079024610083,0.027716203526464478
107,323,response_tables/trial_00323_hard_negative_structure_obs-empirical_prior-axis_edge_parallel_rel2x.npz,2.0,3,0,16,640,0.0023685159734089245,0.00011409115230989232,0.22230553899263028,8.893870995653786e-05,82.50424340169954,1,False,80,80,0.0,1,1,0.14846714593824836,0.03365409676766908
108,326,response_tables/trial_00326_hard_negative_structure_obs-empirical_prior-axis_edge_parallel_rel2x.npz,2.0,0,0,16,640,0.0012306726027421222,0.00014204671318030832,0.177819856229133,0.00011693189194056306,110.69009087818554,2,True,52,52,1.0,1,1,0.17695229132456008,0.022166005913166423
108,326,response_tables/trial_00326_hard_negative_structure_obs-empirical_prior-axis_edge_parallel_rel2x.npz,2.0,1,0,16,640,0.00209667981101036,0.00014287812705487027,0.17718282453305356,0.00011780958591963705,112.28320768657278,1,True,72,72,1.0,1,1,0.17333189406097266,0.02299774538692115
108,326,response_tables/trial_00326_hard_negative_structure_obs-empirical_prior-axis_edge_parallel_rel2x.npz,2.0,2,0,16,640,0.0018977694807686962,0.00016209954545737905,0.21979579953904627,0.00012671121493523365,109.86408512410915,1,True,75,75,1.0,1,1,0.1623731457032805,0.028038965782346374
108,326,response_tables/trial_00326_hard_negative_structure_obs-empirical_prior-axis_edge_parallel_rel2x.npz,2.0,3,0,16,640,0.002011372803204625,0.00014502997452441033,0.20049780478435597,0.00011618547530949992,106.1805801155577,2,False,80,80,0.0,1,1,0.16438398936454188,0.02397416529170682
109,329,response_tables/trial_00329_hard_negative_structure_obs-empirical_prior-axis_edge_parallel_rel2x.npz,2.0,0,0,16,640,0.010324014893530187,6.0514798711443864e-05,0.28177737167230876,4.391649230387116e-05,133.22683894953235,0,True,76,76,1.0,1,1,0.1463955095273359,0.031240863669102652
109,329,response_tables/trial_00329_hard_negative_structure_obs-empirical_prior-axis_edge_parallel_rel2x.npz,2.0,1,0,16,640,0.008761985410203565,8.303832548740283e-05,0.27305846848533677,6.089759131080754e-05,99.90961318532088,1,True,77,77,1.0,1,1,0.11420366025752476,0.03336532355811607
109,329,response_tables/trial_00329_hard_negative_structure_obs-empirical_prior-axis_edge_parallel_rel2x.npz,2.0,2,0,16,640,0.006576874024102786,4.676128050167991e-05,0.28503924229147704,3.365381745674501e-05,212.48930003128373,1,True,49,49,1.0,1,1,0.15698708926535135,0.03300664832876851
109,329,response_tables/trial_00329_hard_negative_structure_obs-empirical_prior-axis_edge_parallel_rel2x.npz,2.0,3,0,16,640,0.008917992515971251,3.5861052410542385e-05,0.29188199637762213,2.5622356827177045e-05,319.3365079242942,0,True,68,68,1.0,1,1,0.17171612722672155,0.03463040649847741
110,332,response_tables/trial_00332_hard_negative_structure_obs-empirical_prior-axis_edge_parallel_rel2x.npz,2.0,0,0,16,640,0.006943612273705546,8.874570973875687e-05,0.16834665763293244,7.43217273834374e-05,163.63601244471818,0,True,66,66,1.0,1,1,0.16000598763676813,0.025774104415302316
110,332,response_tables/trial_00332_hard_negative_structure_obs-empirical_prior-axis_edge_parallel_rel2x.npz,2.0,1,0,16,640,0.007221664162453956,8.24802966146234e-05,0.16764939308756166,6.915191686529079e-05,173.936826173692,0,True,68,68,1.0,1,1,0.16221086813331675,0.02658393241085017
110,332,response_tables/trial_00332_hard_negative_structure_obs-empirical_prior-axis_edge_parallel_rel2x.npz,2.0,2,0,16,640,0.006477672501091325,9.552349808289864e-05,0.1693488821433914,7.986403351787837e-05,152.4529314879721,0,True,65,65,1.0,1,1,0.16029400143831846,0.025037824664767123
110,332,response_tables/trial_00332_hard_negative_structure_obs-empirical_prior-axis_edge_parallel_rel2x.npz,2.0,3,0,16,640,0.008091091426757457,8.114489996794733e-05,0.16867366046276522,6.800815284490172e-05,175.37186782274873,1,True,62,62,1.0,1,1,0.16304479407176667,0.025642324971003022
111,335,response_tables/trial_00335_hard_negative_structure_obs-empirical_prior-axis_edge_parallel_rel2x.npz,2.0,0,0,16,640,0.002165409586374123,6.523112301943284e-05,0.11004048479927886,5.817904006946552e-05,108.22099986108088,0,True,50,50,1.0,1,1,0.18234025023609854,0.02996910582529069
111,335,response_tables/trial_00335_hard_negative_structure_obs-empirical_prior-axis_edge_parallel_rel2x.npz,2.0,1,0,16,640,0.001532689841618473,8.418849182175334e-05,0.11908936635111189,7.427638033024934e-05,84.64800098134249,1,True,75,75,1.0,1,1,0.16715703446821945,0.029847887960268462
111,335,response_tables/trial_00335_hard_negative_structure_obs-empirical_prior-axis_edge_parallel_rel2x.npz,2.0,2,0,16,640,0.004452405544734805,0.00010375400050805922,0.15981298163299418,8.756262866388973e-05,78.307273856228,1,True,73,73,1.0,1,1,0.11709739660992861,0.03346442478243294
111,335,response_tables/trial_00335_hard_negative_structure_obs-empirical_prior-axis_edge_parallel_rel2x.npz,2.0,3,0,16,640,0.0029012867845836787,8.957900545210908e-05,0.1252500289677414,7.858723653512726e-05,79.85379407445481,2,True,79,79,1.0,1,1,0.15516522151889597,0.029722489605546274
112,338,response_tables/trial_00338_hard_negative_structure_obs-empirical_prior-axis_edge_parallel_rel2x.npz,2.0,0,0,16,640,0.000989127221509123,6.920331452781748e-05,0.3092565972399791,4.7849061768735765e-05,88.69680736240778,0,True,60,60,1.0,1,1,0.13111970742451415,0.040408971176986865
112,338,response_tables/trial_00338_hard_negative_structure_obs-empirical_prior-axis_edge_parallel_rel2x.npz,2.0,1,0,16,640,0.002012861629010043,6.570976050814438e-05,0.3165728315756804,4.499841113706551e-05,108.45766259228662,0,True,73,73,1.0,1,1,0.13215925041384097,0.04067460424657384
112,338,response_tables/trial_00338_hard_negative_structure_obs-empirical_prior-axis_edge_parallel_rel2x.npz,2.0,2,0,16,640,0.0028445162871588714,4.226653587505175e-05,0.30945355951573716,2.9270265647481107e-05,153.33420836615446,0,True,73,73,1.0,1,1,0.15107627057191975,0.04477005754055768
112,338,response_tables/trial_00338_hard_negative_structure_obs-empirical_prior-axis_edge_parallel_rel2x.npz,2.0,3,0,16,640,0.001430573286351433,3.9643761852342056e-05,0.3051542840378567,2.758576154126792e-05,161.91873951311624,0,True,57,57,1.0,1,1,0.15726002162894628,0.04407725061312894
113,341,response_tables/trial_00341_hard_negative_structure_obs-empirical_prior-axis_edge_parallel_rel2x.npz,2.0,0,0,16,640,0.017981168883608456,7.469371419066559e-05,0.2667236221265481,5.577401823280769e-05,158.91047451699285,0,True,70,70,1.0,1,1,0.144579609088635,0.028967316812180857
113,341,response_tables/trial_00341_hard_negative_structure_obs-empirical_prior-axis_edge_parallel_rel2x.npz,2.0,1,0,16,640,0.00655929582110093,6.910779303079124e-05,0.25798304027787755,5.161773044139234e-05,243.07519765986726,0,True,78,78,1.0,1,1,0.16569213120699863,0.040300767373804586
113,341,response_tables/trial_00341_hard_negative_structure_obs-empirical_prior-axis_edge_parallel_rel2x.npz,2.0,2,0,16,640,0.00033015341810438414,6.180335203263681e-05,0.24759517208235005,4.6516498031673444e-05,328.1079821322477,1,True,70,70,1.0,1,1,0.17483167830286905,0.03245435237562764
113,341,response_tables/trial_00341_hard_negative_structure_obs-empirical_prior-axis_edge_parallel_rel2x.npz,2.0,3,0,16,640,0.022336765060654407,4.4971156330159206e-05,0.2898627555441162,3.2665330857281676e-05,296.8885388665915,1,True,59,59,1.0,1,1,0.16565542619328466,0.03034402820809104
114,344,response_tables/trial_00344_hard_negative_structure_obs-empirical_prior-axis_edge_parallel_rel2x.npz,2.0,0,0,16,640,0.014365460812857056,6.866485381755381e-05,0.2984137457484429,4.887645032033666e-05,106.03829908691785,1,True,76,76,1.0,1,1,0.13250205545503502,0.024761017125314602
114,344,response_tables/trial_00344_hard_negative_structure_obs-empirical_prior-axis_edge_parallel_rel2x.npz,2.0,1,0,16,640,0.0069646368126482505,8.344430462238971e-05,0.317767147575706,5.732771265906488e-05,210.8815596441055,1,True,76,76,1.0,1,1,0.146342781664711,0.02138972768460761
114,344,response_tables/trial_00344_hard_negative_structure_obs-empirical_prior-axis_edge_parallel_rel2x.npz,2.0,2,0,16,640,0.0058891208778533155,8.367071536497642e-05,0.31439039575901695,5.770527941369899e-05,208.98497519478548,0,True,74,74,1.0,1,1,0.1479195555820378,0.021308526697366693
114,344,response_tables/trial_00344_hard_negative_structure_obs-empirical_prior-axis_edge_parallel_rel2x.npz,2.0,3,0,16,640,0.006282739569539508,8.190173836573413e-05,0.31486812355381466,5.6468267106895774e-05,212.58721796182093,1,True,77,77,1.0,1,1,0.14743492931219845,0.02141172470633723
115,347,response_tables/trial_00347_hard_negative_structure_obs-empirical_prior-axis_edge_parallel_rel2x.npz,2.0,0,0,16,640,0.020403472234762687,3.806547420392148e-05,0.270247681510846,2.8356948261211e-05,181.69933561007744,1,False,80,80,0.0,1,1,0.15597430028380063,0.031842803967697494
115,347,response_tables/trial_00347_hard_negative_structure_obs-empirical_prior-axis_edge_parallel_rel2x.npz,2.0,1,0,16,640,0.000757718336219404,6.0435827258456826e-05,0.23345526587394438,4.6361894395006975e-05,142.57683077346977,1,True,44,44,1.0,1,1,0.14722721332928165,0.02320789823314322
115,347,response_tables/trial_00347_hard_negative_structure_obs-empirical_prior-axis_edge_parallel_rel2x.npz,2.0,2,0,16,640,0.007703277301500555,0.00010826544090542208,0.2571642647239769,8.104777186127822e-05,133.30640744685786,0,True,69,69,1.0,1,1,0.10427617826469089,0.027635195448270665
115,347,response_tables/trial_00347_hard_negative_structure_obs-empirical_prior-axis_edge_parallel_rel2x.npz,2.0,3,0,16,640,0.005850412128525995,6.246110616563634e-05,0.24874484179125655,4.720036981036774e-05,212.68750412600906,1,True,64,64,1.0,1,1,0.13158183952501207,0.023079657465447812
116,350,response_tables/trial_00350_hard_negative_structure_obs-empirical_prior-axis_edge_parallel_rel2x.npz,2.0,0,0,16,640,0.0017793858917386496,0.00011058267390367414,0.2588549826440101,8.21038922771852e-05,63.844451427848725,1,True,77,77,1.0,1,1,0.14897981041717895,0.0375107967155573
116,350,response_tables/trial_00350_hard_negative_structure_obs-empirical_prior-axis_edge_parallel_rel2x.npz,2.0,1,0,16,640,0.0007223443974617716,7.703227254308321e-05,0.28096260339670653,5.5429123620717565e-05,93.37800135243236,0,True,74,74,1.0,1,1,0.15279679418657427,0.030665398498952567
116,350,response_tables/trial_00350_hard_negative_structure_obs-empirical_prior-axis_edge_parallel_rel2x.npz,2.0,2,0,16,640,0.00028013987532893303,7.125169167294801e-05,0.2733821323946305,5.178725994321686e-05,167.13120186912238,0,True,77,77,1.0,1,1,0.16322769402562046,0.030018010503946188
116,350,response_tables/trial_00350_hard_negative_structure_obs-empirical_prior-axis_edge_parallel_rel2x.npz,2.0,3,0,16,640,0.0017025177881808684,8.132333690531328e-05,0.25419379243250717,6.075488575780679e-05,202.46677767550588,1,True,76,76,1.0,1,1,0.1836171340837673,0.030711876063575436
117,353,response_tables/trial_00353_hard_negative_structure_obs-empirical_prior-axis_edge_parallel_rel2x.npz,2.0,0,0,16,640,0.0010001929277598798,0.00010838786392457323,0.17243672765681606,8.978762029452653e-05,74.64174328836447,0,True,68,68,1.0,1,1,0.16162537744455943,0.028012146195265326
117,353,response_tables/trial_00353_hard_negative_structure_obs-empirical_prior-axis_edge_parallel_rel2x.npz,2.0,1,0,16,640,0.0009082902121333447,0.00010310789766144855,0.12495164396885938,9.030642078056542e-05,106.09158778788807,1,False,80,80,0.0,1,1,0.22477076039788826,0.03929302812781665
117,353,response_tables/trial_00353_hard_negative_structure_obs-empirical_prior-axis_edge_parallel_rel2x.npz,2.0,2,0,16,640,0.0009825587909394473,0.00010483732229758909,0.14760725561770704,8.94504632059095e-05,94.96754811151686,0,True,64,64,1.0,1,1,0.1933986668343202,0.027623366045046095
117,353,response_tables/trial_00353_hard_negative_structure_obs-empirical_prior-axis_edge_parallel_rel2x.npz,2.0,3,0,16,640,0.001027304061518075,0.0001112622920445536,0.14256585902977126,9.549819348363391e-05,102.45296046540545,2,True,73,73,1.0,1,1,0.1983719418659814,0.028300142637173165
118,356,response_tables/trial_00356_hard_negative_structure_obs-empirical_prior-axis_edge_parallel_rel2x.npz,2.0,0,0,16,640,0.007937750830881884,7.592506755560135e-05,0.3361779126575476,5.0804006370152795e-05,118.25550753011748,1,True,67,67,1.0,1,1,0.1232817922469725,0.021019231236419064
118,356,response_tables/trial_00356_hard_negative_structure_obs-empirical_prior-axis_edge_parallel_rel2x.npz,2.0,1,0,16,640,0.00016035874835851338,0.00010507407119270304,0.3110547118154078,7.240189653609246e-05,117.55817630261845,0,True,62,62,1.0,1,1,0.14736479092749227,0.02423002210993537
118,356,response_tables/trial_00356_hard_negative_structure_obs-empirical_prior-axis_edge_parallel_rel2x.npz,2.0,2,0,16,640,0.00016956763154785115,0.0001079853085770124,0.31323982581473353,7.417258659763393e-05,119.23671949935068,0,True,66,66,1.0,1,1,0.1453628811738428,0.02286740651325845
118,356,response_tables/trial_00356_hard_negative_structure_obs-empirical_prior-axis_edge_parallel_rel2x.npz,2.0,3,0,16,640,0.0023015772824465097,0.00011818253002111936,0.33646791441799817,7.859880184101567e-05,108.93767858408188,1,True,64,64,1.0,1,1,0.12261308057029037,0.016694154111727064
119,359,response_tables/trial_00359_hard_negative_structure_obs-empirical_prior-axis_edge_parallel_rel2x.npz,2.0,0,0,16,640,0.000740849967940882,0.00012044832246250887,0.20168941655777006,9.622645994945191e-05,62.12788130929232,2,True,53,53,1.0,1,1,0.1112788260026247,0.023120498678769478
119,359,response_tables/trial_00359_hard_negative_structure_obs-empirical_prior-axis_edge_parallel_rel2x.npz,2.0,1,0,16,640,0.00032932393050733033,0.0001756371621521779,0.20330391393774427,0.00013997553694772438,51.22468138576083,1,True,65,65,1.0,1,1,0.10652151843693031,0.02097996415854122
119,359,response_tables/trial_00359_hard_negative_structure_obs-empirical_prior-axis_edge_parallel_rel2x.npz,2.0,2,0,16,640,0.0002726443108408416,0.000173267491599484,0.20125052139012423,0.00013843506210723332,51.77139269327198,0,True,43,43,1.0,1,1,0.10736934623982229,0.02095431995654485
119,359,response_tables/trial_00359_hard_negative_structure_obs-empirical_prior-axis_edge_parallel_rel2x.npz,2.0,3,0,16,640,0.00033535788323757476,0.00018198220365408927,0.2037685923666942,0.00014494855582056475,50.396840286673914,1,True,65,65,1.0,1,1,0.10689659257193512,0.020823264118286132
120,362,response_tables/trial_00362_hard_negative_structure_obs-empirical_prior-axis_edge_parallel_rel2x.npz,2.0,0,0,16,640,0.003358959125509098,8.946621627419136e-05,0.23216690144047558,6.892664383751764e-05,48.43690758210951,0,True,66,66,1.0,1,1,0.11074526108948866,0.02805095175494662
120,362,response_tables/trial_00362_hard_negative_structure_obs-empirical_prior-axis_edge_parallel_rel2x.npz,2.0,1,0,16,640,0.0031280939462154933,0.0001317250065832708,0.2210017629786153,0.00010293553993933293,60.95163815573286,0,True,77,77,1.0,1,1,0.11346617429241353,0.03365979892653939
120,362,response_tables/trial_00362_hard_negative_structure_obs-empirical_prior-axis_edge_parallel_rel2x.npz,2.0,2,0,16,640,0.0006470460887841867,0.00017745309081399144,0.2087583687470852,0.00014049918249304375,37.90440471457599,0,True,56,56,1.0,1,1,0.11006815889616595,0.026493012843681798
120,362,response_tables/trial_00362_hard_negative_structure_obs-empirical_prior-axis_edge_parallel_rel2x.npz,2.0,3,0,16,640,0.003888174809356104,8.949242906490287e-05,0.23424934604736447,6.879637842582945e-05,50.44831005247338,1,True,71,71,1.0,1,1,0.11216125857959812,0.027447461618805073
121,365,response_tables/trial_00365_hard_negative_structure_obs-empirical_prior-axis_edge_parallel_rel2x.npz,2.0,0,0,16,640,0.0034361895230716755,6.0841096922146553e-05,0.27994083384536517,4.396024525186027e-05,78.41739668491746,1,True,74,74,1.0,1,1,0.12069186436119532,0.0269834174133277
121,365,response_tables/trial_00365_hard_negative_structure_obs-empirical_prior-axis_edge_parallel_rel2x.npz,2.0,1,0,16,640,0.010283023420126214,7.659460559411607e-05,0.2396091858673869,5.8846959165175025e-05,137.77540550920196,0,True,66,66,1.0,1,1,0.09826741943831917,0.04210614336924881
121,365,response_tables/trial_00365_hard_negative_structure_obs-empirical_prior-axis_edge_parallel_rel2x.npz,2.0,2,0,16,640,0.002109891079029036,9.498261306542477e-06,0.2459283850646271,7.177513013178772e-06,1227.424077353175,0,True,51,51,1.0,1,1,0.1853498939898339,0.04715861712016116
121,365,response_tables/trial_00365_hard_negative_structure_obs-empirical_prior-axis_edge_parallel_rel2x.npz,2.0,3,0,16,640,0.001636048733638762,9.091194567717331e-05,0.25821350937727405,6.754776457424613e-05,78.36909854686263,2,True,79,79,1.0,1,1,0.10145055776265705,0.029712960691970013
122,368,response_tables/trial_00368_hard_negative_structure_obs-empirical_prior-axis_edge_parallel_rel2x.npz,2.0,0,0,16,640,0.0010294154659672428,9.970851737952735e-05,0.2949871374466726,7.036822539822638e-05,90.65734565514381,0,True,51,51,1.0,1,1,0.14194719244020595,0.02339987228372687
122,368,response_tables/trial_00368_hard_negative_structure_obs-empirical_prior-axis_edge_parallel_rel2x.npz,2.0,1,0,16,640,0.0007792483076211054,9.685353916945874e-05,0.30787066382412087,6.708745355628833e-05,116.99593842902422,0,True,62,62,1.0,1,1,0.1216699866115945,0.02548657653689588
122,368,response_tables/trial_00368_hard_negative_structure_obs-empirical_prior-axis_edge_parallel_rel2x.npz,2.0,2,0,16,640,0.002127975776508473,8.746845678614416e-05,0.3019313313709372,6.118919830752475e-05,163.29483682514555,0,True,59,59,1.0,1,1,0.13090695298100918,0.023865406967585778
122,368,response_tables/trial_00368_hard_negative_structure_obs-empirical_prior-axis_edge_parallel_rel2x.npz,2.0,3,0,16,640,0.0016355466318811462,0.0001476702223393294,0.2575538442027644,0.00010981679939793743,69.9748738978935,0,True,65,65,1.0,1,1,0.11749793270763055,0.02696233077603674
123,371,response_tables/trial_00371_hard_negative_structure_obs-empirical_prior-axis_edge_parallel_rel2x.npz,2.0,0,0,16,640,0.0028336459669879854,6.573331624077427e-05,0.1454609571846196,5.6331308125557085e-05,134.8449563288757,0,True,60,60,1.0,1,1,0.2252473199892966,0.05050314886704489
123,371,response_tables/trial_00371_hard_negative_structure_obs-empirical_prior-axis_edge_parallel_rel2x.npz,2.0,1,0,16,640,0.0025809565175440863,6.31343910824669e-05,0.14640659629435948,5.403055027584691e-05,138.863093299392,0,True,66,66,1.0,1,1,0.22706137784618763,0.0508458006803207
123,371,response_tables/trial_00371_hard_negative_structure_obs-empirical_prior-axis_edge_parallel_rel2x.npz,2.0,2,0,16,640,0.0004250727237589125,7.025983648289358e-05,0.14878372408968954,5.983174920163644e-05,123.83019979865716,1,True,78,78,1.0,1,1,0.20133322772040793,0.04583126683136872
123,371,response_tables/trial_00371_hard_negative_structure_obs-empirical_prior-axis_edge_parallel_rel2x.npz,2.0,3,0,16,640,0.001590971086468107,0.00010728957664993038,0.1323949704576789,9.323330781597698e-05,117.71452773166791,0,True,50,50,1.0,1,1,0.1502437219507285,0.0282218924846391
124,374,response_tables/trial_00374_hard_negative_structure_obs-empirical_prior-axis_edge_parallel_rel2x.npz,2.0,0,0,16,640,0.0009695319688659554,3.30583460375288e-05,0.09074028128603673,3.008779349690018e-05,303.2650268662402,2,True,57,57,1.0,1,1,0.2640643235536833,0.036620408574499656
124,374,response_tables/trial_00374_hard_negative_structure_obs-empirical_prior-axis_edge_parallel_rel2x.npz,2.0,1,0,16,640,0.0019293336834785846,3.4982856643251436e-05,0.09197922251945978,3.182656475109916e-05,301.45932760035,2,True,57,57,1.0,1,1,0.25044236202120335,0.03501817922706061
124,374,response_tables/trial_00374_hard_negative_structure_obs-empirical_prior-axis_edge_parallel_rel2x.npz,2.0,2,0,16,640,0.0014434751405483226,3.272100935501713e-05,0.09062062616610422,2.979882486138348e-05,307.9621985195668,2,True,50,50,1.0,1,1,0.2617020836237222,0.035172473730849065
124,374,response_tables/trial_00374_hard_negative_structure_obs-empirical_prior-axis_edge_parallel_rel2x.npz,2.0,3,0,16,640,0.000750402446611953,5.6654085673858e-05,0.09485448604298896,5.131870117394661e-05,203.72773726660887,2,True,60,60,1.0,1,1,0.21591948118482823,0.031146246135240883
125,377,response_tables/trial_00377_hard_negative_structure_obs-empirical_prior-axis_edge_parallel_rel2x.npz,2.0,0,0,16,640,0.0022719179712632487,7.562176173798565e-05,0.31643172195548164,5.181034631080859e-05,60.06667933785622,1,True,47,47,1.0,1,1,0.12091266632270646,0.018604791798322046
125,377,response_tables/trial_00377_hard_negative_structure_obs-empirical_prior-axis_edge_parallel_rel2x.npz,2.0,1,0,16,640,0.010061401271497017,7.718022859501392e-05,0.29326010238533784,5.510073748531149e-05,190.1313519751894,0,True,70,70,1.0,1,1,0.11536015771691063,0.01996885754996199
125,377,response_tables/trial_00377_hard_negative_structure_obs-empirical_prior-axis_edge_parallel_rel2x.npz,2.0,2,0,16,640,0.010061401271497017,7.718022859501392e-05,0.29326010238533784,5.510073748531149e-05,190.1313519751894,0,True,70,70,1.0,1,1,0.11536015771691063,0.01996885754996199
125,377,response_tables/trial_00377_hard_negative_structure_obs-empirical_prior-axis_edge_parallel_rel2x.npz,2.0,3,0,16,640,0.01969820537832012,0.00012407761511154427,0.306106661203849,8.782665816993614e-05,82.90991393249091,0,True,79,79,1.0,1,1,0.08744327004930157,0.01979447877729932
126,380,response_tables/trial_00380_hard_negative_structure_obs-empirical_prior-axis_edge_parallel_rel2x.npz,2.0,0,0,16,640,0.00028139530021464854,6.662262137744855e-05,0.19982368770709003,5.3324848850944884e-05,61.76252342206717,1,True,44,44,1.0,1,1,0.13529016763857082,0.019513050330674665
126,380,response_tables/trial_00380_hard_negative_structure_obs-empirical_prior-axis_edge_parallel_rel2x.npz,2.0,1,0,16,640,0.004904645393697615,6.821945398645302e-05,0.18855539284392064,5.562914929126634e-05,110.99702854118439,1,True,66,66,1.0,1,1,0.1363861316489774,0.022280936588840283
126,380,response_tables/trial_00380_hard_negative_structure_obs-empirical_prior-axis_edge_parallel_rel2x.npz,2.0,2,0,16,640,0.009681684647736444,5.0092256930311886e-05,0.21507743980323846,3.970293384081105e-05,130.05622313453745,0,True,78,78,1.0,1,1,0.13895193907353304,0.024028091075863477
126,380,response_tables/trial_00380_hard_negative_structure_obs-empirical_prior-axis_edge_parallel_rel2x.npz,2.0,3,0,16,640,0.00027131904961219533,0.00010295425812903001,0.16951401317286574,8.552527329621154e-05,58.850492804875856,1,False,80,80,0.0,1,1,0.12016589500915803,0.02497015431749429
127,383,response_tables/trial_00383_hard_negative_structure_obs-empirical_prior-axis_edge_parallel_rel2x.npz,2.0,0,0,16,640,0.002093571748521983,8.602463236611836e-05,0.3514727035946188,5.590636624159151e-05,202.41782243781768,1,False,80,80,0.0,1,1,0.14631815974943685,0.025735086981677303
127,383,response_tables/trial_00383_hard_negative_structure_obs-empirical_prior-axis_edge_parallel_rel2x.npz,2.0,1,0,16,640,0.0015265768577894523,9.337257349414342e-05,0.3539647958408796,6.041419649440173e-05,191.01892901947883,0,True,78,78,1.0,1,1,0.14323414185269917,0.025834906555260002
127,383,response_tables/trial_00383_hard_negative_structure_obs-empirical_prior-axis_edge_parallel_rel2x.npz,2.0,2,0,16,640,0.00132120517306622,8.904762260429163e-05,0.3506197318788642,5.790226982074405e-05,197.40214605457848,0,True,79,79,1.0,1,1,0.14833499908693262,0.02662683942056975
127,383,response_tables/trial_00383_hard_negative_structure_obs-empirical_prior-axis_edge_parallel_rel2x.npz,2.0,3,0,16,640,0.0016866178244452357,8.642934420059874e-05,0.3523120989068108,5.607381563508138e-05,208.17112645532086,1,False,80,80,0.0,1,1,0.14461436527728772,0.026781798362827694
