trial_id,response_cache_path,prior_family,prior_scale,candidate_index,poly_model,degree,include_intercept,n_trajectories,n_timebins,basis_dim,ridge,train_r2_energy,cv_r2_energy,mean_fold_r2_energy,feature_dim,coef_singular1,coef_singular2,coef_singular3,coef_s2_over_s1,coef_s3_over_s1,A_singular1_median,A_singular2_median,A_singular2_p10,A_anisotropy_median,A_condition_median,A_log10_condition_median,A_area_median,A_rank1_fraction_anisotropy_lt_0p1,A_rank1_fraction_anisotropy_lt_0p2
0,response_tables/trial_00000_hard_negative_structure_obs-empirical_prior-axis_edge_parallel_rel0p5x.npz,axis_edge_parallel,0.5,0,linear,1,False,16,40,10,0.01,0.004355106995195035,-0.0021787088917739617,-0.0009370790092746439,2,0.03505779471455638,4.431319053393707e-08,,1.2640039367775106e-06,,0.03505779471455638,4.431319053393707e-08,4.431319053393707e-08,1.2640039367775106e-06,791136.7764798502,5.898251573428565,1.553522736885789e-09,1.0,1.0
0,response_tables/trial_00000_hard_negative_structure_obs-empirical_prior-axis_edge_parallel_rel0p5x.npz,axis_edge_parallel,0.5,0,quadratic,2,False,16,40,10,0.01,0.3958136841030546,0.27393950187853555,0.20451286805233126,5,2.078996848068072,0.012294815840245651,3.509667578666753e-08,0.00591382129880126,1.6881543528688586e-08,,,,,,,,,
0,response_tables/trial_00000_hard_negative_structure_obs-empirical_prior-axis_edge_parallel_rel0p5x.npz,axis_edge_parallel,0.5,0,cubic,3,False,16,40,10,0.01,0.39582222611377893,0.27393821779684924,0.20451783583384764,9,2.079033989305325,0.012831785655364218,0.005085894777661415,0.006171994167181339,0.00244627784048917,,,,,,,,,
0,response_tables/trial_00000_hard_negative_structure_obs-empirical_prior-axis_edge_parallel_rel0p5x.npz,axis_edge_parallel,0.5,0,affine_linear,1,True,16,40,10,0.01,0.3931686990016193,0.3244784745511129,0.22380036493317904,3,0.03743632939281082,0.003665197680868398,2.819114694390769e-08,0.09790483576555593,7.530424964505587e-07,,,,,,,,,
0,response_tables/trial_00000_hard_negative_structure_obs-empirical_prior-axis_edge_parallel_rel0p5x.npz,axis_edge_parallel,0.5,0,affine_quadratic,2,True,16,40,10,0.01,0.5828297850445701,0.4780513286327396,0.4319914735621081,6,1.4844070328321792,0.014058893824805359,0.0019518785661981522,0.00947105040184406,0.001314921394891305,,,,,,,,,
0,response_tables/trial_00000_hard_negative_structure_obs-empirical_prior-axis_edge_parallel_rel0p5x.npz,axis_edge_parallel,0.5,1,linear,1,False,16,40,10,0.01,0.005945517317530902,-0.00142585682385854,-0.001256276116436278,2,0.039935026768804685,2.6056854970786723e-08,,6.524812195979566e-07,,0.039935026768804685,2.6056854970786723e-08,2.6056854970786723e-08,6.524812195979566e-07,1532611.1617682672,6.185431984131221,1.0405812007692293e-09,1.0,1.0
0,response_tables/trial_00000_hard_negative_structure_obs-empirical_prior-axis_edge_parallel_rel0p5x.npz,axis_edge_parallel,0.5,1,quadratic,2,False,16,40,10,0.01,0.3921667115146611,0.2685628894194383,0.20009088875853728,5,2.028499034332471,0.010021292941578311,1.1087066699683653e-08,0.004940250289483658,5.4656504696499064e-09,,,,,,,,,
0,response_tables/trial_00000_hard_negative_structure_obs-empirical_prior-axis_edge_parallel_rel0p5x.npz,axis_edge_parallel,0.5,1,cubic,3,False,16,40,10,0.01,0.3921717563859305,0.26856104837876293,0.20009374817040682,9,2.0285162877389067,0.010690329371988381,0.003998982894594152,0.005270023926652517,0.001971383182262556,,,,,,,,,
0,response_tables/trial_00000_hard_negative_structure_obs-empirical_prior-axis_edge_parallel_rel0p5x.npz,axis_edge_parallel,0.5,1,affine_linear,1,True,16,40,10,0.01,0.3922077542107709,0.32281633165082646,0.2052194878773068,3,0.041968407719076735,0.0029935606384374988,1.9109767229329683e-08,0.07132890669751991,4.553369610123031e-07,,,,,,,,,
0,response_tables/trial_00000_hard_negative_structure_obs-empirical_prior-axis_edge_parallel_rel0p5x.npz,axis_edge_parallel,0.5,1,affine_quadratic,2,True,16,40,10,0.01,0.5783690875809475,0.4726571727803933,0.4135734319342561,6,1.4442181295250043,0.011524565713048355,0.0022984610879959026,0.007979795764535046,0.0015914916458996775,,,,,,,,,
0,response_tables/trial_00000_hard_negative_structure_obs-empirical_prior-axis_edge_parallel_rel0p5x.npz,axis_edge_parallel,0.5,2,linear,1,False,16,40,10,0.01,0.0033731758259575306,-0.0026856243085606746,-0.0015079425744003172,2,0.03436167248383027,2.8095764505632893e-08,,8.176483411526038e-07,,0.03436167248383027,2.8095764505632893e-08,2.8095764505632893e-08,8.176483411526038e-07,1223019.6646523403,6.08743344001367,9.654174581253809e-10,1.0,1.0
0,response_tables/trial_00000_hard_negative_structure_obs-empirical_prior-axis_edge_parallel_rel0p5x.npz,axis_edge_parallel,0.5,2,quadratic,2,False,16,40,10,0.01,0.389336060488643,0.27564072319502975,0.20269315047567368,5,2.282603250853473,0.011305917699242588,2.800841456861053e-08,0.004953080521117837,1.2270382318144026e-08,,,,,,,,,
0,response_tables/trial_00000_hard_negative_structure_obs-empirical_prior-axis_edge_parallel_rel0p5x.npz,axis_edge_parallel,0.5,2,cubic,3,False,16,40,10,0.01,0.389350213904761,0.2756421286655284,0.20270266341593007,9,2.282678398395546,0.012768733211158633,0.0053526334615496135,0.005593750403093817,0.0023448916261317775,,,,,,,,,
0,response_tables/trial_00000_hard_negative_structure_obs-empirical_prior-axis_edge_parallel_rel0p5x.npz,axis_edge_parallel,0.5,2,affine_linear,1,True,16,40,10,0.01,0.405553076598993,0.341718553068567,0.2661893973498314,3,0.03744818396848633,0.004100757649944522,2.6249023618576187e-08,0.109504846841049,7.009424980571943e-07,,,,,,,,,
0,response_tables/trial_00000_hard_negative_structure_obs-empirical_prior-axis_edge_parallel_rel0p5x.npz,axis_edge_parallel,0.5,2,affine_quadratic,2,True,16,40,10,0.01,0.5878282959078509,0.49274625696530017,0.46343378076949343,6,1.609852545100756,0.012845555715031222,0.002551598782836415,0.007979336836857476,0.001584989128725897,,,,,,,,,
0,response_tables/trial_00000_hard_negative_structure_obs-empirical_prior-axis_edge_parallel_rel0p5x.npz,axis_edge_parallel,0.5,3,linear,1,False,16,40,10,0.01,0.0033033406965090606,-0.0021286196303864635,-8.593408986865003e-05,2,0.025996240209235227,2.0053316471030285e-09,,7.713929518125585e-08,,0.025996240209235227,2.0053316471030285e-09,2.0053316471030285e-09,7.713929518125585e-08,12963561.53696088,7.112724333583663,5.213108319727165e-11,1.0,1.0
0,response_tables/trial_00000_hard_negative_structure_obs-empirical_prior-axis_edge_parallel_rel0p5x.npz,axis_edge_parallel,0.5,3,quadratic,2,False,16,40,10,0.01,0.46034046122343864,0.33441859580457933,0.24276497889654475,5,1.858779933709172,0.0051898994516927435,1.8795534652540187e-09,0.0027920999993454655,1.0111758961715244e-09,,,,,,,,,
0,response_tables/trial_00000_hard_negative_structure_obs-empirical_prior-axis_edge_parallel_rel0p5x.npz,axis_edge_parallel,0.5,3,cubic,3,False,16,40,10,0.01,0.4603609933841101,0.33442627900690036,0.24278858298311265,9,1.8587945223341158,0.013046398006638777,0.00422921726274951,0.007018741366988871,0.002275247323969311,,,,,,,,,
0,response_tables/trial_00000_hard_negative_structure_obs-empirical_prior-axis_edge_parallel_rel0p5x.npz,axis_edge_parallel,0.5,3,affine_linear,1,True,16,40,10,0.01,0.3527633902462183,0.2879260926884505,0.13381953745557934,3,0.028119112571509737,0.0024941827868887297,1.9424518913751878e-09,0.08870062241636437,6.907941658668413e-08,,,,,,,,,
0,response_tables/trial_00000_hard_negative_structure_obs-empirical_prior-axis_edge_parallel_rel0p5x.npz,axis_edge_parallel,0.5,3,affine_quadratic,2,True,16,40,10,0.01,0.5916555612737955,0.4884924472033494,0.4229412790132346,6,1.3863609721862675,0.0051286151821827355,0.0018327825532213685,0.003699336092890005,0.0013220096280776728,,,,,,,,,
0,response_tables/trial_00000_hard_negative_structure_obs-empirical_prior-axis_edge_orthogonal_rel0p5x.npz,axis_edge_orthogonal,0.5,0,linear,1,False,16,40,10,0.01,0.007212996133107441,0.0005762930943673528,0.0022524104851315563,2,0.05028978494725386,4.1003847225369344e-08,,8.153514131821399e-07,,0.05028978494725386,4.1003847225369344e-08,4.1003847225369344e-08,8.153514131821399e-07,1226465.0356062015,6.0886551717354465,2.0620746589738764e-09,1.0,1.0
0,response_tables/trial_00000_hard_negative_structure_obs-empirical_prior-axis_edge_orthogonal_rel0p5x.npz,axis_edge_orthogonal,0.5,0,quadratic,2,False,16,40,10,0.01,0.4055706799772737,0.28402619834276843,0.20477441597849494,5,2.3379431433582627,0.007423755054769195,3.816149235451633e-08,0.0031753360109970778,1.6322677676284502e-08,,,,,,,,,
0,response_tables/trial_00000_hard_negative_structure_obs-empirical_prior-axis_edge_orthogonal_rel0p5x.npz,axis_edge_orthogonal,0.5,0,cubic,3,False,16,40,10,0.01,0.4055754794597496,0.28402442688483154,0.2047762701365479,9,2.3379712008024116,0.007425173205703081,0.0040427953126677615,0.003175904477845877,0.00172918952606441,,,,,,,,,
0,response_tables/trial_00000_hard_negative_structure_obs-empirical_prior-axis_edge_orthogonal_rel0p5x.npz,axis_edge_orthogonal,0.5,0,affine_linear,1,True,16,40,10,0.01,0.34170815560906054,0.27433442075987846,0.07805918489591493,3,0.05216582524271637,0.0025400114262617026,3.780072009510724e-08,0.048691100245104445,7.246261305985023e-07,,,,,,,,,
0,response_tables/trial_00000_hard_negative_structure_obs-empirical_prior-axis_edge_orthogonal_rel0p5x.npz,axis_edge_orthogonal,0.5,0,affine_quadratic,2,True,16,40,10,0.01,0.5503978949553857,0.4459345337811277,0.34076048592363684,6,1.73592229675487,0.008088228159503828,0.002289045888880503,0.004659326154531195,0.0013186338427472481,,,,,,,,,
0,response_tables/trial_00000_hard_negative_structure_obs-empirical_prior-axis_edge_orthogonal_rel0p5x.npz,axis_edge_orthogonal,0.5,1,linear,1,False,16,40,10,0.01,0.007090770598931151,-7.41505604695547e-07,0.0016233117413088638,2,0.050374059614179796,1.9034817196220188e-08,,3.7786943006003185e-07,,0.050374059614179796,1.9034817196220188e-08,1.9034817196220188e-08,3.7786943006003185e-07,2646416.7790475423,6.422658241433766,9.588610161874105e-10,1.0,1.0
0,response_tables/trial_00000_hard_negative_structure_obs-empirical_prior-axis_edge_orthogonal_rel0p5x.npz,axis_edge_orthogonal,0.5,1,quadratic,2,False,16,40,10,0.01,0.4000593898491521,0.27616295410035663,0.20154866174775968,5,2.3635005883933475,0.006794970551479473,1.4803775471768959e-08,0.0028749603807370046,6.26349557282413e-09,,,,,,,,,
0,response_tables/trial_00000_hard_negative_structure_obs-empirical_prior-axis_edge_orthogonal_rel0p5x.npz,axis_edge_orthogonal,0.5,1,cubic,3,False,16,40,10,0.01,0.4000629098090265,0.2761613940466531,0.20154999893883538,9,2.3635178449310685,0.007225817863578885,0.003500535892401589,0.003057230085685951,0.0014810702190842487,,,,,,,,,
0,response_tables/trial_00000_hard_negative_structure_obs-empirical_prior-axis_edge_orthogonal_rel0p5x.npz,axis_edge_orthogonal,0.5,1,affine_linear,1,True,16,40,10,0.01,0.3622491660479654,0.2955113873765647,0.14460986092267042,3,0.0524132491667637,0.0023848791016507056,1.664627485698711e-08,0.045501455062682994,3.1759669781248456e-07,,,,,,,,,
0,response_tables/trial_00000_hard_negative_structure_obs-empirical_prior-axis_edge_orthogonal_rel0p5x.npz,axis_edge_orthogonal,0.5,1,affine_quadratic,2,True,16,40,10,0.01,0.5611281117030065,0.4564282405634025,0.37756592650175513,6,1.7242911250030803,0.00825849789330293,0.0023304694920588437,0.0047895032187723965,0.0013515522165983894,,,,,,,,,
0,response_tables/trial_00000_hard_negative_structure_obs-empirical_prior-axis_edge_orthogonal_rel0p5x.npz,axis_edge_orthogonal,0.5,2,linear,1,False,16,40,10,0.01,0.005684885639803183,0.0007881350202249005,0.0027020473010413992,2,0.04684396906774911,2.3910012853283724e-08,,5.104181675703728e-07,,0.04684396906774911,2.3910012853283724e-08,2.3910012853283724e-08,5.104181675703728e-07,1959177.9124165429,6.292073875950015,1.1200399025087064e-09,1.0,1.0
0,response_tables/trial_00000_hard_negative_structure_obs-empirical_prior-axis_edge_orthogonal_rel0p5x.npz,axis_edge_orthogonal,0.5,2,quadratic,2,False,16,40,10,0.01,0.3880725217128205,0.2790567796242437,0.20506964220292812,5,2.3861184830379205,0.007624787146527217,2.42143830422638e-08,0.003195477173798851,1.0148022076185806e-08,,,,,,,,,
0,response_tables/trial_00000_hard_negative_structure_obs-empirical_prior-axis_edge_orthogonal_rel0p5x.npz,axis_edge_orthogonal,0.5,2,cubic,3,False,16,40,10,0.01,0.388078255344933,0.2790541999615229,0.2050689829100352,9,2.3861520390017272,0.007629765560834445,0.005606750362404308,0.003197518614122527,0.0023497037367115775,,,,,,,,,
0,response_tables/trial_00000_hard_negative_structure_obs-empirical_prior-axis_edge_orthogonal_rel0p5x.npz,axis_edge_orthogonal,0.5,2,affine_linear,1,True,16,40,10,0.01,0.4135044637439319,0.3630638644818873,0.3310903034956059,3,0.049478642055467786,0.003587191263227754,2.361221508370372e-08,0.07249979211649242,4.772203541324631e-07,,,,,,,,,
0,response_tables/trial_00000_hard_negative_structure_obs-empirical_prior-axis_edge_orthogonal_rel0p5x.npz,axis_edge_orthogonal,0.5,2,affine_quadratic,2,True,16,40,10,0.01,0.5905936046052902,0.5072933447854735,0.4933145912735386,6,1.6666720325601092,0.006755143421731999,0.002668278866007208,0.004053073004024486,0.001600962165248894,,,,,,,,,
0,response_tables/trial_00000_hard_negative_structure_obs-empirical_prior-axis_edge_orthogonal_rel0p5x.npz,axis_edge_orthogonal,0.5,3,linear,1,False,16,40,10,0.01,0.002292850353909359,-0.0037466417421165854,-0.002270024763140116,2,0.028406885519928572,2.135488153516685e-09,,7.517501881783394e-08,,0.028406885519928572,2.135488153516685e-09,2.135488153516685e-09,7.517501881783394e-08,13302291.315991897,7.123926454514702,6.066256750611213e-11,1.0,1.0
0,response_tables/trial_00000_hard_negative_structure_obs-empirical_prior-axis_edge_orthogonal_rel0p5x.npz,axis_edge_orthogonal,0.5,3,quadratic,2,False,16,40,10,0.01,0.40339430401683785,0.3000173522821833,0.230934599070136,5,2.283873838261791,0.006331793595187841,2.069558610868759e-09,0.00277239201619247,9.061615296770759e-10,,,,,,,,,
0,response_tables/trial_00000_hard_negative_structure_obs-empirical_prior-axis_edge_orthogonal_rel0p5x.npz,axis_edge_orthogonal,0.5,3,cubic,3,False,16,40,10,0.01,0.4034126428194418,0.3000231923747967,0.2309483680422707,9,2.283901191106086,0.014563527209441601,0.0055278012890610465,0.006376601258475868,0.002420332941979837,,,,,,,,,
0,response_tables/trial_00000_hard_negative_structure_obs-empirical_prior-axis_edge_orthogonal_rel0p5x.npz,axis_edge_orthogonal,0.5,3,affine_linear,1,True,16,40,10,0.01,0.5171805893770529,0.4834380915105845,0.5151810621720704,3,0.033241753451320764,0.0029809464984645174,2.1081923589179908e-09,0.0896747670916282,6.342001068040013e-08,,,,,,,,,
0,response_tables/trial_00000_hard_negative_structure_obs-empirical_prior-axis_edge_orthogonal_rel0p5x.npz,axis_edge_orthogonal,0.5,3,affine_quadratic,2,True,16,40,10,0.01,0.6729035589381347,0.6063377734083615,0.6229695880645999,6,1.4681481924474196,0.008264390798543037,0.0025546174938421537,0.005629125752466585,0.0017400269993069143,,,,,,,,,
1,response_tables/trial_00001_hard_negative_structure_obs-empirical_prior-axis_edge_parallel_rel1x.npz,axis_edge_parallel,1.0,0,linear,1,False,16,40,10,0.01,0.007458042647148333,-0.0032095580648261457,-0.005479120698400813,2,0.043865603233094096,3.870471178291446e-08,,8.823476466798924e-07,,0.043865603233094096,3.870471178291446e-08,3.870471178291446e-08,8.823476466798924e-07,1133340.1338608554,6.054360268283813,1.6978055303205876e-09,1.0,1.0
1,response_tables/trial_00001_hard_negative_structure_obs-empirical_prior-axis_edge_parallel_rel1x.npz,axis_edge_parallel,1.0,0,quadratic,2,False,16,40,10,0.01,0.3906079039251036,0.3735389373077598,0.35994875492592604,5,2.29062285302055,0.022061673754651345,1.8101341071022436e-08,0.009631299070276681,7.902366400978207e-09,,,,,,,,,
1,response_tables/trial_00001_hard_negative_structure_obs-empirical_prior-axis_edge_parallel_rel1x.npz,axis_edge_parallel,1.0,0,cubic,3,False,16,40,10,0.01,0.3908817979580306,0.373684905836589,0.3601256121709402,9,2.293300212265342,0.05042819601966598,0.0075951913530957005,0.021989356539522824,0.003311904526269199,,,,,,,,,
1,response_tables/trial_00001_hard_negative_structure_obs-empirical_prior-axis_edge_parallel_rel1x.npz,axis_edge_parallel,1.0,0,affine_linear,1,True,16,40,10,0.01,0.6979290562023105,0.6752032767908305,0.6836754804233562,3,0.05167034609288525,0.013488626993126928,1.577267256752565e-08,0.26105160915468,3.052557948648513e-07,,,,,,,,,
1,response_tables/trial_00001_hard_negative_structure_obs-empirical_prior-axis_edge_parallel_rel1x.npz,axis_edge_parallel,1.0,0,affine_quadratic,2,True,16,40,10,0.01,0.7376903206428664,0.7172764240726596,0.7253262973452793,6,0.8317432887042048,0.020974473597171146,0.006882923793597695,0.02521748462779645,0.00827529826458929,,,,,,,,,
1,response_tables/trial_00001_hard_negative_structure_obs-empirical_prior-axis_edge_parallel_rel1x.npz,axis_edge_parallel,1.0,1,linear,1,False,16,40,10,0.01,0.009960160397893048,-0.0007576195194822777,-0.003540638202268187,2,0.050736786127868555,6.013537771587674e-08,,1.1852421547616663e-06,,0.050736786127868555,6.013537771587674e-08,6.013537771587674e-08,1.1852421547616663e-06,843709.4445067932,5.926192910638825,3.051075797889031e-09,1.0,1.0
1,response_tables/trial_00001_hard_negative_structure_obs-empirical_prior-axis_edge_parallel_rel1x.npz,axis_edge_parallel,1.0,1,quadratic,2,False,16,40,10,0.01,0.38032464474907735,0.36285325375681954,0.35271743722965987,5,2.257274367144913,0.022271885879177215,2.2841823317662694e-08,0.009866716338673332,1.0119205556103446e-08,,,,,,,,,
1,response_tables/trial_00001_hard_negative_structure_obs-empirical_prior-axis_edge_parallel_rel1x.npz,axis_edge_parallel,1.0,1,cubic,3,False,16,40,10,0.01,0.380636253259679,0.3630354392915198,0.35293775585716064,9,2.2605276882181826,0.045683617507318065,0.00749877361483435,0.020209271377395647,0.003317266872650038,,,,,,,,,
1,response_tables/trial_00001_hard_negative_structure_obs-empirical_prior-axis_edge_parallel_rel1x.npz,axis_edge_parallel,1.0,1,affine_linear,1,True,16,40,10,0.01,0.6677000539468174,0.6417398682346709,0.6517626294948803,3,0.057575337079573505,0.012018636797236882,1.6343322968583578e-08,0.20874626892112172,2.838597878462415e-07,,,,,,,,,
1,response_tables/trial_00001_hard_negative_structure_obs-empirical_prior-axis_edge_parallel_rel1x.npz,axis_edge_parallel,1.0,1,affine_quadratic,2,True,16,40,10,0.01,0.7100362412992094,0.6866223460416975,0.69780751716145,6,0.8575502105387928,0.021636350270893875,0.007041715921940542,0.02523041800351248,0.0082114327947238,,,,,,,,,
1,response_tables/trial_00001_hard_negative_structure_obs-empirical_prior-axis_edge_parallel_rel1x.npz,axis_edge_parallel,1.0,2,linear,1,False,16,40,10,0.01,0.0061904807554670205,-0.00527321553171145,-0.007235818096813201,2,0.044451042674727194,4.799927397280506e-08,,1.079823353617197e-06,,0.044451042674727194,4.799927397280506e-08,4.799927397280506e-08,1.079823353617197e-06,926077.3965021182,5.966647284164828,2.13361777572108e-09,1.0,1.0
1,response_tables/trial_00001_hard_negative_structure_obs-empirical_prior-axis_edge_parallel_rel1x.npz,axis_edge_parallel,1.0,2,quadratic,2,False,16,40,10,0.01,0.38917187360909655,0.3723176246047205,0.35872839988829874,5,2.5260474431053765,0.025099461991128003,3.3820685597480575e-08,0.009936259138613871,1.3388776877406301e-08,,,,,,,,,
1,response_tables/trial_00001_hard_negative_structure_obs-empirical_prior-axis_edge_parallel_rel1x.npz,axis_edge_parallel,1.0,2,cubic,3,False,16,40,10,0.01,0.3894939886697014,0.37249541381511286,0.35894242835465673,9,2.5295969077271723,0.05829922720101289,0.007258479562924258,0.02304684474547148,0.0028694214247146433,,,,,,,,,
1,response_tables/trial_00001_hard_negative_structure_obs-empirical_prior-axis_edge_parallel_rel1x.npz,axis_edge_parallel,1.0,2,affine_linear,1,True,16,40,10,0.01,0.7048848952772104,0.6817687715955117,0.6892864691026114,3,0.05352378150292486,0.016501575653439626,3.547624510420687e-08,0.30830362112097554,6.628127555275263e-07,,,,,,,,,
1,response_tables/trial_00001_hard_negative_structure_obs-empirical_prior-axis_edge_parallel_rel1x.npz,axis_edge_parallel,1.0,2,affine_quadratic,2,True,16,40,10,0.01,0.7424651753475231,0.722156132120364,0.7295147959616529,6,0.8938292739231162,0.02378177529785391,0.007929940775389634,0.02660661939776603,0.008871874089091132,,,,,,,,,
1,response_tables/trial_00001_hard_negative_structure_obs-empirical_prior-axis_edge_parallel_rel1x.npz,axis_edge_parallel,1.0,3,linear,1,False,16,40,10,0.01,0.0040157540110613565,-0.005590258371408474,-0.00652788987525621,2,0.027998930725078898,5.1375944388160855e-09,,1.83492522956039e-07,,0.027998930725078898,5.1375944388160855e-09,5.1375944388160855e-09,1.83492522956039e-07,5449813.343291264,6.7363816278974085,1.4384715078596217e-10,1.0,1.0
1,response_tables/trial_00001_hard_negative_structure_obs-empirical_prior-axis_edge_parallel_rel1x.npz,axis_edge_parallel,1.0,3,quadratic,2,False,16,40,10,0.01,0.39559463707003706,0.3702369913450091,0.3567907233616984,5,1.8199281647283638,0.008671910881818509,3.5812196650423664e-09,0.004764974271999823,1.9677807808292735e-09,,,,,,,,,
1,response_tables/trial_00001_hard_negative_structure_obs-empirical_prior-axis_edge_parallel_rel1x.npz,axis_edge_parallel,1.0,3,cubic,3,False,16,40,10,0.01,0.3961420522915725,0.3705590990978037,0.3571707177142285,9,1.8250696715994654,0.01722241487884496,0.006759291576599025,0.009436579406720116,0.0037035800231534598,,,,,,,,,
1,response_tables/trial_00001_hard_negative_structure_obs-empirical_prior-axis_edge_parallel_rel1x.npz,axis_edge_parallel,1.0,3,affine_linear,1,True,16,40,10,0.01,0.6612224999456822,0.6416661466742137,0.647184769051457,3,0.037502907543579454,0.006745840224788094,3.593091722134807e-09,0.17987512613386666,9.580835080478844e-08,,,,,,,,,
1,response_tables/trial_00001_hard_negative_structure_obs-empirical_prior-axis_edge_parallel_rel1x.npz,axis_edge_parallel,1.0,3,affine_quadratic,2,True,16,40,10,0.01,0.7116077500844011,0.6958761990546445,0.7010112506318882,6,0.7411376946584547,0.007210037320416569,0.005521224736183397,0.009728337085511804,0.007449661211372866,,,,,,,,,
1,response_tables/trial_00001_hard_negative_structure_obs-empirical_prior-axis_edge_orthogonal_rel1x.npz,axis_edge_orthogonal,1.0,0,linear,1,False,16,40,10,0.01,0.01039103543272002,-0.0013431611602212623,-0.0022161381909346356,2,0.05703793760669589,2.764483869507762e-08,,4.8467458423378e-07,,0.05703793760669589,2.764483869507762e-08,2.764483869507762e-08,4.8467458423378e-07,2063240.0223355957,6.3145497535729405,1.5768045846370096e-09,1.0,1.0
1,response_tables/trial_00001_hard_negative_structure_obs-empirical_prior-axis_edge_orthogonal_rel1x.npz,axis_edge_orthogonal,1.0,0,quadratic,2,False,16,40,10,0.01,0.39364908187415804,0.3753676035751792,0.35710181090702553,5,2.523829038475791,0.015588364891600487,1.9149093592493404e-08,0.0061764741802854935,7.587318039599886e-09,,,,,,,,,
1,response_tables/trial_00001_hard_negative_structure_obs-empirical_prior-axis_edge_orthogonal_rel1x.npz,axis_edge_orthogonal,1.0,0,cubic,3,False,16,40,10,0.01,0.39398958924932637,0.3755529779213741,0.3573319317330148,9,2.5279038575458124,0.03551352251050194,0.0070292743852505765,0.014048604896303236,0.002780673151104279,,,,,,,,,
1,response_tables/trial_00001_hard_negative_structure_obs-empirical_prior-axis_edge_orthogonal_rel1x.npz,axis_edge_orthogonal,1.0,0,affine_linear,1,True,16,40,10,0.01,0.6558711456927266,0.6323039844031262,0.636022048669648,3,0.06504439141006488,0.008650819390211837,1.7819380180149122e-08,0.13299869831472083,2.7395721281807204e-07,,,,,,,,,
1,response_tables/trial_00001_hard_negative_structure_obs-empirical_prior-axis_edge_orthogonal_rel1x.npz,axis_edge_orthogonal,1.0,0,affine_quadratic,2,True,16,40,10,0.01,0.7026220754040768,0.6825744404384875,0.6866762271352584,6,0.9938130708876064,0.013285466702608389,0.005995965793462089,0.013368174651539562,0.0060332933517436025,,,,,,,,,
1,response_tables/trial_00001_hard_negative_structure_obs-empirical_prior-axis_edge_orthogonal_rel1x.npz,axis_edge_orthogonal,1.0,1,linear,1,False,16,40,10,0.01,0.010502229066765123,-0.00040097589333631944,-0.0017428677628524847,2,0.05838540781379282,5.4081670207878424e-08,,9.262874446361632e-07,,0.05838540781379282,5.4081670207878424e-08,5.4081670207878424e-08,9.262874446361632e-07,1079578.4891511623,6.0332542225535954,3.157580370338031e-09,1.0,1.0
1,response_tables/trial_00001_hard_negative_structure_obs-empirical_prior-axis_edge_orthogonal_rel1x.npz,axis_edge_orthogonal,1.0,1,quadratic,2,False,16,40,10,0.01,0.3846318862044913,0.36634691509407824,0.35177374011573015,5,2.5425189152046554,0.015597455782897222,2.047013363371322e-08,0.006134646900607909,8.051123439553846e-09,,,,,,,,,
1,response_tables/trial_00001_hard_negative_structure_obs-empirical_prior-axis_edge_orthogonal_rel1x.npz,axis_edge_orthogonal,1.0,1,cubic,3,False,16,40,10,0.01,0.3849578798303409,0.36653060232309465,0.3520026994405676,9,2.546562990558675,0.034709475403608414,0.006347249228349303,0.013629930039937364,0.0024924768214576224,,,,,,,,,
1,response_tables/trial_00001_hard_negative_structure_obs-empirical_prior-axis_edge_orthogonal_rel1x.npz,axis_edge_orthogonal,1.0,1,affine_linear,1,True,16,40,10,0.01,0.6533501524233687,0.6281222238669991,0.6332305756111571,3,0.06646652353626203,0.008804749957572855,1.7349207003865824e-08,0.13246894059035993,2.6102173065213264e-07,,,,,,,,,
1,response_tables/trial_00001_hard_negative_structure_obs-empirical_prior-axis_edge_orthogonal_rel1x.npz,axis_edge_orthogonal,1.0,1,affine_quadratic,2,True,16,40,10,0.01,0.6991923026636808,0.6770184162020808,0.6843287752759653,6,1.0001413554737657,0.01269477210487302,0.006576354502219128,0.012692977882970875,0.006575425029898815,,,,,,,,,
1,response_tables/trial_00001_hard_negative_structure_obs-empirical_prior-axis_edge_orthogonal_rel1x.npz,axis_edge_orthogonal,1.0,2,linear,1,False,16,40,10,0.01,0.009173637857322614,-0.0011220119054908828,-0.0013481210585402081,2,0.056424038545895935,3.302882186156966e-08,,5.853679161002212e-07,,0.056424038545895935,3.302882186156966e-08,3.302882186156966e-08,5.853679161002212e-07,1708327.314318999,6.2325710848446265,1.8636195178427367e-09,1.0,1.0
1,response_tables/trial_00001_hard_negative_structure_obs-empirical_prior-axis_edge_orthogonal_rel1x.npz,axis_edge_orthogonal,1.0,2,quadratic,2,False,16,40,10,0.01,0.39207913180589593,0.37516926843901144,0.3587887667894172,5,2.6338694635911177,0.014513208616025388,2.622405278975282e-08,0.005510223196952793,9.956473983337789e-09,,,,,,,,,
1,response_tables/trial_00001_hard_negative_structure_obs-empirical_prior-axis_edge_orthogonal_rel1x.npz,axis_edge_orthogonal,1.0,2,cubic,3,False,16,40,10,0.01,0.3924742998743437,0.37539867569250984,0.35906141970669336,9,2.6389030327129412,0.03574823106394519,0.00586287911909271,0.013546625480661935,0.0022217107057038543,,,,,,,,,
1,response_tables/trial_00001_hard_negative_structure_obs-empirical_prior-axis_edge_orthogonal_rel1x.npz,axis_edge_orthogonal,1.0,2,affine_linear,1,True,16,40,10,0.01,0.6999522568940975,0.6803292310970194,0.6849019546970362,3,0.06597237869616954,0.008920864785751392,2.6440852561137785e-08,0.1352212086642459,4.007867092819102e-07,,,,,,,,,
1,response_tables/trial_00001_hard_negative_structure_obs-empirical_prior-axis_edge_orthogonal_rel1x.npz,axis_edge_orthogonal,1.0,2,affine_quadratic,2,True,16,40,10,0.01,0.7383649935476344,0.721317361504036,0.7259825708920253,6,0.9429360879706506,0.010884980258051916,0.00713947862380596,0.011543709480329822,0.007571540335433826,,,,,,,,,
1,response_tables/trial_00001_hard_negative_structure_obs-empirical_prior-axis_edge_orthogonal_rel1x.npz,axis_edge_orthogonal,1.0,3,linear,1,False,16,40,10,0.01,0.001808553981333616,-0.00798641138864098,-0.009412935504383407,2,0.022963408692893837,7.2173056691500964e-09,,3.1429592033449e-07,,0.022963408692893837,7.2173056691500964e-09,7.2173056691500964e-09,3.1429592033449e-07,3181714.8594730347,6.502661256232557,1.6573393974223328e-10,1.0,1.0
1,response_tables/trial_00001_hard_negative_structure_obs-empirical_prior-axis_edge_orthogonal_rel1x.npz,axis_edge_orthogonal,1.0,3,quadratic,2,False,16,40,10,0.01,0.36510024493396687,0.3379152460038247,0.32968108977950006,5,2.142164189447189,0.009232350249582976,5.660671572314041e-09,0.004309823819791094,2.642501261201106e-09,,,,,,,,,
1,response_tables/trial_00001_hard_negative_structure_obs-empirical_prior-axis_edge_orthogonal_rel1x.npz,axis_edge_orthogonal,1.0,3,cubic,3,False,16,40,10,0.01,0.36564675599266816,0.3382216102753183,0.33003181518439106,9,2.1486849963875687,0.017826039890434894,0.005395856994281972,0.00829625557976369,0.0025112368743457707,,,,,,,,,
1,response_tables/trial_00001_hard_negative_structure_obs-empirical_prior-axis_edge_orthogonal_rel1x.npz,axis_edge_orthogonal,1.0,3,affine_linear,1,True,16,40,10,0.01,0.7605525201903909,0.7430936196295164,0.7512516092011293,3,0.040130816474686845,0.008291128046706231,5.357873619629998e-09,0.20660252581544142,1.3351020712497994e-07,,,,,,,,,
1,response_tables/trial_00001_hard_negative_structure_obs-empirical_prior-axis_edge_orthogonal_rel1x.npz,axis_edge_orthogonal,1.0,3,affine_quadratic,2,True,16,40,10,0.01,0.7862191472250482,0.7704135573193366,0.7783894893762513,6,0.6467667805065462,0.010466010177850114,0.008274012244134425,0.01618204659437388,0.012792883761986411,,,,,,,,,
2,response_tables/trial_00002_hard_negative_structure_obs-empirical_prior-axis_edge_parallel_rel2x.npz,axis_edge_parallel,2.0,0,linear,1,False,16,40,10,0.01,0.003910279990863241,0.002537726850989852,0.002750410338764442,2,0.03139461163528561,6.20558891107397e-08,,1.976641400494112e-06,,0.03139461163528561,6.20558891107397e-08,6.20558891107397e-08,1.976641400494112e-06,505908.65887460636,5.704072112635053,1.9482205383140223e-09,1.0,1.0
2,response_tables/trial_00002_hard_negative_structure_obs-empirical_prior-axis_edge_parallel_rel2x.npz,axis_edge_parallel,2.0,0,quadratic,2,False,16,40,10,0.01,0.4875581732309584,0.47521208332823217,0.4630315248569772,5,2.4915563382265766,0.009287820840672112,2.844151818141335e-08,0.003727718574199665,1.1415161577946604e-08,,,,,,,,,
2,response_tables/trial_00002_hard_negative_structure_obs-empirical_prior-axis_edge_parallel_rel2x.npz,axis_edge_parallel,2.0,0,cubic,3,False,16,40,10,0.01,0.4875670634315793,0.47518004240279554,0.46299210562387755,9,2.4915953693573814,0.020195429975850276,0.004559573315058784,0.00810542121895939,0.001829981453302654,,,,,,,,,
2,response_tables/trial_00002_hard_negative_structure_obs-empirical_prior-axis_edge_parallel_rel2x.npz,axis_edge_parallel,2.0,0,affine_linear,1,True,16,40,10,0.01,0.834580512945781,0.8250077338008779,0.8223658047673601,3,0.053738194842404004,0.008107934126137913,2.9376540139043765e-08,0.1508784236224486,5.466603451268738e-07,,,,,,,,,
2,response_tables/trial_00002_hard_negative_structure_obs-empirical_prior-axis_edge_parallel_rel2x.npz,axis_edge_parallel,2.0,0,affine_quadratic,2,True,16,40,10,0.01,0.8503473861316364,0.8421162648687393,0.840865895314749,6,0.5676915566179651,0.011422178130783445,0.007839490138793965,0.020120394600954297,0.01380941824376938,,,,,,,,,
2,response_tables/trial_00002_hard_negative_structure_obs-empirical_prior-axis_edge_parallel_rel2x.npz,axis_edge_parallel,2.0,1,linear,1,False,16,40,10,0.01,0.007839245940876594,0.00637136571756558,0.00685862689420777,2,0.044853598440282486,2.8382314923337374e-08,,6.327767650821869e-07,,0.044853598440282486,2.8382314923337374e-08,2.8382314923337374e-08,6.327767650821869e-07,1580336.1551527847,6.198749476068302,1.2730489563770116e-09,1.0,1.0
2,response_tables/trial_00002_hard_negative_structure_obs-empirical_prior-axis_edge_parallel_rel2x.npz,axis_edge_parallel,2.0,1,quadratic,2,False,16,40,10,0.01,0.4847657006620264,0.4748057303914235,0.4650649332689797,5,2.5444885377337725,0.011355788133263633,2.42219266380666e-08,0.00446289616355575,9.519369523133973e-09,,,,,,,,,
2,response_tables/trial_00002_hard_negative_structure_obs-empirical_prior-axis_edge_parallel_rel2x.npz,axis_edge_parallel,2.0,1,cubic,3,False,16,40,10,0.01,0.48480188541446945,0.47480149568303065,0.4650644150415336,9,2.54511355531177,0.019307095634020353,0.006265661693601197,0.007585946644198075,0.0024618397401265143,,,,,,,,,
2,response_tables/trial_00002_hard_negative_structure_obs-empirical_prior-axis_edge_parallel_rel2x.npz,axis_edge_parallel,2.0,1,affine_linear,1,True,16,40,10,0.01,0.8216401313031647,0.8137392697432699,0.8113183928004982,3,0.06241681987693232,0.008885488902443044,2.3645575317057914e-08,0.1423572831804412,3.788333875977671e-07,,,,,,,,,
2,response_tables/trial_00002_hard_negative_structure_obs-empirical_prior-axis_edge_parallel_rel2x.npz,axis_edge_parallel,2.0,1,affine_quadratic,2,True,16,40,10,0.01,0.8363568447355434,0.8290673194507796,0.8277701802570976,6,0.5664674558978399,0.011492201120742385,0.007174590423099185,0.020287486952851458,0.012665494457625283,,,,,,,,,
2,response_tables/trial_00002_hard_negative_structure_obs-empirical_prior-axis_edge_parallel_rel2x.npz,axis_edge_parallel,2.0,2,linear,1,False,16,40,10,0.01,0.0034508240196831075,0.0017917082324703237,0.002355947302630168,2,0.03264839181836345,1.7970798970318105e-07,,5.504344308992956e-06,,0.03264839181836345,1.7970798970318105e-07,1.7970798970318105e-07,5.504344308992956e-06,181674.68164486144,5.259294407835981,5.867176860719879e-09,1.0,1.0
2,response_tables/trial_00002_hard_negative_structure_obs-empirical_prior-axis_edge_parallel_rel2x.npz,axis_edge_parallel,2.0,2,quadratic,2,False,16,40,10,0.01,0.478366043035942,0.468813356265791,0.4583604334937208,5,2.724721166914522,0.010399591426818476,4.468611499256076e-08,0.003816754372189573,1.6400252449744566e-08,,,,,,,,,
2,response_tables/trial_00002_hard_negative_structure_obs-empirical_prior-axis_edge_parallel_rel2x.npz,axis_edge_parallel,2.0,2,cubic,3,False,16,40,10,0.01,0.4786374273395133,0.4690156235565056,0.45857211927780217,9,2.729528508899096,0.02871353527912361,0.009112115244303363,0.010519595302085589,0.003338347708988965,,,,,,,,,
2,response_tables/trial_00002_hard_negative_structure_obs-empirical_prior-axis_edge_parallel_rel2x.npz,axis_edge_parallel,2.0,2,affine_linear,1,True,16,40,10,0.01,0.8469956213379102,0.8379608013744195,0.8350174660065985,3,0.058543283511150256,0.009357897400627776,4.8748983617055415e-08,0.1598457899759834,8.326998537376298e-07,,,,,,,,,
2,response_tables/trial_00002_hard_negative_structure_obs-empirical_prior-axis_edge_parallel_rel2x.npz,axis_edge_parallel,2.0,2,affine_quadratic,2,True,16,40,10,0.01,0.857349253124693,0.8493882691223669,0.8472025024486947,6,0.5127584741788364,0.014077331955507037,0.007671000528815708,0.027454118584878312,0.014960260854002521,,,,,,,,,
2,response_tables/trial_00002_hard_negative_structure_obs-empirical_prior-axis_edge_parallel_rel2x.npz,axis_edge_parallel,2.0,3,linear,1,False,16,40,10,0.01,0.0053164794249517255,0.004935028316591872,0.005554356038695585,2,0.0315633410231445,7.3049153378850195e-09,,2.314366952639308e-07,,0.0315633410231445,7.3049153378850195e-09,7.3049153378850195e-09,2.314366952639308e-07,4320835.980048878,6.635567780703341,2.3056753395486372e-10,1.0,1.0
2,response_tables/trial_00002_hard_negative_structure_obs-empirical_prior-axis_edge_parallel_rel2x.npz,axis_edge_parallel,2.0,3,quadratic,2,False,16,40,10,0.01,0.46511530988397753,0.4433928345655921,0.43458569217378396,5,1.8869005443773992,0.012612596480875477,1.49398506611012e-09,0.0066842932015990925,7.917667258944348e-10,,,,,,,,,
2,response_tables/trial_00002_hard_negative_structure_obs-empirical_prior-axis_edge_parallel_rel2x.npz,axis_edge_parallel,2.0,3,cubic,3,False,16,40,10,0.01,0.4653401245988458,0.44358376468608196,0.43477195906250343,9,1.8899576696585554,0.03477645137716826,0.007943855821071533,0.018400650943389153,0.0042031924569541764,,,,,,,,,
2,response_tables/trial_00002_hard_negative_structure_obs-empirical_prior-axis_edge_parallel_rel2x.npz,axis_edge_parallel,2.0,3,affine_linear,1,True,16,40,10,0.01,0.8143945436793043,0.8036231826888419,0.8001586170094444,3,0.04809042825269379,0.010417673578656955,1.450567553391677e-09,0.2166267583211511,3.016333199965678e-08,,,,,,,,,
2,response_tables/trial_00002_hard_negative_structure_obs-empirical_prior-axis_edge_parallel_rel2x.npz,axis_edge_parallel,2.0,3,affine_quadratic,2,True,16,40,10,0.01,0.8263691258059549,0.816064503942617,0.8140923616970569,6,0.3907261919525292,0.010959689203881282,0.009773074776946564,0.028049538089867328,0.025012591882076673,,,,,,,,,
2,response_tables/trial_00002_hard_negative_structure_obs-empirical_prior-axis_edge_orthogonal_rel2x.npz,axis_edge_orthogonal,2.0,0,linear,1,False,16,40,10,0.01,0.0039444756544373405,0.002315804092163254,0.0026481752646387025,2,0.035446016220293135,3.708346372055238e-08,,1.046195529846928e-06,,0.035446016220293135,3.708346372055238e-08,3.708346372055238e-08,1.046195529846928e-06,955844.267606757,5.980387139945134,1.3144610565433516e-09,1.0,1.0
2,response_tables/trial_00002_hard_negative_structure_obs-empirical_prior-axis_edge_orthogonal_rel2x.npz,axis_edge_orthogonal,2.0,0,quadratic,2,False,16,40,10,0.01,0.4756891967025114,0.4640592091300695,0.451404674809454,5,2.7661945649972126,0.009385294048060143,3.045531978958322e-08,0.0033928539108634974,1.1009825619266917e-08,,,,,,,,,
2,response_tables/trial_00002_hard_negative_structure_obs-empirical_prior-axis_edge_orthogonal_rel2x.npz,axis_edge_orthogonal,2.0,0,cubic,3,False,16,40,10,0.01,0.4756990166046037,0.4640230492763414,0.45136506207859467,9,2.766208114824362,0.02817496622045161,0.0050114632450129586,0.01018541087688211,0.0018116725267907608,,,,,,,,,
2,response_tables/trial_00002_hard_negative_structure_obs-empirical_prior-axis_edge_orthogonal_rel2x.npz,axis_edge_orthogonal,2.0,0,affine_linear,1,True,16,40,10,0.01,0.8325353816412938,0.823419556976657,0.8210814468279635,3,0.06052726725604676,0.008572575059543392,3.0227061333175665e-08,0.1416316223773836,4.993957715835244e-07,,,,,,,,,
2,response_tables/trial_00002_hard_negative_structure_obs-empirical_prior-axis_edge_orthogonal_rel2x.npz,axis_edge_orthogonal,2.0,0,affine_quadratic,2,True,16,40,10,0.01,0.8458821288225206,0.8375653252106106,0.8363010472115439,6,0.5876116650747003,0.013560079191278508,0.004733339371494929,0.023076599729439814,0.008055216825712952,,,,,,,,,
2,response_tables/trial_00002_hard_negative_structure_obs-empirical_prior-axis_edge_orthogonal_rel2x.npz,axis_edge_orthogonal,2.0,1,linear,1,False,16,40,10,0.01,0.00587222226358286,0.004326173273157874,0.004730528120214822,2,0.04467640136354852,4.261070259319757e-08,,9.537630895214323e-07,,0.04467640136354852,4.261070259319757e-08,4.261070259319757e-08,9.537630895214323e-07,1048478.4020125668,6.020559488703727,1.9036928514364923e-09,1.0,1.0
2,response_tables/trial_00002_hard_negative_structure_obs-empirical_prior-axis_edge_orthogonal_rel2x.npz,axis_edge_orthogonal,2.0,1,quadratic,2,False,16,40,10,0.01,0.47993249525683357,0.4707987303754402,0.46175173019375826,5,2.9194274032588465,0.010785376936841453,4.2600088175481066e-08,0.0036943466807231253,1.4591932694722327e-08,,,,,,,,,
2,response_tables/trial_00002_hard_negative_structure_obs-empirical_prior-axis_edge_orthogonal_rel2x.npz,axis_edge_orthogonal,2.0,1,cubic,3,False,16,40,10,0.01,0.4799576621746454,0.4707810610540878,0.46173647313436794,9,2.919957096715634,0.016975935771269525,0.006361646316203203,0.005813762055053497,0.0021786780098100684,,,,,,,,,
2,response_tables/trial_00002_hard_negative_structure_obs-empirical_prior-axis_edge_orthogonal_rel2x.npz,axis_edge_orthogonal,2.0,1,affine_linear,1,True,16,40,10,0.01,0.8260540650016142,0.8196164370225357,0.818265861911108,3,0.06734730779816216,0.008974667003646564,4.26086922801863e-08,0.1332594768382334,6.326710550610762e-07,,,,,,,,,
2,response_tables/trial_00002_hard_negative_structure_obs-empirical_prior-axis_edge_orthogonal_rel2x.npz,axis_edge_orthogonal,2.0,1,affine_quadratic,2,True,16,40,10,0.01,0.8392990988731982,0.8333013327700423,0.832648988301366,6,0.6183575256803795,0.013118680353227663,0.007335786414456923,0.02121536458829892,0.011863341367739236,,,,,,,,,
2,response_tables/trial_00002_hard_negative_structure_obs-empirical_prior-axis_edge_orthogonal_rel2x.npz,axis_edge_orthogonal,2.0,2,linear,1,False,16,40,10,0.01,0.004208281179255424,0.0025883941355439033,0.0030712199816238794,2,0.03786986788902034,1.1609671284022363e-07,,3.065675147862972e-06,,0.03786986788902034,1.1609671284022363e-07,1.1609671284022363e-07,3.065675147862972e-06,326192.4214955007,5.513473866756621,4.3965671776088004e-09,1.0,1.0
2,response_tables/trial_00002_hard_negative_structure_obs-empirical_prior-axis_edge_orthogonal_rel2x.npz,axis_edge_orthogonal,2.0,2,quadratic,2,False,16,40,10,0.01,0.46744688707306437,0.4578283853076488,0.4479837340492072,5,2.826621159976727,0.008097679912385103,4.906892277107594e-08,0.0028647913724850825,1.7359568188996346e-08,,,,,,,,,
2,response_tables/trial_00002_hard_negative_structure_obs-empirical_prior-axis_edge_orthogonal_rel2x.npz,axis_edge_orthogonal,2.0,2,cubic,3,False,16,40,10,0.01,0.4677313092405666,0.4580434826272375,0.44820379622347783,9,2.8320180800079284,0.02469640572086024,0.008094566720594757,0.008720426573262238,0.002858232713179605,,,,,,,,,
2,response_tables/trial_00002_hard_negative_structure_obs-empirical_prior-axis_edge_orthogonal_rel2x.npz,axis_edge_orthogonal,2.0,2,affine_linear,1,True,16,40,10,0.01,0.8411209632099582,0.833258499852295,0.8307640098837608,3,0.06372284546836511,0.007359246854941903,4.557508663220117e-08,0.11548835901553335,7.152079650119626e-07,,,,,,,,,
2,response_tables/trial_00002_hard_negative_structure_obs-empirical_prior-axis_edge_orthogonal_rel2x.npz,axis_edge_orthogonal,2.0,2,affine_quadratic,2,True,16,40,10,0.01,0.8498590263759378,0.8423247171451426,0.8402065120174049,6,0.4956021636682756,0.01534247155426638,0.0041095487479103025,0.030957232794761664,0.008292031490526285,,,,,,,,,
2,response_tables/trial_00002_hard_negative_structure_obs-empirical_prior-axis_edge_orthogonal_rel2x.npz,axis_edge_orthogonal,2.0,3,linear,1,False,16,40,10,0.01,0.0031338013476015503,0.00206576067890607,0.0025208503039779173,2,0.02900518823873038,9.0619034948178e-09,,3.1242353679048074e-07,,0.02900518823873038,9.0619034948178e-09,9.0619034948178e-09,3.1242353679048074e-07,3200783.1748944884,6.505256255482386,2.62842216668399e-10,1.0,1.0
2,response_tables/trial_00002_hard_negative_structure_obs-empirical_prior-axis_edge_orthogonal_rel2x.npz,axis_edge_orthogonal,2.0,3,quadratic,2,False,16,40,10,0.01,0.4605723482101215,0.44209398708023306,0.43395458862548275,5,2.252610059696515,0.012093303633007249,1.9995953582581036e-09,0.005368573926477329,8.876793165557917e-10,,,,,,,,,
2,response_tables/trial_00002_hard_negative_structure_obs-empirical_prior-axis_edge_orthogonal_rel2x.npz,axis_edge_orthogonal,2.0,3,cubic,3,False,16,40,10,0.01,0.4608002610145675,0.4422965584531031,0.43415704077596373,9,2.2563572254560547,0.03967738795550978,0.008753577758645027,0.017584710216925065,0.0038795176844729252,,,,,,,,,
2,response_tables/trial_00002_hard_negative_structure_obs-empirical_prior-axis_edge_orthogonal_rel2x.npz,axis_edge_orthogonal,2.0,3,affine_linear,1,True,16,40,10,0.01,0.8570057452880601,0.8482230288987925,0.8452681857044999,3,0.05364886845704792,0.010844458006582472,2.0802392332988678e-09,0.20213768376614888,3.8775081248252947e-08,,,,,,,,,
2,response_tables/trial_00002_hard_negative_structure_obs-empirical_prior-axis_edge_orthogonal_rel2x.npz,axis_edge_orthogonal,2.0,3,affine_quadratic,2,True,16,40,10,0.01,0.8639835098552245,0.8545686549987828,0.8526606534876607,6,0.35821432362297456,0.01213980683122434,0.008285406574616998,0.033889786171704434,0.02312974671369507,,,,,,,,,
3,response_tables/trial_00003_hard_negative_structure_obs-empirical_prior-axis_edge_parallel_rel0p5x.npz,axis_edge_parallel,0.5,0,linear,1,False,16,40,10,0.01,0.0018852399459393654,-0.014721914136251568,-0.008939604525873668,2,0.01919148046803601,7.736283647006855e-10,,4.031103103219092e-08,,0.01919148046803601,7.736283647006855e-10,7.736283647006855e-10,4.031103103219092e-08,24807105.50919515,7.394576093787787,1.4847073650671847e-11,1.0,1.0
3,response_tables/trial_00003_hard_negative_structure_obs-empirical_prior-axis_edge_parallel_rel0p5x.npz,axis_edge_parallel,0.5,0,quadratic,2,False,16,40,10,0.01,0.31139594101026313,0.15731110914769175,0.1318122471963791,5,1.299284354513527,0.0057785308045536525,6.139683967575089e-10,0.004447472013712678,4.725435156859012e-10,,,,,,,,,
3,response_tables/trial_00003_hard_negative_structure_obs-empirical_prior-axis_edge_parallel_rel0p5x.npz,axis_edge_parallel,0.5,0,cubic,3,False,16,40,10,0.01,0.31205548531988314,0.15747126377509235,0.13202403078503028,9,1.302844926267193,0.01756643914898665,0.005138593989504489,0.013483138932978466,0.0039441332470988525,,,,,,,,,
3,response_tables/trial_00003_hard_negative_structure_obs-empirical_prior-axis_edge_parallel_rel0p5x.npz,axis_edge_parallel,0.5,0,affine_linear,1,True,16,40,10,0.01,0.3876389600036493,0.3431019334264771,0.39216246522143,3,0.021786980312678922,0.003837217533890471,7.716342085000847e-10,0.17612434026285892,3.541721695369746e-08,,,,,,,,,
3,response_tables/trial_00003_hard_negative_structure_obs-empirical_prior-axis_edge_parallel_rel0p5x.npz,axis_edge_parallel,0.5,0,affine_quadratic,2,True,16,40,10,0.01,0.5498699315737059,0.40302009849083476,0.44614745070491835,6,0.9616624360472344,0.006156942435766091,0.003676809822280899,0.006402394650115747,0.0038233892522555627,,,,,,,,,
3,response_tables/trial_00003_hard_negative_structure_obs-empirical_prior-axis_edge_parallel_rel0p5x.npz,axis_edge_parallel,0.5,1,linear,1,False,16,40,10,0.01,0.0013739021473215818,-0.013930183321012368,-0.009352016341305114,2,0.01912333751318258,1.1869614072869278e-07,,6.2068737032366956e-06,,0.01912333751318258,1.1869614072869278e-07,1.1869614072869278e-07,6.2068737032366956e-06,161111.70418668748,5.20712709149964,2.2698663606670096e-09,1.0,1.0
3,response_tables/trial_00003_hard_negative_structure_obs-empirical_prior-axis_edge_parallel_rel0p5x.npz,axis_edge_parallel,0.5,1,quadratic,2,False,16,40,10,0.01,0.23888394235617627,0.11795586499943245,0.09843887664924525,5,1.3219891031772326,0.013091646324997515,1.9215872560657527e-08,0.009902991101464762,1.4535575606844733e-08,,,,,,,,,
3,response_tables/trial_00003_hard_negative_structure_obs-empirical_prior-axis_edge_parallel_rel0p5x.npz,axis_edge_parallel,0.5,1,cubic,3,False,16,40,10,0.01,0.2398877789892616,0.11818294108200234,0.09871952610248344,9,1.3292597681986436,0.033767840695389774,0.013065585463527615,0.025403492607882446,0.009829219070726515,,,,,,,,,
3,response_tables/trial_00003_hard_negative_structure_obs-empirical_prior-axis_edge_parallel_rel0p5x.npz,axis_edge_parallel,0.5,1,affine_linear,1,True,16,40,10,0.01,0.40769654998880756,0.3685988167044767,0.41975827812703903,3,0.021558361163952038,0.008643291159112741,6.646679015353424e-08,0.40092524164430826,3.0831095948366454e-06,,,,,,,,,
3,response_tables/trial_00003_hard_negative_structure_obs-empirical_prior-axis_edge_parallel_rel0p5x.npz,axis_edge_parallel,0.5,1,affine_quadratic,2,True,16,40,10,0.01,0.5278899041641079,0.4121186392983499,0.458166437590941,6,0.9576167338201251,0.013128531606865572,0.006111965275748397,0.013709588756342246,0.006382475430819324,,,,,,,,,
3,response_tables/trial_00003_hard_negative_structure_obs-empirical_prior-axis_edge_parallel_rel0p5x.npz,axis_edge_parallel,0.5,2,linear,1,False,16,40,10,0.01,0.003537740443870674,-0.014523955359252438,-0.008867381099227467,2,0.027352822041082768,6.966915089786963e-10,,2.5470553200408187e-08,,0.027352822041082768,6.966915089786963e-10,6.966915089786963e-10,2.5470553200408187e-08,39261023.980585314,7.593961622398945,1.90564788626277e-11,1.0,1.0
3,response_tables/trial_00003_hard_negative_structure_obs-empirical_prior-axis_edge_parallel_rel0p5x.npz,axis_edge_parallel,0.5,2,quadratic,2,False,16,40,10,0.01,0.2928510852182399,0.15452695865649924,0.12920312077187562,5,1.3081202875858124,0.004879464321272926,4.6488936642100003e-10,0.0037301342755551707,3.553873224296304e-10,,,,,,,,,
3,response_tables/trial_00003_hard_negative_structure_obs-empirical_prior-axis_edge_parallel_rel0p5x.npz,axis_edge_parallel,0.5,2,cubic,3,False,16,40,10,0.01,0.2935659297034019,0.15468677856765556,0.12938442480815077,9,1.3121176677804247,0.02331407757253818,0.004724124963236893,0.017768282635791513,0.0036003820992885583,,,,,,,,,
3,response_tables/trial_00003_hard_negative_structure_obs-empirical_prior-axis_edge_parallel_rel0p5x.npz,axis_edge_parallel,0.5,2,affine_linear,1,True,16,40,10,0.01,0.3744016794705136,0.33200072457159324,0.3671706837453061,3,0.029420369640245112,0.002938142014274815,6.223686263708888e-10,0.09986761044142804,2.1154344217331987e-08,,,,,,,,,
3,response_tables/trial_00003_hard_negative_structure_obs-empirical_prior-axis_edge_parallel_rel0p5x.npz,axis_edge_parallel,0.5,2,affine_quadratic,2,True,16,40,10,0.01,0.5253728662187866,0.394841154523744,0.42215849245871884,6,0.9661118870967494,0.007440661887898041,0.002778306153458659,0.007701656492663474,0.0028757602411949527,,,,,,,,,
3,response_tables/trial_00003_hard_negative_structure_obs-empirical_prior-axis_edge_parallel_rel0p5x.npz,axis_edge_parallel,0.5,3,linear,1,False,16,40,10,0.01,0.0009038958533496011,-0.010647357035418858,-0.007745407941895516,2,0.01412508309544231,8.482537136819287e-10,,6.005300697704438e-08,,0.01412508309544231,8.482537136819287e-10,8.482537136819287e-10,6.005300697704438e-08,16651955.502948519,7.2214652417025045,1.1981654191774773e-11,1.0,1.0
3,response_tables/trial_00003_hard_negative_structure_obs-empirical_prior-axis_edge_parallel_rel0p5x.npz,axis_edge_parallel,0.5,3,quadratic,2,False,16,40,10,0.01,0.31887599264469846,0.16813892478148662,0.13984017251598335,5,1.3997549288075348,0.00888179747187747,2.1417855296971792e-10,0.006345251793072064,1.530114654800171e-10,,,,,,,,,
3,response_tables/trial_00003_hard_negative_structure_obs-empirical_prior-axis_edge_parallel_rel0p5x.npz,axis_edge_parallel,0.5,3,cubic,3,False,16,40,10,0.01,0.31940650187265085,0.1682465848353457,0.13997749427347347,9,1.4028416293974262,0.016667575096650903,0.008615051990902851,0.011881294899845723,0.006141143668942405,,,,,,,,,
3,response_tables/trial_00003_hard_negative_structure_obs-empirical_prior-axis_edge_parallel_rel0p5x.npz,axis_edge_parallel,0.5,3,affine_linear,1,True,16,40,10,0.01,0.3837698360934081,0.3421758507462036,0.3851908998099436,3,0.01715118607478481,0.006413646548189632,2.764219486097481e-10,0.37394769785739745,1.6116783259446756e-08,,,,,,,,,
3,response_tables/trial_00003_hard_negative_structure_obs-empirical_prior-axis_edge_parallel_rel0p5x.npz,axis_edge_parallel,0.5,3,affine_quadratic,2,True,16,40,10,0.01,0.5514505813121687,0.40647563210440063,0.4441250984683792,6,1.0391483770526888,0.0088358142799834,0.003683738473766988,0.008502938054952464,0.0035449590791019523,,,,,,,,,
3,response_tables/trial_00003_hard_negative_structure_obs-empirical_prior-axis_edge_orthogonal_rel0p5x.npz,axis_edge_orthogonal,0.5,0,linear,1,False,16,40,10,0.01,0.0009972633650223717,-0.014028893903821782,-0.008071899086532303,2,0.019944107157540858,6.94202006263073e-10,,3.480737446803155e-08,,0.019944107157540858,6.94202006263073e-10,6.94202006263073e-10,3.480737446803155e-08,28729544.106190454,7.458328734459169,1.3845239201890579e-11,1.0,1.0
3,response_tables/trial_00003_hard_negative_structure_obs-empirical_prior-axis_edge_orthogonal_rel0p5x.npz,axis_edge_orthogonal,0.5,0,quadratic,2,False,16,40,10,0.01,0.26879409746968075,0.15423388071920074,0.13113948823231908,5,1.7268686626394818,0.007646414007954403,2.9675708127742074e-10,0.004427907097617385,1.7184693178914597e-10,,,,,,,,,
3,response_tables/trial_00003_hard_negative_structure_obs-empirical_prior-axis_edge_orthogonal_rel0p5x.npz,axis_edge_orthogonal,0.5,0,cubic,3,False,16,40,10,0.01,0.269490043568263,0.1544501140555572,0.13144198393153403,9,1.7325555181547225,0.022995441257387943,0.007613128353195114,0.013272556646195957,0.004394161268380918,,,,,,,,,
3,response_tables/trial_00003_hard_negative_structure_obs-empirical_prior-axis_edge_orthogonal_rel0p5x.npz,axis_edge_orthogonal,0.5,0,affine_linear,1,True,16,40,10,0.01,0.5391918892113007,0.5036639464336969,0.5548195095516353,3,0.026528871742691203,0.006235331795520709,5.523295721753903e-10,0.23503946402238404,2.0819942043994354e-08,,,,,,,,,
3,response_tables/trial_00003_hard_negative_structure_obs-empirical_prior-axis_edge_orthogonal_rel0p5x.npz,axis_edge_orthogonal,0.5,0,affine_quadratic,2,True,16,40,10,0.01,0.6501605043101908,0.5463973793279489,0.5905947286076056,6,1.1364732192118583,0.00962672533660793,0.006227852711061664,0.008470701441855395,0.005479981935149045,,,,,,,,,
3,response_tables/trial_00003_hard_negative_structure_obs-empirical_prior-axis_edge_orthogonal_rel0p5x.npz,axis_edge_orthogonal,0.5,1,linear,1,False,16,40,10,0.01,0.003258491596212054,-0.025692658611238706,-0.013135626300122355,2,0.03248310981581766,1.1555517328133532e-07,,3.5573925629825535e-06,,0.03248310981581766,1.1555517328133532e-07,1.1555517328133532e-07,3.5573925629825535e-06,281104.76487913664,5.448868207198253,3.753591383483454e-09,1.0,1.0
3,response_tables/trial_00003_hard_negative_structure_obs-empirical_prior-axis_edge_orthogonal_rel0p5x.npz,axis_edge_orthogonal,0.5,1,quadratic,2,False,16,40,10,0.01,0.23168779369732329,0.088842869764451,0.07738012148264176,5,1.4298282542291214,0.017921691717945817,1.0382097969661579e-08,0.012534156927545212,7.2610804402232145e-09,,,,,,,,,
3,response_tables/trial_00003_hard_negative_structure_obs-empirical_prior-axis_edge_orthogonal_rel0p5x.npz,axis_edge_orthogonal,0.5,1,cubic,3,False,16,40,10,0.01,0.23300346792304194,0.08921295748044267,0.07791559239660031,9,1.4397059809261328,0.05553388701314506,0.008577214442195618,0.038573075161791905,0.005957615343570411,,,,,,,,,
3,response_tables/trial_00003_hard_negative_structure_obs-empirical_prior-axis_edge_orthogonal_rel0p5x.npz,axis_edge_orthogonal,0.5,1,affine_linear,1,True,16,40,10,0.01,0.39332442572678383,0.3443449903740792,0.40331722523626556,3,0.03511607995550242,0.004995080719271225,6.381735096489832e-08,0.1422448270308296,1.817325596870861e-06,,,,,,,,,
3,response_tables/trial_00003_hard_negative_structure_obs-empirical_prior-axis_edge_orthogonal_rel0p5x.npz,axis_edge_orthogonal,0.5,1,affine_quadratic,2,True,16,40,10,0.01,0.5088963952768737,0.3774191645352044,0.42809033024700477,6,1.0356518860767532,0.021926904575018367,0.003461732247430476,0.02117207999116543,0.003342563552454076,,,,,,,,,
3,response_tables/trial_00003_hard_negative_structure_obs-empirical_prior-axis_edge_orthogonal_rel0p5x.npz,axis_edge_orthogonal,0.5,2,linear,1,False,16,40,10,0.01,0.0015166633017541509,-0.013251073374640487,-0.007497605226873039,2,0.023989633910020673,2.2172730393532507e-09,,9.242629744454236e-08,,0.023989633910020673,2.2172730393532507e-09,2.2172730393532507e-09,9.242629744454236e-08,10819431.5649182,7.034204444254446,5.3191568492643343e-11,1.0,1.0
3,response_tables/trial_00003_hard_negative_structure_obs-empirical_prior-axis_edge_orthogonal_rel0p5x.npz,axis_edge_orthogonal,0.5,2,quadratic,2,False,16,40,10,0.01,0.26033600230396503,0.1482671316176004,0.12690388285709367,5,1.6572955814344097,0.00942418572374683,5.733069765977196e-10,0.005686484553099502,3.459292253114652e-10,,,,,,,,,
3,response_tables/trial_00003_hard_negative_structure_obs-empirical_prior-axis_edge_orthogonal_rel0p5x.npz,axis_edge_orthogonal,0.5,2,cubic,3,False,16,40,10,0.01,0.26099650518658235,0.14846499607252994,0.12717334833285157,9,1.6625624740355731,0.028274595071132676,0.006326510005662384,0.017006636149137392,0.0038052765561981633,,,,,,,,,
3,response_tables/trial_00003_hard_negative_structure_obs-empirical_prior-axis_edge_orthogonal_rel0p5x.npz,axis_edge_orthogonal,0.5,2,affine_linear,1,True,16,40,10,0.01,0.5203269983717052,0.48666328195383535,0.5331631356605022,3,0.029618349216034078,0.0038145719964290917,1.9280585021126834e-09,0.12879083734903257,6.509675769063175e-08,,,,,,,,,
3,response_tables/trial_00003_hard_negative_structure_obs-empirical_prior-axis_edge_orthogonal_rel0p5x.npz,axis_edge_orthogonal,0.5,2,affine_quadratic,2,True,16,40,10,0.01,0.6307766093641116,0.5295666074389145,0.5688364879707769,6,1.1068570486312386,0.015110861914069193,0.003665918478205999,0.01365204470871427,0.003312007167266402,,,,,,,,,
3,response_tables/trial_00003_hard_negative_structure_obs-empirical_prior-axis_edge_orthogonal_rel0p5x.npz,axis_edge_orthogonal,0.5,3,linear,1,False,16,40,10,0.01,0.0009684257933829654,-0.012632998829108066,-0.00750759951242555,2,0.0193451876409519,9.639239670758719e-10,,4.982758425332291e-08,,0.0193451876409519,9.639239670758719e-10,9.639239670758719e-10,4.982758425332291e-08,20069204.939095795,7.30253016783363,1.8647290014693482e-11,1.0,1.0
3,response_tables/trial_00003_hard_negative_structure_obs-empirical_prior-axis_edge_orthogonal_rel0p5x.npz,axis_edge_orthogonal,0.5,3,quadratic,2,False,16,40,10,0.01,0.2683798996270981,0.15658760557418128,0.13266896801666497,5,1.6984350642812018,0.009581716722780664,3.420339976016288e-10,0.005641497237243958,2.0138185132581545e-10,,,,,,,,,
3,response_tables/trial_00003_hard_negative_structure_obs-empirical_prior-axis_edge_orthogonal_rel0p5x.npz,axis_edge_orthogonal,0.5,3,cubic,3,False,16,40,10,0.01,0.26905758392723966,0.15679392297772865,0.13295727218165437,9,1.7038639393977961,0.024618256727185036,0.009563800797399317,0.01444848743960505,0.005613007339529406,,,,,,,,,
3,response_tables/trial_00003_hard_negative_structure_obs-empirical_prior-axis_edge_orthogonal_rel0p5x.npz,axis_edge_orthogonal,0.5,3,affine_linear,1,True,16,40,10,0.01,0.5428498794496384,0.508609786825365,0.5588648906482363,3,0.02563306336393529,0.007322827841299271,3.0647924797385736e-10,0.2856789973687734,1.1956403478682989e-08,,,,,,,,,
3,response_tables/trial_00003_hard_negative_structure_obs-empirical_prior-axis_edge_orthogonal_rel0p5x.npz,axis_edge_orthogonal,0.5,3,affine_quadratic,2,True,16,40,10,0.01,0.653106973391884,0.5518463465692884,0.5952052828784397,6,1.11496933410848,0.01086323009053251,0.006822239309630305,0.009743075220287252,0.0061187685624424,,,,,,,,,
4,response_tables/trial_00004_hard_negative_structure_obs-empirical_prior-axis_edge_parallel_rel1x.npz,axis_edge_parallel,1.0,0,linear,1,False,16,40,10,0.01,0.006853783610298758,-0.0016110683185810437,0.0012463176672774523,2,0.03607769738777648,1.3588125223172462e-09,,3.7663504622044605e-08,,0.03607769738777648,1.3588125223172462e-09,1.3588125223172462e-09,3.7663504622044605e-08,26550901.463765956,7.424079270957712,4.9022826986882886e-11,1.0,1.0
4,response_tables/trial_00004_hard_negative_structure_obs-empirical_prior-axis_edge_parallel_rel1x.npz,axis_edge_parallel,1.0,0,quadratic,2,False,16,40,10,0.01,0.30797140111686416,0.2977897527909461,0.2838257677070827,5,1.4106814281598767,0.0066066934951673414,9.251004005889449e-10,0.004683334850296608,6.557826466856275e-10,,,,,,,,,
4,response_tables/trial_00004_hard_negative_structure_obs-empirical_prior-axis_edge_parallel_rel1x.npz,axis_edge_parallel,1.0,0,cubic,3,False,16,40,10,0.01,0.30950035573507095,0.2989740613561941,0.28517100809427215,9,1.425070848314793,0.025348707530937254,0.0030864393668843114,0.017787682318330476,0.0021658146825009844,,,,,,,,,
4,response_tables/trial_00004_hard_negative_structure_obs-empirical_prior-axis_edge_parallel_rel1x.npz,axis_edge_parallel,1.0,0,affine_linear,1,True,16,40,10,0.01,0.6599152224873397,0.6289674938459324,0.6344247676409197,3,0.0426834932839385,0.004938679063600232,5.917843364637173e-10,0.11570465966192656,1.3864477598566226e-08,,,,,,,,,
4,response_tables/trial_00004_hard_negative_structure_obs-empirical_prior-axis_edge_parallel_rel1x.npz,axis_edge_parallel,1.0,0,affine_quadratic,2,True,16,40,10,0.01,0.707453725013598,0.6876808701858003,0.6924593012270002,6,0.6093676227612436,0.007543795466198538,0.004658829852132786,0.012379711662420032,0.007645351800973783,,,,,,,,,
4,response_tables/trial_00004_hard_negative_structure_obs-empirical_prior-axis_edge_parallel_rel1x.npz,axis_edge_parallel,1.0,1,linear,1,False,16,40,10,0.01,0.0010898509249424038,-0.02009601410783257,-0.013256353021514289,2,0.016811807030214173,4.083507067044267e-08,,2.4289519024964953e-06,,0.016811807030214173,4.083507067044267e-08,4.083507067044267e-08,2.4289519024964953e-06,411700.20656736445,5.614581084901406,6.865113281766407e-10,1.0,1.0
4,response_tables/trial_00004_hard_negative_structure_obs-empirical_prior-axis_edge_parallel_rel1x.npz,axis_edge_parallel,1.0,1,quadratic,2,False,16,40,10,0.01,0.3434783359386163,0.29184790157644713,0.27072039431447004,5,1.9394187071561861,0.009404080286687622,1.9571784857706223e-08,0.004848916972899081,1.0091572689017101e-08,,,,,,,,,
4,response_tables/trial_00004_hard_negative_structure_obs-empirical_prior-axis_edge_parallel_rel1x.npz,axis_edge_parallel,1.0,1,cubic,3,False,16,40,10,0.01,0.34524541002052334,0.29281231816445974,0.27118772434552174,9,1.9506294191357623,0.04822389909997896,0.008841221186298608,0.024722224850553542,0.004532496587801779,,,,,,,,,
4,response_tables/trial_00004_hard_negative_structure_obs-empirical_prior-axis_edge_parallel_rel1x.npz,axis_edge_parallel,1.0,1,affine_linear,1,True,16,40,10,0.01,0.6590307694360464,0.60768349852346,0.6068870906477177,3,0.031043773779057322,0.008262287297716844,1.5089267804118393e-08,0.2661495782220501,4.860642237477546e-07,,,,,,,,,
4,response_tables/trial_00004_hard_negative_structure_obs-empirical_prior-axis_edge_parallel_rel1x.npz,axis_edge_parallel,1.0,1,affine_quadratic,2,True,16,40,10,0.01,0.7182920693631348,0.6857998485035648,0.6814651977674491,6,0.8770582541122344,0.010349361694977964,0.006370451209875416,0.011800084710967886,0.007263429971733906,,,,,,,,,
4,response_tables/trial_00004_hard_negative_structure_obs-empirical_prior-axis_edge_parallel_rel1x.npz,axis_edge_parallel,1.0,2,linear,1,False,16,40,10,0.01,0.005524269409069693,-0.002359093907910781,-0.00010910654397403019,2,0.03407385307934398,1.6480718533683891e-09,,4.836763983018616e-08,,0.03407385307934398,1.6480718533683891e-09,1.6480718533683891e-09,4.836763983018616e-08,20674980.286631677,7.3154451041297275,5.615615819587662e-11,1.0,1.0
4,response_tables/trial_00004_hard_negative_structure_obs-empirical_prior-axis_edge_parallel_rel1x.npz,axis_edge_parallel,1.0,2,quadratic,2,False,16,40,10,0.01,0.2971402878627809,0.28642778671557045,0.2715173477919744,5,1.460706628535776,0.0057969059561113956,1.613064208101207e-09,0.003968562778360402,1.1043040242229582e-09,,,,,,,,,
4,response_tables/trial_00004_hard_negative_structure_obs-empirical_prior-axis_edge_parallel_rel1x.npz,axis_edge_parallel,1.0,2,cubic,3,False,16,40,10,0.01,0.2988001585970793,0.28770306763664777,0.27292131415940846,9,1.4773343919151087,0.028670016997838225,0.002861067501491864,0.019406586047639833,0.0019366417766684388,,,,,,,,,
4,response_tables/trial_00004_hard_negative_structure_obs-empirical_prior-axis_edge_parallel_rel1x.npz,axis_edge_parallel,1.0,2,affine_linear,1,True,16,40,10,0.01,0.6630822917063589,0.6321673261238663,0.6351290866384478,3,0.04177435949775147,0.0047806635125937046,1.6013817119123788e-09,0.11444013912052983,3.833408174692838e-08,,,,,,,,,
4,response_tables/trial_00004_hard_negative_structure_obs-empirical_prior-axis_edge_parallel_rel1x.npz,axis_edge_parallel,1.0,2,affine_quadratic,2,True,16,40,10,0.01,0.7056457028762384,0.6844485972415517,0.6860740175568659,6,0.6066364601220608,0.006926263365572406,0.004012132344434536,0.011417486123697177,0.006613734267846773,,,,,,,,,
4,response_tables/trial_00004_hard_negative_structure_obs-empirical_prior-axis_edge_parallel_rel1x.npz,axis_edge_parallel,1.0,3,linear,1,False,16,40,10,0.01,0.004191768192292944,-0.003339935803938987,-0.0014329626287822306,2,0.029198197471389027,1.0013491391213515e-09,,3.4294895775760194e-08,,0.029198197471389027,1.0013491391213515e-09,1.0013491391213515e-09,3.4294895775760194e-08,29158858.11517191,7.464770512650399,2.9237589901870626e-11,1.0,1.0
4,response_tables/trial_00004_hard_negative_structure_obs-empirical_prior-axis_edge_parallel_rel1x.npz,axis_edge_parallel,1.0,3,quadratic,2,False,16,40,10,0.01,0.30010698304848715,0.2903043601172738,0.2773630715722145,5,1.446980410180825,0.008266456382471093,9.078984719041088e-10,0.005712901380218449,6.274435130677763e-10,,,,,,,,,
4,response_tables/trial_00004_hard_negative_structure_obs-empirical_prior-axis_edge_parallel_rel1x.npz,axis_edge_parallel,1.0,3,cubic,3,False,16,40,10,0.01,0.3015165398098094,0.29134379022626034,0.27856274425682614,9,1.460925129506459,0.020676970576555556,0.0038216231804316255,0.014153340345059853,0.0026158925623537437,,,,,,,,,
4,response_tables/trial_00004_hard_negative_structure_obs-empirical_prior-axis_edge_parallel_rel1x.npz,axis_edge_parallel,1.0,3,affine_linear,1,True,16,40,10,0.01,0.6738538681906678,0.6464462101872741,0.6530605055305143,3,0.03762606452259667,0.005912259258154346,9.865234025302926e-10,0.1571320129588277,2.6219149279825086e-08,,,,,,,,,
4,response_tables/trial_00004_hard_negative_structure_obs-empirical_prior-axis_edge_parallel_rel1x.npz,axis_edge_parallel,1.0,3,affine_quadratic,2,True,16,40,10,0.01,0.7171892207372115,0.6995347742863827,0.7055271301978725,6,0.6017234250813573,0.01013092453558168,0.0057393153080415185,0.016836513443384566,0.009538128430458764,,,,,,,,,
4,response_tables/trial_00004_hard_negative_structure_obs-empirical_prior-axis_edge_orthogonal_rel1x.npz,axis_edge_orthogonal,1.0,0,linear,1,False,16,40,10,0.01,0.0034949493217680816,-0.002070471490639436,-0.0008897964802463965,2,0.034572448409775115,1.2624902744853395e-09,,3.651723648616045e-08,,0.034572448409775115,1.2624902744853395e-09,1.2624902744853395e-09,3.651723648616045e-08,27384328.504129466,7.437502095985027,4.3647379882487225e-11,1.0,1.0
4,response_tables/trial_00004_hard_negative_structure_obs-empirical_prior-axis_edge_orthogonal_rel1x.npz,axis_edge_orthogonal,1.0,0,quadratic,2,False,16,40,10,0.01,0.2630972614074656,0.25363200315998347,0.24191833236971225,5,1.757466367685295,0.007272128042319287,1.1218568724963449e-09,0.004137847628855159,6.38337605273157e-10,,,,,,,,,
4,response_tables/trial_00004_hard_negative_structure_obs-empirical_prior-axis_edge_orthogonal_rel1x.npz,axis_edge_orthogonal,1.0,0,cubic,3,False,16,40,10,0.01,0.2645338150878901,0.2546231653504061,0.24301676259135715,9,1.7770036423787288,0.028935253891989955,0.005382480704102502,0.016283170839907064,0.0030289643621086884,,,,,,,,,
4,response_tables/trial_00004_hard_negative_structure_obs-empirical_prior-axis_edge_orthogonal_rel1x.npz,axis_edge_orthogonal,1.0,0,affine_linear,1,True,16,40,10,0.01,0.7839543448309039,0.7676064566424372,0.7784197726688944,3,0.048156136219770634,0.006960108546912212,1.0405669988608068e-09,0.1445321218286346,2.1608191199392762e-08,,,,,,,,,
4,response_tables/trial_00004_hard_negative_structure_obs-empirical_prior-axis_edge_orthogonal_rel1x.npz,axis_edge_orthogonal,1.0,0,affine_quadratic,2,True,16,40,10,0.01,0.8032707490450728,0.7901620779799423,0.8001296467179693,6,0.5220732576781498,0.013047420031124803,0.004262359386860428,0.024991550207247616,0.00816429365835878,,,,,,,,,
4,response_tables/trial_00004_hard_negative_structure_obs-empirical_prior-axis_edge_orthogonal_rel1x.npz,axis_edge_orthogonal,1.0,1,linear,1,False,16,40,10,0.01,0.003666982434836319,-0.026554675116840176,-0.01444191862717889,2,0.03313100565444909,1.67031050994273e-08,,5.041532778581467e-07,,0.03313100565444909,1.67031050994273e-08,1.67031050994273e-08,5.041532778581467e-07,1983523.7494605153,6.297437404809111,5.533906694959833e-10,1.0,1.0
4,response_tables/trial_00004_hard_negative_structure_obs-empirical_prior-axis_edge_orthogonal_rel1x.npz,axis_edge_orthogonal,1.0,1,quadratic,2,False,16,40,10,0.01,0.3331809718288755,0.26402992966190153,0.2409823914356579,5,2.0448862322636607,0.010771256608748555,1.2379226199392992e-08,0.005267411183469568,6.0537481274395206e-09,,,,,,,,,
4,response_tables/trial_00004_hard_negative_structure_obs-empirical_prior-axis_edge_orthogonal_rel1x.npz,axis_edge_orthogonal,1.0,1,cubic,3,False,16,40,10,0.01,0.33649169366846365,0.26653413933101067,0.24277273563597088,9,2.0697873050451387,0.09219337343149242,0.008023993900870665,0.044542438349471775,0.0038767238939537677,,,,,,,,,
4,response_tables/trial_00004_hard_negative_structure_obs-empirical_prior-axis_edge_orthogonal_rel1x.npz,axis_edge_orthogonal,1.0,1,affine_linear,1,True,16,40,10,0.01,0.633373103541732,0.574671510598847,0.5868222953682459,3,0.0434863629878202,0.005866073495602426,9.32773953323629e-09,0.13489455297159283,2.1449803782967163e-07,,,,,,,,,
4,response_tables/trial_00004_hard_negative_structure_obs-empirical_prior-axis_edge_orthogonal_rel1x.npz,axis_edge_orthogonal,1.0,1,affine_quadratic,2,True,16,40,10,0.01,0.6914439473204048,0.6391822520192603,0.6469612116430382,6,0.93364487148919,0.016609950168961374,0.003844709464803235,0.017790436895420456,0.004117957032924965,,,,,,,,,
4,response_tables/trial_00004_hard_negative_structure_obs-empirical_prior-axis_edge_orthogonal_rel1x.npz,axis_edge_orthogonal,1.0,2,linear,1,False,16,40,10,0.01,0.004252762267454968,-0.0031327678773613865,-0.0020959199914010185,2,0.03807422127872821,2.4607349017930194e-09,,6.462994696014475e-08,,0.03807422127872821,2.4607349017930194e-09,2.4607349017930194e-09,6.462994696014475e-08,15472703.398885168,7.189566200489611,9.369056515915695e-11,1.0,1.0
4,response_tables/trial_00004_hard_negative_structure_obs-empirical_prior-axis_edge_orthogonal_rel1x.npz,axis_edge_orthogonal,1.0,2,quadratic,2,False,16,40,10,0.01,0.2827550776810007,0.27236417844670713,0.25797261116011583,5,1.817844476253135,0.00804197236254386,2.4463561432868294e-09,0.004423905602265622,1.345745565830338e-09,,,,,,,,,
4,response_tables/trial_00004_hard_negative_structure_obs-empirical_prior-axis_edge_orthogonal_rel1x.npz,axis_edge_orthogonal,1.0,2,cubic,3,False,16,40,10,0.01,0.284324525787653,0.2734508151276651,0.259148366802268,9,1.8383617184639869,0.034149502388123885,0.00432096026494401,0.01857605173407165,0.0023504407329338417,,,,,,,,,
4,response_tables/trial_00004_hard_negative_structure_obs-empirical_prior-axis_edge_orthogonal_rel1x.npz,axis_edge_orthogonal,1.0,2,affine_linear,1,True,16,40,10,0.01,0.7435332728299958,0.7214979257994821,0.7318687429140794,3,0.05010691414772765,0.006756593933309156,2.2327874214297777e-09,0.13484354501235168,4.456046554467443e-08,,,,,,,,,
4,response_tables/trial_00004_hard_negative_structure_obs-empirical_prior-axis_edge_orthogonal_rel1x.npz,axis_edge_orthogonal,1.0,2,affine_quadratic,2,True,16,40,10,0.01,0.7728468722950731,0.7560055259457594,0.7647966133329701,6,0.6414666944248129,0.013323020397973014,0.006202083688942631,0.02076962142191877,0.009668598140553321,,,,,,,,,
4,response_tables/trial_00004_hard_negative_structure_obs-empirical_prior-axis_edge_orthogonal_rel1x.npz,axis_edge_orthogonal,1.0,3,linear,1,False,16,40,10,0.01,0.0036662468573981366,-0.0018218580443278842,-0.0005647876112481187,2,0.03490630127810289,8.594296945350086e-10,,2.462104729137081e-08,,0.03490630127810289,8.594296945350086e-10,8.594296945350086e-10,2.462104729137081e-08,40615656.522071674,7.6086934776764465,2.999951184478695e-11,1.0,1.0
4,response_tables/trial_00004_hard_negative_structure_obs-empirical_prior-axis_edge_orthogonal_rel1x.npz,axis_edge_orthogonal,1.0,3,quadratic,2,False,16,40,10,0.01,0.2566726518313105,0.24652907052483208,0.23689533617634875,5,1.7103545936267555,0.007359760867223621,8.546091494487589e-10,0.00430306142050782,4.996678189617896e-10,,,,,,,,,
4,response_tables/trial_00004_hard_negative_structure_obs-empirical_prior-axis_edge_orthogonal_rel1x.npz,axis_edge_orthogonal,1.0,3,cubic,3,False,16,40,10,0.01,0.2580686575118677,0.24744552514241458,0.2379269957239087,9,1.7293221443084545,0.027672599008097265,0.0056356723095758446,0.016001991936073524,0.0032588909637940914,,,,,,,,,
4,response_tables/trial_00004_hard_negative_structure_obs-empirical_prior-axis_edge_orthogonal_rel1x.npz,axis_edge_orthogonal,1.0,3,affine_linear,1,True,16,40,10,0.01,0.7887562987949948,0.7740481139020625,0.7837543024709184,3,0.04812393900107974,0.006958031826558356,8.480589354328237e-10,0.14458566715418375,1.7622392369290387e-08,,,,,,,,,
4,response_tables/trial_00004_hard_negative_structure_obs-empirical_prior-axis_edge_orthogonal_rel1x.npz,axis_edge_orthogonal,1.0,3,affine_quadratic,2,True,16,40,10,0.01,0.8058241701123939,0.7935635661806322,0.8028062561477811,6,0.48407665999769506,0.013489229182269746,0.004171832367411325,0.02786589459267459,0.00861812335143609,,,,,,,,,
5,response_tables/trial_00005_hard_negative_structure_obs-empirical_prior-axis_edge_parallel_rel2x.npz,axis_edge_parallel,2.0,0,linear,1,False,16,40,10,0.01,0.006673500168508206,0.005136615380932574,0.004238858270193768,2,0.0335634532147807,5.8883890319297815e-09,,1.754405005423175e-07,,0.0335634532147807,5.8883890319297815e-09,5.8883890319297815e-09,1.754405005423175e-07,5699938.138051498,6.755870142260445,1.9763466978360305e-10,1.0,1.0
5,response_tables/trial_00005_hard_negative_structure_obs-empirical_prior-axis_edge_parallel_rel2x.npz,axis_edge_parallel,2.0,0,quadratic,2,False,16,40,10,0.01,0.14816288356942275,-0.5422215253512863,-0.4395116748983605,5,0.6366496615261288,0.00715769694325552,1.2714484130330254e-09,0.011242756221840481,1.9970927338360705e-09,,,,,,,,,
5,response_tables/trial_00005_hard_negative_structure_obs-empirical_prior-axis_edge_parallel_rel2x.npz,axis_edge_parallel,2.0,0,cubic,3,False,16,40,10,0.01,0.3543494063308521,-0.5553283947486549,-0.4294072513319097,9,2.2889272899272934,0.009465536797816353,0.0023474040211644894,0.004135359318520345,0.0010255476578458957,,,,,,,,,
5,response_tables/trial_00005_hard_negative_structure_obs-empirical_prior-axis_edge_parallel_rel2x.npz,axis_edge_parallel,2.0,0,affine_linear,1,True,16,40,10,0.01,0.8320846374512143,0.8277475537151248,0.8287320171178754,3,0.04690629921496839,0.005888404888096706,1.2822442186434671e-09,0.1255354821558304,2.7336290436536654e-08,,,,,,,,,
5,response_tables/trial_00005_hard_negative_structure_obs-empirical_prior-axis_edge_parallel_rel2x.npz,axis_edge_parallel,2.0,0,affine_quadratic,2,True,16,40,10,0.01,0.8336375710246389,0.8173495665602958,0.8201299558055818,6,0.08581150186675056,0.011894930853700754,0.002712461266732369,0.1386169755211998,0.03160953028120078,,,,,,,,,
5,response_tables/trial_00005_hard_negative_structure_obs-empirical_prior-axis_edge_parallel_rel2x.npz,axis_edge_parallel,2.0,1,linear,1,False,16,40,10,0.01,0.005938651594868838,0.00408921155807862,0.0034632098447254234,2,0.03663265698253974,8.990296323722613e-08,,2.4541753354138816e-06,,0.03663265698253974,8.990296323722613e-08,8.990296323722613e-08,2.4541753354138816e-06,407468.8493401211,5.610094412887521,3.293384413983185e-09,1.0,1.0
5,response_tables/trial_00005_hard_negative_structure_obs-empirical_prior-axis_edge_parallel_rel2x.npz,axis_edge_parallel,2.0,1,quadratic,2,False,16,40,10,0.01,0.16430196312884937,-0.391681607759212,-0.3523000949249082,5,0.8933728002073933,0.01063154692511961,3.5909127625982996e-08,0.01190045960952867,4.019500886712336e-08,,,,,,,,,
5,response_tables/trial_00005_hard_negative_structure_obs-empirical_prior-axis_edge_parallel_rel2x.npz,axis_edge_parallel,2.0,1,cubic,3,False,16,40,10,0.01,0.32649519534175275,-0.3753013910802345,-0.3296463495509835,9,2.679737246668385,0.017949006309125062,0.00712293351502741,0.006698047105715449,0.002658071616492655,,,,,,,,,
5,response_tables/trial_00005_hard_negative_structure_obs-empirical_prior-axis_edge_parallel_rel2x.npz,axis_edge_parallel,2.0,1,affine_linear,1,True,16,40,10,0.01,0.8567014880428883,0.8515148947225517,0.8504539448554633,3,0.05289706995751933,0.008552701064862257,3.863320030000685e-08,0.161685724213662,7.3034669653787e-07,,,,,,,,,
5,response_tables/trial_00005_hard_negative_structure_obs-empirical_prior-axis_edge_parallel_rel2x.npz,axis_edge_parallel,2.0,1,affine_quadratic,2,True,16,40,10,0.01,0.857918548788564,0.8403535687093413,0.8402161064420193,6,0.09966394913541052,0.014449559945656372,0.005798450315893904,0.14498281546142802,0.05818001761113959,,,,,,,,,
5,response_tables/trial_00005_hard_negative_structure_obs-empirical_prior-axis_edge_parallel_rel2x.npz,axis_edge_parallel,2.0,2,linear,1,False,16,40,10,0.01,0.006530571658747708,0.004455542479521624,0.003685347611177503,2,0.03524317115169479,5.148271424528136e-09,,1.4607855241995053e-07,,0.03524317115169479,5.148271424528136e-09,5.148271424528136e-09,1.4607855241995053e-07,6845631.9112827275,6.835413543473129,1.8144141095002466e-10,1.0,1.0
5,response_tables/trial_00005_hard_negative_structure_obs-empirical_prior-axis_edge_parallel_rel2x.npz,axis_edge_parallel,2.0,2,quadratic,2,False,16,40,10,0.01,0.14443402475380573,-0.5308935997291986,-0.4332018846813883,5,0.6691174461350795,0.007906744438261715,2.2286140675464954e-09,0.011816676554963901,3.3306769692216175e-09,,,,,,,,,
5,response_tables/trial_00005_hard_negative_structure_obs-empirical_prior-axis_edge_parallel_rel2x.npz,axis_edge_parallel,2.0,2,cubic,3,False,16,40,10,0.01,0.3471048523074989,-0.5493955912428852,-0.42872024342962906,9,2.410636149124933,0.011121372701559624,0.002822433236005877,0.004613459690130636,0.001170825069154641,,,,,,,,,
5,response_tables/trial_00005_hard_negative_structure_obs-empirical_prior-axis_edge_parallel_rel2x.npz,axis_edge_parallel,2.0,2,affine_linear,1,True,16,40,10,0.01,0.8327560005369155,0.8271295213294989,0.8277717841627386,3,0.04950621350147511,0.006424815509502338,2.131007956561161e-09,0.1297779623018614,4.3045262520383714e-08,,,,,,,,,
5,response_tables/trial_00005_hard_negative_structure_obs-empirical_prior-axis_edge_parallel_rel2x.npz,axis_edge_parallel,2.0,2,affine_quadratic,2,True,16,40,10,0.01,0.8338506119110749,0.8198343505540191,0.8217035409781233,6,0.08097658230019293,0.013020985155801502,0.0029304347900427187,0.16079939145283587,0.0361886696968654,,,,,,,,,
5,response_tables/trial_00005_hard_negative_structure_obs-empirical_prior-axis_edge_parallel_rel2x.npz,axis_edge_parallel,2.0,3,linear,1,False,16,40,10,0.01,0.004130398585213801,0.002555531116717802,0.0020209611968974583,2,0.027373963485563445,1.603558569519189e-09,,5.857970002644587e-08,,0.027373963485563445,1.603558569519189e-09,1.603558569519189e-09,5.857970002644587e-08,17070759.999599673,7.232252856573724,4.3895753728980634e-11,1.0,1.0
5,response_tables/trial_00005_hard_negative_structure_obs-empirical_prior-axis_edge_parallel_rel2x.npz,axis_edge_parallel,2.0,3,quadratic,2,False,16,40,10,0.01,0.14304084022665697,-0.5671017097200943,-0.4636784850029334,5,0.6531474475077329,0.007809469100768378,3.844665692616965e-10,0.011956670933290172,5.886367170670826e-10,,,,,,,,,
5,response_tables/trial_00005_hard_negative_structure_obs-empirical_prior-axis_edge_parallel_rel2x.npz,axis_edge_parallel,2.0,3,cubic,3,False,16,40,10,0.01,0.35330982433724634,-0.5756187988964536,-0.44991432672915055,9,2.3895178650973032,0.012432046746213878,0.00317724585750378,0.005202742748988669,0.0013296598045624572,,,,,,,,,
5,response_tables/trial_00005_hard_negative_structure_obs-empirical_prior-axis_edge_parallel_rel2x.npz,axis_edge_parallel,2.0,3,affine_linear,1,True,16,40,10,0.01,0.8418338860260662,0.8377448619739917,0.8391602230697942,3,0.043708470217652645,0.0069175717783751325,3.3834490137368913e-10,0.1582661608591672,7.740945855319388e-09,,,,,,,,,
5,response_tables/trial_00005_hard_negative_structure_obs-empirical_prior-axis_edge_parallel_rel2x.npz,axis_edge_parallel,2.0,3,affine_quadratic,2,True,16,40,10,0.01,0.8430001713281794,0.8256308005675961,0.8289939817235369,6,0.07709078192012056,0.01519433314358448,0.004381097342709317,0.1970966277048331,0.056830365882770455,,,,,,,,,
5,response_tables/trial_00005_hard_negative_structure_obs-empirical_prior-axis_edge_orthogonal_rel2x.npz,axis_edge_orthogonal,2.0,0,linear,1,False,16,40,10,0.01,0.0040750900151209635,0.00283710176260199,0.002740121671569923,2,0.03471131220942693,6.8740491838322975e-09,,1.980348406985731e-07,,0.03471131220942693,6.8740491838322975e-09,6.8740491838322975e-09,1.980348406985731e-07,5049616.50420943,6.703258396647397,2.386072673629592e-10,1.0,1.0
5,response_tables/trial_00005_hard_negative_structure_obs-empirical_prior-axis_edge_orthogonal_rel2x.npz,axis_edge_orthogonal,2.0,0,quadratic,2,False,16,40,10,0.01,0.14041051634002177,-0.5728433810560358,-0.5345367921363573,5,0.8262696350134493,0.008192829698108113,1.6333703286483841e-09,0.009915443277756127,1.9768006222590976e-09,,,,,,,,,
5,response_tables/trial_00005_hard_negative_structure_obs-empirical_prior-axis_edge_orthogonal_rel2x.npz,axis_edge_orthogonal,2.0,0,cubic,3,False,16,40,10,0.01,0.33675426738457037,-0.5919673741411564,-0.5452637962881483,9,2.9586153722408213,0.012404224629080621,0.007060190623588224,0.0041925776312335605,0.0023863158049641704,,,,,,,,,
5,response_tables/trial_00005_hard_negative_structure_obs-empirical_prior-axis_edge_orthogonal_rel2x.npz,axis_edge_orthogonal,2.0,0,affine_linear,1,True,16,40,10,0.01,0.9002764143348343,0.8977141317480765,0.8984448283836688,3,0.05709874785152568,0.007244515246172085,1.4040178499991929e-09,0.1268769547277999,2.4589293160159508e-08,,,,,,,,,
5,response_tables/trial_00005_hard_negative_structure_obs-empirical_prior-axis_edge_orthogonal_rel2x.npz,axis_edge_orthogonal,2.0,0,affine_quadratic,2,True,16,40,10,0.01,0.9005712587903019,0.8940619222844856,0.89500242233902,6,0.06858076380679817,0.01974539412699929,0.0033248862709535725,0.2879144680077476,0.04848132459300472,,,,,,,,,
5,response_tables/trial_00005_hard_negative_structure_obs-empirical_prior-axis_edge_orthogonal_rel2x.npz,axis_edge_orthogonal,2.0,1,linear,1,False,16,40,10,0.01,0.010122806992780786,0.007650281346588628,0.007134528413383023,2,0.0523793537666275,1.0403511810024793e-07,,1.986185598313584e-06,,0.0523793537666275,1.0403511810024793e-07,1.0403511810024793e-07,1.986185598313584e-06,503477.6210486435,5.701980171471401,5.449292255125759e-09,1.0,1.0
5,response_tables/trial_00005_hard_negative_structure_obs-empirical_prior-axis_edge_orthogonal_rel2x.npz,axis_edge_orthogonal,2.0,1,quadratic,2,False,16,40,10,0.01,0.15187243420270913,-0.3700813034077499,-0.36493019285100214,5,0.9268143010023793,0.012385221969644377,4.468468593800228e-08,0.013363218452983909,4.8213202892612215e-08,,,,,,,,,
5,response_tables/trial_00005_hard_negative_structure_obs-empirical_prior-axis_edge_orthogonal_rel2x.npz,axis_edge_orthogonal,2.0,1,cubic,3,False,16,40,10,0.01,0.29303667384454235,-0.3655623001264898,-0.35959626945645845,9,2.744586746336111,0.024585084367119158,0.0038005069979563295,0.008957663444210333,0.0013847283213146097,,,,,,,,,
5,response_tables/trial_00005_hard_negative_structure_obs-empirical_prior-axis_edge_orthogonal_rel2x.npz,axis_edge_orthogonal,2.0,1,affine_linear,1,True,16,40,10,0.01,0.8286271258539485,0.8238583698271587,0.8233037043820886,3,0.06667581321243737,0.007915050228851177,5.5470105039690684e-08,0.11870946670920758,8.319374352879069e-07,,,,,,,,,
5,response_tables/trial_00005_hard_negative_structure_obs-empirical_prior-axis_edge_orthogonal_rel2x.npz,axis_edge_orthogonal,2.0,1,affine_quadratic,2,True,16,40,10,0.01,0.8291817572762723,0.8174450379323775,0.816960741733435,6,0.08506582700611631,0.03520144398362681,0.007911923950068369,0.4138141627788535,0.09300942844533204,,,,,,,,,
5,response_tables/trial_00005_hard_negative_structure_obs-empirical_prior-axis_edge_orthogonal_rel2x.npz,axis_edge_orthogonal,2.0,2,linear,1,False,16,40,10,0.01,0.004868433000245864,0.0026081008287005547,0.0023201351482437516,2,0.037530617024760425,7.327225811020528e-09,,1.9523328929514985e-07,,0.037530617024760425,7.327225811020528e-09,7.327225811020528e-09,1.9523328929514985e-07,5122077.303569986,6.709446128654186,2.7499530576735106e-10,1.0,1.0
5,response_tables/trial_00005_hard_negative_structure_obs-empirical_prior-axis_edge_orthogonal_rel2x.npz,axis_edge_orthogonal,2.0,2,quadratic,2,False,16,40,10,0.01,0.14527513050096963,-0.5683635275131411,-0.5115980065974258,5,0.8321276858772213,0.009046282635887158,2.783374828415142e-09,0.010871267462217232,3.34488910254312e-09,,,,,,,,,
5,response_tables/trial_00005_hard_negative_structure_obs-empirical_prior-axis_edge_orthogonal_rel2x.npz,axis_edge_orthogonal,2.0,2,cubic,3,False,16,40,10,0.01,0.34056851788476006,-0.5839611126336437,-0.5148329108200427,9,2.930311463721922,0.01726908116880754,0.008305033809664405,0.005893257895143097,0.0028341812508612322,,,,,,,,,
5,response_tables/trial_00005_hard_negative_structure_obs-empirical_prior-axis_edge_orthogonal_rel2x.npz,axis_edge_orthogonal,2.0,2,affine_linear,1,True,16,40,10,0.01,0.8784840948371732,0.8744491048251177,0.8751704402434368,3,0.057978733551879706,0.0075938104568316084,2.5190158591218212e-09,0.1309757904600766,4.3447238406264796e-08,,,,,,,,,
5,response_tables/trial_00005_hard_negative_structure_obs-empirical_prior-axis_edge_orthogonal_rel2x.npz,axis_edge_orthogonal,2.0,2,affine_quadratic,2,True,16,40,10,0.01,0.8791371970256898,0.8682636322694838,0.8695253707125286,6,0.08392948998138623,0.014612610327583046,0.004838724327721734,0.17410579202642373,0.05765225463415612,,,,,,,,,
5,response_tables/trial_00005_hard_negative_structure_obs-empirical_prior-axis_edge_orthogonal_rel2x.npz,axis_edge_orthogonal,2.0,3,linear,1,False,16,40,10,0.01,0.003908989267095708,0.0027065314037774124,0.0026676719333422194,2,0.033865974301664784,1.5000238991581172e-09,,4.4292949784834006e-08,,0.033865974301664784,1.5000238991581172e-09,1.5000238991581172e-09,4.4292949784834006e-08,22576956.48760792,7.353665395971342,5.07997708207718e-11,1.0,1.0
5,response_tables/trial_00005_hard_negative_structure_obs-empirical_prior-axis_edge_orthogonal_rel2x.npz,axis_edge_orthogonal,2.0,3,quadratic,2,False,16,40,10,0.01,0.1387781955681815,-0.5783000081427336,-0.5497315621355654,5,0.8184557972257416,0.007650005541908118,6.457338829392302e-10,0.00934687684764256,7.889661055954714e-10,,,,,,,,,
5,response_tables/trial_00005_hard_negative_structure_obs-empirical_prior-axis_edge_orthogonal_rel2x.npz,axis_edge_orthogonal,2.0,3,cubic,3,False,16,40,10,0.01,0.33307600084273514,-0.6003055780952224,-0.5653919868741248,9,2.9315287930015987,0.012823964734622268,0.00599224942050805,0.0043744972811581295,0.002044069781887618,,,,,,,,,
5,response_tables/trial_00005_hard_negative_structure_obs-empirical_prior-axis_edge_orthogonal_rel2x.npz,axis_edge_orthogonal,2.0,3,affine_linear,1,True,16,40,10,0.01,0.8989778852847972,0.8965647953480554,0.8971265696177659,3,0.05646930491582462,0.006869805733371524,6.693706256313725e-10,0.12165557453933473,1.1853707543047729e-08,,,,,,,,,
5,response_tables/trial_00005_hard_negative_structure_obs-empirical_prior-axis_edge_orthogonal_rel2x.npz,axis_edge_orthogonal,2.0,3,affine_quadratic,2,True,16,40,10,0.01,0.8992342172611806,0.8932372295598567,0.89393917263905,6,0.06570562081690763,0.02133060499256782,0.0029942288548502373,0.32463896889440763,0.045570360916211756,,,,,,,,,
6,response_tables/trial_00006_hard_negative_structure_obs-empirical_prior-axis_edge_parallel_rel0p5x.npz,axis_edge_parallel,0.5,0,linear,1,False,16,40,10,0.01,0.005574821724216306,0.0007737365255202633,0.0025727451768658427,2,0.030152729072390645,1.688387023803744e-08,,5.599450118595455e-07,,0.030152729072390645,1.688387023803744e-08,1.688387023803744e-08,5.599450118595455e-07,1785889.6477692642,6.251854619812591,5.090947649809427e-10,1.0,1.0
6,response_tables/trial_00006_hard_negative_structure_obs-empirical_prior-axis_edge_parallel_rel0p5x.npz,axis_edge_parallel,0.5,0,quadratic,2,False,16,40,10,0.01,0.34303256383915703,0.28131177981017064,0.2423529234868204,5,1.4035077087725707,0.011770973619789163,4.118957086281077e-09,0.00838682505711593,2.9347591470539814e-09,,,,,,,,,
6,response_tables/trial_00006_hard_negative_structure_obs-empirical_prior-axis_edge_parallel_rel0p5x.npz,axis_edge_parallel,0.5,0,cubic,3,False,16,40,10,0.01,0.3466991977639561,0.2825227376105399,0.24355208659006436,9,1.424958283317615,0.04177989560413877,0.010584226438573137,0.029320083326836784,0.0074277447715386715,,,,,,,,,
6,response_tables/trial_00006_hard_negative_structure_obs-empirical_prior-axis_edge_parallel_rel0p5x.npz,axis_edge_parallel,0.5,0,affine_linear,1,True,16,40,10,0.01,0.4993533058314096,0.4543697813507047,0.24183843364690322,3,0.0328302736277145,0.004805863787324152,7.938999865530923e-09,0.1463851273925162,2.4181948513609153e-07,,,,,,,,,
6,response_tables/trial_00006_hard_negative_structure_obs-empirical_prior-axis_edge_parallel_rel0p5x.npz,axis_edge_parallel,0.5,0,affine_quadratic,2,True,16,40,10,0.01,0.6197475705418896,0.5706779077023054,0.42389305391077986,6,0.8745395686039045,0.012640386322817143,0.0024157189823022936,0.014453761472446551,0.0027622752234741006,,,,,,,,,
6,response_tables/trial_00006_hard_negative_structure_obs-empirical_prior-axis_edge_parallel_rel0p5x.npz,axis_edge_parallel,0.5,1,linear,1,False,16,40,10,0.01,0.0013217461979426748,-0.007388529299362734,-0.006295794956119288,2,0.009961987830590857,1.955963640640288e-09,,1.9634270528157005e-07,,0.009961987830590857,1.955963640640288e-09,1.955963640640288e-09,1.9634270528157005e-07,5093135.487595149,6.706985229432075,1.9485285985136735e-11,1.0,1.0
6,response_tables/trial_00006_hard_negative_structure_obs-empirical_prior-axis_edge_parallel_rel0p5x.npz,axis_edge_parallel,0.5,1,quadratic,2,False,16,40,10,0.01,0.32754323625505255,0.2488141327792056,0.19686127696297198,5,0.9330646910619448,0.0040324221601405405,7.181920898102801e-10,0.004321696232606485,7.697130720838738e-10,,,,,,,,,
6,response_tables/trial_00006_hard_negative_structure_obs-empirical_prior-axis_edge_parallel_rel0p5x.npz,axis_edge_parallel,0.5,1,cubic,3,False,16,40,10,0.01,0.3321501852284158,0.25046068557266954,0.1991576439419672,9,0.9512589079426306,0.024799874264962746,0.003525378191305456,0.026070582948442046,0.0037060133280960223,,,,,,,,,
6,response_tables/trial_00006_hard_negative_structure_obs-empirical_prior-axis_edge_parallel_rel0p5x.npz,axis_edge_parallel,0.5,1,affine_linear,1,True,16,40,10,0.01,0.33382078455035347,0.26796304097067003,-0.6687543999559171,3,0.012281071895572423,0.002803062632775686,4.624673548401912e-10,0.22824250656705683,3.765692105482422e-08,,,,,,,,,
6,response_tables/trial_00006_hard_negative_structure_obs-empirical_prior-axis_edge_parallel_rel0p5x.npz,axis_edge_parallel,0.5,1,affine_quadratic,2,True,16,40,10,0.01,0.48054103556215844,0.400670714679622,-0.23931216806479053,6,0.6532840235511371,0.0038513304877208997,0.001032868604688472,0.005895338549358278,0.0015810406614170354,,,,,,,,,
6,response_tables/trial_00006_hard_negative_structure_obs-empirical_prior-axis_edge_parallel_rel0p5x.npz,axis_edge_parallel,0.5,2,linear,1,False,16,40,10,0.01,0.0018660451510799092,-0.0004217047918011474,0.0012865921886912324,2,0.021909228381680954,2.7043705850082996e-08,,1.2343522728849344e-06,,0.021909228381680954,2.7043705850082996e-08,2.7043705850082996e-08,1.2343522728849344e-06,810141.4984741714,5.908560878927595,5.925067277564696e-10,1.0,1.0
6,response_tables/trial_00006_hard_negative_structure_obs-empirical_prior-axis_edge_parallel_rel0p5x.npz,axis_edge_parallel,0.5,2,quadratic,2,False,16,40,10,0.01,0.32187853121439813,0.2725403605343576,0.23788001266821696,5,1.8638783472907112,0.012971850833562167,9.030176015563231e-09,0.006959601656630508,4.844831224467669e-09,,,,,,,,,
6,response_tables/trial_00006_hard_negative_structure_obs-empirical_prior-axis_edge_parallel_rel0p5x.npz,axis_edge_parallel,0.5,2,cubic,3,False,16,40,10,0.01,0.32319915395432675,0.27296053508528495,0.23818289628874798,9,1.8731573840785822,0.020373791378210607,0.01296432251026321,0.010876710922095103,0.006921106907757482,,,,,,,,,
6,response_tables/trial_00006_hard_negative_structure_obs-empirical_prior-axis_edge_parallel_rel0p5x.npz,axis_edge_parallel,0.5,2,affine_linear,1,True,16,40,10,0.01,0.47511268949117746,0.4321386430715408,0.13607749782065906,3,0.026410415979779417,0.008505960376102954,6.463968471386141e-09,0.3220683984158131,2.4475072548403417e-07,,,,,,,,,
6,response_tables/trial_00006_hard_negative_structure_obs-empirical_prior-axis_edge_parallel_rel0p5x.npz,axis_edge_parallel,0.5,2,affine_quadratic,2,True,16,40,10,0.01,0.5844789240305839,0.5382281289805217,0.33886211353568463,6,1.132718739844348,0.01293316487112786,0.002808002386856684,0.01141780780717468,0.0024789934942212968,,,,,,,,,
6,response_tables/trial_00006_hard_negative_structure_obs-empirical_prior-axis_edge_parallel_rel0p5x.npz,axis_edge_parallel,0.5,3,linear,1,False,16,40,10,0.01,0.0006483960417172918,-0.0032206819160176536,-0.00262917176875202,2,0.01192891709758136,7.263938600774033e-10,,6.089352907186209e-08,,0.01192891709758136,7.263938600774033e-10,7.263938600774033e-10,6.089352907186209e-08,16422106.178472152,7.215428855769378,8.665092137055458e-12,1.0,1.0
6,response_tables/trial_00006_hard_negative_structure_obs-empirical_prior-axis_edge_parallel_rel0p5x.npz,axis_edge_parallel,0.5,3,quadratic,2,False,16,40,10,0.01,0.3096868203536888,0.2375332081522189,0.20633662798976993,5,1.5540974422614986,0.01147281798644817,1.0628180311359964e-10,0.007382302855960629,6.838812047649986e-11,,,,,,,,,
6,response_tables/trial_00006_hard_negative_structure_obs-empirical_prior-axis_edge_parallel_rel0p5x.npz,axis_edge_parallel,0.5,3,cubic,3,False,16,40,10,0.01,0.3143946031831143,0.2391551744614545,0.20770046900417385,9,1.585973658530347,0.05301641112529972,0.011169091177482502,0.033428304965939806,0.0070424190953035214,,,,,,,,,
6,response_tables/trial_00006_hard_negative_structure_obs-empirical_prior-axis_edge_parallel_rel0p5x.npz,axis_edge_parallel,0.5,3,affine_linear,1,True,16,40,10,0.01,0.49240742069794285,0.4500599820108564,0.285371680010878,3,0.016785707605307978,0.010839644394009106,1.5996045250259449e-10,0.6457663060079393,9.529562665086087e-09,,,,,,,,,
6,response_tables/trial_00006_hard_negative_structure_obs-empirical_prior-axis_edge_parallel_rel0p5x.npz,axis_edge_parallel,0.5,3,affine_quadratic,2,True,16,40,10,0.01,0.5930065890865066,0.5407323321917836,0.4287249036871338,6,0.925830304874896,0.0116413998937922,0.002724674362029735,0.012574010412594195,0.0029429522318324955,,,,,,,,,
6,response_tables/trial_00006_hard_negative_structure_obs-empirical_prior-axis_edge_orthogonal_rel0p5x.npz,axis_edge_orthogonal,0.5,0,linear,1,False,16,40,10,0.01,0.0022622197691695156,-0.0003277996769568414,0.0008685006384437088,2,0.024114214430358747,4.2429498803213526e-08,,1.75952233176614e-06,,0.024114214430358747,4.2429498803213526e-08,4.2429498803213526e-08,1.75952233176614e-06,568336.0659573094,5.75460521675078,1.0231540323133408e-09,1.0,1.0
6,response_tables/trial_00006_hard_negative_structure_obs-empirical_prior-axis_edge_orthogonal_rel0p5x.npz,axis_edge_orthogonal,0.5,0,quadratic,2,False,16,40,10,0.01,0.25784625243667947,0.17399091442871173,0.15374865404301472,5,1.5327577890397706,0.022360294323839985,6.038357195700584e-09,0.014588276428102889,3.9395377657701834e-09,,,,,,,,,
6,response_tables/trial_00006_hard_negative_structure_obs-empirical_prior-axis_edge_orthogonal_rel0p5x.npz,axis_edge_orthogonal,0.5,0,cubic,3,False,16,40,10,0.01,0.26204871509844085,0.17527877396854985,0.15473556275566705,9,1.5668779782880835,0.052181044672653144,0.014248875015295521,0.033302557950086416,0.009093800035956437,,,,,,,,,
6,response_tables/trial_00006_hard_negative_structure_obs-empirical_prior-axis_edge_orthogonal_rel0p5x.npz,axis_edge_orthogonal,0.5,0,affine_linear,1,True,16,40,10,0.01,0.5752550152661889,0.5378697598494353,0.44788206933536234,3,0.02610516017715054,0.01583335787223,9.040984203004032e-09,0.6065221498272477,3.463293901148889e-07,,,,,,,,,
6,response_tables/trial_00006_hard_negative_structure_obs-empirical_prior-axis_edge_orthogonal_rel0p5x.npz,axis_edge_orthogonal,0.5,0,affine_quadratic,2,True,16,40,10,0.01,0.6356907022927728,0.5806897480551403,0.51270372156878,6,0.7773523419264726,0.022795460621465116,0.0042059829997685505,0.029324489542248356,0.005410651995136565,,,,,,,,,
6,response_tables/trial_00006_hard_negative_structure_obs-empirical_prior-axis_edge_orthogonal_rel0p5x.npz,axis_edge_orthogonal,0.5,1,linear,1,False,16,40,10,0.01,0.004891804135646272,-0.0001663974067740437,0.0042023847705404405,2,0.03282317905838599,2.635103344041871e-09,,8.028178316775896e-08,,0.03282317905838599,2.635103344041871e-09,2.635103344041871e-09,8.028178316775896e-08,12456125.917262865,7.09538298980541,8.649246889883803e-11,1.0,1.0
6,response_tables/trial_00006_hard_negative_structure_obs-empirical_prior-axis_edge_orthogonal_rel0p5x.npz,axis_edge_orthogonal,0.5,1,quadratic,2,False,16,40,10,0.01,0.22515804682956742,0.10878724679315943,0.09156760415069806,5,1.313524051491455,0.020792618070181693,1.334702969479551e-09,0.015829643961656044,1.0161237382475396e-09,,,,,,,,,
6,response_tables/trial_00006_hard_negative_structure_obs-empirical_prior-axis_edge_orthogonal_rel0p5x.npz,axis_edge_orthogonal,0.5,1,cubic,3,False,16,40,10,0.01,0.22986351224345147,0.11017750547649074,0.09240970282778932,9,1.3507211708033868,0.041539809306144725,0.005757789587078445,0.030753800417178272,0.004262752159021692,,,,,,,,,
6,response_tables/trial_00006_hard_negative_structure_obs-empirical_prior-axis_edge_orthogonal_rel0p5x.npz,axis_edge_orthogonal,0.5,1,affine_linear,1,True,16,40,10,0.01,0.37178897070545947,0.3180149367684868,0.12437711158202591,3,0.03475636516559183,0.007857972832475985,1.0524412379956587e-09,0.22608730213984618,3.028053229908968e-08,,,,,,,,,
6,response_tables/trial_00006_hard_negative_structure_obs-empirical_prior-axis_edge_orthogonal_rel0p5x.npz,axis_edge_orthogonal,0.5,1,affine_quadratic,2,True,16,40,10,0.01,0.4408500987380878,0.3434432481795914,0.1925152263642491,6,0.7682291103919358,0.022018540404280144,0.0021135325670641756,0.028661424185093307,0.00275117479730219,,,,,,,,,
6,response_tables/trial_00006_hard_negative_structure_obs-empirical_prior-axis_edge_orthogonal_rel0p5x.npz,axis_edge_orthogonal,0.5,2,linear,1,False,16,40,10,0.01,0.0013606820806584263,-0.0012332006916233595,-0.00019513359966860655,2,0.023814766729934322,3.758340886355445e-08,,1.5781556581998105e-06,,0.023814766729934322,3.758340886355445e-08,3.758340886355445e-08,1.5781556581998105e-06,633651.0564114392,5.801850163253809,8.950401150012952e-10,1.0,1.0
6,response_tables/trial_00006_hard_negative_structure_obs-empirical_prior-axis_edge_orthogonal_rel0p5x.npz,axis_edge_orthogonal,0.5,2,quadratic,2,False,16,40,10,0.01,0.27381363144936854,0.23037686826866222,0.2013284933729182,5,2.18913980453673,0.015061457890030612,6.065927454746591e-09,0.0068800804127801905,2.770918258475627e-09,,,,,,,,,
6,response_tables/trial_00006_hard_negative_structure_obs-empirical_prior-axis_edge_orthogonal_rel0p5x.npz,axis_edge_orthogonal,0.5,2,cubic,3,False,16,40,10,0.01,0.27487144478824277,0.23062303664308148,0.20142816630652416,9,2.1993222624599866,0.03490845152653236,0.0061279733582548694,0.01587236764815291,0.002786300790408317,,,,,,,,,
6,response_tables/trial_00006_hard_negative_structure_obs-empirical_prior-axis_edge_orthogonal_rel0p5x.npz,axis_edge_orthogonal,0.5,2,affine_linear,1,True,16,40,10,0.01,0.5724290993618557,0.5452412544421079,0.4924001698338179,3,0.03188871356743212,0.010815714540378728,8.089595893626415e-09,0.33917061337415616,2.536821021807635e-07,,,,,,,,,
6,response_tables/trial_00006_hard_negative_structure_obs-empirical_prior-axis_edge_orthogonal_rel0p5x.npz,axis_edge_orthogonal,0.5,2,affine_quadratic,2,True,16,40,10,0.01,0.6392633886143833,0.6096796803625212,0.571515375378804,6,1.127255186304651,0.016273875030196682,0.0049982470149036225,0.014436726686124574,0.004433997798926783,,,,,,,,,
6,response_tables/trial_00006_hard_negative_structure_obs-empirical_prior-axis_edge_orthogonal_rel0p5x.npz,axis_edge_orthogonal,0.5,3,linear,1,False,16,40,10,0.01,0.010287061123267716,0.00634750117093108,0.012253446755145142,2,0.050096704056613664,3.1106627939076624e-10,,6.209316266380201e-09,,0.050096704056613664,3.1106627939076624e-10,3.1106627939076624e-10,6.209316266380201e-09,161048327.5613472,8.206956219160991,1.558339534063112e-11,1.0,1.0
6,response_tables/trial_00006_hard_negative_structure_obs-empirical_prior-axis_edge_orthogonal_rel0p5x.npz,axis_edge_orthogonal,0.5,3,quadratic,2,False,16,40,10,0.01,0.26797124367486114,0.17322469947635533,0.15349923665537912,5,1.4975680098207986,0.024489407398866698,1.1651161514082365e-10,0.016352784807280397,7.780055020991375e-11,,,,,,,,,
6,response_tables/trial_00006_hard_negative_structure_obs-empirical_prior-axis_edge_orthogonal_rel0p5x.npz,axis_edge_orthogonal,0.5,3,cubic,3,False,16,40,10,0.01,0.2725919871707112,0.17468135316787103,0.1544268526164407,9,1.533473264608975,0.04854757376846232,0.004623187210330078,0.03165857200701938,0.0030148469601841794,,,,,,,,,
6,response_tables/trial_00006_hard_negative_structure_obs-empirical_prior-axis_edge_orthogonal_rel0p5x.npz,axis_edge_orthogonal,0.5,3,affine_linear,1,True,16,40,10,0.01,0.4288034566966491,0.37879237517766473,0.1546325842719848,3,0.052013858019266355,0.006880445934417998,1.3364044749573875e-10,0.13228101503006034,2.5693238799213325e-09,,,,,,,,,
6,response_tables/trial_00006_hard_negative_structure_obs-empirical_prior-axis_edge_orthogonal_rel0p5x.npz,axis_edge_orthogonal,0.5,3,affine_quadratic,2,True,16,40,10,0.01,0.5105297339695287,0.43415340742358566,0.26450350334586076,6,0.8815425978535322,0.02613814966849693,0.0016902052579727052,0.029650466956606187,0.001917326811078881,,,,,,,,,
7,response_tables/trial_00007_hard_negative_structure_obs-empirical_prior-axis_edge_parallel_rel1x.npz,axis_edge_parallel,1.0,0,linear,1,False,16,40,10,0.01,0.004487884429494549,-0.0014791193705119277,-0.0007351992444986633,2,0.02689106824905943,1.211548963788836e-08,,4.50539544419628e-07,,0.02689106824905943,1.211548963788836e-08,1.211548963788836e-08,4.50539544419628e-07,2219560.996112275,6.346267084441801,3.257984587232282e-10,1.0,1.0
7,response_tables/trial_00007_hard_negative_structure_obs-empirical_prior-axis_edge_parallel_rel1x.npz,axis_edge_parallel,1.0,0,quadratic,2,False,16,40,10,0.01,0.37376511965501336,0.35198995133767563,0.3462142424388017,5,1.5638108125010621,0.01022481260620989,1.1936041331382222e-08,0.006538394877739052,7.632663258218849e-09,,,,,,,,,
7,response_tables/trial_00007_hard_negative_structure_obs-empirical_prior-axis_edge_parallel_rel1x.npz,axis_edge_parallel,1.0,0,cubic,3,False,16,40,10,0.01,0.37508774103254927,0.3524616456103914,0.34671386608360755,9,1.5724480461153836,0.02650549422864287,0.010060485098547012,0.016856197121502825,0.006397976151517816,,,,,,,,,
7,response_tables/trial_00007_hard_negative_structure_obs-empirical_prior-axis_edge_parallel_rel1x.npz,axis_edge_parallel,1.0,0,affine_linear,1,True,16,40,10,0.01,0.6875571988293157,0.6745561485327822,0.6773300723963387,3,0.03321705291098144,0.006211107139989451,1.2115488917087392e-08,0.18698549677584675,3.647370207572525e-07,,,,,,,,,
7,response_tables/trial_00007_hard_negative_structure_obs-empirical_prior-axis_edge_parallel_rel1x.npz,axis_edge_parallel,1.0,0,affine_quadratic,2,True,16,40,10,0.01,0.7561952659839869,0.7397896607457284,0.7412622895888092,6,0.7311398998195539,0.013234472759037368,0.005266221577875328,0.018101149673685778,0.007202755011968349,,,,,,,,,
7,response_tables/trial_00007_hard_negative_structure_obs-empirical_prior-axis_edge_parallel_rel1x.npz,axis_edge_parallel,1.0,1,linear,1,False,16,40,10,0.01,0.0021813946660890204,-0.01423366737833609,-0.010874863188628237,2,0.012863353471428824,6.781073908239867e-09,,5.271622149932762e-07,,0.012863353471428824,6.781073908239867e-09,6.781073908239867e-09,5.271622149932762e-07,1896949.3100197911,6.278055725895082,8.722735059757271e-11,1.0,1.0
7,response_tables/trial_00007_hard_negative_structure_obs-empirical_prior-axis_edge_parallel_rel1x.npz,axis_edge_parallel,1.0,1,quadratic,2,False,16,40,10,0.01,0.42935678921407106,0.39421458444899293,0.3752465518494037,5,1.1490306245263107,0.01241025292914032,1.0563665228811711e-09,0.010800628516108057,9.19354541413254e-10,,,,,,,,,
7,response_tables/trial_00007_hard_negative_structure_obs-empirical_prior-axis_edge_parallel_rel1x.npz,axis_edge_parallel,1.0,1,cubic,3,False,16,40,10,0.01,0.4308222434018891,0.39460924267949427,0.3754473261394012,9,1.1550655595549169,0.01682682965344701,0.011762281790153798,0.014567856788952237,0.010183215742910883,,,,,,,,,
7,response_tables/trial_00007_hard_negative_structure_obs-empirical_prior-axis_edge_parallel_rel1x.npz,axis_edge_parallel,1.0,1,affine_linear,1,True,16,40,10,0.01,0.35646145303835597,0.3194916594240417,0.31132843290754886,3,0.013877939704354551,0.008667735883319375,1.7464516746676198e-09,0.6245693574097065,1.258437283827964e-07,,,,,,,,,
7,response_tables/trial_00007_hard_negative_structure_obs-empirical_prior-axis_edge_parallel_rel1x.npz,axis_edge_parallel,1.0,1,affine_quadratic,2,True,16,40,10,0.01,0.5420026697514992,0.5022678350282612,0.49837395100872117,6,0.8224972430452017,0.01287031528042693,0.002074568515909677,0.015647852183401933,0.002522280206349173,,,,,,,,,
7,response_tables/trial_00007_hard_negative_structure_obs-empirical_prior-axis_edge_parallel_rel1x.npz,axis_edge_parallel,1.0,2,linear,1,False,16,40,10,0.01,0.003444001189197743,-0.002407272579294739,-0.001596779313259744,2,0.028070564386137985,2.830181194781774e-08,,1.008238080235891e-06,,0.028070564386137985,2.830181194781774e-08,2.830181194781774e-08,1.008238080235891e-06,991829.2312129653,5.9964369036802525,7.944478345255872e-10,1.0,1.0
7,response_tables/trial_00007_hard_negative_structure_obs-empirical_prior-axis_edge_parallel_rel1x.npz,axis_edge_parallel,1.0,2,quadratic,2,False,16,40,10,0.01,0.41281968174253814,0.38174317282405734,0.3699521372054145,5,2.1668667390482392,0.014311255788307154,2.833416735227886e-08,0.006604585104570454,1.3076100547246472e-08,,,,,,,,,
7,response_tables/trial_00007_hard_negative_structure_obs-empirical_prior-axis_edge_parallel_rel1x.npz,axis_edge_parallel,1.0,2,cubic,3,False,16,40,10,0.01,0.41293065877024304,0.3818089604564818,0.3700079127132151,9,2.167300328618147,0.02188105312740956,0.013077782965465922,0.010095994929028015,0.0060341350909147926,,,,,,,,,
7,response_tables/trial_00007_hard_negative_structure_obs-empirical_prior-axis_edge_parallel_rel1x.npz,axis_edge_parallel,1.0,2,affine_linear,1,True,16,40,10,0.01,0.6028531027571771,0.5866047743093523,0.5922251174658624,3,0.03506449163490984,0.008960745297133149,2.7839248775804512e-08,0.2555504123781998,7.939441719465296e-07,,,,,,,,,
7,response_tables/trial_00007_hard_negative_structure_obs-empirical_prior-axis_edge_parallel_rel1x.npz,axis_edge_parallel,1.0,2,affine_quadratic,2,True,16,40,10,0.01,0.7005095615809265,0.6789162699674031,0.6827175788242797,6,1.1430876683254867,0.015949355642967827,0.0048726582864853886,0.013952871756837423,0.004262716169113576,,,,,,,,,
7,response_tables/trial_00007_hard_negative_structure_obs-empirical_prior-axis_edge_parallel_rel1x.npz,axis_edge_parallel,1.0,3,linear,1,False,16,40,10,0.01,0.00153627180707816,-0.0064246727138734805,-0.005342990704943346,2,0.017891975906191543,3.7825692360026016e-10,,2.1141148724069308e-08,,0.017891975906191543,3.7825692360026016e-10,3.7825692360026016e-10,2.1141148724069308e-08,47301119.397617914,7.674871418591005,6.76776376340599e-12,1.0,1.0
7,response_tables/trial_00007_hard_negative_structure_obs-empirical_prior-axis_edge_parallel_rel1x.npz,axis_edge_parallel,1.0,3,quadratic,2,False,16,40,10,0.01,0.3685885539054444,0.3458744495949342,0.3419911568648677,5,1.7675454498502614,0.01698205058339158,3.27719634049665e-10,0.0096077023562988,1.854094524570375e-10,,,,,,,,,
7,response_tables/trial_00007_hard_negative_structure_obs-empirical_prior-axis_edge_parallel_rel1x.npz,axis_edge_parallel,1.0,3,cubic,3,False,16,40,10,0.01,0.36947862015691624,0.34609571617512946,0.34219540063106246,9,1.7739882831018141,0.029174810236429462,0.016813569031740815,0.01644588665795322,0.009477835446772135,,,,,,,,,
7,response_tables/trial_00007_hard_negative_structure_obs-empirical_prior-axis_edge_parallel_rel1x.npz,axis_edge_parallel,1.0,3,affine_linear,1,True,16,40,10,0.01,0.6674776441518993,0.6493820932134599,0.6595609251773955,3,0.024638800081778784,0.015527417002378238,3.2764199170789004e-10,0.6302018341332004,1.329780633068216e-08,,,,,,,,,
7,response_tables/trial_00007_hard_negative_structure_obs-empirical_prior-axis_edge_parallel_rel1x.npz,axis_edge_parallel,1.0,3,affine_quadratic,2,True,16,40,10,0.01,0.7346186923448625,0.7140914222280387,0.7238954754945828,6,0.8215883644461086,0.017904144317145338,0.006044406935624056,0.021792110370520888,0.007356977285941754,,,,,,,,,
7,response_tables/trial_00007_hard_negative_structure_obs-empirical_prior-axis_edge_orthogonal_rel1x.npz,axis_edge_orthogonal,1.0,0,linear,1,False,16,40,10,0.01,0.001250024525073834,-0.0036817280436431954,-0.0029883170669439407,2,0.017875940183599236,2.3440454427614842e-08,,1.3112851232921958e-06,,0.017875940183599236,2.3440454427614842e-08,2.3440454427614842e-08,1.3112851232921958e-06,762610.6498404683,5.882302865892613,4.1902016122442677e-10,1.0,1.0
7,response_tables/trial_00007_hard_negative_structure_obs-empirical_prior-axis_edge_orthogonal_rel1x.npz,axis_edge_orthogonal,1.0,0,quadratic,2,False,16,40,10,0.01,0.29097891758526284,0.2631652989998061,0.26323971542352803,5,1.7445913555742922,0.008029092795531203,2.3393707331703883e-08,0.004602277071863716,1.340927619350896e-08,,,,,,,,,
7,response_tables/trial_00007_hard_negative_structure_obs-empirical_prior-axis_edge_orthogonal_rel1x.npz,axis_edge_orthogonal,1.0,0,cubic,3,False,16,40,10,0.01,0.2917977584025564,0.26326322509403577,0.26326111477315717,9,1.7521529262593392,0.03373986735768999,0.007517363635189459,0.0192562343457777,0.004290358177375666,,,,,,,,,
7,response_tables/trial_00007_hard_negative_structure_obs-empirical_prior-axis_edge_orthogonal_rel1x.npz,axis_edge_orthogonal,1.0,0,affine_linear,1,True,16,40,10,0.01,0.7544229475252916,0.7342451666540952,0.7327401300712978,3,0.03152643781747869,0.007635049019334203,2.329438728300929e-08,0.2421792485258587,7.388842157769743e-07,,,,,,,,,
7,response_tables/trial_00007_hard_negative_structure_obs-empirical_prior-axis_edge_orthogonal_rel1x.npz,axis_edge_orthogonal,1.0,0,affine_quadratic,2,True,16,40,10,0.01,0.7792910913865219,0.7516045011411234,0.7485786574272293,6,0.5546626680908098,0.00830583030409458,0.005499541777364972,0.014974561624426367,0.009915110739821023,,,,,,,,,
7,response_tables/trial_00007_hard_negative_structure_obs-empirical_prior-axis_edge_orthogonal_rel1x.npz,axis_edge_orthogonal,1.0,1,linear,1,False,16,40,10,0.01,0.005081095448648321,-0.009137526534833462,-0.002121710330336757,2,0.02897504431191604,6.055313919954682e-09,,2.0898376736785258e-07,,0.02897504431191604,6.055313919954682e-09,6.055313919954682e-09,2.0898376736785258e-07,4785060.641766511,6.679887446024605,1.7545298915324892e-10,1.0,1.0
7,response_tables/trial_00007_hard_negative_structure_obs-empirical_prior-axis_edge_orthogonal_rel1x.npz,axis_edge_orthogonal,1.0,1,quadratic,2,False,16,40,10,0.01,0.350655035303885,0.28658189716994775,0.255170608631511,5,1.525546203033263,0.007418824547886484,5.980371600389396e-09,0.004863061199415357,3.9201510832635206e-09,,,,,,,,,
7,response_tables/trial_00007_hard_negative_structure_obs-empirical_prior-axis_edge_orthogonal_rel1x.npz,axis_edge_orthogonal,1.0,1,cubic,3,False,16,40,10,0.01,0.35134066537831043,0.2861066465724197,0.2543308319233113,9,1.5298079198614845,0.0400385283498287,0.007287195073520473,0.026172258510371655,0.00476347061543536,,,,,,,,,
7,response_tables/trial_00007_hard_negative_structure_obs-empirical_prior-axis_edge_orthogonal_rel1x.npz,axis_edge_orthogonal,1.0,1,affine_linear,1,True,16,40,10,0.01,0.46129523320638277,0.4171525883699342,0.430810261269952,3,0.03317189464785784,0.005101427092051545,6.049592755594321e-09,0.15378763095104014,1.8237103487198583e-07,,,,,,,,,
7,response_tables/trial_00007_hard_negative_structure_obs-empirical_prior-axis_edge_orthogonal_rel1x.npz,axis_edge_orthogonal,1.0,1,affine_quadratic,2,True,16,40,10,0.01,0.5587159799996597,0.4913654220868927,0.4862035686328493,6,0.8801405038593014,0.005935480824434676,0.00461993340803756,0.0067437878366105935,0.005249086239958,,,,,,,,,
7,response_tables/trial_00007_hard_negative_structure_obs-empirical_prior-axis_edge_orthogonal_rel1x.npz,axis_edge_orthogonal,1.0,2,linear,1,False,16,40,10,0.01,0.001421256910078994,-0.002054957990892614,-0.0013427657362130585,2,0.02366904026214058,3.134459693252974e-08,,1.3242867723144005e-06,,0.02366904026214058,3.134459693252974e-08,3.134459693252974e-08,1.3242867723144005e-06,755123.4527943989,5.8780179588934,7.418965267966144e-10,1.0,1.0
7,response_tables/trial_00007_hard_negative_structure_obs-empirical_prior-axis_edge_orthogonal_rel1x.npz,axis_edge_orthogonal,1.0,2,quadratic,2,False,16,40,10,0.01,0.33758659168443383,0.3101138376677014,0.3023826040333109,5,2.5773259748493396,0.010692512467052167,2.6542763290691598e-08,0.0041486845557738225,1.0298566634452666e-08,,,,,,,,,
7,response_tables/trial_00007_hard_negative_structure_obs-empirical_prior-axis_edge_orthogonal_rel1x.npz,axis_edge_orthogonal,1.0,2,cubic,3,False,16,40,10,0.01,0.3376166173859191,0.3101069444905432,0.3023686998579471,9,2.5773943593338102,0.022583486382863876,0.00922801616823594,0.008762138514457339,0.003580366401756673,,,,,,,,,
7,response_tables/trial_00007_hard_negative_structure_obs-empirical_prior-axis_edge_orthogonal_rel1x.npz,axis_edge_orthogonal,1.0,2,affine_linear,1,True,16,40,10,0.01,0.7274171823997333,0.7147370641342077,0.7185779389779638,3,0.03944855895313371,0.009643387348880806,2.4964040942707877e-08,0.24445474320969474,6.328251678943721e-07,,,,,,,,,
7,response_tables/trial_00007_hard_negative_structure_obs-empirical_prior-axis_edge_orthogonal_rel1x.npz,axis_edge_orthogonal,1.0,2,affine_quadratic,2,True,16,40,10,0.01,0.7674090921322066,0.75090428677264,0.7535266532669839,6,0.9605174303725942,0.009726587846284367,0.0053018005081027905,0.010126404309509852,0.005519733781453783,,,,,,,,,
7,response_tables/trial_00007_hard_negative_structure_obs-empirical_prior-axis_edge_orthogonal_rel1x.npz,axis_edge_orthogonal,1.0,3,linear,1,False,16,40,10,0.01,0.007659332614127767,-0.004722095971350315,0.000559544451521149,2,0.040180165225917816,7.102314460379625e-10,,1.7676170370246132e-08,,0.040180165225917816,7.102314460379625e-10,7.102314460379625e-10,1.7676170370246132e-08,56573340.21193163,7.752611821179602,2.8537216850447867e-11,1.0,1.0
7,response_tables/trial_00007_hard_negative_structure_obs-empirical_prior-axis_edge_orthogonal_rel1x.npz,axis_edge_orthogonal,1.0,3,quadratic,2,False,16,40,10,0.01,0.36365343488523183,0.31929475516649763,0.30348857735596224,5,1.751139071256052,0.00835284783613197,6.796927061478435e-10,0.00476995115535893,3.8814319051217075e-10,,,,,,,,,
7,response_tables/trial_00007_hard_negative_structure_obs-empirical_prior-axis_edge_orthogonal_rel1x.npz,axis_edge_orthogonal,1.0,3,cubic,3,False,16,40,10,0.01,0.36419402671523626,0.319024833091479,0.3030850069972375,9,1.7547635520579363,0.04413062413478607,0.008159054857314205,0.02514904306225813,0.0046496605469981975,,,,,,,,,
7,response_tables/trial_00007_hard_negative_structure_obs-empirical_prior-axis_edge_orthogonal_rel1x.npz,axis_edge_orthogonal,1.0,3,affine_linear,1,True,16,40,10,0.01,0.5896297366186112,0.5582125887938686,0.5727857130555374,3,0.04530266452606176,0.005376367333988642,6.667901759340491e-10,0.11867662509995897,1.4718564192851336e-08,,,,,,,,,
7,response_tables/trial_00007_hard_negative_structure_obs-empirical_prior-axis_edge_orthogonal_rel1x.npz,axis_edge_orthogonal,1.0,3,affine_quadratic,2,True,16,40,10,0.01,0.6636399706658205,0.6214050147385126,0.6296634562387365,6,0.8683951808958493,0.005631902710530701,0.0031694672215369867,0.006485414514530985,0.0036497982615096014,,,,,,,,,
8,response_tables/trial_00008_hard_negative_structure_obs-empirical_prior-axis_edge_parallel_rel2x.npz,axis_edge_parallel,2.0,0,linear,1,False,16,40,10,0.01,0.001814038773128468,0.0003522594311585747,0.0002634164794976801,2,0.017619313706537125,1.9320402204930462e-08,,1.0965468080497481e-06,,0.017619313706537125,1.9320402204930462e-08,1.9320402204930462e-08,1.0965468080497481e-06,911953.7740286158,5.959972824958798,3.404122273851414e-10,1.0,1.0
8,response_tables/trial_00008_hard_negative_structure_obs-empirical_prior-axis_edge_parallel_rel2x.npz,axis_edge_parallel,2.0,0,quadratic,2,False,16,40,10,0.01,0.40128880280212775,0.3945257082880621,0.3877283970470262,5,1.7552896732523142,0.00790499147547657,7.859576805586405e-09,0.004503525313192147,4.477652278910565e-09,,,,,,,,,
8,response_tables/trial_00008_hard_negative_structure_obs-empirical_prior-axis_edge_parallel_rel2x.npz,axis_edge_parallel,2.0,0,cubic,3,False,16,40,10,0.01,0.4025440578735734,0.3949479208397513,0.3881692648062055,9,1.7717510145870148,0.03467597088279843,0.006297998825223444,0.019571582348370326,0.003554674880031872,,,,,,,,,
8,response_tables/trial_00008_hard_negative_structure_obs-empirical_prior-axis_edge_parallel_rel2x.npz,axis_edge_parallel,2.0,0,affine_linear,1,True,16,40,10,0.01,0.857339991838497,0.8530763140460833,0.8518977275484334,3,0.03676814797809587,0.00725320617051695,8.922924378516785e-09,0.1972687385515841,2.426808221026661e-07,,,,,,,,,
8,response_tables/trial_00008_hard_negative_structure_obs-empirical_prior-axis_edge_parallel_rel2x.npz,axis_edge_parallel,2.0,0,affine_quadratic,2,True,16,40,10,0.01,0.8629762834159412,0.8579271672074443,0.8566714773830552,6,0.255053147715768,0.017108227310285697,0.007219215175683565,0.06707710711867457,0.028304748403766736,,,,,,,,,
8,response_tables/trial_00008_hard_negative_structure_obs-empirical_prior-axis_edge_parallel_rel2x.npz,axis_edge_parallel,2.0,1,linear,1,False,16,40,10,0.01,0.0007703334050723765,-0.006000982622737627,-0.00535318841787813,2,0.007683624452091033,9.343808268625308e-09,,1.2160677980666365e-06,,0.007683624452091033,9.343808268625308e-09,9.343808268625308e-09,1.2160677980666365e-06,822322.5724666408,5.915042211654221,7.17943136884598e-11,1.0,1.0
8,response_tables/trial_00008_hard_negative_structure_obs-empirical_prior-axis_edge_parallel_rel2x.npz,axis_edge_parallel,2.0,1,quadratic,2,False,16,40,10,0.01,0.4065911865139513,0.3961513651283336,0.376231664617603,5,1.1670090691795354,0.006516148997203416,9.943960994110464e-10,0.005583631840825871,8.520894358688708e-10,,,,,,,,,
8,response_tables/trial_00008_hard_negative_structure_obs-empirical_prior-axis_edge_parallel_rel2x.npz,axis_edge_parallel,2.0,1,cubic,3,False,16,40,10,0.01,0.40824575548803743,0.3966437571006901,0.37681740551941356,9,1.1812590526878306,0.03683344005284855,0.0029776830499906905,0.031181509228680983,0.0025207705652839536,,,,,,,,,
8,response_tables/trial_00008_hard_negative_structure_obs-empirical_prior-axis_edge_parallel_rel2x.npz,axis_edge_parallel,2.0,1,affine_linear,1,True,16,40,10,0.01,0.6501907147131913,0.6332292620724551,0.6241435231537302,3,0.01983308213350584,0.006133052477414556,1.4143435614434856e-09,0.3092334532842694,7.131234328194031e-08,,,,,,,,,
8,response_tables/trial_00008_hard_negative_structure_obs-empirical_prior-axis_edge_parallel_rel2x.npz,axis_edge_parallel,2.0,1,affine_quadratic,2,True,16,40,10,0.01,0.682062297164479,0.6674417852783423,0.6577283719418006,6,0.3980253114550069,0.009298141293752893,0.0037811941721899887,0.023360678394454222,0.009499883709323892,,,,,,,,,
8,response_tables/trial_00008_hard_negative_structure_obs-empirical_prior-axis_edge_parallel_rel2x.npz,axis_edge_parallel,2.0,2,linear,1,False,16,40,10,0.01,0.0037654566066439576,0.0006598374614212865,6.572613957367412e-05,2,0.030779716007613558,3.4891113775126233e-08,,1.1335749090893397e-06,,0.030779716007613558,3.4891113775126233e-08,3.4891113775126233e-08,1.1335749090893397e-06,882164.9032469786,5.945549775467584,1.073938573187719e-09,1.0,1.0
8,response_tables/trial_00008_hard_negative_structure_obs-empirical_prior-axis_edge_parallel_rel2x.npz,axis_edge_parallel,2.0,2,quadratic,2,False,16,40,10,0.01,0.39735174849707466,0.3868572252994158,0.3832922464599663,5,2.329314445212885,0.015667937306162665,3.3600617216326747e-08,0.0067264157221721575,1.442511005132064e-08,,,,,,,,,
8,response_tables/trial_00008_hard_negative_structure_obs-empirical_prior-axis_edge_parallel_rel2x.npz,axis_edge_parallel,2.0,2,cubic,3,False,16,40,10,0.01,0.39815842118117595,0.38695160542967844,0.3833981976514591,9,2.3419522626385993,0.028346394962837394,0.015528386358185736,0.012103745842752771,0.006630530692666819,,,,,,,,,
8,response_tables/trial_00008_hard_negative_structure_obs-empirical_prior-axis_edge_parallel_rel2x.npz,axis_edge_parallel,2.0,2,affine_linear,1,True,16,40,10,0.01,0.8385383020767982,0.831863196822583,0.8304761684090828,3,0.04855531334872962,0.012619931147271642,3.4194183917536916e-08,0.25990834528517825,7.042315569451795e-07,,,,,,,,,
8,response_tables/trial_00008_hard_negative_structure_obs-empirical_prior-axis_edge_parallel_rel2x.npz,axis_edge_parallel,2.0,2,affine_quadratic,2,True,16,40,10,0.01,0.844379550545521,0.8370497837673625,0.8358569679629688,6,0.34333959333103176,0.024285462000264997,0.010706602098257441,0.07073306566437884,0.031183709383422735,,,,,,,,,
8,response_tables/trial_00008_hard_negative_structure_obs-empirical_prior-axis_edge_parallel_rel2x.npz,axis_edge_parallel,2.0,3,linear,1,False,16,40,10,0.01,0.0006775798506575281,-0.0005255466821414423,-0.0005250615616087251,2,0.01257541888581961,1.2336687437910065e-09,,9.810160241915484e-08,,0.01257541888581961,1.2336687437910065e-09,1.2336687437910065e-09,9.810160241915484e-08,10193513.412016856,7.008323898673947,1.5513901219514777e-11,1.0,1.0
8,response_tables/trial_00008_hard_negative_structure_obs-empirical_prior-axis_edge_parallel_rel2x.npz,axis_edge_parallel,2.0,3,quadratic,2,False,16,40,10,0.01,0.38580368196477544,0.3803007510371573,0.378459335960804,5,1.9825665165239534,0.0124679686268362,1.3691779787234076e-10,0.006288802177843883,6.906088483346305e-11,,,,,,,,,
8,response_tables/trial_00008_hard_negative_structure_obs-empirical_prior-axis_edge_parallel_rel2x.npz,axis_edge_parallel,2.0,3,cubic,3,False,16,40,10,0.01,0.3873651270956643,0.3810602107521852,0.3792125808593928,9,2.007192134193587,0.04889816506305084,0.006736168246699262,0.024361477025564494,0.0033560156658373895,,,,,,,,,
8,response_tables/trial_00008_hard_negative_structure_obs-empirical_prior-axis_edge_parallel_rel2x.npz,axis_edge_parallel,2.0,3,affine_linear,1,True,16,40,10,0.01,0.8570062305448604,0.8542397444163534,0.8538485886072721,3,0.038674617968510475,0.012486377293288125,1.4215845976603772e-10,0.32285715927316316,3.6757560186317947e-09,,,,,,,,,
8,response_tables/trial_00008_hard_negative_structure_obs-empirical_prior-axis_edge_parallel_rel2x.npz,axis_edge_parallel,2.0,3,affine_quadratic,2,True,16,40,10,0.01,0.8604184162071091,0.8559258346808788,0.8555816107149313,6,0.2294303657992043,0.018658898916275833,0.010276422055536779,0.0813270678067347,0.04479102850984697,,,,,,,,,
8,response_tables/trial_00008_hard_negative_structure_obs-empirical_prior-axis_edge_orthogonal_rel2x.npz,axis_edge_orthogonal,2.0,0,linear,1,False,16,40,10,0.01,0.00018327535159223807,-0.0008258747049585402,-0.000840411874247271,2,0.006841927453569854,2.9292339379307357e-08,,4.281299323631931e-06,,0.006841927453569854,2.9292339379307357e-08,2.9292339379307357e-08,4.281299323631931e-06,233573.9513656979,5.368424407751462,2.0041606097856833e-10,1.0,1.0
8,response_tables/trial_00008_hard_negative_structure_obs-empirical_prior-axis_edge_orthogonal_rel2x.npz,axis_edge_orthogonal,2.0,0,quadratic,2,False,16,40,10,0.01,0.36879650586249135,0.36035879658824743,0.35631946408582893,5,2.060085395372866,0.006782646316846121,1.5346760580068817e-08,0.0032924102719627765,7.449574961571496e-09,,,,,,,,,
8,response_tables/trial_00008_hard_negative_structure_obs-empirical_prior-axis_edge_orthogonal_rel2x.npz,axis_edge_orthogonal,2.0,0,cubic,3,False,16,40,10,0.01,0.37021994229041066,0.3610116680217611,0.3570049370491021,9,2.0838272893615373,0.02272708584020402,0.005684296212663035,0.010906415304296816,0.0027278154200603847,,,,,,,,,
8,response_tables/trial_00008_hard_negative_structure_obs-empirical_prior-axis_edge_orthogonal_rel2x.npz,axis_edge_orthogonal,2.0,0,affine_linear,1,True,16,40,10,0.01,0.8783420599406012,0.8751180602721238,0.8754257825118734,3,0.040948199577534726,0.006795227674406747,1.5453636146362374e-08,0.16594692183083892,3.773947647466447e-07,,,,,,,,,
8,response_tables/trial_00008_hard_negative_structure_obs-empirical_prior-axis_edge_orthogonal_rel2x.npz,axis_edge_orthogonal,2.0,0,affine_quadratic,2,True,16,40,10,0.01,0.8793531038421676,0.8742774138889992,0.8745261576390837,6,0.13482465138776092,0.025236128433181883,0.005378709434762081,0.18717740541825545,0.039894109715089894,,,,,,,,,
8,response_tables/trial_00008_hard_negative_structure_obs-empirical_prior-axis_edge_orthogonal_rel2x.npz,axis_edge_orthogonal,2.0,1,linear,1,False,16,40,10,0.01,0.00021005257603512462,-0.0015675506764774028,-0.0015137288595263865,2,0.006260874653177627,1.2119933856657747e-08,,1.93582119560666e-06,,0.006260874653177627,1.2119933856657747e-08,1.2119933856657747e-08,1.93582119560666e-06,516576.6354193749,5.71313475929392,7.588138668133785e-11,1.0,1.0
8,response_tables/trial_00008_hard_negative_structure_obs-empirical_prior-axis_edge_orthogonal_rel2x.npz,axis_edge_orthogonal,2.0,1,quadratic,2,False,16,40,10,0.01,0.36013387303774214,0.3471537256721342,0.3390881380918166,5,1.7149946386421722,0.004669307994515344,2.5275623480137986e-09,0.002722637079619221,1.4738018948064864e-09,,,,,,,,,
8,response_tables/trial_00008_hard_negative_structure_obs-empirical_prior-axis_edge_orthogonal_rel2x.npz,axis_edge_orthogonal,2.0,1,cubic,3,False,16,40,10,0.01,0.36238501717558236,0.34838623152652914,0.34035914012245505,9,1.7471584548069097,0.030822583010932495,0.004423248356645101,0.017641549869807836,0.002531681281955588,,,,,,,,,
8,response_tables/trial_00008_hard_negative_structure_obs-empirical_prior-axis_edge_orthogonal_rel2x.npz,axis_edge_orthogonal,2.0,1,affine_linear,1,True,16,40,10,0.01,0.7478026651534373,0.7389008935203056,0.7397003655083119,3,0.032549614848575346,0.004716389919154376,3.0338160130113634e-09,0.14489848623695178,9.320589589539028e-08,,,,,,,,,
8,response_tables/trial_00008_hard_negative_structure_obs-empirical_prior-axis_edge_orthogonal_rel2x.npz,axis_edge_orthogonal,2.0,1,affine_quadratic,2,True,16,40,10,0.01,0.7543266719683013,0.7421977403590531,0.7426634456853236,6,0.2821446073000392,0.013113559517733546,0.004135174450352338,0.04647815048893803,0.014656223593722265,,,,,,,,,
8,response_tables/trial_00008_hard_negative_structure_obs-empirical_prior-axis_edge_orthogonal_rel2x.npz,axis_edge_orthogonal,2.0,2,linear,1,False,16,40,10,0.01,0.0010224164738640296,-0.0011302556047949608,-0.0011467537150505747,2,0.02018808185379307,4.185302697869204e-08,,2.073155205224632e-06,,0.02018808185379307,4.185302697869204e-08,4.185302697869204e-08,2.073155205224632e-06,482356.5536626802,5.683368183555221,8.449323344748447e-10,1.0,1.0
8,response_tables/trial_00008_hard_negative_structure_obs-empirical_prior-axis_edge_orthogonal_rel2x.npz,axis_edge_orthogonal,2.0,2,quadratic,2,False,16,40,10,0.01,0.363254249288924,0.35250103482513606,0.35177769932979874,5,2.812806234336409,0.011367801812051367,4.182983659277133e-08,0.004041445042777088,1.487121156165943e-08,,,,,,,,,
8,response_tables/trial_00008_hard_negative_structure_obs-empirical_prior-axis_edge_orthogonal_rel2x.npz,axis_edge_orthogonal,2.0,2,cubic,3,False,16,40,10,0.01,0.3641380351430441,0.3527471804241876,0.3520230809202718,9,2.830766000238106,0.03178391546323212,0.00941020529372926,0.01122802642837969,0.0033242610985640395,,,,,,,,,
8,response_tables/trial_00008_hard_negative_structure_obs-empirical_prior-axis_edge_orthogonal_rel2x.npz,axis_edge_orthogonal,2.0,2,affine_linear,1,True,16,40,10,0.01,0.8618783323707251,0.8578142354697079,0.8578614809937308,3,0.05341359836909477,0.010902372106392487,4.1851583845825633e-08,0.20411229423368385,7.835379963848506e-07,,,,,,,,,
8,response_tables/trial_00008_hard_negative_structure_obs-empirical_prior-axis_edge_orthogonal_rel2x.npz,axis_edge_orthogonal,2.0,2,affine_quadratic,2,True,16,40,10,0.01,0.8628616304127777,0.8577613705665982,0.8578206749631692,6,0.18137036341000962,0.0293368790552803,0.010500206791789464,0.16175122828066868,0.05789372968312622,,,,,,,,,
8,response_tables/trial_00008_hard_negative_structure_obs-empirical_prior-axis_edge_orthogonal_rel2x.npz,axis_edge_orthogonal,2.0,3,linear,1,False,16,40,10,0.01,0.002746074911637253,0.00134291727572744,0.001234358621509113,2,0.026349903979767653,6.497038209057829e-10,,2.465678134556572e-08,,0.026349903979767653,6.497038209057829e-10,6.497038209057829e-10,2.465678134556572e-08,40556793.92962781,7.60806361610574,1.711963329615554e-11,1.0,1.0
8,response_tables/trial_00008_hard_negative_structure_obs-empirical_prior-axis_edge_orthogonal_rel2x.npz,axis_edge_orthogonal,2.0,3,quadratic,2,False,16,40,10,0.01,0.36018599554102537,0.3500824034271428,0.3480866781494253,5,1.9876725266237603,0.008057089836660768,4.1208493003830356e-10,0.004053529808728833,2.0732033296162054e-10,,,,,,,,,
8,response_tables/trial_00008_hard_negative_structure_obs-empirical_prior-axis_edge_orthogonal_rel2x.npz,axis_edge_orthogonal,2.0,3,cubic,3,False,16,40,10,0.01,0.3625192147178363,0.3514541797075653,0.34945472056232674,9,2.0266961809794495,0.03647212608610287,0.005213592431932406,0.017995852771813505,0.002572458803081581,,,,,,,,,
8,response_tables/trial_00008_hard_negative_structure_obs-empirical_prior-axis_edge_orthogonal_rel2x.npz,axis_edge_orthogonal,2.0,3,affine_linear,1,True,16,40,10,0.01,0.8298841469309682,0.8255731538611808,0.8260140995205822,3,0.046983149322241145,0.007049653133393006,4.2917579669320267e-10,0.15004641525926407,9.134674939511496e-09,,,,,,,,,
8,response_tables/trial_00008_hard_negative_structure_obs-empirical_prior-axis_edge_orthogonal_rel2x.npz,axis_edge_orthogonal,2.0,3,affine_quadratic,2,True,16,40,10,0.01,0.8315256267835271,0.8237923835494667,0.8242613357425987,6,0.16872504331034266,0.019803962672313196,0.006437223470995461,0.1173741744779818,0.03815215183649543,,,,,,,,,
9,response_tables/trial_00009_hard_negative_structure_obs-empirical_prior-axis_edge_parallel_rel0p5x.npz,axis_edge_parallel,0.5,0,linear,1,False,16,40,10,0.01,0.0008540332997071243,-0.0061583271429739295,-0.007687165911575533,2,0.011720498569547712,9.758656964128297e-09,,8.326144921414275e-07,,0.011720498569547712,9.758656964128297e-09,9.758656964128297e-09,8.326144921414275e-07,1201036.0250012805,6.079556034234399,1.1437632498877252e-10,1.0,1.0
9,response_tables/trial_00009_hard_negative_structure_obs-empirical_prior-axis_edge_parallel_rel0p5x.npz,axis_edge_parallel,0.5,0,quadratic,2,False,16,40,10,0.01,0.29182004777473247,0.18826903684403984,0.14431960649888906,5,1.141253333517398,0.005615557698291338,4.716550014369771e-09,0.004920518112296696,4.1327809311479824e-09,,,,,,,,,
9,response_tables/trial_00009_hard_negative_structure_obs-empirical_prior-axis_edge_parallel_rel0p5x.npz,axis_edge_parallel,0.5,0,cubic,3,False,16,40,10,0.01,0.30360201260757547,0.19028178239088445,0.14541466769759917,9,1.2509148147834752,0.0782209713298683,0.005533937916119656,0.06253101362734105,0.004423912684316192,,,,,,,,,
9,response_tables/trial_00009_hard_negative_structure_obs-empirical_prior-axis_edge_parallel_rel0p5x.npz,axis_edge_parallel,0.5,0,affine_linear,1,True,16,40,10,0.01,0.4912456736378573,0.4708410980695211,0.45937171404286226,3,0.020996138948683064,0.005423870074778769,3.3483910611154886e-09,0.25832702327010315,1.594765146724993e-07,,,,,,,,,
9,response_tables/trial_00009_hard_negative_structure_obs-empirical_prior-axis_edge_parallel_rel0p5x.npz,axis_edge_parallel,0.5,0,affine_quadratic,2,True,16,40,10,0.01,0.5814804968551072,0.5171954528042232,0.4934255778271871,6,0.675526485304195,0.005443490910864971,0.00351410477510512,0.00805814580077304,0.0052020236830872596,,,,,,,,,
9,response_tables/trial_00009_hard_negative_structure_obs-empirical_prior-axis_edge_parallel_rel0p5x.npz,axis_edge_parallel,0.5,1,linear,1,False,16,40,10,0.01,0.0012403225068173818,-0.006648994907667349,-0.00789924045771681,2,0.017257395139707272,5.56490566125854e-08,,3.224649847910323e-06,,0.017257395139707272,5.56490566125854e-08,5.56490566125854e-08,3.224649847910323e-06,310111.1894824898,5.491517436804332,9.603577591153261e-10,1.0,1.0
9,response_tables/trial_00009_hard_negative_structure_obs-empirical_prior-axis_edge_parallel_rel0p5x.npz,axis_edge_parallel,0.5,1,quadratic,2,False,16,40,10,0.01,0.30332928609856624,0.2435337620913779,0.22673125394742097,5,1.495219219350503,0.011553644657569436,1.7008190993234355e-08,0.007727057349214744,1.137504840301773e-08,,,,,,,,,
9,response_tables/trial_00009_hard_negative_structure_obs-empirical_prior-axis_edge_parallel_rel0p5x.npz,axis_edge_parallel,0.5,1,cubic,3,False,16,40,10,0.01,0.3090381582116841,0.24361131035011707,0.22681129530321012,9,1.5581533859955665,0.07224643801049957,0.011525532552301888,0.04636670475438362,0.0073969178232974565,,,,,,,,,
9,response_tables/trial_00009_hard_negative_structure_obs-empirical_prior-axis_edge_parallel_rel0p5x.npz,axis_edge_parallel,0.5,1,affine_linear,1,True,16,40,10,0.01,0.48604189327939706,0.4659505706685009,0.4515708179010901,3,0.025830073914558854,0.011040344960420721,1.629334875046825e-08,0.4274221203137148,6.307898616304258e-07,,,,,,,,,
9,response_tables/trial_00009_hard_negative_structure_obs-empirical_prior-axis_edge_parallel_rel0p5x.npz,axis_edge_parallel,0.5,1,affine_quadratic,2,True,16,40,10,0.01,0.5800143652882618,0.5360197531197457,0.5217099967393157,6,0.8888741366995989,0.011168133091985617,0.003440214588921922,0.01256435824924892,0.003870305644953832,,,,,,,,,
9,response_tables/trial_00009_hard_negative_structure_obs-empirical_prior-axis_edge_parallel_rel0p5x.npz,axis_edge_parallel,0.5,2,linear,1,False,16,40,10,0.01,0.0005450731410540088,-0.008699104020208903,-0.007827526812326346,2,0.010395877787164496,5.5679981971517565e-08,,5.355967347005955e-06,,0.010395877787164496,5.5679981971517565e-08,5.5679981971517565e-08,5.355967347005955e-06,186707.63565409172,5.271162079355764,5.788422877674191e-10,1.0,1.0
9,response_tables/trial_00009_hard_negative_structure_obs-empirical_prior-axis_edge_parallel_rel0p5x.npz,axis_edge_parallel,0.5,2,quadratic,2,False,16,40,10,0.01,0.3258512697639657,0.2868863425625341,0.27153311334662067,5,1.496905789564392,0.009332677882019422,2.998235615447504e-08,0.0062346461260833815,2.0029554540770445e-08,,,,,,,,,
9,response_tables/trial_00009_hard_negative_structure_obs-empirical_prior-axis_edge_parallel_rel0p5x.npz,axis_edge_parallel,0.5,2,cubic,3,False,16,40,10,0.01,0.3273910323811057,0.2839035771668368,0.2684207815440949,9,1.5108385147119192,0.054995488437858876,0.008910587085728484,0.036400639712540823,0.0058977759694109465,,,,,,,,,
9,response_tables/trial_00009_hard_negative_structure_obs-empirical_prior-axis_edge_parallel_rel0p5x.npz,axis_edge_parallel,0.5,2,affine_linear,1,True,16,40,10,0.01,0.4189844536940026,0.3972253412292789,0.38609504152217605,3,0.01954694852218381,0.008725019058896031,3.2973996618958136e-08,0.44636220579360586,1.6869127465873244e-06,,,,,,,,,
9,response_tables/trial_00009_hard_negative_structure_obs-empirical_prior-axis_edge_parallel_rel0p5x.npz,axis_edge_parallel,0.5,2,affine_quadratic,2,True,16,40,10,0.01,0.5358327477179223,0.49992932396378487,0.4864612887889658,6,0.9573404892947972,0.009677530421072365,0.002852667038183391,0.01010876540717618,0.0029797831284507172,,,,,,,,,
9,response_tables/trial_00009_hard_negative_structure_obs-empirical_prior-axis_edge_parallel_rel0p5x.npz,axis_edge_parallel,0.5,3,linear,1,False,16,40,10,0.01,0.020481218779591526,0.018709911604069873,0.015792798011179665,2,0.06030692517306554,2.1170255577511736e-09,,3.510418665312232e-08,,0.06030692517306554,2.1170255577511736e-09,2.1170255577511736e-09,3.510418665312232e-08,28486630.665492307,7.454641084903995,1.2767130190076735e-10,1.0,1.0
9,response_tables/trial_00009_hard_negative_structure_obs-empirical_prior-axis_edge_parallel_rel0p5x.npz,axis_edge_parallel,0.5,3,quadratic,2,False,16,40,10,0.01,0.38777943618908484,0.35224879709322454,0.34603648901456296,5,1.537800620782452,0.022473562018698566,7.11056848962315e-10,0.014614093475436197,4.6238559105309795e-10,,,,,,,,,
9,response_tables/trial_00009_hard_negative_structure_obs-empirical_prior-axis_edge_parallel_rel0p5x.npz,axis_edge_parallel,0.5,3,cubic,3,False,16,40,10,0.01,0.38817083652376094,0.3508849868571594,0.34437925918198964,9,1.5380190403512672,0.028765813960496846,0.010166289173060745,0.01870315854732659,0.006609989152500266,,,,,,,,,
9,response_tables/trial_00009_hard_negative_structure_obs-empirical_prior-axis_edge_parallel_rel0p5x.npz,axis_edge_parallel,0.5,3,affine_linear,1,True,16,40,10,0.01,0.49251377030969057,0.47673479672480157,0.4599319557986201,3,0.06266314823208828,0.007999776760501431,6.065833600155068e-10,0.1276631798145906,9.680065191887218e-09,,,,,,,,,
9,response_tables/trial_00009_hard_negative_structure_obs-empirical_prior-axis_edge_parallel_rel0p5x.npz,axis_edge_parallel,0.5,3,affine_quadratic,2,True,16,40,10,0.01,0.6049644036088149,0.5735366496759204,0.562784023294925,6,0.9236451259869933,0.01865849372562174,0.00245252239372808,0.020200933454484,0.002655264803251521,,,,,,,,,
9,response_tables/trial_00009_hard_negative_structure_obs-empirical_prior-axis_edge_orthogonal_rel0p5x.npz,axis_edge_orthogonal,0.5,0,linear,1,False,16,40,10,0.01,0.002334977375048286,-0.0070004442740900785,-0.008703763420142785,2,0.019608181955095606,1.0408289704963225e-08,,5.308136026480726e-07,,0.019608181955095606,1.0408289704963225e-08,1.0408289704963225e-08,5.308136026480726e-07,1883900.4784566462,6.275057956419315,2.0408763837626728e-10,1.0,1.0
9,response_tables/trial_00009_hard_negative_structure_obs-empirical_prior-axis_edge_orthogonal_rel0p5x.npz,axis_edge_orthogonal,0.5,0,quadratic,2,False,16,40,10,0.01,0.263481982437609,0.168968024197804,0.14663856425816288,5,1.0939239161726517,0.013368237340326954,4.896025963146622e-09,0.012220445263779271,4.475654925140052e-09,,,,,,,,,
9,response_tables/trial_00009_hard_negative_structure_obs-empirical_prior-axis_edge_orthogonal_rel0p5x.npz,axis_edge_orthogonal,0.5,0,cubic,3,False,16,40,10,0.01,0.2764311336388854,0.17300712084814718,0.1506157673939383,9,1.2170970288699021,0.11670564071537272,0.008758901075118465,0.09588852650781354,0.007196551193006585,,,,,,,,,
9,response_tables/trial_00009_hard_negative_structure_obs-empirical_prior-axis_edge_orthogonal_rel0p5x.npz,axis_edge_orthogonal,0.5,0,affine_linear,1,True,16,40,10,0.01,0.42109099346002543,0.4030864123519903,0.3922891493314937,3,0.02429020607454457,0.009244650050321348,3.593611288393573e-09,0.3805916681789486,1.47944866229833e-07,,,,,,,,,
9,response_tables/trial_00009_hard_negative_structure_obs-empirical_prior-axis_edge_orthogonal_rel0p5x.npz,axis_edge_orthogonal,0.5,0,affine_quadratic,2,True,16,40,10,0.01,0.5061108047984034,0.447294990982238,0.43145796059283165,6,0.6634419536098163,0.013778332112633544,0.0036754029167500465,0.020767954208601138,0.0055399012630299015,,,,,,,,,
9,response_tables/trial_00009_hard_negative_structure_obs-empirical_prior-axis_edge_orthogonal_rel0p5x.npz,axis_edge_orthogonal,0.5,1,linear,1,False,16,40,10,0.01,0.0022559055469026923,-0.0063523290459825965,-0.007331162803377839,2,0.02274451075439147,5.355193288190523e-08,,2.3544992222602776e-06,,0.02274451075439147,5.355193288190523e-08,5.355193288190523e-08,2.3544992222602776e-06,424718.7642049921,5.628101448677672,1.2180125133509436e-09,1.0,1.0
9,response_tables/trial_00009_hard_negative_structure_obs-empirical_prior-axis_edge_orthogonal_rel0p5x.npz,axis_edge_orthogonal,0.5,1,quadratic,2,False,16,40,10,0.01,0.29254740512201394,0.23550314190681754,0.22599278784357882,5,1.432403441217629,0.017668974339713213,1.5206212860680324e-08,0.01233519400420703,1.0615872891057934e-08,,,,,,,,,
9,response_tables/trial_00009_hard_negative_structure_obs-empirical_prior-axis_edge_orthogonal_rel0p5x.npz,axis_edge_orthogonal,0.5,1,cubic,3,False,16,40,10,0.01,0.29899648404416546,0.23637829228626717,0.22702659328290883,9,1.499490510621542,0.11870243725247072,0.010714272789310583,0.07916184624820888,0.00714527548751842,,,,,,,,,
9,response_tables/trial_00009_hard_negative_structure_obs-empirical_prior-axis_edge_orthogonal_rel0p5x.npz,axis_edge_orthogonal,0.5,1,affine_linear,1,True,16,40,10,0.01,0.42855390781569835,0.4105571673807379,0.39861862523590097,3,0.027434405162220923,0.013312409265874028,1.287155605584013e-08,0.4852450485861505,4.6917569306606123e-07,,,,,,,,,
9,response_tables/trial_00009_hard_negative_structure_obs-empirical_prior-axis_edge_orthogonal_rel0p5x.npz,axis_edge_orthogonal,0.5,1,affine_quadratic,2,True,16,40,10,0.01,0.5254586100380945,0.48510142433688974,0.47445828494848136,6,0.8820862775932632,0.017501212496707205,0.0041137889537458385,0.01984070372850438,0.004663703606148534,,,,,,,,,
9,response_tables/trial_00009_hard_negative_structure_obs-empirical_prior-axis_edge_orthogonal_rel0p5x.npz,axis_edge_orthogonal,0.5,2,linear,1,False,16,40,10,0.01,0.0011031736957566318,-0.006102597555596612,-0.0058325678634428835,2,0.01622479564115864,4.9618482346166804e-08,,3.0581884322965477e-06,,0.01622479564115864,4.9618482346166804e-08,4.9618482346166804e-08,3.0581884322965477e-06,326990.9693723645,5.514535758758431,8.050497360909941e-10,1.0,1.0
9,response_tables/trial_00009_hard_negative_structure_obs-empirical_prior-axis_edge_orthogonal_rel0p5x.npz,axis_edge_orthogonal,0.5,2,quadratic,2,False,16,40,10,0.01,0.28926004916922743,0.25797356569650187,0.2583933161232994,5,1.545560275195058,0.015707984717591127,2.759671682208794e-08,0.010163294806220803,1.7855477566932863e-08,,,,,,,,,
9,response_tables/trial_00009_hard_negative_structure_obs-empirical_prior-axis_edge_orthogonal_rel0p5x.npz,axis_edge_orthogonal,0.5,2,cubic,3,False,16,40,10,0.01,0.2911402638913938,0.2557604122524111,0.25657709280658003,9,1.5633427721102384,0.0976643222588286,0.0077955518562760565,0.06247147074918119,0.00498646361843822,,,,,,,,,
9,response_tables/trial_00009_hard_negative_structure_obs-empirical_prior-axis_edge_orthogonal_rel0p5x.npz,axis_edge_orthogonal,0.5,2,affine_linear,1,True,16,40,10,0.01,0.43711857077043503,0.4159658570673678,0.40132745776499523,3,0.021556218670405282,0.015416275168424951,3.144650134420883e-08,0.7151660225821558,1.4588134322176832e-06,,,,,,,,,
9,response_tables/trial_00009_hard_negative_structure_obs-empirical_prior-axis_edge_orthogonal_rel0p5x.npz,axis_edge_orthogonal,0.5,2,affine_quadratic,2,True,16,40,10,0.01,0.5273994721929192,0.49269795804538197,0.4840823608169901,6,0.923208527200863,0.015626390776273057,0.00432608508922848,0.01692617682340061,0.004685924102483134,,,,,,,,,
9,response_tables/trial_00009_hard_negative_structure_obs-empirical_prior-axis_edge_orthogonal_rel0p5x.npz,axis_edge_orthogonal,0.5,3,linear,1,False,16,40,10,0.01,0.01971134635871341,0.017126669770210934,0.01348474082841522,2,0.05510133169569266,1.940046848113787e-09,,3.5208710722783545e-08,,0.05510133169569266,1.940046848113787e-09,1.940046848113787e-09,3.5208710722783545e-08,28402062.429195974,7.453349877691314,1.0689916488310086e-10,1.0,1.0
9,response_tables/trial_00009_hard_negative_structure_obs-empirical_prior-axis_edge_orthogonal_rel0p5x.npz,axis_edge_orthogonal,0.5,3,quadratic,2,False,16,40,10,0.01,0.3407026471628374,0.30755085789168213,0.3135662523820043,5,1.3388989578716715,0.015317779187815522,1.5299393306377824e-09,0.011440578915801707,1.1426846825467627e-09,,,,,,,,,
9,response_tables/trial_00009_hard_negative_structure_obs-empirical_prior-axis_edge_orthogonal_rel0p5x.npz,axis_edge_orthogonal,0.5,3,cubic,3,False,16,40,10,0.01,0.3409335015093077,0.3063254924642752,0.31223275372218895,9,1.3385388858302958,0.020176968415096735,0.013754069845071113,0.015073875423933581,0.010275435395019893,,,,,,,,,
9,response_tables/trial_00009_hard_negative_structure_obs-empirical_prior-axis_edge_orthogonal_rel0p5x.npz,axis_edge_orthogonal,0.5,3,affine_linear,1,True,16,40,10,0.01,0.4786987828996222,0.46648001871930145,0.45271217597549085,3,0.057490073727438175,0.00542314654904907,1.2793526971100118e-09,0.09433187674728578,2.2253453755781456e-08,,,,,,,,,
9,response_tables/trial_00009_hard_negative_structure_obs-empirical_prior-axis_edge_orthogonal_rel0p5x.npz,axis_edge_orthogonal,0.5,3,affine_quadratic,2,True,16,40,10,0.01,0.5658879168883607,0.5365024354819206,0.5329477708154734,6,0.7576836379332206,0.013007413973227697,0.002570913798632593,0.017167341779622966,0.003393123026446011,,,,,,,,,
10,response_tables/trial_00010_hard_negative_structure_obs-empirical_prior-axis_edge_parallel_rel1x.npz,axis_edge_parallel,1.0,0,linear,1,False,16,40,10,0.01,0.00031439877769878777,-0.0003802699234822793,-0.0003052036965922045,2,0.008631224824186847,2.714224070870141e-08,,3.144656901143633e-06,,0.008631224824186847,2.714224070870141e-08,2.714224070870141e-08,3.144656901143633e-06,317999.71552900574,5.502426731480538,2.342707817889984e-10,1.0,1.0
10,response_tables/trial_00010_hard_negative_structure_obs-empirical_prior-axis_edge_parallel_rel1x.npz,axis_edge_parallel,1.0,0,quadratic,2,False,16,40,10,0.01,0.2952791558200605,0.26345180335352547,0.24815456343278458,5,1.5670501654682594,0.007786934955078241,2.5941618991923105e-09,0.00496916762888148,1.6554427907654978e-09,,,,,,,,,
10,response_tables/trial_00010_hard_negative_structure_obs-empirical_prior-axis_edge_parallel_rel1x.npz,axis_edge_parallel,1.0,0,cubic,3,False,16,40,10,0.01,0.2953726437735279,0.2628766484596843,0.24744929985193825,9,1.5675327336210019,0.0439863718459463,0.0041843859471876335,0.02806089525437708,0.002669408974651329,,,,,,,,,
10,response_tables/trial_00010_hard_negative_structure_obs-empirical_prior-axis_edge_parallel_rel1x.npz,axis_edge_parallel,1.0,0,affine_linear,1,True,16,40,10,0.01,0.679237525223908,0.6668327974532822,0.6568511204856267,3,0.026540338008002977,0.007075156122001961,3.426780999054344e-09,0.2665812364510398,1.2911595165144588e-07,,,,,,,,,
10,response_tables/trial_00010_hard_negative_structure_obs-empirical_prior-axis_edge_parallel_rel1x.npz,axis_edge_parallel,1.0,0,affine_quadratic,2,True,16,40,10,0.01,0.7253338912968053,0.7061594657368064,0.6964397490539416,6,0.670146098279356,0.013336976533130398,0.001396309112066657,0.01990159543922431,0.002083589109377451,,,,,,,,,
10,response_tables/trial_00010_hard_negative_structure_obs-empirical_prior-axis_edge_parallel_rel1x.npz,axis_edge_parallel,1.0,1,linear,1,False,16,40,10,0.01,0.0007570955118028078,0.00022769820646084682,0.0004463444841437958,2,0.017066097325905794,6.273507262084423e-08,,3.6760057922331415e-06,,0.017066097325905794,6.273507262084423e-08,6.273507262084423e-08,3.6760057922331415e-06,272034.3918153917,5.434623812973383,1.0706428550950955e-09,1.0,1.0
10,response_tables/trial_00010_hard_negative_structure_obs-empirical_prior-axis_edge_parallel_rel1x.npz,axis_edge_parallel,1.0,1,quadratic,2,False,16,40,10,0.01,0.2268291906947375,0.20114243072123572,0.202117532822842,5,1.5990050067613342,0.008281938047682258,1.6133979512316924e-08,0.00517943221732414,1.0090011878696428e-08,,,,,,,,,
10,response_tables/trial_00010_hard_negative_structure_obs-empirical_prior-axis_edge_parallel_rel1x.npz,axis_edge_parallel,1.0,1,cubic,3,False,16,40,10,0.01,0.22965669875686068,0.2030553082731008,0.2038043238933137,9,1.652771841341606,0.04994080085148994,0.005013024564956808,0.03021639139916097,0.003033101387356395,,,,,,,,,
10,response_tables/trial_00010_hard_negative_structure_obs-empirical_prior-axis_edge_parallel_rel1x.npz,axis_edge_parallel,1.0,1,affine_linear,1,True,16,40,10,0.01,0.688330432447062,0.6781954439295468,0.6690126631763827,3,0.0368674983149202,0.007071465123935899,2.7165329811288823e-08,0.1918075662072816,7.368368089216151e-07,,,,,,,,,
10,response_tables/trial_00010_hard_negative_structure_obs-empirical_prior-axis_edge_parallel_rel1x.npz,axis_edge_parallel,1.0,1,affine_quadratic,2,True,16,40,10,0.01,0.7213955039392652,0.7088773118753189,0.7003978138842619,6,0.6506324017737292,0.013679103506831596,0.006359912937085464,0.021024319522882886,0.009774971120016945,,,,,,,,,
10,response_tables/trial_00010_hard_negative_structure_obs-empirical_prior-axis_edge_parallel_rel1x.npz,axis_edge_parallel,1.0,2,linear,1,False,16,40,10,0.01,0.00044896734022414897,-0.00261737953239094,-0.003002875518099135,2,0.01093151907019038,1.4046434518880345e-07,,1.2849480871495855e-05,,0.01093151907019038,1.4046434518880345e-07,1.4046434518880345e-07,1.2849480871495855e-05,77824.15569941903,4.891114417795641,1.5354886681132092e-09,1.0,1.0
10,response_tables/trial_00010_hard_negative_structure_obs-empirical_prior-axis_edge_parallel_rel1x.npz,axis_edge_parallel,1.0,2,quadratic,2,False,16,40,10,0.01,0.2283529773802654,0.19919102367994346,0.199080683386456,5,1.4276690047745653,0.01020624514391835,2.288650462232849e-08,0.007148887529101998,1.603067976245822e-08,,,,,,,,,
10,response_tables/trial_00010_hard_negative_structure_obs-empirical_prior-axis_edge_parallel_rel1x.npz,axis_edge_parallel,1.0,2,cubic,3,False,16,40,10,0.01,0.2315278222968904,0.20101865766799565,0.2007246171356575,9,1.4753545347285988,0.04570492760054338,0.009092875999443315,0.030978945415958005,0.006163180296941988,,,,,,,,,
10,response_tables/trial_00010_hard_negative_structure_obs-empirical_prior-axis_edge_parallel_rel1x.npz,axis_edge_parallel,1.0,2,affine_linear,1,True,16,40,10,0.01,0.6114254909642165,0.5954956017130784,0.5840941256149094,3,0.026395816213605153,0.010492137916227818,2.8325904801400947e-08,0.3974924598398996,1.0731210041840256e-06,,,,,,,,,
10,response_tables/trial_00010_hard_negative_structure_obs-empirical_prior-axis_edge_parallel_rel1x.npz,axis_edge_parallel,1.0,2,affine_quadratic,2,True,16,40,10,0.01,0.6481615679544108,0.6297087498279842,0.6186648471783152,6,0.6104958516326563,0.011984171295630666,0.002622901623802233,0.01963022560035626,0.00429634634991831,,,,,,,,,
10,response_tables/trial_00010_hard_negative_structure_obs-empirical_prior-axis_edge_parallel_rel1x.npz,axis_edge_parallel,1.0,3,linear,1,False,16,40,10,0.01,0.00039378703739278986,-0.000513481636033708,-0.0004473246307195866,2,0.00952224710307177,1.3747131977058968e-09,,1.4436857002612648e-07,,0.00952224710307177,1.3747131977058968e-09,1.3747131977058968e-09,1.4436857002612648e-07,6926715.418868728,6.8405273452008934,1.3090358764409505e-11,1.0,1.0
10,response_tables/trial_00010_hard_negative_structure_obs-empirical_prior-axis_edge_parallel_rel1x.npz,axis_edge_parallel,1.0,3,quadratic,2,False,16,40,10,0.01,0.26981404080468163,0.23680004130507115,0.21992174787840987,5,1.4776271575271624,0.006694496425719164,8.016397785810415e-10,0.004530572134937296,5.425183034146457e-10,,,,,,,,,
10,response_tables/trial_00010_hard_negative_structure_obs-empirical_prior-axis_edge_parallel_rel1x.npz,axis_edge_parallel,1.0,3,cubic,3,False,16,40,10,0.01,0.2700509000608795,0.23647617179101266,0.21950340741110883,9,1.4801158295029402,0.03643849906149721,0.00451993956228049,0.024618680737800207,0.0030537742196827923,,,,,,,,,
10,response_tables/trial_00010_hard_negative_structure_obs-empirical_prior-axis_edge_parallel_rel1x.npz,axis_edge_parallel,1.0,3,affine_linear,1,True,16,40,10,0.01,0.6378452237842277,0.6235464228176137,0.6109280890106095,3,0.02605294205508808,0.0056829210139838675,8.090109510488171e-10,0.21812972223895175,3.105257553401034e-08,,,,,,,,,
10,response_tables/trial_00010_hard_negative_structure_obs-empirical_prior-axis_edge_parallel_rel1x.npz,axis_edge_parallel,1.0,3,affine_quadratic,2,True,16,40,10,0.01,0.678237104914726,0.6553597476375058,0.643338834242125,6,0.6196409676612995,0.013293555502274968,0.0039695909981575725,0.0214536420218447,0.0064062759006073035,,,,,,,,,
10,response_tables/trial_00010_hard_negative_structure_obs-empirical_prior-axis_edge_orthogonal_rel1x.npz,axis_edge_orthogonal,1.0,0,linear,1,False,16,40,10,0.01,0.0010183222326772823,-0.0003968786463866003,-0.000202287060940054,2,0.015545169517634086,2.995297003286948e-08,,1.9268345706292563e-06,,0.015545169517634086,2.995297003286948e-08,2.995297003286948e-08,1.9268345706292563e-06,518985.9136030681,5.715155570319595,4.6562399671756987e-10,1.0,1.0
10,response_tables/trial_00010_hard_negative_structure_obs-empirical_prior-axis_edge_orthogonal_rel1x.npz,axis_edge_orthogonal,1.0,0,quadratic,2,False,16,40,10,0.01,0.2786426559466354,0.24531762603722473,0.23416954206984836,5,1.5214321179759889,0.014881219161983652,3.18207150189391e-09,0.0097810602169886,2.091497520196382e-09,,,,,,,,,
10,response_tables/trial_00010_hard_negative_structure_obs-empirical_prior-axis_edge_orthogonal_rel1x.npz,axis_edge_orthogonal,1.0,0,cubic,3,False,16,40,10,0.01,0.27886275134531757,0.24501116656806987,0.23381475004497942,9,1.522090766373472,0.07491348337158041,0.007451486719562712,0.04921748756814878,0.004895560031098932,,,,,,,,,
10,response_tables/trial_00010_hard_negative_structure_obs-empirical_prior-axis_edge_orthogonal_rel1x.npz,axis_edge_orthogonal,1.0,0,affine_linear,1,True,16,40,10,0.01,0.603656319767073,0.5891555558173793,0.5784994058014633,3,0.02593198789479814,0.013176707768296264,3.949675186219046e-09,0.508125633165958,1.523090016177023e-07,,,,,,,,,
10,response_tables/trial_00010_hard_negative_structure_obs-empirical_prior-axis_edge_orthogonal_rel1x.npz,axis_edge_orthogonal,1.0,0,affine_quadratic,2,True,16,40,10,0.01,0.6551013568885831,0.63148910182465,0.6211539456120712,6,0.7083361308028215,0.019277826276442634,0.004061668944055651,0.02721564725858799,0.005734098216128258,,,,,,,,,
10,response_tables/trial_00010_hard_negative_structure_obs-empirical_prior-axis_edge_orthogonal_rel1x.npz,axis_edge_orthogonal,1.0,1,linear,1,False,16,40,10,0.01,0.0018728362328561676,0.0013568271196835457,0.001816689637252622,2,0.026447282891339144,7.587629244738068e-08,,2.86896361940562e-06,,0.026447282891339144,7.587629244738068e-08,7.587629244738068e-08,2.86896361940562e-06,348557.92288058915,5.542274958896408,2.0067217711018568e-09,1.0,1.0
10,response_tables/trial_00010_hard_negative_structure_obs-empirical_prior-axis_edge_orthogonal_rel1x.npz,axis_edge_orthogonal,1.0,1,quadratic,2,False,16,40,10,0.01,0.23289264663729914,0.20704930610475814,0.20879088543104318,5,1.5928553791197753,0.01898699782840166,1.377130326990954e-08,0.011920101521642239,8.64567081885342e-09,,,,,,,,,
10,response_tables/trial_00010_hard_negative_structure_obs-empirical_prior-axis_edge_orthogonal_rel1x.npz,axis_edge_orthogonal,1.0,1,cubic,3,False,16,40,10,0.01,0.23564800419988008,0.20895375537271776,0.2104295964851584,9,1.6428886045274436,0.07887658762216636,0.006728767499574736,0.048010916506937625,0.004095693086574291,,,,,,,,,
10,response_tables/trial_00010_hard_negative_structure_obs-empirical_prior-axis_edge_orthogonal_rel1x.npz,axis_edge_orthogonal,1.0,1,affine_linear,1,True,16,40,10,0.01,0.6290288247541851,0.6171260830175649,0.6035218425173955,3,0.03845517663495525,0.01451364745778196,2.4530745136795223e-08,0.37741726154468486,6.379048878037684e-07,,,,,,,,,
10,response_tables/trial_00010_hard_negative_structure_obs-empirical_prior-axis_edge_orthogonal_rel1x.npz,axis_edge_orthogonal,1.0,1,affine_quadratic,2,True,16,40,10,0.01,0.6702641500779318,0.6546409039078374,0.6428611182925861,6,0.7157352280978195,0.02253482613238037,0.00751013711653684,0.03148486374251867,0.010492898521281713,,,,,,,,,
10,response_tables/trial_00010_hard_negative_structure_obs-empirical_prior-axis_edge_orthogonal_rel1x.npz,axis_edge_orthogonal,1.0,2,linear,1,False,16,40,10,0.01,0.0015072266398447054,-0.00038767397261851855,-0.0005002671052416474,2,0.022472147259705255,2.0934362262117177e-07,,9.315692897605083e-06,,0.022472147259705255,2.0934362262117177e-07,2.0934362262117177e-07,9.315692897605083e-06,107345.74561352105,5.030784836912138,4.704400715423136e-09,1.0,1.0
10,response_tables/trial_00010_hard_negative_structure_obs-empirical_prior-axis_edge_orthogonal_rel1x.npz,axis_edge_orthogonal,1.0,2,quadratic,2,False,16,40,10,0.01,0.21960957392710934,0.1904359908130827,0.19149444409342303,5,1.5671422606122114,0.02245082230557955,2.3992102629262262e-08,0.014325963168659004,1.530946055904946e-08,,,,,,,,,
10,response_tables/trial_00010_hard_negative_structure_obs-empirical_prior-axis_edge_orthogonal_rel1x.npz,axis_edge_orthogonal,1.0,2,cubic,3,False,16,40,10,0.01,0.22296620635742082,0.19236368338177923,0.19326020519573917,9,1.6240744289189453,0.05793682473203577,0.02168245644159064,0.03567374973732026,0.013350654413063708,,,,,,,,,
10,response_tables/trial_00010_hard_negative_structure_obs-empirical_prior-axis_edge_orthogonal_rel1x.npz,axis_edge_orthogonal,1.0,2,affine_linear,1,True,16,40,10,0.01,0.6201809361194188,0.6084298236398107,0.6011976618164112,3,0.02988268195191814,0.022093979070585735,3.74438692018435e-08,0.7393573008652774,1.2530290708876623e-06,,,,,,,,,
10,response_tables/trial_00010_hard_negative_structure_obs-empirical_prior-axis_edge_orthogonal_rel1x.npz,axis_edge_orthogonal,1.0,2,affine_quadratic,2,True,16,40,10,0.01,0.6532391784865755,0.6385931174655863,0.6315785072300388,6,0.6498360720920862,0.024036085754354862,0.005998539058157979,0.03698792170304265,0.00923084961849878,,,,,,,,,
10,response_tables/trial_00010_hard_negative_structure_obs-empirical_prior-axis_edge_orthogonal_rel1x.npz,axis_edge_orthogonal,1.0,3,linear,1,False,16,40,10,0.01,0.0008662118744068303,-0.0003457697532183168,-0.00036224478706170515,2,0.012585208732829261,1.092522232155162e-09,,8.681002082271811e-08,,0.012585208732829261,1.092522232155162e-09,1.092522232155162e-09,8.681002082271811e-08,11519407.443089804,7.061430139606718,1.3749620336929263e-11,1.0,1.0
10,response_tables/trial_00010_hard_negative_structure_obs-empirical_prior-axis_edge_orthogonal_rel1x.npz,axis_edge_orthogonal,1.0,3,quadratic,2,False,16,40,10,0.01,0.24743330678786635,0.2134821873701862,0.20164268099683,5,1.2596229165584176,0.012079124493306595,7.231860339945555e-10,0.00958947660805471,5.741289908971074e-10,,,,,,,,,
10,response_tables/trial_00010_hard_negative_structure_obs-empirical_prior-axis_edge_orthogonal_rel1x.npz,axis_edge_orthogonal,1.0,3,cubic,3,False,16,40,10,0.01,0.24777448127954993,0.2132424575859838,0.20135549494568894,9,1.2612530322231135,0.0714607023076338,0.006598052940439697,0.05665849792382701,0.0052313475344513685,,,,,,,,,
10,response_tables/trial_00010_hard_negative_structure_obs-empirical_prior-axis_edge_orthogonal_rel1x.npz,axis_edge_orthogonal,1.0,3,affine_linear,1,True,16,40,10,0.01,0.6353685232122812,0.6216801719727475,0.613400545196614,3,0.02306477315668991,0.010806082726161322,7.173577668745144e-10,0.46851025382953004,3.110187826262864e-08,,,,,,,,,
10,response_tables/trial_00010_hard_negative_structure_obs-empirical_prior-axis_edge_orthogonal_rel1x.npz,axis_edge_orthogonal,1.0,3,affine_quadratic,2,True,16,40,10,0.01,0.6724191343812205,0.6496620174753267,0.6412836162199655,6,0.5286810851326728,0.018034856578816677,0.0053963115747287915,0.03411292192208999,0.010207120561868758,,,,,,,,,
11,response_tables/trial_00011_hard_negative_structure_obs-empirical_prior-axis_edge_parallel_rel2x.npz,axis_edge_parallel,2.0,0,linear,1,False,16,40,10,0.01,0.006150766786975015,0.004209523176208929,0.004592537121898721,2,0.03682646435326619,7.369036461848616e-09,,2.0010165491749266e-07,,0.03682646435326619,7.369036461848616e-09,7.369036461848616e-09,2.0010165491749266e-07,4997459.918121752,6.698749319566872,2.7137555858018684e-10,1.0,1.0
11,response_tables/trial_00011_hard_negative_structure_obs-empirical_prior-axis_edge_parallel_rel2x.npz,axis_edge_parallel,2.0,0,quadratic,2,False,16,40,10,0.01,0.32915248706661737,0.3185404394866198,0.3205781139096543,5,1.629789292037537,0.0105940714635419,7.403521228041997e-09,0.006500270627190928,4.542624782364493e-09,,,,,,,,,
11,response_tables/trial_00011_hard_negative_structure_obs-empirical_prior-axis_edge_parallel_rel2x.npz,axis_edge_parallel,2.0,0,cubic,3,False,16,40,10,0.01,0.3299436053267176,0.31849743765096883,0.3206497431294284,9,1.6417574971562516,0.05755627250436185,0.010509231891185373,0.03505771869722366,0.006401208405863106,,,,,,,,,
11,response_tables/trial_00011_hard_negative_structure_obs-empirical_prior-axis_edge_parallel_rel2x.npz,axis_edge_parallel,2.0,0,affine_linear,1,True,16,40,10,0.01,0.8454223689117876,0.8396482653030082,0.8409398464268596,3,0.05219980789462558,0.008014450606688095,7.3400963817248e-09,0.15353410155965824,1.4061539070300919e-07,,,,,,,,,
11,response_tables/trial_00011_hard_negative_structure_obs-empirical_prior-axis_edge_parallel_rel2x.npz,axis_edge_parallel,2.0,0,affine_quadratic,2,True,16,40,10,0.01,0.8491580524285567,0.8415687957290299,0.8434280060722481,6,0.21131944432631375,0.028716299430656955,0.007945594846588263,0.135890473885186,0.03759992305449607,,,,,,,,,
11,response_tables/trial_00011_hard_negative_structure_obs-empirical_prior-axis_edge_parallel_rel2x.npz,axis_edge_parallel,2.0,1,linear,1,False,16,40,10,0.01,0.006077123948349916,0.004158381978237702,0.004854462524560399,2,0.044414526408209164,3.8416462321087055e-08,,8.649526501308481e-07,,0.044414526408209164,3.8416462321087055e-08,3.8416462321087055e-08,8.649526501308481e-07,1156132.6505545964,6.063007666349915,1.7062489802698933e-09,1.0,1.0
11,response_tables/trial_00011_hard_negative_structure_obs-empirical_prior-axis_edge_parallel_rel2x.npz,axis_edge_parallel,2.0,1,quadratic,2,False,16,40,10,0.01,0.3138529172009593,0.30212237990330326,0.30443605707987564,5,1.9622700581527646,0.01641423059304529,2.4473854806857458e-08,0.008364919255047525,1.2472215384001005e-08,,,,,,,,,
11,response_tables/trial_00011_hard_negative_structure_obs-empirical_prior-axis_edge_parallel_rel2x.npz,axis_edge_parallel,2.0,1,cubic,3,False,16,40,10,0.01,0.31436892560269614,0.30171204782957195,0.3041580377985961,9,1.972004505631187,0.04464856455993883,0.016406748723288046,0.022641208188136464,0.008319833284577955,,,,,,,,,
11,response_tables/trial_00011_hard_negative_structure_obs-empirical_prior-axis_edge_parallel_rel2x.npz,axis_edge_parallel,2.0,1,affine_linear,1,True,16,40,10,0.01,0.8400056567548979,0.833458390750495,0.8333565205512533,3,0.06247557044841897,0.01286302475896893,1.9517259452225483e-08,0.2058888725087975,3.1239825922580903e-07,,,,,,,,,
11,response_tables/trial_00011_hard_negative_structure_obs-empirical_prior-axis_edge_parallel_rel2x.npz,axis_edge_parallel,2.0,1,affine_quadratic,2,True,16,40,10,0.01,0.8436781640127797,0.833841247360425,0.8343682965573697,6,0.2558899641193461,0.04182931376804215,0.012165089734447727,0.16346601912270822,0.047540315917876226,,,,,,,,,
11,response_tables/trial_00011_hard_negative_structure_obs-empirical_prior-axis_edge_parallel_rel2x.npz,axis_edge_parallel,2.0,2,linear,1,False,16,40,10,0.01,0.000471204117108992,-0.002783822575914696,-0.003192549688475571,2,0.01061203094818606,6.883301729305323e-08,,6.486318936416127e-06,,0.01061203094818606,6.883301729305323e-08,6.883301729305323e-08,6.486318936416127e-06,154170.64899255912,5.188001700602889,7.304581097709072e-10,1.0,1.0
11,response_tables/trial_00011_hard_negative_structure_obs-empirical_prior-axis_edge_parallel_rel2x.npz,axis_edge_parallel,2.0,2,quadratic,2,False,16,40,10,0.01,0.33044799719780604,0.31897466373521355,0.3208317786050545,5,1.8599169674773381,0.010290637040227668,4.8683659669691004e-08,0.0055328475518910784,2.6175179064967684e-08,,,,,,,,,
11,response_tables/trial_00011_hard_negative_structure_obs-empirical_prior-axis_edge_parallel_rel2x.npz,axis_edge_parallel,2.0,2,cubic,3,False,16,40,10,0.01,0.3319339718788775,0.3197403388601826,0.32149734402574737,9,1.8843065811025765,0.034294467760850676,0.010085933243222763,0.018200046693454593,0.005352596729413913,,,,,,,,,
11,response_tables/trial_00011_hard_negative_structure_obs-empirical_prior-axis_edge_parallel_rel2x.npz,axis_edge_parallel,2.0,2,affine_linear,1,True,16,40,10,0.01,0.7978663524717609,0.7862934935487383,0.7811692210741812,3,0.0384859559244066,0.010347012209931587,4.529119069004097e-08,0.26885163591246103,1.1768238465740874e-06,,,,,,,,,
11,response_tables/trial_00011_hard_negative_structure_obs-empirical_prior-axis_edge_parallel_rel2x.npz,axis_edge_parallel,2.0,2,affine_quadratic,2,True,16,40,10,0.01,0.8041438094924906,0.7899338739376424,0.7859237417619667,6,0.30448822014841687,0.02324911682270423,0.00910739588711006,0.07635473323523617,0.02991050321313198,,,,,,,,,
11,response_tables/trial_00011_hard_negative_structure_obs-empirical_prior-axis_edge_parallel_rel2x.npz,axis_edge_parallel,2.0,3,linear,1,False,16,40,10,0.01,0.0063968810115278,0.004370020658204354,0.004847302582882074,2,0.03744287422593187,4.900926118028138e-09,,1.3089075610103392e-07,,0.03744287422593187,4.900926118028138e-09,4.900926118028138e-09,1.3089075610103392e-07,7639958.922905945,6.883091023549088,1.835047602279121e-10,1.0,1.0
11,response_tables/trial_00011_hard_negative_structure_obs-empirical_prior-axis_edge_parallel_rel2x.npz,axis_edge_parallel,2.0,3,quadratic,2,False,16,40,10,0.01,0.30417539189191956,0.2917313419214226,0.2954085766446699,5,1.5594259545765532,0.014923456974458032,1.2180286271048547e-09,0.009569840062403186,7.810749997652812e-10,,,,,,,,,
11,response_tables/trial_00011_hard_negative_structure_obs-empirical_prior-axis_edge_parallel_rel2x.npz,axis_edge_parallel,2.0,3,cubic,3,False,16,40,10,0.01,0.30480030930926016,0.2912140252749894,0.295048413383938,9,1.5698290331818083,0.039391206696664016,0.01144548546189661,0.02509267306441896,0.007290912080214445,,,,,,,,,
11,response_tables/trial_00011_hard_negative_structure_obs-empirical_prior-axis_edge_parallel_rel2x.npz,axis_edge_parallel,2.0,3,affine_linear,1,True,16,40,10,0.01,0.8331272467982204,0.8263460289296076,0.8269005991268465,3,0.05160402224998355,0.011914433992105771,7.954983468744772e-10,0.2308818861907527,1.541543298739142e-08,,,,,,,,,
11,response_tables/trial_00011_hard_negative_structure_obs-empirical_prior-axis_edge_parallel_rel2x.npz,axis_edge_parallel,2.0,3,affine_quadratic,2,True,16,40,10,0.01,0.8353347305766269,0.8253027882471942,0.8263454964852106,6,0.16227784420967722,0.039823364324576914,0.008777497303210185,0.24540235001594937,0.05408931420033463,,,,,,,,,
11,response_tables/trial_00011_hard_negative_structure_obs-empirical_prior-axis_edge_orthogonal_rel2x.npz,axis_edge_orthogonal,2.0,0,linear,1,False,16,40,10,0.01,0.007581345914495885,0.0044831741715416484,0.005492377082729372,2,0.038532927503337644,1.031847396171124e-08,,2.677832864066057e-07,,0.038532927503337644,1.031847396171124e-08,1.031847396171124e-08,2.677832864066057e-07,3734363.012042457,6.572216532805344,3.976010091116964e-10,1.0,1.0
11,response_tables/trial_00011_hard_negative_structure_obs-empirical_prior-axis_edge_orthogonal_rel2x.npz,axis_edge_orthogonal,2.0,0,quadratic,2,False,16,40,10,0.01,0.2984375408211586,0.2848432518452406,0.29010828548955425,5,1.4576240693906812,0.018926388437967213,9.473145758117794e-09,0.01298440992805426,6.499032197017559e-09,,,,,,,,,
11,response_tables/trial_00011_hard_negative_structure_obs-empirical_prior-axis_edge_orthogonal_rel2x.npz,axis_edge_orthogonal,2.0,0,cubic,3,False,16,40,10,0.01,0.29934134552971525,0.2847658029933481,0.2901896658958618,9,1.4688473489830547,0.09985951892017762,0.015841931960456815,0.0679849536368191,0.01078528137823502,,,,,,,,,
11,response_tables/trial_00011_hard_negative_structure_obs-empirical_prior-axis_edge_orthogonal_rel2x.npz,axis_edge_orthogonal,2.0,0,affine_linear,1,True,16,40,10,0.01,0.776769771084666,0.7684757832358293,0.7696889621985125,3,0.0500016449931821,0.012290657201816952,1.0028065644791013e-08,0.2458050570834785,2.0055471467305477e-07,,,,,,,,,
11,response_tables/trial_00011_hard_negative_structure_obs-empirical_prior-axis_edge_orthogonal_rel2x.npz,axis_edge_orthogonal,2.0,0,affine_quadratic,2,True,16,40,10,0.01,0.7829465627641904,0.7708768363058063,0.7728502269169024,6,0.2516937863114991,0.04493127869794805,0.011670315362742358,0.17851564536575643,0.04636711749530059,,,,,,,,,
11,response_tables/trial_00011_hard_negative_structure_obs-empirical_prior-axis_edge_orthogonal_rel2x.npz,axis_edge_orthogonal,2.0,1,linear,1,False,16,40,10,0.01,0.008196895032622442,0.005840405049334252,0.0070682440514167055,2,0.05017132268564937,2.9711780599588902e-08,,5.922064440228011e-07,,0.05017132268564937,2.9711780599588902e-08,2.9711780599588902e-08,5.922064440228011e-07,1688600.33539503,6.227526871198125,1.4906793320271916e-09,1.0,1.0
11,response_tables/trial_00011_hard_negative_structure_obs-empirical_prior-axis_edge_orthogonal_rel2x.npz,axis_edge_orthogonal,2.0,1,quadratic,2,False,16,40,10,0.01,0.2934070947177362,0.2823045826032431,0.2861569895816887,5,1.8373623308751679,0.028212932501556928,2.7196440867369357e-08,0.01535512730802455,1.4801893132540284e-08,,,,,,,,,
11,response_tables/trial_00011_hard_negative_structure_obs-empirical_prior-axis_edge_orthogonal_rel2x.npz,axis_edge_orthogonal,2.0,1,cubic,3,False,16,40,10,0.01,0.2942717838218736,0.28230452620777124,0.28631529316448107,9,1.8509987779211825,0.11551192772396432,0.019960026319567274,0.06240518854026112,0.010783381684337985,,,,,,,,,
11,response_tables/trial_00011_hard_negative_structure_obs-empirical_prior-axis_edge_orthogonal_rel2x.npz,axis_edge_orthogonal,2.0,1,affine_linear,1,True,16,40,10,0.01,0.799402309057664,0.7905028529186037,0.7900791582824841,3,0.06373404471816785,0.018342616570887236,2.409031011300715e-08,0.2877993488723075,3.779818183442551e-07,,,,,,,,,
11,response_tables/trial_00011_hard_negative_structure_obs-empirical_prior-axis_edge_orthogonal_rel2x.npz,axis_edge_orthogonal,2.0,1,affine_quadratic,2,True,16,40,10,0.01,0.8048427729142107,0.7927738741012742,0.7928795274929061,6,0.2987494330953252,0.06017645450442034,0.017246148392325196,0.2014278450035391,0.05772780290706788,,,,,,,,,
11,response_tables/trial_00011_hard_negative_structure_obs-empirical_prior-axis_edge_orthogonal_rel2x.npz,axis_edge_orthogonal,2.0,2,linear,1,False,16,40,10,0.01,0.0005415601903454581,-0.0018526761173485173,-0.0019465745684953961,2,0.012566395233304046,5.47653391591458e-08,,4.358078680670822e-06,,0.012566395233304046,5.47653391591458e-08,5.47653391591458e-08,4.358078680670822e-06,229458.9137261914,5.360704933274548,6.882028969597692e-10,1.0,1.0
11,response_tables/trial_00011_hard_negative_structure_obs-empirical_prior-axis_edge_orthogonal_rel2x.npz,axis_edge_orthogonal,2.0,2,quadratic,2,False,16,40,10,0.01,0.31235885630103544,0.3015093186115416,0.30108978353254434,5,1.9970805708944543,0.012092623183364792,5.159080871495416e-08,0.00605515038281542,2.5833113328946774e-08,,,,,,,,,
11,response_tables/trial_00011_hard_negative_structure_obs-empirical_prior-axis_edge_orthogonal_rel2x.npz,axis_edge_orthogonal,2.0,2,cubic,3,False,16,40,10,0.01,0.3142050821133111,0.30277461049808485,0.3023177243959066,9,2.0298917946071793,0.0804961182277861,0.00472550293054647,0.03965537396704614,0.0023279580434290787,,,,,,,,,
11,response_tables/trial_00011_hard_negative_structure_obs-empirical_prior-axis_edge_orthogonal_rel2x.npz,axis_edge_orthogonal,2.0,2,affine_linear,1,True,16,40,10,0.01,0.7903099610192493,0.7791358936827811,0.7749059274532996,3,0.04244507541251044,0.011809792458894915,4.978939430008785e-08,0.27823704738698724,1.1730311188329922e-06,,,,,,,,,
11,response_tables/trial_00011_hard_negative_structure_obs-empirical_prior-axis_edge_orthogonal_rel2x.npz,axis_edge_orthogonal,2.0,2,affine_quadratic,2,True,16,40,10,0.01,0.7952912713295286,0.7808170628649146,0.7770190745678452,6,0.2993633998410394,0.03317649842082109,0.007556083748754523,0.11082349558575852,0.025240506196705308,,,,,,,,,
11,response_tables/trial_00011_hard_negative_structure_obs-empirical_prior-axis_edge_orthogonal_rel2x.npz,axis_edge_orthogonal,2.0,3,linear,1,False,16,40,10,0.01,0.003202218107276833,0.0006027120255023277,0.0010840183650634994,2,0.020763992477156382,3.908235759014351e-09,,1.8822178650440266e-07,,0.020763992477156382,3.908235759014351e-09,3.908235759014351e-09,1.8822178650440266e-07,5312881.248083411,6.725330108799167,8.115057789912756e-11,1.0,1.0
11,response_tables/trial_00011_hard_negative_structure_obs-empirical_prior-axis_edge_orthogonal_rel2x.npz,axis_edge_orthogonal,2.0,3,quadratic,2,False,16,40,10,0.01,0.27401730602487206,0.2621862124517317,0.26677110370968105,5,1.1654694837680455,0.011012011863559379,8.520052795214363e-10,0.009448563018532896,7.310404016472767e-10,,,,,,,,,
11,response_tables/trial_00011_hard_negative_structure_obs-empirical_prior-axis_edge_orthogonal_rel2x.npz,axis_edge_orthogonal,2.0,3,cubic,3,False,16,40,10,0.01,0.2747699420778197,0.261761223778023,0.2665405793966369,9,1.1737526534424663,0.07380841704384519,0.009072033179296559,0.0628824282759869,0.007729084277415217,,,,,,,,,
11,response_tables/trial_00011_hard_negative_structure_obs-empirical_prior-axis_edge_orthogonal_rel2x.npz,axis_edge_orthogonal,2.0,3,affine_linear,1,True,16,40,10,0.01,0.7690508456740742,0.7613106802916909,0.7613923698603148,3,0.034010773348077956,0.00853340708784022,3.4042196358486165e-10,0.2509030594660814,1.000923913434329e-08,,,,,,,,,
11,response_tables/trial_00011_hard_negative_structure_obs-empirical_prior-axis_edge_orthogonal_rel2x.npz,axis_edge_orthogonal,2.0,3,affine_quadratic,2,True,16,40,10,0.01,0.7730873058206653,0.7616716627681399,0.7622307783682352,6,0.16845751499847625,0.03353489148895786,0.007860245655478321,0.19907032042625816,0.04666010688540324,,,,,,,,,
12,response_tables/trial_00012_hard_negative_structure_obs-empirical_prior-axis_edge_parallel_rel0p5x.npz,axis_edge_parallel,0.5,0,linear,1,False,16,40,10,0.01,0.003173971114534324,-0.009435319710195289,-0.013508225292069714,2,0.01783762604993907,8.26056082782144e-09,,4.6309754474585237e-07,,0.01783762604993907,8.26056082782144e-09,8.26056082782144e-09,4.6309754474585237e-07,2159372.2777105183,6.334327521545849,1.4734879500945395e-10,1.0,1.0
12,response_tables/trial_00012_hard_negative_structure_obs-empirical_prior-axis_edge_parallel_rel0p5x.npz,axis_edge_parallel,0.5,0,quadratic,2,False,16,40,10,0.01,0.3642702164356617,0.3350227154194043,0.322978915961476,5,1.1824335823936611,0.00794489052902244,5.0403649842834175e-09,0.006719100884245177,4.262704526777688e-09,,,,,,,,,
12,response_tables/trial_00012_hard_negative_structure_obs-empirical_prior-axis_edge_parallel_rel0p5x.npz,axis_edge_parallel,0.5,0,cubic,3,False,16,40,10,0.01,0.36521798887016066,0.3356050422347907,0.3236247406190589,9,1.1867750092296232,0.011965693704617917,0.00768863481061325,0.010082529217046172,0.006478595142986883,,,,,,,,,
12,response_tables/trial_00012_hard_negative_structure_obs-empirical_prior-axis_edge_parallel_rel0p5x.npz,axis_edge_parallel,0.5,0,affine_linear,1,True,16,40,10,0.01,0.4003196325186903,0.3638270471066697,0.35565868905787257,3,0.020319112064017743,0.005060111830150454,3.78131772265861e-09,0.24903213359953819,1.8609660258505025e-07,,,,,,,,,
12,response_tables/trial_00012_hard_negative_structure_obs-empirical_prior-axis_edge_parallel_rel0p5x.npz,axis_edge_parallel,0.5,0,affine_quadratic,2,True,16,40,10,0.01,0.5429251112275058,0.5051624129721373,0.49376960381085244,6,0.7879953848163901,0.007281391350376578,0.0029078423842907215,0.009240398472731165,0.0036901769227598645,,,,,,,,,
12,response_tables/trial_00012_hard_negative_structure_obs-empirical_prior-axis_edge_parallel_rel0p5x.npz,axis_edge_parallel,0.5,1,linear,1,False,16,40,10,0.01,0.005254223916843825,-0.0018329642058310114,-0.005297722881447753,2,0.035180028334579276,2.1706661240022752e-08,,6.170165934370997e-07,,0.035180028334579276,2.1706661240022752e-08,2.1706661240022752e-08,6.170165934370997e-07,1620701.9562139905,6.209703156321271,7.636409574731141e-10,1.0,1.0
12,response_tables/trial_00012_hard_negative_structure_obs-empirical_prior-axis_edge_parallel_rel0p5x.npz,axis_edge_parallel,0.5,1,quadratic,2,False,16,40,10,0.01,0.3735835641134204,0.34828580617333227,0.3357946182496746,5,1.9545332581107808,0.008379472040364664,1.6719550425082994e-08,0.004287198493856339,8.554241968358129e-09,,,,,,,,,
12,response_tables/trial_00012_hard_negative_structure_obs-empirical_prior-axis_edge_parallel_rel0p5x.npz,axis_edge_parallel,0.5,1,cubic,3,False,16,40,10,0.01,0.3737526135219569,0.3484157183580442,0.33593052873441254,9,1.955455140246782,0.026413168136813374,0.007631587702093581,0.01350742729566273,0.0039027168381528103,,,,,,,,,
12,response_tables/trial_00012_hard_negative_structure_obs-empirical_prior-axis_edge_parallel_rel0p5x.npz,axis_edge_parallel,0.5,1,affine_linear,1,True,16,40,10,0.01,0.4203330854171108,0.39108687462188396,0.38259744828069764,3,0.03890791182325995,0.004383792738430274,1.614700868813536e-08,0.1126709847175492,4.1500579012010476e-07,,,,,,,,,
12,response_tables/trial_00012_hard_negative_structure_obs-empirical_prior-axis_edge_parallel_rel0p5x.npz,axis_edge_parallel,0.5,1,affine_quadratic,2,True,16,40,10,0.01,0.5589880096850544,0.5252693351114586,0.513276321469126,6,1.2670009219882994,0.007874520024983709,0.0028382246596524684,0.0062150862626258055,0.0022401125448262924,,,,,,,,,
12,response_tables/trial_00012_hard_negative_structure_obs-empirical_prior-axis_edge_parallel_rel0p5x.npz,axis_edge_parallel,0.5,2,linear,1,False,16,40,10,0.01,0.002014851928551553,-0.002950259965939672,-0.004563042938321549,2,0.01937468225472555,1.245360890900237e-09,,6.427774528258336e-08,,0.01937468225472555,1.245360890900237e-09,1.245360890900237e-09,6.427774528258336e-08,15557484.096614057,7.191939365706241,2.4128471553654022e-11,1.0,1.0
12,response_tables/trial_00012_hard_negative_structure_obs-empirical_prior-axis_edge_parallel_rel0p5x.npz,axis_edge_parallel,0.5,2,quadratic,2,False,16,40,10,0.01,0.3739508733184166,0.3440352703214933,0.33553718991528586,5,1.6247384005046188,0.012404475434418883,2.1763578047785007e-10,0.00763475241956874,1.339512751162007e-10,,,,,,,,,
12,response_tables/trial_00012_hard_negative_structure_obs-empirical_prior-axis_edge_parallel_rel0p5x.npz,axis_edge_parallel,0.5,2,cubic,3,False,16,40,10,0.01,0.37513164326259785,0.3448869523137962,0.3365175580119228,9,1.631844249592307,0.015015416760606737,0.011255980732400745,0.009201501163090856,0.006897705301969163,,,,,,,,,
12,response_tables/trial_00012_hard_negative_structure_obs-empirical_prior-axis_edge_parallel_rel0p5x.npz,axis_edge_parallel,0.5,2,affine_linear,1,True,16,40,10,0.01,0.44644120851157787,0.4167735848095032,0.4052593591664245,3,0.023329475350059557,0.009015749275158375,2.1621894165777879e-10,0.38645315164086447,9.268058471671838e-09,,,,,,,,,
12,response_tables/trial_00012_hard_negative_structure_obs-empirical_prior-axis_edge_parallel_rel0p5x.npz,axis_edge_parallel,0.5,2,affine_quadratic,2,True,16,40,10,0.01,0.5792012442862686,0.5420132461176055,0.5288411053231552,6,1.0306561867475468,0.011767725896326605,0.0012016938191363178,0.011417702671015975,0.0011659502311129732,,,,,,,,,
12,response_tables/trial_00012_hard_negative_structure_obs-empirical_prior-axis_edge_parallel_rel0p5x.npz,axis_edge_parallel,0.5,3,linear,1,False,16,40,10,0.01,0.0017720413914790178,-0.012131694294232664,-0.01083546759778059,2,0.011474149970586786,3.4448827151951555e-09,,3.0022988404595385e-07,,0.011474149970586786,3.4448827151951555e-09,3.4448827151951555e-09,3.0022988404595385e-07,3330781.0219416325,6.522546081478782,3.952710090523142e-11,1.0,1.0
12,response_tables/trial_00012_hard_negative_structure_obs-empirical_prior-axis_edge_parallel_rel0p5x.npz,axis_edge_parallel,0.5,3,quadratic,2,False,16,40,10,0.01,0.3764910378499535,0.34658931920109237,0.33529202122986385,5,1.0358788035309798,0.011472938369514447,2.88123800295665e-09,0.011075560509981347,2.781443150622863e-09,,,,,,,,,
12,response_tables/trial_00012_hard_negative_structure_obs-empirical_prior-axis_edge_parallel_rel0p5x.npz,axis_edge_parallel,0.5,3,cubic,3,False,16,40,10,0.01,0.37733680239908496,0.3471659941091182,0.33588678149634,9,1.0389592420162836,0.01852621734464378,0.009831636641989086,0.01783151503488278,0.0094629666346767,,,,,,,,,
12,response_tables/trial_00012_hard_negative_structure_obs-empirical_prior-axis_edge_parallel_rel0p5x.npz,axis_edge_parallel,0.5,3,affine_linear,1,True,16,40,10,0.01,0.370146330073607,0.3330971015924865,0.3220021688833037,3,0.011475132763859766,0.009092295864759995,2.8997965690437454e-09,0.7923477707722588,2.527026596307869e-07,,,,,,,,,
12,response_tables/trial_00012_hard_negative_structure_obs-empirical_prior-axis_edge_parallel_rel0p5x.npz,axis_edge_parallel,0.5,3,affine_quadratic,2,True,16,40,10,0.01,0.5253897883919875,0.48744864981515224,0.47136493172764893,6,0.7081261236357217,0.011474284843060017,0.0015500552774190587,0.0162037304656235,0.0021889536703724928,,,,,,,,,
12,response_tables/trial_00012_hard_negative_structure_obs-empirical_prior-axis_edge_orthogonal_rel0p5x.npz,axis_edge_orthogonal,0.5,0,linear,1,False,16,40,10,0.01,0.001745991349802245,-0.007729154645961245,-0.008858943210664244,2,0.01608566294069079,5.765110060041016e-09,,3.584005260645749e-07,,0.01608566294069079,5.765110060041016e-09,5.765110060041016e-09,3.584005260645749e-07,2790174.4759711227,6.445631361546814,9.273561724180542e-11,1.0,1.0
12,response_tables/trial_00012_hard_negative_structure_obs-empirical_prior-axis_edge_orthogonal_rel0p5x.npz,axis_edge_orthogonal,0.5,0,quadratic,2,False,16,40,10,0.01,0.299138231918161,0.26632467171672625,0.26739791606869967,5,1.3046333514980528,0.007198550669749821,2.2701866121045055e-09,0.005517681010901679,1.7400954908118443e-09,,,,,,,,,
12,response_tables/trial_00012_hard_negative_structure_obs-empirical_prior-axis_edge_orthogonal_rel0p5x.npz,axis_edge_orthogonal,0.5,0,cubic,3,False,16,40,10,0.01,0.29987822570575506,0.26657427774899434,0.26770101235863925,9,1.3091051778487306,0.01935111469285211,0.0069504260592129,0.014781940382095233,0.005309295369707898,,,,,,,,,
12,response_tables/trial_00012_hard_negative_structure_obs-empirical_prior-axis_edge_orthogonal_rel0p5x.npz,axis_edge_orthogonal,0.5,0,affine_linear,1,True,16,40,10,0.01,0.3917320017950635,0.36688097282278787,0.35815880355386587,3,0.020407804209395173,0.004109752678252664,3.4185630346627425e-09,0.20138142428672706,1.6751253587041633e-07,,,,,,,,,
12,response_tables/trial_00012_hard_negative_structure_obs-empirical_prior-axis_edge_orthogonal_rel0p5x.npz,axis_edge_orthogonal,0.5,0,affine_quadratic,2,True,16,40,10,0.01,0.4927236270345211,0.4529988040589563,0.44788361702975243,6,0.8062132435842481,0.00855499984067653,0.002304533399226045,0.010611336279521866,0.0028584663146695444,,,,,,,,,
12,response_tables/trial_00012_hard_negative_structure_obs-empirical_prior-axis_edge_orthogonal_rel0p5x.npz,axis_edge_orthogonal,0.5,1,linear,1,False,16,40,10,0.01,0.0028701544996699857,-0.0051013333225631285,-0.005886020341198922,2,0.028583350193278432,5.612181037698203e-08,,1.9634441028602537e-06,,0.028583350193278432,5.612181037698203e-08,5.612181037698203e-08,1.9634441028602537e-06,509309.1260114035,5.706981458113908,1.6041493594860447e-09,1.0,1.0
12,response_tables/trial_00012_hard_negative_structure_obs-empirical_prior-axis_edge_orthogonal_rel0p5x.npz,axis_edge_orthogonal,0.5,1,quadratic,2,False,16,40,10,0.01,0.31727454499360963,0.29271070382116804,0.2956787569220828,5,1.9849336079915065,0.012129957962408074,1.6729924813284346e-08,0.006111014450847052,8.428455614801567e-09,,,,,,,,,
12,response_tables/trial_00012_hard_negative_structure_obs-empirical_prior-axis_edge_orthogonal_rel0p5x.npz,axis_edge_orthogonal,0.5,1,cubic,3,False,16,40,10,0.01,0.31742511080285774,0.29280367615131353,0.29578059536610896,9,1.9858664100047285,0.029958256039734458,0.01212895666087556,0.015085735822311997,0.006107639768601897,,,,,,,,,
12,response_tables/trial_00012_hard_negative_structure_obs-empirical_prior-axis_edge_orthogonal_rel0p5x.npz,axis_edge_orthogonal,0.5,1,affine_linear,1,True,16,40,10,0.01,0.41431505136281976,0.38944071431030836,0.3794078538380296,3,0.03349255908529283,0.007008906621422488,2.5905591429812495e-08,0.2092675750328144,7.734730381109663e-07,,,,,,,,,
12,response_tables/trial_00012_hard_negative_structure_obs-empirical_prior-axis_edge_orthogonal_rel0p5x.npz,axis_edge_orthogonal,0.5,1,affine_quadratic,2,True,16,40,10,0.01,0.5188113294023459,0.4845250562234019,0.47862148002410765,6,1.208964524918228,0.012220549991783673,0.003259301317177366,0.010108278398499947,0.0026959445459310057,,,,,,,,,
12,response_tables/trial_00012_hard_negative_structure_obs-empirical_prior-axis_edge_orthogonal_rel0p5x.npz,axis_edge_orthogonal,0.5,2,linear,1,False,16,40,10,0.01,0.0030195872311123972,-0.0004788629518892584,-0.0019479024760173935,2,0.02838465483956189,9.045160217869967e-10,,3.1866373817105664e-08,,0.02838465483956189,9.045160217869967e-10,9.045160217869967e-10,3.1866373817105664e-08,31381041.52481907,7.496667353558608,2.5674375075277545e-11,1.0,1.0
12,response_tables/trial_00012_hard_negative_structure_obs-empirical_prior-axis_edge_orthogonal_rel0p5x.npz,axis_edge_orthogonal,0.5,2,quadratic,2,False,16,40,10,0.01,0.3562567287588033,0.3289349278512911,0.3230860782167455,5,1.8949862496148642,0.010434974155896044,5.799269374008187e-10,0.005506622624843236,3.060322667347495e-10,,,,,,,,,
12,response_tables/trial_00012_hard_negative_structure_obs-empirical_prior-axis_edge_orthogonal_rel0p5x.npz,axis_edge_orthogonal,0.5,2,cubic,3,False,16,40,10,0.01,0.3572084149279944,0.32953109078778897,0.3237828945777711,9,1.9020480114697578,0.01822653982792123,0.009935008098120545,0.009582586621374059,0.005223321408403108,,,,,,,,,
12,response_tables/trial_00012_hard_negative_structure_obs-empirical_prior-axis_edge_orthogonal_rel0p5x.npz,axis_edge_orthogonal,0.5,2,affine_linear,1,True,16,40,10,0.01,0.5622955969794186,0.5412951381774812,0.5353151734513568,3,0.034564429068675295,0.007865279929646848,6.483458722755747e-10,0.2275541688832614,1.875760398030561e-08,,,,,,,,,
12,response_tables/trial_00012_hard_negative_structure_obs-empirical_prior-axis_edge_orthogonal_rel0p5x.npz,axis_edge_orthogonal,0.5,2,affine_quadratic,2,True,16,40,10,0.01,0.6604585611242753,0.6308850596248341,0.6242392326561456,6,1.0609086328105497,0.008795732000189545,0.003888934312920946,0.008290753537265477,0.00366566374581986,,,,,,,,,
12,response_tables/trial_00012_hard_negative_structure_obs-empirical_prior-axis_edge_orthogonal_rel0p5x.npz,axis_edge_orthogonal,0.5,3,linear,1,False,16,40,10,0.01,0.0018914658763058423,-0.007944138345278295,-0.009100717545202003,2,0.012733403893529066,2.346518406593689e-09,,1.8428052908823195e-07,,0.012733403893529066,2.346518406593689e-09,2.346518406593689e-09,1.8428052908823195e-07,5426509.2733764,6.734520549513727,2.98791666147577e-11,1.0,1.0
12,response_tables/trial_00012_hard_negative_structure_obs-empirical_prior-axis_edge_orthogonal_rel0p5x.npz,axis_edge_orthogonal,0.5,3,quadratic,2,False,16,40,10,0.01,0.3109189434374955,0.27445200015369076,0.27646257588311146,5,1.010591254264391,0.00814902447142425,1.8611516171817592e-09,0.008063620615197113,1.84164627323684e-09,,,,,,,,,
12,response_tables/trial_00012_hard_negative_structure_obs-empirical_prior-axis_edge_orthogonal_rel0p5x.npz,axis_edge_orthogonal,0.5,3,cubic,3,False,16,40,10,0.01,0.311432473003721,0.2746463889152192,0.27669194582169243,9,1.0127315892672872,0.020785426332412805,0.007074327842843361,0.020524121645549825,0.006985392692215365,,,,,,,,,
12,response_tables/trial_00012_hard_negative_structure_obs-empirical_prior-axis_edge_orthogonal_rel0p5x.npz,axis_edge_orthogonal,0.5,3,affine_linear,1,True,16,40,10,0.01,0.3560866000231774,0.3297129794509993,0.31758531170346244,3,0.015108925242627906,0.005059294482146867,1.8461026477014364e-09,0.33485469025107845,1.2218623218102193e-07,,,,,,,,,
12,response_tables/trial_00012_hard_negative_structure_obs-empirical_prior-axis_edge_orthogonal_rel0p5x.npz,axis_edge_orthogonal,0.5,3,affine_quadratic,2,True,16,40,10,0.01,0.4713462169074766,0.4272866933094711,0.41973116089932283,6,0.6555617892498676,0.008454240850069707,0.002110977030717203,0.01289617697172916,0.003220103833587841,,,,,,,,,
13,response_tables/trial_00013_hard_negative_structure_obs-empirical_prior-axis_edge_parallel_rel1x.npz,axis_edge_parallel,1.0,0,linear,1,False,16,40,10,0.01,0.003329592561861716,-0.0015449189611482783,0.00019958752475990327,2,0.019249099639257923,1.1875316819974629e-08,,6.169284300318806e-07,,0.019249099639257923,1.1875316819974629e-08,1.1875316819974629e-08,6.169284300318806e-07,1620933.5659054061,6.20976521561845,2.285891567154472e-10,1.0,1.0
13,response_tables/trial_00013_hard_negative_structure_obs-empirical_prior-axis_edge_parallel_rel1x.npz,axis_edge_parallel,1.0,0,quadratic,2,False,16,40,10,0.01,0.23474591605309603,0.1569773579291931,0.1641111839597454,5,0.9366348746017029,0.008245137810302373,1.1565845291333205e-08,0.008802937018342989,1.234829665749046e-08,,,,,,,,,
13,response_tables/trial_00013_hard_negative_structure_obs-empirical_prior-axis_edge_parallel_rel1x.npz,axis_edge_parallel,1.0,0,cubic,3,False,16,40,10,0.01,0.23541181541016043,0.15432032500523618,0.16237932299710406,9,0.9402300497363988,0.06471246662970716,0.008234695013992573,0.06882620550986414,0.008758170424675575,,,,,,,,,
13,response_tables/trial_00013_hard_negative_structure_obs-empirical_prior-axis_edge_parallel_rel1x.npz,axis_edge_parallel,1.0,0,affine_linear,1,True,16,40,10,0.01,0.663145443517386,0.6346198513900638,0.6433585002221325,3,0.025217339406198535,0.00640782233147599,1.081808861659425e-08,0.2541038223049383,4.289940521613916e-07,,,,,,,,,
13,response_tables/trial_00013_hard_negative_structure_obs-empirical_prior-axis_edge_parallel_rel1x.npz,axis_edge_parallel,1.0,0,affine_quadratic,2,True,16,40,10,0.01,0.6888309200357556,0.6539466198178936,0.6675605488150135,6,0.33617957818241906,0.007593634500862612,0.006158673982341604,0.02258803030784376,0.0183195957816324,,,,,,,,,
13,response_tables/trial_00013_hard_negative_structure_obs-empirical_prior-axis_edge_parallel_rel1x.npz,axis_edge_parallel,1.0,1,linear,1,False,16,40,10,0.01,0.0055514073561095945,0.0018200483063137707,0.004160502284962453,2,0.03837387193726587,3.972282548206778e-08,,1.0351529172507584e-06,,0.03837387193726587,3.972282548206778e-08,3.972282548206778e-08,1.0351529172507584e-06,966040.8460770025,5.9849954896151,1.5243186180352306e-09,1.0,1.0
13,response_tables/trial_00013_hard_negative_structure_obs-empirical_prior-axis_edge_parallel_rel1x.npz,axis_edge_parallel,1.0,1,quadratic,2,False,16,40,10,0.01,0.24606404587590136,0.18609775727394617,0.189060692880317,5,1.6153222534389398,0.013108163376825752,2.4748144634220678e-08,0.008114890603976471,1.532087147411801e-08,,,,,,,,,
13,response_tables/trial_00013_hard_negative_structure_obs-empirical_prior-axis_edge_parallel_rel1x.npz,axis_edge_parallel,1.0,1,cubic,3,False,16,40,10,0.01,0.246947181064201,0.18490895675624164,0.18843772432396,9,1.6256303382789037,0.06961416476384204,0.012950865772003007,0.042822874994781615,0.00796667327561961,,,,,,,,,
13,response_tables/trial_00013_hard_negative_structure_obs-empirical_prior-axis_edge_parallel_rel1x.npz,axis_edge_parallel,1.0,1,affine_linear,1,True,16,40,10,0.01,0.6910917362386213,0.6644617399789885,0.6711359359693014,3,0.046477599464913165,0.008445103453022325,2.8103485576640618e-08,0.18170265999640745,6.04667321466473e-07,,,,,,,,,
13,response_tables/trial_00013_hard_negative_structure_obs-empirical_prior-axis_edge_parallel_rel1x.npz,axis_edge_parallel,1.0,1,affine_quadratic,2,True,16,40,10,0.01,0.7147301654326126,0.6847873634652955,0.6945590608795182,6,0.5453496949919783,0.015230709643177657,0.007981640001837813,0.02792833622727467,0.014635820052957427,,,,,,,,,
13,response_tables/trial_00013_hard_negative_structure_obs-empirical_prior-axis_edge_parallel_rel1x.npz,axis_edge_parallel,1.0,2,linear,1,False,16,40,10,0.01,0.0023205986773194853,-0.0008463603889363736,0.0006140411409590041,2,0.02148691136499936,1.6953554018142019e-09,,7.890177294517137e-08,,0.02148691136499936,1.6953554018142019e-09,1.6953554018142019e-09,7.890177294517137e-08,12673986.434942309,7.102913237961001,3.642795125095463e-11,1.0,1.0
13,response_tables/trial_00013_hard_negative_structure_obs-empirical_prior-axis_edge_parallel_rel1x.npz,axis_edge_parallel,1.0,2,quadratic,2,False,16,40,10,0.01,0.234349379738233,0.15942698841800873,0.1642478234753086,5,1.2503421960980443,0.00872132071784875,5.504874292791565e-10,0.006975147079787809,4.402694166421547e-10,,,,,,,,,
13,response_tables/trial_00013_hard_negative_structure_obs-empirical_prior-axis_edge_parallel_rel1x.npz,axis_edge_parallel,1.0,2,cubic,3,False,16,40,10,0.01,0.23600818249279376,0.1568406335084951,0.16274242773191686,9,1.2689444315133962,0.048660824991382905,0.008639846326597327,0.038347482981069526,0.006808687687208718,,,,,,,,,
13,response_tables/trial_00013_hard_negative_structure_obs-empirical_prior-axis_edge_parallel_rel1x.npz,axis_edge_parallel,1.0,2,affine_linear,1,True,16,40,10,0.01,0.7262881902782355,0.7063347922324268,0.7033537743105343,3,0.031639996564026975,0.007856796856709359,4.942185529986402e-10,0.24831851169168984,1.5620057100781765e-08,,,,,,,,,
13,response_tables/trial_00013_hard_negative_structure_obs-empirical_prior-axis_edge_parallel_rel1x.npz,axis_edge_parallel,1.0,2,affine_quadratic,2,True,16,40,10,0.01,0.7449704194407905,0.7189421996426408,0.7194470163282338,6,0.38335522119001414,0.008670280338136112,0.005090654432939306,0.022616831228284208,0.013279209859557562,,,,,,,,,
13,response_tables/trial_00013_hard_negative_structure_obs-empirical_prior-axis_edge_parallel_rel1x.npz,axis_edge_parallel,1.0,3,linear,1,False,16,40,10,0.01,0.0018132409075289901,-0.0035203609855116724,-0.0013371153932870694,2,0.012838589066764378,4.554967654090939e-09,,3.5478724573267273e-07,,0.012838589066764378,4.554967654090939e-09,4.554967654090939e-09,3.5478724573267273e-07,2818590.6117760674,6.4500320010372745,5.847935792327731e-11,1.0,1.0
13,response_tables/trial_00013_hard_negative_structure_obs-empirical_prior-axis_edge_parallel_rel1x.npz,axis_edge_parallel,1.0,3,quadratic,2,False,16,40,10,0.01,0.216078202118125,0.139478717414111,0.15178744198466604,5,0.8151170572790529,0.008723685736591404,2.567843578629906e-09,0.0107023717129807,3.1502758477434392e-09,,,,,,,,,
13,response_tables/trial_00013_hard_negative_structure_obs-empirical_prior-axis_edge_parallel_rel1x.npz,axis_edge_parallel,1.0,3,cubic,3,False,16,40,10,0.01,0.21764855914241565,0.13741952731075635,0.15098173837525167,9,0.8256673752268382,0.06137038621723348,0.008709582010131424,0.07432821988439715,0.010548535973991479,,,,,,,,,
13,response_tables/trial_00013_hard_negative_structure_obs-empirical_prior-axis_edge_parallel_rel1x.npz,axis_edge_parallel,1.0,3,affine_linear,1,True,16,40,10,0.01,0.6566498732816362,0.6286292810469558,0.6332094349543752,3,0.018911599001349127,0.007457658668350247,2.4246113366398473e-09,0.39434310487538515,1.2820763259980708e-07,,,,,,,,,
13,response_tables/trial_00013_hard_negative_structure_obs-empirical_prior-axis_edge_parallel_rel1x.npz,axis_edge_parallel,1.0,3,affine_quadratic,2,True,16,40,10,0.01,0.6745130237334251,0.6371240904670306,0.6486437649115144,6,0.254177801212137,0.008434977106460139,0.004918855405885479,0.03318534138793773,0.01935202595359694,,,,,,,,,
13,response_tables/trial_00013_hard_negative_structure_obs-empirical_prior-axis_edge_orthogonal_rel1x.npz,axis_edge_orthogonal,1.0,0,linear,1,False,16,40,10,0.01,0.00622718631100605,-0.0023896949458153127,0.002784880916033433,2,0.0308857519550815,1.7894468920592364e-08,,5.793761779417601e-07,,0.0308857519550815,1.7894468920592364e-08,1.7894468920592364e-08,5.793761779417601e-07,1725994.3333405775,6.237039365537385,5.526841284493307e-10,1.0,1.0
13,response_tables/trial_00013_hard_negative_structure_obs-empirical_prior-axis_edge_orthogonal_rel1x.npz,axis_edge_orthogonal,1.0,0,quadratic,2,False,16,40,10,0.01,0.2032918859426912,0.11992915914378066,0.13174279242062883,5,1.014157776765491,0.016825454625133015,1.4056447505384941e-08,0.016590569052081186,1.3860217638142992e-08,,,,,,,,,
13,response_tables/trial_00013_hard_negative_structure_obs-empirical_prior-axis_edge_orthogonal_rel1x.npz,axis_edge_orthogonal,1.0,0,cubic,3,False,16,40,10,0.01,0.20383251235335154,0.11674481869525977,0.12941661167343146,9,1.0175685973752027,0.07390273793129278,0.004890969852461985,0.0726267871492137,0.004806525933561768,,,,,,,,,
13,response_tables/trial_00013_hard_negative_structure_obs-empirical_prior-axis_edge_orthogonal_rel1x.npz,axis_edge_orthogonal,1.0,0,affine_linear,1,True,16,40,10,0.01,0.6182999729135528,0.5747153228565587,0.5686832695849015,3,0.03548028012157552,0.00929501971145136,1.5965987892551593e-08,0.26197706668609605,4.4999610594513576e-07,,,,,,,,,
13,response_tables/trial_00013_hard_negative_structure_obs-empirical_prior-axis_edge_orthogonal_rel1x.npz,axis_edge_orthogonal,1.0,0,affine_quadratic,2,True,16,40,10,0.01,0.6363798637627508,0.5819330706653674,0.5817032084264824,6,0.33134434179145217,0.02000408511662755,0.006783913083770645,0.06037249650461242,0.020473906532076633,,,,,,,,,
13,response_tables/trial_00013_hard_negative_structure_obs-empirical_prior-axis_edge_orthogonal_rel1x.npz,axis_edge_orthogonal,1.0,1,linear,1,False,16,40,10,0.01,0.005188750486078031,-0.0017312578295161085,0.0039497526529516935,2,0.039122936741429755,4.817560179553075e-08,,1.2313902229255341e-06,,0.039122936741429755,4.817560179553075e-08,4.817560179553075e-08,1.2313902229255341e-06,812090.2548862231,5.909604298971227,1.8847710215268595e-09,1.0,1.0
13,response_tables/trial_00013_hard_negative_structure_obs-empirical_prior-axis_edge_orthogonal_rel1x.npz,axis_edge_orthogonal,1.0,1,quadratic,2,False,16,40,10,0.01,0.2251922818306813,0.15951748186708936,0.16831391945856383,5,1.6291794982668717,0.01649574603758295,4.625767008186789e-08,0.010125186362295374,2.8393231151679112e-08,,,,,,,,,
13,response_tables/trial_00013_hard_negative_structure_obs-empirical_prior-axis_edge_orthogonal_rel1x.npz,axis_edge_orthogonal,1.0,1,cubic,3,False,16,40,10,0.01,0.226026956586596,0.1584127432699448,0.16775728692060293,9,1.6407320426369112,0.05312668194814259,0.0132428075637216,0.032379864942943246,0.00807127990408376,,,,,,,,,
13,response_tables/trial_00013_hard_negative_structure_obs-empirical_prior-axis_edge_orthogonal_rel1x.npz,axis_edge_orthogonal,1.0,1,affine_linear,1,True,16,40,10,0.01,0.6662506006783238,0.6249833332785468,0.6272534351479724,3,0.04716433923128467,0.010953514327226802,4.739563967134993e-08,0.23224144567175883,1.004904138250109e-06,,,,,,,,,
13,response_tables/trial_00013_hard_negative_structure_obs-empirical_prior-axis_edge_orthogonal_rel1x.npz,axis_edge_orthogonal,1.0,1,affine_quadratic,2,True,16,40,10,0.01,0.6846653386744656,0.6391377966096563,0.6462772711656408,6,0.5079124118482184,0.014407056847778148,0.009078680205597711,0.028365238792556754,0.01787449960626426,,,,,,,,,
13,response_tables/trial_00013_hard_negative_structure_obs-empirical_prior-axis_edge_orthogonal_rel1x.npz,axis_edge_orthogonal,1.0,2,linear,1,False,16,40,10,0.01,0.004089179623938843,0.0010763521351869754,0.002381128168823826,2,0.03710844427896818,1.1343630098845793e-09,,3.056886463244966e-08,,0.03710844427896818,1.1343630098845793e-09,1.1343630098845793e-09,3.056886463244966e-08,32713023.922336765,7.514720691238544,4.209444654442454e-11,1.0,1.0
13,response_tables/trial_00013_hard_negative_structure_obs-empirical_prior-axis_edge_orthogonal_rel1x.npz,axis_edge_orthogonal,1.0,2,quadratic,2,False,16,40,10,0.01,0.20779045546520303,0.13627203331724347,0.14174909001566968,5,1.5242674050284348,0.009269364427068815,6.874119070127802e-10,0.00608119310069213,4.509785518899531e-10,,,,,,,,,
13,response_tables/trial_00013_hard_negative_structure_obs-empirical_prior-axis_edge_orthogonal_rel1x.npz,axis_edge_orthogonal,1.0,2,cubic,3,False,16,40,10,0.01,0.20918972413685732,0.13205655571165165,0.13873027980498584,9,1.5465603334763554,0.04744817100378298,0.00743105676459508,0.030679806003513017,0.004804892899258294,,,,,,,,,
13,response_tables/trial_00013_hard_negative_structure_obs-empirical_prior-axis_edge_orthogonal_rel1x.npz,axis_edge_orthogonal,1.0,2,affine_linear,1,True,16,40,10,0.01,0.8134724820992532,0.7992773249597945,0.8015496845856237,3,0.04954951845813393,0.007708409054104136,6.219287800251578e-10,0.15556980761815542,1.2551661436440529e-08,,,,,,,,,
13,response_tables/trial_00013_hard_negative_structure_obs-empirical_prior-axis_edge_orthogonal_rel1x.npz,axis_edge_orthogonal,1.0,2,affine_quadratic,2,True,16,40,10,0.01,0.8201236142915251,0.8017582584543185,0.805751511033522,6,0.29998726561986794,0.017489202428497583,0.0057117548079006555,0.058299816135059586,0.019039990901275013,,,,,,,,,
13,response_tables/trial_00013_hard_negative_structure_obs-empirical_prior-axis_edge_orthogonal_rel1x.npz,axis_edge_orthogonal,1.0,3,linear,1,False,16,40,10,0.01,0.005927986730818402,-0.007153360606739767,0.0004901204752536803,2,0.023487391957595798,3.6644043079650164e-09,,1.5601580263065145e-07,,0.023487391957595798,3.6644043079650164e-09,3.6644043079650164e-09,1.5601580263065145e-07,6409607.124012809,6.806831410314077,8.606730027227693e-11,1.0,1.0
13,response_tables/trial_00013_hard_negative_structure_obs-empirical_prior-axis_edge_orthogonal_rel1x.npz,axis_edge_orthogonal,1.0,3,quadratic,2,False,16,40,10,0.01,0.18483293100419196,0.09851714882399398,0.1179340937355948,5,0.7536716839840779,0.014117488897091983,3.6562973822691237e-09,0.018731616428076168,4.851313191098164e-09,,,,,,,,,
13,response_tables/trial_00013_hard_negative_structure_obs-empirical_prior-axis_edge_orthogonal_rel1x.npz,axis_edge_orthogonal,1.0,3,cubic,3,False,16,40,10,0.01,0.186347457165286,0.09618918285211808,0.1167593634236612,9,0.7650678203752305,0.05896933384376483,0.00878005321939134,0.07707726331352309,0.011476176340922467,,,,,,,,,
13,response_tables/trial_00013_hard_negative_structure_obs-empirical_prior-axis_edge_orthogonal_rel1x.npz,axis_edge_orthogonal,1.0,3,affine_linear,1,True,16,40,10,0.01,0.5898990045807452,0.5436494612126777,0.5432506833676826,3,0.026742569603987434,0.007956084519496488,3.6632219532704173e-09,0.2975063592359577,1.3698092619806494e-07,,,,,,,,,
13,response_tables/trial_00013_hard_negative_structure_obs-empirical_prior-axis_edge_orthogonal_rel1x.npz,axis_edge_orthogonal,1.0,3,affine_quadratic,2,True,16,40,10,0.01,0.6033399843622858,0.5430549365400805,0.5493501235559097,6,0.22349299353471302,0.016382371100032822,0.005964560191619973,0.07330149746948691,0.02668790684345796,,,,,,,,,
14,response_tables/trial_00014_hard_negative_structure_obs-empirical_prior-axis_edge_parallel_rel2x.npz,axis_edge_parallel,2.0,0,linear,1,False,16,40,10,0.01,0.005070320667049488,0.00251392936699657,0.0025026319018619514,2,0.022041472364538052,3.5427647338086214e-08,,1.607317639772778e-06,,0.022041472364538052,3.5427647338086214e-08,3.5427647338086214e-08,1.607317639772778e-06,622154.5606513516,5.7938982890307935,7.808775097430274e-10,1.0,1.0
14,response_tables/trial_00014_hard_negative_structure_obs-empirical_prior-axis_edge_parallel_rel2x.npz,axis_edge_parallel,2.0,0,quadratic,2,False,16,40,10,0.01,0.40605496432381294,0.3901235573729054,0.3822080789537339,5,1.2369393545357874,0.012463519830406448,1.2728856092171563e-08,0.010076096119590195,1.0290606443634895e-08,,,,,,,,,
14,response_tables/trial_00014_hard_negative_structure_obs-empirical_prior-axis_edge_parallel_rel2x.npz,axis_edge_parallel,2.0,0,cubic,3,False,16,40,10,0.01,0.4064901677502497,0.3901886585212062,0.38230366039596664,9,1.23630690547779,0.1110297671098025,0.011520343601280467,0.08980760895037897,0.009318352546796017,,,,,,,,,
14,response_tables/trial_00014_hard_negative_structure_obs-empirical_prior-axis_edge_parallel_rel2x.npz,axis_edge_parallel,2.0,0,affine_linear,1,True,16,40,10,0.01,0.7448255397482191,0.7365612542607747,0.732369585788431,3,0.032614234393265676,0.010735907544184149,1.4213657222709541e-08,0.329178585482937,4.3581146352601296e-07,,,,,,,,,
14,response_tables/trial_00014_hard_negative_structure_obs-empirical_prior-axis_edge_parallel_rel2x.npz,axis_edge_parallel,2.0,0,affine_quadratic,2,True,16,40,10,0.01,0.7560480246043096,0.7455944988437896,0.7421601049871379,6,0.26261490159062895,0.012602499167474928,0.008217696076487152,0.04798851508860696,0.03129181180014344,,,,,,,,,
14,response_tables/trial_00014_hard_negative_structure_obs-empirical_prior-axis_edge_parallel_rel2x.npz,axis_edge_parallel,2.0,1,linear,1,False,16,40,10,0.01,0.0006513526297305949,-0.006034202613134143,-0.0056701774823514905,2,0.011827673008088112,1.5475759694871915e-07,,1.3084365525060707e-05,,0.011827673008088112,1.5475759694871915e-07,1.5475759694871915e-07,1.3084365525060707e-05,76427.09140803832,4.883247331919459,1.8304222522269446e-09,1.0,1.0
14,response_tables/trial_00014_hard_negative_structure_obs-empirical_prior-axis_edge_parallel_rel2x.npz,axis_edge_parallel,2.0,1,quadratic,2,False,16,40,10,0.01,0.40349569347457126,0.3898827947548401,0.38775026706576965,5,2.0080655120624553,0.010404371018455124,8.001492154012951e-08,0.0051812906281971565,3.9846768474175593e-08,,,,,,,,,
14,response_tables/trial_00014_hard_negative_structure_obs-empirical_prior-axis_edge_parallel_rel2x.npz,axis_edge_parallel,2.0,1,cubic,3,False,16,40,10,0.01,0.40739127956472254,0.3903259846591628,0.38807113383729025,9,2.0817452637452347,0.030054585147408483,0.009239840247369655,0.014437205968869484,0.004438506674321144,,,,,,,,,
14,response_tables/trial_00014_hard_negative_structure_obs-empirical_prior-axis_edge_parallel_rel2x.npz,axis_edge_parallel,2.0,1,affine_linear,1,True,16,40,10,0.01,0.7798557651056142,0.7678252590017871,0.7633482078415679,3,0.040823152300619225,0.010480419345579984,7.669676918421211e-08,0.25672734110298023,1.87875665797246e-06,,,,,,,,,
14,response_tables/trial_00014_hard_negative_structure_obs-empirical_prior-axis_edge_parallel_rel2x.npz,axis_edge_parallel,2.0,1,affine_quadratic,2,True,16,40,10,0.01,0.7878977062645955,0.7762378956291044,0.7721802239470198,6,0.3560101154148286,0.01764030070089604,0.007601044266288769,0.04954999854524157,0.021350641280043162,,,,,,,,,
14,response_tables/trial_00014_hard_negative_structure_obs-empirical_prior-axis_edge_parallel_rel2x.npz,axis_edge_parallel,2.0,2,linear,1,False,16,40,10,0.01,0.0011087766501214347,-0.003960718628286841,-0.0036274422594208544,2,0.013080358476561763,3.1981486995890837e-09,,2.4450008043126145e-07,,0.013080358476561763,3.1981486995890837e-09,3.1981486995890837e-09,2.4450008043126145e-07,4089978.2046539616,6.611720993673909,4.183293145197505e-11,1.0,1.0
14,response_tables/trial_00014_hard_negative_structure_obs-empirical_prior-axis_edge_parallel_rel2x.npz,axis_edge_parallel,2.0,2,quadratic,2,False,16,40,10,0.01,0.43765134875911194,0.4258701343184683,0.42225884104471234,5,1.6549130826517844,0.007292990425677325,5.190661676345448e-10,0.004406872180858738,3.136516189737339e-10,,,,,,,,,
14,response_tables/trial_00014_hard_negative_structure_obs-empirical_prior-axis_edge_parallel_rel2x.npz,axis_edge_parallel,2.0,2,cubic,3,False,16,40,10,0.01,0.4381418018829929,0.42563429762447336,0.422065796627353,9,1.6642737284020972,0.027139211777101775,0.007239343009401451,0.016306939966635584,0.004349851160813606,,,,,,,,,
14,response_tables/trial_00014_hard_negative_structure_obs-empirical_prior-axis_edge_parallel_rel2x.npz,axis_edge_parallel,2.0,2,affine_linear,1,True,16,40,10,0.01,0.8088824586350563,0.7998327584477005,0.7974029871723534,3,0.03655072255748383,0.007349770087129962,6.212754976208622e-10,0.20108412564405195,1.6997625604904897e-08,,,,,,,,,
14,response_tables/trial_00014_hard_negative_structure_obs-empirical_prior-axis_edge_parallel_rel2x.npz,axis_edge_parallel,2.0,2,affine_quadratic,2,True,16,40,10,0.01,0.8167775823232457,0.8094403637162088,0.8076746155625227,6,0.2871446357794016,0.018295683390501066,0.005310859466524511,0.06371591564244541,0.018495415915081106,,,,,,,,,
14,response_tables/trial_00014_hard_negative_structure_obs-empirical_prior-axis_edge_parallel_rel2x.npz,axis_edge_parallel,2.0,3,linear,1,False,16,40,10,0.01,0.0019536508486072135,-0.006006341186483244,-0.0059728119373551325,2,0.0122644547507273,5.569267351355453e-09,,4.5409824281223646e-07,,0.0122644547507273,5.569267351355453e-09,5.569267351355453e-09,4.5409824281223646e-07,2202166.636468326,6.342850178650511,6.830402742540184e-11,1.0,1.0
14,response_tables/trial_00014_hard_negative_structure_obs-empirical_prior-axis_edge_parallel_rel2x.npz,axis_edge_parallel,2.0,3,quadratic,2,False,16,40,10,0.01,0.37562969755348674,0.36501060428674836,0.35704977015061623,5,1.0462488363348255,0.008722714027170255,5.250213516010889e-09,0.008337131401481216,5.018130805672591e-09,,,,,,,,,
14,response_tables/trial_00014_hard_negative_structure_obs-empirical_prior-axis_edge_parallel_rel2x.npz,axis_edge_parallel,2.0,3,cubic,3,False,16,40,10,0.01,0.3770646848147542,0.36443200200069026,0.35650361214761267,9,1.0589621446045174,0.09105029030355882,0.005438062435319116,0.08598068473690595,0.005135275574321902,,,,,,,,,
14,response_tables/trial_00014_hard_negative_structure_obs-empirical_prior-axis_edge_parallel_rel2x.npz,axis_edge_parallel,2.0,3,affine_linear,1,True,16,40,10,0.01,0.747284047290366,0.7346433681165565,0.7312116316964276,3,0.025455843209017517,0.007972476608119925,5.103107153293017e-09,0.3131884708221232,2.0046898904080635e-07,,,,,,,,,
14,response_tables/trial_00014_hard_negative_structure_obs-empirical_prior-axis_edge_parallel_rel2x.npz,axis_edge_parallel,2.0,3,affine_quadratic,2,True,16,40,10,0.01,0.7534710990716984,0.7421575024877123,0.739244900750167,6,0.1704676422098251,0.013693653333953795,0.006265921871803051,0.08032992746563926,0.036757250763698936,,,,,,,,,
14,response_tables/trial_00014_hard_negative_structure_obs-empirical_prior-axis_edge_orthogonal_rel2x.npz,axis_edge_orthogonal,2.0,0,linear,1,False,16,40,10,0.01,0.006143099982896194,0.0044538348008187345,0.004895061788311866,2,0.027319495549237488,3.339401334171806e-08,,1.2223510233390864e-06,,0.027319495549237488,3.339401334171806e-08,3.339401334171806e-08,1.2223510233390864e-06,818095.6050319392,5.912804059553476,9.123075988602438e-10,1.0,1.0
14,response_tables/trial_00014_hard_negative_structure_obs-empirical_prior-axis_edge_orthogonal_rel2x.npz,axis_edge_orthogonal,2.0,0,quadratic,2,False,16,40,10,0.01,0.38302478358235137,0.3665824682706388,0.3582634676376392,5,1.3502722492577013,0.007856428524480293,2.77652233859137e-08,0.005818403309998621,2.0562685340809866e-08,,,,,,,,,
14,response_tables/trial_00014_hard_negative_structure_obs-empirical_prior-axis_edge_orthogonal_rel2x.npz,axis_edge_orthogonal,2.0,0,cubic,3,False,16,40,10,0.01,0.38342554806206863,0.3666765161656693,0.3583631376249837,9,1.349966410352726,0.12075709011694385,0.005840078083923424,0.08945192205589163,0.004326091404302052,,,,,,,,,
14,response_tables/trial_00014_hard_negative_structure_obs-empirical_prior-axis_edge_orthogonal_rel2x.npz,axis_edge_orthogonal,2.0,0,affine_linear,1,True,16,40,10,0.01,0.7250522698925594,0.7145223919851829,0.7121868210908364,3,0.039442137130558864,0.006691034265174664,2.8730615304997583e-08,0.16964177785362963,7.284244058554768e-07,,,,,,,,,
14,response_tables/trial_00014_hard_negative_structure_obs-empirical_prior-axis_edge_orthogonal_rel2x.npz,axis_edge_orthogonal,2.0,0,affine_quadratic,2,True,16,40,10,0.01,0.7328904012228299,0.7199757760870127,0.7179442747345459,6,0.24800066275740837,0.0141855812398864,0.0035464498146571995,0.05719977149320196,0.01430016264967122,,,,,,,,,
14,response_tables/trial_00014_hard_negative_structure_obs-empirical_prior-axis_edge_orthogonal_rel2x.npz,axis_edge_orthogonal,2.0,1,linear,1,False,16,40,10,0.01,0.001295290296894236,-0.004694915245802234,-0.004565175734826538,2,0.01797582815459693,1.2460810490709966e-07,,6.931981315989262e-06,,0.01797582815459693,1.2460810490709966e-07,1.2460810490709966e-07,6.931981315989262e-06,144258.90007715495,5.15914261652559,2.23993388048001e-09,1.0,1.0
14,response_tables/trial_00014_hard_negative_structure_obs-empirical_prior-axis_edge_orthogonal_rel2x.npz,axis_edge_orthogonal,2.0,1,quadratic,2,False,16,40,10,0.01,0.3852895238146793,0.3726828194865568,0.3708692396115031,5,2.1125771374519875,0.005470525154070549,7.61771906069118e-08,0.0025895031509564834,3.605889188916922e-08,,,,,,,,,
14,response_tables/trial_00014_hard_negative_structure_obs-empirical_prior-axis_edge_orthogonal_rel2x.npz,axis_edge_orthogonal,2.0,1,cubic,3,False,16,40,10,0.01,0.38917165060663605,0.3731280961088749,0.37125301240648423,9,2.193154343431606,0.04111722402659457,0.004630557622690169,0.018747984677749067,0.002111368785584321,,,,,,,,,
14,response_tables/trial_00014_hard_negative_structure_obs-empirical_prior-axis_edge_orthogonal_rel2x.npz,axis_edge_orthogonal,2.0,1,affine_linear,1,True,16,40,10,0.01,0.7719906387520858,0.762609105832982,0.7616613196006831,3,0.04663962138585515,0.005284349196649129,7.574762843795936e-08,0.1133017172873484,1.6241047029796876e-06,,,,,,,,,
14,response_tables/trial_00014_hard_negative_structure_obs-empirical_prior-axis_edge_orthogonal_rel2x.npz,axis_edge_orthogonal,2.0,1,affine_quadratic,2,True,16,40,10,0.01,0.7774507001175894,0.7683911401983328,0.7677616063327757,6,0.3168055949665602,0.020444444804739285,0.005070408291844729,0.06453309262703286,0.0160047940200675,,,,,,,,,
14,response_tables/trial_00014_hard_negative_structure_obs-empirical_prior-axis_edge_orthogonal_rel2x.npz,axis_edge_orthogonal,2.0,2,linear,1,False,16,40,10,0.01,0.00013379127955126524,-0.0029032990182695784,-0.00271981867457477,2,0.0056285571105786246,5.006939161323858e-09,,8.895599818847955e-07,,0.0056285571105786246,5.006939161323858e-09,5.006939161323858e-09,8.895599818847955e-07,1124151.2886868007,6.050824762674706,2.8181843018703976e-11,1.0,1.0
14,response_tables/trial_00014_hard_negative_structure_obs-empirical_prior-axis_edge_orthogonal_rel2x.npz,axis_edge_orthogonal,2.0,2,quadratic,2,False,16,40,10,0.01,0.4278485442110712,0.41409246352440954,0.41118856265366593,5,2.0295409543271705,0.004271491334933191,7.656771578624031e-10,0.0021046588519566325,3.772661774722545e-10,,,,,,,,,
14,response_tables/trial_00014_hard_negative_structure_obs-empirical_prior-axis_edge_orthogonal_rel2x.npz,axis_edge_orthogonal,2.0,2,cubic,3,False,16,40,10,0.01,0.42843464595985137,0.4139104083855909,0.4110242964462217,9,2.0427524862681175,0.053378046336897196,0.004047262720090475,0.02613045226757402,0.0019812790572020676,,,,,,,,,
14,response_tables/trial_00014_hard_negative_structure_obs-empirical_prior-axis_edge_orthogonal_rel2x.npz,axis_edge_orthogonal,2.0,2,affine_linear,1,True,16,40,10,0.01,0.8600113558537642,0.8546601956151874,0.854020731904807,3,0.04476354811066372,0.004351860236586142,7.663873806643908e-10,0.0972188403347193,1.7120791648815245e-08,,,,,,,,,
14,response_tables/trial_00014_hard_negative_structure_obs-empirical_prior-axis_edge_orthogonal_rel2x.npz,axis_edge_orthogonal,2.0,2,affine_quadratic,2,True,16,40,10,0.01,0.8625392938015426,0.8578089350544146,0.8572530858372336,6,0.20348147810676523,0.024795741617715958,0.002698385750338501,0.12185748721908643,0.013261087817155908,,,,,,,,,
14,response_tables/trial_00014_hard_negative_structure_obs-empirical_prior-axis_edge_orthogonal_rel2x.npz,axis_edge_orthogonal,2.0,3,linear,1,False,16,40,10,0.01,0.0002493409650989875,-0.007187923672708152,-0.006720332665458517,2,0.004373671650458507,1.6431214656143983e-08,,3.756846871305815e-06,,0.004373671650458507,1.6431214656143983e-08,1.6431214656143983e-08,3.756846871305815e-06,266180.66539731424,5.425176506374521,7.186473772417527e-11,1.0,1.0
14,response_tables/trial_00014_hard_negative_structure_obs-empirical_prior-axis_edge_orthogonal_rel2x.npz,axis_edge_orthogonal,2.0,3,quadratic,2,False,16,40,10,0.01,0.3471250139033726,0.3357696925781678,0.3276148369355003,5,1.0062743836641788,0.00436736245010687,1.0778271370795384e-08,0.004340130804288046,1.0711066033051664e-08,,,,,,,,,
14,response_tables/trial_00014_hard_negative_structure_obs-empirical_prior-axis_edge_orthogonal_rel2x.npz,axis_edge_orthogonal,2.0,3,cubic,3,False,16,40,10,0.01,0.34792657315860176,0.33460734895197075,0.3264993477292766,9,1.013783860507595,0.06860883032092584,0.00433536813195492,0.06767599386182163,0.004276422520461343,,,,,,,,,
14,response_tables/trial_00014_hard_negative_structure_obs-empirical_prior-axis_edge_orthogonal_rel2x.npz,axis_edge_orthogonal,2.0,3,affine_linear,1,True,16,40,10,0.01,0.7090040312092771,0.6930163588906172,0.6926251566301784,3,0.023060952157854354,0.004361862028101649,1.0387873486717534e-08,0.1891449233424665,4.504529308075216e-07,,,,,,,,,
14,response_tables/trial_00014_hard_negative_structure_obs-empirical_prior-axis_edge_orthogonal_rel2x.npz,axis_edge_orthogonal,2.0,3,affine_quadratic,2,True,16,40,10,0.01,0.7141212153380093,0.6985619242010578,0.6983978362571235,6,0.15467853349194594,0.01327834978927554,0.004042110896798546,0.0858448130423149,0.02613233268732159,,,,,,,,,
15,response_tables/trial_00015_hard_negative_structure_obs-empirical_prior-axis_edge_parallel_rel0p5x.npz,axis_edge_parallel,0.5,0,linear,1,False,16,40,10,0.01,0.0031434400723526768,-0.001145667987953125,-0.0012258735533474951,2,0.02960634390137725,4.2116890393337785e-08,,1.4225630335726311e-06,,0.02960634390137725,4.2116890393337785e-08,4.2116890393337785e-08,1.4225630335726311e-06,702956.5484269584,5.846928480977696,1.2469271410417703e-09,1.0,1.0
15,response_tables/trial_00015_hard_negative_structure_obs-empirical_prior-axis_edge_parallel_rel0p5x.npz,axis_edge_parallel,0.5,0,quadratic,2,False,16,40,10,0.01,0.297100892461312,0.24890988832615735,0.23264495760429268,5,1.699737299265314,0.013486007262649284,9.807987068223724e-09,0.007934171514903162,5.770295840694371e-09,,,,,,,,,
15,response_tables/trial_00015_hard_negative_structure_obs-empirical_prior-axis_edge_parallel_rel0p5x.npz,axis_edge_parallel,0.5,0,cubic,3,False,16,40,10,0.01,0.30093511056960653,0.250091939008792,0.23391423527472324,9,1.7433382714603878,0.04125053617688814,0.012483486905403931,0.023661808412163594,0.007160679662557148,,,,,,,,,
15,response_tables/trial_00015_hard_negative_structure_obs-empirical_prior-axis_edge_parallel_rel0p5x.npz,axis_edge_parallel,0.5,0,affine_linear,1,True,16,40,10,0.01,0.44650672929418733,0.36740832048654337,-0.037186308965079795,3,0.03493366712576399,0.008486420736897754,9.312220152193935e-09,0.2429295701005555,2.6656864046563447e-07,,,,,,,,,
15,response_tables/trial_00015_hard_negative_structure_obs-empirical_prior-axis_edge_parallel_rel0p5x.npz,axis_edge_parallel,0.5,0,affine_quadratic,2,True,16,40,10,0.01,0.5510803747706742,0.46844957820187827,0.19392216630952247,6,1.06441053097279,0.01299274452869332,0.0036697118809552796,0.012206516330516707,0.003447647100598904,,,,,,,,,
15,response_tables/trial_00015_hard_negative_structure_obs-empirical_prior-axis_edge_parallel_rel0p5x.npz,axis_edge_parallel,0.5,1,linear,1,False,16,40,10,0.01,0.0031434400723526768,-0.001145667987953125,-0.0012258735533474951,2,0.02960634390137725,4.2116890393337785e-08,,1.4225630335726311e-06,,0.02960634390137725,4.2116890393337785e-08,4.2116890393337785e-08,1.4225630335726311e-06,702956.5484269584,5.846928480977696,1.2469271410417703e-09,1.0,1.0
15,response_tables/trial_00015_hard_negative_structure_obs-empirical_prior-axis_edge_parallel_rel0p5x.npz,axis_edge_parallel,0.5,1,quadratic,2,False,16,40,10,0.01,0.297100892461312,0.24890988832615735,0.23264495760429268,5,1.699737299265314,0.013486007262649284,9.807987068223724e-09,0.007934171514903162,5.770295840694371e-09,,,,,,,,,
15,response_tables/trial_00015_hard_negative_structure_obs-empirical_prior-axis_edge_parallel_rel0p5x.npz,axis_edge_parallel,0.5,1,cubic,3,False,16,40,10,0.01,0.30093511056960653,0.250091939008792,0.23391423527472324,9,1.7433382714603878,0.04125053617688814,0.012483486905403931,0.023661808412163594,0.007160679662557148,,,,,,,,,
15,response_tables/trial_00015_hard_negative_structure_obs-empirical_prior-axis_edge_parallel_rel0p5x.npz,axis_edge_parallel,0.5,1,affine_linear,1,True,16,40,10,0.01,0.44650672929418733,0.36740832048654337,-0.037186308965079795,3,0.03493366712576399,0.008486420736897754,9.312220152193935e-09,0.2429295701005555,2.6656864046563447e-07,,,,,,,,,
15,response_tables/trial_00015_hard_negative_structure_obs-empirical_prior-axis_edge_parallel_rel0p5x.npz,axis_edge_parallel,0.5,1,affine_quadratic,2,True,16,40,10,0.01,0.5510803747706742,0.46844957820187827,0.19392216630952247,6,1.06441053097279,0.01299274452869332,0.0036697118809552796,0.012206516330516707,0.003447647100598904,,,,,,,,,
15,response_tables/trial_00015_hard_negative_structure_obs-empirical_prior-axis_edge_parallel_rel0p5x.npz,axis_edge_parallel,0.5,2,linear,1,False,16,40,10,0.01,0.0032235597584675535,-0.002503049383345779,-0.0004811296772300744,2,0.014847519895522101,4.2331451742697245e-09,,2.851078970802665e-07,,0.014847519895522101,4.2331451742697245e-09,4.2331451742697245e-09,2.851078970802665e-07,3507444.059743002,6.544990753189017,6.285170719560311e-11,1.0,1.0
15,response_tables/trial_00015_hard_negative_structure_obs-empirical_prior-axis_edge_parallel_rel0p5x.npz,axis_edge_parallel,0.5,2,quadratic,2,False,16,40,10,0.01,0.38552630999467596,0.2975718410722443,0.2398699951501518,5,1.02010963895195,0.008621990489704426,4.1796372826574705e-09,0.00845202335168852,4.097243201183342e-09,,,,,,,,,
15,response_tables/trial_00015_hard_negative_structure_obs-empirical_prior-axis_edge_parallel_rel0p5x.npz,axis_edge_parallel,0.5,2,cubic,3,False,16,40,10,0.01,0.38684497184228583,0.29817912952458436,0.24040487579625222,9,1.0243573658157494,0.041953492651132525,0.004134324612292157,0.04095591446030435,0.0040360178491026695,,,,,,,,,
15,response_tables/trial_00015_hard_negative_structure_obs-empirical_prior-axis_edge_parallel_rel0p5x.npz,axis_edge_parallel,0.5,2,affine_linear,1,True,16,40,10,0.01,0.3368355300015221,0.2508719438714573,-0.30448837239568327,3,0.01660512500269957,0.004632333757602798,4.199095174918518e-09,0.27897012258864046,2.5287946788933245e-07,,,,,,,,,
15,response_tables/trial_00015_hard_negative_structure_obs-empirical_prior-axis_edge_parallel_rel0p5x.npz,axis_edge_parallel,0.5,2,affine_quadratic,2,True,16,40,10,0.01,0.4993731409783534,0.38073194063124915,0.03164376314586648,6,0.7132965191453342,0.008538312867597587,0.0007937536531122933,0.011970215244885984,0.0011127961959822292,,,,,,,,,
15,response_tables/trial_00015_hard_negative_structure_obs-empirical_prior-axis_edge_parallel_rel0p5x.npz,axis_edge_parallel,0.5,3,linear,1,False,16,40,10,0.01,0.0014094275964863234,-0.004391633537481621,-0.003415002269524653,2,0.020411772356649142,1.2818176100405864e-09,,6.27979573573401e-08,,0.020411772356649142,1.2818176100405864e-09,1.2818176100405864e-09,6.27979573573401e-08,15924084.828264171,7.202054482423044,2.6164169258892513e-11,1.0,1.0
15,response_tables/trial_00015_hard_negative_structure_obs-empirical_prior-axis_edge_parallel_rel0p5x.npz,axis_edge_parallel,0.5,3,quadratic,2,False,16,40,10,0.01,0.38096089972313163,0.3453180841958825,0.28809599568587996,5,2.0851984051270374,0.009975155256331032,1.224446391287884e-09,0.004783791907669003,5.872085784629624e-10,,,,,,,,,
15,response_tables/trial_00015_hard_negative_structure_obs-empirical_prior-axis_edge_parallel_rel0p5x.npz,axis_edge_parallel,0.5,3,cubic,3,False,16,40,10,0.01,0.3822919295639251,0.3456630931974479,0.2883591548622055,9,2.0991355114049357,0.010004196310182772,0.009353706530637518,0.004765864926694055,0.004455980321335783,,,,,,,,,
15,response_tables/trial_00015_hard_negative_structure_obs-empirical_prior-axis_edge_parallel_rel0p5x.npz,axis_edge_parallel,0.5,3,affine_linear,1,True,16,40,10,0.01,0.56915777752543,0.5167363681149109,0.38355518886850515,3,0.029942151049217637,0.009199520693763875,1.2687910464077097e-09,0.30724314624697785,4.237474603351392e-08,,,,,,,,,
15,response_tables/trial_00015_hard_negative_structure_obs-empirical_prior-axis_edge_parallel_rel0p5x.npz,axis_edge_parallel,0.5,3,affine_quadratic,2,True,16,40,10,0.01,0.6749782967501734,0.6278816101214308,0.5389377004150327,6,1.1790442339143725,0.009278088716350854,0.005740165030924295,0.007869160841869373,0.004868489973329678,,,,,,,,,
15,response_tables/trial_00015_hard_negative_structure_obs-empirical_prior-axis_edge_orthogonal_rel0p5x.npz,axis_edge_orthogonal,0.5,0,linear,1,False,16,40,10,0.01,0.002910445305829623,-0.00035174539414950523,-0.0003900057881726371,2,0.03108706105316311,3.857945528111648e-08,,1.2410132696410367e-06,,0.03108706105316311,3.857945528111648e-08,3.857945528111648e-08,1.2410132696410367e-06,805793.1566591953,5.906223574745373,1.199321881721844e-09,1.0,1.0
15,response_tables/trial_00015_hard_negative_structure_obs-empirical_prior-axis_edge_orthogonal_rel0p5x.npz,axis_edge_orthogonal,0.5,0,quadratic,2,False,16,40,10,0.01,0.2820730833992836,0.23155747277497396,0.21505843705534697,5,1.8075063217225227,0.010142189483846861,1.2265272349265251e-08,0.005611150213948645,6.785742435233452e-09,,,,,,,,,
15,response_tables/trial_00015_hard_negative_structure_obs-empirical_prior-axis_edge_orthogonal_rel0p5x.npz,axis_edge_orthogonal,0.5,0,cubic,3,False,16,40,10,0.01,0.28592805820090983,0.23292716682751546,0.21648588826068368,9,1.8560799044701304,0.05089495559249698,0.007021630766447949,0.02742067055945329,0.0037830433644248027,,,,,,,,,
15,response_tables/trial_00015_hard_negative_structure_obs-empirical_prior-axis_edge_orthogonal_rel0p5x.npz,axis_edge_orthogonal,0.5,0,affine_linear,1,True,16,40,10,0.01,0.5068252164663811,0.4428044433112449,0.2405531384384541,3,0.03834157201837706,0.007690403556577054,1.4406398918053926e-08,0.20057611495144367,3.7573834769082915e-07,,,,,,,,,
15,response_tables/trial_00015_hard_negative_structure_obs-empirical_prior-axis_edge_orthogonal_rel0p5x.npz,axis_edge_orthogonal,0.5,0,affine_quadratic,2,True,16,40,10,0.01,0.5918745743864757,0.52238215121226,0.38311124223526344,6,1.047530459504223,0.008768932025508762,0.0035502508647660084,0.008371052073902402,0.0033891624177174546,,,,,,,,,
15,response_tables/trial_00015_hard_negative_structure_obs-empirical_prior-axis_edge_orthogonal_rel0p5x.npz,axis_edge_orthogonal,0.5,1,linear,1,False,16,40,10,0.01,0.002910445305829623,-0.00035174539414950523,-0.0003900057881726371,2,0.03108706105316311,3.857945528111648e-08,,1.2410132696410367e-06,,0.03108706105316311,3.857945528111648e-08,3.857945528111648e-08,1.2410132696410367e-06,805793.1566591953,5.906223574745373,1.199321881721844e-09,1.0,1.0
15,response_tables/trial_00015_hard_negative_structure_obs-empirical_prior-axis_edge_orthogonal_rel0p5x.npz,axis_edge_orthogonal,0.5,1,quadratic,2,False,16,40,10,0.01,0.2820730833992836,0.23155747277497396,0.21505843705534697,5,1.8075063217225227,0.010142189483846861,1.2265272349265251e-08,0.005611150213948645,6.785742435233452e-09,,,,,,,,,
15,response_tables/trial_00015_hard_negative_structure_obs-empirical_prior-axis_edge_orthogonal_rel0p5x.npz,axis_edge_orthogonal,0.5,1,cubic,3,False,16,40,10,0.01,0.28592805820090983,0.23292716682751546,0.21648588826068368,9,1.8560799044701304,0.05089495559249698,0.007021630766447949,0.02742067055945329,0.0037830433644248027,,,,,,,,,
15,response_tables/trial_00015_hard_negative_structure_obs-empirical_prior-axis_edge_orthogonal_rel0p5x.npz,axis_edge_orthogonal,0.5,1,affine_linear,1,True,16,40,10,0.01,0.5068252164663811,0.4428044433112449,0.2405531384384541,3,0.03834157201837706,0.007690403556577054,1.4406398918053926e-08,0.20057611495144367,3.7573834769082915e-07,,,,,,,,,
15,response_tables/trial_00015_hard_negative_structure_obs-empirical_prior-axis_edge_orthogonal_rel0p5x.npz,axis_edge_orthogonal,0.5,1,affine_quadratic,2,True,16,40,10,0.01,0.5918745743864757,0.52238215121226,0.38311124223526344,6,1.047530459504223,0.008768932025508762,0.0035502508647660084,0.008371052073902402,0.0033891624177174546,,,,,,,,,
15,response_tables/trial_00015_hard_negative_structure_obs-empirical_prior-axis_edge_orthogonal_rel0p5x.npz,axis_edge_orthogonal,0.5,2,linear,1,False,16,40,10,0.01,0.0006150322601735647,-0.0022280290725233964,-0.0013041379151727817,2,0.011088066328788525,9.943254861502265e-09,,8.967528301743717e-07,,0.011088066328788525,9.943254861502265e-09,9.943254861502265e-09,8.967528301743717e-07,1115134.4789238658,6.04732724400558,1.1025146942838607e-10,1.0,1.0
15,response_tables/trial_00015_hard_negative_structure_obs-empirical_prior-axis_edge_orthogonal_rel0p5x.npz,axis_edge_orthogonal,0.5,2,quadratic,2,False,16,40,10,0.01,0.40782611038619676,0.34544971644280664,0.2975262307603413,5,1.7999150284972327,0.006468263306948729,9.582443432903744e-09,0.0035936492581814528,5.323831003791453e-09,,,,,,,,,
15,response_tables/trial_00015_hard_negative_structure_obs-empirical_prior-axis_edge_orthogonal_rel0p5x.npz,axis_edge_orthogonal,0.5,2,cubic,3,False,16,40,10,0.01,0.408799102554668,0.34592123265016916,0.29804314488202055,9,1.8052943316745151,0.057838654868244986,0.00618509777890111,0.03203835178200348,0.003426088295067139,,,,,,,,,
15,response_tables/trial_00015_hard_negative_structure_obs-empirical_prior-axis_edge_orthogonal_rel0p5x.npz,axis_edge_orthogonal,0.5,2,affine_linear,1,True,16,40,10,0.01,0.483123851022506,0.4229562866096487,0.2483537337506992,3,0.02032438021376479,0.0058565049415196845,9.021685768301902e-09,0.28815171138912943,4.438849142465815e-07,,,,,,,,,
15,response_tables/trial_00015_hard_negative_structure_obs-empirical_prior-axis_edge_orthogonal_rel0p5x.npz,axis_edge_orthogonal,0.5,2,affine_quadratic,2,True,16,40,10,0.01,0.6217992911182815,0.5506301120750061,0.44229502585461256,6,1.1263796103892743,0.00656621364962685,0.004342509393983069,0.005829485538501164,0.003855280541239829,,,,,,,,,
15,response_tables/trial_00015_hard_negative_structure_obs-empirical_prior-axis_edge_orthogonal_rel0p5x.npz,axis_edge_orthogonal,0.5,3,linear,1,False,16,40,10,0.01,0.0009078386189482757,-0.007350883728844071,-0.005354880698654946,2,0.015474271558519178,2.576007077199078e-09,,1.66470328988177e-07,,0.015474271558519178,2.576007077199078e-09,2.576007077199078e-09,1.66470328988177e-07,6007076.492718542,6.778663162187751,3.986183304924581e-11,1.0,1.0
15,response_tables/trial_00015_hard_negative_structure_obs-empirical_prior-axis_edge_orthogonal_rel0p5x.npz,axis_edge_orthogonal,0.5,3,quadratic,2,False,16,40,10,0.01,0.3822218818437497,0.3411819893354291,0.2850699835721522,5,1.974290308022898,0.007589479349725079,1.9391372966971786e-09,0.0038441557043985934,9.821946087751794e-10,,,,,,,,,
15,response_tables/trial_00015_hard_negative_structure_obs-empirical_prior-axis_edge_orthogonal_rel0p5x.npz,axis_edge_orthogonal,0.5,3,cubic,3,False,16,40,10,0.01,0.3837135099217319,0.34165206744978904,0.2854544104863317,9,1.988407778379775,0.038022122609541895,0.0074640705283697244,0.019121893920835326,0.0037537926624144034,,,,,,,,,
15,response_tables/trial_00015_hard_negative_structure_obs-empirical_prior-axis_edge_orthogonal_rel0p5x.npz,axis_edge_orthogonal,0.5,3,affine_linear,1,True,16,40,10,0.01,0.4656601810799227,0.40190999169783215,0.23301774141711834,3,0.024745834911130454,0.006278741037964466,2.2523645411077216e-09,0.2537292057638494,9.101994534420128e-08,,,,,,,,,
15,response_tables/trial_00015_hard_negative_structure_obs-empirical_prior-axis_edge_orthogonal_rel0p5x.npz,axis_edge_orthogonal,0.5,3,affine_quadratic,2,True,16,40,10,0.01,0.5940553619688826,0.5353565664453631,0.4214672685259579,6,1.2267702808646244,0.00789507318784541,0.004186476404864458,0.0064356573606274385,0.003412600117695907,,,,,,,,,
16,response_tables/trial_00016_hard_negative_structure_obs-empirical_prior-axis_edge_parallel_rel1x.npz,axis_edge_parallel,1.0,0,linear,1,False,16,40,10,0.01,0.0024988783025385874,-0.0035078259818279722,-0.00603756223607238,2,0.02419250460124591,5.9123025904920685e-08,,2.443857173096326e-06,,0.02419250460124591,5.9123025904920685e-08,5.9123025904920685e-08,2.443857173096326e-06,409189.21572369017,5.6119241792595504,1.4303340762443748e-09,1.0,1.0
16,response_tables/trial_00016_hard_negative_structure_obs-empirical_prior-axis_edge_parallel_rel1x.npz,axis_edge_parallel,1.0,0,quadratic,2,False,16,40,10,0.01,0.4374800085397855,0.2887811617283472,0.23867923304841213,5,2.318931178874024,0.014610175306345783,2.1982522105295148e-08,0.006300391938944851,9.479592281806715e-09,,,,,,,,,
16,response_tables/trial_00016_hard_negative_structure_obs-empirical_prior-axis_edge_parallel_rel1x.npz,axis_edge_parallel,1.0,0,cubic,3,False,16,40,10,0.01,0.4374900025916111,0.28877009930437936,0.23865132729385474,9,2.318776593808893,0.02536647799510815,0.00793586471520957,0.010939595501712565,0.0034224360968616975,,,,,,,,,
16,response_tables/trial_00016_hard_negative_structure_obs-empirical_prior-axis_edge_parallel_rel1x.npz,axis_edge_parallel,1.0,0,affine_linear,1,True,16,40,10,0.01,0.6009527613191895,0.4913136750817614,0.41646845671347005,3,0.0312517762332753,0.010990616610169436,2.5934184868947094e-08,0.35167974223708887,8.298467477612904e-07,,,,,,,,,
16,response_tables/trial_00016_hard_negative_structure_obs-empirical_prior-axis_edge_parallel_rel1x.npz,axis_edge_parallel,1.0,0,affine_quadratic,2,True,16,40,10,0.01,0.7017082092578519,0.5628910489884327,0.5304587839617407,6,1.2116894312647069,0.01437430921711604,0.006265493920104953,0.011863030943591531,0.005170874448880282,,,,,,,,,
16,response_tables/trial_00016_hard_negative_structure_obs-empirical_prior-axis_edge_parallel_rel1x.npz,axis_edge_parallel,1.0,1,linear,1,False,16,40,10,0.01,0.0024988783025385874,-0.0035078259818279722,-0.00603756223607238,2,0.02419250460124591,5.9123025904920685e-08,,2.443857173096326e-06,,0.02419250460124591,5.9123025904920685e-08,5.9123025904920685e-08,2.443857173096326e-06,409189.21572369017,5.6119241792595504,1.4303340762443748e-09,1.0,1.0
16,response_tables/trial_00016_hard_negative_structure_obs-empirical_prior-axis_edge_parallel_rel1x.npz,axis_edge_parallel,1.0,1,quadratic,2,False,16,40,10,0.01,0.4374800085397855,0.2887811617283472,0.23867923304841213,5,2.318931178874024,0.014610175306345783,2.1982522105295148e-08,0.006300391938944851,9.479592281806715e-09,,,,,,,,,
16,response_tables/trial_00016_hard_negative_structure_obs-empirical_prior-axis_edge_parallel_rel1x.npz,axis_edge_parallel,1.0,1,cubic,3,False,16,40,10,0.01,0.4374900025916111,0.28877009930437936,0.23865132729385474,9,2.318776593808893,0.02536647799510815,0.00793586471520957,0.010939595501712565,0.0034224360968616975,,,,,,,,,
16,response_tables/trial_00016_hard_negative_structure_obs-empirical_prior-axis_edge_parallel_rel1x.npz,axis_edge_parallel,1.0,1,affine_linear,1,True,16,40,10,0.01,0.6009527613191895,0.4913136750817614,0.41646845671347005,3,0.0312517762332753,0.010990616610169436,2.5934184868947094e-08,0.35167974223708887,8.298467477612904e-07,,,,,,,,,
16,response_tables/trial_00016_hard_negative_structure_obs-empirical_prior-axis_edge_parallel_rel1x.npz,axis_edge_parallel,1.0,1,affine_quadratic,2,True,16,40,10,0.01,0.7017082092578519,0.5628910489884327,0.5304587839617407,6,1.2116894312647069,0.01437430921711604,0.006265493920104953,0.011863030943591531,0.005170874448880282,,,,,,,,,
16,response_tables/trial_00016_hard_negative_structure_obs-empirical_prior-axis_edge_parallel_rel1x.npz,axis_edge_parallel,1.0,2,linear,1,False,16,40,10,0.01,0.0013780930983413597,-0.0010693491144655454,-0.0034055454072646762,2,0.009257050074111027,4.514210454982831e-09,,4.876510787823884e-07,,0.009257050074111027,4.514210454982831e-09,4.514210454982831e-09,4.876510787823884e-07,2050646.5452652972,6.3118908107002785,4.178827222685159e-11,1.0,1.0
16,response_tables/trial_00016_hard_negative_structure_obs-empirical_prior-axis_edge_parallel_rel1x.npz,axis_edge_parallel,1.0,2,quadratic,2,False,16,40,10,0.01,0.4135947317446308,0.17248709813743757,0.10756798634956669,5,1.0879594861864212,0.00767547451129232,2.679925396542243e-09,0.00705492677691229,2.4632584490219143e-09,,,,,,,,,
16,response_tables/trial_00016_hard_negative_structure_obs-empirical_prior-axis_edge_parallel_rel1x.npz,axis_edge_parallel,1.0,2,cubic,3,False,16,40,10,0.01,0.41367660837079934,0.17237491443246622,0.10728738698768658,9,1.0883408522709963,0.007972091020123412,0.007144124863082005,0.007324994741756111,0.0065642347690750115,,,,,,,,,
16,response_tables/trial_00016_hard_negative_structure_obs-empirical_prior-axis_edge_parallel_rel1x.npz,axis_edge_parallel,1.0,2,affine_linear,1,True,16,40,10,0.01,0.4096667736298728,0.2479140102734554,-0.0710191095657012,3,0.01148215143580065,0.006828276057372326,3.0763837637158883e-09,0.5946861174537531,2.679274682028588e-07,,,,,,,,,
16,response_tables/trial_00016_hard_negative_structure_obs-empirical_prior-axis_edge_parallel_rel1x.npz,axis_edge_parallel,1.0,2,affine_quadratic,2,True,16,40,10,0.01,0.5512926201463324,0.29471461622421546,0.10759027848650357,6,0.6976529873253593,0.0073837328063416615,0.002552717016826528,0.010583675466866688,0.0036590067887662266,,,,,,,,,
16,response_tables/trial_00016_hard_negative_structure_obs-empirical_prior-axis_edge_parallel_rel1x.npz,axis_edge_parallel,1.0,3,linear,1,False,16,40,10,0.01,0.0008736625389199615,-0.005737309806433721,-0.0032798048178259154,2,0.016375919450232063,5.687492607117611e-09,,3.4730829156814237e-07,,0.016375919450232063,5.687492607117611e-09,5.687492607117611e-09,3.4730829156814237e-07,2879286.2833330845,6.459284848306555,9.313792080794836e-11,1.0,1.0
16,response_tables/trial_00016_hard_negative_structure_obs-empirical_prior-axis_edge_parallel_rel1x.npz,axis_edge_parallel,1.0,3,quadratic,2,False,16,40,10,0.01,0.40843447352054607,0.2968745090794176,0.23401595605768302,5,2.4187701062609044,0.008213362348031253,5.779270580687317e-10,0.003395677136397231,2.3893426521718087e-10,,,,,,,,,
16,response_tables/trial_00016_hard_negative_structure_obs-empirical_prior-axis_edge_parallel_rel1x.npz,axis_edge_parallel,1.0,3,cubic,3,False,16,40,10,0.01,0.4085654009031423,0.29688675038634404,0.2340143424069444,9,2.4201982638935573,0.020809040156127393,0.0062349798887805785,0.008598072507766494,0.002576226907439348,,,,,,,,,
16,response_tables/trial_00016_hard_negative_structure_obs-empirical_prior-axis_edge_parallel_rel1x.npz,axis_edge_parallel,1.0,3,affine_linear,1,True,16,40,10,0.01,0.7374610617797579,0.6736609138385437,0.6749674238972592,3,0.03219664878575239,0.007597925773480778,1.0617004634869567e-09,0.23598498787994981,3.297549600742232e-08,,,,,,,,,
16,response_tables/trial_00016_hard_negative_structure_obs-empirical_prior-axis_edge_parallel_rel1x.npz,axis_edge_parallel,1.0,3,affine_quadratic,2,True,16,40,10,0.01,0.791859138961243,0.6974881008923541,0.7133504533650024,6,0.9689564978669825,0.007928758997904725,0.006078202587988246,0.008182781183013625,0.006272936505785894,,,,,,,,,
16,response_tables/trial_00016_hard_negative_structure_obs-empirical_prior-axis_edge_orthogonal_rel1x.npz,axis_edge_orthogonal,1.0,0,linear,1,False,16,40,10,0.01,0.0006185053336632551,-0.003620712488962008,-0.004813546953475467,2,0.013987919135514868,9.984416491996425e-08,,7.1378854819415695e-06,,0.013987919135514868,9.984416491996425e-08,9.984416491996425e-08,7.1378854819415695e-06,140097.51242576548,5.146430424012722,1.3966121050534702e-09,1.0,1.0
16,response_tables/trial_00016_hard_negative_structure_obs-empirical_prior-axis_edge_orthogonal_rel1x.npz,axis_edge_orthogonal,1.0,0,quadratic,2,False,16,40,10,0.01,0.4097678357598301,0.29697578185631757,0.24048417699463687,5,2.6138098933792184,0.012447089984165617,2.3407931608236365e-08,0.004762048692100409,8.955483590267474e-09,,,,,,,,,
16,response_tables/trial_00016_hard_negative_structure_obs-empirical_prior-axis_edge_orthogonal_rel1x.npz,axis_edge_orthogonal,1.0,0,cubic,3,False,16,40,10,0.01,0.40977816363213093,0.29696731270152954,0.24046565784593082,9,2.6137287393233986,0.024398358031002765,0.011148632154655188,0.009334694019287798,0.004265412851350891,,,,,,,,,
16,response_tables/trial_00016_hard_negative_structure_obs-empirical_prior-axis_edge_orthogonal_rel1x.npz,axis_edge_orthogonal,1.0,0,affine_linear,1,True,16,40,10,0.01,0.6937111525055739,0.6192457364859933,0.5954391363915805,3,0.029137624945373978,0.012159561828329326,2.840522706378313e-08,0.41731478976497133,9.74864187353502e-07,,,,,,,,,
16,response_tables/trial_00016_hard_negative_structure_obs-empirical_prior-axis_edge_orthogonal_rel1x.npz,axis_edge_orthogonal,1.0,0,affine_quadratic,2,True,16,40,10,0.01,0.7596841416039724,0.6669538534670908,0.6608180667996484,6,1.1395975212532998,0.012365876651891136,0.005644248743982851,0.01085109121533668,0.004952843998621068,,,,,,,,,
16,response_tables/trial_00016_hard_negative_structure_obs-empirical_prior-axis_edge_orthogonal_rel1x.npz,axis_edge_orthogonal,1.0,1,linear,1,False,16,40,10,0.01,0.0006185053336632551,-0.003620712488962008,-0.004813546953475467,2,0.013987919135514868,9.984416491996425e-08,,7.1378854819415695e-06,,0.013987919135514868,9.984416491996425e-08,9.984416491996425e-08,7.1378854819415695e-06,140097.51242576548,5.146430424012722,1.3966121050534702e-09,1.0,1.0
16,response_tables/trial_00016_hard_negative_structure_obs-empirical_prior-axis_edge_orthogonal_rel1x.npz,axis_edge_orthogonal,1.0,1,quadratic,2,False,16,40,10,0.01,0.4097678357598301,0.29697578185631757,0.24048417699463687,5,2.6138098933792184,0.012447089984165617,2.3407931608236365e-08,0.004762048692100409,8.955483590267474e-09,,,,,,,,,
16,response_tables/trial_00016_hard_negative_structure_obs-empirical_prior-axis_edge_orthogonal_rel1x.npz,axis_edge_orthogonal,1.0,1,cubic,3,False,16,40,10,0.01,0.40977816363213093,0.29696731270152954,0.24046565784593082,9,2.6137287393233986,0.024398358031002765,0.011148632154655188,0.009334694019287798,0.004265412851350891,,,,,,,,,
16,response_tables/trial_00016_hard_negative_structure_obs-empirical_prior-axis_edge_orthogonal_rel1x.npz,axis_edge_orthogonal,1.0,1,affine_linear,1,True,16,40,10,0.01,0.6937111525055739,0.6192457364859933,0.5954391363915805,3,0.029137624945373978,0.012159561828329326,2.840522706378313e-08,0.41731478976497133,9.74864187353502e-07,,,,,,,,,
16,response_tables/trial_00016_hard_negative_structure_obs-empirical_prior-axis_edge_orthogonal_rel1x.npz,axis_edge_orthogonal,1.0,1,affine_quadratic,2,True,16,40,10,0.01,0.7596841416039724,0.6669538534670908,0.6608180667996484,6,1.1395975212532998,0.012365876651891136,0.005644248743982851,0.01085109121533668,0.004952843998621068,,,,,,,,,
16,response_tables/trial_00016_hard_negative_structure_obs-empirical_prior-axis_edge_orthogonal_rel1x.npz,axis_edge_orthogonal,1.0,2,linear,1,False,16,40,10,0.01,0.0016511337926461422,-0.0002071697493275515,-0.0016058282624268339,2,0.01844407436499097,5.7816424043705554e-09,,3.13468829606586e-07,,0.01844407436499097,5.7816424043705554e-09,5.7816424043705554e-09,3.13468829606586e-07,3190109.8468228364,6.503805637617576,1.0663704245799572e-10,1.0,1.0
16,response_tables/trial_00016_hard_negative_structure_obs-empirical_prior-axis_edge_orthogonal_rel1x.npz,axis_edge_orthogonal,1.0,2,quadratic,2,False,16,40,10,0.01,0.3927324314138304,0.2748414879007166,0.214118514332903,5,1.9289122862165156,0.013879000684985751,3.5822421460175308e-09,0.00719524717850642,1.857130659395589e-09,,,,,,,,,
16,response_tables/trial_00016_hard_negative_structure_obs-empirical_prior-axis_edge_orthogonal_rel1x.npz,axis_edge_orthogonal,1.0,2,cubic,3,False,16,40,10,0.01,0.39281255836485507,0.27479930395870344,0.21401829255405294,9,1.9296461749425853,0.015221937541464765,0.005775999319467853,0.00788846045411288,0.0029932945192087932,,,,,,,,,
16,response_tables/trial_00016_hard_negative_structure_obs-empirical_prior-axis_edge_orthogonal_rel1x.npz,axis_edge_orthogonal,1.0,2,affine_linear,1,True,16,40,10,0.01,0.6816845462435752,0.6091482609966226,0.5814922083684612,3,0.026443363806420275,0.012365416004178833,3.379875094362107e-09,0.46761887385812057,1.2781562584490465e-07,,,,,,,,,
16,response_tables/trial_00016_hard_negative_structure_obs-empirical_prior-axis_edge_orthogonal_rel1x.npz,axis_edge_orthogonal,1.0,2,affine_quadratic,2,True,16,40,10,0.01,0.7422715835629625,0.6350521954260953,0.6314254878781618,6,0.830793528068306,0.01312258208110421,0.005684123567856016,0.01579523869380131,0.006841800490516917,,,,,,,,,
16,response_tables/trial_00016_hard_negative_structure_obs-empirical_prior-axis_edge_orthogonal_rel1x.npz,axis_edge_orthogonal,1.0,3,linear,1,False,16,40,10,0.01,0.0036770900837319598,-0.005621164383535104,-0.0028141446863327035,2,0.03123560111994906,5.305569861869721e-09,,1.6985649936735948e-07,,0.03123560111994906,5.305569861869721e-09,5.305569861869721e-09,1.6985649936735948e-07,5887322.5559490435,6.7699178306875245,1.6572266391938583e-10,1.0,1.0
16,response_tables/trial_00016_hard_negative_structure_obs-empirical_prior-axis_edge_orthogonal_rel1x.npz,axis_edge_orthogonal,1.0,3,quadratic,2,False,16,40,10,0.01,0.40411982497277055,0.2972932625618294,0.2385770434512229,5,2.2289504492455436,0.013851575067730076,1.1156208439285634e-09,0.006214393448009831,5.005139725318611e-10,,,,,,,,,
16,response_tables/trial_00016_hard_negative_structure_obs-empirical_prior-axis_edge_orthogonal_rel1x.npz,axis_edge_orthogonal,1.0,3,cubic,3,False,16,40,10,0.01,0.40421247700933505,0.29725491692556383,0.2385284749440165,9,2.2300080216203746,0.014223610870844542,0.0036560843654210237,0.006378277895390413,0.0016394938179479864,,,,,,,,,
16,response_tables/trial_00016_hard_negative_structure_obs-empirical_prior-axis_edge_orthogonal_rel1x.npz,axis_edge_orthogonal,1.0,3,affine_linear,1,True,16,40,10,0.01,0.6502894462583548,0.5773134623891245,0.5081381695342013,3,0.03892904176148172,0.00933426141947121,1.712929148485447e-09,0.2397762954624529,4.400131806430185e-08,,,,,,,,,
16,response_tables/trial_00016_hard_negative_structure_obs-empirical_prior-axis_edge_orthogonal_rel1x.npz,axis_edge_orthogonal,1.0,3,affine_quadratic,2,True,16,40,10,0.01,0.7171763722070363,0.6188631158592318,0.5814119866530811,6,0.9988820428676642,0.013354230203007455,0.005071354257309363,0.013369176369082724,0.0050770301593871334,,,,,,,,,
17,response_tables/trial_00017_hard_negative_structure_obs-empirical_prior-axis_edge_parallel_rel2x.npz,axis_edge_parallel,2.0,0,linear,1,False,16,40,10,0.01,0.0006504598289955865,-0.000283091691268611,-0.0001367351760413471,2,0.011910423511149834,3.979044983351855e-08,,3.340808980996275e-06,,0.011910423511149834,3.979044983351855e-08,3.979044983351855e-08,3.340808980996275e-06,299328.6972372142,5.476148355511492,4.739211092163674e-10,1.0,1.0
17,response_tables/trial_00017_hard_negative_structure_obs-empirical_prior-axis_edge_parallel_rel2x.npz,axis_edge_parallel,2.0,0,quadratic,2,False,16,40,10,0.01,0.2524510568073809,0.09188943856347143,0.09774394374655629,5,1.3422000627498698,0.006238487940903108,2.1876380726608188e-08,0.004647956824053362,1.6298897112095453e-08,,,,,,,,,
17,response_tables/trial_00017_hard_negative_structure_obs-empirical_prior-axis_edge_parallel_rel2x.npz,axis_edge_parallel,2.0,0,cubic,3,False,16,40,10,0.01,0.35806389562889607,0.1483016061602046,0.15305107534698803,9,2.744150367986768,0.025135217167218487,0.006144531655201762,0.0091595626320065,0.002239138105143147,,,,,,,,,
17,response_tables/trial_00017_hard_negative_structure_obs-empirical_prior-axis_edge_parallel_rel2x.npz,axis_edge_parallel,2.0,0,affine_linear,1,True,16,40,10,0.01,0.8143188040202539,0.803873682343176,0.7975818555773062,3,0.042489616338021396,0.006176596375694961,2.1144069051851178e-08,0.1453671957533751,4.976290885670018e-07,,,,,,,,,
17,response_tables/trial_00017_hard_negative_structure_obs-empirical_prior-axis_edge_parallel_rel2x.npz,axis_edge_parallel,2.0,0,affine_quadratic,2,True,16,40,10,0.01,0.8154594546703853,0.8005103639796046,0.7947267229146258,6,0.11150391857911195,0.016053239495699072,0.005447029192964703,0.14397018239596046,0.04885056294322105,,,,,,,,,
17,response_tables/trial_00017_hard_negative_structure_obs-empirical_prior-axis_edge_parallel_rel2x.npz,axis_edge_parallel,2.0,1,linear,1,False,16,40,10,0.01,0.0006504598289955865,-0.000283091691268611,-0.0001367351760413471,2,0.011910423511149834,3.979044983351855e-08,,3.340808980996275e-06,,0.011910423511149834,3.979044983351855e-08,3.979044983351855e-08,3.340808980996275e-06,299328.6972372142,5.476148355511492,4.739211092163674e-10,1.0,1.0
17,response_tables/trial_00017_hard_negative_structure_obs-empirical_prior-axis_edge_parallel_rel2x.npz,axis_edge_parallel,2.0,1,quadratic,2,False,16,40,10,0.01,0.2524510568073809,0.09188943856347143,0.09774394374655629,5,1.3422000627498698,0.006238487940903108,2.1876380726608188e-08,0.004647956824053362,1.6298897112095453e-08,,,,,,,,,
17,response_tables/trial_00017_hard_negative_structure_obs-empirical_prior-axis_edge_parallel_rel2x.npz,axis_edge_parallel,2.0,1,cubic,3,False,16,40,10,0.01,0.35806389562889607,0.1483016061602046,0.15305107534698803,9,2.744150367986768,0.025135217167218487,0.006144531655201762,0.0091595626320065,0.002239138105143147,,,,,,,,,
17,response_tables/trial_00017_hard_negative_structure_obs-empirical_prior-axis_edge_parallel_rel2x.npz,axis_edge_parallel,2.0,1,affine_linear,1,True,16,40,10,0.01,0.8143188040202539,0.803873682343176,0.7975818555773062,3,0.042489616338021396,0.006176596375694961,2.1144069051851178e-08,0.1453671957533751,4.976290885670018e-07,,,,,,,,,
17,response_tables/trial_00017_hard_negative_structure_obs-empirical_prior-axis_edge_parallel_rel2x.npz,axis_edge_parallel,2.0,1,affine_quadratic,2,True,16,40,10,0.01,0.8154594546703853,0.8005103639796046,0.7947267229146258,6,0.11150391857911195,0.016053239495699072,0.005447029192964703,0.14397018239596046,0.04885056294322105,,,,,,,,,
17,response_tables/trial_00017_hard_negative_structure_obs-empirical_prior-axis_edge_parallel_rel2x.npz,axis_edge_parallel,2.0,2,linear,1,False,16,40,10,0.01,0.005485804581044307,0.0019922734229631534,0.0024526267352665554,2,0.01726062591446095,4.419739365126776e-09,,2.560590436887876e-07,,0.01726062591446095,4.419739365126776e-09,4.419739365126776e-09,2.560590436887876e-07,3905349.272550565,6.591659880814642,7.628746782087041e-11,1.0,1.0
17,response_tables/trial_00017_hard_negative_structure_obs-empirical_prior-axis_edge_parallel_rel2x.npz,axis_edge_parallel,2.0,2,quadratic,2,False,16,40,10,0.01,0.172400055880516,-0.32577004590915837,-0.2453034947869582,5,0.42288084603687554,0.006276393471513186,4.3885682106392005e-09,0.014841990433792028,1.0377789043338496e-08,,,,,,,,,
17,response_tables/trial_00017_hard_negative_structure_obs-empirical_prior-axis_edge_parallel_rel2x.npz,axis_edge_parallel,2.0,2,cubic,3,False,16,40,10,0.01,0.3733074204486677,-0.18256330454112768,-0.10235706961792779,9,1.3970964255574012,0.009458114081659388,0.002507535141020733,0.006769836289492955,0.001794818951040046,,,,,,,,,
17,response_tables/trial_00017_hard_negative_structure_obs-empirical_prior-axis_edge_parallel_rel2x.npz,axis_edge_parallel,2.0,2,affine_linear,1,True,16,40,10,0.01,0.6771744044604544,0.6496307910015375,0.6079523329641336,3,0.024928570600121477,0.005128885260825854,4.339006999918988e-09,0.20574325512273298,1.7405759317374757e-07,,,,,,,,,
17,response_tables/trial_00017_hard_negative_structure_obs-empirical_prior-axis_edge_parallel_rel2x.npz,axis_edge_parallel,2.0,2,affine_quadratic,2,True,16,40,10,0.01,0.6801217195346593,0.6171544953842237,0.5829690362130514,6,0.06721222921514085,0.007623717252487316,0.004474573231443677,0.11342753158929487,0.06657379592515722,,,,,,,,,
17,response_tables/trial_00017_hard_negative_structure_obs-empirical_prior-axis_edge_parallel_rel2x.npz,axis_edge_parallel,2.0,3,linear,1,False,16,40,10,0.01,0.0014399052423831327,-8.791366363669617e-05,-0.00017018620691458541,2,0.01854844022594139,1.1448036767481544e-09,,6.171967361153421e-08,,0.01854844022594139,1.1448036767481544e-09,1.1448036767481544e-09,6.171967361153421e-08,16202289.180821583,7.209576379256402,2.123432256860107e-11,1.0,1.0
17,response_tables/trial_00017_hard_negative_structure_obs-empirical_prior-axis_edge_parallel_rel2x.npz,axis_edge_parallel,2.0,3,quadratic,2,False,16,40,10,0.01,0.17240758393257383,-0.38187164838893217,-0.39211446792388344,5,0.8810028881033589,0.006344970855079463,8.088887582482712e-10,0.007201986441541692,9.181454103852752e-10,,,,,,,,,
17,response_tables/trial_00017_hard_negative_structure_obs-empirical_prior-axis_edge_parallel_rel2x.npz,axis_edge_parallel,2.0,3,cubic,3,False,16,40,10,0.01,0.3791155821768225,-0.24645664755156327,-0.25962223699968223,9,2.926916776381038,0.011366174146032724,0.005158880504887138,0.0038833267272075757,0.0017625648076218256,,,,,,,,,
17,response_tables/trial_00017_hard_negative_structure_obs-empirical_prior-axis_edge_parallel_rel2x.npz,axis_edge_parallel,2.0,3,affine_linear,1,True,16,40,10,0.01,0.8391201621096889,0.8336362705432314,0.8349633708335541,3,0.04717483779717906,0.006157361672481411,8.195310429073039e-10,0.1305221588456549,1.7372206904679804e-08,,,,,,,,,
17,response_tables/trial_00017_hard_negative_structure_obs-empirical_prior-axis_edge_parallel_rel2x.npz,axis_edge_parallel,2.0,3,affine_quadratic,2,True,16,40,10,0.01,0.8394427743110271,0.8273273195983054,0.8285762112768336,6,0.060915125243325416,0.019176750650559543,0.00463947048940336,0.3148109861706436,0.076162865476694,,,,,,,,,
17,response_tables/trial_00017_hard_negative_structure_obs-empirical_prior-axis_edge_orthogonal_rel2x.npz,axis_edge_orthogonal,2.0,0,linear,1,False,16,40,10,0.01,0.0007997445667343728,-0.0001461356823717619,-5.185821392242329e-05,2,0.014589012440327401,5.757855741959103e-08,,3.946706993026518e-06,,0.014589012440327401,5.757855741959103e-08,5.757855741959103e-08,3.946706993026518e-06,253375.7894282275,5.403765114809261,8.400142904905191e-10,1.0,1.0
17,response_tables/trial_00017_hard_negative_structure_obs-empirical_prior-axis_edge_orthogonal_rel2x.npz,axis_edge_orthogonal,2.0,0,quadratic,2,False,16,40,10,0.01,0.2585516876834628,0.0955931834209125,0.09990427794436144,5,1.5001059693809866,0.009289323754097283,3.646966933909795e-08,0.006192445029687129,2.431139538371881e-08,,,,,,,,,
17,response_tables/trial_00017_hard_negative_structure_obs-empirical_prior-axis_edge_orthogonal_rel2x.npz,axis_edge_orthogonal,2.0,0,cubic,3,False,16,40,10,0.01,0.3675027847425909,0.1538136720853115,0.1571330520963659,9,3.075631384643515,0.016665849174412193,0.009172115689199309,0.005418675741710794,0.002982189522123899,,,,,,,,,
17,response_tables/trial_00017_hard_negative_structure_obs-empirical_prior-axis_edge_orthogonal_rel2x.npz,axis_edge_orthogonal,2.0,0,affine_linear,1,True,16,40,10,0.01,0.8356727369751259,0.8281699277422856,0.8245325128907002,3,0.04754918064161741,0.009086550456304705,3.21267348891824e-08,0.19109793972667752,6.75652754804012e-07,,,,,,,,,
17,response_tables/trial_00017_hard_negative_structure_obs-empirical_prior-axis_edge_orthogonal_rel2x.npz,axis_edge_orthogonal,2.0,0,affine_quadratic,2,True,16,40,10,0.01,0.8366985516340626,0.8256261160559651,0.8223545787254006,6,0.11846690330862611,0.01293642051332319,0.008699297201201635,0.10919860443740688,0.07343230014663682,,,,,,,,,
17,response_tables/trial_00017_hard_negative_structure_obs-empirical_prior-axis_edge_orthogonal_rel2x.npz,axis_edge_orthogonal,2.0,1,linear,1,False,16,40,10,0.01,0.0007997445667343728,-0.0001461356823717619,-5.185821392242329e-05,2,0.014589012440327401,5.757855741959103e-08,,3.946706993026518e-06,,0.014589012440327401,5.757855741959103e-08,5.757855741959103e-08,3.946706993026518e-06,253375.7894282275,5.403765114809261,8.400142904905191e-10,1.0,1.0
17,response_tables/trial_00017_hard_negative_structure_obs-empirical_prior-axis_edge_orthogonal_rel2x.npz,axis_edge_orthogonal,2.0,1,quadratic,2,False,16,40,10,0.01,0.2585516876834628,0.0955931834209125,0.09990427794436144,5,1.5001059693809866,0.009289323754097283,3.646966933909795e-08,0.006192445029687129,2.431139538371881e-08,,,,,,,,,
17,response_tables/trial_00017_hard_negative_structure_obs-empirical_prior-axis_edge_orthogonal_rel2x.npz,axis_edge_orthogonal,2.0,1,cubic,3,False,16,40,10,0.01,0.3675027847425909,0.1538136720853115,0.1571330520963659,9,3.075631384643515,0.016665849174412193,0.009172115689199309,0.005418675741710794,0.002982189522123899,,,,,,,,,
17,response_tables/trial_00017_hard_negative_structure_obs-empirical_prior-axis_edge_orthogonal_rel2x.npz,axis_edge_orthogonal,2.0,1,affine_linear,1,True,16,40,10,0.01,0.8356727369751259,0.8281699277422856,0.8245325128907002,3,0.04754918064161741,0.009086550456304705,3.21267348891824e-08,0.19109793972667752,6.75652754804012e-07,,,,,,,,,
17,response_tables/trial_00017_hard_negative_structure_obs-empirical_prior-axis_edge_orthogonal_rel2x.npz,axis_edge_orthogonal,2.0,1,affine_quadratic,2,True,16,40,10,0.01,0.8366985516340626,0.8256261160559651,0.8223545787254006,6,0.11846690330862611,0.01293642051332319,0.008699297201201635,0.10919860443740688,0.07343230014663682,,,,,,,,,
17,response_tables/trial_00017_hard_negative_structure_obs-empirical_prior-axis_edge_orthogonal_rel2x.npz,axis_edge_orthogonal,2.0,2,linear,1,False,16,40,10,0.01,0.0005598350028367394,-0.00143132527476042,-0.0014637396802873737,2,0.009976656857066326,7.093070615589153e-09,,7.109666812450536e-07,,0.009976656857066326,7.093070615589153e-09,7.093070615589153e-09,7.109666812450536e-07,1406535.6737235389,6.148150751577514,7.076513159467319e-11,1.0,1.0
17,response_tables/trial_00017_hard_negative_structure_obs-empirical_prior-axis_edge_orthogonal_rel2x.npz,axis_edge_orthogonal,2.0,2,quadratic,2,False,16,40,10,0.01,0.16952422432710357,-0.39781680923295193,-0.40758626806333187,5,0.7681193658163207,0.004942862015464582,6.825018716606225e-09,0.0064350180915065764,8.8853621199264e-09,,,,,,,,,
17,response_tables/trial_00017_hard_negative_structure_obs-empirical_prior-axis_edge_orthogonal_rel2x.npz,axis_edge_orthogonal,2.0,2,cubic,3,False,16,40,10,0.01,0.3784298014794293,-0.24854036547446867,-0.26074252563597455,9,2.5719995127142443,0.00830576783967583,0.0045005309929175286,0.003229303815423631,0.001749817980396153,,,,,,,,,
17,response_tables/trial_00017_hard_negative_structure_obs-empirical_prior-axis_edge_orthogonal_rel2x.npz,axis_edge_orthogonal,2.0,2,affine_linear,1,True,16,40,10,0.01,0.8198626725451166,0.8130137917057049,0.8134017656955873,3,0.03837646521305755,0.004859829214799008,6.74998700476909e-09,0.12663566557832576,1.758887111487385e-07,,,,,,,,,
17,response_tables/trial_00017_hard_negative_structure_obs-empirical_prior-axis_edge_orthogonal_rel2x.npz,axis_edge_orthogonal,2.0,2,affine_quadratic,2,True,16,40,10,0.01,0.8200621564242253,0.8046514979345657,0.804961584172238,6,0.045325423167963355,0.016777712898206593,0.004752359112106525,0.37016119708431794,0.1048497461236183,,,,,,,,,
17,response_tables/trial_00017_hard_negative_structure_obs-empirical_prior-axis_edge_orthogonal_rel2x.npz,axis_edge_orthogonal,2.0,3,linear,1,False,16,40,10,0.01,0.000973366465716885,-0.0009675436081721944,-0.000830008485481315,2,0.013940888470303775,2.2823226750700383e-09,,1.6371429123270978e-07,,0.013940888470303775,2.2823226750700383e-09,2.2823226750700383e-09,1.6371429123270978e-07,6108202.237387826,6.7859134077438386,3.181760586639677e-11,1.0,1.0
17,response_tables/trial_00017_hard_negative_structure_obs-empirical_prior-axis_edge_orthogonal_rel2x.npz,axis_edge_orthogonal,2.0,3,quadratic,2,False,16,40,10,0.01,0.15986452720368405,-0.3630515924125961,-0.3352124719911155,5,0.7759747802624174,0.009850146930346762,9.090379539979701e-10,0.012693900859787817,1.1714787350312515e-09,,,,,,,,,
17,response_tables/trial_00017_hard_negative_structure_obs-empirical_prior-axis_edge_orthogonal_rel2x.npz,axis_edge_orthogonal,2.0,3,cubic,3,False,16,40,10,0.01,0.3626295778857118,-0.2375151026882638,-0.21063761684782933,9,2.6385223388643517,0.012916539237679566,0.005783723646988841,0.004895368535420088,0.002192031335796163,,,,,,,,,
17,response_tables/trial_00017_hard_negative_structure_obs-empirical_prior-axis_edge_orthogonal_rel2x.npz,axis_edge_orthogonal,2.0,3,affine_linear,1,True,16,40,10,0.01,0.7707329212123442,0.7641920425461104,0.7652155218072396,3,0.03967368688938073,0.009705105342646805,9.54765322229273e-10,0.2446232277253901,2.4065454891837407e-08,,,,,,,,,
17,response_tables/trial_00017_hard_negative_structure_obs-empirical_prior-axis_edge_orthogonal_rel2x.npz,axis_edge_orthogonal,2.0,3,affine_quadratic,2,True,16,40,10,0.01,0.7711374423462983,0.7537406674378728,0.7553931417037816,6,0.05641373996480078,0.018046339665592843,0.007712057726023166,0.3198926303565907,0.13670530850879745,,,,,,,,,
18,response_tables/trial_00018_hard_negative_structure_obs-empirical_prior-axis_edge_parallel_rel0p5x.npz,axis_edge_parallel,0.5,0,linear,1,False,16,40,10,0.01,0.004254666639799454,0.00010291894693281733,0.0019039510495789391,2,0.0286715116991943,1.1599106752411508e-07,,4.045516286027379e-06,,0.0286715116991943,1.1599106752411508e-07,1.1599106752411508e-07,4.045516286027379e-06,247187.23873485654,5.393026046149421,3.3256392495197016e-09,1.0,1.0
18,response_tables/trial_00018_hard_negative_structure_obs-empirical_prior-axis_edge_parallel_rel0p5x.npz,axis_edge_parallel,0.5,0,quadratic,2,False,16,40,10,0.01,0.49914271940478394,0.45716927678695674,0.44110081575484195,5,2.204708762538894,0.014886121266652248,1.5876025193396605e-08,0.006751967207455428,7.20096253217324e-09,,,,,,,,,
18,response_tables/trial_00018_hard_negative_structure_obs-empirical_prior-axis_edge_parallel_rel0p5x.npz,axis_edge_parallel,0.5,0,cubic,3,False,16,40,10,0.01,0.4994597703835355,0.45627060328077307,0.4398981471095317,9,2.2068848456768144,0.01489176086913965,0.013167182231627717,0.006747864936547061,0.005966411096356758,,,,,,,,,
18,response_tables/trial_00018_hard_negative_structure_obs-empirical_prior-axis_edge_parallel_rel0p5x.npz,axis_edge_parallel,0.5,0,affine_linear,1,True,16,40,10,0.01,0.5436270058196093,0.5078152997277187,0.4111355428963954,3,0.035983017211940076,0.010369856299808576,1.9925442641385196e-08,0.2881875146469817,5.537457441110144e-07,,,,,,,,,
18,response_tables/trial_00018_hard_negative_structure_obs-empirical_prior-axis_edge_parallel_rel0p5x.npz,axis_edge_parallel,0.5,0,affine_quadratic,2,True,16,40,10,0.01,0.6717294338073483,0.6325965531072415,0.5676545069151204,6,1.273078396720977,0.014289552866035064,0.003296235566235392,0.011224409198082506,0.0025891850609714136,,,,,,,,,
18,response_tables/trial_00018_hard_negative_structure_obs-empirical_prior-axis_edge_parallel_rel0p5x.npz,axis_edge_parallel,0.5,1,linear,1,False,16,40,10,0.01,0.004254666639799454,0.00010291894693281733,0.0019039510495789391,2,0.0286715116991943,1.1599106752411508e-07,,4.045516286027379e-06,,0.0286715116991943,1.1599106752411508e-07,1.1599106752411508e-07,4.045516286027379e-06,247187.23873485654,5.393026046149421,3.3256392495197016e-09,1.0,1.0
18,response_tables/trial_00018_hard_negative_structure_obs-empirical_prior-axis_edge_parallel_rel0p5x.npz,axis_edge_parallel,0.5,1,quadratic,2,False,16,40,10,0.01,0.49914271940478394,0.45716927678695674,0.44110081575484195,5,2.204708762538894,0.014886121266652248,1.5876025193396605e-08,0.006751967207455428,7.20096253217324e-09,,,,,,,,,
18,response_tables/trial_00018_hard_negative_structure_obs-empirical_prior-axis_edge_parallel_rel0p5x.npz,axis_edge_parallel,0.5,1,cubic,3,False,16,40,10,0.01,0.4994597703835355,0.45627060328077307,0.4398981471095317,9,2.2068848456768144,0.01489176086913965,0.013167182231627717,0.006747864936547061,0.005966411096356758,,,,,,,,,
18,response_tables/trial_00018_hard_negative_structure_obs-empirical_prior-axis_edge_parallel_rel0p5x.npz,axis_edge_parallel,0.5,1,affine_linear,1,True,16,40,10,0.01,0.5436270058196093,0.5078152997277187,0.4111355428963954,3,0.035983017211940076,0.010369856299808576,1.9925442641385196e-08,0.2881875146469817,5.537457441110144e-07,,,,,,,,,
18,response_tables/trial_00018_hard_negative_structure_obs-empirical_prior-axis_edge_parallel_rel0p5x.npz,axis_edge_parallel,0.5,1,affine_quadratic,2,True,16,40,10,0.01,0.6717294338073483,0.6325965531072415,0.5676545069151204,6,1.273078396720977,0.014289552866035064,0.003296235566235392,0.011224409198082506,0.0025891850609714136,,,,,,,,,
18,response_tables/trial_00018_hard_negative_structure_obs-empirical_prior-axis_edge_parallel_rel0p5x.npz,axis_edge_parallel,0.5,2,linear,1,False,16,40,10,0.01,0.005609209597274845,0.004284494157597685,0.004053825249754867,2,0.019281280877822615,9.929237927413413e-09,,5.149677550122746e-07,,0.019281280877822615,9.929237927413413e-09,9.929237927413413e-09,5.149677550122746e-07,1941869.15640216,6.2882199636940665,1.914484253811873e-10,1.0,1.0
18,response_tables/trial_00018_hard_negative_structure_obs-empirical_prior-axis_edge_parallel_rel0p5x.npz,axis_edge_parallel,0.5,2,quadratic,2,False,16,40,10,0.01,0.4912041140432346,0.4469864565856201,0.43767729941355576,5,1.1726164179098324,0.008231901752218022,5.086831905248617e-09,0.007020114699477975,4.338018662842708e-09,,,,,,,,,
18,response_tables/trial_00018_hard_negative_structure_obs-empirical_prior-axis_edge_parallel_rel0p5x.npz,axis_edge_parallel,0.5,2,cubic,3,False,16,40,10,0.01,0.4945394543974153,0.44722464248969407,0.43746810193586555,9,1.191744748434038,0.020287530129947245,0.007241405558866721,0.01702338538231884,0.006076305826714978,,,,,,,,,
18,response_tables/trial_00018_hard_negative_structure_obs-empirical_prior-axis_edge_parallel_rel0p5x.npz,axis_edge_parallel,0.5,2,affine_linear,1,True,16,40,10,0.01,0.43664756729576293,0.400931878022161,0.31506810564752075,3,0.022504207351622233,0.004939215770107469,4.773592842119668e-09,0.21947965964468516,2.1212001682767822e-07,,,,,,,,,
18,response_tables/trial_00018_hard_negative_structure_obs-empirical_prior-axis_edge_parallel_rel0p5x.npz,axis_edge_parallel,0.5,2,affine_quadratic,2,True,16,40,10,0.01,0.598301529070776,0.5532731707776277,0.502151024346448,6,0.7727554530916079,0.007685659478228484,0.00088867837927852,0.009945784850148928,0.0011500124337177208,,,,,,,,,
18,response_tables/trial_00018_hard_negative_structure_obs-empirical_prior-axis_edge_parallel_rel0p5x.npz,axis_edge_parallel,0.5,3,linear,1,False,16,40,10,0.01,0.004364373221932394,0.0025198030459426812,0.003317302068667899,2,0.0323026837750033,8.852658961641528e-09,,2.740533580213529e-07,,0.0323026837750033,8.852658961641528e-09,8.852658961641528e-09,2.740533580213529e-07,3648924.454784768,6.562164872076697,2.859646430058554e-10,1.0,1.0
18,response_tables/trial_00018_hard_negative_structure_obs-empirical_prior-axis_edge_parallel_rel0p5x.npz,axis_edge_parallel,0.5,3,quadratic,2,False,16,40,10,0.01,0.4513087304276614,0.39446825898221305,0.3922813800040099,5,2.0958247528382126,0.013738267193454813,1.4339875305481812e-09,0.006555064861625546,6.842115633028207e-10,,,,,,,,,
18,response_tables/trial_00018_hard_negative_structure_obs-empirical_prior-axis_edge_parallel_rel0p5x.npz,axis_edge_parallel,0.5,3,cubic,3,False,16,40,10,0.01,0.4543855888821585,0.3958265042323159,0.3935880235605357,9,2.1259901909106205,0.03908248778892649,0.013703986519895102,0.018383192902779285,0.006445931208189303,,,,,,,,,
18,response_tables/trial_00018_hard_negative_structure_obs-empirical_prior-axis_edge_parallel_rel0p5x.npz,axis_edge_parallel,0.5,3,affine_linear,1,True,16,40,10,0.01,0.6329488831818237,0.6150504509321504,0.5867285728175436,3,0.042091746568028846,0.010417963561397571,2.0286838302422423e-09,0.24750608874259988,4.8196713029322166e-08,,,,,,,,,
18,response_tables/trial_00018_hard_negative_structure_obs-empirical_prior-axis_edge_parallel_rel0p5x.npz,axis_edge_parallel,0.5,3,affine_quadratic,2,True,16,40,10,0.01,0.7165768049801622,0.6837794847584073,0.666654183723917,6,1.031074942863939,0.011935577404638567,0.003922785513015897,0.011575858270288302,0.00380455905767613,,,,,,,,,
18,response_tables/trial_00018_hard_negative_structure_obs-empirical_prior-axis_edge_orthogonal_rel0p5x.npz,axis_edge_orthogonal,0.5,0,linear,1,False,16,40,10,0.01,0.004239193490639281,0.0014641672674738926,0.0035231415894202145,2,0.03171902531806822,9.085641536226096e-08,,2.8644138478777938e-06,,0.03171902531806822,9.085641536226096e-08,9.085641536226096e-08,2.8644138478777938e-06,349111.56456700095,5.542964235363727,2.8818769391844777e-09,1.0,1.0
18,response_tables/trial_00018_hard_negative_structure_obs-empirical_prior-axis_edge_orthogonal_rel0p5x.npz,axis_edge_orthogonal,0.5,0,quadratic,2,False,16,40,10,0.01,0.4884318500347147,0.45122610228657145,0.4435974697602042,5,2.416951401991904,0.011507293555699632,2.0163036497426502e-08,0.004761077755314411,8.342342539783529e-09,,,,,,,,,
18,response_tables/trial_00018_hard_negative_structure_obs-empirical_prior-axis_edge_orthogonal_rel0p5x.npz,axis_edge_orthogonal,0.5,0,cubic,3,False,16,40,10,0.01,0.4888525371690565,0.45033344070411196,0.44258215730835165,9,2.420213104446957,0.01964515600599353,0.011445060292304157,0.008117118269418943,0.004728947327520346,,,,,,,,,
18,response_tables/trial_00018_hard_negative_structure_obs-empirical_prior-axis_edge_orthogonal_rel0p5x.npz,axis_edge_orthogonal,0.5,0,affine_linear,1,True,16,40,10,0.01,0.5956034543767942,0.5685488684881124,0.5085654276457392,3,0.04141881927212136,0.008487515878013102,1.6321939561294548e-08,0.20491931028381521,3.9407061447260276e-07,,,,,,,,,
18,response_tables/trial_00018_hard_negative_structure_obs-empirical_prior-axis_edge_orthogonal_rel0p5x.npz,axis_edge_orthogonal,0.5,0,affine_quadratic,2,True,16,40,10,0.01,0.7016757438471726,0.6700830811710023,0.6319258987129277,6,1.2840373725014986,0.010257561316519144,0.0029731001761623245,0.007988522403001297,0.002315431185908769,,,,,,,,,
18,response_tables/trial_00018_hard_negative_structure_obs-empirical_prior-axis_edge_orthogonal_rel0p5x.npz,axis_edge_orthogonal,0.5,1,linear,1,False,16,40,10,0.01,0.004239193490639281,0.0014641672674738926,0.0035231415894202145,2,0.03171902531806822,9.085641536226096e-08,,2.8644138478777938e-06,,0.03171902531806822,9.085641536226096e-08,9.085641536226096e-08,2.8644138478777938e-06,349111.56456700095,5.542964235363727,2.8818769391844777e-09,1.0,1.0
18,response_tables/trial_00018_hard_negative_structure_obs-empirical_prior-axis_edge_orthogonal_rel0p5x.npz,axis_edge_orthogonal,0.5,1,quadratic,2,False,16,40,10,0.01,0.4884318500347147,0.45122610228657145,0.4435974697602042,5,2.416951401991904,0.011507293555699632,2.0163036497426502e-08,0.004761077755314411,8.342342539783529e-09,,,,,,,,,
18,response_tables/trial_00018_hard_negative_structure_obs-empirical_prior-axis_edge_orthogonal_rel0p5x.npz,axis_edge_orthogonal,0.5,1,cubic,3,False,16,40,10,0.01,0.4888525371690565,0.45033344070411196,0.44258215730835165,9,2.420213104446957,0.01964515600599353,0.011445060292304157,0.008117118269418943,0.004728947327520346,,,,,,,,,
18,response_tables/trial_00018_hard_negative_structure_obs-empirical_prior-axis_edge_orthogonal_rel0p5x.npz,axis_edge_orthogonal,0.5,1,affine_linear,1,True,16,40,10,0.01,0.5956034543767942,0.5685488684881124,0.5085654276457392,3,0.04141881927212136,0.008487515878013102,1.6321939561294548e-08,0.20491931028381521,3.9407061447260276e-07,,,,,,,,,
18,response_tables/trial_00018_hard_negative_structure_obs-empirical_prior-axis_edge_orthogonal_rel0p5x.npz,axis_edge_orthogonal,0.5,1,affine_quadratic,2,True,16,40,10,0.01,0.7016757438471726,0.6700830811710023,0.6319258987129277,6,1.2840373725014986,0.010257561316519144,0.0029731001761623245,0.007988522403001297,0.002315431185908769,,,,,,,,,
18,response_tables/trial_00018_hard_negative_structure_obs-empirical_prior-axis_edge_orthogonal_rel0p5x.npz,axis_edge_orthogonal,0.5,2,linear,1,False,16,40,10,0.01,0.001235680149846985,-0.00035800780591355164,-0.00029377762487128867,2,0.013996220255142544,1.697588926601076e-08,,1.2128909774603908e-06,,0.013996220255142544,1.697588926601076e-08,1.697588926601076e-08,1.2128909774603908e-06,824476.4109745857,5.916178234595306,2.375982851939967e-10,1.0,1.0
18,response_tables/trial_00018_hard_negative_structure_obs-empirical_prior-axis_edge_orthogonal_rel0p5x.npz,axis_edge_orthogonal,0.5,2,quadratic,2,False,16,40,10,0.01,0.4812537405261792,0.437432008105304,0.4222145889268121,5,1.8027923679518518,0.007886968567776232,7.737610016587116e-09,0.004374862412323499,4.292013963525815e-09,,,,,,,,,
18,response_tables/trial_00018_hard_negative_structure_obs-empirical_prior-axis_edge_orthogonal_rel0p5x.npz,axis_edge_orthogonal,0.5,2,cubic,3,False,16,40,10,0.01,0.484746618460133,0.4375788088948709,0.4218931632285039,9,1.833975277281586,0.023003344399802426,0.00774797471867512,0.012542886856086295,0.004224688748345383,,,,,,,,,
18,response_tables/trial_00018_hard_negative_structure_obs-empirical_prior-axis_edge_orthogonal_rel0p5x.npz,axis_edge_orthogonal,0.5,2,affine_linear,1,True,16,40,10,0.01,0.5530006333346299,0.5275368119811232,0.47785316596919225,3,0.02508987705363442,0.007309748678099948,8.145260555928644e-09,0.2913425467360386,3.2464330289529073e-07,,,,,,,,,
18,response_tables/trial_00018_hard_negative_structure_obs-empirical_prior-axis_edge_orthogonal_rel0p5x.npz,axis_edge_orthogonal,0.5,2,affine_quadratic,2,True,16,40,10,0.01,0.6702861503855888,0.6351592654646735,0.6028187701691375,6,1.0177617457988537,0.007539718142534467,0.003031629516570945,0.007408136701597533,0.0029787222098737673,,,,,,,,,
18,response_tables/trial_00018_hard_negative_structure_obs-empirical_prior-axis_edge_orthogonal_rel0p5x.npz,axis_edge_orthogonal,0.5,3,linear,1,False,16,40,10,0.01,0.0037244419999691303,0.0006103597144226924,0.002011141752108203,2,0.028647380773163957,8.381447110737752e-09,,2.9257289443331066e-07,,0.028647380773163957,8.381447110737752e-09,8.381447110737752e-09,2.9257289443331066e-07,3417951.625139153,6.533765911783255,2.4010650681143926e-10,1.0,1.0
18,response_tables/trial_00018_hard_negative_structure_obs-empirical_prior-axis_edge_orthogonal_rel0p5x.npz,axis_edge_orthogonal,0.5,3,quadratic,2,False,16,40,10,0.01,0.4176665492886922,0.35975271739945547,0.36269080793564057,5,1.936306106499991,0.01152939723152385,1.79581975140481e-09,0.005954325709566679,9.274462056264854e-10,,,,,,,,,
18,response_tables/trial_00018_hard_negative_structure_obs-empirical_prior-axis_edge_orthogonal_rel0p5x.npz,axis_edge_orthogonal,0.5,3,cubic,3,False,16,40,10,0.01,0.4208851050798744,0.36128168990498044,0.3641739862344667,9,1.9676244648578514,0.043374650136519866,0.010737369155756762,0.022044170984453285,0.005457021574760949,,,,,,,,,
18,response_tables/trial_00018_hard_negative_structure_obs-empirical_prior-axis_edge_orthogonal_rel0p5x.npz,axis_edge_orthogonal,0.5,3,affine_linear,1,True,16,40,10,0.01,0.5529962362110982,0.5283880386753926,0.481894006016205,3,0.037730788574753156,0.008423382897915473,2.5012451612572957e-09,0.22324958518232033,6.629188669888963e-08,,,,,,,,,
18,response_tables/trial_00018_hard_negative_structure_obs-empirical_prior-axis_edge_orthogonal_rel0p5x.npz,axis_edge_orthogonal,0.5,3,affine_quadratic,2,True,16,40,10,0.01,0.6377100918262226,0.5933251918310741,0.5633291646886573,6,0.9961637014057633,0.010683501927094646,0.0032187755455966717,0.010724644867122074,0.0032311712834491055,,,,,,,,,
19,response_tables/trial_00019_hard_negative_structure_obs-empirical_prior-axis_edge_parallel_rel1x.npz,axis_edge_parallel,1.0,0,linear,1,False,16,40,10,0.01,0.005388912876530649,0.0031059524135339522,0.0023243445387663986,2,0.031863956239372854,7.693180583445734e-08,,2.4143833633375435e-06,,0.031863956239372854,7.693180583445734e-08,7.693180583445734e-08,2.4143833633375435e-06,414184.4311823129,5.61719377012796,2.451351694525078e-09,1.0,1.0
19,response_tables/trial_00019_hard_negative_structure_obs-empirical_prior-axis_edge_parallel_rel1x.npz,axis_edge_parallel,1.0,0,quadratic,2,False,16,40,10,0.01,0.26089621403059216,0.1808040973750289,0.2004452013525624,5,1.3309408659300515,0.019790168040345585,1.4142551884503677e-08,0.014869306779092973,1.0625980647623265e-08,,,,,,,,,
19,response_tables/trial_00019_hard_negative_structure_obs-empirical_prior-axis_edge_parallel_rel1x.npz,axis_edge_parallel,1.0,0,cubic,3,False,16,40,10,0.01,0.2731982373473981,0.18216827083782006,0.200987286286657,9,1.4771581288216702,0.076338714698112,0.013974535153729097,0.05167944664056206,0.00946041922057227,,,,,,,,,
19,response_tables/trial_00019_hard_negative_structure_obs-empirical_prior-axis_edge_parallel_rel1x.npz,axis_edge_parallel,1.0,0,affine_linear,1,True,16,40,10,0.01,0.6259660587337974,0.5930723961965885,0.583958548771133,3,0.03884105476942347,0.013568064878421292,2.1107679579422158e-08,0.3493227709434495,5.434373423874829e-07,,,,,,,,,
19,response_tables/trial_00019_hard_negative_structure_obs-empirical_prior-axis_edge_parallel_rel1x.npz,axis_edge_parallel,1.0,0,affine_quadratic,2,True,16,40,10,0.01,0.6545932872743698,0.6135182534263902,0.6140697280470899,6,0.48934827094417577,0.01956054379551365,0.007221052892436567,0.03997264311933186,0.014756469617239816,,,,,,,,,
19,response_tables/trial_00019_hard_negative_structure_obs-empirical_prior-axis_edge_parallel_rel1x.npz,axis_edge_parallel,1.0,1,linear,1,False,16,40,10,0.01,0.005388912876530649,0.0031059524135339522,0.0023243445387663986,2,0.031863956239372854,7.693180583445734e-08,,2.4143833633375435e-06,,0.031863956239372854,7.693180583445734e-08,7.693180583445734e-08,2.4143833633375435e-06,414184.4311823129,5.61719377012796,2.451351694525078e-09,1.0,1.0
19,response_tables/trial_00019_hard_negative_structure_obs-empirical_prior-axis_edge_parallel_rel1x.npz,axis_edge_parallel,1.0,1,quadratic,2,False,16,40,10,0.01,0.26089621403059216,0.1808040973750289,0.2004452013525624,5,1.3309408659300515,0.019790168040345585,1.4142551884503677e-08,0.014869306779092973,1.0625980647623265e-08,,,,,,,,,
19,response_tables/trial_00019_hard_negative_structure_obs-empirical_prior-axis_edge_parallel_rel1x.npz,axis_edge_parallel,1.0,1,cubic,3,False,16,40,10,0.01,0.2731982373473981,0.18216827083782006,0.200987286286657,9,1.4771581288216702,0.076338714698112,0.013974535153729097,0.05167944664056206,0.00946041922057227,,,,,,,,,
19,response_tables/trial_00019_hard_negative_structure_obs-empirical_prior-axis_edge_parallel_rel1x.npz,axis_edge_parallel,1.0,1,affine_linear,1,True,16,40,10,0.01,0.6259660587337974,0.5930723961965885,0.583958548771133,3,0.03884105476942347,0.013568064878421292,2.1107679579422158e-08,0.3493227709434495,5.434373423874829e-07,,,,,,,,,
19,response_tables/trial_00019_hard_negative_structure_obs-empirical_prior-axis_edge_parallel_rel1x.npz,axis_edge_parallel,1.0,1,affine_quadratic,2,True,16,40,10,0.01,0.6545932872743698,0.6135182534263902,0.6140697280470899,6,0.48934827094417577,0.01956054379551365,0.007221052892436567,0.03997264311933186,0.014756469617239816,,,,,,,,,
19,response_tables/trial_00019_hard_negative_structure_obs-empirical_prior-axis_edge_parallel_rel1x.npz,axis_edge_parallel,1.0,2,linear,1,False,16,40,10,0.01,0.0037483716285243718,0.0011644900677713066,0.001499041457817346,2,0.01468402733915653,1.5986975884687728e-09,,1.0887323699035036e-07,,0.01468402733915653,1.5986975884687728e-09,1.5986975884687728e-09,1.0887323699035036e-07,9184993.738072028,6.9630788645588995,2.3475319096119074e-11,1.0,1.0
19,response_tables/trial_00019_hard_negative_structure_obs-empirical_prior-axis_edge_parallel_rel1x.npz,axis_edge_parallel,1.0,2,quadratic,2,False,16,40,10,0.01,0.2149935842403311,0.06598985452755157,0.13824180097119546,5,0.5556643368308245,0.007019652043847063,1.5859278500111819e-09,0.012632900077559305,2.854111277064066e-09,,,,,,,,,
19,response_tables/trial_00019_hard_negative_structure_obs-empirical_prior-axis_edge_parallel_rel1x.npz,axis_edge_parallel,1.0,2,cubic,3,False,16,40,10,0.01,0.2946754401214031,0.08705858092547558,0.15909172378692948,9,0.9985056716110763,0.019410185718004326,0.0045721000357676995,0.019439234317704213,0.0045789424795060745,,,,,,,,,
19,response_tables/trial_00019_hard_negative_structure_obs-empirical_prior-axis_edge_parallel_rel1x.npz,axis_edge_parallel,1.0,2,affine_linear,1,True,16,40,10,0.01,0.411000012816805,0.3526858672649873,0.3144761852091835,3,0.018274796744620216,0.004168895995437439,1.5986112082350809e-09,0.22812270110006502,8.74762784273201e-08,,,,,,,,,
19,response_tables/trial_00019_hard_negative_structure_obs-empirical_prior-axis_edge_parallel_rel1x.npz,axis_edge_parallel,1.0,2,affine_quadratic,2,True,16,40,10,0.01,0.4601425256921341,0.35066162731282224,0.3530774564451899,6,0.2900619304512997,0.008078151300118042,0.0021118462641829894,0.02784974673356638,0.007280673685434085,,,,,,,,,
19,response_tables/trial_00019_hard_negative_structure_obs-empirical_prior-axis_edge_parallel_rel1x.npz,axis_edge_parallel,1.0,3,linear,1,False,16,40,10,0.01,0.0031182570010270805,-0.00017159826206758488,-0.0006138665525171338,2,0.026683787074245544,5.282988585277107e-09,,1.9798496257587446e-07,,0.026683787074245544,5.282988585277107e-09,5.282988585277107e-09,1.9798496257587446e-07,5050888.64825664,6.703367794174445,1.4097014252520403e-10,1.0,1.0
19,response_tables/trial_00019_hard_negative_structure_obs-empirical_prior-axis_edge_parallel_rel1x.npz,axis_edge_parallel,1.0,3,quadratic,2,False,16,40,10,0.01,0.21246741430398597,0.009774207961399162,0.07233851546114703,5,1.0885434267531553,0.012697653439756129,1.8517599661856288e-09,0.011664811093141188,1.701135591539009e-09,,,,,,,,,
19,response_tables/trial_00019_hard_negative_structure_obs-empirical_prior-axis_edge_parallel_rel1x.npz,axis_edge_parallel,1.0,3,cubic,3,False,16,40,10,0.01,0.2872024500363861,0.0365892316780172,0.09937513940269552,9,1.9323369477271504,0.013852514646598564,0.012260026578616235,0.007168788374559697,0.006344662918667834,,,,,,,,,
19,response_tables/trial_00019_hard_negative_structure_obs-empirical_prior-axis_edge_parallel_rel1x.npz,axis_edge_parallel,1.0,3,affine_linear,1,True,16,40,10,0.01,0.6921424229584232,0.675285255782891,0.6789333778469786,3,0.03876331666739749,0.010998453424442469,2.002556359497704e-09,0.28373354939704876,5.16611201430549e-08,,,,,,,,,
19,response_tables/trial_00019_hard_negative_structure_obs-empirical_prior-axis_edge_parallel_rel1x.npz,axis_edge_parallel,1.0,3,affine_quadratic,2,True,16,40,10,0.01,0.7111226276327456,0.671940723593152,0.6855455913394845,6,0.3556834567878029,0.011001194013689623,0.006179874573632027,0.030929732051757534,0.01737464719175533,,,,,,,,,
19,response_tables/trial_00019_hard_negative_structure_obs-empirical_prior-axis_edge_orthogonal_rel1x.npz,axis_edge_orthogonal,1.0,0,linear,1,False,16,40,10,0.01,0.005869130082021168,0.004356424160549821,0.004035117739921379,2,0.03748557282784543,5.681505837738667e-08,,1.5156513317353577e-06,,0.03748557282784543,5.681505837738667e-08,5.681505837738667e-08,1.5156513317353577e-06,659782.3516936719,5.819400694561006,2.129745008523818e-09,1.0,1.0
19,response_tables/trial_00019_hard_negative_structure_obs-empirical_prior-axis_edge_orthogonal_rel1x.npz,axis_edge_orthogonal,1.0,0,quadratic,2,False,16,40,10,0.01,0.24965691410281254,0.17570871780368946,0.18889473985271846,5,1.4655502190419343,0.014030329504690103,1.368902622570426e-08,0.009573421178198909,9.340537122401107e-09,,,,,,,,,
19,response_tables/trial_00019_hard_negative_structure_obs-empirical_prior-axis_edge_orthogonal_rel1x.npz,axis_edge_orthogonal,1.0,0,cubic,3,False,16,40,10,0.01,0.26113340748857283,0.17696677524536653,0.1893867807915208,9,1.624825443605256,0.043079531968638826,0.012105514950397654,0.026513329255265405,0.007450347973095031,,,,,,,,,
19,response_tables/trial_00019_hard_negative_structure_obs-empirical_prior-axis_edge_orthogonal_rel1x.npz,axis_edge_orthogonal,1.0,0,affine_linear,1,True,16,40,10,0.01,0.6899356777075059,0.6682892933987903,0.6652518261892151,3,0.04746957866162022,0.010034095752764741,1.266316276357252e-08,0.21137949894797442,2.66763748923073e-07,,,,,,,,,
19,response_tables/trial_00019_hard_negative_structure_obs-empirical_prior-axis_edge_orthogonal_rel1x.npz,axis_edge_orthogonal,1.0,0,affine_quadratic,2,True,16,40,10,0.01,0.7081785538435619,0.6838137850528818,0.6854229534500351,6,0.44139522630284583,0.011483084752654648,0.008305638283516454,0.02601542578708358,0.018816783210559393,,,,,,,,,
19,response_tables/trial_00019_hard_negative_structure_obs-empirical_prior-axis_edge_orthogonal_rel1x.npz,axis_edge_orthogonal,1.0,1,linear,1,False,16,40,10,0.01,0.005869130082021168,0.004356424160549821,0.004035117739921379,2,0.03748557282784543,5.681505837738667e-08,,1.5156513317353577e-06,,0.03748557282784543,5.681505837738667e-08,5.681505837738667e-08,1.5156513317353577e-06,659782.3516936719,5.819400694561006,2.129745008523818e-09,1.0,1.0
19,response_tables/trial_00019_hard_negative_structure_obs-empirical_prior-axis_edge_orthogonal_rel1x.npz,axis_edge_orthogonal,1.0,1,quadratic,2,False,16,40,10,0.01,0.24965691410281254,0.17570871780368946,0.18889473985271846,5,1.4655502190419343,0.014030329504690103,1.368902622570426e-08,0.009573421178198909,9.340537122401107e-09,,,,,,,,,
19,response_tables/trial_00019_hard_negative_structure_obs-empirical_prior-axis_edge_orthogonal_rel1x.npz,axis_edge_orthogonal,1.0,1,cubic,3,False,16,40,10,0.01,0.26113340748857283,0.17696677524536653,0.1893867807915208,9,1.624825443605256,0.043079531968638826,0.012105514950397654,0.026513329255265405,0.007450347973095031,,,,,,,,,
19,response_tables/trial_00019_hard_negative_structure_obs-empirical_prior-axis_edge_orthogonal_rel1x.npz,axis_edge_orthogonal,1.0,1,affine_linear,1,True,16,40,10,0.01,0.6899356777075059,0.6682892933987903,0.6652518261892151,3,0.04746957866162022,0.010034095752764741,1.266316276357252e-08,0.21137949894797442,2.66763748923073e-07,,,,,,,,,
19,response_tables/trial_00019_hard_negative_structure_obs-empirical_prior-axis_edge_orthogonal_rel1x.npz,axis_edge_orthogonal,1.0,1,affine_quadratic,2,True,16,40,10,0.01,0.7081785538435619,0.6838137850528818,0.6854229534500351,6,0.44139522630284583,0.011483084752654648,0.008305638283516454,0.02601542578708358,0.018816783210559393,,,,,,,,,
19,response_tables/trial_00019_hard_negative_structure_obs-empirical_prior-axis_edge_orthogonal_rel1x.npz,axis_edge_orthogonal,1.0,2,linear,1,False,16,40,10,0.01,0.0020415957010021524,0.0010101670547527641,0.0007992830847915466,2,0.01750840291418412,4.941178919846724e-09,,2.822175697044141e-07,,0.01750840291418412,4.941178919846724e-09,4.941178919846724e-09,2.822175697044141e-07,3543365.500055042,6.549415952352928,8.651215139974952e-11,1.0,1.0
19,response_tables/trial_00019_hard_negative_structure_obs-empirical_prior-axis_edge_orthogonal_rel1x.npz,axis_edge_orthogonal,1.0,2,quadratic,2,False,16,40,10,0.01,0.20495260396316473,0.0036244284680543304,0.0681802282084703,5,0.8797270065053601,0.012020281435621154,4.130745043966518e-09,0.013663649457995714,4.695485091875885e-09,,,,,,,,,
19,response_tables/trial_00019_hard_negative_structure_obs-empirical_prior-axis_edge_orthogonal_rel1x.npz,axis_edge_orthogonal,1.0,2,cubic,3,False,16,40,10,0.01,0.27322992838256177,0.02499427123645115,0.08949817576303062,9,1.5244208808267004,0.023989862451311232,0.009221157316426356,0.015737033487957356,0.006048957628700074,,,,,,,,,
19,response_tables/trial_00019_hard_negative_structure_obs-empirical_prior-axis_edge_orthogonal_rel1x.npz,axis_edge_orthogonal,1.0,2,affine_linear,1,True,16,40,10,0.01,0.6484739564682434,0.6311245188707622,0.6291212460125072,3,0.027557736624455962,0.010462328749169511,3.981038598704405e-09,0.3796512352137358,1.4446174056150367e-07,,,,,,,,,
19,response_tables/trial_00019_hard_negative_structure_obs-empirical_prior-axis_edge_orthogonal_rel1x.npz,axis_edge_orthogonal,1.0,2,affine_quadratic,2,True,16,40,10,0.01,0.6678864041159676,0.620631454989417,0.6321019387342666,6,0.2951157430617018,0.01224479944086619,0.00729094356261802,0.04149151554516049,0.024705369788061947,,,,,,,,,
19,response_tables/trial_00019_hard_negative_structure_obs-empirical_prior-axis_edge_orthogonal_rel1x.npz,axis_edge_orthogonal,1.0,3,linear,1,False,16,40,10,0.01,0.003420604447525344,-0.0017808751594388106,-0.001912299113816851,2,0.026262798374813493,5.002775132683075e-09,,1.904890355279439e-07,,0.026262798374813493,5.002775132683075e-09,5.002775132683075e-09,1.904890355279439e-07,5249645.982134779,6.720130017084174,1.3138687462418642e-10,1.0,1.0
19,response_tables/trial_00019_hard_negative_structure_obs-empirical_prior-axis_edge_orthogonal_rel1x.npz,axis_edge_orthogonal,1.0,3,quadratic,2,False,16,40,10,0.01,0.20495984684780455,0.008175863520647253,0.0773230586392788,5,1.0037281678477583,0.009782477663659543,3.503261306919523e-09,0.009746142408891042,3.4902490725465866e-09,,,,,,,,,
19,response_tables/trial_00019_hard_negative_structure_obs-empirical_prior-axis_edge_orthogonal_rel1x.npz,axis_edge_orthogonal,1.0,3,cubic,3,False,16,40,10,0.01,0.27915533075630383,0.033361641505800455,0.10283971633154954,9,1.7993568911051772,0.02061306572778536,0.009246086623982297,0.011455796140100186,0.0051385507064711814,,,,,,,,,
19,response_tables/trial_00019_hard_negative_structure_obs-empirical_prior-axis_edge_orthogonal_rel1x.npz,axis_edge_orthogonal,1.0,3,affine_linear,1,True,16,40,10,0.01,0.593620606125066,0.5680961662008983,0.5628095592235309,3,0.036269599894767746,0.007984455572186726,3.4456249113257245e-09,0.22014181560736115,9.500035625766004e-08,,,,,,,,,
19,response_tables/trial_00019_hard_negative_structure_obs-empirical_prior-axis_edge_orthogonal_rel1x.npz,axis_edge_orthogonal,1.0,3,affine_quadratic,2,True,16,40,10,0.01,0.6175117510234992,0.5587918054011884,0.5707014847186325,6,0.37456177759427445,0.008219062796819412,0.005535992081303486,0.021943143397088173,0.014779917259203303,,,,,,,,,
20,response_tables/trial_00020_hard_negative_structure_obs-empirical_prior-axis_edge_parallel_rel2x.npz,axis_edge_parallel,2.0,0,linear,1,False,16,40,10,0.01,0.0008050076345036405,-0.007355656788627263,-0.007734936360375477,2,0.014183964710162929,6.060299520075696e-08,,4.272641425661078e-06,,0.014183964710162929,6.060299520075696e-08,6.060299520075696e-08,4.272641425661078e-06,234047.25563771746,5.369303553096944,8.5959074525771e-10,1.0,1.0
20,response_tables/trial_00020_hard_negative_structure_obs-empirical_prior-axis_edge_parallel_rel2x.npz,axis_edge_parallel,2.0,0,quadratic,2,False,16,40,10,0.01,0.24692012191123547,0.20866367397202434,0.21675282563205148,5,1.542409259003027,0.0069023327964394,3.25480142007615e-08,0.004475033300111857,2.110206095482057e-08,,,,,,,,,
20,response_tables/trial_00020_hard_negative_structure_obs-empirical_prior-axis_edge_parallel_rel2x.npz,axis_edge_parallel,2.0,0,cubic,3,False,16,40,10,0.01,0.264631067862237,0.21881287512233782,0.22672643353890404,9,1.8418317682335104,0.0653820776388019,0.004688942625458744,0.03549839826115577,0.0025458039688151758,,,,,,,,,
20,response_tables/trial_00020_hard_negative_structure_obs-empirical_prior-axis_edge_parallel_rel2x.npz,axis_edge_parallel,2.0,0,affine_linear,1,True,16,40,10,0.01,0.7821760518022649,0.7714525952667676,0.7703041056957388,3,0.03889786949062857,0.006563417629525227,3.3400602167688616e-08,0.1687346303402687,8.586743337121748e-07,,,,,,,,,
20,response_tables/trial_00020_hard_negative_structure_obs-empirical_prior-axis_edge_parallel_rel2x.npz,axis_edge_parallel,2.0,0,affine_quadratic,2,True,16,40,10,0.01,0.7862886093186192,0.7737459260028814,0.7731367178015757,6,0.22724389601316342,0.01740721158643174,0.006561565988693056,0.07660144845177008,0.02887455330511042,,,,,,,,,
20,response_tables/trial_00020_hard_negative_structure_obs-empirical_prior-axis_edge_parallel_rel2x.npz,axis_edge_parallel,2.0,1,linear,1,False,16,40,10,0.01,0.0008050076345036405,-0.007355656788627263,-0.007734936360375477,2,0.014183964710162929,6.060299520075696e-08,,4.272641425661078e-06,,0.014183964710162929,6.060299520075696e-08,6.060299520075696e-08,4.272641425661078e-06,234047.25563771746,5.369303553096944,8.5959074525771e-10,1.0,1.0
20,response_tables/trial_00020_hard_negative_structure_obs-empirical_prior-axis_edge_parallel_rel2x.npz,axis_edge_parallel,2.0,1,quadratic,2,False,16,40,10,0.01,0.24692012191123547,0.20866367397202434,0.21675282563205148,5,1.542409259003027,0.0069023327964394,3.25480142007615e-08,0.004475033300111857,2.110206095482057e-08,,,,,,,,,
20,response_tables/trial_00020_hard_negative_structure_obs-empirical_prior-axis_edge_parallel_rel2x.npz,axis_edge_parallel,2.0,1,cubic,3,False,16,40,10,0.01,0.264631067862237,0.21881287512233782,0.22672643353890404,9,1.8418317682335104,0.0653820776388019,0.004688942625458744,0.03549839826115577,0.0025458039688151758,,,,,,,,,
20,response_tables/trial_00020_hard_negative_structure_obs-empirical_prior-axis_edge_parallel_rel2x.npz,axis_edge_parallel,2.0,1,affine_linear,1,True,16,40,10,0.01,0.7821760518022649,0.7714525952667676,0.7703041056957388,3,0.03889786949062857,0.006563417629525227,3.3400602167688616e-08,0.1687346303402687,8.586743337121748e-07,,,,,,,,,
20,response_tables/trial_00020_hard_negative_structure_obs-empirical_prior-axis_edge_parallel_rel2x.npz,axis_edge_parallel,2.0,1,affine_quadratic,2,True,16,40,10,0.01,0.7862886093186192,0.7737459260028814,0.7731367178015757,6,0.22724389601316342,0.01740721158643174,0.006561565988693056,0.07660144845177008,0.02887455330511042,,,,,,,,,
20,response_tables/trial_00020_hard_negative_structure_obs-empirical_prior-axis_edge_parallel_rel2x.npz,axis_edge_parallel,2.0,2,linear,1,False,16,40,10,0.01,0.0021497935698345794,-0.00796708409448832,-0.007657232203992531,2,0.011289838412599005,3.8299666193954815e-09,,3.392401626511672e-07,,0.011289838412599005,3.8299666193954815e-09,3.8299666193954815e-09,3.392401626511672e-07,2947764.1803523037,6.469492737237153,4.323970425862306e-11,1.0,1.0
20,response_tables/trial_00020_hard_negative_structure_obs-empirical_prior-axis_edge_parallel_rel2x.npz,axis_edge_parallel,2.0,2,quadratic,2,False,16,40,10,0.01,0.2310789080528759,0.19636104838141577,0.20152981797616187,5,0.6561563991754283,0.006628725205798275,3.855254800598837e-09,0.010102355496537702,5.875512005131121e-09,,,,,,,,,
20,response_tables/trial_00020_hard_negative_structure_obs-empirical_prior-axis_edge_parallel_rel2x.npz,axis_edge_parallel,2.0,2,cubic,3,False,16,40,10,0.01,0.2650057644062104,0.22214033144091705,0.2259404516136364,9,0.9282846784196419,0.04133677489474622,0.006443249107800705,0.04453027810942652,0.006941027098249659,,,,,,,,,
20,response_tables/trial_00020_hard_negative_structure_obs-empirical_prior-axis_edge_parallel_rel2x.npz,axis_edge_parallel,2.0,2,affine_linear,1,True,16,40,10,0.01,0.6143236755400838,0.6003676783157927,0.6014660882600434,3,0.018680291768795532,0.005508590392290316,3.81240128763537e-09,0.2948878133419808,2.0408681699521365e-07,,,,,,,,,
20,response_tables/trial_00020_hard_negative_structure_obs-empirical_prior-axis_edge_parallel_rel2x.npz,axis_edge_parallel,2.0,2,affine_quadratic,2,True,16,40,10,0.01,0.6257575048222349,0.6080554225855029,0.6096339558564858,6,0.1664592479977934,0.008866737493127866,0.0043591499037590195,0.05326671602676833,0.026187490068541007,,,,,,,,,
20,response_tables/trial_00020_hard_negative_structure_obs-empirical_prior-axis_edge_parallel_rel2x.npz,axis_edge_parallel,2.0,3,linear,1,False,16,40,10,0.01,0.0010404789167286488,-0.004760767081198214,-0.004872928849314534,2,0.01759505046491539,3.839941762758194e-09,,2.1823988344989724e-07,,0.01759505046491539,3.839941762758194e-09,3.839941762758194e-09,2.1823988344989724e-07,4582113.884007717,6.661065878956716,6.756396909806659e-11,1.0,1.0
20,response_tables/trial_00020_hard_negative_structure_obs-empirical_prior-axis_edge_parallel_rel2x.npz,axis_edge_parallel,2.0,3,quadratic,2,False,16,40,10,0.01,0.23959937982370572,0.1544101162712691,0.16106705254660245,5,1.4929940795068792,0.008141359239359146,1.1409114591250758e-09,0.005453041878135347,7.641768140848269e-10,,,,,,,,,
20,response_tables/trial_00020_hard_negative_structure_obs-empirical_prior-axis_edge_parallel_rel2x.npz,axis_edge_parallel,2.0,3,cubic,3,False,16,40,10,0.01,0.25084881923959057,0.13710649576097778,0.14494924660005015,9,1.7016760296012179,0.03246688730154942,0.007138231689602402,0.01907935866567852,0.0041948241412763055,,,,,,,,,
20,response_tables/trial_00020_hard_negative_structure_obs-empirical_prior-axis_edge_parallel_rel2x.npz,axis_edge_parallel,2.0,3,affine_linear,1,True,16,40,10,0.01,0.8394867119900828,0.8329521614721942,0.8331496248418813,3,0.04442873540591151,0.00816358134432864,1.065132536608288e-09,0.18374552572213043,2.397395574906608e-08,,,,,,,,,
20,response_tables/trial_00020_hard_negative_structure_obs-empirical_prior-axis_edge_parallel_rel2x.npz,axis_edge_parallel,2.0,3,affine_quadratic,2,True,16,40,10,0.01,0.8413004332032589,0.8320992625601797,0.8324788375995562,6,0.15154993731393004,0.02347264497521998,0.0043121189889099324,0.15488389761981405,0.028453452804652363,,,,,,,,,
20,response_tables/trial_00020_hard_negative_structure_obs-empirical_prior-axis_edge_orthogonal_rel2x.npz,axis_edge_orthogonal,2.0,0,linear,1,False,16,40,10,0.01,0.0009680946855571415,-0.004192952956362905,-0.004207087128686171,2,0.017696642196714168,4.305677536589636e-08,,2.433047743593468e-06,,0.017696642196714168,4.305677536589636e-08,4.305677536589636e-08,2.433047743593468e-06,411007.14222856105,5.613849368843226,7.619603477945647e-10,1.0,1.0
20,response_tables/trial_00020_hard_negative_structure_obs-empirical_prior-axis_edge_orthogonal_rel2x.npz,axis_edge_orthogonal,2.0,0,quadratic,2,False,16,40,10,0.01,0.24591729679734986,0.21033072262500563,0.21567784848082602,5,1.7507200766389759,0.005611181012128285,4.001508749476338e-08,0.0032050703519094863,2.2856359522411006e-08,,,,,,,,,
20,response_tables/trial_00020_hard_negative_structure_obs-empirical_prior-axis_edge_orthogonal_rel2x.npz,axis_edge_orthogonal,2.0,0,cubic,3,False,16,40,10,0.01,0.263427473969185,0.22109646378640024,0.22621892914327107,9,2.089513232436353,0.04339406877212696,0.005574575843094958,0.020767549158580766,0.00266788252716402,,,,,,,,,
20,response_tables/trial_00020_hard_negative_structure_obs-empirical_prior-axis_edge_orthogonal_rel2x.npz,axis_edge_orthogonal,2.0,0,affine_linear,1,True,16,40,10,0.01,0.8188827484966279,0.811646987090863,0.8109182757446258,3,0.04605394105924854,0.005297347844914628,3.9339481279631454e-08,0.11502485396634293,8.542044475416575e-07,,,,,,,,,
20,response_tables/trial_00020_hard_negative_structure_obs-empirical_prior-axis_edge_orthogonal_rel2x.npz,axis_edge_orthogonal,2.0,0,affine_quadratic,2,True,16,40,10,0.01,0.8211810413852328,0.8131546888756263,0.812614933823307,6,0.1957439805679695,0.016972252813112425,0.005273641200389603,0.08670638434891251,0.02694152425575305,,,,,,,,,
20,response_tables/trial_00020_hard_negative_structure_obs-empirical_prior-axis_edge_orthogonal_rel2x.npz,axis_edge_orthogonal,2.0,1,linear,1,False,16,40,10,0.01,0.0009680946855571415,-0.004192952956362905,-0.004207087128686171,2,0.017696642196714168,4.305677536589636e-08,,2.433047743593468e-06,,0.017696642196714168,4.305677536589636e-08,4.305677536589636e-08,2.433047743593468e-06,411007.14222856105,5.613849368843226,7.619603477945647e-10,1.0,1.0
20,response_tables/trial_00020_hard_negative_structure_obs-empirical_prior-axis_edge_orthogonal_rel2x.npz,axis_edge_orthogonal,2.0,1,quadratic,2,False,16,40,10,0.01,0.24591729679734986,0.21033072262500563,0.21567784848082602,5,1.7507200766389759,0.005611181012128285,4.001508749476338e-08,0.0032050703519094863,2.2856359522411006e-08,,,,,,,,,
20,response_tables/trial_00020_hard_negative_structure_obs-empirical_prior-axis_edge_orthogonal_rel2x.npz,axis_edge_orthogonal,2.0,1,cubic,3,False,16,40,10,0.01,0.263427473969185,0.22109646378640024,0.22621892914327107,9,2.089513232436353,0.04339406877212696,0.005574575843094958,0.020767549158580766,0.00266788252716402,,,,,,,,,
20,response_tables/trial_00020_hard_negative_structure_obs-empirical_prior-axis_edge_orthogonal_rel2x.npz,axis_edge_orthogonal,2.0,1,affine_linear,1,True,16,40,10,0.01,0.8188827484966279,0.811646987090863,0.8109182757446258,3,0.04605394105924854,0.005297347844914628,3.9339481279631454e-08,0.11502485396634293,8.542044475416575e-07,,,,,,,,,
20,response_tables/trial_00020_hard_negative_structure_obs-empirical_prior-axis_edge_orthogonal_rel2x.npz,axis_edge_orthogonal,2.0,1,affine_quadratic,2,True,16,40,10,0.01,0.8211810413852328,0.8131546888756263,0.812614933823307,6,0.1957439805679695,0.016972252813112425,0.005273641200389603,0.08670638434891251,0.02694152425575305,,,,,,,,,
20,response_tables/trial_00020_hard_negative_structure_obs-empirical_prior-axis_edge_orthogonal_rel2x.npz,axis_edge_orthogonal,2.0,2,linear,1,False,16,40,10,0.01,0.0007879424115047051,-0.0039712762697192705,-0.004087794058754951,2,0.013215934591842315,8.84447949084011e-09,,6.692284551937375e-07,,0.013215934591842315,8.84447949084011e-09,8.84447949084011e-09,6.692284551937375e-07,1494258.0403436464,6.1744256013753755,1.1688806244983372e-10,1.0,1.0
20,response_tables/trial_00020_hard_negative_structure_obs-empirical_prior-axis_edge_orthogonal_rel2x.npz,axis_edge_orthogonal,2.0,2,quadratic,2,False,16,40,10,0.01,0.22352334223487225,0.1934860190680021,0.19655265275658101,5,1.2512629372498627,0.006735540727845117,7.401479262390726e-09,0.00538299387549118,5.915206981722288e-09,,,,,,,,,
20,response_tables/trial_00020_hard_negative_structure_obs-empirical_prior-axis_edge_orthogonal_rel2x.npz,axis_edge_orthogonal,2.0,2,cubic,3,False,16,40,10,0.01,0.2506245479386605,0.2131415209229378,0.21576759997227588,9,1.6933002395140502,0.06389328969765243,0.0067297575333594055,0.03773299513380378,0.003974343932822414,,,,,,,,,
20,response_tables/trial_00020_hard_negative_structure_obs-empirical_prior-axis_edge_orthogonal_rel2x.npz,axis_edge_orthogonal,2.0,2,affine_linear,1,True,16,40,10,0.01,0.8227433012951574,0.8169735568722132,0.817484513061227,3,0.0374279314641868,0.006165413532685102,7.0596196807080475e-09,0.16472760560076705,1.8861901805775985e-07,,,,,,,,,
20,response_tables/trial_00020_hard_negative_structure_obs-empirical_prior-axis_edge_orthogonal_rel2x.npz,axis_edge_orthogonal,2.0,2,affine_quadratic,2,True,16,40,10,0.01,0.8235921899800337,0.8171000098335005,0.8175756470274053,6,0.09127313825405522,0.02611373312908423,0.004955323290060303,0.2861053495980128,0.05429114616687501,,,,,,,,,
20,response_tables/trial_00020_hard_negative_structure_obs-empirical_prior-axis_edge_orthogonal_rel2x.npz,axis_edge_orthogonal,2.0,3,linear,1,False,16,40,10,0.01,0.0034190786278857077,-0.0037379931736962746,-0.005211425316427876,2,0.029788695697963708,3.832585265709668e-09,,1.286590492101222e-07,,0.029788695697963708,3.832585265709668e-09,3.832585265709668e-09,1.286590492101222e-07,7772480.879808378,6.890559662358339,1.1416771621672469e-10,1.0,1.0
20,response_tables/trial_00020_hard_negative_structure_obs-empirical_prior-axis_edge_orthogonal_rel2x.npz,axis_edge_orthogonal,2.0,3,quadratic,2,False,16,40,10,0.01,0.24040441070427265,0.15768794328580915,0.1719967308318175,5,1.3898091511740454,0.014244823528199377,1.0417588583578356e-09,0.010249481748027072,7.495697214814039e-10,,,,,,,,,
20,response_tables/trial_00020_hard_negative_structure_obs-empirical_prior-axis_edge_orthogonal_rel2x.npz,axis_edge_orthogonal,2.0,3,cubic,3,False,16,40,10,0.01,0.25172767058320156,0.14339548643228228,0.16064123935174182,9,1.5860093897175613,0.04252615696839067,0.01337131907204931,0.026813307187269417,0.008430794394244092,,,,,,,,,
20,response_tables/trial_00020_hard_negative_structure_obs-empirical_prior-axis_edge_orthogonal_rel2x.npz,axis_edge_orthogonal,2.0,3,affine_linear,1,True,16,40,10,0.01,0.773273389286932,0.7626750666203417,0.7611751209067509,3,0.046196101461949704,0.01181629574185698,1.0712939506151601e-09,0.25578556129005164,2.3190137624438974e-08,,,,,,,,,
20,response_tables/trial_00020_hard_negative_structure_obs-empirical_prior-axis_edge_orthogonal_rel2x.npz,axis_edge_orthogonal,2.0,3,affine_quadratic,2,True,16,40,10,0.01,0.7769615042447624,0.760872771387236,0.760368154250723,6,0.19989393036300102,0.01784445045695183,0.011798848415029315,0.08926959625310721,0.059025546166424275,,,,,,,,,
21,response_tables/trial_00021_hard_negative_structure_obs-empirical_prior-axis_edge_parallel_rel0p5x.npz,axis_edge_parallel,0.5,0,linear,1,False,16,40,10,0.01,0.006503737007777288,0.0006836615796446122,0.002177711152037326,2,0.04239637129919686,3.539845793004185e-08,,8.349407471745685e-07,,0.04239637129919686,3.539845793004185e-08,3.539845793004185e-08,8.349407471745685e-07,1197689.7802436766,6.0783443437837,1.5007661658210538e-09,1.0,1.0
21,response_tables/trial_00021_hard_negative_structure_obs-empirical_prior-axis_edge_parallel_rel0p5x.npz,axis_edge_parallel,0.5,0,quadratic,2,False,16,40,10,0.01,0.4632960831688858,0.3830665456271791,0.28999304750490507,5,2.5715472351775976,0.01887903786045646,1.3436391593520259e-08,0.007341509268116798,5.2250222783064325e-09,,,,,,,,,
21,response_tables/trial_00021_hard_negative_structure_obs-empirical_prior-axis_edge_parallel_rel0p5x.npz,axis_edge_parallel,0.5,0,cubic,3,False,16,40,10,0.01,0.4634261446638822,0.3831155361991705,0.29005052865129455,9,2.5725182775676614,0.01888486898184639,0.007377121559630541,0.007341004783725852,0.002867665362753292,,,,,,,,,
21,response_tables/trial_00021_hard_negative_structure_obs-empirical_prior-axis_edge_parallel_rel0p5x.npz,axis_edge_parallel,0.5,0,affine_linear,1,True,16,40,10,0.01,0.4558484149360704,0.36534688793775694,-0.21619458638569888,3,0.04593857452294893,0.008334827187051246,1.59733261878047e-08,0.18143417103392107,3.4771053202412964e-07,,,,,,,,,
21,response_tables/trial_00021_hard_negative_structure_obs-empirical_prior-axis_edge_parallel_rel0p5x.npz,axis_edge_parallel,0.5,0,affine_quadratic,2,True,16,40,10,0.01,0.6199704408546599,0.5439620874841427,0.1890204149728828,6,1.6429329563851038,0.018500644026165018,0.0023055468484561963,0.011260741927577757,0.0014033115834069223,,,,,,,,,
21,response_tables/trial_00021_hard_negative_structure_obs-empirical_prior-axis_edge_parallel_rel0p5x.npz,axis_edge_parallel,0.5,1,linear,1,False,16,40,10,0.01,0.0008284543331643635,-0.00761961314871451,-0.0040720519225096174,2,0.014708844778818501,6.577488858892068e-08,,4.471791604167306e-06,,0.014708844778818501,6.577488858892068e-08,6.577488858892068e-08,4.471791604167306e-06,223624.01661743145,5.349518443777499,9.674726265985145e-10,1.0,1.0
21,response_tables/trial_00021_hard_negative_structure_obs-empirical_prior-axis_edge_parallel_rel0p5x.npz,axis_edge_parallel,0.5,1,quadratic,2,False,16,40,10,0.01,0.47396293152570157,0.41405974639373844,0.31285198025394567,5,2.348424791953427,0.007716446274142418,9.734685767868917e-09,0.0032857966329523608,4.1451980072870785e-09,,,,,,,,,
21,response_tables/trial_00021_hard_negative_structure_obs-empirical_prior-axis_edge_parallel_rel0p5x.npz,axis_edge_parallel,0.5,1,cubic,3,False,16,40,10,0.01,0.4739556333489875,0.4139987879247464,0.3128045081114832,9,2.348285640563358,0.008003106388966117,0.005415988649543276,0.00340806341899964,0.002306358543436807,,,,,,,,,
21,response_tables/trial_00021_hard_negative_structure_obs-empirical_prior-axis_edge_parallel_rel0p5x.npz,axis_edge_parallel,0.5,1,affine_linear,1,True,16,40,10,0.01,0.47421701014111894,0.3809204540044351,-0.1779791440340765,3,0.023572528765300357,0.006428621748466923,9.786415421033943e-09,0.27271667848933095,4.1516188265044826e-07,,,,,,,,,
21,response_tables/trial_00021_hard_negative_structure_obs-empirical_prior-axis_edge_parallel_rel0p5x.npz,axis_edge_parallel,0.5,1,affine_quadratic,2,True,16,40,10,0.01,0.6454149584746759,0.5802324839244541,0.2337392324327684,6,1.514377691697835,0.007767068947169775,0.002643059590969745,0.005128884947097824,0.0017453107011940298,,,,,,,,,
21,response_tables/trial_00021_hard_negative_structure_obs-empirical_prior-axis_edge_parallel_rel0p5x.npz,axis_edge_parallel,0.5,2,linear,1,False,16,40,10,0.01,0.003586171380983716,0.00010273287317796864,0.001219743705882792,2,0.03097057780851916,2.561975850120925e-08,,8.272289480554009e-07,,0.03097057780851916,2.561975850120925e-08,2.561975850120925e-08,8.272289480554009e-07,1208855.1813264498,6.082374276280176,7.934587240971713e-10,1.0,1.0
21,response_tables/trial_00021_hard_negative_structure_obs-empirical_prior-axis_edge_parallel_rel0p5x.npz,axis_edge_parallel,0.5,2,quadratic,2,False,16,40,10,0.01,0.47172538006580167,0.4036916494376195,0.303088000973339,5,2.446188385112206,0.014650395358473843,5.525319679556386e-09,0.005989070771342835,2.258746592529071e-09,,,,,,,,,
21,response_tables/trial_00021_hard_negative_structure_obs-empirical_prior-axis_edge_parallel_rel0p5x.npz,axis_edge_parallel,0.5,2,cubic,3,False,16,40,10,0.01,0.471971583282187,0.4038062799724923,0.303239879175037,9,2.4479811875674984,0.014654923605224055,0.00856540069932569,0.005986534406249384,0.003498965083076038,,,,,,,,,
21,response_tables/trial_00021_hard_negative_structure_obs-empirical_prior-axis_edge_parallel_rel0p5x.npz,axis_edge_parallel,0.5,2,affine_linear,1,True,16,40,10,0.01,0.43186609056081793,0.3337403955945284,-0.45316399806012064,3,0.03545463183170601,0.007405752880250298,8.491178752554807e-09,0.20887970055375263,2.3949420185380124e-07,,,,,,,,,
21,response_tables/trial_00021_hard_negative_structure_obs-empirical_prior-axis_edge_parallel_rel0p5x.npz,axis_edge_parallel,0.5,2,affine_quadratic,2,True,16,40,10,0.01,0.6089746339871549,0.5341572189972772,0.06732501979954225,6,1.614611857293122,0.015536509600567426,0.00267897125213729,0.009622442403349002,0.0016592044955179221,,,,,,,,,
21,response_tables/trial_00021_hard_negative_structure_obs-empirical_prior-axis_edge_parallel_rel0p5x.npz,axis_edge_parallel,0.5,3,linear,1,False,16,40,10,0.01,0.006355175085740683,0.0022781040068601266,0.003054320713328479,2,0.04196451004301018,1.033329136638796e-07,,2.4623881836812067e-06,,0.04196451004301018,1.033329136638796e-07,1.033329136638796e-07,2.4623881836812067e-06,406109.8110473491,5.608643481566512,4.336315093221379e-09,1.0,1.0
21,response_tables/trial_00021_hard_negative_structure_obs-empirical_prior-axis_edge_parallel_rel0p5x.npz,axis_edge_parallel,0.5,3,quadratic,2,False,16,40,10,0.01,0.47130040982600796,0.3953605481409592,0.2960827075375101,5,2.5690664983823974,0.02269650613786423,1.6206888657940278e-08,0.008834534315151046,6.3084737853788066e-09,,,,,,,,,
21,response_tables/trial_00021_hard_negative_structure_obs-empirical_prior-axis_edge_parallel_rel0p5x.npz,axis_edge_parallel,0.5,3,cubic,3,False,16,40,10,0.01,0.47145337653295516,0.3954190424037378,0.2961580032096922,9,2.5702035119509175,0.022900574061882843,0.007390693642643478,0.008910023644197778,0.002875528575180243,,,,,,,,,
21,response_tables/trial_00021_hard_negative_structure_obs-empirical_prior-axis_edge_parallel_rel0p5x.npz,axis_edge_parallel,0.5,3,affine_linear,1,True,16,40,10,0.01,0.4325464549829908,0.33676131739126614,-0.40939090618131113,3,0.04509558511005158,0.009541008848887537,1.735460473205814e-08,0.2115730137574131,3.8484043814279916e-07,,,,,,,,,
21,response_tables/trial_00021_hard_negative_structure_obs-empirical_prior-axis_edge_parallel_rel0p5x.npz,axis_edge_parallel,0.5,3,affine_quadratic,2,True,16,40,10,0.01,0.609556537684135,0.5313603098455402,0.06872922163900869,6,1.6927860717297294,0.023103209738574777,0.00285862006305663,0.013648038653205224,0.001688707221069951,,,,,,,,,
21,response_tables/trial_00021_hard_negative_structure_obs-empirical_prior-axis_edge_orthogonal_rel0p5x.npz,axis_edge_orthogonal,0.5,0,linear,1,False,16,40,10,0.01,0.009582253165830057,0.003381840784157708,0.006738323137836677,2,0.050979090960240336,3.376014285623615e-08,,6.622350893342998e-07,,0.050979090960240336,3.376014285623615e-08,3.376014285623615e-08,6.622350893342998e-07,1510037.7737537776,6.178987811351209,1.7210613934987708e-09,1.0,1.0
21,response_tables/trial_00021_hard_negative_structure_obs-empirical_prior-axis_edge_orthogonal_rel0p5x.npz,axis_edge_orthogonal,0.5,0,quadratic,2,False,16,40,10,0.01,0.4654099530660708,0.3764257333152802,0.2820357268103163,5,2.5448790910367776,0.014849844888316617,2.7539055088673176e-08,0.005835186803419736,1.0821360899096322e-08,,,,,,,,,
21,response_tables/trial_00021_hard_negative_structure_obs-empirical_prior-axis_edge_orthogonal_rel0p5x.npz,axis_edge_orthogonal,0.5,0,cubic,3,False,16,40,10,0.01,0.4655550528237379,0.37648516616049177,0.28212021551513833,9,2.545941332725036,0.015317497923372756,0.006615211457987077,0.006016437899210248,0.0025983361725411473,,,,,,,,,
21,response_tables/trial_00021_hard_negative_structure_obs-empirical_prior-axis_edge_orthogonal_rel0p5x.npz,axis_edge_orthogonal,0.5,0,affine_linear,1,True,16,40,10,0.01,0.40308980606786793,0.2970062073110581,-0.5904757513533968,3,0.053826403949287144,0.005494964773502046,2.8810425483050232e-08,0.10208678957411234,5.352470789279205e-07,,,,,,,,,
21,response_tables/trial_00021_hard_negative_structure_obs-empirical_prior-axis_edge_orthogonal_rel0p5x.npz,axis_edge_orthogonal,0.5,0,affine_quadratic,2,True,16,40,10,0.01,0.5848930108488547,0.4944700057105579,-0.019037456276769726,6,1.7131298081528805,0.013896989382284602,0.0013775955115455682,0.008112046919123147,0.0008041395958376967,,,,,,,,,
21,response_tables/trial_00021_hard_negative_structure_obs-empirical_prior-axis_edge_orthogonal_rel0p5x.npz,axis_edge_orthogonal,0.5,1,linear,1,False,16,40,10,0.01,0.0015250317347952347,-0.005899727309430558,-0.0027674351390030716,2,0.02398202683064662,4.316256960695781e-08,,1.7997882294002098e-06,,0.02398202683064662,4.316256960695781e-08,4.316256960695781e-08,1.7997882294002098e-06,555620.9245424701,5.744778592793105,1.0351259023937145e-09,1.0,1.0
21,response_tables/trial_00021_hard_negative_structure_obs-empirical_prior-axis_edge_orthogonal_rel0p5x.npz,axis_edge_orthogonal,0.5,1,quadratic,2,False,16,40,10,0.01,0.4568113135022105,0.40405992043207595,0.3110925861171437,5,2.7685523967577725,0.006358217880251326,1.1591586676975045e-08,0.002296585713059785,4.1868763945193345e-09,,,,,,,,,
21,response_tables/trial_00021_hard_negative_structure_obs-empirical_prior-axis_edge_orthogonal_rel0p5x.npz,axis_edge_orthogonal,0.5,1,cubic,3,False,16,40,10,0.01,0.45680742575783717,0.40402384348186515,0.3110593804913058,9,2.7683379036988525,0.008191596116372242,0.003889945238988519,0.002959030436792859,0.001405155502798649,,,,,,,,,
21,response_tables/trial_00021_hard_negative_structure_obs-empirical_prior-axis_edge_orthogonal_rel0p5x.npz,axis_edge_orthogonal,0.5,1,affine_linear,1,True,16,40,10,0.01,0.5661875725873318,0.4905075858286202,0.25591964338622664,3,0.034684892941389975,0.005270188487033679,1.3276923828889259e-08,0.15194478172209344,3.827869341077227e-07,,,,,,,,,
21,response_tables/trial_00021_hard_negative_structure_obs-empirical_prior-axis_edge_orthogonal_rel0p5x.npz,axis_edge_orthogonal,0.5,1,affine_quadratic,2,True,16,40,10,0.01,0.7008424657394668,0.6495319332680692,0.4880897676595176,6,1.614255089350495,0.006098927159800378,0.004338887673163612,0.00377816814705185,0.002687857515077985,,,,,,,,,
21,response_tables/trial_00021_hard_negative_structure_obs-empirical_prior-axis_edge_orthogonal_rel0p5x.npz,axis_edge_orthogonal,0.5,2,linear,1,False,16,40,10,0.01,0.005591799280609044,0.000886933508741139,0.004474534736687519,2,0.043067861498976984,1.645057678129684e-08,,3.819687397686927e-07,,0.043067861498976984,1.645057678129684e-08,1.645057678129684e-08,3.819687397686927e-07,2618015.2873388696,6.417972178191639,7.084911623951789e-10,1.0,1.0
21,response_tables/trial_00021_hard_negative_structure_obs-empirical_prior-axis_edge_orthogonal_rel0p5x.npz,axis_edge_orthogonal,0.5,2,quadratic,2,False,16,40,10,0.01,0.4581985868786487,0.3840836785552406,0.28797170984811804,5,2.6786780395008147,0.010417040168218736,7.335782154928883e-09,0.003888873546803708,2.738583005031819e-09,,,,,,,,,
21,response_tables/trial_00021_hard_negative_structure_obs-empirical_prior-axis_edge_orthogonal_rel0p5x.npz,axis_edge_orthogonal,0.5,2,cubic,3,False,16,40,10,0.01,0.45843069829872574,0.38419832196290393,0.28812680464175267,9,2.6805952738245877,0.01402456081156234,0.003356981376896272,0.005231882988270939,0.0012523268281774737,,,,,,,,,
21,response_tables/trial_00021_hard_negative_structure_obs-empirical_prior-axis_edge_orthogonal_rel0p5x.npz,axis_edge_orthogonal,0.5,2,affine_linear,1,True,16,40,10,0.01,0.40964649758865224,0.3147239699584252,-0.02153841999810302,3,0.04736294723660805,0.004925807175495793,1.0545848332202383e-08,0.1040012808089888,2.2266030615702951e-07,,,,,,,,,
21,response_tables/trial_00021_hard_negative_structure_obs-empirical_prior-axis_edge_orthogonal_rel0p5x.npz,axis_edge_orthogonal,0.5,2,affine_quadratic,2,True,16,40,10,0.01,0.583806482614701,0.5073945627795728,0.2931352914522386,6,1.7832309294184614,0.010205915867046115,0.0027850102357667417,0.005723272122906941,0.0015617776642506845,,,,,,,,,
21,response_tables/trial_00021_hard_negative_structure_obs-empirical_prior-axis_edge_orthogonal_rel0p5x.npz,axis_edge_orthogonal,0.5,3,linear,1,False,16,40,10,0.01,0.004078596840591198,-0.00238278471551423,0.0016138090565568919,2,0.035474825639967775,1.0338181439150398e-07,,2.914230373976206e-06,,0.035474825639967775,1.0338181439150398e-07,1.0338181439150398e-07,2.914230373976206e-06,343143.7709694823,5.535476119624373,3.667451839882115e-09,1.0,1.0
21,response_tables/trial_00021_hard_negative_structure_obs-empirical_prior-axis_edge_orthogonal_rel0p5x.npz,axis_edge_orthogonal,0.5,3,quadratic,2,False,16,40,10,0.01,0.4643653364996959,0.3760947674323465,0.28197206075753645,5,2.6973019968643084,0.015544770665520317,2.1303889221565377e-08,0.005763081287742923,7.898221721680318e-09,,,,,,,,,
21,response_tables/trial_00021_hard_negative_structure_obs-empirical_prior-axis_edge_orthogonal_rel0p5x.npz,axis_edge_orthogonal,0.5,3,cubic,3,False,16,40,10,0.01,0.4645401957556132,0.37617519998022075,0.2820890092514053,9,2.6986647310901044,0.01609724773199439,0.006065500613071174,0.005964893506979666,0.002247593242388825,,,,,,,,,
21,response_tables/trial_00021_hard_negative_structure_obs-empirical_prior-axis_edge_orthogonal_rel0p5x.npz,axis_edge_orthogonal,0.5,3,affine_linear,1,True,16,40,10,0.01,0.41503389365315324,0.31302564530481425,-0.20720719466251727,3,0.03972238009155328,0.008427178140258514,3.214492874797426e-08,0.21215189323588646,8.092397452993931e-07,,,,,,,,,
21,response_tables/trial_00021_hard_negative_structure_obs-empirical_prior-axis_edge_orthogonal_rel0p5x.npz,axis_edge_orthogonal,0.5,3,affine_quadratic,2,True,16,40,10,0.01,0.593608452168995,0.505851148746236,0.1923686557781351,6,1.7940837577725426,0.014629505868098249,0.002348525957390842,0.008154304839291124,0.0013090391946397593,,,,,,,,,
22,response_tables/trial_00022_hard_negative_structure_obs-empirical_prior-axis_edge_parallel_rel1x.npz,axis_edge_parallel,1.0,0,linear,1,False,16,40,10,0.01,0.016384965614648972,0.00557936267020176,0.012042210687791488,2,0.07384908782365622,2.4651173819592235e-08,,3.338047164300339e-07,,0.07384908782365622,2.4651173819592235e-08,2.4651173819592235e-08,3.338047164300339e-07,2995763.543112195,6.476507531332424,1.820466700359282e-09,1.0,1.0
22,response_tables/trial_00022_hard_negative_structure_obs-empirical_prior-axis_edge_parallel_rel1x.npz,axis_edge_parallel,1.0,0,quadratic,2,False,16,40,10,0.01,0.24736871734539623,0.20705155528127772,0.19925965619756766,5,1.765401209067745,0.01046236802129859,1.5910194478445823e-08,0.005926340124590404,9.012225887648234e-09,,,,,,,,,
22,response_tables/trial_00022_hard_negative_structure_obs-empirical_prior-axis_edge_parallel_rel1x.npz,axis_edge_parallel,1.0,0,cubic,3,False,16,40,10,0.01,0.25077972803796156,0.20902726084204537,0.20129775059265423,9,1.8068033285002587,0.06949950493659109,0.00952097145844919,0.0384654510207701,0.005269511799246072,,,,,,,,,
22,response_tables/trial_00022_hard_negative_structure_obs-empirical_prior-axis_edge_parallel_rel1x.npz,axis_edge_parallel,1.0,0,affine_linear,1,True,16,40,10,0.01,0.6698736048311493,0.6181032028317379,0.5446106355579652,3,0.07874463529695783,0.00504661686968354,2.3034376070543505e-08,0.06408838964904709,2.9251994099251866e-07,,,,,,,,,
22,response_tables/trial_00022_hard_negative_structure_obs-empirical_prior-axis_edge_parallel_rel1x.npz,axis_edge_parallel,1.0,0,affine_quadratic,2,True,16,40,10,0.01,0.703646006535205,0.6537370819448145,0.5920464996155561,6,0.7171279363134121,0.025710859216489364,0.004654079677058288,0.03585254166594445,0.006489887565925585,,,,,,,,,
22,response_tables/trial_00022_hard_negative_structure_obs-empirical_prior-axis_edge_parallel_rel1x.npz,axis_edge_parallel,1.0,1,linear,1,False,16,40,10,0.01,0.014821429800819241,0.008861674723006918,0.01389989788754914,2,0.06560394828320057,8.116077929077733e-09,,1.2371325417857579e-07,,0.06560394828320057,8.116077929077733e-09,8.116077929077733e-09,1.2371325417857579e-07,8083208.275780497,6.9075837691804445,5.324467567216412e-10,1.0,1.0
22,response_tables/trial_00022_hard_negative_structure_obs-empirical_prior-axis_edge_parallel_rel1x.npz,axis_edge_parallel,1.0,1,quadratic,2,False,16,40,10,0.01,0.16735165678317576,0.09538809958607442,0.11909658122600814,5,1.1004668609925818,0.01303597775113509,7.1672748871895834e-09,0.011845861255083233,6.512940226773351e-09,,,,,,,,,
22,response_tables/trial_00022_hard_negative_structure_obs-empirical_prior-axis_edge_parallel_rel1x.npz,axis_edge_parallel,1.0,1,cubic,3,False,16,40,10,0.01,0.17933210303118508,0.10403550960929508,0.12741515706381945,9,1.270887703508333,0.025179309904734503,0.011450828775365827,0.019812379831220396,0.00901010273665831,,,,,,,,,
22,response_tables/trial_00022_hard_negative_structure_obs-empirical_prior-axis_edge_parallel_rel1x.npz,axis_edge_parallel,1.0,1,affine_linear,1,True,16,40,10,0.01,0.6894184178533265,0.6349831508345718,0.5731874542519425,3,0.0703429051979576,0.007173894131155533,6.748641833985235e-09,0.1019846153775836,9.593919692388793e-08,,,,,,,,,
22,response_tables/trial_00022_hard_negative_structure_obs-empirical_prior-axis_edge_parallel_rel1x.npz,axis_edge_parallel,1.0,1,affine_quadratic,2,True,16,40,10,0.01,0.7038881600393059,0.6503082506057697,0.5971013464229468,6,0.3612788049542849,0.0105806093652627,0.0045060501550262515,0.02928654883754262,0.012472500720313313,,,,,,,,,
22,response_tables/trial_00022_hard_negative_structure_obs-empirical_prior-axis_edge_parallel_rel1x.npz,axis_edge_parallel,1.0,2,linear,1,False,16,40,10,0.01,0.010610189546970794,-0.0072074005804658725,-0.003571523402945226,2,0.05607019639790854,1.9087383744092812e-08,,3.40419420125391e-07,,0.05607019639790854,1.9087383744092812e-08,1.9087383744092812e-08,3.40419420125391e-07,2937552.7390054814,6.467985672404374,1.070233355253531e-09,1.0,1.0
22,response_tables/trial_00022_hard_negative_structure_obs-empirical_prior-axis_edge_parallel_rel1x.npz,axis_edge_parallel,1.0,2,quadratic,2,False,16,40,10,0.01,0.2570575965825854,0.18234780439708353,0.17700552024933902,5,1.7476964945592695,0.012263475660959956,1.7998532023192997e-08,0.00701693669303407,1.0298431151646746e-08,,,,,,,,,
22,response_tables/trial_00022_hard_negative_structure_obs-empirical_prior-axis_edge_parallel_rel1x.npz,axis_edge_parallel,1.0,2,cubic,3,False,16,40,10,0.01,0.2607624459028801,0.1847648340506901,0.17927839416370128,9,1.78959600391188,0.043514660679781825,0.010965553370198212,0.024315354183102263,0.006127390397737029,,,,,,,,,
22,response_tables/trial_00022_hard_negative_structure_obs-empirical_prior-axis_edge_parallel_rel1x.npz,axis_edge_parallel,1.0,2,affine_linear,1,True,16,40,10,0.01,0.6652528344615791,0.6009231095691934,0.5200086269203572,3,0.06161952947661665,0.005983857082950939,1.8938326276751894e-08,0.09710974968125471,3.0734292257032895e-07,,,,,,,,,
22,response_tables/trial_00022_hard_negative_structure_obs-empirical_prior-axis_edge_parallel_rel1x.npz,axis_edge_parallel,1.0,2,affine_quadratic,2,True,16,40,10,0.01,0.6907757918959909,0.6200111639607601,0.5523068101261133,6,0.6057756852197317,0.021695771356653442,0.005983283648134213,0.03581485999852203,0.009877061417484774,,,,,,,,,
22,response_tables/trial_00022_hard_negative_structure_obs-empirical_prior-axis_edge_parallel_rel1x.npz,axis_edge_parallel,1.0,3,linear,1,False,16,40,10,0.01,0.016041939513866676,0.0030744042402145455,0.005305022937389575,2,0.0715773449042889,6.102572119862692e-08,,8.52584309745335e-07,,0.0715773449042889,6.102572119862692e-08,6.102572119862692e-08,8.52584309745335e-07,1172904.531047138,6.069262664010869,4.368059094267094e-09,1.0,1.0
22,response_tables/trial_00022_hard_negative_structure_obs-empirical_prior-axis_edge_parallel_rel1x.npz,axis_edge_parallel,1.0,3,quadratic,2,False,16,40,10,0.01,0.258154369012091,0.21225171497039463,0.20044091336024752,5,1.794608737276476,0.012455906763817628,5.8114925485118785e-08,0.006940736721654933,3.2383061710328476e-08,,,,,,,,,
22,response_tables/trial_00022_hard_negative_structure_obs-empirical_prior-axis_edge_parallel_rel1x.npz,axis_edge_parallel,1.0,3,cubic,3,False,16,40,10,0.01,0.26152775496388536,0.21406936669455412,0.20206227191470966,9,1.8323399072568982,0.0757254151381411,0.012319148976586558,0.04132716579398509,0.006723178886077378,,,,,,,,,
22,response_tables/trial_00022_hard_negative_structure_obs-empirical_prior-axis_edge_parallel_rel1x.npz,axis_edge_parallel,1.0,3,affine_linear,1,True,16,40,10,0.01,0.6687357282807824,0.605936317811689,0.48726598341235167,3,0.07629390426221672,0.006547871619170087,3.560617883140862e-08,0.08582430906492239,4.6669755828765456e-07,,,,,,,,,
22,response_tables/trial_00022_hard_negative_structure_obs-empirical_prior-axis_edge_parallel_rel1x.npz,axis_edge_parallel,1.0,3,affine_quadratic,2,True,16,40,10,0.01,0.7030834098129786,0.6421603063735686,0.5396360906117321,6,0.7213373122297235,0.026048255094338998,0.005941710204075619,0.03611106018323289,0.008237075919044332,,,,,,,,,
22,response_tables/trial_00022_hard_negative_structure_obs-empirical_prior-axis_edge_orthogonal_rel1x.npz,axis_edge_orthogonal,1.0,0,linear,1,False,16,40,10,0.01,0.023071803480454567,0.0058393896179890215,0.02115192831624671,2,0.08255734450041798,2.8576753115399897e-08,,3.4614428659651494e-07,,0.08255734450041798,2.8576753115399897e-08,2.8576753115399897e-08,3.4614428659651494e-07,2888968.672089208,6.460742832390214,2.359220851651462e-09,1.0,1.0
22,response_tables/trial_00022_hard_negative_structure_obs-empirical_prior-axis_edge_orthogonal_rel1x.npz,axis_edge_orthogonal,1.0,0,quadratic,2,False,16,40,10,0.01,0.2364796030059665,0.19432892242611877,0.19528170052038446,5,1.5990779747420782,0.02590208488260882,1.0815729365055666e-08,0.01619813748406276,6.763728558515215e-09,,,,,,,,,
22,response_tables/trial_00022_hard_negative_structure_obs-empirical_prior-axis_edge_orthogonal_rel1x.npz,axis_edge_orthogonal,1.0,0,cubic,3,False,16,40,10,0.01,0.24024423731828237,0.1965416358071691,0.19770020288348578,9,1.641984097523791,0.09316440137800494,0.010791411693986125,0.05673891818958683,0.006572177958519946,,,,,,,,,
22,response_tables/trial_00022_hard_negative_structure_obs-empirical_prior-axis_edge_orthogonal_rel1x.npz,axis_edge_orthogonal,1.0,0,affine_linear,1,True,16,40,10,0.01,0.5949573651415282,0.5299064664853038,0.42198710344664775,3,0.08594218303358094,0.005446070733324562,1.5808123737630994e-08,0.063369006244542,1.8393905274030737e-07,,,,,,,,,
22,response_tables/trial_00022_hard_negative_structure_obs-empirical_prior-axis_edge_orthogonal_rel1x.npz,axis_edge_orthogonal,1.0,0,affine_quadratic,2,True,16,40,10,0.01,0.6293320811129695,0.5655893677370103,0.4775220331959352,6,0.6819303004315698,0.043505518582111165,0.004062901510315927,0.06379760300221012,0.005957942487296223,,,,,,,,,
22,response_tables/trial_00022_hard_negative_structure_obs-empirical_prior-axis_edge_orthogonal_rel1x.npz,axis_edge_orthogonal,1.0,1,linear,1,False,16,40,10,0.01,0.015773974562729554,0.01149334752550335,0.01371151304106874,2,0.08904777088742527,5.7254896335617835e-09,,6.429683277305147e-08,,0.08904777088742527,5.7254896335617835e-09,5.7254896335617835e-09,6.429683277305147e-08,15552865.62138605,7.19181041965843,5.098420891077381e-10,1.0,1.0
22,response_tables/trial_00022_hard_negative_structure_obs-empirical_prior-axis_edge_orthogonal_rel1x.npz,axis_edge_orthogonal,1.0,1,quadratic,2,False,16,40,10,0.01,0.1634790932821012,0.09035609289295932,0.10554847298790165,5,1.4250643980744602,0.013990543141088966,4.59663185483341e-09,0.009817481343294323,3.2255607964414488e-09,,,,,,,,,
22,response_tables/trial_00022_hard_negative_structure_obs-empirical_prior-axis_edge_orthogonal_rel1x.npz,axis_edge_orthogonal,1.0,1,cubic,3,False,16,40,10,0.01,0.17587125026527606,0.09945406623060737,0.11406168967973307,9,1.658796429811756,0.033168225370640535,0.012698376852085153,0.019995356135655864,0.007655174935194547,,,,,,,,,
22,response_tables/trial_00022_hard_negative_structure_obs-empirical_prior-axis_edge_orthogonal_rel1x.npz,axis_edge_orthogonal,1.0,1,affine_linear,1,True,16,40,10,0.01,0.8049412221019256,0.7797665806767992,0.7789186612993699,3,0.09629416202476414,0.008115874499869998,4.103670470465266e-09,0.08428210318485169,4.261598402413968e-08,,,,,,,,,
22,response_tables/trial_00022_hard_negative_structure_obs-empirical_prior-axis_edge_orthogonal_rel1x.npz,axis_edge_orthogonal,1.0,1,affine_quadratic,2,True,16,40,10,0.01,0.8131248949320687,0.7884215719274417,0.7890680810664559,6,0.36258755480740845,0.02603454962753134,0.005668374261071735,0.07180210484984742,0.015633118638290113,,,,,,,,,
22,response_tables/trial_00022_hard_negative_structure_obs-empirical_prior-axis_edge_orthogonal_rel1x.npz,axis_edge_orthogonal,1.0,2,linear,1,False,16,40,10,0.01,0.017676050373326868,-0.00804552257155211,0.00210036569342395,2,0.07631242463014647,1.8197820746442902e-08,,2.3846471704496246e-07,,0.07631242463014647,1.8197820746442902e-08,1.8197820746442902e-08,2.3846471704496246e-07,4193492.489756672,6.622575869564005,1.3887198241458397e-09,1.0,1.0
22,response_tables/trial_00022_hard_negative_structure_obs-empirical_prior-axis_edge_orthogonal_rel1x.npz,axis_edge_orthogonal,1.0,2,quadratic,2,False,16,40,10,0.01,0.23177416642072246,0.15638270527683606,0.15868728452661301,5,1.7179611646722008,0.025779618981531742,1.493108381244807e-08,0.015005938150208812,8.691164922402089e-09,,,,,,,,,
22,response_tables/trial_00022_hard_negative_structure_obs-empirical_prior-axis_edge_orthogonal_rel1x.npz,axis_edge_orthogonal,1.0,2,cubic,3,False,16,40,10,0.01,0.23548811711318052,0.15894350363426046,0.1611523158750546,9,1.7638766502391328,0.07566125972677645,0.012732033175592234,0.042894870067313885,0.007218210623665846,,,,,,,,,
22,response_tables/trial_00022_hard_negative_structure_obs-empirical_prior-axis_edge_orthogonal_rel1x.npz,axis_edge_orthogonal,1.0,2,affine_linear,1,True,16,40,10,0.01,0.6441296046360905,0.5862695798869718,0.5718396677691735,3,0.08065472362641654,0.007170071703145875,1.8101307399539995e-08,0.08889834817805374,2.2442960047055868e-07,,,,,,,,,
22,response_tables/trial_00022_hard_negative_structure_obs-empirical_prior-axis_edge_orthogonal_rel1x.npz,axis_edge_orthogonal,1.0,2,affine_quadratic,2,True,16,40,10,0.01,0.665636141901714,0.600782328687631,0.5932916511581157,6,0.58661964223347,0.05462370085455323,0.006763743923804664,0.09311604474507765,0.011530033154111037,,,,,,,,,
22,response_tables/trial_00022_hard_negative_structure_obs-empirical_prior-axis_edge_orthogonal_rel1x.npz,axis_edge_orthogonal,1.0,3,linear,1,False,16,40,10,0.01,0.02157390353570887,0.010727163633539316,0.015592339232282176,2,0.08410780851687062,6.253448016577137e-08,,7.435038585416001e-07,,0.08410780851687062,6.253448016577137e-08,6.253448016577137e-08,7.435038585416001e-07,1344982.9325183637,6.128716773290007,5.259638083484742e-09,1.0,1.0
22,response_tables/trial_00022_hard_negative_structure_obs-empirical_prior-axis_edge_orthogonal_rel1x.npz,axis_edge_orthogonal,1.0,3,quadratic,2,False,16,40,10,0.01,0.25003779093618805,0.21484014828021591,0.20192348034828228,5,1.7668130808435059,0.022666648838874696,6.207613680154459e-08,0.012829115362929768,3.5134524118368206e-08,,,,,,,,,
22,response_tables/trial_00022_hard_negative_structure_obs-empirical_prior-axis_edge_orthogonal_rel1x.npz,axis_edge_orthogonal,1.0,3,cubic,3,False,16,40,10,0.01,0.2529966164503542,0.2165732111156533,0.2035631435862989,9,1.8004557601773454,0.09494371165310075,0.01440954499359316,0.052733154434046615,0.008003276343859632,,,,,,,,,
22,response_tables/trial_00022_hard_negative_structure_obs-empirical_prior-axis_edge_orthogonal_rel1x.npz,axis_edge_orthogonal,1.0,3,affine_linear,1,True,16,40,10,0.01,0.6378063011251972,0.5851213361390937,0.5158681995465215,3,0.08802608006898875,0.006570140005330315,5.26276967564441e-08,0.0746385616646918,5.978648227343323e-07,,,,,,,,,
22,response_tables/trial_00022_hard_negative_structure_obs-empirical_prior-axis_edge_orthogonal_rel1x.npz,axis_edge_orthogonal,1.0,3,affine_quadratic,2,True,16,40,10,0.01,0.6716863510437312,0.6194601976372842,0.5637977657176223,6,0.7262724219385236,0.04433343033292854,0.006521198116573375,0.061042425670792176,0.00897899730127075,,,,,,,,,
23,response_tables/trial_00023_hard_negative_structure_obs-empirical_prior-axis_edge_parallel_rel2x.npz,axis_edge_parallel,2.0,0,linear,1,False,16,40,10,0.01,0.003581345255159074,-0.0003836044514289316,-0.00024099879219852127,2,0.030726906601723274,6.12170283294603e-08,,1.9922938915701666e-06,,0.030726906601723274,6.12170283294603e-08,6.12170283294603e-08,1.9922938915701666e-06,501933.97883275145,5.700646596598707,1.8810099119143744e-09,1.0,1.0
23,response_tables/trial_00023_hard_negative_structure_obs-empirical_prior-axis_edge_parallel_rel2x.npz,axis_edge_parallel,2.0,0,quadratic,2,False,16,40,10,0.01,0.38680803469637237,0.36899591058146475,0.3659667660328162,5,2.2848248247190717,0.006854404164838249,2.6520637241748745e-08,0.002999969227698244,1.1607295646837854e-08,,,,,,,,,
23,response_tables/trial_00023_hard_negative_structure_obs-empirical_prior-axis_edge_parallel_rel2x.npz,axis_edge_parallel,2.0,0,cubic,3,False,16,40,10,0.01,0.3870002009298744,0.3686677654087236,0.3656335287646156,9,2.288172468907051,0.04108814200582467,0.004794382796034668,0.017956750447858716,0.002095289083835849,,,,,,,,,
23,response_tables/trial_00023_hard_negative_structure_obs-empirical_prior-axis_edge_parallel_rel2x.npz,axis_edge_parallel,2.0,0,affine_linear,1,True,16,40,10,0.01,0.8023661873768526,0.792302442259601,0.7947671217411751,3,0.05076914904361602,0.005779330643297509,2.5363340963194334e-08,0.11383548379612309,4.995817625661712e-07,,,,,,,,,
23,response_tables/trial_00023_hard_negative_structure_obs-empirical_prior-axis_edge_parallel_rel2x.npz,axis_edge_parallel,2.0,0,affine_quadratic,2,True,16,40,10,0.01,0.8101417976415832,0.8001231490139153,0.8025206984324029,6,0.39409311568496685,0.010421455737424472,0.005715652777881023,0.02644414561596974,0.014503305311351963,,,,,,,,,
23,response_tables/trial_00023_hard_negative_structure_obs-empirical_prior-axis_edge_parallel_rel2x.npz,axis_edge_parallel,2.0,1,linear,1,False,16,40,10,0.01,0.0015323288188633377,0.0004579430462469114,0.00026838026318701247,2,0.017171942196029282,4.3302435848568164e-08,,2.5216970424336224e-06,,0.017171942196029282,4.3302435848568164e-08,4.3302435848568164e-08,2.5216970424336224e-06,396558.3427242024,5.598307090920199,7.435869253388787e-10,1.0,1.0
23,response_tables/trial_00023_hard_negative_structure_obs-empirical_prior-axis_edge_parallel_rel2x.npz,axis_edge_parallel,2.0,1,quadratic,2,False,16,40,10,0.01,0.3754835094301142,0.35896159322844057,0.35295801806735494,5,1.7213961062884342,0.00694507712233041,1.58995375541543e-08,0.004034560724843829,9.236420075583813e-09,,,,,,,,,
23,response_tables/trial_00023_hard_negative_structure_obs-empirical_prior-axis_edge_parallel_rel2x.npz,axis_edge_parallel,2.0,1,cubic,3,False,16,40,10,0.01,0.3758547944632189,0.358546017755086,0.35251645739157095,9,1.72474475260098,0.08179716367650612,0.006888312876724723,0.04742566316155067,0.003993815819028809,,,,,,,,,
23,response_tables/trial_00023_hard_negative_structure_obs-empirical_prior-axis_edge_parallel_rel2x.npz,axis_edge_parallel,2.0,1,affine_linear,1,True,16,40,10,0.01,0.7832797221159784,0.7768304767563978,0.7791376618048765,3,0.03795260871185185,0.006722027057146103,1.635861717075626e-08,0.17711633759307163,4.3102747679233407e-07,,,,,,,,,
23,response_tables/trial_00023_hard_negative_structure_obs-empirical_prior-axis_edge_parallel_rel2x.npz,axis_edge_parallel,2.0,1,affine_quadratic,2,True,16,40,10,0.01,0.7927552895375082,0.7852348957378151,0.7872688077310825,6,0.33205254442529775,0.010303861714810734,0.004642759475430343,0.031030816922798212,0.01398200240707636,,,,,,,,,
23,response_tables/trial_00023_hard_negative_structure_obs-empirical_prior-axis_edge_parallel_rel2x.npz,axis_edge_parallel,2.0,2,linear,1,False,16,40,10,0.01,0.0010197183059945658,-0.0013620285493691764,-0.0012386106139162523,2,0.015697832265601955,2.7156055575580794e-08,,1.7299239230047574e-06,,0.015697832265601955,2.7156055575580794e-08,2.7156055575580794e-08,1.7299239230047574e-06,578060.102355871,5.761972995452545,4.262912054208321e-10,1.0,1.0
23,response_tables/trial_00023_hard_negative_structure_obs-empirical_prior-axis_edge_parallel_rel2x.npz,axis_edge_parallel,2.0,2,quadratic,2,False,16,40,10,0.01,0.40510169990930345,0.3905956914796075,0.3871572290383558,5,2.12086999932783,0.00451835765490474,2.399464363426169e-08,0.0021304265024903687,1.1313585293707933e-08,,,,,,,,,
23,response_tables/trial_00023_hard_negative_structure_obs-empirical_prior-axis_edge_parallel_rel2x.npz,axis_edge_parallel,2.0,2,cubic,3,False,16,40,10,0.01,0.40528352258731415,0.3899147039095421,0.38648422447551906,9,2.1239227853886025,0.04543331556768607,0.004302675182306734,0.02139122753437262,0.00202581525651814,,,,,,,,,
23,response_tables/trial_00023_hard_negative_structure_obs-empirical_prior-axis_edge_parallel_rel2x.npz,axis_edge_parallel,2.0,2,affine_linear,1,True,16,40,10,0.01,0.8106939514130085,0.8042241073444214,0.8048824475371472,3,0.04214322704545011,0.004364945022768951,2.315636929040682e-08,0.10357405753625604,5.494683467270654e-07,,,,,,,,,
23,response_tables/trial_00023_hard_negative_structure_obs-empirical_prior-axis_edge_parallel_rel2x.npz,axis_edge_parallel,2.0,2,affine_quadratic,2,True,16,40,10,0.01,0.8193571213429738,0.8124727492952486,0.8129735700431635,6,0.38126891824127596,0.015792696192657666,0.004259617452578701,0.041421410026042764,0.011172212705477122,,,,,,,,,
23,response_tables/trial_00023_hard_negative_structure_obs-empirical_prior-axis_edge_parallel_rel2x.npz,axis_edge_parallel,2.0,3,linear,1,False,16,40,10,0.01,0.0031043848001426344,-0.0007482296808039024,-0.000616931834209633,2,0.027705608344206326,5.109196451376394e-08,,1.8441018828755681e-06,,0.027705608344206326,5.109196451376394e-08,5.109196451376394e-08,1.8441018828755681e-06,542269.3883055244,5.73421508873339,1.4155339583544317e-09,1.0,1.0
23,response_tables/trial_00023_hard_negative_structure_obs-empirical_prior-axis_edge_parallel_rel2x.npz,axis_edge_parallel,2.0,3,quadratic,2,False,16,40,10,0.01,0.40567543728952027,0.39145255128054346,0.3881120804024179,5,2.2384322517533417,0.006758115577611014,3.605222589859985e-08,0.0030191289337961644,1.610601610585288e-08,,,,,,,,,
23,response_tables/trial_00023_hard_negative_structure_obs-empirical_prior-axis_edge_parallel_rel2x.npz,axis_edge_parallel,2.0,3,cubic,3,False,16,40,10,0.01,0.4060719116944046,0.39129905512185514,0.387993371284981,9,2.245360972642779,0.03519799855911244,0.006030939911223357,0.015675875277053813,0.0026859556145776287,,,,,,,,,
23,response_tables/trial_00023_hard_negative_structure_obs-empirical_prior-axis_edge_parallel_rel2x.npz,axis_edge_parallel,2.0,3,affine_linear,1,True,16,40,10,0.01,0.8072278051238979,0.796421722750752,0.7959716864599944,3,0.04806149113088618,0.005607379431206051,3.97747358586686e-08,0.11667094173036448,8.275801462411933e-07,,,,,,,,,
23,response_tables/trial_00023_hard_negative_structure_obs-empirical_prior-axis_edge_parallel_rel2x.npz,axis_edge_parallel,2.0,3,affine_quadratic,2,True,16,40,10,0.01,0.8177862995272593,0.8078324169597783,0.8072907745779262,6,0.4401324290003865,0.01627629171657595,0.005569115876046854,0.03698044189459545,0.012653273217552356,,,,,,,,,
23,response_tables/trial_00023_hard_negative_structure_obs-empirical_prior-axis_edge_orthogonal_rel2x.npz,axis_edge_orthogonal,2.0,0,linear,1,False,16,40,10,0.01,0.006488965132205871,0.0007061126815149921,0.0013677507333413053,2,0.04097154174626151,8.913483070940765e-08,,2.1755303049473564e-06,,0.04097154174626151,8.913483070940765e-08,8.913483070940765e-08,2.1755303049473564e-06,459658.04186956526,5.662434862644883,3.651991437456448e-09,1.0,1.0
23,response_tables/trial_00023_hard_negative_structure_obs-empirical_prior-axis_edge_orthogonal_rel2x.npz,axis_edge_orthogonal,2.0,0,quadratic,2,False,16,40,10,0.01,0.3818991167958542,0.3592958935280318,0.3547873722158085,5,2.240441895053935,0.013770430007865972,2.7365342475942126e-08,0.006146300887457057,1.2214261184971882e-08,,,,,,,,,
23,response_tables/trial_00023_hard_negative_structure_obs-empirical_prior-axis_edge_orthogonal_rel2x.npz,axis_edge_orthogonal,2.0,0,cubic,3,False,16,40,10,0.01,0.38203250532891253,0.3588498341185722,0.35430204020934486,9,2.241683619010455,0.07211221462806282,0.006605657815295497,0.032168774405326325,0.002946739566313746,,,,,,,,,
23,response_tables/trial_00023_hard_negative_structure_obs-empirical_prior-axis_edge_orthogonal_rel2x.npz,axis_edge_orthogonal,2.0,0,affine_linear,1,True,16,40,10,0.01,0.7703141503079626,0.7584276662114025,0.7620865298165735,3,0.05606998100868146,0.009940923271058612,2.4141037184072332e-08,0.17729492844877962,4.305519058466332e-07,,,,,,,,,
23,response_tables/trial_00023_hard_negative_structure_obs-empirical_prior-axis_edge_orthogonal_rel2x.npz,axis_edge_orthogonal,2.0,0,affine_quadratic,2,True,16,40,10,0.01,0.7796239309101922,0.7663091540360534,0.7697462944643533,6,0.4273048461882091,0.015750235999611433,0.00892182904427655,0.03685948366865501,0.020879306948807397,,,,,,,,,
23,response_tables/trial_00023_hard_negative_structure_obs-empirical_prior-axis_edge_orthogonal_rel2x.npz,axis_edge_orthogonal,2.0,1,linear,1,False,16,40,10,0.01,0.001366912618328442,0.0005708364627299289,0.000643658386416085,2,0.021733579626515905,3.2579232918106825e-08,,1.4990274716806778e-06,,0.021733579626515905,3.2579232918106825e-08,3.2579232918106825e-08,1.4990274716806778e-06,667099.1818974613,5.82419040805232,7.080633527964828e-10,1.0,1.0
23,response_tables/trial_00023_hard_negative_structure_obs-empirical_prior-axis_edge_orthogonal_rel2x.npz,axis_edge_orthogonal,2.0,1,quadratic,2,False,16,40,10,0.01,0.3608390673636267,0.3470420745292251,0.3484230332072895,5,2.2616423995066945,0.006008536480294333,8.168043363304082e-09,0.0026567137588174436,3.61155387124228e-09,,,,,,,,,
23,response_tables/trial_00023_hard_negative_structure_obs-empirical_prior-axis_edge_orthogonal_rel2x.npz,axis_edge_orthogonal,2.0,1,cubic,3,False,16,40,10,0.01,0.3609992283207243,0.34668481071748747,0.34805640501868124,9,2.264180199294255,0.056064227080937376,0.0059925612241035695,0.02476138034349589,0.002646680341949572,,,,,,,,,
23,response_tables/trial_00023_hard_negative_structure_obs-empirical_prior-axis_edge_orthogonal_rel2x.npz,axis_edge_orthogonal,2.0,1,affine_linear,1,True,16,40,10,0.01,0.8791450583809093,0.8749655601761932,0.874646603055525,3,0.05327284514036299,0.005930558641263959,6.882782482291469e-09,0.11132423330569556,1.291987027191199e-07,,,,,,,,,
23,response_tables/trial_00023_hard_negative_structure_obs-empirical_prior-axis_edge_orthogonal_rel2x.npz,axis_edge_orthogonal,2.0,1,affine_quadratic,2,True,16,40,10,0.01,0.8810990516801123,0.8758423741169834,0.8755224539924837,6,0.20609197324376957,0.025503502782514648,0.004301997197679849,0.12374816146938732,0.020874161812169965,,,,,,,,,
23,response_tables/trial_00023_hard_negative_structure_obs-empirical_prior-axis_edge_orthogonal_rel2x.npz,axis_edge_orthogonal,2.0,2,linear,1,False,16,40,10,0.01,0.00233369522218263,0.0007768144238101682,0.001152133123428406,2,0.02552639355635441,2.4900198420362803e-08,,9.754687188925e-07,,0.02552639355635441,2.4900198420362803e-08,2.4900198420362803e-08,9.754687188925e-07,1025148.1986376268,6.01078665290216,6.356122645094952e-10,1.0,1.0
23,response_tables/trial_00023_hard_negative_structure_obs-empirical_prior-axis_edge_orthogonal_rel2x.npz,axis_edge_orthogonal,2.0,2,quadratic,2,False,16,40,10,0.01,0.38259717685864647,0.35511000806815607,0.3475611030531174,5,2.211768387176295,0.008918168526106164,2.47720849558511e-08,0.004032143952238936,1.1200126152212959e-08,,,,,,,,,
23,response_tables/trial_00023_hard_negative_structure_obs-empirical_prior-axis_edge_orthogonal_rel2x.npz,axis_edge_orthogonal,2.0,2,cubic,3,False,16,40,10,0.01,0.38268076011961605,0.3540091690315834,0.3463452203301564,9,2.2118461100655464,0.07489710232552205,0.004712270555836363,0.03386180529679912,0.002130469445587568,,,,,,,,,
23,response_tables/trial_00023_hard_negative_structure_obs-empirical_prior-axis_edge_orthogonal_rel2x.npz,axis_edge_orthogonal,2.0,2,affine_linear,1,True,16,40,10,0.01,0.7952907364772729,0.7862951274684048,0.788759050517938,3,0.04838983730503682,0.007901703013384219,2.4720496295742985e-08,0.16329261376875395,5.108613228003118e-07,,,,,,,,,
23,response_tables/trial_00023_hard_negative_structure_obs-empirical_prior-axis_edge_orthogonal_rel2x.npz,axis_edge_orthogonal,2.0,2,affine_quadratic,2,True,16,40,10,0.01,0.800864655868096,0.7876108791920923,0.7894746237359562,6,0.33029732798748646,0.017018139872288975,0.007883291696275782,0.05152369828717997,0.02386725846166835,,,,,,,,,
23,response_tables/trial_00023_hard_negative_structure_obs-empirical_prior-axis_edge_orthogonal_rel2x.npz,axis_edge_orthogonal,2.0,3,linear,1,False,16,40,10,0.01,0.0015407822809822003,-0.002136925862820549,-0.0018239739841391656,2,0.020910383926210415,9.899797322922233e-08,,4.7343929015637025e-06,,0.020910383926210415,9.899797322922233e-08,9.899797322922233e-08,4.7343929015637025e-06,211220.3234483801,5.324735703335442,2.0700856281397395e-09,1.0,1.0
23,response_tables/trial_00023_hard_negative_structure_obs-empirical_prior-axis_edge_orthogonal_rel2x.npz,axis_edge_orthogonal,2.0,3,quadratic,2,False,16,40,10,0.01,0.38271273095900515,0.3631543238232582,0.35917514467905487,5,2.3331554243216437,0.009666593023761707,3.805108271261055e-08,0.004143141482557782,1.630885037316953e-08,,,,,,,,,
23,response_tables/trial_00023_hard_negative_structure_obs-empirical_prior-axis_edge_orthogonal_rel2x.npz,axis_edge_orthogonal,2.0,3,cubic,3,False,16,40,10,0.01,0.3830807459735245,0.3628756201673795,0.3588927259930106,9,2.339723289596333,0.05838621989233458,0.0062307989367256745,0.024954326929150592,0.002663049500097364,,,,,,,,,
23,response_tables/trial_00023_hard_negative_structure_obs-empirical_prior-axis_edge_orthogonal_rel2x.npz,axis_edge_orthogonal,2.0,3,affine_linear,1,True,16,40,10,0.01,0.7926352077212462,0.7821112243612861,0.7835129219234401,3,0.0461290340529233,0.009287644452668255,4.2768076925986206e-08,0.20134053624475748,9.271400930901543e-07,,,,,,,,,
23,response_tables/trial_00023_hard_negative_structure_obs-empirical_prior-axis_edge_orthogonal_rel2x.npz,axis_edge_orthogonal,2.0,3,affine_quadratic,2,True,16,40,10,0.01,0.8002457499518537,0.7884747370319579,0.7899232089867356,6,0.40047864186094856,0.01595298999151782,0.007631600075211462,0.039834808461663,0.01905619745349929,,,,,,,,,
24,response_tables/trial_00024_hard_negative_structure_obs-empirical_prior-axis_edge_parallel_rel0p5x.npz,axis_edge_parallel,0.5,0,linear,1,False,16,40,10,0.01,0.013276176399824147,0.008115749024954488,-0.014182002691202206,2,0.05663135926294782,1.2028869839214912e-09,,2.124065181512434e-08,,0.05663135926294782,1.2028869839214912e-09,1.2028869839214912e-09,2.124065181512434e-08,47079534.50317156,7.672832160125021,6.81211249391817e-11,1.0,1.0
24,response_tables/trial_00024_hard_negative_structure_obs-empirical_prior-axis_edge_parallel_rel0p5x.npz,axis_edge_parallel,0.5,0,quadratic,2,False,16,40,10,0.01,0.22744716653158825,0.13588345664593304,0.11610934039927853,5,1.2672484092826308,0.026271229983248053,8.404953150963366e-10,0.020730923622243706,6.632443244273849e-10,,,,,,,,,
24,response_tables/trial_00024_hard_negative_structure_obs-empirical_prior-axis_edge_parallel_rel0p5x.npz,axis_edge_parallel,0.5,0,cubic,3,False,16,40,10,0.01,0.22745864323756115,0.13581080088175734,0.11611202657514341,9,1.2671552401130508,0.02627198570774689,0.0030536393859910025,0.020733044283826663,0.002409838423363635,,,,,,,,,
24,response_tables/trial_00024_hard_negative_structure_obs-empirical_prior-axis_edge_parallel_rel0p5x.npz,axis_edge_parallel,0.5,0,affine_linear,1,True,16,40,10,0.01,0.4059745251929633,0.24372009154392738,-1.1741075767229718,3,0.057376943081359336,0.005205141815392448,9.756819994615893e-10,0.09071835367756806,1.7004774863625833e-08,,,,,,,,,
24,response_tables/trial_00024_hard_negative_structure_obs-empirical_prior-axis_edge_parallel_rel0p5x.npz,axis_edge_parallel,0.5,0,affine_quadratic,2,True,16,40,10,0.01,0.4838841827802174,0.3168088009647253,-0.8379082618705018,6,0.7787069017495692,0.025379991870736612,0.0018410251016077682,0.032592483530984255,0.002364208019052384,,,,,,,,,
24,response_tables/trial_00024_hard_negative_structure_obs-empirical_prior-axis_edge_parallel_rel0p5x.npz,axis_edge_parallel,0.5,1,linear,1,False,16,40,10,0.01,0.0036389743939294616,-0.04731033209225366,-0.03580547148526042,2,0.03802478092773861,1.0319479518847946e-08,,2.713882701509534e-07,,0.03802478092773861,1.0319479518847946e-08,1.0319479518847946e-08,2.713882701509534e-07,3684757.6332012187,6.566408927195084,3.9239594799247857e-10,1.0,1.0
24,response_tables/trial_00024_hard_negative_structure_obs-empirical_prior-axis_edge_parallel_rel0p5x.npz,axis_edge_parallel,0.5,1,quadratic,2,False,16,40,10,0.01,0.24790978958277599,0.11779266250738119,0.0873422356524782,5,1.7359591704151032,0.014863086003642792,2.2830106594084137e-09,0.008561886855949916,1.3151292370905817e-09,,,,,,,,,
24,response_tables/trial_00024_hard_negative_structure_obs-empirical_prior-axis_edge_parallel_rel0p5x.npz,axis_edge_parallel,0.5,1,cubic,3,False,16,40,10,0.01,0.24806309082943745,0.11777533824695485,0.08715491467231393,9,1.73650761105151,0.01526627686994925,0.0044653264660611544,0.008791367669678706,0.0025714407686110046,,,,,,,,,
24,response_tables/trial_00024_hard_negative_structure_obs-empirical_prior-axis_edge_parallel_rel0p5x.npz,axis_edge_parallel,0.5,1,affine_linear,1,True,16,40,10,0.01,0.36437299995153627,0.16126629281583615,-1.226948394409662,3,0.03991227918391657,0.004718302332560091,3.458674700467977e-09,0.1182168101906198,8.665690787865899e-08,,,,,,,,,
24,response_tables/trial_00024_hard_negative_structure_obs-empirical_prior-axis_edge_parallel_rel0p5x.npz,axis_edge_parallel,0.5,1,affine_quadratic,2,True,16,40,10,0.01,0.46826595381253266,0.267363828930379,-0.8480456800357359,6,1.1520838631274175,0.015516651777291467,0.0019841322553697752,0.013468335312995669,0.0017222116539187524,,,,,,,,,
24,response_tables/trial_00024_hard_negative_structure_obs-empirical_prior-axis_edge_parallel_rel0p5x.npz,axis_edge_parallel,0.5,2,linear,1,False,16,40,10,0.01,0.017145549015774697,0.01373866543973501,-0.022439792711984374,2,0.07585519495671207,1.4869861801373877e-08,,1.9602957727364079e-07,,0.07585519495671207,1.4869861801373877e-08,1.4869861801373877e-08,1.9602957727364079e-07,5101271.011792696,6.707678396614815,1.1279562659225811e-09,1.0,1.0
24,response_tables/trial_00024_hard_negative_structure_obs-empirical_prior-axis_edge_parallel_rel0p5x.npz,axis_edge_parallel,0.5,2,quadratic,2,False,16,40,10,0.01,0.21290511093968034,0.1268157966317187,0.08518424976563399,5,1.4541336879797386,0.03407726638688101,8.070398840477792e-09,0.023434754774318816,5.549970341234707e-09,,,,,,,,,
24,response_tables/trial_00024_hard_negative_structure_obs-empirical_prior-axis_edge_parallel_rel0p5x.npz,axis_edge_parallel,0.5,2,cubic,3,False,16,40,10,0.01,0.21292551249596925,0.12676839609520896,0.08522334092333733,9,1.4541217784336362,0.03411251293228658,0.003913027697255849,0.023459185769868735,0.0026909903663439516,,,,,,,,,
24,response_tables/trial_00024_hard_negative_structure_obs-empirical_prior-axis_edge_parallel_rel0p5x.npz,axis_edge_parallel,0.5,2,affine_linear,1,True,16,40,10,0.01,0.3253010998955721,0.16473775064726104,-1.5853524816182878,3,0.07645103438670482,0.005608250796461421,1.0410811818174888e-08,0.07335742206042303,1.361762061388848e-07,,,,,,,,,
24,response_tables/trial_00024_hard_negative_structure_obs-empirical_prior-axis_edge_parallel_rel0p5x.npz,axis_edge_parallel,0.5,2,affine_quadratic,2,True,16,40,10,0.01,0.41123910588738466,0.2409940481985161,-1.2120584655666364,6,0.9788076388491517,0.03286607756204188,0.002946166638656706,0.033577667620866426,0.0030099546853973344,,,,,,,,,
24,response_tables/trial_00024_hard_negative_structure_obs-empirical_prior-axis_edge_parallel_rel0p5x.npz,axis_edge_parallel,0.5,3,linear,1,False,16,40,10,0.01,0.017145549015774697,0.01373866543973501,-0.022439792711984374,2,0.07585519495671207,1.4869861801373877e-08,,1.9602957727364079e-07,,0.07585519495671207,1.4869861801373877e-08,1.4869861801373877e-08,1.9602957727364079e-07,5101271.011792696,6.707678396614815,1.1279562659225811e-09,1.0,1.0
24,response_tables/trial_00024_hard_negative_structure_obs-empirical_prior-axis_edge_parallel_rel0p5x.npz,axis_edge_parallel,0.5,3,quadratic,2,False,16,40,10,0.01,0.21290511093968034,0.1268157966317187,0.08518424976563399,5,1.4541336879797386,0.03407726638688101,8.070398840477792e-09,0.023434754774318816,5.549970341234707e-09,,,,,,,,,
24,response_tables/trial_00024_hard_negative_structure_obs-empirical_prior-axis_edge_parallel_rel0p5x.npz,axis_edge_parallel,0.5,3,cubic,3,False,16,40,10,0.01,0.21292551249596925,0.12676839609520896,0.08522334092333733,9,1.4541217784336362,0.03411251293228658,0.003913027697255849,0.023459185769868735,0.0026909903663439516,,,,,,,,,
24,response_tables/trial_00024_hard_negative_structure_obs-empirical_prior-axis_edge_parallel_rel0p5x.npz,axis_edge_parallel,0.5,3,affine_linear,1,True,16,40,10,0.01,0.3253010998955721,0.16473775064726104,-1.5853524816182878,3,0.07645103438670482,0.005608250796461421,1.0410811818174888e-08,0.07335742206042303,1.361762061388848e-07,,,,,,,,,
24,response_tables/trial_00024_hard_negative_structure_obs-empirical_prior-axis_edge_parallel_rel0p5x.npz,axis_edge_parallel,0.5,3,affine_quadratic,2,True,16,40,10,0.01,0.41123910588738466,0.2409940481985161,-1.2120584655666364,6,0.9788076388491517,0.03286607756204188,0.002946166638656706,0.033577667620866426,0.0030099546853973344,,,,,,,,,
24,response_tables/trial_00024_hard_negative_structure_obs-empirical_prior-axis_edge_orthogonal_rel0p5x.npz,axis_edge_orthogonal,0.5,0,linear,1,False,16,40,10,0.01,0.010783698839920475,0.007922339076978036,0.0005381401062918567,2,0.06938261660161127,1.3326643334178508e-09,,1.9207467211418234e-08,,0.06938261660161127,1.3326643334178508e-09,1.3326643334178508e-09,1.9207467211418234e-08,52063085.10085762,7.71652989951237,9.246373850417259e-11,1.0,1.0
24,response_tables/trial_00024_hard_negative_structure_obs-empirical_prior-axis_edge_orthogonal_rel0p5x.npz,axis_edge_orthogonal,0.5,0,quadratic,2,False,16,40,10,0.01,0.22191361340341065,0.13546667077034513,0.11047420265180952,5,1.7103044482191943,0.028206329606194715,1.090029859401416e-09,0.016491993361511602,6.373308918984444e-10,,,,,,,,,
24,response_tables/trial_00024_hard_negative_structure_obs-empirical_prior-axis_edge_orthogonal_rel0p5x.npz,axis_edge_orthogonal,0.5,0,cubic,3,False,16,40,10,0.01,0.22191573436555545,0.13540288025653313,0.11044574048463887,9,1.7101681332637912,0.028206008036703076,0.0029231230409179384,0.01649311987989916,0.0017092606183342152,,,,,,,,,
24,response_tables/trial_00024_hard_negative_structure_obs-empirical_prior-axis_edge_orthogonal_rel0p5x.npz,axis_edge_orthogonal,0.5,0,affine_linear,1,True,16,40,10,0.01,0.561976306695345,0.44590762999540945,0.14936870360968313,3,0.07103236415059543,0.007688060480202089,1.0828151924606196e-09,0.10823320569624661,1.524396949769189e-08,,,,,,,,,
24,response_tables/trial_00024_hard_negative_structure_obs-empirical_prior-axis_edge_orthogonal_rel0p5x.npz,axis_edge_orthogonal,0.5,0,affine_quadratic,2,True,16,40,10,0.01,0.6186841828381141,0.4983878386761291,0.26404073794563365,6,0.9035314953830035,0.025167772989797534,0.0030574386748951107,0.02785489284922936,0.0033838761465631857,,,,,,,,,
24,response_tables/trial_00024_hard_negative_structure_obs-empirical_prior-axis_edge_orthogonal_rel0p5x.npz,axis_edge_orthogonal,0.5,1,linear,1,False,16,40,10,0.01,0.007094707528391031,-0.049697035115114474,-0.0249621941388751,2,0.05768335248390879,1.3433818320716103e-08,,2.3288900076436384e-07,,0.05768335248390879,1.3433818320716103e-08,1.3433818320716103e-08,2.3288900076436384e-07,4293891.067065877,6.632851022500724,7.749076773986586e-10,1.0,1.0
24,response_tables/trial_00024_hard_negative_structure_obs-empirical_prior-axis_edge_orthogonal_rel0p5x.npz,axis_edge_orthogonal,0.5,1,quadratic,2,False,16,40,10,0.01,0.22968329449682912,0.10778484337591665,0.0968005061167691,5,1.8009196370750782,0.024100760271569086,3.6920959883443656e-09,0.013382474029053164,2.050117013739046e-09,,,,,,,,,
24,response_tables/trial_00024_hard_negative_structure_obs-empirical_prior-axis_edge_orthogonal_rel0p5x.npz,axis_edge_orthogonal,0.5,1,cubic,3,False,16,40,10,0.01,0.22997996425371814,0.10785406184049728,0.09669594578661037,9,1.8021126701089718,0.03124066069655977,0.005804900591388366,0.017335575746587856,0.00322116407462878,,,,,,,,,
24,response_tables/trial_00024_hard_negative_structure_obs-empirical_prior-axis_edge_orthogonal_rel0p5x.npz,axis_edge_orthogonal,0.5,1,affine_linear,1,True,16,40,10,0.01,0.333364834953925,0.1525765829058756,-1.2390671088285972,3,0.058958540028704036,0.005663464194280072,5.600491528215701e-09,0.09605841989172065,9.499033601390223e-08,,,,,,,,,
24,response_tables/trial_00024_hard_negative_structure_obs-empirical_prior-axis_edge_orthogonal_rel0p5x.npz,axis_edge_orthogonal,0.5,1,affine_quadratic,2,True,16,40,10,0.01,0.42872518933122417,0.25172142508943707,-0.8569675137457402,6,1.1999153461277159,0.024385546804237712,0.0024505931132241857,0.020322722667839084,0.0020423050018758162,,,,,,,,,
24,response_tables/trial_00024_hard_negative_structure_obs-empirical_prior-axis_edge_orthogonal_rel0p5x.npz,axis_edge_orthogonal,0.5,2,linear,1,False,16,40,10,0.01,0.010760152813148127,0.008335062577583763,-0.007338702967809918,2,0.06567227834978784,2.4967680998379043e-08,,3.801860027665647e-07,,0.06567227834978784,2.4967680998379043e-08,2.4967680998379043e-08,3.801860027665647e-07,2630291.4697625074,6.420003876510935,1.6396844962742572e-09,1.0,1.0
24,response_tables/trial_00024_hard_negative_structure_obs-empirical_prior-axis_edge_orthogonal_rel0p5x.npz,axis_edge_orthogonal,0.5,2,quadratic,2,False,16,40,10,0.01,0.20467564367172963,0.12174184719542491,0.09140654277812552,5,1.5811549529156874,0.029641408241387546,1.7069494076423267e-08,0.01874668146011122,1.0795585875341764e-08,,,,,,,,,
24,response_tables/trial_00024_hard_negative_structure_obs-empirical_prior-axis_edge_orthogonal_rel0p5x.npz,axis_edge_orthogonal,0.5,2,cubic,3,False,16,40,10,0.01,0.20469157201927068,0.12169138818026193,0.09140579391909781,9,1.5811322170631517,0.029667872276593586,0.0028352699839880135,0.018763688423033775,0.0017931896860936397,,,,,,,,,
24,response_tables/trial_00024_hard_negative_structure_obs-empirical_prior-axis_edge_orthogonal_rel0p5x.npz,axis_edge_orthogonal,0.5,2,affine_linear,1,True,16,40,10,0.01,0.3822036975547006,0.2391996461519006,-0.8838007269049146,3,0.06666283607496978,0.0066962837730592285,1.9737186663735136e-08,0.10045002834155618,2.960748120817793e-07,,,,,,,,,
24,response_tables/trial_00024_hard_negative_structure_obs-empirical_prior-axis_edge_orthogonal_rel0p5x.npz,axis_edge_orthogonal,0.5,2,affine_quadratic,2,True,16,40,10,0.01,0.45693985919991453,0.30626260093722835,-0.6415057322974453,6,0.9969960009312031,0.02783904420791896,0.002944332163959413,0.02792292464755831,0.002953203584778054,,,,,,,,,
24,response_tables/trial_00024_hard_negative_structure_obs-empirical_prior-axis_edge_orthogonal_rel0p5x.npz,axis_edge_orthogonal,0.5,3,linear,1,False,16,40,10,0.01,0.010760152813148127,0.008335062577583763,-0.007338702967809918,2,0.06567227834978784,2.4967680998379043e-08,,3.801860027665647e-07,,0.06567227834978784,2.4967680998379043e-08,2.4967680998379043e-08,3.801860027665647e-07,2630291.4697625074,6.420003876510935,1.6396844962742572e-09,1.0,1.0
24,response_tables/trial_00024_hard_negative_structure_obs-empirical_prior-axis_edge_orthogonal_rel0p5x.npz,axis_edge_orthogonal,0.5,3,quadratic,2,False,16,40,10,0.01,0.20467564367172963,0.12174184719542491,0.09140654277812552,5,1.5811549529156874,0.029641408241387546,1.7069494076423267e-08,0.01874668146011122,1.0795585875341764e-08,,,,,,,,,
24,response_tables/trial_00024_hard_negative_structure_obs-empirical_prior-axis_edge_orthogonal_rel0p5x.npz,axis_edge_orthogonal,0.5,3,cubic,3,False,16,40,10,0.01,0.20469157201927068,0.12169138818026193,0.09140579391909781,9,1.5811322170631517,0.029667872276593586,0.0028352699839880135,0.018763688423033775,0.0017931896860936397,,,,,,,,,
24,response_tables/trial_00024_hard_negative_structure_obs-empirical_prior-axis_edge_orthogonal_rel0p5x.npz,axis_edge_orthogonal,0.5,3,affine_linear,1,True,16,40,10,0.01,0.3822036975547006,0.2391996461519006,-0.8838007269049146,3,0.06666283607496978,0.0066962837730592285,1.9737186663735136e-08,0.10045002834155618,2.960748120817793e-07,,,,,,,,,
24,response_tables/trial_00024_hard_negative_structure_obs-empirical_prior-axis_edge_orthogonal_rel0p5x.npz,axis_edge_orthogonal,0.5,3,affine_quadratic,2,True,16,40,10,0.01,0.45693985919991453,0.30626260093722835,-0.6415057322974453,6,0.9969960009312031,0.02783904420791896,0.002944332163959413,0.02792292464755831,0.002953203584778054,,,,,,,,,
25,response_tables/trial_00025_hard_negative_structure_obs-empirical_prior-axis_edge_parallel_rel1x.npz,axis_edge_parallel,1.0,0,linear,1,False,16,40,10,0.01,0.0055909380014522725,0.0022273946761965924,0.0021368506135279464,2,0.03289200402867564,3.9529054591398995e-09,,1.201783100748045e-07,,0.03289200402867564,3.9529054591398995e-09,3.9529054591398995e-09,1.201783100748045e-07,8320969.061534933,6.9201739072486195,1.300189822870035e-10,1.0,1.0
25,response_tables/trial_00025_hard_negative_structure_obs-empirical_prior-axis_edge_parallel_rel1x.npz,axis_edge_parallel,1.0,0,quadratic,2,False,16,40,10,0.01,0.259866519396587,0.23403393960675256,0.22256709616564643,5,1.3793718950478113,0.007903108437405973,2.8090155840407777e-09,0.005729497944520639,2.036445424272917e-09,,,,,,,,,
25,response_tables/trial_00025_hard_negative_structure_obs-empirical_prior-axis_edge_parallel_rel1x.npz,axis_edge_parallel,1.0,0,cubic,3,False,16,40,10,0.01,0.2599101154096959,0.2329668141195398,0.2215672095674411,9,1.3794442982464976,0.027384310998300333,0.0071323074320552,0.019851697551768008,0.005170420756475303,,,,,,,,,
25,response_tables/trial_00025_hard_negative_structure_obs-empirical_prior-axis_edge_parallel_rel1x.npz,axis_edge_parallel,1.0,0,affine_linear,1,True,16,40,10,0.01,0.6684922706696247,0.6555844090697139,0.6803851631396975,3,0.03835295020529675,0.0046637088586196545,2.4693518053429024e-09,0.12159974222727646,6.43849245527368e-08,,,,,,,,,
25,response_tables/trial_00025_hard_negative_structure_obs-empirical_prior-axis_edge_parallel_rel1x.npz,axis_edge_parallel,1.0,0,affine_quadratic,2,True,16,40,10,0.01,0.6992374113197549,0.6868442862259316,0.709529755607823,6,0.5123989536871857,0.008448197850812201,0.0042551884169213135,0.016487539230944134,0.008304444000717188,,,,,,,,,
25,response_tables/trial_00025_hard_negative_structure_obs-empirical_prior-axis_edge_parallel_rel1x.npz,axis_edge_parallel,1.0,1,linear,1,False,16,40,10,0.01,0.006462233996117006,-0.001379402150863962,0.0007999934192823022,2,0.04560400438000412,2.15661293496746e-08,,4.728999052357483e-07,,0.04560400438000412,2.15661293496746e-08,2.15661293496746e-08,4.728999052357483e-07,2114612.3924501184,6.325230773012689,9.83501857322296e-10,1.0,1.0
25,response_tables/trial_00025_hard_negative_structure_obs-empirical_prior-axis_edge_parallel_rel1x.npz,axis_edge_parallel,1.0,1,quadratic,2,False,16,40,10,0.01,0.2580261775639714,0.23172014566357302,0.22578617714352972,5,1.8372111907893853,0.02025303311773712,6.482081509563087e-09,0.0110237915049032,3.528217954506343e-09,,,,,,,,,
25,response_tables/trial_00025_hard_negative_structure_obs-empirical_prior-axis_edge_parallel_rel1x.npz,axis_edge_parallel,1.0,1,cubic,3,False,16,40,10,0.01,0.2589145331341809,0.2321415515563281,0.22622005683621066,9,1.8484809502483166,0.023492314377233797,0.016271037264047314,0.01270898375992349,0.008802382984721338,,,,,,,,,
25,response_tables/trial_00025_hard_negative_structure_obs-empirical_prior-axis_edge_parallel_rel1x.npz,axis_edge_parallel,1.0,1,affine_linear,1,True,16,40,10,0.01,0.6672033041071459,0.6511434175233433,0.6741637766672673,3,0.0515316641873769,0.010258012199529652,8.268265204089257e-09,0.19906231171246427,1.6045018794705714e-07,,,,,,,,,
25,response_tables/trial_00025_hard_negative_structure_obs-empirical_prior-axis_edge_parallel_rel1x.npz,axis_edge_parallel,1.0,1,affine_quadratic,2,True,16,40,10,0.01,0.6918036070734794,0.6720337305582564,0.6942634481452292,6,0.6155563508586555,0.0217786552424974,0.005381942181993226,0.03538044114420685,0.008743216075158376,,,,,,,,,
25,response_tables/trial_00025_hard_negative_structure_obs-empirical_prior-axis_edge_parallel_rel1x.npz,axis_edge_parallel,1.0,2,linear,1,False,16,40,10,0.01,0.008390772915378708,0.00486952959862863,0.004323389475980904,2,0.04788181903389342,3.977798071553802e-08,,8.307533322278534e-07,,0.04788181903389342,3.977798071553802e-08,3.977798071553802e-08,8.307533322278534e-07,1203726.7395825826,6.080527908050736,1.9046420741550937e-09,1.0,1.0
25,response_tables/trial_00025_hard_negative_structure_obs-empirical_prior-axis_edge_parallel_rel1x.npz,axis_edge_parallel,1.0,2,quadratic,2,False,16,40,10,0.01,0.23591364281518568,0.2111500486288831,0.19971563854101895,5,1.6300708505192525,0.015947588780634556,1.2417857953146866e-08,0.009783371548270135,7.617986634870017e-09,,,,,,,,,
25,response_tables/trial_00025_hard_negative_structure_obs-empirical_prior-axis_edge_parallel_rel1x.npz,axis_edge_parallel,1.0,2,cubic,3,False,16,40,10,0.01,0.23594396685957586,0.21055797957462574,0.1991293086059165,9,1.629914138299429,0.02617797108082889,0.015817407866533493,0.01606095098244971,0.009704442396601691,,,,,,,,,
25,response_tables/trial_00025_hard_negative_structure_obs-empirical_prior-axis_edge_parallel_rel1x.npz,axis_edge_parallel,1.0,2,affine_linear,1,True,16,40,10,0.01,0.6053686207006339,0.590062923060338,0.6082887809950837,3,0.05257637584323803,0.0071265911333725715,1.6011996696526158e-08,0.13554740164330173,3.045473644715947e-07,,,,,,,,,
25,response_tables/trial_00025_hard_negative_structure_obs-empirical_prior-axis_edge_parallel_rel1x.npz,axis_edge_parallel,1.0,2,affine_quadratic,2,True,16,40,10,0.01,0.6372819592124221,0.6215935192357662,0.6376300184954382,6,0.647420032896567,0.01977057582182537,0.005983258862604439,0.03053747925187226,0.009241695589546788,,,,,,,,,
25,response_tables/trial_00025_hard_negative_structure_obs-empirical_prior-axis_edge_parallel_rel1x.npz,axis_edge_parallel,1.0,3,linear,1,False,16,40,10,0.01,0.008390772915378708,0.00486952959862863,0.004323389475980904,2,0.04788181903389342,3.977798071553802e-08,,8.307533322278534e-07,,0.04788181903389342,3.977798071553802e-08,3.977798071553802e-08,8.307533322278534e-07,1203726.7395825826,6.080527908050736,1.9046420741550937e-09,1.0,1.0
25,response_tables/trial_00025_hard_negative_structure_obs-empirical_prior-axis_edge_parallel_rel1x.npz,axis_edge_parallel,1.0,3,quadratic,2,False,16,40,10,0.01,0.23591364281518568,0.2111500486288831,0.19971563854101895,5,1.6300708505192525,0.015947588780634556,1.2417857953146866e-08,0.009783371548270135,7.617986634870017e-09,,,,,,,,,
25,response_tables/trial_00025_hard_negative_structure_obs-empirical_prior-axis_edge_parallel_rel1x.npz,axis_edge_parallel,1.0,3,cubic,3,False,16,40,10,0.01,0.23594396685957586,0.21055797957462574,0.1991293086059165,9,1.629914138299429,0.02617797108082889,0.015817407866533493,0.01606095098244971,0.009704442396601691,,,,,,,,,
25,response_tables/trial_00025_hard_negative_structure_obs-empirical_prior-axis_edge_parallel_rel1x.npz,axis_edge_parallel,1.0,3,affine_linear,1,True,16,40,10,0.01,0.6053686207006339,0.590062923060338,0.6082887809950837,3,0.05257637584323803,0.0071265911333725715,1.6011996696526158e-08,0.13554740164330173,3.045473644715947e-07,,,,,,,,,
25,response_tables/trial_00025_hard_negative_structure_obs-empirical_prior-axis_edge_parallel_rel1x.npz,axis_edge_parallel,1.0,3,affine_quadratic,2,True,16,40,10,0.01,0.6372819592124221,0.6215935192357662,0.6376300184954382,6,0.647420032896567,0.01977057582182537,0.005983258862604439,0.03053747925187226,0.009241695589546788,,,,,,,,,
25,response_tables/trial_00025_hard_negative_structure_obs-empirical_prior-axis_edge_orthogonal_rel1x.npz,axis_edge_orthogonal,1.0,0,linear,1,False,16,40,10,0.01,0.0064872696775214456,0.004331944348272887,0.004575852643835782,2,0.050551889074198816,6.66166836492916e-09,,1.3177882146305803e-07,,0.050551889074198816,6.66166836492916e-09,6.66166836492916e-09,1.3177882146305803e-07,7588472.782633992,6.880154380795004,3.3675992023299826e-10,1.0,1.0
25,response_tables/trial_00025_hard_negative_structure_obs-empirical_prior-axis_edge_orthogonal_rel1x.npz,axis_edge_orthogonal,1.0,0,quadratic,2,False,16,40,10,0.01,0.2431466055682555,0.21670198462732382,0.2119001847889656,5,1.898748738724733,0.011745606384280013,3.2497468837119825e-09,0.006185971921787175,1.7115202330007223e-09,,,,,,,,,
25,response_tables/trial_00025_hard_negative_structure_obs-empirical_prior-axis_edge_orthogonal_rel1x.npz,axis_edge_orthogonal,1.0,0,cubic,3,False,16,40,10,0.01,0.24324998692370636,0.21557598307192427,0.21076833903206815,9,1.8999333813853152,0.03448418049437548,0.007887170914359835,0.018150205071522943,0.004151288140749962,,,,,,,,,
25,response_tables/trial_00025_hard_negative_structure_obs-empirical_prior-axis_edge_orthogonal_rel1x.npz,axis_edge_orthogonal,1.0,0,affine_linear,1,True,16,40,10,0.01,0.8073912340664869,0.8033187993550879,0.8110488108051277,3,0.05923067742618849,0.007591018294082682,3.4014713655435094e-09,0.12816024776252785,5.742752764869728e-08,,,,,,,,,
25,response_tables/trial_00025_hard_negative_structure_obs-empirical_prior-axis_edge_orthogonal_rel1x.npz,axis_edge_orthogonal,1.0,0,affine_quadratic,2,True,16,40,10,0.01,0.8212845034812724,0.816153715754647,0.8234076042001554,6,0.49342817500308744,0.008926754639618895,0.006990953076036021,0.018091294927702575,0.014168127055153017,,,,,,,,,
25,response_tables/trial_00025_hard_negative_structure_obs-empirical_prior-axis_edge_orthogonal_rel1x.npz,axis_edge_orthogonal,1.0,1,linear,1,False,16,40,10,0.01,0.013299591453604154,0.002890505195434989,0.01005451627950149,2,0.06937774543195417,9.319255024515512e-09,,1.3432628815613294e-07,,0.06937774543195417,9.319255024515512e-09,9.319255024515512e-09,1.3432628815613294e-07,7444559.168028667,6.871838985961815,6.46548902706297e-10,1.0,1.0
25,response_tables/trial_00025_hard_negative_structure_obs-empirical_prior-axis_edge_orthogonal_rel1x.npz,axis_edge_orthogonal,1.0,1,quadratic,2,False,16,40,10,0.01,0.2223855672177919,0.18362164772145384,0.18364298485252797,5,1.7761580122219411,0.017228168390692033,9.086100873031669e-09,0.009699682276094293,5.115592650264896e-09,,,,,,,,,
25,response_tables/trial_00025_hard_negative_structure_obs-empirical_prior-axis_edge_orthogonal_rel1x.npz,axis_edge_orthogonal,1.0,1,cubic,3,False,16,40,10,0.01,0.22370883435312894,0.18443483189695775,0.18450816585128138,9,1.7941501942779174,0.040426171323446,0.01487344314135339,0.02253221132343166,0.00828996546041087,,,,,,,,,
25,response_tables/trial_00025_hard_negative_structure_obs-empirical_prior-axis_edge_orthogonal_rel1x.npz,axis_edge_orthogonal,1.0,1,affine_linear,1,True,16,40,10,0.01,0.6252866716794112,0.6042345556017163,0.6361334095049849,3,0.07398730628185118,0.006962465388076384,8.509821722568787e-09,0.0941035123180887,1.1501732054078329e-07,,,,,,,,,
25,response_tables/trial_00025_hard_negative_structure_obs-empirical_prior-axis_edge_orthogonal_rel1x.npz,axis_edge_orthogonal,1.0,1,affine_quadratic,2,True,16,40,10,0.01,0.6406130831835769,0.6111046934348136,0.6424708775838728,6,0.5176807934855716,0.018582355024207613,0.0065051572574542655,0.03589539202158082,0.01256596215141517,,,,,,,,,
25,response_tables/trial_00025_hard_negative_structure_obs-empirical_prior-axis_edge_orthogonal_rel1x.npz,axis_edge_orthogonal,1.0,2,linear,1,False,16,40,10,0.01,0.007795065077757624,0.005785954073574295,0.005126769567859707,2,0.053160910721319315,3.070011378691046e-08,,5.774941281169338e-07,,0.053160910721319315,3.070011378691046e-08,3.070011378691046e-08,5.774941281169338e-07,1731619.3382965706,6.238452427261582,1.6320460081602911e-09,1.0,1.0
25,response_tables/trial_00025_hard_negative_structure_obs-empirical_prior-axis_edge_orthogonal_rel1x.npz,axis_edge_orthogonal,1.0,2,quadratic,2,False,16,40,10,0.01,0.22874807695618538,0.2021376261051997,0.19346052391313476,5,1.8503682144460893,0.012990032390846718,1.0864844842874297e-08,0.007020241857502565,5.8717204273457024e-09,,,,,,,,,
25,response_tables/trial_00025_hard_negative_structure_obs-empirical_prior-axis_edge_orthogonal_rel1x.npz,axis_edge_orthogonal,1.0,2,cubic,3,False,16,40,10,0.01,0.22876788374770285,0.20147911304758315,0.19279359534450347,9,1.8502877759786331,0.029870402809992428,0.011031762617901628,0.01614365246194945,0.005962187483007519,,,,,,,,,
25,response_tables/trial_00025_hard_negative_structure_obs-empirical_prior-axis_edge_orthogonal_rel1x.npz,axis_edge_orthogonal,1.0,2,affine_linear,1,True,16,40,10,0.01,0.6997010540001607,0.6914123775106268,0.7066544851034885,3,0.059851182962717485,0.006876387551269174,1.3996666098731736e-08,0.11489142253967838,2.3385780206634417e-07,,,,,,,,,
25,response_tables/trial_00025_hard_negative_structure_obs-empirical_prior-axis_edge_orthogonal_rel1x.npz,axis_edge_orthogonal,1.0,2,affine_quadratic,2,True,16,40,10,0.01,0.719258471545017,0.7091891097782448,0.7235539627469878,6,0.5849920310604078,0.01146577014041297,0.005551374511478417,0.019599874069445203,0.009489658348705212,,,,,,,,,
25,response_tables/trial_00025_hard_negative_structure_obs-empirical_prior-axis_edge_orthogonal_rel1x.npz,axis_edge_orthogonal,1.0,3,linear,1,False,16,40,10,0.01,0.007795065077757624,0.005785954073574295,0.005126769567859707,2,0.053160910721319315,3.070011378691046e-08,,5.774941281169338e-07,,0.053160910721319315,3.070011378691046e-08,3.070011378691046e-08,5.774941281169338e-07,1731619.3382965706,6.238452427261582,1.6320460081602911e-09,1.0,1.0
25,response_tables/trial_00025_hard_negative_structure_obs-empirical_prior-axis_edge_orthogonal_rel1x.npz,axis_edge_orthogonal,1.0,3,quadratic,2,False,16,40,10,0.01,0.22874807695618538,0.2021376261051997,0.19346052391313476,5,1.8503682144460893,0.012990032390846718,1.0864844842874297e-08,0.007020241857502565,5.8717204273457024e-09,,,,,,,,,
25,response_tables/trial_00025_hard_negative_structure_obs-empirical_prior-axis_edge_orthogonal_rel1x.npz,axis_edge_orthogonal,1.0,3,cubic,3,False,16,40,10,0.01,0.22876788374770285,0.20147911304758315,0.19279359534450347,9,1.8502877759786331,0.029870402809992428,0.011031762617901628,0.01614365246194945,0.005962187483007519,,,,,,,,,
25,response_tables/trial_00025_hard_negative_structure_obs-empirical_prior-axis_edge_orthogonal_rel1x.npz,axis_edge_orthogonal,1.0,3,affine_linear,1,True,16,40,10,0.01,0.6997010540001607,0.6914123775106268,0.7066544851034885,3,0.059851182962717485,0.006876387551269174,1.3996666098731736e-08,0.11489142253967838,2.3385780206634417e-07,,,,,,,,,
25,response_tables/trial_00025_hard_negative_structure_obs-empirical_prior-axis_edge_orthogonal_rel1x.npz,axis_edge_orthogonal,1.0,3,affine_quadratic,2,True,16,40,10,0.01,0.719258471545017,0.7091891097782448,0.7235539627469878,6,0.5849920310604078,0.01146577014041297,0.005551374511478417,0.019599874069445203,0.009489658348705212,,,,,,,,,
26,response_tables/trial_00026_hard_negative_structure_obs-empirical_prior-axis_edge_parallel_rel2x.npz,axis_edge_parallel,2.0,0,linear,1,False,16,40,10,0.01,0.003525612769712194,-0.0007697973650047096,0.00029299478275277013,2,0.022061961755882945,6.151545014296608e-09,,2.7883037249197774e-07,,0.022061961755882945,6.151545014296608e-09,6.151545014296608e-09,2.7883037249197774e-07,3586409.870139851,6.554659921078953,1.3571515084500419e-10,1.0,1.0
26,response_tables/trial_00026_hard_negative_structure_obs-empirical_prior-axis_edge_parallel_rel2x.npz,axis_edge_parallel,2.0,0,quadratic,2,False,16,40,10,0.01,0.1639006915518234,-0.17890875598353317,-0.3172455189278194,5,0.62911115992949,0.006549931875106576,5.055935105338008e-09,0.0104114062701426,8.036632359064606e-09,,,,,,,,,
26,response_tables/trial_00026_hard_negative_structure_obs-empirical_prior-axis_edge_parallel_rel2x.npz,axis_edge_parallel,2.0,0,cubic,3,False,16,40,10,0.01,0.3027678180202126,-0.02333015560131657,-0.15101230252044573,9,1.8036530455792763,0.013907250673975129,0.002293826884966028,0.007710601940911845,0.0012717672562293284,,,,,,,,,
26,response_tables/trial_00026_hard_negative_structure_obs-empirical_prior-axis_edge_parallel_rel2x.npz,axis_edge_parallel,2.0,0,affine_linear,1,True,16,40,10,0.01,0.8123235842640646,0.7993879360463685,0.7978638414185477,3,0.03856684115065058,0.0062785110579835594,5.0429541640402365e-09,0.16279557440181092,1.307588076591844e-07,,,,,,,,,
26,response_tables/trial_00026_hard_negative_structure_obs-empirical_prior-axis_edge_parallel_rel2x.npz,axis_edge_parallel,2.0,0,affine_quadratic,2,True,16,40,10,0.01,0.8139371804154469,0.7927384248639759,0.7882740486937182,6,0.07660241923849787,0.022505746377449183,0.004483773320144475,0.2937994204514436,0.05853305110618592,,,,,,,,,
26,response_tables/trial_00026_hard_negative_structure_obs-empirical_prior-axis_edge_parallel_rel2x.npz,axis_edge_parallel,2.0,1,linear,1,False,16,40,10,0.01,0.008088057218361033,0.004634026161742355,0.004893666190389279,2,0.04273197199053191,2.1186109074784705e-08,,4.957905775909171e-07,,0.04273197199053191,2.1186109074784705e-08,2.1186109074784705e-08,4.957905775909171e-07,2016980.647068917,6.304701731176821,9.053242195720539e-10,1.0,1.0
26,response_tables/trial_00026_hard_negative_structure_obs-empirical_prior-axis_edge_parallel_rel2x.npz,axis_edge_parallel,2.0,1,quadratic,2,False,16,40,10,0.01,0.15956023808366215,-0.13354492172857224,-0.2387845806005887,5,0.7720095174455678,0.013143091967424978,1.9390230887015782e-08,0.017024520644399518,2.51165697427855e-08,,,,,,,,,
26,response_tables/trial_00026_hard_negative_structure_obs-empirical_prior-axis_edge_parallel_rel2x.npz,axis_edge_parallel,2.0,1,cubic,3,False,16,40,10,0.01,0.283450488170613,0.017008488365031327,-0.0753371213881125,9,2.171390178334454,0.028982736031296426,0.002784475450518286,0.013347548644402261,0.0012823468938475597,,,,,,,,,
26,response_tables/trial_00026_hard_negative_structure_obs-empirical_prior-axis_edge_parallel_rel2x.npz,axis_edge_parallel,2.0,1,affine_linear,1,True,16,40,10,0.01,0.817197129281868,0.8044396826479927,0.8057738513288938,3,0.05836216125339576,0.011019786574776357,1.898722478543303e-08,0.1888173148168871,3.2533450402898287e-07,,,,,,,,,
26,response_tables/trial_00026_hard_negative_structure_obs-empirical_prior-axis_edge_parallel_rel2x.npz,axis_edge_parallel,2.0,1,affine_quadratic,2,True,16,40,10,0.01,0.8186059832315018,0.8021215737747741,0.8024027778594658,6,0.09660195808908616,0.02960798778625407,0.003713576020390064,0.30649469609042124,0.03844203672316259,,,,,,,,,
26,response_tables/trial_00026_hard_negative_structure_obs-empirical_prior-axis_edge_parallel_rel2x.npz,axis_edge_parallel,2.0,2,linear,1,False,16,40,10,0.01,0.004786222591784628,-0.005874901050555881,-0.00482615758858998,2,0.031271973169528344,5.304468195984925e-08,,1.6962371281239268e-06,,0.031271973169528344,5.304468195984925e-08,5.304468195984925e-08,1.6962371281239268e-06,589540.2142895083,5.770513434958418,1.65881187103457e-09,1.0,1.0
26,response_tables/trial_00026_hard_negative_structure_obs-empirical_prior-axis_edge_parallel_rel2x.npz,axis_edge_parallel,2.0,2,quadratic,2,False,16,40,10,0.01,0.25635734187940873,0.11090727157810965,0.08059010529557159,5,1.2371099294484562,0.011312453870102547,4.048772139343543e-08,0.009144259213201859,3.2727666660541776e-08,,,,,,,,,
26,response_tables/trial_00026_hard_negative_structure_obs-empirical_prior-axis_edge_parallel_rel2x.npz,axis_edge_parallel,2.0,2,cubic,3,False,16,40,10,0.01,0.3276649088340494,0.14907627506564225,0.11682788390312246,9,2.232162566401902,0.027270420583608526,0.007246442122795284,0.012217040548066637,0.0032463774063177073,,,,,,,,,
26,response_tables/trial_00026_hard_negative_structure_obs-empirical_prior-axis_edge_parallel_rel2x.npz,axis_edge_parallel,2.0,2,affine_linear,1,True,16,40,10,0.01,0.7850170693692351,0.7668066807000631,0.7704841715565491,3,0.048482571838324474,0.010599473013230557,3.803758576178254e-08,0.21862439658887675,7.845620461024019e-07,,,,,,,,,
26,response_tables/trial_00026_hard_negative_structure_obs-empirical_prior-axis_edge_parallel_rel2x.npz,axis_edge_parallel,2.0,2,affine_quadratic,2,True,16,40,10,0.01,0.7926047584556413,0.767409371488174,0.7695962416159408,6,0.24788968172126588,0.020087721575306066,0.0053859182525740415,0.08103492422848509,0.021727077202955625,,,,,,,,,
26,response_tables/trial_00026_hard_negative_structure_obs-empirical_prior-axis_edge_parallel_rel2x.npz,axis_edge_parallel,2.0,3,linear,1,False,16,40,10,0.01,0.004786222591784628,-0.005874901050555881,-0.00482615758858998,2,0.031271973169528344,5.304468195984925e-08,,1.6962371281239268e-06,,0.031271973169528344,5.304468195984925e-08,5.304468195984925e-08,1.6962371281239268e-06,589540.2142895083,5.770513434958418,1.65881187103457e-09,1.0,1.0
26,response_tables/trial_00026_hard_negative_structure_obs-empirical_prior-axis_edge_parallel_rel2x.npz,axis_edge_parallel,2.0,3,quadratic,2,False,16,40,10,0.01,0.25635734187940873,0.11090727157810965,0.08059010529557159,5,1.2371099294484562,0.011312453870102547,4.048772139343543e-08,0.009144259213201859,3.2727666660541776e-08,,,,,,,,,
26,response_tables/trial_00026_hard_negative_structure_obs-empirical_prior-axis_edge_parallel_rel2x.npz,axis_edge_parallel,2.0,3,cubic,3,False,16,40,10,0.01,0.3276649088340494,0.14907627506564225,0.11682788390312246,9,2.232162566401902,0.027270420583608526,0.007246442122795284,0.012217040548066637,0.0032463774063177073,,,,,,,,,
26,response_tables/trial_00026_hard_negative_structure_obs-empirical_prior-axis_edge_parallel_rel2x.npz,axis_edge_parallel,2.0,3,affine_linear,1,True,16,40,10,0.01,0.7850170693692351,0.7668066807000631,0.7704841715565491,3,0.048482571838324474,0.010599473013230557,3.803758576178254e-08,0.21862439658887675,7.845620461024019e-07,,,,,,,,,
26,response_tables/trial_00026_hard_negative_structure_obs-empirical_prior-axis_edge_parallel_rel2x.npz,axis_edge_parallel,2.0,3,affine_quadratic,2,True,16,40,10,0.01,0.7926047584556413,0.767409371488174,0.7695962416159408,6,0.24788968172126588,0.020087721575306066,0.0053859182525740415,0.08103492422848509,0.021727077202955625,,,,,,,,,
26,response_tables/trial_00026_hard_negative_structure_obs-empirical_prior-axis_edge_orthogonal_rel2x.npz,axis_edge_orthogonal,2.0,0,linear,1,False,16,40,10,0.01,0.0036268754592277963,0.0005344687004694704,0.001017373986434006,2,0.030503260465562877,9.124553551938201e-09,,2.99133712680961e-07,,0.030503260465562877,9.124553551938201e-09,9.124553551938201e-09,2.99133712680961e-07,3342986.623064259,6.524134638769954,2.7832863362674786e-10,1.0,1.0
26,response_tables/trial_00026_hard_negative_structure_obs-empirical_prior-axis_edge_orthogonal_rel2x.npz,axis_edge_orthogonal,2.0,0,quadratic,2,False,16,40,10,0.01,0.16908160308089215,-0.15488386903981555,-0.23061414977294023,5,0.8711043546451884,0.0075992249906541905,6.499435649157543e-09,0.008723667778873002,7.461144711881096e-09,,,,,,,,,
26,response_tables/trial_00026_hard_negative_structure_obs-empirical_prior-axis_edge_orthogonal_rel2x.npz,axis_edge_orthogonal,2.0,0,cubic,3,False,16,40,10,0.01,0.3081513232326456,0.0034919673217543856,-0.06544971095750257,9,2.4678019410981986,0.011958976488418257,0.0054531763171088606,0.004846003355964775,0.0022097301352644767,,,,,,,,,
26,response_tables/trial_00026_hard_negative_structure_obs-empirical_prior-axis_edge_orthogonal_rel2x.npz,axis_edge_orthogonal,2.0,0,affine_linear,1,True,16,40,10,0.01,0.8851544888663195,0.8789829883678631,0.8793805380821843,3,0.05458505277578152,0.007581463264743826,6.503057330508502e-09,0.13889266162086766,1.1913622868921728e-07,,,,,,,,,
26,response_tables/trial_00026_hard_negative_structure_obs-empirical_prior-axis_edge_orthogonal_rel2x.npz,axis_edge_orthogonal,2.0,0,affine_quadratic,2,True,16,40,10,0.01,0.8860304820484893,0.8754937307808234,0.8750130990304832,6,0.08230360357517653,0.03472550358299752,0.003260421541763622,0.42191960102061715,0.03961456607164881,,,,,,,,,
26,response_tables/trial_00026_hard_negative_structure_obs-empirical_prior-axis_edge_orthogonal_rel2x.npz,axis_edge_orthogonal,2.0,1,linear,1,False,16,40,10,0.01,0.010189934625193575,0.004869344061712466,0.006511092082457592,2,0.04957403077328905,2.795501096746334e-08,,5.639043372387174e-07,,0.04957403077328905,2.795501096746334e-08,2.795501096746334e-08,5.639043372387174e-07,1773350.4319131891,6.2487945650470476,1.3858425739686605e-09,1.0,1.0
26,response_tables/trial_00026_hard_negative_structure_obs-empirical_prior-axis_edge_orthogonal_rel2x.npz,axis_edge_orthogonal,2.0,1,quadratic,2,False,16,40,10,0.01,0.14481301870074426,-0.1331003857480837,-0.23712002182650666,5,0.7529684320854249,0.014283430659619725,2.61282619232603e-08,0.018969494670660055,3.4700341753897095e-08,,,,,,,,,
26,response_tables/trial_00026_hard_negative_structure_obs-empirical_prior-axis_edge_orthogonal_rel2x.npz,axis_edge_orthogonal,2.0,1,cubic,3,False,16,40,10,0.01,0.24970535022269713,-0.006322250886513503,-0.09991459532011318,9,2.075141488538784,0.02626705330100283,0.003195003851405668,0.012657957756653421,0.001539655907345112,,,,,,,,,
26,response_tables/trial_00026_hard_negative_structure_obs-empirical_prior-axis_edge_orthogonal_rel2x.npz,axis_edge_orthogonal,2.0,1,affine_linear,1,True,16,40,10,0.01,0.7688370048164261,0.7549627518092142,0.7553792170076888,3,0.06367110757292486,0.010387848797933094,2.7744278767445972e-08,0.1631485487516533,4.357436178673259e-07,,,,,,,,,
26,response_tables/trial_00026_hard_negative_structure_obs-empirical_prior-axis_edge_orthogonal_rel2x.npz,axis_edge_orthogonal,2.0,1,affine_quadratic,2,True,16,40,10,0.01,0.7701637499535995,0.7526737069941131,0.7520031078402534,6,0.0906883555008071,0.05032334938885242,0.009216549656822746,0.5549042003347889,0.10162881007077829,,,,,,,,,
26,response_tables/trial_00026_hard_negative_structure_obs-empirical_prior-axis_edge_orthogonal_rel2x.npz,axis_edge_orthogonal,2.0,2,linear,1,False,16,40,10,0.01,0.003157918640330326,-0.005394660567354714,-0.004676703084716238,2,0.028209969562963896,5.40998538724975e-08,,1.9177565488593696e-06,,0.028209969562963896,5.40998538724975e-08,5.40998538724975e-08,1.9177565488593696e-06,521442.6203340425,5.717206525527014,1.526155231103949e-09,1.0,1.0
26,response_tables/trial_00026_hard_negative_structure_obs-empirical_prior-axis_edge_orthogonal_rel2x.npz,axis_edge_orthogonal,2.0,2,quadratic,2,False,16,40,10,0.01,0.2492344415400981,0.11019745604804465,0.08290394879117569,5,1.3584751190068218,0.009193857199837174,4.8467400878681435e-08,0.006767777393345845,3.5677797996120714e-08,,,,,,,,,
26,response_tables/trial_00026_hard_negative_structure_obs-empirical_prior-axis_edge_orthogonal_rel2x.npz,axis_edge_orthogonal,2.0,2,cubic,3,False,16,40,10,0.01,0.32270625997615277,0.1521089815997151,0.1234708435079098,9,2.4936083785504652,0.02466902979272761,0.00814587386661291,0.009892904597580684,0.003266701354022602,,,,,,,,,
26,response_tables/trial_00026_hard_negative_structure_obs-empirical_prior-axis_edge_orthogonal_rel2x.npz,axis_edge_orthogonal,2.0,2,affine_linear,1,True,16,40,10,0.01,0.8172016271044868,0.8055843088523456,0.8096499759107426,3,0.05126631387305107,0.008856103295508762,4.559107500199504e-08,0.17274702677939383,8.89298870109729e-07,,,,,,,,,
26,response_tables/trial_00026_hard_negative_structure_obs-empirical_prior-axis_edge_orthogonal_rel2x.npz,axis_edge_orthogonal,2.0,2,affine_quadratic,2,True,16,40,10,0.01,0.8220415548753561,0.8050540298380482,0.8080582822873883,6,0.22075900486784428,0.025061179956183725,0.006867654885887486,0.1135227981806967,0.031109285394716992,,,,,,,,,
26,response_tables/trial_00026_hard_negative_structure_obs-empirical_prior-axis_edge_orthogonal_rel2x.npz,axis_edge_orthogonal,2.0,3,linear,1,False,16,40,10,0.01,0.003157918640330326,-0.005394660567354714,-0.004676703084716238,2,0.028209969562963896,5.40998538724975e-08,,1.9177565488593696e-06,,0.028209969562963896,5.40998538724975e-08,5.40998538724975e-08,1.9177565488593696e-06,521442.6203340425,5.717206525527014,1.526155231103949e-09,1.0,1.0
26,response_tables/trial_00026_hard_negative_structure_obs-empirical_prior-axis_edge_orthogonal_rel2x.npz,axis_edge_orthogonal,2.0,3,quadratic,2,False,16,40,10,0.01,0.2492344415400981,0.11019745604804465,0.08290394879117569,5,1.3584751190068218,0.009193857199837174,4.8467400878681435e-08,0.006767777393345845,3.5677797996120714e-08,,,,,,,,,
26,response_tables/trial_00026_hard_negative_structure_obs-empirical_prior-axis_edge_orthogonal_rel2x.npz,axis_edge_orthogonal,2.0,3,cubic,3,False,16,40,10,0.01,0.32270625997615277,0.1521089815997151,0.1234708435079098,9,2.4936083785504652,0.02466902979272761,0.00814587386661291,0.009892904597580684,0.003266701354022602,,,,,,,,,
26,response_tables/trial_00026_hard_negative_structure_obs-empirical_prior-axis_edge_orthogonal_rel2x.npz,axis_edge_orthogonal,2.0,3,affine_linear,1,True,16,40,10,0.01,0.8172016271044868,0.8055843088523456,0.8096499759107426,3,0.05126631387305107,0.008856103295508762,4.559107500199504e-08,0.17274702677939383,8.89298870109729e-07,,,,,,,,,
26,response_tables/trial_00026_hard_negative_structure_obs-empirical_prior-axis_edge_orthogonal_rel2x.npz,axis_edge_orthogonal,2.0,3,affine_quadratic,2,True,16,40,10,0.01,0.8220415548753561,0.8050540298380482,0.8080582822873883,6,0.22075900486784428,0.025061179956183725,0.006867654885887486,0.1135227981806967,0.031109285394716992,,,,,,,,,
27,response_tables/trial_00027_hard_negative_structure_obs-empirical_prior-axis_edge_parallel_rel0p5x.npz,axis_edge_parallel,0.5,0,linear,1,False,16,40,10,0.01,0.002846705720687459,0.0020121451976564675,0.001151844674600555,2,0.023984446060552136,4.7588143163352684e-08,,1.9841251719222394e-06,,0.023984446060552136,4.7588143163352684e-08,4.7588143163352684e-08,1.9841251719222394e-06,504000.46032942086,5.702430933109089,1.1413752528232654e-09,1.0,1.0
27,response_tables/trial_00027_hard_negative_structure_obs-empirical_prior-axis_edge_parallel_rel0p5x.npz,axis_edge_parallel,0.5,0,quadratic,2,False,16,40,10,0.01,0.5107000313161093,0.42172354219689423,0.2817746857400608,5,1.9607176038936076,0.021103467868622723,6.5209373841912914e-09,0.010763134796523119,3.325791216053737e-09,,,,,,,,,
27,response_tables/trial_00027_hard_negative_structure_obs-empirical_prior-axis_edge_parallel_rel0p5x.npz,axis_edge_parallel,0.5,0,cubic,3,False,16,40,10,0.01,0.5108360764287727,0.4217212720039266,0.2817462274541427,9,1.9608532318276817,0.025374994949453996,0.0035479661636545496,0.012940792578240212,0.0018093991462826333,,,,,,,,,
27,response_tables/trial_00027_hard_negative_structure_obs-empirical_prior-axis_edge_parallel_rel0p5x.npz,axis_edge_parallel,0.5,0,affine_linear,1,True,16,40,10,0.01,0.41218105788796233,0.3548105606874222,-0.4422134533929051,3,0.024912454873803978,0.011567795516688737,1.2273846030834152e-08,0.4643378412639913,4.926791074186906e-07,,,,,,,,,
27,response_tables/trial_00027_hard_negative_structure_obs-empirical_prior-axis_edge_parallel_rel0p5x.npz,axis_edge_parallel,0.5,0,affine_quadratic,2,True,16,40,10,0.01,0.6785549741297531,0.6001072894042409,0.12648777374633374,6,1.4728100281190402,0.020940520900747637,0.002791349312794641,0.014218073275540677,0.001895254146496774,,,,,,,,,
27,response_tables/trial_00027_hard_negative_structure_obs-empirical_prior-axis_edge_parallel_rel0p5x.npz,axis_edge_parallel,0.5,1,linear,1,False,16,40,10,0.01,0.0029315262636410155,0.002102444413407234,0.0011592346867258796,2,0.024454571769555417,1.1496648114804808e-07,,4.70122651222112e-06,,0.024454571769555417,1.1496648114804808e-07,1.1496648114804808e-07,4.70122651222112e-06,212710.44851815587,5.32778882334104,2.8114560643281816e-09,1.0,1.0
27,response_tables/trial_00027_hard_negative_structure_obs-empirical_prior-axis_edge_parallel_rel0p5x.npz,axis_edge_parallel,0.5,1,quadratic,2,False,16,40,10,0.01,0.5071068615613273,0.41869782913157305,0.279616861616652,5,1.9640402812351823,0.021692715842344487,7.420149804694735e-09,0.011044944469622573,3.778002862562581e-09,,,,,,,,,
27,response_tables/trial_00027_hard_negative_structure_obs-empirical_prior-axis_edge_parallel_rel0p5x.npz,axis_edge_parallel,0.5,1,cubic,3,False,16,40,10,0.01,0.5072429652198048,0.4186989021482518,0.2795935642816243,9,1.9641822425868705,0.025755144168946635,0.003884638748853162,0.013112400474116166,0.001977738452485452,,,,,,,,,
27,response_tables/trial_00027_hard_negative_structure_obs-empirical_prior-axis_edge_parallel_rel0p5x.npz,axis_edge_parallel,0.5,1,affine_linear,1,True,16,40,10,0.01,0.41640167708449316,0.35838423329881897,-0.4470915671395909,3,0.025303481837677184,0.011852505543380657,1.8713053854317114e-08,0.468414015881883,7.395446197626903e-07,,,,,,,,,
27,response_tables/trial_00027_hard_negative_structure_obs-empirical_prior-axis_edge_parallel_rel0p5x.npz,axis_edge_parallel,0.5,1,affine_quadratic,2,True,16,40,10,0.01,0.6793170383958134,0.6011442465506651,0.12182983226173177,6,1.4709129225259814,0.021496199777235832,0.0029860337992516544,0.014614189220882404,0.002030054773143045,,,,,,,,,
27,response_tables/trial_00027_hard_negative_structure_obs-empirical_prior-axis_edge_parallel_rel0p5x.npz,axis_edge_parallel,0.5,2,linear,1,False,16,40,10,0.01,0.002297631241084508,0.0014538741035565739,0.001005122363151506,2,0.021714472077176868,1.166426106995287e-08,,5.371653074731052e-07,,0.021714472077176868,1.166426106995287e-08,1.166426106995287e-08,5.371653074731052e-07,1861624.3195304791,6.269892043768629,2.5328327130439276e-10,1.0,1.0
27,response_tables/trial_00027_hard_negative_structure_obs-empirical_prior-axis_edge_parallel_rel0p5x.npz,axis_edge_parallel,0.5,2,quadratic,2,False,16,40,10,0.01,0.5077833460587431,0.4182912655302783,0.2785413513504202,5,1.9729309772357815,0.02082879988787339,1.1038114330261226e-08,0.010557287674126361,5.594779775685017e-09,,,,,,,,,
27,response_tables/trial_00027_hard_negative_structure_obs-empirical_prior-axis_edge_parallel_rel0p5x.npz,axis_edge_parallel,0.5,2,cubic,3,False,16,40,10,0.01,0.5079185906168981,0.41829046646799717,0.27849831011430276,9,1.9730709376891873,0.024965760718592966,0.005280723810677709,0.012653250444118476,0.002676398354365487,,,,,,,,,
27,response_tables/trial_00027_hard_negative_structure_obs-empirical_prior-axis_edge_parallel_rel0p5x.npz,axis_edge_parallel,0.5,2,affine_linear,1,True,16,40,10,0.01,0.39942033154121603,0.3405437755412014,-0.6012532723508434,3,0.022111774562767444,0.01261490843466121,1.0631106376089804e-08,0.5705063788006693,4.807893796995751e-07,,,,,,,,,
27,response_tables/trial_00027_hard_negative_structure_obs-empirical_prior-axis_edge_parallel_rel0p5x.npz,axis_edge_parallel,0.5,2,affine_quadratic,2,True,16,40,10,0.01,0.669965109344477,0.5891401596436909,0.039069608729979555,6,1.4968628116215883,0.020770693491544156,0.003444474913787826,0.013876150392862491,0.002301129326645734,,,,,,,,,
27,response_tables/trial_00027_hard_negative_structure_obs-empirical_prior-axis_edge_parallel_rel0p5x.npz,axis_edge_parallel,0.5,3,linear,1,False,16,40,10,0.01,0.002191920385508306,0.000998059469079493,0.0005082447892443553,2,0.021760114493277173,4.568386190097329e-08,,2.0994311364991854e-06,,0.021760114493277173,4.568386190097329e-08,4.568386190097329e-08,2.0994311364991854e-06,476319.50513390324,5.677898366098151,9.940860654602418e-10,1.0,1.0
27,response_tables/trial_00027_hard_negative_structure_obs-empirical_prior-axis_edge_parallel_rel0p5x.npz,axis_edge_parallel,0.5,3,quadratic,2,False,16,40,10,0.01,0.5157851406484282,0.4217429796627389,0.27473135445979885,5,2.0561182826807802,0.020457792903147146,1.957879306468282e-08,0.009949715965014495,9.522211455245592e-09,,,,,,,,,
27,response_tables/trial_00027_hard_negative_structure_obs-empirical_prior-axis_edge_parallel_rel0p5x.npz,axis_edge_parallel,0.5,3,cubic,3,False,16,40,10,0.01,0.5159586299066901,0.42177078251288713,0.27470838219258764,9,2.056401520572705,0.02517948913271353,0.004350975467663117,0.012244441992875534,0.0021158200011695072,,,,,,,,,
27,response_tables/trial_00027_hard_negative_structure_obs-empirical_prior-axis_edge_parallel_rel0p5x.npz,axis_edge_parallel,0.5,3,affine_linear,1,True,16,40,10,0.01,0.37067705592748557,0.3085545782054928,-0.7962666023636026,3,0.022307866646271053,0.01217791518232594,1.4831530162313235e-08,0.5459022763327116,6.648565009596043e-07,,,,,,,,,
27,response_tables/trial_00027_hard_negative_structure_obs-empirical_prior-axis_edge_parallel_rel0p5x.npz,axis_edge_parallel,0.5,3,affine_quadratic,2,True,16,40,10,0.01,0.6592707793730763,0.5729470377030254,-0.06354881571654936,6,1.596650818528519,0.020388146657534467,0.0036383997373936284,0.012769320894047628,0.0022787698444590374,,,,,,,,,
27,response_tables/trial_00027_hard_negative_structure_obs-empirical_prior-axis_edge_orthogonal_rel0p5x.npz,axis_edge_orthogonal,0.5,0,linear,1,False,16,40,10,0.01,0.0038956518806015916,0.0030180866288113117,0.0025117957375583866,2,0.031708220962620715,4.637314542932275e-08,,1.462495971754133e-06,,0.031708220962620715,4.637314542932275e-08,4.637314542932275e-08,1.462495971754133e-06,683762.5670863144,5.834905321449106,1.4704099420047105e-09,1.0,1.0
27,response_tables/trial_00027_hard_negative_structure_obs-empirical_prior-axis_edge_orthogonal_rel0p5x.npz,axis_edge_orthogonal,0.5,0,quadratic,2,False,16,40,10,0.01,0.4825409228679749,0.40076599940266466,0.26688394384519804,5,2.151150837747267,0.02425656759700848,5.55000898622437e-09,0.0112760886737308,2.5800185132700705e-09,,,,,,,,,
27,response_tables/trial_00027_hard_negative_structure_obs-empirical_prior-axis_edge_orthogonal_rel0p5x.npz,axis_edge_orthogonal,0.5,0,cubic,3,False,16,40,10,0.01,0.48262891404024033,0.4007096896869339,0.2668035547271391,9,2.151129600553632,0.03258948523609124,0.009574565820346513,0.015149940397688614,0.0044509479195871445,,,,,,,,,
27,response_tables/trial_00027_hard_negative_structure_obs-empirical_prior-axis_edge_orthogonal_rel0p5x.npz,axis_edge_orthogonal,0.5,0,affine_linear,1,True,16,40,10,0.01,0.41342927445412714,0.34925015887592936,-0.5860024628147171,3,0.033242403963000315,0.011371946976869158,1.2420358796244866e-08,0.3420915945046104,3.736299820575268e-07,,,,,,,,,
27,response_tables/trial_00027_hard_negative_structure_obs-empirical_prior-axis_edge_orthogonal_rel0p5x.npz,axis_edge_orthogonal,0.5,0,affine_quadratic,2,True,16,40,10,0.01,0.6574004224213217,0.5797445306805287,-0.01346913307993114,6,1.5929215660245826,0.024015733758519398,0.0032401726848199754,0.015076532498994854,0.002034106859954442,,,,,,,,,
27,response_tables/trial_00027_hard_negative_structure_obs-empirical_prior-axis_edge_orthogonal_rel0p5x.npz,axis_edge_orthogonal,0.5,1,linear,1,False,16,40,10,0.01,0.004041398854472966,0.003106001619017529,0.002707218929198313,2,0.032450510350630804,1.158940902013145e-07,,3.571410401533535e-06,,0.032450510350630804,1.158940902013145e-07,1.158940902013145e-07,3.571410401533535e-06,280001.4245270182,5.447160240851682,3.760822373654696e-09,1.0,1.0
27,response_tables/trial_00027_hard_negative_structure_obs-empirical_prior-axis_edge_orthogonal_rel0p5x.npz,axis_edge_orthogonal,0.5,1,quadratic,2,False,16,40,10,0.01,0.4804421466627147,0.39844671602478254,0.2656263481798671,5,2.157658596648015,0.024542904584165283,9.657520794650528e-09,0.01137478590092677,4.4759262701030485e-09,,,,,,,,,
27,response_tables/trial_00027_hard_negative_structure_obs-empirical_prior-axis_edge_orthogonal_rel0p5x.npz,axis_edge_orthogonal,0.5,1,cubic,3,False,16,40,10,0.01,0.48053265897381237,0.39839369674946445,0.26554455775983576,9,2.157656546824596,0.03182472411987296,0.010017073589536053,0.014749670964412348,0.004642570943127205,,,,,,,,,
27,response_tables/trial_00027_hard_negative_structure_obs-empirical_prior-axis_edge_orthogonal_rel0p5x.npz,axis_edge_orthogonal,0.5,1,affine_linear,1,True,16,40,10,0.01,0.41516461168900953,0.3506047649949108,-0.5479599091143493,3,0.033885629871591924,0.011698783285452327,2.421510588141696e-08,0.3452431998397062,7.146128306653593e-07,,,,,,,,,
27,response_tables/trial_00027_hard_negative_structure_obs-empirical_prior-axis_edge_orthogonal_rel0p5x.npz,axis_edge_orthogonal,0.5,1,affine_quadratic,2,True,16,40,10,0.01,0.6566961017198818,0.5790315342279119,0.005708799300763512,6,1.5933469475964859,0.023887760008012644,0.002814130793220635,0.014992189895644877,0.001766175783287917,,,,,,,,,
27,response_tables/trial_00027_hard_negative_structure_obs-empirical_prior-axis_edge_orthogonal_rel0p5x.npz,axis_edge_orthogonal,0.5,2,linear,1,False,16,40,10,0.01,0.004086254494661712,0.003309176515586265,0.002657038320936028,2,0.03212025270523766,1.267300757377489e-08,,3.9454881286498647e-07,,0.03212025270523766,1.267300757377489e-08,1.267300757377489e-08,3.9454881286498647e-07,2534540.638301698,6.40389925900337,4.0706020580504027e-10,1.0,1.0
27,response_tables/trial_00027_hard_negative_structure_obs-empirical_prior-axis_edge_orthogonal_rel0p5x.npz,axis_edge_orthogonal,0.5,2,quadratic,2,False,16,40,10,0.01,0.49202670419757155,0.406982194404366,0.2699966398409247,5,2.1499817445918366,0.02280209956012858,1.0236870315850469e-08,0.010605717754341885,4.761375458931577e-09,,,,,,,,,
27,response_tables/trial_00027_hard_negative_structure_obs-empirical_prior-axis_edge_orthogonal_rel0p5x.npz,axis_edge_orthogonal,0.5,2,cubic,3,False,16,40,10,0.01,0.4921182441703337,0.4069344764555214,0.26991909825303717,9,2.149981051409311,0.030639068692988963,0.007977700848689743,0.01425085522167978,0.003710591236820606,,,,,,,,,
27,response_tables/trial_00027_hard_negative_structure_obs-empirical_prior-axis_edge_orthogonal_rel0p5x.npz,axis_edge_orthogonal,0.5,2,affine_linear,1,True,16,40,10,0.01,0.39495506608092046,0.3321751895892576,-0.6514908612176166,3,0.03372790991172698,0.01038879138260885,1.1098650803103342e-08,0.30801764502450635,3.290642922182501e-07,,,,,,,,,
27,response_tables/trial_00027_hard_negative_structure_obs-empirical_prior-axis_edge_orthogonal_rel0p5x.npz,axis_edge_orthogonal,0.5,2,affine_quadratic,2,True,16,40,10,0.01,0.650926404394697,0.5717105649478564,-0.032275683473627914,6,1.6149546875907639,0.022351856835577402,0.0026098613547497875,0.01384054735859032,0.001616058564864909,,,,,,,,,
27,response_tables/trial_00027_hard_negative_structure_obs-empirical_prior-axis_edge_orthogonal_rel0p5x.npz,axis_edge_orthogonal,0.5,3,linear,1,False,16,40,10,0.01,0.0035579207061194884,0.0026041306726284352,0.0021204383923640324,2,0.030044815821060587,3.424224405322442e-08,,1.1397055737389995e-06,,0.030044815821060587,3.424224405322442e-08,3.424224405322442e-08,1.1397055737389995e-06,877419.5924297612,5.943207327799872,1.028801915878935e-09,1.0,1.0
27,response_tables/trial_00027_hard_negative_structure_obs-empirical_prior-axis_edge_orthogonal_rel0p5x.npz,axis_edge_orthogonal,0.5,3,quadratic,2,False,16,40,10,0.01,0.48851516351373936,0.4007407562489227,0.264607061065259,5,2.1652267692702583,0.02313632104990311,2.0867699630090318e-08,0.010685403200377343,9.637650857754412e-09,,,,,,,,,
27,response_tables/trial_00027_hard_negative_structure_obs-empirical_prior-axis_edge_orthogonal_rel0p5x.npz,axis_edge_orthogonal,0.5,3,cubic,3,False,16,40,10,0.01,0.48862736341863255,0.40070551836082424,0.2645313755692591,9,2.165335867758576,0.029760686974301405,0.007113173104442466,0.013744143537929689,0.003285020679865979,,,,,,,,,
27,response_tables/trial_00027_hard_negative_structure_obs-empirical_prior-axis_edge_orthogonal_rel0p5x.npz,axis_edge_orthogonal,0.5,3,affine_linear,1,True,16,40,10,0.01,0.3834776564275816,0.31785459941749783,-0.8085296325812865,3,0.03144411088778012,0.011080191369219642,1.611688570350643e-08,0.35237731506428605,5.125565725494821e-07,,,,,,,,,
27,response_tables/trial_00027_hard_negative_structure_obs-empirical_prior-axis_edge_orthogonal_rel0p5x.npz,axis_edge_orthogonal,0.5,3,affine_quadratic,2,True,16,40,10,0.01,0.6428829019166729,0.5585753343639953,-0.13848190281029693,6,1.6404963270944848,0.02278259529670217,0.0029862835852421036,0.013887623471277664,0.0018203537160800408,,,,,,,,,
28,response_tables/trial_00028_hard_negative_structure_obs-empirical_prior-axis_edge_parallel_rel1x.npz,axis_edge_parallel,1.0,0,linear,1,False,16,40,10,0.01,0.00286188610795568,-0.008659518463846494,-0.004769443787798006,2,0.025021942641130022,4.9357860787107695e-08,,1.972583084175699e-06,,0.025021942641130022,4.9357860787107695e-08,4.9357860787107695e-08,1.972583084175699e-06,506949.49582713214,5.70496469547513,1.2350295615038896e-09,1.0,1.0
28,response_tables/trial_00028_hard_negative_structure_obs-empirical_prior-axis_edge_parallel_rel1x.npz,axis_edge_parallel,1.0,0,quadratic,2,False,16,40,10,0.01,0.2943031531754582,0.28212126531783877,0.26923777470754673,5,1.6338042213136004,0.011979922360483194,2.6666224716795673e-08,0.0073325323831341166,1.632155454669818e-08,,,,,,,,,
28,response_tables/trial_00028_hard_negative_structure_obs-empirical_prior-axis_edge_parallel_rel1x.npz,axis_edge_parallel,1.0,0,cubic,3,False,16,40,10,0.01,0.2944237588879769,0.28192942877988947,0.26906579857517265,9,1.635090480339738,0.03843715197516795,0.011666922875789484,0.02350766054682277,0.007135337778595188,,,,,,,,,
28,response_tables/trial_00028_hard_negative_structure_obs-empirical_prior-axis_edge_parallel_rel1x.npz,axis_edge_parallel,1.0,0,affine_linear,1,True,16,40,10,0.01,0.7403912255971066,0.7187119929193995,0.7195320078858896,3,0.03716294328987618,0.010362447427604145,2.4682943996017617e-08,0.2788381788486342,6.641816231692734e-07,,,,,,,,,
28,response_tables/trial_00028_hard_negative_structure_obs-empirical_prior-axis_edge_parallel_rel1x.npz,axis_edge_parallel,1.0,0,affine_quadratic,2,True,16,40,10,0.01,0.7564523081441699,0.7408284926074373,0.7410435600241221,6,0.42932618283025786,0.010554122609375674,0.006588708775143222,0.024582993144744783,0.015346626967189166,,,,,,,,,
28,response_tables/trial_00028_hard_negative_structure_obs-empirical_prior-axis_edge_parallel_rel1x.npz,axis_edge_parallel,1.0,1,linear,1,False,16,40,10,0.01,0.0017739088081725196,-0.007651275043664585,-0.004545907044676889,2,0.019463903573814622,6.43153114108191e-08,,3.3043377535708938e-06,,0.019463903573814622,6.43153114108191e-08,6.43153114108191e-08,3.3043377535708938e-06,302632.50145035307,5.480915567581942,1.2518270196200422e-09,1.0,1.0
28,response_tables/trial_00028_hard_negative_structure_obs-empirical_prior-axis_edge_parallel_rel1x.npz,axis_edge_parallel,1.0,1,quadratic,2,False,16,40,10,0.01,0.3008881507398864,0.28690416491455595,0.27470091237104743,5,1.6364280343419504,0.010392089240691845,1.3882352096613153e-08,0.006350471284165436,8.483325759079655e-09,,,,,,,,,
28,response_tables/trial_00028_hard_negative_structure_obs-empirical_prior-axis_edge_parallel_rel1x.npz,axis_edge_parallel,1.0,1,cubic,3,False,16,40,10,0.01,0.3009734787391104,0.28668218802654777,0.2744930624221677,9,1.637118124034681,0.04008292455808675,0.009250390953390484,0.024483831661030235,0.00565041142577597,,,,,,,,,
28,response_tables/trial_00028_hard_negative_structure_obs-empirical_prior-axis_edge_parallel_rel1x.npz,axis_edge_parallel,1.0,1,affine_linear,1,True,16,40,10,0.01,0.7453052355196366,0.7236299159876023,0.7234787052140434,3,0.03365044733271325,0.009756265912035895,1.1988505821383544e-08,0.2899297538476212,3.5626586781593624e-07,,,,,,,,,
28,response_tables/trial_00028_hard_negative_structure_obs-empirical_prior-axis_edge_parallel_rel1x.npz,axis_edge_parallel,1.0,1,affine_quadratic,2,True,16,40,10,0.01,0.7631219599637706,0.7467816987110022,0.7465765918197507,6,0.4466352280978431,0.010423810474192635,0.005772422883622653,0.02333853180051691,0.012924244485162072,,,,,,,,,
28,response_tables/trial_00028_hard_negative_structure_obs-empirical_prior-axis_edge_parallel_rel1x.npz,axis_edge_parallel,1.0,2,linear,1,False,16,40,10,0.01,0.0013084429510501483,-0.008209769241707576,-0.005279242574469878,2,0.01693833421290721,5.90535135520827e-08,,3.486382592869329e-06,,0.01693833421290721,5.90535135520827e-08,5.90535135520827e-08,3.486382592869329e-06,286830.2526651241,5.457624955477716,1.0002681489916219e-09,1.0,1.0
28,response_tables/trial_00028_hard_negative_structure_obs-empirical_prior-axis_edge_parallel_rel1x.npz,axis_edge_parallel,1.0,2,quadratic,2,False,16,40,10,0.01,0.2997578028048512,0.28619303840691135,0.2740727747446632,5,1.6570584334503997,0.01132163951600281,2.6797278594181282e-08,0.006832371923317391,1.617159543274694e-08,,,,,,,,,
28,response_tables/trial_00028_hard_negative_structure_obs-empirical_prior-axis_edge_parallel_rel1x.npz,axis_edge_parallel,1.0,2,cubic,3,False,16,40,10,0.01,0.2998171528669913,0.28590583888706234,0.2737954534233831,9,1.6574440540461621,0.03764879318132934,0.010527486634391207,0.022714970734258502,0.00635163920537254,,,,,,,,,
28,response_tables/trial_00028_hard_negative_structure_obs-empirical_prior-axis_edge_parallel_rel1x.npz,axis_edge_parallel,1.0,2,affine_linear,1,True,16,40,10,0.01,0.7384942854524059,0.7161759042313507,0.7157646209900211,3,0.03211679911419703,0.010925414004125776,2.8892923772696576e-08,0.34017754899168223,8.996202787819114e-07,,,,,,,,,
28,response_tables/trial_00028_hard_negative_structure_obs-empirical_prior-axis_edge_parallel_rel1x.npz,axis_edge_parallel,1.0,2,affine_quadratic,2,True,16,40,10,0.01,0.7565162939734651,0.7398375320353567,0.739319368487162,6,0.45524353708162857,0.011311641188172353,0.00557708758587203,0.024847450357420652,0.012250778169470239,,,,,,,,,
28,response_tables/trial_00028_hard_negative_structure_obs-empirical_prior-axis_edge_parallel_rel1x.npz,axis_edge_parallel,1.0,3,linear,1,False,16,40,10,0.01,0.001456402184605854,-0.008898977497472815,-0.0053155751303739784,2,0.018048288643630592,3.7622639310798464e-08,,2.084554389264815e-06,,0.018048288643630592,3.7622639310798464e-08,3.7622639310798464e-08,2.084554389264815e-06,479718.83350699337,5.680986768971636,6.790242538164938e-10,1.0,1.0
28,response_tables/trial_00028_hard_negative_structure_obs-empirical_prior-axis_edge_parallel_rel1x.npz,axis_edge_parallel,1.0,3,quadratic,2,False,16,40,10,0.01,0.3063781911631931,0.29215791673397407,0.27576900506449165,5,1.719063632844911,0.008992820489248994,3.099906481115593e-08,0.005231231885446035,1.803252899943849e-08,,,,,,,,,
28,response_tables/trial_00028_hard_negative_structure_obs-empirical_prior-axis_edge_parallel_rel1x.npz,axis_edge_parallel,1.0,3,cubic,3,False,16,40,10,0.01,0.3064610369648424,0.29199904584087455,0.2756024261635307,9,1.7196228383865069,0.04392974240767406,0.007211296675227549,0.025546149671338746,0.0041935339042099415,,,,,,,,,
28,response_tables/trial_00028_hard_negative_structure_obs-empirical_prior-axis_edge_parallel_rel1x.npz,axis_edge_parallel,1.0,3,affine_linear,1,True,16,40,10,0.01,0.7165566286383624,0.6906185629533437,0.6880383909854405,3,0.03324952318368217,0.008662677749135782,3.0296391674673976e-08,0.26053539779443075,9.11182741096946e-07,,,,,,,,,
28,response_tables/trial_00028_hard_negative_structure_obs-empirical_prior-axis_edge_parallel_rel1x.npz,axis_edge_parallel,1.0,3,affine_quadratic,2,True,16,40,10,0.01,0.7389238290160232,0.7207304977758362,0.7179955829375606,6,0.5195272585794344,0.00950823500861875,0.004937368414786637,0.018301705736514236,0.00950357913516818,,,,,,,,,
28,response_tables/trial_00028_hard_negative_structure_obs-empirical_prior-axis_edge_orthogonal_rel1x.npz,axis_edge_orthogonal,1.0,0,linear,1,False,16,40,10,0.01,0.004823910831565303,-0.018571807638940507,-0.004785962987516684,2,0.035890435980956155,2.294129715131782e-08,,6.392036352941132e-07,,0.035890435980956155,2.294129715131782e-08,2.294129715131782e-08,6.392036352941132e-07,1564446.6720529138,6.194360763757137,8.23373156729464e-10,1.0,1.0
28,response_tables/trial_00028_hard_negative_structure_obs-empirical_prior-axis_edge_orthogonal_rel1x.npz,axis_edge_orthogonal,1.0,0,quadratic,2,False,16,40,10,0.01,0.2819072528199704,0.25093144253658783,0.2338833840647555,5,1.7600510582450277,0.01072924378691327,1.8540878863560474e-08,0.006095984395822899,1.0534284659927907e-08,,,,,,,,,
28,response_tables/trial_00028_hard_negative_structure_obs-empirical_prior-axis_edge_orthogonal_rel1x.npz,axis_edge_orthogonal,1.0,0,cubic,3,False,16,40,10,0.01,0.28257067537121594,0.25148412437486034,0.23441934450185006,9,1.7663434113553818,0.10627936750940187,0.009155213456039387,0.06016914198346612,0.005183144680237603,,,,,,,,,
28,response_tables/trial_00028_hard_negative_structure_obs-empirical_prior-axis_edge_orthogonal_rel1x.npz,axis_edge_orthogonal,1.0,0,affine_linear,1,True,16,40,10,0.01,0.6785700759270867,0.6166596455343915,0.6170178156511755,3,0.04688025226500035,0.007206119171615535,1.9087295751110068e-08,0.15371331900864038,4.0715002221436796e-07,,,,,,,,,
28,response_tables/trial_00028_hard_negative_structure_obs-empirical_prior-axis_edge_orthogonal_rel1x.npz,axis_edge_orthogonal,1.0,0,affine_quadratic,2,True,16,40,10,0.01,0.6965147988244191,0.6380086569905854,0.6394274759730221,6,0.5014382144501993,0.01617587305363065,0.006764571232090692,0.032258955515320355,0.013490338464745231,,,,,,,,,
28,response_tables/trial_00028_hard_negative_structure_obs-empirical_prior-axis_edge_orthogonal_rel1x.npz,axis_edge_orthogonal,1.0,1,linear,1,False,16,40,10,0.01,0.00297649828071056,-0.016317062723795184,-0.005816435916118745,2,0.028151802121107548,4.3920377350033364e-08,,1.5601266718588831e-06,,0.028151802121107548,4.3920377350033364e-08,4.3920377350033364e-08,1.5601266718588831e-06,640973.5940277881,5.806840138404561,1.2364377722425132e-09,1.0,1.0
28,response_tables/trial_00028_hard_negative_structure_obs-empirical_prior-axis_edge_orthogonal_rel1x.npz,axis_edge_orthogonal,1.0,1,quadratic,2,False,16,40,10,0.01,0.28330707582845405,0.2535526900490155,0.23372715822099424,5,1.768905389106681,0.009272585411460102,2.3772786713397362e-08,0.005241990594049166,1.3439264112029706e-08,,,,,,,,,
28,response_tables/trial_00028_hard_negative_structure_obs-empirical_prior-axis_edge_orthogonal_rel1x.npz,axis_edge_orthogonal,1.0,1,cubic,3,False,16,40,10,0.01,0.28379604555412163,0.25391943646683757,0.23405905014325717,9,1.772930336289676,0.10242992932524224,0.008399971687055715,0.057774367795862674,0.004737902846557902,,,,,,,,,
28,response_tables/trial_00028_hard_negative_structure_obs-empirical_prior-axis_edge_orthogonal_rel1x.npz,axis_edge_orthogonal,1.0,1,affine_linear,1,True,16,40,10,0.01,0.6812207805530712,0.623560404109789,0.6218712670272943,3,0.04130822277767501,0.007166024866226736,1.7548208357779857e-08,0.17347695892885537,4.248115067120188e-07,,,,,,,,,
28,response_tables/trial_00028_hard_negative_structure_obs-empirical_prior-axis_edge_orthogonal_rel1x.npz,axis_edge_orthogonal,1.0,1,affine_quadratic,2,True,16,40,10,0.01,0.7000731651221084,0.6457651878051963,0.6452324583497204,6,0.5130139691378086,0.014484830599869334,0.007010821686482895,0.02823476839083565,0.013665946949291765,,,,,,,,,
28,response_tables/trial_00028_hard_negative_structure_obs-empirical_prior-axis_edge_orthogonal_rel1x.npz,axis_edge_orthogonal,1.0,2,linear,1,False,16,40,10,0.01,0.00365164525512518,-0.015401390044298635,-0.004657181602097854,2,0.03107064801592137,3.1283814632985635e-08,,1.0068607071521338e-06,,0.03107064801592137,3.1283814632985635e-08,3.1283814632985635e-08,1.0068607071521338e-06,993186.0414222152,5.99703060720159,9.72008393056827e-10,1.0,1.0
28,response_tables/trial_00028_hard_negative_structure_obs-empirical_prior-axis_edge_orthogonal_rel1x.npz,axis_edge_orthogonal,1.0,2,quadratic,2,False,16,40,10,0.01,0.2844539504945319,0.25569984641051857,0.23671818991468277,5,1.7648935828290993,0.007151443696414757,2.3558254313805146e-08,0.004052053770262507,1.3348257675707338e-08,,,,,,,,,
28,response_tables/trial_00028_hard_negative_structure_obs-empirical_prior-axis_edge_orthogonal_rel1x.npz,axis_edge_orthogonal,1.0,2,cubic,3,False,16,40,10,0.01,0.2849432864738891,0.25607863688155463,0.23706512944052838,9,1.7690763810822685,0.09951127691895106,0.006142560664148187,0.05625041291776956,0.0034721851073441783,,,,,,,,,
28,response_tables/trial_00028_hard_negative_structure_obs-empirical_prior-axis_edge_orthogonal_rel1x.npz,axis_edge_orthogonal,1.0,2,affine_linear,1,True,16,40,10,0.01,0.679299627056521,0.622349207689808,0.6192097094343239,3,0.043510070841896134,0.005189816262944648,2.8129038308028156e-08,0.1192785063900043,6.46494886442302e-07,,,,,,,,,
28,response_tables/trial_00028_hard_negative_structure_obs-empirical_prior-axis_edge_orthogonal_rel1x.npz,axis_edge_orthogonal,1.0,2,affine_quadratic,2,True,16,40,10,0.01,0.6982411146979537,0.6453022226442557,0.6431033011850192,6,0.5127607534067345,0.01384572851572672,0.005138709941898663,0.027002317208828862,0.010021652218422635,,,,,,,,,
28,response_tables/trial_00028_hard_negative_structure_obs-empirical_prior-axis_edge_orthogonal_rel1x.npz,axis_edge_orthogonal,1.0,3,linear,1,False,16,40,10,0.01,0.0026563482948943618,-0.013935153473546125,-0.005041124067066444,2,0.02671134502891349,4.290984354918102e-08,,1.606427662206212e-06,,0.02671134502891349,4.290984354918102e-08,4.290984354918102e-08,1.606427662206212e-06,622499.2407231302,5.794138826048969,1.1461796361788722e-09,1.0,1.0
28,response_tables/trial_00028_hard_negative_structure_obs-empirical_prior-axis_edge_orthogonal_rel1x.npz,axis_edge_orthogonal,1.0,3,quadratic,2,False,16,40,10,0.01,0.28826208590457925,0.2605155527045929,0.23935495267238513,5,1.8232229063753478,0.006637316740202406,3.9712176563127675e-08,0.0036404307542393165,2.1781306292425502e-08,,,,,,,,,
28,response_tables/trial_00028_hard_negative_structure_obs-empirical_prior-axis_edge_orthogonal_rel1x.npz,axis_edge_orthogonal,1.0,3,cubic,3,False,16,40,10,0.01,0.28867300941582086,0.2608249253347902,0.23963406694197997,9,1.8265850285975673,0.09517316427678223,0.005967369451742668,0.05210442590228344,0.0032669541019529494,,,,,,,,,
28,response_tables/trial_00028_hard_negative_structure_obs-empirical_prior-axis_edge_orthogonal_rel1x.npz,axis_edge_orthogonal,1.0,3,affine_linear,1,True,16,40,10,0.01,0.6778930805152057,0.6228714352096365,0.6143830759889614,3,0.0406810342977523,0.005283063292011099,4.218020042367421e-08,0.12986551062943347,1.036851720999747e-06,,,,,,,,,
28,response_tables/trial_00028_hard_negative_structure_obs-empirical_prior-axis_edge_orthogonal_rel1x.npz,axis_edge_orthogonal,1.0,3,affine_quadratic,2,True,16,40,10,0.01,0.6983603124359657,0.64817326766179,0.6409558365363335,6,0.5448482539362098,0.011801759675575656,0.005262982360316356,0.02166063594829358,0.009659537903066381,,,,,,,,,
29,response_tables/trial_00029_hard_negative_structure_obs-empirical_prior-axis_edge_parallel_rel2x.npz,axis_edge_parallel,2.0,0,linear,1,False,16,40,10,0.01,0.0003364242513483884,-0.005315934825723678,-0.005491412217043162,2,0.008235386164537797,4.948808515104432e-08,,6.0092003170590596e-06,,0.008235386164537797,4.948808515104432e-08,4.948808515104432e-08,6.0092003170590596e-06,166411.49358279444,5.2211833185124155,4.075534917623788e-10,1.0,1.0
29,response_tables/trial_00029_hard_negative_structure_obs-empirical_prior-axis_edge_parallel_rel2x.npz,axis_edge_parallel,2.0,0,quadratic,2,False,16,40,10,0.01,0.3743617004951234,0.3444515026193534,0.3272184185863199,5,1.7223491170401217,0.007020929345516633,4.396577224813427e-08,0.004076368301905125,2.552663209401471e-08,,,,,,,,,
29,response_tables/trial_00029_hard_negative_structure_obs-empirical_prior-axis_edge_parallel_rel2x.npz,axis_edge_parallel,2.0,0,cubic,3,False,16,40,10,0.01,0.37444895908052267,0.34133870219803,0.3237025982946936,9,1.7226470081624994,0.06355906006758306,0.005944881299457451,0.03689616025013725,0.003451015368377004,,,,,,,,,
29,response_tables/trial_00029_hard_negative_structure_obs-empirical_prior-axis_edge_parallel_rel2x.npz,axis_edge_parallel,2.0,0,affine_linear,1,True,16,40,10,0.01,0.8325930545842863,0.8185347118971595,0.8157521833688857,3,0.039375844319266474,0.007060362392404883,4.183305997195714e-08,0.17930694603417735,1.0624041387599746e-06,,,,,,,,,
29,response_tables/trial_00029_hard_negative_structure_obs-empirical_prior-axis_edge_parallel_rel2x.npz,axis_edge_parallel,2.0,0,affine_quadratic,2,True,16,40,10,0.01,0.8387516054872702,0.8269888865018376,0.8245146179911758,6,0.2700793283763402,0.013094029497124236,0.005697889710084922,0.048482161059281256,0.02109709670984236,,,,,,,,,
29,response_tables/trial_00029_hard_negative_structure_obs-empirical_prior-axis_edge_parallel_rel2x.npz,axis_edge_parallel,2.0,1,linear,1,False,16,40,10,0.01,0.00027210274655875555,-0.005498299821656838,-0.00559449423831726,2,0.007457647370387959,1.6170581886712823e-07,,2.1683221374774657e-05,,0.007457647370387959,1.6170581886712823e-07,1.6170581886712823e-07,2.1683221374774657e-05,46118.60861058946,4.663876196240648,1.2059449748508705e-09,1.0,1.0
29,response_tables/trial_00029_hard_negative_structure_obs-empirical_prior-axis_edge_parallel_rel2x.npz,axis_edge_parallel,2.0,1,quadratic,2,False,16,40,10,0.01,0.37514197408945904,0.3463227272878625,0.3301005623273716,5,1.7387957367316584,0.006656289416427556,4.7229321837190476e-08,0.003828103138174875,2.7162087437576456e-08,,,,,,,,,
29,response_tables/trial_00029_hard_negative_structure_obs-empirical_prior-axis_edge_parallel_rel2x.npz,axis_edge_parallel,2.0,1,cubic,3,False,16,40,10,0.01,0.375226366592298,0.343354600611795,0.3267945178364935,9,1.7390072440403934,0.06472811703764571,0.005202965128359125,0.037221303855673994,0.002991916880271645,,,,,,,,,
29,response_tables/trial_00029_hard_negative_structure_obs-empirical_prior-axis_edge_parallel_rel2x.npz,axis_edge_parallel,2.0,1,affine_linear,1,True,16,40,10,0.01,0.833289725915312,0.8193341530142715,0.8170063920250683,3,0.039573343533708734,0.006689961530991759,5.0630314904943946e-08,0.16905221883243762,1.2794045279953876e-06,,,,,,,,,
29,response_tables/trial_00029_hard_negative_structure_obs-empirical_prior-axis_edge_parallel_rel2x.npz,axis_edge_parallel,2.0,1,affine_quadratic,2,True,16,40,10,0.01,0.8395560730681033,0.8278539736761641,0.8258503607138334,6,0.2746215483794585,0.013284267666029954,0.005695780813981315,0.04837299820214548,0.020740473016746544,,,,,,,,,
29,response_tables/trial_00029_hard_negative_structure_obs-empirical_prior-axis_edge_parallel_rel2x.npz,axis_edge_parallel,2.0,2,linear,1,False,16,40,10,0.01,0.0002963445577843782,-0.005083921363127963,-0.005067690547015669,2,0.007961862129740632,1.3218281398214063e-07,,1.660199735039203e-05,,0.007961862129740632,1.3218281398214063e-07,1.3218281398214063e-07,1.660199735039203e-05,60233.71639535808,4.779839659786946,1.052421340846956e-09,1.0,1.0
29,response_tables/trial_00029_hard_negative_structure_obs-empirical_prior-axis_edge_parallel_rel2x.npz,axis_edge_parallel,2.0,2,quadratic,2,False,16,40,10,0.01,0.3698124254272851,0.33906200452873614,0.3217670247116987,5,1.7670052366404365,0.007961425674614475,1.987991547026226e-08,0.004505603893823958,1.1250626233603841e-08,,,,,,,,,
29,response_tables/trial_00029_hard_negative_structure_obs-empirical_prior-axis_edge_parallel_rel2x.npz,axis_edge_parallel,2.0,2,cubic,3,False,16,40,10,0.01,0.36990959984023997,0.33601446744352215,0.31833902090798083,9,1.7675522885663408,0.06428594808330028,0.007163502753712359,0.03637004036550597,0.004052781238807179,,,,,,,,,
29,response_tables/trial_00029_hard_negative_structure_obs-empirical_prior-axis_edge_parallel_rel2x.npz,axis_edge_parallel,2.0,2,affine_linear,1,True,16,40,10,0.01,0.8287921736247768,0.8146741528036786,0.8118919049709483,3,0.040233740153939206,0.007961855832213469,2.307171065423986e-08,0.1978900246845169,5.734418566597258e-07,,,,,,,,,
29,response_tables/trial_00029_hard_negative_structure_obs-empirical_prior-axis_edge_parallel_rel2x.npz,axis_edge_parallel,2.0,2,affine_quadratic,2,True,16,40,10,0.01,0.8344776076270224,0.8226638812269361,0.8201410547521847,6,0.267917870637848,0.013729633144137474,0.007306136584654221,0.051245678802427475,0.027270060661724684,,,,,,,,,
29,response_tables/trial_00029_hard_negative_structure_obs-empirical_prior-axis_edge_parallel_rel2x.npz,axis_edge_parallel,2.0,3,linear,1,False,16,40,10,0.01,0.00017521347970472778,-0.0050660277035847745,-0.00523362071512723,2,0.006228741639619228,1.4042470516545481e-07,,2.2544634741671384e-05,,0.006228741639619228,1.4042470516545481e-07,1.4042470516545481e-07,2.2544634741671384e-05,44356.45161070653,4.646956796549985,8.746692082953216e-10,1.0,1.0
29,response_tables/trial_00029_hard_negative_structure_obs-empirical_prior-axis_edge_parallel_rel2x.npz,axis_edge_parallel,2.0,3,quadratic,2,False,16,40,10,0.01,0.380301399713179,0.35104910999309,0.33278882087857675,5,1.8590529958480493,0.004240059377765232,3.558266843586801e-08,0.00228076304830193,1.9140211987144653e-08,,,,,,,,,
29,response_tables/trial_00029_hard_negative_structure_obs-empirical_prior-axis_edge_parallel_rel2x.npz,axis_edge_parallel,2.0,3,cubic,3,False,16,40,10,0.01,0.38036363505494886,0.34827418357367146,0.32957786688084234,9,1.8590921856328104,0.06076334469896978,0.0038691452152904704,0.03268441724867276,0.0020812013762370072,,,,,,,,,
29,response_tables/trial_00029_hard_negative_structure_obs-empirical_prior-axis_edge_parallel_rel2x.npz,axis_edge_parallel,2.0,3,affine_linear,1,True,16,40,10,0.01,0.8149681153197851,0.7995663940583175,0.796022994033931,3,0.04084017748870724,0.0043365906202788,3.3343580336145206e-08,0.10618442149224046,8.164406323984531e-07,,,,,,,,,
29,response_tables/trial_00029_hard_negative_structure_obs-empirical_prior-axis_edge_parallel_rel2x.npz,axis_edge_parallel,2.0,3,affine_quadratic,2,True,16,40,10,0.01,0.8235140649253008,0.8107918476898875,0.8078074539119926,6,0.3391224993660141,0.012981338210588294,0.0029876837302736953,0.038279200686645,0.008810042789431956,,,,,,,,,
29,response_tables/trial_00029_hard_negative_structure_obs-empirical_prior-axis_edge_orthogonal_rel2x.npz,axis_edge_orthogonal,2.0,0,linear,1,False,16,40,10,0.01,0.0005503468967141822,-0.005789510097957029,-0.005601776007561177,2,0.012322206947741521,4.7828258102804415e-08,,3.881468498755463e-06,,0.012322206947741521,4.7828258102804415e-08,4.7828258102804415e-08,3.881468498755463e-06,257634.44951843243,5.411003934135935,5.893496942927513e-10,1.0,1.0
29,response_tables/trial_00029_hard_negative_structure_obs-empirical_prior-axis_edge_orthogonal_rel2x.npz,axis_edge_orthogonal,2.0,0,quadratic,2,False,16,40,10,0.01,0.3442873597691497,0.32667024476211504,0.31893062319082194,5,1.9316151353022062,0.007976596450340982,4.8438813804554574e-08,0.004129495728502367,2.5076845236551844e-08,,,,,,,,,
29,response_tables/trial_00029_hard_negative_structure_obs-empirical_prior-axis_edge_orthogonal_rel2x.npz,axis_edge_orthogonal,2.0,0,cubic,3,False,16,40,10,0.01,0.3446068369256461,0.32418295547234677,0.3164514174590005,9,1.9325614461307503,0.13949816458941186,0.00475193468839786,0.07218304228758474,0.002458878964967389,,,,,,,,,
29,response_tables/trial_00029_hard_negative_structure_obs-empirical_prior-axis_edge_orthogonal_rel2x.npz,axis_edge_orthogonal,2.0,0,affine_linear,1,True,16,40,10,0.01,0.8195997987236371,0.8103145297773977,0.8105503661523754,3,0.04644140247787414,0.007682985239094576,4.57011803843116e-08,0.16543396256723608,9.840611597826915e-07,,,,,,,,,
29,response_tables/trial_00029_hard_negative_structure_obs-empirical_prior-axis_edge_orthogonal_rel2x.npz,axis_edge_orthogonal,2.0,0,affine_quadratic,2,True,16,40,10,0.01,0.8232801438120663,0.8133666755222089,0.8136557260752304,6,0.24458790133224192,0.029087813766686198,0.007396975098791467,0.11892580789257462,0.03024260422735958,,,,,,,,,
29,response_tables/trial_00029_hard_negative_structure_obs-empirical_prior-axis_edge_orthogonal_rel2x.npz,axis_edge_orthogonal,2.0,1,linear,1,False,16,40,10,0.01,0.0004882980682715532,-0.006007827673033095,-0.005821589296636592,2,0.011656979790090227,1.64582041216349e-07,,1.4118754958832703e-05,,0.011656979790090227,1.64582041216349e-07,1.64582041216349e-07,1.4118754958832703e-05,70827.77503510671,4.850203599201286,1.918529528270777e-09,1.0,1.0
29,response_tables/trial_00029_hard_negative_structure_obs-empirical_prior-axis_edge_orthogonal_rel2x.npz,axis_edge_orthogonal,2.0,1,quadratic,2,False,16,40,10,0.01,0.34240994726157237,0.32504962105140955,0.3173448500627695,5,1.9376987152200467,0.007936315969520864,5.4806505555517076e-08,0.004095743010605036,2.8284327756956375e-08,,,,,,,,,
29,response_tables/trial_00029_hard_negative_structure_obs-empirical_prior-axis_edge_orthogonal_rel2x.npz,axis_edge_orthogonal,2.0,1,cubic,3,False,16,40,10,0.01,0.34273718700027656,0.3225572030480637,0.31485677516071775,9,1.9388476218500879,0.1393508903478884,0.004846852497453957,0.07187304911301742,0.002499862517730502,,,,,,,,,
29,response_tables/trial_00029_hard_negative_structure_obs-empirical_prior-axis_edge_orthogonal_rel2x.npz,axis_edge_orthogonal,2.0,1,affine_linear,1,True,16,40,10,0.01,0.8182018988229574,0.8087468093965449,0.808939366113387,3,0.04642303266516879,0.007698695152027856,6.448207676704705e-08,0.16583783329183893,1.3890104343706086e-06,,,,,,,,,
29,response_tables/trial_00029_hard_negative_structure_obs-empirical_prior-axis_edge_orthogonal_rel2x.npz,axis_edge_orthogonal,2.0,1,affine_quadratic,2,True,16,40,10,0.01,0.8217742163340652,0.8115920774838714,0.811839954451025,6,0.24232245224330332,0.02966204805074245,0.007489886284661609,0.12240734515578579,0.030908759032949228,,,,,,,,,
29,response_tables/trial_00029_hard_negative_structure_obs-empirical_prior-axis_edge_orthogonal_rel2x.npz,axis_edge_orthogonal,2.0,2,linear,1,False,16,40,10,0.01,0.0005385175551091415,-0.005481628551500473,-0.005345343941618813,2,0.01224242385577193,6.45845324133383e-08,,5.27546939839766e-06,,0.01224242385577193,6.45845324133383e-08,6.45845324133383e-08,5.27546939839766e-06,189556.59193165525,5.2777388918474655,7.906712203309283e-10,1.0,1.0
29,response_tables/trial_00029_hard_negative_structure_obs-empirical_prior-axis_edge_orthogonal_rel2x.npz,axis_edge_orthogonal,2.0,2,quadratic,2,False,16,40,10,0.01,0.3434742193364515,0.32533839153378175,0.3171230638403459,5,1.9417466032048727,0.005563734088176852,1.7548836358562895e-08,0.002865324486209401,9.037655237608429e-09,,,,,,,,,
29,response_tables/trial_00029_hard_negative_structure_obs-empirical_prior-axis_edge_orthogonal_rel2x.npz,axis_edge_orthogonal,2.0,2,cubic,3,False,16,40,10,0.01,0.34374987738506324,0.3227439482505412,0.3145147008887569,9,1.9425440557124267,0.13037357626881949,0.0029588944528506243,0.06711486202098262,0.0015232058414064908,,,,,,,,,
29,response_tables/trial_00029_hard_negative_structure_obs-empirical_prior-axis_edge_orthogonal_rel2x.npz,axis_edge_orthogonal,2.0,2,affine_linear,1,True,16,40,10,0.01,0.813896626277359,0.8045050990127935,0.8044831848962835,3,0.04680335743111542,0.005192533393170743,2.0902184433338052e-08,0.11094360913772153,4.4659583373055275e-07,,,,,,,,,
29,response_tables/trial_00029_hard_negative_structure_obs-empirical_prior-axis_edge_orthogonal_rel2x.npz,axis_edge_orthogonal,2.0,2,affine_quadratic,2,True,16,40,10,0.01,0.8177538610210134,0.8079322437829191,0.8080159756823098,6,0.2518947205339449,0.029000280352698093,0.004823078807228867,0.1151285755065679,0.019147200850439885,,,,,,,,,
29,response_tables/trial_00029_hard_negative_structure_obs-empirical_prior-axis_edge_orthogonal_rel2x.npz,axis_edge_orthogonal,2.0,3,linear,1,False,16,40,10,0.01,0.0005740935847249329,-0.0041167737959941775,-0.004154057951300166,2,0.012790255401456393,1.0617672699049282e-07,,8.301376607257018e-06,,0.012790255401456393,1.0617672699049282e-07,1.0617672699049282e-07,8.301376607257018e-06,120461.94833827988,5.080849883122466,1.3580274558991117e-09,1.0,1.0
29,response_tables/trial_00029_hard_negative_structure_obs-empirical_prior-axis_edge_orthogonal_rel2x.npz,axis_edge_orthogonal,2.0,3,quadratic,2,False,16,40,10,0.01,0.3481727772950166,0.32818633113484397,0.3188398227788192,5,2.0167128208117875,0.007597431941310593,4.2355977940633894e-08,0.0037672354055112312,2.1002483597830425e-08,,,,,,,,,
29,response_tables/trial_00029_hard_negative_structure_obs-empirical_prior-axis_edge_orthogonal_rel2x.npz,axis_edge_orthogonal,2.0,3,cubic,3,False,16,40,10,0.01,0.34838906552610527,0.32565584729828245,0.3161715872142601,9,2.017207951538168,0.12035548127785657,0.004735565891469357,0.059664389675879836,0.0023475843865568636,,,,,,,,,
29,response_tables/trial_00029_hard_negative_structure_obs-empirical_prior-axis_edge_orthogonal_rel2x.npz,axis_edge_orthogonal,2.0,3,affine_linear,1,True,16,40,10,0.01,0.8075111687663136,0.7988977414826047,0.798059722292841,3,0.04702329894188796,0.0072568734041750065,3.586935276032609e-08,0.15432505943794267,7.627995816425795e-07,,,,,,,,,
29,response_tables/trial_00029_hard_negative_structure_obs-empirical_prior-axis_edge_orthogonal_rel2x.npz,axis_edge_orthogonal,2.0,3,affine_quadratic,2,True,16,40,10,0.01,0.8118904404768605,0.802628287883129,0.802015792734061,6,0.2764767866613259,0.024325467391183297,0.00678098651302183,0.08798376053531437,0.024526422615466427,,,,,,,,,
30,response_tables/trial_00030_hard_negative_structure_obs-empirical_prior-axis_edge_parallel_rel0p5x.npz,axis_edge_parallel,0.5,0,linear,1,False,16,40,10,0.01,0.00026831962055418046,-0.004571837569986803,-0.0049527091214288665,2,0.006782688661921533,1.5635675009834245e-07,,2.3052325986321574e-05,,0.006782688661921533,1.5635675009834245e-07,1.5635675009834245e-07,2.3052325986321574e-05,43379.57048643873,4.637285247625315,1.0605191561069259e-09,1.0,1.0
30,response_tables/trial_00030_hard_negative_structure_obs-empirical_prior-axis_edge_parallel_rel0p5x.npz,axis_edge_parallel,0.5,0,quadratic,2,False,16,40,10,0.01,0.365555046950905,0.26250572059892463,0.288020228369641,5,1.4973205842588215,0.006539206182924819,4.102702952013898e-08,0.004367271946749966,2.7400297539118845e-08,,,,,,,,,
30,response_tables/trial_00030_hard_negative_structure_obs-empirical_prior-axis_edge_parallel_rel0p5x.npz,axis_edge_parallel,0.5,0,cubic,3,False,16,40,10,0.01,0.3663874732570511,0.2625003025245046,0.2880826402792524,9,1.5047162452219416,0.055904861836200734,0.005750546380780542,0.03715309249416319,0.003821681595477393,,,,,,,,,
30,response_tables/trial_00030_hard_negative_structure_obs-empirical_prior-axis_edge_parallel_rel0p5x.npz,axis_edge_parallel,0.5,0,affine_linear,1,True,16,40,10,0.01,0.6030544736256228,0.5923570685774522,0.5940772757729592,3,0.026127521418923962,0.006435625965635641,3.004666050862165e-08,0.24631597702851243,1.1500004162989254e-06,,,,,,,,,
30,response_tables/trial_00030_hard_negative_structure_obs-empirical_prior-axis_edge_parallel_rel0p5x.npz,axis_edge_parallel,0.5,0,affine_quadratic,2,True,16,40,10,0.01,0.6688026193140246,0.6210405590373906,0.6344046526887906,6,0.7136465510577542,0.008073824431554869,0.004659887597855297,0.01131347782678693,0.006529685585880706,,,,,,,,,
30,response_tables/trial_00030_hard_negative_structure_obs-empirical_prior-axis_edge_parallel_rel0p5x.npz,axis_edge_parallel,0.5,1,linear,1,False,16,40,10,0.01,0.000320925282635387,-0.004368548718459708,-0.004694395974644161,2,0.007380824216001107,9.166098423992385e-08,,1.2418800605115252e-05,,0.007380824216001107,9.166098423992385e-08,9.166098423992385e-08,1.2418800605115252e-05,80523.07399058361,4.905920345844849,6.765336121405258e-10,1.0,1.0
30,response_tables/trial_00030_hard_negative_structure_obs-empirical_prior-axis_edge_parallel_rel0p5x.npz,axis_edge_parallel,0.5,1,quadratic,2,False,16,40,10,0.01,0.3641215055009883,0.25776210503509345,0.2832318882949537,5,1.483748138339967,0.007335330540005633,2.1859671743361564e-08,0.0049437841574733014,1.4732737436030344e-08,,,,,,,,,
30,response_tables/trial_00030_hard_negative_structure_obs-empirical_prior-axis_edge_parallel_rel0p5x.npz,axis_edge_parallel,0.5,1,cubic,3,False,16,40,10,0.01,0.36493008050436093,0.2577725321990434,0.28330033815019634,9,1.4910347328357605,0.052215750849588544,0.006559986548318034,0.035019808526043354,0.004399620212630301,,,,,,,,,
30,response_tables/trial_00030_hard_negative_structure_obs-empirical_prior-axis_edge_parallel_rel0p5x.npz,axis_edge_parallel,0.5,1,affine_linear,1,True,16,40,10,0.01,0.6045628608830947,0.594251424689374,0.5956514290370303,3,0.0259686033701905,0.007282750118510011,2.511814231283532e-08,0.28044442801532865,9.672504121522596e-07,,,,,,,,,
30,response_tables/trial_00030_hard_negative_structure_obs-empirical_prior-axis_edge_parallel_rel0p5x.npz,axis_edge_parallel,0.5,1,affine_quadratic,2,True,16,40,10,0.01,0.6693007412426973,0.6197437376583681,0.6328303816714003,6,0.7031012682520233,0.008544435890980126,0.004623898160457199,0.012152496769380614,0.006576432683662554,,,,,,,,,
30,response_tables/trial_00030_hard_negative_structure_obs-empirical_prior-axis_edge_parallel_rel0p5x.npz,axis_edge_parallel,0.5,2,linear,1,False,16,40,10,0.01,0.0004926528067775715,-0.003741625198843579,-0.004319714052828882,2,0.009296549817065645,1.7625597202942152e-07,,1.8959288714386172e-05,,0.009296549817065645,1.7625597202942152e-07,1.7625597202942152e-07,1.8959288714386172e-05,52744.594750604076,4.722177959888861,1.638572424526846e-09,1.0,1.0
30,response_tables/trial_00030_hard_negative_structure_obs-empirical_prior-axis_edge_parallel_rel0p5x.npz,axis_edge_parallel,0.5,2,quadratic,2,False,16,40,10,0.01,0.3605256417807885,0.2536308555847564,0.2802997834109227,5,1.5047506492871203,0.008318279324238566,1.973655782168741e-08,0.0055280117859921665,1.311616501447443e-08,,,,,,,,,
30,response_tables/trial_00030_hard_negative_structure_obs-empirical_prior-axis_edge_parallel_rel0p5x.npz,axis_edge_parallel,0.5,2,cubic,3,False,16,40,10,0.01,0.3612145846841589,0.2535619635484676,0.2802850568618221,9,1.5107218990346212,0.056897468533993925,0.006682141266294657,0.037662437123836254,0.004423144504997688,,,,,,,,,
30,response_tables/trial_00030_hard_negative_structure_obs-empirical_prior-axis_edge_parallel_rel0p5x.npz,axis_edge_parallel,0.5,2,affine_linear,1,True,16,40,10,0.01,0.5987804040094846,0.588528506615851,0.5896655036024346,3,0.02664122788550496,0.008078950059841907,2.825873658660124e-08,0.30324991380136523,1.060714495144435e-06,,,,,,,,,
30,response_tables/trial_00030_hard_negative_structure_obs-empirical_prior-axis_edge_parallel_rel0p5x.npz,axis_edge_parallel,0.5,2,affine_quadratic,2,True,16,40,10,0.01,0.6626955035471603,0.6115554058311192,0.6254253551611031,6,0.7122827179765586,0.009171608341393437,0.005597641012654144,0.012876359498722637,0.007858734841350402,,,,,,,,,
30,response_tables/trial_00030_hard_negative_structure_obs-empirical_prior-axis_edge_parallel_rel0p5x.npz,axis_edge_parallel,0.5,3,linear,1,False,16,40,10,0.01,0.00023137091241454133,-0.004751774994028235,-0.0054475083846182715,2,0.006584231930794899,2.082506890872563e-07,,3.162869887879461e-05,,0.006584231930794899,2.082506890872563e-07,2.082506890872563e-07,3.162869887879461e-05,31616.855433482524,4.499918673445718,1.3711708366983536e-09,1.0,1.0
30,response_tables/trial_00030_hard_negative_structure_obs-empirical_prior-axis_edge_parallel_rel0p5x.npz,axis_edge_parallel,0.5,3,quadratic,2,False,16,40,10,0.01,0.37339023250732517,0.27935384250794026,0.30525848850724435,5,1.625887891908638,0.006118053866515028,1.307651322616002e-08,0.0037629001956174324,8.042690576168469e-09,,,,,,,,,
30,response_tables/trial_00030_hard_negative_structure_obs-empirical_prior-axis_edge_parallel_rel0p5x.npz,axis_edge_parallel,0.5,3,cubic,3,False,16,40,10,0.01,0.373696864175329,0.2791322858032156,0.30507462014703385,9,1.6279061814442066,0.04508616886710311,0.004795613522228935,0.027695802977481566,0.0029458783171241957,,,,,,,,,
30,response_tables/trial_00030_hard_negative_structure_obs-empirical_prior-axis_edge_parallel_rel0p5x.npz,axis_edge_parallel,0.5,3,affine_linear,1,True,16,40,10,0.01,0.5807784129226476,0.5691181882021916,0.5697067429481251,3,0.02684885267523337,0.006012716181190761,2.8769543317981395e-08,0.22394685739168177,1.0715371589982228e-06,,,,,,,,,
30,response_tables/trial_00030_hard_negative_structure_obs-empirical_prior-axis_edge_parallel_rel0p5x.npz,axis_edge_parallel,0.5,3,affine_quadratic,2,True,16,40,10,0.01,0.6529202215352528,0.6055262239215724,0.6195563066784364,6,0.8039431326847912,0.007518834915673839,0.004973508442708559,0.009352446224106017,0.006186393341155094,,,,,,,,,
30,response_tables/trial_00030_hard_negative_structure_obs-empirical_prior-axis_edge_orthogonal_rel0p5x.npz,axis_edge_orthogonal,0.5,0,linear,1,False,16,40,10,0.01,0.0003261855304600436,-0.007771194660677994,-0.008757002323265317,2,0.008298453693978159,1.440590959478311e-07,,1.7359751739335336e-05,,0.008298453693978159,1.440590959478311e-07,1.440590959478311e-07,1.7359751739335336e-05,57604.51042246803,4.760456489931859,1.1954677369194329e-09,1.0,1.0
30,response_tables/trial_00030_hard_negative_structure_obs-empirical_prior-axis_edge_orthogonal_rel0p5x.npz,axis_edge_orthogonal,0.5,0,quadratic,2,False,16,40,10,0.01,0.34602402607669946,0.2695347721458501,0.29416133974089,5,1.616452871091264,0.006625025115368034,4.256136615271442e-08,0.004098495683883127,2.6330100254628103e-08,,,,,,,,,
30,response_tables/trial_00030_hard_negative_structure_obs-empirical_prior-axis_edge_orthogonal_rel0p5x.npz,axis_edge_orthogonal,0.5,0,cubic,3,False,16,40,10,0.01,0.3472588986375602,0.26960253225312525,0.29456611494161933,9,1.630528975921146,0.0378757401805966,0.005470762015143388,0.02322911198753717,0.003355206865951433,,,,,,,,,
30,response_tables/trial_00030_hard_negative_structure_obs-empirical_prior-axis_edge_orthogonal_rel0p5x.npz,axis_edge_orthogonal,0.5,0,affine_linear,1,True,16,40,10,0.01,0.5601477317795382,0.5303028637907072,0.5109806504025882,3,0.028297428693900027,0.006597886860573775,2.993004583419788e-08,0.2331620633077541,1.0576948936936377e-06,,,,,,,,,
30,response_tables/trial_00030_hard_negative_structure_obs-empirical_prior-axis_edge_orthogonal_rel0p5x.npz,axis_edge_orthogonal,0.5,0,affine_quadratic,2,True,16,40,10,0.01,0.6246911054763276,0.5748246658098888,0.5719343523730961,6,0.7846927850533902,0.007312556944302117,0.006572566568792222,0.00931900621949082,0.00837597425895158,,,,,,,,,
30,response_tables/trial_00030_hard_negative_structure_obs-empirical_prior-axis_edge_orthogonal_rel0p5x.npz,axis_edge_orthogonal,0.5,1,linear,1,False,16,40,10,0.01,0.00042097858577050395,-0.007755511955580108,-0.008356844259181206,2,0.009414558430501171,8.381041427414006e-08,,8.902214043582978e-06,,0.009414558430501171,8.381041427414006e-08,8.381041427414006e-08,8.902214043582978e-06,112331.6059470435,5.05050196781249,7.890380422684009e-10,1.0,1.0
30,response_tables/trial_00030_hard_negative_structure_obs-empirical_prior-axis_edge_orthogonal_rel0p5x.npz,axis_edge_orthogonal,0.5,1,quadratic,2,False,16,40,10,0.01,0.3467857621389404,0.26778925259997843,0.2925932544202988,5,1.612474820347569,0.0068740207330481445,2.2260854221741373e-08,0.004263025162505452,1.380539648795449e-08,,,,,,,,,
30,response_tables/trial_00030_hard_negative_structure_obs-empirical_prior-axis_edge_orthogonal_rel0p5x.npz,axis_edge_orthogonal,0.5,1,cubic,3,False,16,40,10,0.01,0.34813913504545724,0.26791229292626906,0.2930616502054392,9,1.628036539664162,0.03764997219757133,0.005969769657451391,0.02312599949712303,0.003666852378315083,,,,,,,,,
30,response_tables/trial_00030_hard_negative_structure_obs-empirical_prior-axis_edge_orthogonal_rel0p5x.npz,axis_edge_orthogonal,0.5,1,affine_linear,1,True,16,40,10,0.01,0.5628018464691151,0.5333367660670171,0.514762545132188,3,0.02863613141389397,0.006740328870921892,2.7512164030998975e-08,0.2353784725143268,9.607500270672155e-07,,,,,,,,,
30,response_tables/trial_00030_hard_negative_structure_obs-empirical_prior-axis_edge_orthogonal_rel0p5x.npz,axis_edge_orthogonal,0.5,1,affine_quadratic,2,True,16,40,10,0.01,0.6269335391058884,0.5760569079657569,0.5737542617688203,6,0.7794566316618962,0.00720678732536841,0.006501654348090486,0.009245911873252865,0.008341265035141428,,,,,,,,,
30,response_tables/trial_00030_hard_negative_structure_obs-empirical_prior-axis_edge_orthogonal_rel0p5x.npz,axis_edge_orthogonal,0.5,2,linear,1,False,16,40,10,0.01,0.0005013738099879372,-0.007040037133095645,-0.007317860831615286,2,0.010280523926957615,9.376077460482475e-08,,9.12023310008209e-06,,0.010280523926957615,9.376077460482475e-08,9.376077460482475e-08,9.12023310008209e-06,109646.32033264579,5.0399940615854355,9.639098867349808e-10,1.0,1.0
30,response_tables/trial_00030_hard_negative_structure_obs-empirical_prior-axis_edge_orthogonal_rel0p5x.npz,axis_edge_orthogonal,0.5,2,quadratic,2,False,16,40,10,0.01,0.3442865106300277,0.26470962205601045,0.2918153261251335,5,1.612047635538446,0.0041660038116642,2.7105772349570165e-08,0.0025842932428437188,1.6814498375860005e-08,,,,,,,,,
30,response_tables/trial_00030_hard_negative_structure_obs-empirical_prior-axis_edge_orthogonal_rel0p5x.npz,axis_edge_orthogonal,0.5,2,cubic,3,False,16,40,10,0.01,0.34555360431548887,0.2647569174963812,0.2921904403469409,9,1.6264938169452705,0.039414198978856264,0.0031773383760537264,0.02423261531536612,0.0019534893664834877,,,,,,,,,
30,response_tables/trial_00030_hard_negative_structure_obs-empirical_prior-axis_edge_orthogonal_rel0p5x.npz,axis_edge_orthogonal,0.5,2,affine_linear,1,True,16,40,10,0.01,0.5564267193707513,0.5275335546366864,0.509180482980783,3,0.029290504177432546,0.004074357453717073,4.050861753855512e-08,0.13910164977140418,1.3829948878027777e-06,,,,,,,,,
30,response_tables/trial_00030_hard_negative_structure_obs-empirical_prior-axis_edge_orthogonal_rel0p5x.npz,axis_edge_orthogonal,0.5,2,affine_quadratic,2,True,16,40,10,0.01,0.6203019769513165,0.5682924713874609,0.567400733881191,6,0.7807476750441692,0.006905737289901236,0.004059415828195489,0.008845030873144205,0.0051993953462184,,,,,,,,,
30,response_tables/trial_00030_hard_negative_structure_obs-empirical_prior-axis_edge_orthogonal_rel0p5x.npz,axis_edge_orthogonal,0.5,3,linear,1,False,16,40,10,0.01,0.0003649309917828081,-0.006619848474734402,-0.007385637524089272,2,0.00883051578865409,1.5273496678993647e-07,,1.7296267901607557e-05,,0.00883051578865409,1.5273496678993647e-07,1.5273496678993647e-07,1.7296267901607557e-05,57815.94073869876,4.762047596558619,1.3487285357180922e-09,1.0,1.0
30,response_tables/trial_00030_hard_negative_structure_obs-empirical_prior-axis_edge_orthogonal_rel0p5x.npz,axis_edge_orthogonal,0.5,3,quadratic,2,False,16,40,10,0.01,0.3506989324943818,0.27641491226321235,0.3027977860162173,5,1.6824959034392846,0.005958693613362154,1.8534153900221876e-08,0.0035415798642847527,1.1015868664128792e-08,,,,,,,,,
30,response_tables/trial_00030_hard_negative_structure_obs-empirical_prior-axis_edge_orthogonal_rel0p5x.npz,axis_edge_orthogonal,0.5,3,cubic,3,False,16,40,10,0.01,0.3512966122913602,0.27623998077087886,0.3027987800524993,9,1.6882001488283063,0.04159644525421513,0.004554174595010387,0.024639522323869657,0.0026976508669136223,,,,,,,,,
30,response_tables/trial_00030_hard_negative_structure_obs-empirical_prior-axis_edge_orthogonal_rel0p5x.npz,axis_edge_orthogonal,0.5,3,affine_linear,1,True,16,40,10,0.01,0.5529198878665305,0.5254905803428895,0.5083864233639537,3,0.028601620616405157,0.005877762442630124,3.599312659945455e-08,0.2055045244275001,1.258429621250546e-06,,,,,,,,,
30,response_tables/trial_00030_hard_negative_structure_obs-empirical_prior-axis_edge_orthogonal_rel0p5x.npz,axis_edge_orthogonal,0.5,3,affine_quadratic,2,True,16,40,10,0.01,0.6190722586587774,0.5699715533352412,0.5707235986360444,6,0.8222872448101662,0.006786126206057208,0.005873963142238996,0.008252744097500694,0.007143444312571166,,,,,,,,,
31,response_tables/trial_00031_hard_negative_structure_obs-empirical_prior-axis_edge_parallel_rel1x.npz,axis_edge_parallel,1.0,0,linear,1,False,16,40,10,0.01,0.0006699749974949931,-0.0060978502793234135,-0.0062147742585937915,2,0.0118289009516572,5.3987638228547175e-08,,4.5640451677789754e-06,,0.0118289009516572,5.3987638228547175e-08,5.3987638228547175e-08,4.5640451677789754e-06,219103.8789580242,5.3406500662651935,6.386144252193864e-10,1.0,1.0
31,response_tables/trial_00031_hard_negative_structure_obs-empirical_prior-axis_edge_parallel_rel1x.npz,axis_edge_parallel,1.0,0,quadratic,2,False,16,40,10,0.01,0.0852836245489621,-0.38074476921509537,-0.670322310941669,5,0.5763156462350049,0.008943202396985532,6.520173793265331e-09,0.015517889294539042,1.1313546380114402e-08,,,,,,,,,
31,response_tables/trial_00031_hard_negative_structure_obs-empirical_prior-axis_edge_parallel_rel1x.npz,axis_edge_parallel,1.0,0,cubic,3,False,16,40,10,0.01,0.16816235941484736,-0.3537197720905334,-0.6622550782232579,9,1.4938756501006005,0.015060894322318613,0.0037254216704426663,0.01008175902813891,0.0024937963679853735,,,,,,,,,
31,response_tables/trial_00031_hard_negative_structure_obs-empirical_prior-axis_edge_parallel_rel1x.npz,axis_edge_parallel,1.0,0,affine_linear,1,True,16,40,10,0.01,0.6964423878933493,0.6757995174836348,0.6596631040832226,3,0.025006041782629992,0.009284649025952383,7.763969413516799e-09,0.37129622939372203,3.104837415296132e-07,,,,,,,,,
31,response_tables/trial_00031_hard_negative_structure_obs-empirical_prior-axis_edge_parallel_rel1x.npz,axis_edge_parallel,1.0,0,affine_quadratic,2,True,16,40,10,0.01,0.7014539464964034,0.6293544301784909,0.5823591440254263,6,0.14725322071298305,0.012204221706422108,0.0025886122694019926,0.08287914958552811,0.017579325306898087,,,,,,,,,
31,response_tables/trial_00031_hard_negative_structure_obs-empirical_prior-axis_edge_parallel_rel1x.npz,axis_edge_parallel,1.0,1,linear,1,False,16,40,10,0.01,0.0007767002663857658,-0.006351988490939098,-0.006530972073848951,2,0.012654427444324722,2.024680549294755e-08,,1.5999779983746217e-06,,0.012654427444324722,2.024680549294755e-08,2.024680549294755e-08,1.5999779983746217e-06,625008.5945030965,5.795885989375445,2.5621173108986003e-10,1.0,1.0
31,response_tables/trial_00031_hard_negative_structure_obs-empirical_prior-axis_edge_parallel_rel1x.npz,axis_edge_parallel,1.0,1,quadratic,2,False,16,40,10,0.01,0.08636085671679272,-0.3790695551494785,-0.6564658907117851,5,0.5751626054589266,0.009713198886587737,1.8608099871524265e-08,0.01688774408210614,3.2352763713970456e-08,,,,,,,,,
31,response_tables/trial_00031_hard_negative_structure_obs-empirical_prior-axis_edge_parallel_rel1x.npz,axis_edge_parallel,1.0,1,cubic,3,False,16,40,10,0.01,0.1704437008203552,-0.3517656606228057,-0.6477211600048557,9,1.4934564297224164,0.018842085993410352,0.0037729195692627025,0.012616428319179331,0.002526300395629193,,,,,,,,,
31,response_tables/trial_00031_hard_negative_structure_obs-empirical_prior-axis_edge_parallel_rel1x.npz,axis_edge_parallel,1.0,1,affine_linear,1,True,16,40,10,0.01,0.6959376797712897,0.674930795956742,0.6585110233531632,3,0.024990724769193628,0.009968204191257003,1.823968616926095e-08,0.3988761543860837,7.298582309123436e-07,,,,,,,,,
31,response_tables/trial_00031_hard_negative_structure_obs-empirical_prior-axis_edge_parallel_rel1x.npz,axis_edge_parallel,1.0,1,affine_quadratic,2,True,16,40,10,0.01,0.7011813591047333,0.6293354231281424,0.5836575966650819,6,0.14945354185795517,0.012182059169581413,0.003406866944577438,0.08151067561289102,0.022795491510100307,,,,,,,,,
31,response_tables/trial_00031_hard_negative_structure_obs-empirical_prior-axis_edge_parallel_rel1x.npz,axis_edge_parallel,1.0,2,linear,1,False,16,40,10,0.01,0.0005794066877525816,-0.006488043890447326,-0.00620416136396601,2,0.011146711673120006,1.0513017410573656e-07,,9.431496677110178e-06,,0.011146711673120006,1.0513017410573656e-07,1.0513017410573656e-07,9.431496677110178e-06,106027.71057821135,5.025419383929319,1.1718557389015523e-09,1.0,1.0
31,response_tables/trial_00031_hard_negative_structure_obs-empirical_prior-axis_edge_parallel_rel1x.npz,axis_edge_parallel,1.0,2,quadratic,2,False,16,40,10,0.01,0.08480477761886929,-0.38582737253285315,-0.6761898545180265,5,0.5827297880720862,0.010052114040056613,7.900159494321886e-09,0.0172500432375582,1.3557157461366299e-08,,,,,,,,,
31,response_tables/trial_00031_hard_negative_structure_obs-empirical_prior-axis_edge_parallel_rel1x.npz,axis_edge_parallel,1.0,2,cubic,3,False,16,40,10,0.01,0.16984602766865897,-0.35710557489250694,-0.6661437351318671,9,1.5290766453321782,0.018239473587329726,0.002883952174035855,0.011928423367794858,0.0018860743068960695,,,,,,,,,
31,response_tables/trial_00031_hard_negative_structure_obs-empirical_prior-axis_edge_parallel_rel1x.npz,axis_edge_parallel,1.0,2,affine_linear,1,True,16,40,10,0.01,0.68595747666509,0.6645721073994956,0.6473800048372245,3,0.02441221672477309,0.010315974986714094,9.031329096347249e-09,0.4225742833196145,3.6995120919037287e-07,,,,,,,,,
31,response_tables/trial_00031_hard_negative_structure_obs-empirical_prior-axis_edge_parallel_rel1x.npz,axis_edge_parallel,1.0,2,affine_quadratic,2,True,16,40,10,0.01,0.6910635323363146,0.6156427771083857,0.5663199943699662,6,0.15033039304165566,0.012860637594617284,0.003974323197520443,0.08554915166791108,0.02643725674567472,,,,,,,,,
31,response_tables/trial_00031_hard_negative_structure_obs-empirical_prior-axis_edge_parallel_rel1x.npz,axis_edge_parallel,1.0,3,linear,1,False,16,40,10,0.01,0.0006541143367260194,-0.008108140085987703,-0.008688274929462947,2,0.011768910784603454,5.2970771098811186e-08,,4.500906844166888e-06,,0.011768910784603454,5.2970771098811186e-08,5.2970771098811186e-08,4.500906844166888e-06,222177.44881700582,5.346699975615831,6.234082792535599e-10,1.0,1.0
31,response_tables/trial_00031_hard_negative_structure_obs-empirical_prior-axis_edge_parallel_rel1x.npz,axis_edge_parallel,1.0,3,quadratic,2,False,16,40,10,0.01,0.08845386516079412,-0.36159411166642874,-0.6391845136379839,5,0.6019975009217416,0.007685656877477495,2.069719963056992e-08,0.012766924888740715,3.43808730084089e-08,,,,,,,,,
31,response_tables/trial_00031_hard_negative_structure_obs-empirical_prior-axis_edge_parallel_rel1x.npz,axis_edge_parallel,1.0,3,cubic,3,False,16,40,10,0.01,0.16831534963635275,-0.33369596862946693,-0.6276500076513731,9,1.502580124768047,0.012135646479459068,0.003541733103644903,0.008076538668001112,0.002357100992661965,,,,,,,,,
31,response_tables/trial_00031_hard_negative_structure_obs-empirical_prior-axis_edge_parallel_rel1x.npz,axis_edge_parallel,1.0,3,affine_linear,1,True,16,40,10,0.01,0.6737657686031542,0.6508580756048152,0.6324847731332374,3,0.02522197066841445,0.007937587490862609,2.14888662453614e-08,0.3147092507249195,8.519899784148101e-07,,,,,,,,,
31,response_tables/trial_00031_hard_negative_structure_obs-empirical_prior-axis_edge_parallel_rel1x.npz,axis_edge_parallel,1.0,3,affine_quadratic,2,True,16,40,10,0.01,0.6801354723662878,0.6042206685384964,0.5541792609856672,6,0.16958635673957517,0.010314594939336383,0.004270245200506274,0.060822079898655776,0.025180358152654132,,,,,,,,,
31,response_tables/trial_00031_hard_negative_structure_obs-empirical_prior-axis_edge_orthogonal_rel1x.npz,axis_edge_orthogonal,1.0,0,linear,1,False,16,40,10,0.01,0.0018683648750098536,-0.008634193793491285,-0.009316674338471442,2,0.022341120764407193,3.3985734440049106e-08,,1.5212188680432522e-06,,0.022341120764407193,3.3985734440049106e-08,3.3985734440049106e-08,1.5212188680432522e-06,657367.6023926147,5.817808296568205,7.592793973922097e-10,1.0,1.0
31,response_tables/trial_00031_hard_negative_structure_obs-empirical_prior-axis_edge_orthogonal_rel1x.npz,axis_edge_orthogonal,1.0,0,quadratic,2,False,16,40,10,0.01,0.08492341255668456,-0.21668447614057662,-0.26870398243837446,5,0.6466606656831102,0.00881495861247694,7.994653406285729e-09,0.013631505796266609,1.2362980819067526e-08,,,,,,,,,
31,response_tables/trial_00031_hard_negative_structure_obs-empirical_prior-axis_edge_orthogonal_rel1x.npz,axis_edge_orthogonal,1.0,0,cubic,3,False,16,40,10,0.01,0.15895562601529878,-0.20166962495054497,-0.2585870037165815,9,1.6126630902074892,0.01958556756091514,0.0037917798163597137,0.012144860063979768,0.0023512535503443896,,,,,,,,,
31,response_tables/trial_00031_hard_negative_structure_obs-empirical_prior-axis_edge_orthogonal_rel1x.npz,axis_edge_orthogonal,1.0,0,affine_linear,1,True,16,40,10,0.01,0.6540700059982023,0.6369123200786221,0.6337086267309329,3,0.03373225828256069,0.006827217029529683,1.5628544986418364e-08,0.20239430672980765,4.6331155345440354e-07,,,,,,,,,
31,response_tables/trial_00031_hard_negative_structure_obs-empirical_prior-axis_edge_orthogonal_rel1x.npz,axis_edge_orthogonal,1.0,0,affine_quadratic,2,True,16,40,10,0.01,0.6597425305854174,0.6186679062931277,0.6112289225254219,6,0.17782341529803214,0.015090102724261567,0.006617371548598007,0.08486004331302796,0.03721316193093743,,,,,,,,,
31,response_tables/trial_00031_hard_negative_structure_obs-empirical_prior-axis_edge_orthogonal_rel1x.npz,axis_edge_orthogonal,1.0,1,linear,1,False,16,40,10,0.01,0.0020455423289228447,-0.008281834636176377,-0.008964900662874892,2,0.023291560575423916,3.8389068335102694e-08,,1.6481964877702918e-06,,0.023291560575423916,3.8389068335102694e-08,3.8389068335102694e-08,1.6481964877702918e-06,606723.7780325676,5.782991015656058,8.941413105611326e-10,1.0,1.0
31,response_tables/trial_00031_hard_negative_structure_obs-empirical_prior-axis_edge_orthogonal_rel1x.npz,axis_edge_orthogonal,1.0,1,quadratic,2,False,16,40,10,0.01,0.0857519964311203,-0.21742369761977565,-0.26656290142854666,5,0.6460608644130629,0.009430622467397691,3.6200261186725164e-08,0.014597111490362875,5.603227680353706e-08,,,,,,,,,
31,response_tables/trial_00031_hard_negative_structure_obs-empirical_prior-axis_edge_orthogonal_rel1x.npz,axis_edge_orthogonal,1.0,1,cubic,3,False,16,40,10,0.01,0.16025755177409007,-0.20258155993164806,-0.2563770492512437,9,1.611045099924152,0.020611420273334013,0.003340276197844625,0.012793819536339734,0.0020733598320753933,,,,,,,,,
31,response_tables/trial_00031_hard_negative_structure_obs-empirical_prior-axis_edge_orthogonal_rel1x.npz,axis_edge_orthogonal,1.0,1,affine_linear,1,True,16,40,10,0.01,0.6551793818593548,0.6384328866706843,0.6355622257507191,3,0.03429006468106658,0.00693133329502979,3.8165263219071115e-08,0.20213823915173185,1.1130122842884063e-06,,,,,,,,,
31,response_tables/trial_00031_hard_negative_structure_obs-empirical_prior-axis_edge_orthogonal_rel1x.npz,axis_edge_orthogonal,1.0,1,affine_quadratic,2,True,16,40,10,0.01,0.6609106122788225,0.620246160611637,0.6133685087533889,6,0.17796907300553377,0.015570508428029617,0.006326052017833029,0.08748996758299386,0.0355457940584785,,,,,,,,,
31,response_tables/trial_00031_hard_negative_structure_obs-empirical_prior-axis_edge_orthogonal_rel1x.npz,axis_edge_orthogonal,1.0,2,linear,1,False,16,40,10,0.01,0.0023581934862864085,-0.008093812315015603,-0.008905784868500244,2,0.024718980715434716,3.7343386160743775e-08,,1.5107170716560446e-06,,0.024718980715434716,3.7343386160743775e-08,3.7343386160743775e-08,1.5107170716560446e-06,661937.3135856618,5.820816863075818,9.23090442356457e-10,1.0,1.0
31,response_tables/trial_00031_hard_negative_structure_obs-empirical_prior-axis_edge_orthogonal_rel1x.npz,axis_edge_orthogonal,1.0,2,quadratic,2,False,16,40,10,0.01,0.08532508526974203,-0.22217910880676017,-0.2814751388525544,5,0.6370808552776901,0.008513808434581582,9.328485830897471e-09,0.013363780066614296,1.4642546159751388e-08,,,,,,,,,
31,response_tables/trial_00031_hard_negative_structure_obs-empirical_prior-axis_edge_orthogonal_rel1x.npz,axis_edge_orthogonal,1.0,2,cubic,3,False,16,40,10,0.01,0.15921597399304277,-0.2072132583013182,-0.27204621040185395,9,1.5873697906861153,0.01574936639102143,0.004589941000078376,0.009921674510520966,0.0028915385860369984,,,,,,,,,
31,response_tables/trial_00031_hard_negative_structure_obs-empirical_prior-axis_edge_orthogonal_rel1x.npz,axis_edge_orthogonal,1.0,2,affine_linear,1,True,16,40,10,0.01,0.6436332291205895,0.6263675187259872,0.6227315551463475,3,0.03505153695395252,0.006001055453097533,1.484242424334224e-08,0.17120662814247395,4.234457468395993e-07,,,,,,,,,
31,response_tables/trial_00031_hard_negative_structure_obs-empirical_prior-axis_edge_orthogonal_rel1x.npz,axis_edge_orthogonal,1.0,2,affine_quadratic,2,True,16,40,10,0.01,0.6493334994859211,0.6080391592652119,0.5996626704280074,6,0.17617579399426095,0.014326604134937613,0.005511833819634338,0.08131993510643303,0.0312859882431629,,,,,,,,,
31,response_tables/trial_00031_hard_negative_structure_obs-empirical_prior-axis_edge_orthogonal_rel1x.npz,axis_edge_orthogonal,1.0,3,linear,1,False,16,40,10,0.01,0.0024561761107534386,-0.007433246142417138,-0.00842508946533807,2,0.025460395887181984,3.291465188263149e-08,,1.2927784795051968e-06,,0.025460395887181984,3.291465188263149e-08,3.291465188263149e-08,1.2927784795051968e-06,773527.727954401,5.8884758860790285,8.380200674205775e-10,1.0,1.0
31,response_tables/trial_00031_hard_negative_structure_obs-empirical_prior-axis_edge_orthogonal_rel1x.npz,axis_edge_orthogonal,1.0,3,quadratic,2,False,16,40,10,0.01,0.08528190504308808,-0.21566981421910758,-0.2798566673200471,5,0.6538331406581052,0.008876385150484537,3.253703651083747e-08,0.013575918072231938,4.976351684787321e-08,,,,,,,,,
31,response_tables/trial_00031_hard_negative_structure_obs-empirical_prior-axis_edge_orthogonal_rel1x.npz,axis_edge_orthogonal,1.0,3,cubic,3,False,16,40,10,0.01,0.15487846208457678,-0.19919838965527448,-0.2687776795822392,9,1.5797078080483284,0.017490212807216438,0.005183008520920924,0.011071802467587318,0.003280991898953986,,,,,,,,,
31,response_tables/trial_00031_hard_negative_structure_obs-empirical_prior-axis_edge_orthogonal_rel1x.npz,axis_edge_orthogonal,1.0,3,affine_linear,1,True,16,40,10,0.01,0.6396974397904771,0.6220070174059211,0.6164282144489663,3,0.03563218458904836,0.00633411413727068,3.289849343036731e-08,0.1777638449711412,9.232802818516702e-07,,,,,,,,,
31,response_tables/trial_00031_hard_negative_structure_obs-empirical_prior-axis_edge_orthogonal_rel1x.npz,axis_edge_orthogonal,1.0,3,affine_quadratic,2,True,16,40,10,0.01,0.6454765144988068,0.6049546999865052,0.5944854896933589,6,0.18208175329625914,0.013869608304533668,0.005868080896309686,0.0761724228455055,0.032227726227800145,,,,,,,,,
32,response_tables/trial_00032_hard_negative_structure_obs-empirical_prior-axis_edge_parallel_rel2x.npz,axis_edge_parallel,2.0,0,linear,1,False,16,40,10,0.01,0.0006453986047255666,-0.004068846177712304,-0.003982876588156742,2,0.01245467865123136,2.2507506521172696e-08,,1.8071527296248176e-06,,0.01245467865123136,2.2507506521172696e-08,2.2507506521172696e-08,1.8071527296248176e-06,553356.6607884933,5.743005141943599,2.803237609617002e-10,1.0,1.0
32,response_tables/trial_00032_hard_negative_structure_obs-empirical_prior-axis_edge_parallel_rel2x.npz,axis_edge_parallel,2.0,0,quadratic,2,False,16,40,10,0.01,0.2688947554255018,0.2212557717970104,0.21672257717037352,5,1.5040232999176093,0.007044719066885902,1.577756553398468e-08,0.004683916178208019,1.0490240101233123e-08,,,,,,,,,
32,response_tables/trial_00032_hard_negative_structure_obs-empirical_prior-axis_edge_parallel_rel2x.npz,axis_edge_parallel,2.0,0,cubic,3,False,16,40,10,0.01,0.273799300625315,0.22322923388180804,0.21882081510466006,9,1.5881790536073224,0.09157811480006134,0.005139718266286463,0.057662336366957306,0.003236233505669481,,,,,,,,,
32,response_tables/trial_00032_hard_negative_structure_obs-empirical_prior-axis_edge_parallel_rel2x.npz,axis_edge_parallel,2.0,0,affine_linear,1,True,16,40,10,0.01,0.8171292315574212,0.8013120520305728,0.8007965047102611,3,0.03871851137418157,0.007277649209486942,1.5290265098830317e-08,0.18796304277183168,3.9490839281146103e-07,,,,,,,,,
32,response_tables/trial_00032_hard_negative_structure_obs-empirical_prior-axis_edge_parallel_rel2x.npz,axis_edge_parallel,2.0,0,affine_quadratic,2,True,16,40,10,0.01,0.8226822434799326,0.8075194590173357,0.8069851398993519,6,0.2475116255642082,0.01641906524954438,0.003220083160805189,0.06633654161543627,0.013009825916115813,,,,,,,,,
32,response_tables/trial_00032_hard_negative_structure_obs-empirical_prior-axis_edge_parallel_rel2x.npz,axis_edge_parallel,2.0,1,linear,1,False,16,40,10,0.01,0.0007650923086198747,-0.003934367614139234,-0.003939555605301487,2,0.013560019312104278,2.7422706309879743e-08,,2.0223205939980493e-06,,0.013560019312104278,2.7422706309879743e-08,2.7422706309879743e-08,2.0223205939980493e-06,494481.44026612455,5.694149995546395,3.7185242715213314e-10,1.0,1.0
32,response_tables/trial_00032_hard_negative_structure_obs-empirical_prior-axis_edge_parallel_rel2x.npz,axis_edge_parallel,2.0,1,quadratic,2,False,16,40,10,0.01,0.26918553548996926,0.22105231933497937,0.21632781403650328,5,1.501952945263153,0.0071655134155639965,1.6800511683636214e-08,0.004770797539405302,1.1185777648109104e-08,,,,,,,,,
32,response_tables/trial_00032_hard_negative_structure_obs-empirical_prior-axis_edge_parallel_rel2x.npz,axis_edge_parallel,2.0,1,cubic,3,False,16,40,10,0.01,0.27416764560720797,0.22298801074354424,0.21839607152404938,9,1.5873518223204885,0.0919813648609282,0.005552150506802349,0.05794642597030832,0.0034977441224629544,,,,,,,,,
32,response_tables/trial_00032_hard_negative_structure_obs-empirical_prior-axis_edge_parallel_rel2x.npz,axis_edge_parallel,2.0,1,affine_linear,1,True,16,40,10,0.01,0.8165962137068811,0.8006657413797055,0.7992966223589716,3,0.03906091290950421,0.007339857243638659,1.6368635047558655e-08,0.1879079800475616,4.190540831823692e-07,,,,,,,,,
32,response_tables/trial_00032_hard_negative_structure_obs-empirical_prior-axis_edge_parallel_rel2x.npz,axis_edge_parallel,2.0,1,affine_quadratic,2,True,16,40,10,0.01,0.8220883355769273,0.80680500308953,0.8054805329115455,6,0.2458959483366027,0.015304279170537703,0.0034414999584360026,0.06223884238055009,0.013995757074146634,,,,,,,,,
32,response_tables/trial_00032_hard_negative_structure_obs-empirical_prior-axis_edge_parallel_rel2x.npz,axis_edge_parallel,2.0,2,linear,1,False,16,40,10,0.01,0.00038422513961600124,-0.004314092250222501,-0.004062743830011983,2,0.009820336231329989,6.282175051023629e-08,,6.397107902458061e-06,,0.009820336231329989,6.282175051023629e-08,6.282175051023629e-08,6.397107902458061e-06,156320.63977156839,5.194016323810043,6.169307126512466e-10,1.0,1.0
32,response_tables/trial_00032_hard_negative_structure_obs-empirical_prior-axis_edge_parallel_rel2x.npz,axis_edge_parallel,2.0,2,quadratic,2,False,16,40,10,0.01,0.2638403113378939,0.21722101144264572,0.2124730680647227,5,1.5240813279597631,0.006853973110615166,8.90217619439923e-09,0.00449711769633078,5.8410112577891606e-09,,,,,,,,,
32,response_tables/trial_00032_hard_negative_structure_obs-empirical_prior-axis_edge_parallel_rel2x.npz,axis_edge_parallel,2.0,2,cubic,3,False,16,40,10,0.01,0.2687496500185984,0.21912828382638616,0.21450318104494456,9,1.6106099742165019,0.09679397135854223,0.004475347200444246,0.060097710127263226,0.002778666016036145,,,,,,,,,
32,response_tables/trial_00032_hard_negative_structure_obs-empirical_prior-axis_edge_parallel_rel2x.npz,axis_edge_parallel,2.0,2,affine_linear,1,True,16,40,10,0.01,0.8105293366713656,0.7945054920142662,0.7927342544714735,3,0.03865977289069911,0.007028843126669819,9.601742791768383e-09,0.18181284061192302,2.4836521463576424e-07,,,,,,,,,
32,response_tables/trial_00032_hard_negative_structure_obs-empirical_prior-axis_edge_parallel_rel2x.npz,axis_edge_parallel,2.0,2,affine_quadratic,2,True,16,40,10,0.01,0.8155128730980049,0.7996426114898885,0.7980194982889051,6,0.23986225909508746,0.01648850355345664,0.0040063476001465466,0.06874155032001171,0.016702701022082548,,,,,,,,,
32,response_tables/trial_00032_hard_negative_structure_obs-empirical_prior-axis_edge_parallel_rel2x.npz,axis_edge_parallel,2.0,3,linear,1,False,16,40,10,0.01,0.00015756897454988206,-0.0042865044474433844,-0.0038634960966372756,2,0.006217513355173209,4.217758857381428e-08,,6.783674785148779e-06,,0.006217513355173209,4.217758857381428e-08,4.217758857381428e-08,6.783674785148779e-06,147412.72712383838,5.168534980680708,2.622397202466912e-10,1.0,1.0
32,response_tables/trial_00032_hard_negative_structure_obs-empirical_prior-axis_edge_parallel_rel2x.npz,axis_edge_parallel,2.0,3,quadratic,2,False,16,40,10,0.01,0.2767001048122353,0.23909614561843306,0.23034078550001083,5,1.6012840553110863,0.005775045139802413,4.128940790216073e-08,0.003606508864337925,2.578518643535691e-08,,,,,,,,,
32,response_tables/trial_00032_hard_negative_structure_obs-empirical_prior-axis_edge_parallel_rel2x.npz,axis_edge_parallel,2.0,3,cubic,3,False,16,40,10,0.01,0.2815442907226079,0.24059745162707658,0.23193848321288862,9,1.6814889380921418,0.10877557437827094,0.004960120657403962,0.06469003269310254,0.002949838411088113,,,,,,,,,
32,response_tables/trial_00032_hard_negative_structure_obs-empirical_prior-axis_edge_parallel_rel2x.npz,axis_edge_parallel,2.0,3,affine_linear,1,True,16,40,10,0.01,0.7965312617529703,0.7813027157152459,0.7797110688749391,3,0.03735447256237656,0.005844222697102837,4.113767215677069e-08,0.15645309105472793,1.1012783566432838e-06,,,,,,,,,
32,response_tables/trial_00032_hard_negative_structure_obs-empirical_prior-axis_edge_parallel_rel2x.npz,axis_edge_parallel,2.0,3,affine_quadratic,2,True,16,40,10,0.01,0.8029060258738776,0.7887554762304567,0.7872017880720863,6,0.2783498643748734,0.01602333956388875,0.00438550275113067,0.057565465677069584,0.015755361551836086,,,,,,,,,
32,response_tables/trial_00032_hard_negative_structure_obs-empirical_prior-axis_edge_orthogonal_rel2x.npz,axis_edge_orthogonal,2.0,0,linear,1,False,16,40,10,0.01,0.0019742046928299395,-0.0012977644801246413,-0.001611928740193752,2,0.025246836034493597,7.108255856837622e-08,,2.81550363266349e-06,,0.025246836034493597,7.108255856837622e-08,7.108255856837622e-08,2.81550363266349e-06,355176.24214677064,5.550443907980337,1.7946097010880825e-09,1.0,1.0
32,response_tables/trial_00032_hard_negative_structure_obs-empirical_prior-axis_edge_orthogonal_rel2x.npz,axis_edge_orthogonal,2.0,0,quadratic,2,False,16,40,10,0.01,0.2502137313052074,0.20079269836324032,0.19893947879218937,5,1.6771434707485058,0.007669085373659726,6.010907365342434e-08,0.004572706812159027,3.5840150053828e-08,,,,,,,,,
32,response_tables/trial_00032_hard_negative_structure_obs-empirical_prior-axis_edge_orthogonal_rel2x.npz,axis_edge_orthogonal,2.0,0,cubic,3,False,16,40,10,0.01,0.2539044334697048,0.2023002552713925,0.20050331824950046,9,1.7543219006150883,0.09832330393592678,0.006176569010594485,0.05604632986765618,0.0035207729028685665,,,,,,,,,
32,response_tables/trial_00032_hard_negative_structure_obs-empirical_prior-axis_edge_orthogonal_rel2x.npz,axis_edge_orthogonal,2.0,0,affine_linear,1,True,16,40,10,0.01,0.7835085542153212,0.7722509517712797,0.775252635734468,3,0.04892213215915028,0.006348086698387175,6.725208077181007e-08,0.1297589949214804,1.3746759963983171e-06,,,,,,,,,
32,response_tables/trial_00032_hard_negative_structure_obs-empirical_prior-axis_edge_orthogonal_rel2x.npz,axis_edge_orthogonal,2.0,0,affine_quadratic,2,True,16,40,10,0.01,0.7884690683773887,0.7774785390039031,0.7803507908870609,6,0.2710515708875717,0.030751830009648946,0.006268637785524799,0.113453797404496,0.023127103690998126,,,,,,,,,
32,response_tables/trial_00032_hard_negative_structure_obs-empirical_prior-axis_edge_orthogonal_rel2x.npz,axis_edge_orthogonal,2.0,1,linear,1,False,16,40,10,0.01,0.001969030107753955,-0.0011198390200231056,-0.0014403084973941827,2,0.025136940080738714,2.3241261483268563e-08,,9.245859443758343e-07,,0.025136940080738714,2.3241261483268563e-08,2.3241261483268563e-08,9.245859443758343e-07,1081565.2196346938,6.0340527130247095,5.842141973057024e-10,1.0,1.0
32,response_tables/trial_00032_hard_negative_structure_obs-empirical_prior-axis_edge_orthogonal_rel2x.npz,axis_edge_orthogonal,2.0,1,quadratic,2,False,16,40,10,0.01,0.25116097531210146,0.20238218351757653,0.20035579733924028,5,1.672438991695482,0.007448862839516614,2.1988270589173878e-08,0.00445389211594805,1.3147427618201278e-08,,,,,,,,,
32,response_tables/trial_00032_hard_negative_structure_obs-empirical_prior-axis_edge_orthogonal_rel2x.npz,axis_edge_orthogonal,2.0,1,cubic,3,False,16,40,10,0.01,0.25484015883790023,0.20385967390427695,0.201886670780231,9,1.7491070698457465,0.0972580579384717,0.0066294169960462055,0.055604405021957216,0.0037901722029119993,,,,,,,,,
32,response_tables/trial_00032_hard_negative_structure_obs-empirical_prior-axis_edge_orthogonal_rel2x.npz,axis_edge_orthogonal,2.0,1,affine_linear,1,True,16,40,10,0.01,0.7835510660047659,0.7725538185644236,0.7756072073431493,3,0.04877819286606309,0.006165133062427586,2.259879015666613e-08,0.12639117400999314,4.632969945958986e-07,,,,,,,,,
32,response_tables/trial_00032_hard_negative_structure_obs-empirical_prior-axis_edge_orthogonal_rel2x.npz,axis_edge_orthogonal,2.0,1,affine_quadratic,2,True,16,40,10,0.01,0.788602876817051,0.7777635603687588,0.780696600951879,6,0.27228078077398493,0.029984487432947328,0.006090712730711069,0.1101234077106488,0.022369234851602887,,,,,,,,,
32,response_tables/trial_00032_hard_negative_structure_obs-empirical_prior-axis_edge_orthogonal_rel2x.npz,axis_edge_orthogonal,2.0,2,linear,1,False,16,40,10,0.01,0.002537317634859537,-0.0006744998384808909,-0.001157520945432644,2,0.028686172272768574,2.4736986648688682e-08,,8.623313843851936e-07,,0.028686172272768574,2.4736986648688682e-08,2.4736986648688682e-08,8.623313843851936e-07,1159646.996627588,6.064325807547432,7.096094605134597e-10,1.0,1.0
32,response_tables/trial_00032_hard_negative_structure_obs-empirical_prior-axis_edge_orthogonal_rel2x.npz,axis_edge_orthogonal,2.0,2,quadratic,2,False,16,40,10,0.01,0.2516965761190081,0.2047715334894713,0.20172844390242878,5,1.6851362389732916,0.006850035088694602,1.7981590272531286e-08,0.004064974053889047,1.0670704158310066e-08,,,,,,,,,
32,response_tables/trial_00032_hard_negative_structure_obs-empirical_prior-axis_edge_orthogonal_rel2x.npz,axis_edge_orthogonal,2.0,2,cubic,3,False,16,40,10,0.01,0.2553275012465679,0.2063381125726097,0.20334088666428576,9,1.76094232774891,0.10178541086888566,0.00545655124630712,0.05780167201671075,0.0030986541468864966,,,,,,,,,
32,response_tables/trial_00032_hard_negative_structure_obs-empirical_prior-axis_edge_orthogonal_rel2x.npz,axis_edge_orthogonal,2.0,2,affine_linear,1,True,16,40,10,0.01,0.7787273655641236,0.7672188867204484,0.7700458826569065,3,0.05085277286356855,0.0053760262715359,2.1047028910810067e-08,0.10571746571143893,4.1388163763019453e-07,,,,,,,,,
32,response_tables/trial_00032_hard_negative_structure_obs-empirical_prior-axis_edge_orthogonal_rel2x.npz,axis_edge_orthogonal,2.0,2,affine_quadratic,2,True,16,40,10,0.01,0.7840489252294816,0.7726364602903166,0.7753255701263588,6,0.28166861589470393,0.0311027106856886,0.005342370981614153,0.11042306075489686,0.018966866310768854,,,,,,,,,
32,response_tables/trial_00032_hard_negative_structure_obs-empirical_prior-axis_edge_orthogonal_rel2x.npz,axis_edge_orthogonal,2.0,3,linear,1,False,16,40,10,0.01,0.0008935588614346068,-0.0016425436767901758,-0.0016665468742629308,2,0.017053707879142548,5.6432158005082644e-08,,3.3090843589564302e-06,,0.017053707879142548,5.6432158005082644e-08,5.6432158005082644e-08,3.3090843589564302e-06,302198.4003802687,5.480292161168258,9.62377537608295e-10,1.0,1.0
32,response_tables/trial_00032_hard_negative_structure_obs-empirical_prior-axis_edge_orthogonal_rel2x.npz,axis_edge_orthogonal,2.0,3,quadratic,2,False,16,40,10,0.01,0.2608669972712615,0.22083174425745622,0.21506485241886567,5,1.788359784181873,0.006620582900889922,3.705493832447953e-08,0.0037020419266018457,2.072006911150218e-08,,,,,,,,,
32,response_tables/trial_00032_hard_negative_structure_obs-empirical_prior-axis_edge_orthogonal_rel2x.npz,axis_edge_orthogonal,2.0,3,cubic,3,False,16,40,10,0.01,0.2652825673738516,0.2221910328804031,0.21643016291374997,9,1.8742228132609644,0.13522527458796782,0.005898884375208176,0.07215005261444292,0.0031473762529571894,,,,,,,,,
32,response_tables/trial_00032_hard_negative_structure_obs-empirical_prior-axis_edge_orthogonal_rel2x.npz,axis_edge_orthogonal,2.0,3,affine_linear,1,True,16,40,10,0.01,0.7780585737865184,0.7693314564263456,0.7707683717817051,3,0.04532062591720802,0.006125452946494543,4.170001659715117e-08,0.13515817185942128,9.201112242652826e-07,,,,,,,,,
32,response_tables/trial_00032_hard_negative_structure_obs-empirical_prior-axis_edge_orthogonal_rel2x.npz,axis_edge_orthogonal,2.0,3,affine_quadratic,2,True,16,40,10,0.01,0.7830792875616872,0.7741171452820678,0.7754670718807635,6,0.28501286942678405,0.024158777455901472,0.0061034028808616535,0.08476381261130222,0.02141448171493721,,,,,,,,,
33,response_tables/trial_00033_hard_negative_structure_obs-empirical_prior-axis_edge_parallel_rel0p5x.npz,axis_edge_parallel,0.5,0,linear,1,False,16,40,10,0.01,0.0019267020887072661,-0.001055004565723383,0.0004430232064005224,2,0.018502273584302543,7.997284124733292e-08,,4.322325085236143e-06,,0.018502273584302543,7.997284124733292e-08,7.997284124733292e-08,4.322325085236143e-06,231356.96188510236,5.364282572618246,1.4796793880721488e-09,1.0,1.0
33,response_tables/trial_00033_hard_negative_structure_obs-empirical_prior-axis_edge_parallel_rel0p5x.npz,axis_edge_parallel,0.5,0,quadratic,2,False,16,40,10,0.01,0.3839067153599086,0.3443498776811915,0.2638732494291322,5,1.5733995993559762,0.01564196580520226,1.8750966872801605e-08,0.009941508699763766,1.1917485475702897e-08,,,,,,,,,
33,response_tables/trial_00033_hard_negative_structure_obs-empirical_prior-axis_edge_parallel_rel0p5x.npz,axis_edge_parallel,0.5,0,cubic,3,False,16,40,10,0.01,0.38571046773765527,0.3456043765008431,0.26611185120136766,9,1.5862501117644794,0.07767089537494316,0.005983585932958835,0.048965100017263515,0.003772157926786804,,,,,,,,,
33,response_tables/trial_00033_hard_negative_structure_obs-empirical_prior-axis_edge_parallel_rel0p5x.npz,axis_edge_parallel,0.5,0,affine_linear,1,True,16,40,10,0.01,0.34111213938144247,0.19398183432403482,-0.5370434818056221,3,0.0215848340426357,0.010970190919004495,1.5735509444143792e-08,0.5082360558036024,7.290076640414302e-07,,,,,,,,,
33,response_tables/trial_00033_hard_negative_structure_obs-empirical_prior-axis_edge_parallel_rel0p5x.npz,axis_edge_parallel,0.5,0,affine_quadratic,2,True,16,40,10,0.01,0.5234459601056576,0.4357104143202922,0.04449573603059101,6,1.1519876108890883,0.01595495840964301,0.0014358043549576836,0.013849939234441236,0.0012463713510334972,,,,,,,,,
33,response_tables/trial_00033_hard_negative_structure_obs-empirical_prior-axis_edge_parallel_rel0p5x.npz,axis_edge_parallel,0.5,1,linear,1,False,16,40,10,0.01,0.002322788778178042,-0.010182860950291417,0.0007879983226723175,2,0.020449152081093075,6.760192320858198e-08,,3.30585458705085e-06,,0.020449152081093075,6.760192320858198e-08,6.760192320858198e-08,3.30585458705085e-06,302493.64382723777,5.480716253435567,1.3824020086666684e-09,1.0,1.0
33,response_tables/trial_00033_hard_negative_structure_obs-empirical_prior-axis_edge_parallel_rel0p5x.npz,axis_edge_parallel,0.5,1,quadratic,2,False,16,40,10,0.01,0.459576077088491,0.42091289264438614,0.31457495300628985,5,1.7286076089332603,0.008431228408865024,5.6951468984707964e-08,0.004877468064639617,3.294644122262845e-08,,,,,,,,,
33,response_tables/trial_00033_hard_negative_structure_obs-empirical_prior-axis_edge_parallel_rel0p5x.npz,axis_edge_parallel,0.5,1,cubic,3,False,16,40,10,0.01,0.4596822986201736,0.42075767099974204,0.3140952543256964,9,1.7289355566824751,0.02772605698264742,0.008414823962581724,0.016036489547273165,0.004867054720494209,,,,,,,,,
33,response_tables/trial_00033_hard_negative_structure_obs-empirical_prior-axis_edge_parallel_rel0p5x.npz,axis_edge_parallel,0.5,1,affine_linear,1,True,16,40,10,0.01,0.3797232599543644,0.24509423782822892,-0.07299364303913605,3,0.025821200033395015,0.005140000112073014,5.730228874754764e-08,0.1990612405862377,2.2191954159155103e-06,,,,,,,,,
33,response_tables/trial_00033_hard_negative_structure_obs-empirical_prior-axis_edge_parallel_rel0p5x.npz,axis_edge_parallel,0.5,1,affine_quadratic,2,True,16,40,10,0.01,0.5917425041106692,0.5265123981469464,0.3553834391156734,6,1.2634284645349676,0.008908326294417018,0.0021142607240909965,0.007050914669471153,0.0016734312890989015,,,,,,,,,
33,response_tables/trial_00033_hard_negative_structure_obs-empirical_prior-axis_edge_parallel_rel0p5x.npz,axis_edge_parallel,0.5,2,linear,1,False,16,40,10,0.01,0.005227226312115474,-0.011088737106961677,0.005334434461063325,2,0.026290573071043426,1.042133392779763e-08,,3.963905198885049e-07,,0.026290573071043426,1.042133392779763e-08,1.042133392779763e-08,3.963905198885049e-07,2522764.6722764107,6.401876740688636,2.7398284112650755e-10,1.0,1.0
33,response_tables/trial_00033_hard_negative_structure_obs-empirical_prior-axis_edge_parallel_rel0p5x.npz,axis_edge_parallel,0.5,2,quadratic,2,False,16,40,10,0.01,0.45407241128808673,0.4135489564272561,0.3117653222650053,5,1.4097996385473084,0.008229511975376922,2.6791091086855643e-09,0.005837362806999163,1.900347422025291e-09,,,,,,,,,
33,response_tables/trial_00033_hard_negative_structure_obs-empirical_prior-axis_edge_parallel_rel0p5x.npz,axis_edge_parallel,0.5,2,cubic,3,False,16,40,10,0.01,0.4545327742647357,0.41342656322692617,0.31108695516247364,9,1.4123778463773704,0.021707995867506987,0.007933386701883042,0.015369821838530077,0.0056170427214158785,,,,,,,,,
33,response_tables/trial_00033_hard_negative_structure_obs-empirical_prior-axis_edge_parallel_rel0p5x.npz,axis_edge_parallel,0.5,2,affine_linear,1,True,16,40,10,0.01,0.3453498012754548,0.20399094468562362,-0.231679300582416,3,0.02930637223641479,0.003788943563698995,2.3283848397504953e-09,0.12928736225465062,7.944978044253967e-08,,,,,,,,,
33,response_tables/trial_00033_hard_negative_structure_obs-empirical_prior-axis_edge_parallel_rel0p5x.npz,axis_edge_parallel,0.5,2,affine_quadratic,2,True,16,40,10,0.01,0.5653421098727127,0.5010385700352544,0.28225430474068025,6,1.059926539940755,0.008394043661260678,0.0014189246916154678,0.007919457948217683,0.0013387009742154199,,,,,,,,,
33,response_tables/trial_00033_hard_negative_structure_obs-empirical_prior-axis_edge_parallel_rel0p5x.npz,axis_edge_parallel,0.5,3,linear,1,False,16,40,10,0.01,0.0017739230435762643,-0.011735929081117646,-0.000530050074806776,2,0.015388024466114638,1.596722740186033e-08,,1.0376398501978685e-06,,0.015388024466114638,1.596722740186033e-08,1.596722740186033e-08,1.0376398501978685e-06,963725.515947859,5.983953357675033,2.4570408591584283e-10,1.0,1.0
33,response_tables/trial_00033_hard_negative_structure_obs-empirical_prior-axis_edge_parallel_rel0p5x.npz,axis_edge_parallel,0.5,3,quadratic,2,False,16,40,10,0.01,0.43948498096002153,0.3956162401240785,0.2878611005268225,5,1.4751701828816544,0.007209920581259459,1.1580445829700411e-08,0.004887517836874469,7.850243967837475e-09,,,,,,,,,
33,response_tables/trial_00033_hard_negative_structure_obs-empirical_prior-axis_edge_parallel_rel0p5x.npz,axis_edge_parallel,0.5,3,cubic,3,False,16,40,10,0.01,0.43961333017167914,0.39536800550758533,0.28758089555040556,9,1.4754318601981427,0.04115654725225197,0.007121468932443735,0.027894576742246074,0.004826701337117228,,,,,,,,,
33,response_tables/trial_00033_hard_negative_structure_obs-empirical_prior-axis_edge_parallel_rel0p5x.npz,axis_edge_parallel,0.5,3,affine_linear,1,True,16,40,10,0.01,0.31890476281103186,0.1705762985120146,-0.2739108056503007,3,0.019630108105144185,0.0047730012998318545,1.3306821571792566e-08,0.24314696965836177,6.778781604521798e-07,,,,,,,,,
33,response_tables/trial_00033_hard_negative_structure_obs-empirical_prior-axis_edge_parallel_rel0p5x.npz,axis_edge_parallel,0.5,3,affine_quadratic,2,True,16,40,10,0.01,0.5416517658515589,0.4628209122188608,0.22133941000717425,6,1.1256571498826777,0.0074038568404456405,0.0022340823730547005,0.006577364023510455,0.0019846916739146986,,,,,,,,,
33,response_tables/trial_00033_hard_negative_structure_obs-empirical_prior-axis_edge_orthogonal_rel0p5x.npz,axis_edge_orthogonal,0.5,0,linear,1,False,16,40,10,0.01,0.0016474300501395645,-0.001993330976508556,-0.002117262771226147,2,0.01886314945851126,9.227605446336046e-08,,4.891868914378161e-06,,0.01886314945851126,9.227605446336046e-08,9.227605446336046e-08,4.891868914378161e-06,204420.84967992586,5.310525189110196,1.7406170067840935e-09,1.0,1.0
33,response_tables/trial_00033_hard_negative_structure_obs-empirical_prior-axis_edge_orthogonal_rel0p5x.npz,axis_edge_orthogonal,0.5,0,quadratic,2,False,16,40,10,0.01,0.3675677150542356,0.3265664744133575,0.25293243591028214,5,1.697877760009436,0.0146820029534841,2.3497964508142567e-08,0.008647267370651293,1.383960910590641e-08,,,,,,,,,
33,response_tables/trial_00033_hard_negative_structure_obs-empirical_prior-axis_edge_orthogonal_rel0p5x.npz,axis_edge_orthogonal,0.5,0,cubic,3,False,16,40,10,0.01,0.3695095028766232,0.3278627036890265,0.25463854164393884,9,1.7139843442316451,0.07546147390329287,0.009092972829645806,0.04402693300977681,0.005305166794695582,,,,,,,,,
33,response_tables/trial_00033_hard_negative_structure_obs-empirical_prior-axis_edge_orthogonal_rel0p5x.npz,axis_edge_orthogonal,0.5,0,affine_linear,1,True,16,40,10,0.01,0.44193485290938095,0.3322699093360345,0.1581398306627289,3,0.024812263599622804,0.011182569597147557,1.4188426118934845e-08,0.45068719958776976,5.718311858959348e-07,,,,,,,,,
33,response_tables/trial_00033_hard_negative_structure_obs-empirical_prior-axis_edge_orthogonal_rel0p5x.npz,axis_edge_orthogonal,0.5,0,affine_quadratic,2,True,16,40,10,0.01,0.5873244751200339,0.5184267234177964,0.41923898680297167,6,1.1342220085421826,0.015245080068396375,0.0035243253918369076,0.013441001808800115,0.003107262392454127,,,,,,,,,
33,response_tables/trial_00033_hard_negative_structure_obs-empirical_prior-axis_edge_orthogonal_rel0p5x.npz,axis_edge_orthogonal,0.5,1,linear,1,False,16,40,10,0.01,0.008724054041284401,-0.0035102674282898594,0.013669193271719088,2,0.04484478640204456,5.64693227363533e-08,,1.2592171190223074e-06,,0.04484478640204456,5.64693227363533e-08,5.64693227363533e-08,1.2592171190223074e-06,794144.2225439477,5.8998993807232685,2.5323547163798823e-09,1.0,1.0
33,response_tables/trial_00033_hard_negative_structure_obs-empirical_prior-axis_edge_orthogonal_rel0p5x.npz,axis_edge_orthogonal,0.5,1,quadratic,2,False,16,40,10,0.01,0.42337904141096094,0.38917247731394233,0.28782002546469776,5,1.8628949628040268,0.010282775436270132,3.706211232294719e-08,0.005519782726124566,1.9894901786175508e-08,,,,,,,,,
33,response_tables/trial_00033_hard_negative_structure_obs-empirical_prior-axis_edge_orthogonal_rel0p5x.npz,axis_edge_orthogonal,0.5,1,cubic,3,False,16,40,10,0.01,0.4235011114995414,0.38890538369313277,0.28706238711925125,9,1.8634929550065187,0.024731646330300998,0.007978740325316544,0.01327166076150499,0.004281604770160579,,,,,,,,,
33,response_tables/trial_00033_hard_negative_structure_obs-empirical_prior-axis_edge_orthogonal_rel0p5x.npz,axis_edge_orthogonal,0.5,1,affine_linear,1,True,16,40,10,0.01,0.3624187989603993,0.245532676983932,-0.003997501603771492,3,0.048220979245036225,0.0039727461243038754,4.232343419349569e-08,0.0823862598085422,8.776975261831164e-07,,,,,,,,,
33,response_tables/trial_00033_hard_negative_structure_obs-empirical_prior-axis_edge_orthogonal_rel0p5x.npz,axis_edge_orthogonal,0.5,1,affine_quadratic,2,True,16,40,10,0.01,0.550160652863569,0.4933203918296496,0.34367619661332316,6,1.3456792857689475,0.010575020121485923,0.001978634826345775,0.007858499594458088,0.001470361361188037,,,,,,,,,
33,response_tables/trial_00033_hard_negative_structure_obs-empirical_prior-axis_edge_orthogonal_rel0p5x.npz,axis_edge_orthogonal,0.5,2,linear,1,False,16,40,10,0.01,0.010637472857561447,-0.007275963846159472,0.016381455888230062,2,0.046059219405949564,9.951608475144648e-09,,2.1606116220587053e-07,,0.046059219405949564,9.951608475144648e-09,9.951608475144648e-09,2.1606116220587053e-07,4628319.082386336,6.665423292142882,4.5836331819879453e-10,1.0,1.0
33,response_tables/trial_00033_hard_negative_structure_obs-empirical_prior-axis_edge_orthogonal_rel0p5x.npz,axis_edge_orthogonal,0.5,2,quadratic,2,False,16,40,10,0.01,0.4013367662253817,0.36870041913462126,0.2737090587579094,5,1.6155454799456412,0.014664892132687752,3.398794072121829e-09,0.009077362608932053,2.1038058750510626e-09,,,,,,,,,
33,response_tables/trial_00033_hard_negative_structure_obs-empirical_prior-axis_edge_orthogonal_rel0p5x.npz,axis_edge_orthogonal,0.5,2,cubic,3,False,16,40,10,0.01,0.40211639575581426,0.36835672901021377,0.2721168505228121,9,1.6215121794298255,0.01904577612106661,0.013754584218955854,0.011745687983523935,0.008482566084574459,,,,,,,,,
33,response_tables/trial_00033_hard_negative_structure_obs-empirical_prior-axis_edge_orthogonal_rel0p5x.npz,axis_edge_orthogonal,0.5,2,affine_linear,1,True,16,40,10,0.01,0.3333328298214975,0.21084025374753212,-0.03176991206134766,3,0.0484995325317935,0.005451181379377416,2.4945027182358328e-09,0.11239657569490871,5.14335414800252e-08,,,,,,,,,
33,response_tables/trial_00033_hard_negative_structure_obs-empirical_prior-axis_edge_orthogonal_rel0p5x.npz,axis_edge_orthogonal,0.5,2,affine_quadratic,2,True,16,40,10,0.01,0.5155037839164598,0.46129349542316744,0.30996326646454775,6,1.1848880453005295,0.01388703446809653,0.0018048753573659947,0.011720123705505263,0.0015232454783592779,,,,,,,,,
33,response_tables/trial_00033_hard_negative_structure_obs-empirical_prior-axis_edge_orthogonal_rel0p5x.npz,axis_edge_orthogonal,0.5,3,linear,1,False,16,40,10,0.01,0.006313218212887328,-0.0050539372346203315,0.014678547744273657,2,0.029777952930462852,8.720444995392241e-09,,2.9284904223457296e-07,,0.029777952930462852,8.720444995392241e-09,8.720444995392241e-09,2.9284904223457296e-07,3414728.599996571,6.533356191997709,2.596770006054805e-10,1.0,1.0
33,response_tables/trial_00033_hard_negative_structure_obs-empirical_prior-axis_edge_orthogonal_rel0p5x.npz,axis_edge_orthogonal,0.5,3,quadratic,2,False,16,40,10,0.01,0.43230180495850634,0.39090072845970925,0.28301477283603105,5,1.492834464320008,0.00910965872465488,8.574294405443465e-09,0.006102256440605667,5.743633745318902e-09,,,,,,,,,
33,response_tables/trial_00033_hard_negative_structure_obs-empirical_prior-axis_edge_orthogonal_rel0p5x.npz,axis_edge_orthogonal,0.5,3,cubic,3,False,16,40,10,0.01,0.4323591574924537,0.39066121531358555,0.2825843741679799,9,1.492785650805163,0.03356284795863667,0.006246559769027912,0.022483367213862147,0.004184498803065737,,,,,,,,,
33,response_tables/trial_00033_hard_negative_structure_obs-empirical_prior-axis_edge_orthogonal_rel0p5x.npz,axis_edge_orthogonal,0.5,3,affine_linear,1,True,16,40,10,0.01,0.3085339516539767,0.15178625344667074,-0.4617298491096087,3,0.03232037237631843,0.003731349116041919,8.425717853460848e-09,0.11544882814456459,2.6069371216881415e-07,,,,,,,,,
33,response_tables/trial_00033_hard_negative_structure_obs-empirical_prior-axis_edge_orthogonal_rel0p5x.npz,axis_edge_orthogonal,0.5,3,affine_quadratic,2,True,16,40,10,0.01,0.5258339557711955,0.44389038276755943,0.12315616853743841,6,1.1405736500134207,0.009157050747100182,0.0010307609114308368,0.00802846071973733,0.0009037214838504363,,,,,,,,,
34,response_tables/trial_00034_hard_negative_structure_obs-empirical_prior-axis_edge_parallel_rel1x.npz,axis_edge_parallel,1.0,0,linear,1,False,16,40,10,0.01,0.0012909860817102992,-0.0010793278964031927,-0.0021435619230744107,2,0.015874738914398133,1.0632169288417527e-07,,6.697539623013466e-06,,0.015874738914398133,1.0632169288417527e-07,1.0632169288417527e-07,6.697539623013466e-06,149308.56049942467,5.174084708402067,1.6878291154731043e-09,1.0,1.0
34,response_tables/trial_00034_hard_negative_structure_obs-empirical_prior-axis_edge_parallel_rel1x.npz,axis_edge_parallel,1.0,0,quadratic,2,False,16,40,10,0.01,0.35177214230564324,0.33708495695146257,0.3297791679747615,5,1.7160503585504632,0.01096678263802587,4.739773551501356e-08,0.006390711428357756,2.7620247435541534e-08,,,,,,,,,
34,response_tables/trial_00034_hard_negative_structure_obs-empirical_prior-axis_edge_parallel_rel1x.npz,axis_edge_parallel,1.0,0,cubic,3,False,16,40,10,0.01,0.3542201740040162,0.3382267698189907,0.3310607139230871,9,1.7461239596839457,0.1257834766521509,0.005979204318168758,0.072035823089512,0.0034242725351818744,,,,,,,,,
34,response_tables/trial_00034_hard_negative_structure_obs-empirical_prior-axis_edge_parallel_rel1x.npz,axis_edge_parallel,1.0,0,affine_linear,1,True,16,40,10,0.01,0.6517516958354299,0.6297569361149685,0.6010879919941229,3,0.03352316737031913,0.009722694711642334,4.3984221108207876e-08,0.2900291193919418,1.3120544554256766e-06,,,,,,,,,
34,response_tables/trial_00034_hard_negative_structure_obs-empirical_prior-axis_edge_parallel_rel1x.npz,axis_edge_parallel,1.0,0,affine_quadratic,2,True,16,40,10,0.01,0.6875649591495709,0.6675990499617512,0.6466282473017706,6,0.6317331103628411,0.01413172586381897,0.0056488489872628285,0.022369772348487953,0.00894182827304772,,,,,,,,,
34,response_tables/trial_00034_hard_negative_structure_obs-empirical_prior-axis_edge_parallel_rel1x.npz,axis_edge_parallel,1.0,1,linear,1,False,16,40,10,0.01,0.0011974191207665408,-0.0019223267836434577,-0.002258429049466215,2,0.01579657392662467,8.32720460426323e-08,,5.271525739026211e-06,,0.01579657392662467,8.32720460426323e-08,8.32720460426323e-08,5.271525739026211e-06,189698.40033157577,5.278063668631948,1.3154130313337344e-09,1.0,1.0
34,response_tables/trial_00034_hard_negative_structure_obs-empirical_prior-axis_edge_parallel_rel1x.npz,axis_edge_parallel,1.0,1,quadratic,2,False,16,40,10,0.01,0.3831993628893885,0.3602424997423719,0.3511442177559697,5,1.7868043175389148,0.013743106013826303,2.1177709970772284e-08,0.007691444373022113,1.1852282739019661e-08,,,,,,,,,
34,response_tables/trial_00034_hard_negative_structure_obs-empirical_prior-axis_edge_parallel_rel1x.npz,axis_edge_parallel,1.0,1,cubic,3,False,16,40,10,0.01,0.38330175079960727,0.35982217974801245,0.3507368862727369,9,1.787131668608607,0.06431175220542379,0.007919981194725503,0.03598601789396664,0.004431671898518647,,,,,,,,,
34,response_tables/trial_00034_hard_negative_structure_obs-empirical_prior-axis_edge_parallel_rel1x.npz,axis_edge_parallel,1.0,1,affine_linear,1,True,16,40,10,0.01,0.6705554177338471,0.6431738214321621,0.6057402631679055,3,0.03377565602391024,0.013050212431429746,2.4173355574272848e-08,0.386379243742633,7.157035101601048e-07,,,,,,,,,
34,response_tables/trial_00034_hard_negative_structure_obs-empirical_prior-axis_edge_parallel_rel1x.npz,axis_edge_parallel,1.0,1,affine_quadratic,2,True,16,40,10,0.01,0.7054506417104183,0.6767155116293242,0.6483895939095217,6,0.635336234715274,0.01520486893139915,0.006715003298878166,0.02393200340322666,0.010569211910111651,,,,,,,,,
34,response_tables/trial_00034_hard_negative_structure_obs-empirical_prior-axis_edge_parallel_rel1x.npz,axis_edge_parallel,1.0,2,linear,1,False,16,40,10,0.01,0.0038115786130415996,-0.0016159340023189639,-0.0007990039898611578,2,0.02415546234175264,9.114663641634326e-09,,3.77333437575304e-07,,0.02415546234175264,9.114663641634326e-09,9.114663641634326e-09,3.77333437575304e-07,2650175.946308578,6.423274707889389,2.2016891435323994e-10,1.0,1.0
34,response_tables/trial_00034_hard_negative_structure_obs-empirical_prior-axis_edge_parallel_rel1x.npz,axis_edge_parallel,1.0,2,quadratic,2,False,16,40,10,0.01,0.38577468731503894,0.35701452724897065,0.34660768076765386,5,1.4792169947143525,0.005157834967551116,6.5760472322360356e-09,0.0034868683810296073,4.445627149859725e-09,,,,,,,,,
34,response_tables/trial_00034_hard_negative_structure_obs-empirical_prior-axis_edge_parallel_rel1x.npz,axis_edge_parallel,1.0,2,cubic,3,False,16,40,10,0.01,0.38613946843632374,0.35670898008000573,0.34638311921684745,9,1.4803422975635727,0.055330996215083444,0.005129476249277756,0.037377163583145724,0.003465060923895862,,,,,,,,,
34,response_tables/trial_00034_hard_negative_structure_obs-empirical_prior-axis_edge_parallel_rel1x.npz,axis_edge_parallel,1.0,2,affine_linear,1,True,16,40,10,0.01,0.6115339480809507,0.5728653874218479,0.513876811913694,3,0.03570602416166076,0.004071936475757842,5.976058566055618e-09,0.1140406015892991,1.673683560790393e-07,,,,,,,,,
34,response_tables/trial_00034_hard_negative_structure_obs-empirical_prior-axis_edge_parallel_rel1x.npz,axis_edge_parallel,1.0,2,affine_quadratic,2,True,16,40,10,0.01,0.6561161930828794,0.6168539279350913,0.5696064954212026,6,0.5963363734222928,0.007052124250225739,0.00400068587328659,0.011825748964052894,0.006708773859168109,,,,,,,,,
34,response_tables/trial_00034_hard_negative_structure_obs-empirical_prior-axis_edge_parallel_rel1x.npz,axis_edge_parallel,1.0,3,linear,1,False,16,40,10,0.01,0.001477424529261362,-0.001230616731993761,-0.0017353355339858323,2,0.014720972888675275,1.7505149356164316e-08,,1.1891299229027782e-06,,0.014720972888675275,1.7505149356164316e-08,1.7505149356164316e-08,1.1891299229027782e-06,840951.001854285,5.924770692297049,2.576928290843063e-10,1.0,1.0
34,response_tables/trial_00034_hard_negative_structure_obs-empirical_prior-axis_edge_parallel_rel1x.npz,axis_edge_parallel,1.0,3,quadratic,2,False,16,40,10,0.01,0.3745847836721804,0.3462710253135505,0.3332649527151792,5,1.51730851883114,0.010562893588752474,1.7499691574927165e-08,0.006961599079987773,1.1533377264900661e-08,,,,,,,,,
34,response_tables/trial_00034_hard_negative_structure_obs-empirical_prior-axis_edge_parallel_rel1x.npz,axis_edge_parallel,1.0,3,cubic,3,False,16,40,10,0.01,0.3748391444924196,0.34546462698058367,0.33255647021175705,9,1.5173239390833706,0.09338159687184781,0.005182700742402436,0.06154361271612211,0.003415685081416005,,,,,,,,,
34,response_tables/trial_00034_hard_negative_structure_obs-empirical_prior-axis_edge_parallel_rel1x.npz,axis_edge_parallel,1.0,3,affine_linear,1,True,16,40,10,0.01,0.6299918355726026,0.5939141048477574,0.5318870902961941,3,0.028722788867691744,0.009660001396345713,1.749393897211415e-08,0.3363183652131905,6.090612945942676e-07,,,,,,,,,
34,response_tables/trial_00034_hard_negative_structure_obs-empirical_prior-axis_edge_parallel_rel1x.npz,axis_edge_parallel,1.0,3,affine_quadratic,2,True,16,40,10,0.01,0.6700122854605672,0.6323890116529518,0.583847784698402,6,0.5819191528227726,0.01144441332386922,0.006599329180834905,0.01966667236909917,0.011340628932426246,,,,,,,,,
34,response_tables/trial_00034_hard_negative_structure_obs-empirical_prior-axis_edge_orthogonal_rel1x.npz,axis_edge_orthogonal,1.0,0,linear,1,False,16,40,10,0.01,0.001455388809219249,-0.00037301106966003417,-0.001052619945705463,2,0.018521711713957046,6.932881480172658e-08,,3.7431105651797733e-06,,0.018521711713957046,6.932881480172658e-08,6.932881480172658e-08,3.7431105651797733e-06,267157.48375227925,5.426767344368806,1.284088321227898e-09,1.0,1.0
34,response_tables/trial_00034_hard_negative_structure_obs-empirical_prior-axis_edge_orthogonal_rel1x.npz,axis_edge_orthogonal,1.0,0,quadratic,2,False,16,40,10,0.01,0.3353089108701327,0.31887893146137936,0.3075651474389355,5,1.840451239526291,0.010352438159258716,4.926434432008663e-08,0.00562494563122645,2.6767535733664234e-08,,,,,,,,,
34,response_tables/trial_00034_hard_negative_structure_obs-empirical_prior-axis_edge_orthogonal_rel1x.npz,axis_edge_orthogonal,1.0,0,cubic,3,False,16,40,10,0.01,0.3374627018190379,0.31975324178054165,0.3084852280785132,9,1.8702541592824917,0.13105005741668088,0.006948681473418545,0.07007072101203464,0.003715367475019733,,,,,,,,,
34,response_tables/trial_00034_hard_negative_structure_obs-empirical_prior-axis_edge_orthogonal_rel1x.npz,axis_edge_orthogonal,1.0,0,affine_linear,1,True,16,40,10,0.01,0.7125427236920758,0.6954409993981292,0.6767853330274769,3,0.039126466215395464,0.009369173038372503,4.687689898507576e-08,0.23945870774002906,1.198086704968788e-06,,,,,,,,,
34,response_tables/trial_00034_hard_negative_structure_obs-empirical_prior-axis_edge_orthogonal_rel1x.npz,axis_edge_orthogonal,1.0,0,affine_quadratic,2,True,16,40,10,0.01,0.7351349225844583,0.7189595847590415,0.7039569988221615,6,0.5518223867218629,0.014619783247850444,0.008698560190154045,0.026493639257189665,0.015763333274368248,,,,,,,,,
34,response_tables/trial_00034_hard_negative_structure_obs-empirical_prior-axis_edge_orthogonal_rel1x.npz,axis_edge_orthogonal,1.0,1,linear,1,False,16,40,10,0.01,0.0024165920391578943,-0.0016653637153547507,-0.00245477712732059,2,0.024912843938419464,6.975930163824723e-08,,2.800134011623923e-06,,0.024912843938419464,6.975930163824723e-08,6.975930163824723e-08,2.800134011623923e-06,357125.76464154845,5.552821183259192,1.7379025949667825e-09,1.0,1.0
34,response_tables/trial_00034_hard_negative_structure_obs-empirical_prior-axis_edge_orthogonal_rel1x.npz,axis_edge_orthogonal,1.0,1,quadratic,2,False,16,40,10,0.01,0.3729703468391745,0.35273624406862836,0.34708358804896733,5,1.9538010675778963,0.01863927793327278,2.3610544232681875e-08,0.009540008060482672,1.208441566773816e-08,,,,,,,,,
34,response_tables/trial_00034_hard_negative_structure_obs-empirical_prior-axis_edge_orthogonal_rel1x.npz,axis_edge_orthogonal,1.0,1,cubic,3,False,16,40,10,0.01,0.373131907931618,0.3522547983266435,0.34664588621717213,9,1.953872996993353,0.09880225147979779,0.0057683937418873945,0.05056738673999593,0.0029522869453459254,,,,,,,,,
34,response_tables/trial_00034_hard_negative_structure_obs-empirical_prior-axis_edge_orthogonal_rel1x.npz,axis_edge_orthogonal,1.0,1,affine_linear,1,True,16,40,10,0.01,0.6673136183782781,0.6441498507545214,0.6162143221589665,3,0.040896799287325335,0.015738446448911862,2.5134309486006635e-08,0.3848332075656956,6.145788893996948e-07,,,,,,,,,
34,response_tables/trial_00034_hard_negative_structure_obs-empirical_prior-axis_edge_orthogonal_rel1x.npz,axis_edge_orthogonal,1.0,1,affine_quadratic,2,True,16,40,10,0.01,0.699135195019275,0.6753551046710591,0.6556309169560889,6,0.6737473869500472,0.022616004351443845,0.006128791407389168,0.03356748358434915,0.009096571691555321,,,,,,,,,
34,response_tables/trial_00034_hard_negative_structure_obs-empirical_prior-axis_edge_orthogonal_rel1x.npz,axis_edge_orthogonal,1.0,2,linear,1,False,16,40,10,0.01,0.0037975748933362086,-0.002254254505229758,-0.0010595452532392302,2,0.02862553990471574,1.560728585766854e-08,,5.452224101141727e-07,,0.02862553990471574,1.560728585766854e-08,1.560728585766854e-08,5.452224101141727e-07,1834113.8981990747,6.263426301793888,4.4676698412299645e-10,1.0,1.0
34,response_tables/trial_00034_hard_negative_structure_obs-empirical_prior-axis_edge_orthogonal_rel1x.npz,axis_edge_orthogonal,1.0,2,quadratic,2,False,16,40,10,0.01,0.3628794560224602,0.3380596178732338,0.3269463202081663,5,1.7027871442752947,0.012900716910465316,5.556629318088854e-09,0.007576235793086078,3.263255385013934e-09,,,,,,,,,
34,response_tables/trial_00034_hard_negative_structure_obs-empirical_prior-axis_edge_orthogonal_rel1x.npz,axis_edge_orthogonal,1.0,2,cubic,3,False,16,40,10,0.01,0.3631446126994309,0.33759844041754583,0.3265801695562932,9,1.7036570862850395,0.04730165712833477,0.008102170638832338,0.027764775851389093,0.004755752025485228,,,,,,,,,
34,response_tables/trial_00034_hard_negative_structure_obs-empirical_prior-axis_edge_orthogonal_rel1x.npz,axis_edge_orthogonal,1.0,2,affine_linear,1,True,16,40,10,0.01,0.6270348222282838,0.5996654322658941,0.5666791138119235,3,0.04185185511007059,0.009554638226822008,4.224566694529735e-09,0.22829664782345396,1.0094096625870235e-07,,,,,,,,,
34,response_tables/trial_00034_hard_negative_structure_obs-empirical_prior-axis_edge_orthogonal_rel1x.npz,axis_edge_orthogonal,1.0,2,affine_quadratic,2,True,16,40,10,0.01,0.6608555296788325,0.6339889063368565,0.6069621603293467,6,0.6167982380497277,0.016560226332040393,0.006880705886478371,0.02684869266877716,0.01115552130666695,,,,,,,,,
34,response_tables/trial_00034_hard_negative_structure_obs-empirical_prior-axis_edge_orthogonal_rel1x.npz,axis_edge_orthogonal,1.0,3,linear,1,False,16,40,10,0.01,0.0034981902843356227,-0.0011568080701092054,-0.002342077828834055,2,0.023269459695569403,7.9425182162711e-09,,3.413280033220276e-07,,0.023269459695569403,7.9425182162711e-09,7.9425182162711e-09,3.413280033220276e-07,2929733.2485683723,6.466828079757307,1.8481810751484614e-10,1.0,1.0
34,response_tables/trial_00034_hard_negative_structure_obs-empirical_prior-axis_edge_orthogonal_rel1x.npz,axis_edge_orthogonal,1.0,3,quadratic,2,False,16,40,10,0.01,0.3946040207888599,0.3702542441197584,0.36179414122246034,5,1.5959402413412591,0.015157845930283263,7.889845945885327e-09,0.009497752821587052,4.943697603147439e-09,,,,,,,,,
34,response_tables/trial_00034_hard_negative_structure_obs-empirical_prior-axis_edge_orthogonal_rel1x.npz,axis_edge_orthogonal,1.0,3,cubic,3,False,16,40,10,0.01,0.39494178449596284,0.369586552509489,0.3612185016556297,9,1.596366451873579,0.10509914534704154,0.006416788091465056,0.06583647834974965,0.0040196209861050256,,,,,,,,,
34,response_tables/trial_00034_hard_negative_structure_obs-empirical_prior-axis_edge_orthogonal_rel1x.npz,axis_edge_orthogonal,1.0,3,affine_linear,1,True,16,40,10,0.01,0.6487786751795901,0.6149162902355754,0.5611817839664348,3,0.034069388369292665,0.011869123675770922,7.909906232225497e-09,0.3483808851252748,2.321704794487838e-07,,,,,,,,,
34,response_tables/trial_00034_hard_negative_structure_obs-empirical_prior-axis_edge_orthogonal_rel1x.npz,axis_edge_orthogonal,1.0,3,affine_quadratic,2,True,16,40,10,0.01,0.6919860416311973,0.6584540775748717,0.6188077343385006,6,0.6212955658218983,0.016972128339825657,0.004120853393182444,0.02731731767210281,0.006632677939252725,,,,,,,,,
35,response_tables/trial_00035_hard_negative_structure_obs-empirical_prior-axis_edge_parallel_rel2x.npz,axis_edge_parallel,2.0,0,linear,1,False,16,40,10,0.01,0.007809887345814337,0.004647454141598728,0.004826688531342743,2,0.03874849700872141,7.59373446692279e-08,,1.9597494233682436e-06,,0.03874849700872141,7.59373446692279e-08,7.59373446692279e-08,1.9597494233682436e-06,510269.31712590513,5.707799454666675,2.942457972765824e-09,1.0,1.0
35,response_tables/trial_00035_hard_negative_structure_obs-empirical_prior-axis_edge_parallel_rel2x.npz,axis_edge_parallel,2.0,0,quadratic,2,False,16,40,10,0.01,0.41014691739405507,0.3952001878793975,0.39657161812906483,5,2.0690547832171027,0.01371774635921875,4.665609388578126e-08,0.006629958022614314,2.2549472476140672e-08,,,,,,,,,
35,response_tables/trial_00035_hard_negative_structure_obs-empirical_prior-axis_edge_parallel_rel2x.npz,axis_edge_parallel,2.0,0,cubic,3,False,16,40,10,0.01,0.4104625630727332,0.3953753769272704,0.39674716945695376,9,2.072966924097648,0.02889907041989411,0.011111176566225052,0.01394092210731907,0.005360035626743872,,,,,,,,,
35,response_tables/trial_00035_hard_negative_structure_obs-empirical_prior-axis_edge_parallel_rel2x.npz,axis_edge_parallel,2.0,0,affine_linear,1,True,16,40,10,0.01,0.8108931431948043,0.8067915498309038,0.8075934799350233,3,0.05082321955883542,0.009365119607823404,5.343766439158138e-08,0.18426852311042374,1.051441936489666e-06,,,,,,,,,
35,response_tables/trial_00035_hard_negative_structure_obs-empirical_prior-axis_edge_parallel_rel2x.npz,axis_edge_parallel,2.0,0,affine_quadratic,2,True,16,40,10,0.01,0.8198266167032116,0.8127831809753218,0.8136747244320854,6,0.37469939402932173,0.02060627412629118,0.008851696818439888,0.0549941485218379,0.02362346179227396,,,,,,,,,
35,response_tables/trial_00035_hard_negative_structure_obs-empirical_prior-axis_edge_parallel_rel2x.npz,axis_edge_parallel,2.0,1,linear,1,False,16,40,10,0.01,0.005777852689587415,0.0045107748500995415,0.004634757208015955,2,0.038255050566792674,3.42833154522171e-08,,8.961774966774389e-07,,0.038255050566792674,3.42833154522171e-08,3.42833154522171e-08,8.961774966774389e-07,1115850.3797601268,6.047605965568606,1.31150996622187e-09,1.0,1.0
35,response_tables/trial_00035_hard_negative_structure_obs-empirical_prior-axis_edge_parallel_rel2x.npz,axis_edge_parallel,2.0,1,quadratic,2,False,16,40,10,0.01,0.41511725319903137,0.40397092331474216,0.4047972284243962,5,2.2350595574563448,0.011261958968666504,7.795565715966397e-09,0.005038773544577669,3.4878559231049304e-09,,,,,,,,,
35,response_tables/trial_00035_hard_negative_structure_obs-empirical_prior-axis_edge_parallel_rel2x.npz,axis_edge_parallel,2.0,1,cubic,3,False,16,40,10,0.01,0.41521057520329374,0.40391236064907676,0.404740451646209,9,2.235070581999201,0.07444125857336405,0.010791420464610098,0.033305999001954856,0.004828223569994603,,,,,,,,,
35,response_tables/trial_00035_hard_negative_structure_obs-empirical_prior-axis_edge_parallel_rel2x.npz,axis_edge_parallel,2.0,1,affine_linear,1,True,16,40,10,0.01,0.8422851929008263,0.840125540420108,0.8398364102712456,3,0.05471144534317365,0.008643150555325033,1.0086279816915301e-08,0.15797701013218507,1.8435411007056802e-07,,,,,,,,,
35,response_tables/trial_00035_hard_negative_structure_obs-empirical_prior-axis_edge_parallel_rel2x.npz,axis_edge_parallel,2.0,1,affine_quadratic,2,True,16,40,10,0.01,0.8482023896538874,0.844145698312573,0.8438874533195395,6,0.3321528413848158,0.015470586206385336,0.008577648040628987,0.04657670890872158,0.02582440061288336,,,,,,,,,
35,response_tables/trial_00035_hard_negative_structure_obs-empirical_prior-axis_edge_parallel_rel2x.npz,axis_edge_parallel,2.0,2,linear,1,False,16,40,10,0.01,0.001164461079107948,-0.0025665175228823944,-0.002395276141679531,2,0.013643877982494298,4.958259603781961e-09,,3.6340544895986525e-07,,0.013643877982494298,4.958259603781961e-09,4.958259603781961e-09,3.6340544895986525e-07,2751747.401868046,6.439608565097715,6.764988903953161e-11,1.0,1.0
35,response_tables/trial_00035_hard_negative_structure_obs-empirical_prior-axis_edge_parallel_rel2x.npz,axis_edge_parallel,2.0,2,quadratic,2,False,16,40,10,0.01,0.4445817333518157,0.4367664043210727,0.43600684816042806,5,1.8284175607019897,0.0045493206987472215,4.8603282511293395e-09,0.002488119123621077,2.6582156918594127e-09,,,,,,,,,
35,response_tables/trial_00035_hard_negative_structure_obs-empirical_prior-axis_edge_parallel_rel2x.npz,axis_edge_parallel,2.0,2,cubic,3,False,16,40,10,0.01,0.4447106291759969,0.4367983035143349,0.43603883339312965,9,1.8300976840406553,0.018921647870705664,0.002647843759710369,0.010339146394048615,0.0014468319274981102,,,,,,,,,
35,response_tables/trial_00035_hard_negative_structure_obs-empirical_prior-axis_edge_parallel_rel2x.npz,axis_edge_parallel,2.0,2,affine_linear,1,True,16,40,10,0.01,0.7851344322982752,0.7790306771769386,0.7774079149926088,3,0.03343147253130211,0.0042003687418522735,4.917312286338445e-09,0.12564115259713554,1.4708632058412424e-07,,,,,,,,,
35,response_tables/trial_00035_hard_negative_structure_obs-empirical_prior-axis_edge_parallel_rel2x.npz,axis_edge_parallel,2.0,2,affine_quadratic,2,True,16,40,10,0.01,0.7979986171269047,0.7921019351940373,0.7904725798163456,6,0.38817953182491793,0.007887411467841044,0.004128304053880679,0.02031897825926209,0.01063503795388852,,,,,,,,,
35,response_tables/trial_00035_hard_negative_structure_obs-empirical_prior-axis_edge_parallel_rel2x.npz,axis_edge_parallel,2.0,3,linear,1,False,16,40,10,0.01,0.004894228091195885,0.003986070893232552,0.003913063753379908,2,0.028900627936050145,9.810092696889974e-08,,3.3944219892374844e-06,,0.028900627936050145,9.810092696889974e-08,9.810092696889974e-08,3.3944219892374844e-06,294600.96687172295,5.469234167850688,2.835178390509799e-09,1.0,1.0
35,response_tables/trial_00035_hard_negative_structure_obs-empirical_prior-axis_edge_parallel_rel2x.npz,axis_edge_parallel,2.0,3,quadratic,2,False,16,40,10,0.01,0.40804354661687314,0.3980113797942324,0.3999040169198618,5,1.867773491893147,0.014329291195318231,3.843155023634706e-08,0.0076718570305836595,2.0576130030303312e-08,,,,,,,,,
35,response_tables/trial_00035_hard_negative_structure_obs-empirical_prior-axis_edge_parallel_rel2x.npz,axis_edge_parallel,2.0,3,cubic,3,False,16,40,10,0.01,0.4081956192079018,0.39802389201410526,0.39991501215034414,9,1.8677782857480418,0.07890644898453301,0.00923171184822455,0.0422461539394817,0.0049426165400179,,,,,,,,,
35,response_tables/trial_00035_hard_negative_structure_obs-empirical_prior-axis_edge_parallel_rel2x.npz,axis_edge_parallel,2.0,3,affine_linear,1,True,16,40,10,0.01,0.814381173486927,0.8115534908517206,0.80954114066771,3,0.04184662629462237,0.011416303146641237,3.937080911165876e-08,0.2728129877487477,9.408359191125098e-07,,,,,,,,,
35,response_tables/trial_00035_hard_negative_structure_obs-empirical_prior-axis_edge_parallel_rel2x.npz,axis_edge_parallel,2.0,3,affine_quadratic,2,True,16,40,10,0.01,0.8216062444329348,0.815623289542482,0.8138995876708478,6,0.30648524453414105,0.011891700945220247,0.008561816849171892,0.03880023967645061,0.027935494454833846,,,,,,,,,
35,response_tables/trial_00035_hard_negative_structure_obs-empirical_prior-axis_edge_orthogonal_rel2x.npz,axis_edge_orthogonal,2.0,0,linear,1,False,16,40,10,0.01,0.0070733203361558195,0.004760797218867241,0.004389785125969575,2,0.04348149383058303,7.928958229397792e-08,,1.8235247989159244e-06,,0.04348149383058303,7.928958229397792e-08,7.928958229397792e-08,1.8235247989159244e-06,548388.4839923726,5.73908832614833,3.447629483345106e-09,1.0,1.0
35,response_tables/trial_00035_hard_negative_structure_obs-empirical_prior-axis_edge_orthogonal_rel2x.npz,axis_edge_orthogonal,2.0,0,quadratic,2,False,16,40,10,0.01,0.41230279445927076,0.4009892247135681,0.40343863390854123,5,2.44840389342123,0.012641076692742342,5.402511328374415e-08,0.005162986681530953,2.206544166544891e-08,,,,,,,,,
35,response_tables/trial_00035_hard_negative_structure_obs-empirical_prior-axis_edge_orthogonal_rel2x.npz,axis_edge_orthogonal,2.0,0,cubic,3,False,16,40,10,0.01,0.4125938660672338,0.4011619111237381,0.40360833753945613,9,2.4527918896753036,0.021945865475306508,0.011220796916457308,0.008947300244951342,0.004574704019403251,,,,,,,,,
35,response_tables/trial_00035_hard_negative_structure_obs-empirical_prior-axis_edge_orthogonal_rel2x.npz,axis_edge_orthogonal,2.0,0,affine_linear,1,True,16,40,10,0.01,0.8514539014539745,0.8481285928743505,0.8470832545175561,3,0.05930651316687522,0.009090733487978932,5.678478946494854e-08,0.15328389754426547,9.574798185347516e-07,,,,,,,,,
35,response_tables/trial_00035_hard_negative_structure_obs-empirical_prior-axis_edge_orthogonal_rel2x.npz,axis_edge_orthogonal,2.0,0,affine_quadratic,2,True,16,40,10,0.01,0.8570458176830783,0.8522554058843257,0.8514080797273879,6,0.351558121260164,0.014561287834940973,0.008881871092130404,0.041419290166718026,0.025264303553259523,,,,,,,,,
35,response_tables/trial_00035_hard_negative_structure_obs-empirical_prior-axis_edge_orthogonal_rel2x.npz,axis_edge_orthogonal,2.0,1,linear,1,False,16,40,10,0.01,0.008296102567921015,0.006572360863967286,0.007103907044055363,2,0.04827991024353595,4.74556153743391e-08,,9.829267522445899e-07,,0.04827991024353595,4.74556153743391e-08,4.74556153743391e-08,9.829267522445899e-07,1017369.8067698554,6.007478844610631,2.2911528508248566e-09,1.0,1.0
35,response_tables/trial_00035_hard_negative_structure_obs-empirical_prior-axis_edge_orthogonal_rel2x.npz,axis_edge_orthogonal,2.0,1,quadratic,2,False,16,40,10,0.01,0.38420783625382515,0.36804717980452073,0.3670162239789806,5,2.256008831118177,0.01740553690880337,5.997568159217497e-09,0.007715190059861788,2.6584861178246536e-09,,,,,,,,,
35,response_tables/trial_00035_hard_negative_structure_obs-empirical_prior-axis_edge_orthogonal_rel2x.npz,axis_edge_orthogonal,2.0,1,cubic,3,False,16,40,10,0.01,0.38429557408574455,0.36802715938394936,0.366999882471991,9,2.256016101295808,0.07626896164394621,0.015817763094752475,0.03380692256590675,0.007011369770662136,,,,,,,,,
35,response_tables/trial_00035_hard_negative_structure_obs-empirical_prior-axis_edge_orthogonal_rel2x.npz,axis_edge_orthogonal,2.0,1,affine_linear,1,True,16,40,10,0.01,0.8239585089934532,0.820394572006805,0.8205996817395133,3,0.06279893127475142,0.011084371535844965,9.17579875900507e-09,0.1765057352226229,1.4611393176199226e-07,,,,,,,,,
35,response_tables/trial_00035_hard_negative_structure_obs-empirical_prior-axis_edge_orthogonal_rel2x.npz,axis_edge_orthogonal,2.0,1,affine_quadratic,2,True,16,40,10,0.01,0.8273119631414497,0.8209030842271079,0.8208687044013879,6,0.2645096961160946,0.04031251541725956,0.009323862888751986,0.15240467933381996,0.03524960720025816,,,,,,,,,
35,response_tables/trial_00035_hard_negative_structure_obs-empirical_prior-axis_edge_orthogonal_rel2x.npz,axis_edge_orthogonal,2.0,2,linear,1,False,16,40,10,0.01,0.0015071815484209994,-0.002654674402632784,-0.0026802863047568626,2,0.018553404870922198,4.992290651245975e-09,,2.690767913478855e-07,,0.018553404870922198,4.992290651245975e-09,4.992290651245975e-09,2.690767913478855e-07,3716411.196189397,6.570123759777017,9.262398968588642e-11,1.0,1.0
35,response_tables/trial_00035_hard_negative_structure_obs-empirical_prior-axis_edge_orthogonal_rel2x.npz,axis_edge_orthogonal,2.0,2,quadratic,2,False,16,40,10,0.01,0.3962205417502137,0.376900175489419,0.373159947259718,5,2.0619154369733366,0.012969631307087007,4.684893360724964e-09,0.006290088853558897,2.272107418528215e-09,,,,,,,,,
35,response_tables/trial_00035_hard_negative_structure_obs-empirical_prior-axis_edge_orthogonal_rel2x.npz,axis_edge_orthogonal,2.0,2,cubic,3,False,16,40,10,0.01,0.39633049718866376,0.3768668139497363,0.3731090807595807,9,2.0637097342797723,0.02559418498798945,0.006061040737531355,0.012402027553996945,0.0029369637778282986,,,,,,,,,
35,response_tables/trial_00035_hard_negative_structure_obs-empirical_prior-axis_edge_orthogonal_rel2x.npz,axis_edge_orthogonal,2.0,2,affine_linear,1,True,16,40,10,0.01,0.7783376130163752,0.7705391395101309,0.7690483123736527,3,0.039344874825529876,0.011827139908809065,4.612913174773268e-09,0.3006017927685651,1.1724305122912902e-07,,,,,,,,,
35,response_tables/trial_00035_hard_negative_structure_obs-empirical_prior-axis_edge_orthogonal_rel2x.npz,axis_edge_orthogonal,2.0,2,affine_quadratic,2,True,16,40,10,0.01,0.7833749474687851,0.7727400711261398,0.7705316154153131,6,0.2912856507312126,0.021047415397195672,0.007985744263292805,0.07225695925755517,0.027415508602110127,,,,,,,,,
35,response_tables/trial_00035_hard_negative_structure_obs-empirical_prior-axis_edge_orthogonal_rel2x.npz,axis_edge_orthogonal,2.0,3,linear,1,False,16,40,10,0.01,0.015488843035569633,0.013769483372955471,0.014034165974744023,2,0.048958309591964344,8.565528418823162e-08,,1.749555589278157e-06,,0.048958309591964344,8.565528418823162e-08,8.565528418823162e-08,1.749555589278157e-06,571573.7219945018,5.757072253962319,4.1935379214751325e-09,1.0,1.0
35,response_tables/trial_00035_hard_negative_structure_obs-empirical_prior-axis_edge_orthogonal_rel2x.npz,axis_edge_orthogonal,2.0,3,quadratic,2,False,16,40,10,0.01,0.41087506546255637,0.39597586116857053,0.3963663468947478,5,1.761764963706324,0.02412617136230978,2.3732624763412747e-08,0.01369431896951464,1.3470936959425673e-08,,,,,,,,,
35,response_tables/trial_00035_hard_negative_structure_obs-empirical_prior-axis_edge_orthogonal_rel2x.npz,axis_edge_orthogonal,2.0,3,cubic,3,False,16,40,10,0.01,0.4110367909349868,0.39602750060175895,0.39641832161194834,9,1.7617646512268001,0.07950835903884261,0.014060092935153123,0.045129954777715156,0.007980687389409484,,,,,,,,,
35,response_tables/trial_00035_hard_negative_structure_obs-empirical_prior-axis_edge_orthogonal_rel2x.npz,axis_edge_orthogonal,2.0,3,affine_linear,1,True,16,40,10,0.01,0.8216098814084772,0.8184800821803196,0.8187350772183056,3,0.05635407895144054,0.012879796719458051,2.6027217761920604e-08,0.2285512771942627,4.6185153313121956e-07,,,,,,,,,
35,response_tables/trial_00035_hard_negative_structure_obs-empirical_prior-axis_edge_orthogonal_rel2x.npz,axis_edge_orthogonal,2.0,3,affine_quadratic,2,True,16,40,10,0.01,0.8279548274875886,0.8206515899460705,0.820931701376936,6,0.2752749801100729,0.031569155518659915,0.006967420197027373,0.11468225519818949,0.025310764509877882,,,,,,,,,
36,response_tables/trial_00036_hard_negative_structure_obs-empirical_prior-axis_edge_parallel_rel0p5x.npz,axis_edge_parallel,0.5,0,linear,1,False,16,40,10,0.01,0.0017054529185855927,-0.0022351149382693336,-0.00203179511166543,2,0.018829856362659013,5.267566002065329e-09,,2.7974541603574304e-07,,0.018829856362659013,5.267566002065329e-09,5.267566002065329e-09,2.7974541603574304e-07,3574678.7710445635,6.553237021177424,9.918751119971613e-11,1.0,1.0
36,response_tables/trial_00036_hard_negative_structure_obs-empirical_prior-axis_edge_parallel_rel0p5x.npz,axis_edge_parallel,0.5,0,quadratic,2,False,16,40,10,0.01,0.26719073644270774,0.08404632838960713,-0.029315574175033526,5,1.3220807404010828,0.008150723060542805,5.340680179761486e-09,0.006165072080295263,4.039602133634646e-09,,,,,,,,,
36,response_tables/trial_00036_hard_negative_structure_obs-empirical_prior-axis_edge_parallel_rel0p5x.npz,axis_edge_parallel,0.5,0,cubic,3,False,16,40,10,0.01,0.28405087492986014,0.09069295511775433,-0.02554992560936889,9,1.476078037539601,0.04822330773165106,0.007676394094380997,0.0326698904158428,0.005200534049796165,,,,,,,,,
36,response_tables/trial_00036_hard_negative_structure_obs-empirical_prior-axis_edge_parallel_rel0p5x.npz,axis_edge_parallel,0.5,0,affine_linear,1,True,16,40,10,0.01,0.5427187627225225,0.4872759044191307,0.39272231818815173,3,0.026834292297785868,0.0063256180254737055,4.977305539362947e-09,0.2357288932861345,1.8548301867359592e-07,,,,,,,,,
36,response_tables/trial_00036_hard_negative_structure_obs-empirical_prior-axis_edge_parallel_rel0p5x.npz,axis_edge_parallel,0.5,0,affine_quadratic,2,True,16,40,10,0.01,0.6086310238429001,0.5119197793765948,0.4139852085878245,6,0.6980553739534464,0.008345774774930873,0.0043351814312314165,0.011955748908090858,0.006210368966403132,,,,,,,,,
36,response_tables/trial_00036_hard_negative_structure_obs-empirical_prior-axis_edge_parallel_rel0p5x.npz,axis_edge_parallel,0.5,1,linear,1,False,16,40,10,0.01,0.0007861881697147632,-0.0015855637894961472,-0.0014770272380098814,2,0.013430199948614179,2.2708570846443274e-08,,1.6908587313166922e-06,,0.013430199948614179,2.2708570846443274e-08,2.2708570846443274e-08,1.6908587313166922e-06,591415.4633257197,5.771892675532062,3.049806470150039e-10,1.0,1.0
36,response_tables/trial_00036_hard_negative_structure_obs-empirical_prior-axis_edge_parallel_rel0p5x.npz,axis_edge_parallel,0.5,1,quadratic,2,False,16,40,10,0.01,0.37682751868410147,0.3208310630483656,0.26886446858587915,5,1.8936186742847547,0.00780093783969353,6.385912892919967e-09,0.004119592791109355,3.3723330782698435e-09,,,,,,,,,
36,response_tables/trial_00036_hard_negative_structure_obs-empirical_prior-axis_edge_parallel_rel0p5x.npz,axis_edge_parallel,0.5,1,cubic,3,False,16,40,10,0.01,0.37764995651445554,0.32092675318268227,0.2691468938439225,9,1.9020436449273397,0.02239907383443673,0.00701825002396914,0.011776319588761278,0.0036898469930942337,,,,,,,,,
36,response_tables/trial_00036_hard_negative_structure_obs-empirical_prior-axis_edge_parallel_rel0p5x.npz,axis_edge_parallel,0.5,1,affine_linear,1,True,16,40,10,0.01,0.5998203702637264,0.5578303496967221,0.49802939924776507,3,0.025005190502878052,0.007114625057894257,5.883589545139592e-09,0.2845259290096341,2.3529472988667701e-07,,,,,,,,,
36,response_tables/trial_00036_hard_negative_structure_obs-empirical_prior-axis_edge_parallel_rel0p5x.npz,axis_edge_parallel,0.5,1,affine_quadratic,2,True,16,40,10,0.01,0.68386591962593,0.6468374999980888,0.6030214779479782,6,0.9669798829701669,0.007664111313971628,0.0036638152457390025,0.007925822914154751,0.0037889260265531687,,,,,,,,,
36,response_tables/trial_00036_hard_negative_structure_obs-empirical_prior-axis_edge_parallel_rel0p5x.npz,axis_edge_parallel,0.5,2,linear,1,False,16,40,10,0.01,0.001031689306184913,-0.002345386405854022,-0.0028070556445195516,2,0.012889492120052956,1.2533528322651979e-08,,9.723834116902726e-07,,0.012889492120052956,1.2533528322651979e-08,1.2533528322651979e-08,9.723834116902726e-07,1028400.9249620188,6.012162458583153,1.6155081455128322e-10,1.0,1.0
36,response_tables/trial_00036_hard_negative_structure_obs-empirical_prior-axis_edge_parallel_rel0p5x.npz,axis_edge_parallel,0.5,2,quadratic,2,False,16,40,10,0.01,0.41282870152548923,0.3512866388223542,0.2922817355500438,5,1.6558931946526259,0.01156032199027942,3.1095129835111927e-09,0.006981321034237688,1.8778463451342996e-09,,,,,,,,,
36,response_tables/trial_00036_hard_negative_structure_obs-empirical_prior-axis_edge_parallel_rel0p5x.npz,axis_edge_parallel,0.5,2,cubic,3,False,16,40,10,0.01,0.4138921066574317,0.35131980537936514,0.29261906191940756,9,1.6645617601396752,0.019861769794235148,0.010318302714151068,0.01193213148941288,0.006198810378345618,,,,,,,,,
36,response_tables/trial_00036_hard_negative_structure_obs-empirical_prior-axis_edge_parallel_rel0p5x.npz,axis_edge_parallel,0.5,2,affine_linear,1,True,16,40,10,0.01,0.4685922590986137,0.4041779833988326,0.2431404686118296,3,0.018080803269656835,0.010521059263207334,3.093592058126158e-09,0.5818911420193235,1.7109815377051404e-07,,,,,,,,,
36,response_tables/trial_00036_hard_negative_structure_obs-empirical_prior-axis_edge_parallel_rel0p5x.npz,axis_edge_parallel,0.5,2,affine_quadratic,2,True,16,40,10,0.01,0.6037067917102659,0.5477763018452536,0.44287187748710244,6,1.0250961581301712,0.011599978817312393,0.0024646450309922085,0.011315990919789768,0.002404306182834447,,,,,,,,,
36,response_tables/trial_00036_hard_negative_structure_obs-empirical_prior-axis_edge_parallel_rel0p5x.npz,axis_edge_parallel,0.5,3,linear,1,False,16,40,10,0.01,0.0030912973073660144,0.00021892858420069494,0.0010150675163012324,2,0.024692756207610602,1.4831815435349075e-08,,6.006545122240235e-07,,0.024692756207610602,1.4831815435349075e-08,1.4831815435349075e-08,6.006545122240235e-07,1664850.558264073,6.221375256080132,3.662384026613506e-10,1.0,1.0
36,response_tables/trial_00036_hard_negative_structure_obs-empirical_prior-axis_edge_parallel_rel0p5x.npz,axis_edge_parallel,0.5,3,quadratic,2,False,16,40,10,0.01,0.3645097799832867,0.31539391393808525,0.2711425996286628,5,1.7416867740782178,0.007486776204474458,5.840021109639772e-09,0.0042985778590624085,3.3530834571162113e-09,,,,,,,,,
36,response_tables/trial_00036_hard_negative_structure_obs-empirical_prior-axis_edge_parallel_rel0p5x.npz,axis_edge_parallel,0.5,3,cubic,3,False,16,40,10,0.01,0.36490125689060804,0.31525160427541066,0.2711511030935028,9,1.7456295029032738,0.014015603373439994,0.0071198036102169135,0.008028967974091698,0.004078645324437682,,,,,,,,,
36,response_tables/trial_00036_hard_negative_structure_obs-empirical_prior-axis_edge_parallel_rel0p5x.npz,axis_edge_parallel,0.5,3,affine_linear,1,True,16,40,10,0.01,0.644111416169133,0.6129218418530143,0.5866381815958712,3,0.03211445849972216,0.005852530796544875,4.699897443195203e-09,0.18223974714054447,1.4634833227020986e-07,,,,,,,,,
36,response_tables/trial_00036_hard_negative_structure_obs-empirical_prior-axis_edge_parallel_rel0p5x.npz,axis_edge_parallel,0.5,3,affine_quadratic,2,True,16,40,10,0.01,0.7161014596442179,0.68892157015384,0.6682025516167112,6,0.8375805212322605,0.0064869124594141014,0.00499363299886279,0.007744822491657833,0.005961973651818079,,,,,,,,,
36,response_tables/trial_00036_hard_negative_structure_obs-empirical_prior-axis_edge_orthogonal_rel0p5x.npz,axis_edge_orthogonal,0.5,0,linear,1,False,16,40,10,0.01,0.0034057746278582934,0.0017294639008631485,0.002289788843488655,2,0.03905737752618014,7.869750313243999e-09,,2.014920307429476e-07,,0.03905737752618014,7.869750313243999e-09,7.869750313243999e-09,2.014920307429476e-07,4962975.440332649,6.695742126062848,3.0737180902114527e-10,1.0,1.0
36,response_tables/trial_00036_hard_negative_structure_obs-empirical_prior-axis_edge_orthogonal_rel0p5x.npz,axis_edge_orthogonal,0.5,0,quadratic,2,False,16,40,10,0.01,0.23110745122855214,0.07852122027413877,-0.04126306386132034,5,1.7974855917857213,0.00769758549287238,7.919069620919555e-09,0.004282418467246335,4.4056373286710545e-09,,,,,,,,,
36,response_tables/trial_00036_hard_negative_structure_obs-empirical_prior-axis_edge_orthogonal_rel0p5x.npz,axis_edge_orthogonal,0.5,0,cubic,3,False,16,40,10,0.01,0.24458807215084677,0.08377189060095014,-0.0385397967668788,9,1.994218351390909,0.05520490072627715,0.00767828668457639,0.02768247553622869,0.003850273807389752,,,,,,,,,
36,response_tables/trial_00036_hard_negative_structure_obs-empirical_prior-axis_edge_orthogonal_rel0p5x.npz,axis_edge_orthogonal,0.5,0,affine_linear,1,True,16,40,10,0.01,0.6679853569006808,0.6348770753421427,0.6118230546058293,3,0.050725556285578746,0.005063340328926345,7.841015758749825e-09,0.0998183302400934,1.5457722562185135e-07,,,,,,,,,
36,response_tables/trial_00036_hard_negative_structure_obs-empirical_prior-axis_edge_orthogonal_rel0p5x.npz,axis_edge_orthogonal,0.5,0,affine_quadratic,2,True,16,40,10,0.01,0.701492772115957,0.6475544916502898,0.6083551839983274,6,0.7317330984903306,0.012465090821478219,0.004929572801011322,0.017035023900374976,0.006736845457970578,,,,,,,,,
36,response_tables/trial_00036_hard_negative_structure_obs-empirical_prior-axis_edge_orthogonal_rel0p5x.npz,axis_edge_orthogonal,0.5,1,linear,1,False,16,40,10,0.01,0.0047879945010905756,0.0015664751438380087,0.0017100855046084107,2,0.04126503914431417,1.5082269057554743e-08,,3.6549751000618885e-07,,0.04126503914431417,1.5082269057554743e-08,1.5082269057554743e-08,3.6549751000618885e-07,2735996.7513405695,6.437115577377135,6.223704230450748e-10,1.0,1.0
36,response_tables/trial_00036_hard_negative_structure_obs-empirical_prior-axis_edge_orthogonal_rel0p5x.npz,axis_edge_orthogonal,0.5,1,quadratic,2,False,16,40,10,0.01,0.37593037808946117,0.3248136197306305,0.278018578792507,5,2.3417391303483845,0.006344417915334506,9.074114694405138e-09,0.002709276124360887,3.874946861845865e-09,,,,,,,,,
36,response_tables/trial_00036_hard_negative_structure_obs-empirical_prior-axis_edge_orthogonal_rel0p5x.npz,axis_edge_orthogonal,0.5,1,cubic,3,False,16,40,10,0.01,0.3767061419401242,0.3249434191242706,0.2782629352490448,9,2.3518302698204336,0.021965094795156154,0.005160938513583275,0.009339574831151921,0.0021944349385286726,,,,,,,,,
36,response_tables/trial_00036_hard_negative_structure_obs-empirical_prior-axis_edge_orthogonal_rel0p5x.npz,axis_edge_orthogonal,0.5,1,affine_linear,1,True,16,40,10,0.01,0.5711677975815856,0.5347456082396063,0.49179453531442074,3,0.049087667462809154,0.0044092641896229644,8.015061655314637e-09,0.08982427598466775,1.632805563920343e-07,,,,,,,,,
36,response_tables/trial_00036_hard_negative_structure_obs-empirical_prior-axis_edge_orthogonal_rel0p5x.npz,axis_edge_orthogonal,0.5,1,affine_quadratic,2,True,16,40,10,0.01,0.6593123752452759,0.6284478085921282,0.595614290481243,6,1.2327411930982324,0.006589029963309239,0.004355415655867954,0.005345022945772678,0.003533114395992191,,,,,,,,,
36,response_tables/trial_00036_hard_negative_structure_obs-empirical_prior-axis_edge_orthogonal_rel0p5x.npz,axis_edge_orthogonal,0.5,2,linear,1,False,16,40,10,0.01,0.004605653749013006,-0.0002973158783579066,0.0009989600672805354,2,0.037133408443947004,1.2619288561355346e-08,,3.3983652700247546e-07,,0.037133408443947004,1.2619288561355346e-08,1.2619288561355346e-08,3.3983652700247546e-07,2942591.2771075247,6.46872994323316,4.685971964208364e-10,1.0,1.0
36,response_tables/trial_00036_hard_negative_structure_obs-empirical_prior-axis_edge_orthogonal_rel0p5x.npz,axis_edge_orthogonal,0.5,2,quadratic,2,False,16,40,10,0.01,0.3628762381610776,0.3071091009391922,0.2577471801948086,5,2.1053888030828585,0.007284859978028217,1.0615212685677705e-08,0.0034601019856100746,5.041925116222791e-09,,,,,,,,,
36,response_tables/trial_00036_hard_negative_structure_obs-empirical_prior-axis_edge_orthogonal_rel0p5x.npz,axis_edge_orthogonal,0.5,2,cubic,3,False,16,40,10,0.01,0.3638818856202646,0.30732646629445515,0.2580951810588461,9,2.1173542451114566,0.02001585203682732,0.0052684452684101145,0.009453237257317655,0.002488220986438094,,,,,,,,,
36,response_tables/trial_00036_hard_negative_structure_obs-empirical_prior-axis_edge_orthogonal_rel0p5x.npz,axis_edge_orthogonal,0.5,2,affine_linear,1,True,16,40,10,0.01,0.4921496771926053,0.4432142185800607,0.37580114374220486,3,0.043351962441665066,0.005076570355457184,1.0964956223127093e-08,0.1171012814538276,2.5292871661534755e-07,,,,,,,,,
36,response_tables/trial_00036_hard_negative_structure_obs-empirical_prior-axis_edge_orthogonal_rel0p5x.npz,axis_edge_orthogonal,0.5,2,affine_quadratic,2,True,16,40,10,0.01,0.5895322989460214,0.5472746208931423,0.4929392455265876,6,1.186335605592371,0.005653053488755723,0.0033969621441673004,0.004765138517386902,0.0028634073934509455,,,,,,,,,
36,response_tables/trial_00036_hard_negative_structure_obs-empirical_prior-axis_edge_orthogonal_rel0p5x.npz,axis_edge_orthogonal,0.5,3,linear,1,False,16,40,10,0.01,0.0018297217233569363,-0.0016817238784609945,-0.0007841714491906571,2,0.02299059090317809,2.5008564158287402e-08,,1.0877738751303846e-06,,0.02299059090317809,2.5008564158287402e-08,2.5008564158287402e-08,1.0877738751303846e-06,919308.7119141708,5.963461375768098,5.74961667639068e-10,1.0,1.0
36,response_tables/trial_00036_hard_negative_structure_obs-empirical_prior-axis_edge_orthogonal_rel0p5x.npz,axis_edge_orthogonal,0.5,3,quadratic,2,False,16,40,10,0.01,0.3486512821502985,0.3016589721781169,0.2577114983444989,5,2.064911287769995,0.010749546642209753,9.299435280385275e-09,0.005205815235684409,4.5035519615122155e-09,,,,,,,,,
36,response_tables/trial_00036_hard_negative_structure_obs-empirical_prior-axis_edge_orthogonal_rel0p5x.npz,axis_edge_orthogonal,0.5,3,cubic,3,False,16,40,10,0.01,0.3490276679492138,0.30157480134784675,0.25776014720093576,9,2.069508586379682,0.02265620419970387,0.010709238592097922,0.010947625126473988,0.005174773693900081,,,,,,,,,
36,response_tables/trial_00036_hard_negative_structure_obs-empirical_prior-axis_edge_orthogonal_rel0p5x.npz,axis_edge_orthogonal,0.5,3,affine_linear,1,True,16,40,10,0.01,0.5591288478296483,0.522116153319097,0.4773485342844789,3,0.03231550589974749,0.008045095432376158,8.198226193010459e-09,0.24895464911904785,2.536932647269656e-07,,,,,,,,,
36,response_tables/trial_00036_hard_negative_structure_obs-empirical_prior-axis_edge_orthogonal_rel0p5x.npz,axis_edge_orthogonal,0.5,3,affine_quadratic,2,True,16,40,10,0.01,0.6375017913269803,0.6068085512747241,0.5683321867122963,6,1.0576001251994507,0.011052930136760683,0.003940812594850775,0.010450953884556542,0.003726183933750561,,,,,,,,,
37,response_tables/trial_00037_hard_negative_structure_obs-empirical_prior-axis_edge_parallel_rel1x.npz,axis_edge_parallel,1.0,0,linear,1,False,16,40,10,0.01,0.0037273230363279453,0.0017705697580329138,0.0018279661386020885,2,0.025566107798228793,3.661258494388441e-08,,1.4320750437585542e-06,,0.025566107798228793,3.661258494388441e-08,3.661258494388441e-08,1.4320750437585542e-06,698287.4286918993,5.844034223483257,9.360412934471575e-10,1.0,1.0
37,response_tables/trial_00037_hard_negative_structure_obs-empirical_prior-axis_edge_parallel_rel1x.npz,axis_edge_parallel,1.0,0,quadratic,2,False,16,40,10,0.01,0.3986952406453932,0.36287944451387444,0.34898105797900264,5,1.667332372951321,0.010846535834856078,3.3713365549314984e-09,0.006505323120222743,2.0219943003709236e-09,,,,,,,,,
37,response_tables/trial_00037_hard_negative_structure_obs-empirical_prior-axis_edge_parallel_rel1x.npz,axis_edge_parallel,1.0,0,cubic,3,False,16,40,10,0.01,0.39884773480226177,0.36024324990715617,0.346487401440266,9,1.6687484068434806,0.0331353798092706,0.010789000923420916,0.019856426333282797,0.006465325077870091,,,,,,,,,
37,response_tables/trial_00037_hard_negative_structure_obs-empirical_prior-axis_edge_parallel_rel1x.npz,axis_edge_parallel,1.0,0,affine_linear,1,True,16,40,10,0.01,0.66841176016847,0.6584195747606569,0.6515048010032941,3,0.035489154617352726,0.009250771429933323,4.220293121574281e-09,0.26066474475585505,1.189178262226267e-07,,,,,,,,,
37,response_tables/trial_00037_hard_negative_structure_obs-empirical_prior-axis_edge_parallel_rel1x.npz,axis_edge_parallel,1.0,0,affine_quadratic,2,True,16,40,10,0.01,0.7226417430864307,0.7051339555819631,0.6966622002927707,6,0.7035255464627415,0.00926309590792216,0.0027146438955326846,0.01316668023570162,0.003858628743734541,,,,,,,,,
37,response_tables/trial_00037_hard_negative_structure_obs-empirical_prior-axis_edge_parallel_rel1x.npz,axis_edge_parallel,1.0,1,linear,1,False,16,40,10,0.01,0.0024760727265871196,0.0011084422204866717,0.001322756649795892,2,0.02072815366280901,4.1488786688849915e-08,,2.0015669202264825e-06,,0.02072815366280901,4.1488786688849915e-08,4.1488786688849915e-08,2.0015669202264825e-06,499608.57660799444,5.698629885149565,8.599859457699861e-10,1.0,1.0
37,response_tables/trial_00037_hard_negative_structure_obs-empirical_prior-axis_edge_parallel_rel1x.npz,axis_edge_parallel,1.0,1,quadratic,2,False,16,40,10,0.01,0.3845766217165927,0.34474278180059825,0.3389654181201258,5,1.6450665736012173,0.007849351268538985,5.695786963150522e-09,0.0047714490066842466,3.462344354053628e-09,,,,,,,,,
37,response_tables/trial_00037_hard_negative_structure_obs-empirical_prior-axis_edge_parallel_rel1x.npz,axis_edge_parallel,1.0,1,cubic,3,False,16,40,10,0.01,0.3860961959201208,0.3436276557554159,0.33809688872362054,9,1.661397993895117,0.048254160716319494,0.005307553876416449,0.02904431141341907,0.0031946312057190983,,,,,,,,,
37,response_tables/trial_00037_hard_negative_structure_obs-empirical_prior-axis_edge_parallel_rel1x.npz,axis_edge_parallel,1.0,1,affine_linear,1,True,16,40,10,0.01,0.727749408924169,0.7206488995468168,0.717773194824262,3,0.03359430681796892,0.006901592704498915,7.151798384713416e-09,0.20543935440892597,2.1288721399925009e-07,,,,,,,,,
37,response_tables/trial_00037_hard_negative_structure_obs-empirical_prior-axis_edge_parallel_rel1x.npz,axis_edge_parallel,1.0,1,affine_quadratic,2,True,16,40,10,0.01,0.7638836764446708,0.746314473156286,0.7442830185080567,6,0.5783154700032345,0.006930625565277653,0.0046618463115631,0.011984160764779284,0.008061078344553062,,,,,,,,,
37,response_tables/trial_00037_hard_negative_structure_obs-empirical_prior-axis_edge_parallel_rel1x.npz,axis_edge_parallel,1.0,2,linear,1,False,16,40,10,0.01,0.0011344974244444916,-0.0020848766069643254,-0.0019168126431386157,2,0.01254552538304824,1.8246197753777095e-08,,1.4543988551034869e-06,,0.01254552538304824,1.8246197753777095e-08,1.8246197753777095e-08,1.4543988551034869e-06,687569.298126851,5.837316475996719,2.2890813706412833e-10,1.0,1.0
37,response_tables/trial_00037_hard_negative_structure_obs-empirical_prior-axis_edge_parallel_rel1x.npz,axis_edge_parallel,1.0,2,quadratic,2,False,16,40,10,0.01,0.4042789176947843,0.3565867119324818,0.3539987498490986,5,1.5017988925900134,0.009013714548074642,1.8146057125271647e-08,0.00600194512897098,1.2082880880260089e-08,,,,,,,,,
37,response_tables/trial_00037_hard_negative_structure_obs-empirical_prior-axis_edge_parallel_rel1x.npz,axis_edge_parallel,1.0,2,cubic,3,False,16,40,10,0.01,0.4053930411741984,0.35530312223479166,0.35298179179875894,9,1.5120711907269568,0.053091929295407354,0.006175104487132798,0.03511205664191142,0.0040838715299932405,,,,,,,,,
37,response_tables/trial_00037_hard_negative_structure_obs-empirical_prior-axis_edge_parallel_rel1x.npz,axis_edge_parallel,1.0,2,affine_linear,1,True,16,40,10,0.01,0.633856476604435,0.6219170244518816,0.6123996069003805,3,0.02459278104902129,0.008560732582839837,1.7964815310041746e-08,0.3480994103828906,7.304914102326253e-07,,,,,,,,,
37,response_tables/trial_00037_hard_negative_structure_obs-empirical_prior-axis_edge_parallel_rel1x.npz,axis_edge_parallel,1.0,2,affine_quadratic,2,True,16,40,10,0.01,0.6945890530199701,0.662011578238628,0.6560818529824791,6,0.6657305477420342,0.00874274615422138,0.0039043246100294395,0.013132559687811006,0.005864722030965503,,,,,,,,,
37,response_tables/trial_00037_hard_negative_structure_obs-empirical_prior-axis_edge_parallel_rel1x.npz,axis_edge_parallel,1.0,3,linear,1,False,16,40,10,0.01,0.0029958392502931197,0.0016184877936095132,0.0017934614436716512,2,0.021125301875660075,1.5104313271740615e-08,,7.149868608099438e-07,,0.021125301875660075,1.5104313271740615e-08,1.5104313271740615e-08,7.149868608099438e-07,1398627.100457749,6.145701939080276,3.190831774900594e-10,1.0,1.0
37,response_tables/trial_00037_hard_negative_structure_obs-empirical_prior-axis_edge_parallel_rel1x.npz,axis_edge_parallel,1.0,3,quadratic,2,False,16,40,10,0.01,0.39395111634008195,0.35503852230068056,0.3526730343331847,5,1.5792444405481376,0.006901228699975552,1.4283905419568625e-08,0.004369955988308064,9.044771697667553e-09,,,,,,,,,
37,response_tables/trial_00037_hard_negative_structure_obs-empirical_prior-axis_edge_parallel_rel1x.npz,axis_edge_parallel,1.0,3,cubic,3,False,16,40,10,0.01,0.3949289590502084,0.35409359610738667,0.35193661861233777,9,1.5885351942592378,0.050579049975638085,0.004653637273192654,0.031840056272233866,0.0029295147441556857,,,,,,,,,
37,response_tables/trial_00037_hard_negative_structure_obs-empirical_prior-axis_edge_parallel_rel1x.npz,axis_edge_parallel,1.0,3,affine_linear,1,True,16,40,10,0.01,0.728092206134703,0.7204416829945435,0.7138179973655053,3,0.03236130232750627,0.006306188821088375,1.459245889423782e-08,0.19486820268442281,4.509231039763999e-07,,,,,,,,,
37,response_tables/trial_00037_hard_negative_structure_obs-empirical_prior-axis_edge_parallel_rel1x.npz,axis_edge_parallel,1.0,3,affine_quadratic,2,True,16,40,10,0.01,0.7685013818722983,0.749577094376762,0.7450824897240748,6,0.5797270205073648,0.007351970392140867,0.0049358382870580576,0.012681779755076067,0.008514073197309858,,,,,,,,,
37,response_tables/trial_00037_hard_negative_structure_obs-empirical_prior-axis_edge_orthogonal_rel1x.npz,axis_edge_orthogonal,1.0,0,linear,1,False,16,40,10,0.01,0.0026068863353455596,0.0006093751468360109,0.0006169069353130496,2,0.02923965115217861,4.604549057036756e-08,,1.5747619672588593e-06,,0.02923965115217861,4.604549057036756e-08,4.604549057036756e-08,1.5747619672588593e-06,635016.6061863113,5.802785082584543,1.346354081408477e-09,1.0,1.0
37,response_tables/trial_00037_hard_negative_structure_obs-empirical_prior-axis_edge_orthogonal_rel1x.npz,axis_edge_orthogonal,1.0,0,quadratic,2,False,16,40,10,0.01,0.32407071237602847,0.2999849063739841,0.29970056375483634,5,2.0570879201503454,0.011951690642164923,8.93270982968853e-09,0.005810004776699781,4.342405466576105e-09,,,,,,,,,
37,response_tables/trial_00037_hard_negative_structure_obs-empirical_prior-axis_edge_orthogonal_rel1x.npz,axis_edge_orthogonal,1.0,0,cubic,3,False,16,40,10,0.01,0.3241461559652814,0.2972486144484079,0.2970322192086522,9,2.0582880593884116,0.02787970420549374,0.009203411657162531,0.013545093495697469,0.004471391463008915,,,,,,,,,
37,response_tables/trial_00037_hard_negative_structure_obs-empirical_prior-axis_edge_orthogonal_rel1x.npz,axis_edge_orthogonal,1.0,0,affine_linear,1,True,16,40,10,0.01,0.8123579727511667,0.8084993524784718,0.8084671321294912,3,0.04809625205496483,0.01081897044958732,8.039338948613185e-09,0.22494414818899616,1.6715104826516952e-07,,,,,,,,,
37,response_tables/trial_00037_hard_negative_structure_obs-empirical_prior-axis_edge_orthogonal_rel1x.npz,axis_edge_orthogonal,1.0,0,affine_quadratic,2,True,16,40,10,0.01,0.8241860579901953,0.8186267140876065,0.8187228340294194,6,0.4508669591611394,0.014554887762040543,0.008502359389401666,0.032282001300606815,0.018857800991274085,,,,,,,,,
37,response_tables/trial_00037_hard_negative_structure_obs-empirical_prior-axis_edge_orthogonal_rel1x.npz,axis_edge_orthogonal,1.0,1,linear,1,False,16,40,10,0.01,0.011322338967674095,0.009691324400536327,0.010103190286751412,2,0.050012867986562994,2.577133691419967e-08,,5.152941223271515e-07,,0.050012867986562994,2.577133691419967e-08,2.577133691419967e-08,5.152941223271515e-07,1940639.2517807859,6.28794481126577,1.2888984709271059e-09,1.0,1.0
37,response_tables/trial_00037_hard_negative_structure_obs-empirical_prior-axis_edge_orthogonal_rel1x.npz,axis_edge_orthogonal,1.0,1,quadratic,2,False,16,40,10,0.01,0.3627950716772411,0.3220982224542407,0.3121969066592438,5,1.7810916759593753,0.010067752291854823,1.6458716751438196e-08,0.005652573883616565,9.24080269061546e-09,,,,,,,,,
37,response_tables/trial_00037_hard_negative_structure_obs-empirical_prior-axis_edge_orthogonal_rel1x.npz,axis_edge_orthogonal,1.0,1,cubic,3,False,16,40,10,0.01,0.36335599210096403,0.319725173494548,0.30995498223844853,9,1.7887017984055713,0.034663302630594015,0.008296109425680959,0.01937902822118952,0.004638061768080078,,,,,,,,,
37,response_tables/trial_00037_hard_negative_structure_obs-empirical_prior-axis_edge_orthogonal_rel1x.npz,axis_edge_orthogonal,1.0,1,affine_linear,1,True,16,40,10,0.01,0.7063585886698043,0.6989818518980275,0.6979616222961973,3,0.058027779464072504,0.006700065575881756,1.9845222035208765e-08,0.11546307023569728,3.4199519985933284e-07,,,,,,,,,
37,response_tables/trial_00037_hard_negative_structure_obs-empirical_prior-axis_edge_orthogonal_rel1x.npz,axis_edge_orthogonal,1.0,1,affine_quadratic,2,True,16,40,10,0.01,0.7374857211136985,0.7224451326938857,0.7203291513325888,6,0.6075731250142161,0.01297930342507598,0.006227773998571719,0.02136253710164071,0.010250246006891764,,,,,,,,,
37,response_tables/trial_00037_hard_negative_structure_obs-empirical_prior-axis_edge_orthogonal_rel1x.npz,axis_edge_orthogonal,1.0,2,linear,1,False,16,40,10,0.01,0.008481343779086714,0.0057376343700593635,0.006108281424675677,2,0.04073592859647443,4.0636184586503135e-08,,9.975514487233285e-07,,0.04073592859647443,4.0636184586503135e-08,4.0636184586503135e-08,9.975514487233285e-07,1002454.5613961116,6.001064696322478,1.6553527137489465e-09,1.0,1.0
37,response_tables/trial_00037_hard_negative_structure_obs-empirical_prior-axis_edge_orthogonal_rel1x.npz,axis_edge_orthogonal,1.0,2,quadratic,2,False,16,40,10,0.01,0.35674830131688273,0.31662421382439687,0.3069115101319494,5,1.6584274916455566,0.011214337375278213,3.597282042214908e-08,0.00676203055712186,2.169092143211847e-08,,,,,,,,,
37,response_tables/trial_00037_hard_negative_structure_obs-empirical_prior-axis_edge_orthogonal_rel1x.npz,axis_edge_orthogonal,1.0,2,cubic,3,False,16,40,10,0.01,0.3572887177990737,0.3143956927834285,0.3049163985332415,9,1.6650232221322,0.04674502408396841,0.010104323845098491,0.028074697975748072,0.006068578330192337,,,,,,,,,
37,response_tables/trial_00037_hard_negative_structure_obs-empirical_prior-axis_edge_orthogonal_rel1x.npz,axis_edge_orthogonal,1.0,2,affine_linear,1,True,16,40,10,0.01,0.6566723492225778,0.6466670171399633,0.6428750605785731,3,0.0485768198645239,0.0072121267735709834,3.797878315996986e-08,0.14846848339773816,7.818293430053481e-07,,,,,,,,,
37,response_tables/trial_00037_hard_negative_structure_obs-empirical_prior-axis_edge_orthogonal_rel1x.npz,axis_edge_orthogonal,1.0,2,affine_quadratic,2,True,16,40,10,0.01,0.6923347365958978,0.6751261315297318,0.670664609179872,6,0.6076095291529515,0.009780775233102348,0.006668266392510758,0.01609713930381804,0.010974591530529104,,,,,,,,,
37,response_tables/trial_00037_hard_negative_structure_obs-empirical_prior-axis_edge_orthogonal_rel1x.npz,axis_edge_orthogonal,1.0,3,linear,1,False,16,40,10,0.01,0.0031406610135034096,0.0014849333409623355,0.0015594683989397229,2,0.02408231668009192,2.203962132768661e-08,,9.151786192524434e-07,,0.02408231668009192,2.203962132768661e-08,2.203962132768661e-08,9.151786192524434e-07,1092682.8697296735,6.038494134583774,5.307651403226569e-10,1.0,1.0
37,response_tables/trial_00037_hard_negative_structure_obs-empirical_prior-axis_edge_orthogonal_rel1x.npz,axis_edge_orthogonal,1.0,3,quadratic,2,False,16,40,10,0.01,0.37172006057091467,0.3312995213602231,0.32058545740324956,5,1.7072191305820061,0.012587449698401596,1.4889531056101813e-08,0.007373072075469552,8.7215113686231e-09,,,,,,,,,
37,response_tables/trial_00037_hard_negative_structure_obs-empirical_prior-axis_edge_orthogonal_rel1x.npz,axis_edge_orthogonal,1.0,3,cubic,3,False,16,40,10,0.01,0.37245614579104214,0.32969893107665194,0.31921240442748144,9,1.7158035290386846,0.0341728624275392,0.010987264833703528,0.01991653580913502,0.006403568152036252,,,,,,,,,
37,response_tables/trial_00037_hard_negative_structure_obs-empirical_prior-axis_edge_orthogonal_rel1x.npz,axis_edge_orthogonal,1.0,3,affine_linear,1,True,16,40,10,0.01,0.6948921604686044,0.6853072237894215,0.6797104189608834,3,0.035083258474567336,0.010338003592239145,1.604634958252919e-08,0.29467056487165816,4.573791112978163e-07,,,,,,,,,
37,response_tables/trial_00037_hard_negative_structure_obs-empirical_prior-axis_edge_orthogonal_rel1x.npz,axis_edge_orthogonal,1.0,3,affine_quadratic,2,True,16,40,10,0.01,0.7310145266218694,0.7129972731484494,0.7071835372652888,6,0.6102847207942461,0.011605690626007751,0.0065841408248147725,0.019016846122091497,0.010788637828333534,,,,,,,,,
38,response_tables/trial_00038_hard_negative_structure_obs-empirical_prior-axis_edge_parallel_rel2x.npz,axis_edge_parallel,2.0,0,linear,1,False,16,40,10,0.01,0.004239730448393875,0.0014448304620006125,0.0024917531895572165,2,0.026702381627290345,3.080546888457289e-08,,1.1536599736515306e-06,,0.026702381627290345,3.080546888457289e-08,3.080546888457289e-08,1.1536599736515306e-06,866806.53124753,5.937922174999045,8.225793863634836e-10,1.0,1.0
38,response_tables/trial_00038_hard_negative_structure_obs-empirical_prior-axis_edge_parallel_rel2x.npz,axis_edge_parallel,2.0,0,quadratic,2,False,16,40,10,0.01,0.1309482963864661,-0.9361916013827771,-1.0723413673773547,5,0.5853317669473972,0.011998666688451462,5.58269337311848e-09,0.020498915941341286,9.537656570790882e-09,,,,,,,,,
38,response_tables/trial_00038_hard_negative_structure_obs-empirical_prior-axis_edge_parallel_rel2x.npz,axis_edge_parallel,2.0,0,cubic,3,False,16,40,10,0.01,0.3840759038531115,-0.8817669007247153,-1.04502607951358,9,2.49669909741832,0.019558706772782836,0.0028770397885386754,0.007833826187948426,0.0011523374168371518,,,,,,,,,
38,response_tables/trial_00038_hard_negative_structure_obs-empirical_prior-axis_edge_parallel_rel2x.npz,axis_edge_parallel,2.0,0,affine_linear,1,True,16,40,10,0.01,0.7927508121199689,0.7846920470237584,0.7880582464479371,3,0.039572509908442834,0.010013433050817953,6.435271368595508e-09,0.2530401299787552,1.6261974242939128e-07,,,,,,,,,
38,response_tables/trial_00038_hard_negative_structure_obs-empirical_prior-axis_edge_parallel_rel2x.npz,axis_edge_parallel,2.0,0,affine_quadratic,2,True,16,40,10,0.01,0.7959889862635937,0.7149780458328117,0.7092629045884169,6,0.1073050105613561,0.010103571219285932,0.007522813696786466,0.09415749708638996,0.07010682592948429,,,,,,,,,
38,response_tables/trial_00038_hard_negative_structure_obs-empirical_prior-axis_edge_parallel_rel2x.npz,axis_edge_parallel,2.0,1,linear,1,False,16,40,10,0.01,0.001394017080341703,0.00011156323339001073,-0.00014517253601906144,2,0.016258315433427616,1.1242293445877404e-08,,6.914795995877217e-07,,0.016258315433427616,1.1242293445877404e-08,1.1242293445877404e-08,6.914795995877217e-07,1446174.2625469014,6.160220628160849,1.8278075303823071e-10,1.0,1.0
38,response_tables/trial_00038_hard_negative_structure_obs-empirical_prior-axis_edge_parallel_rel2x.npz,axis_edge_parallel,2.0,1,quadratic,2,False,16,40,10,0.01,0.14111739161422954,-0.7162983945822301,-0.8315859352320326,5,0.6831649189394476,0.010012243283074455,7.76729067620921e-09,0.014655675380137444,1.1369568988213318e-08,,,,,,,,,
38,response_tables/trial_00038_hard_negative_structure_obs-empirical_prior-axis_edge_parallel_rel2x.npz,axis_edge_parallel,2.0,1,cubic,3,False,16,40,10,0.01,0.38684192755151736,-0.5736079369778027,-0.6999175485819764,9,2.695196883885593,0.013836060895491489,0.0035446185608986845,0.005133599321896073,0.0013151612715537513,,,,,,,,,
38,response_tables/trial_00038_hard_negative_structure_obs-empirical_prior-axis_edge_parallel_rel2x.npz,axis_edge_parallel,2.0,1,affine_linear,1,True,16,40,10,0.01,0.8308813294567582,0.8259641782630784,0.8262544879379267,3,0.03620264885969276,0.009183585331440008,7.528279240382861e-09,0.25367164063137965,2.0794829874353981e-07,,,,,,,,,
38,response_tables/trial_00038_hard_negative_structure_obs-empirical_prior-axis_edge_parallel_rel2x.npz,axis_edge_parallel,2.0,1,affine_quadratic,2,True,16,40,10,0.01,0.833262432201664,0.7849881701905759,0.7796021131952803,6,0.10157329866625595,0.012219919865143574,0.005853462563213475,0.1203064193602211,0.05762796561768134,,,,,,,,,
38,response_tables/trial_00038_hard_negative_structure_obs-empirical_prior-axis_edge_parallel_rel2x.npz,axis_edge_parallel,2.0,2,linear,1,False,16,40,10,0.01,0.0009070121482683824,-4.4184890557463774e-05,-0.000167006922989682,2,0.011611098511880172,2.7463063225134772e-08,,2.365242461515186e-06,,0.011611098511880172,2.7463063225134772e-08,2.7463063225134772e-08,2.365242461515186e-06,422789.6362723824,5.626124333023088,3.1887633254503346e-10,1.0,1.0
38,response_tables/trial_00038_hard_negative_structure_obs-empirical_prior-axis_edge_parallel_rel2x.npz,axis_edge_parallel,2.0,2,quadratic,2,False,16,40,10,0.01,0.13015054463870912,-0.8111353574982614,-1.0089815027258688,5,0.5760001018160382,0.010892552590621548,8.334681527652968e-09,0.018910678238213907,1.4469930649968673e-08,,,,,,,,,
38,response_tables/trial_00038_hard_negative_structure_obs-empirical_prior-axis_edge_parallel_rel2x.npz,axis_edge_parallel,2.0,2,cubic,3,False,16,40,10,0.01,0.39390137475886067,-0.6471149649063614,-0.8591144392817318,9,2.439294366337724,0.021460677301973735,0.0022071808949422527,0.008797903852085752,0.0009048440095633235,,,,,,,,,
38,response_tables/trial_00038_hard_negative_structure_obs-empirical_prior-axis_edge_parallel_rel2x.npz,axis_edge_parallel,2.0,2,affine_linear,1,True,16,40,10,0.01,0.7934496949474062,0.787503399787763,0.787935775210249,3,0.029413145927151177,0.010793324968298783,9.39052926761893e-09,0.3669558161181086,3.192630020221864e-07,,,,,,,,,
38,response_tables/trial_00038_hard_negative_structure_obs-empirical_prior-axis_edge_parallel_rel2x.npz,axis_edge_parallel,2.0,2,affine_quadratic,2,True,16,40,10,0.01,0.7953834648122305,0.7215345055997835,0.7082322601395765,6,0.08003562134119617,0.011241237534456154,0.009556131518337951,0.14045293015886204,0.11939847980438169,,,,,,,,,
38,response_tables/trial_00038_hard_negative_structure_obs-empirical_prior-axis_edge_parallel_rel2x.npz,axis_edge_parallel,2.0,3,linear,1,False,16,40,10,0.01,0.002398062789349509,0.001098404883396853,0.0011433188622660129,2,0.019176284234382814,1.1287059287200331e-07,,5.885947011028753e-06,,0.019176284234382814,1.1287059287200331e-07,1.1287059287200331e-07,5.885947011028753e-06,169896.19480539951,5.2301836520089875,2.164438570616838e-09,1.0,1.0
38,response_tables/trial_00038_hard_negative_structure_obs-empirical_prior-axis_edge_parallel_rel2x.npz,axis_edge_parallel,2.0,3,quadratic,2,False,16,40,10,0.01,0.15532838622752565,-0.6934252656806568,-0.8257502713042889,5,0.6778599811760959,0.009428204395995652,9.85153255569287e-09,0.0139087785941244,1.4533285382329745e-08,,,,,,,,,
38,response_tables/trial_00038_hard_negative_structure_obs-empirical_prior-axis_edge_parallel_rel2x.npz,axis_edge_parallel,2.0,3,cubic,3,False,16,40,10,0.01,0.3935979231318726,-0.5617243425806149,-0.705172012342659,9,2.4939846013071647,0.012784223596032008,0.0030559751257829637,0.005126023468361212,0.0012253384099409615,,,,,,,,,
38,response_tables/trial_00038_hard_negative_structure_obs-empirical_prior-axis_edge_parallel_rel2x.npz,axis_edge_parallel,2.0,3,affine_linear,1,True,16,40,10,0.01,0.8417246517983632,0.8377451747181774,0.8407831317719551,3,0.03494790973042951,0.008459386359756266,1.8383531009884035e-08,0.2420570049827784,5.260266251024822e-07,,,,,,,,,
38,response_tables/trial_00038_hard_negative_structure_obs-empirical_prior-axis_edge_parallel_rel2x.npz,axis_edge_parallel,2.0,3,affine_quadratic,2,True,16,40,10,0.01,0.8449659929605213,0.7939688815418178,0.7898437008534985,6,0.11119719618005798,0.011519254437853788,0.008447291318102712,0.10359302962280664,0.07596676542477104,,,,,,,,,
38,response_tables/trial_00038_hard_negative_structure_obs-empirical_prior-axis_edge_orthogonal_rel2x.npz,axis_edge_orthogonal,2.0,0,linear,1,False,16,40,10,0.01,0.002643663058511714,0.0007893622698139646,0.0009243423171821918,2,0.03405042032958981,3.327604221421143e-08,,9.772578984963235e-07,,0.03405042032958981,3.327604221421143e-08,3.327604221421143e-08,9.772578984963235e-07,1023271.3406959096,6.009990810781101,1.1330632242990736e-09,1.0,1.0
38,response_tables/trial_00038_hard_negative_structure_obs-empirical_prior-axis_edge_orthogonal_rel2x.npz,axis_edge_orthogonal,2.0,0,quadratic,2,False,16,40,10,0.01,0.1146181076267817,-0.7651736890381671,-0.8301795581714525,5,0.8881393366917456,0.01311106780192515,7.1784919109456686e-09,0.014762399614865527,8.082619037779621e-09,,,,,,,,,
38,response_tables/trial_00038_hard_negative_structure_obs-empirical_prior-axis_edge_orthogonal_rel2x.npz,axis_edge_orthogonal,2.0,0,cubic,3,False,16,40,10,0.01,0.3329515917032838,-0.7068218492558154,-0.782352816386406,9,3.749886673518476,0.021286478066960688,0.005747491760232051,0.005676565699247606,0.0015327107885207754,,,,,,,,,
38,response_tables/trial_00038_hard_negative_structure_obs-empirical_prior-axis_edge_orthogonal_rel2x.npz,axis_edge_orthogonal,2.0,0,affine_linear,1,True,16,40,10,0.01,0.8951275761604887,0.8923087019597625,0.8920293762688423,3,0.06194772398310765,0.011642965413795742,7.373747557427479e-09,0.18794823546657874,1.1903177523419918e-07,,,,,,,,,
38,response_tables/trial_00038_hard_negative_structure_obs-empirical_prior-axis_edge_orthogonal_rel2x.npz,axis_edge_orthogonal,2.0,0,affine_quadratic,2,True,16,40,10,0.01,0.8952889253426441,0.8892321229535484,0.8887489658487319,6,0.07096679136473662,0.01632268311724716,0.006636355527578285,0.23000452469882834,0.09351353499231034,,,,,,,,,
38,response_tables/trial_00038_hard_negative_structure_obs-empirical_prior-axis_edge_orthogonal_rel2x.npz,axis_edge_orthogonal,2.0,1,linear,1,False,16,40,10,0.01,0.005051835176854036,0.002547530470963011,0.0024499467785534523,2,0.03714964984898117,1.3375222115348375e-08,,3.600362902401674e-07,,0.03714964984898117,1.3375222115348375e-08,1.3375222115348375e-08,3.600362902401674e-07,2777497.7887171754,6.443653721852938,4.968848182375414e-10,1.0,1.0
38,response_tables/trial_00038_hard_negative_structure_obs-empirical_prior-axis_edge_orthogonal_rel2x.npz,axis_edge_orthogonal,2.0,1,quadratic,2,False,16,40,10,0.01,0.13126718605203092,-0.6294337509703631,-0.7464544534521552,5,0.7811863133462117,0.010062467447366831,6.984572528063812e-09,0.01288100837848048,8.940981695065027e-09,,,,,,,,,
38,response_tables/trial_00038_hard_negative_structure_obs-empirical_prior-axis_edge_orthogonal_rel2x.npz,axis_edge_orthogonal,2.0,1,cubic,3,False,16,40,10,0.01,0.34398103547231873,-0.5228580233223152,-0.6515251234322216,9,3.0181498001700167,0.014434990311053907,0.00435662097251478,0.004782728249684878,0.0014434740688713877,,,,,,,,,
38,response_tables/trial_00038_hard_negative_structure_obs-empirical_prior-axis_edge_orthogonal_rel2x.npz,axis_edge_orthogonal,2.0,1,affine_linear,1,True,16,40,10,0.01,0.8241105602688873,0.8195916754704942,0.8195623123072169,3,0.054095525812828546,0.007887599213835816,7.015922734718218e-09,0.145808716993103,1.296950649669888e-07,,,,,,,,,
38,response_tables/trial_00038_hard_negative_structure_obs-empirical_prior-axis_edge_orthogonal_rel2x.npz,axis_edge_orthogonal,2.0,1,affine_quadratic,2,True,16,40,10,0.01,0.8250481838920448,0.8058470297467928,0.8036110671426623,6,0.0908105608548781,0.008716257012546923,0.0057593798981913505,0.09598285629439221,0.0634219174947643,,,,,,,,,
38,response_tables/trial_00038_hard_negative_structure_obs-empirical_prior-axis_edge_orthogonal_rel2x.npz,axis_edge_orthogonal,2.0,2,linear,1,False,16,40,10,0.01,0.002370844253132942,0.00033423737555970945,0.00042225563604961214,2,0.02455077096838143,1.6242842719377185e-08,,6.616021444009274e-07,,0.02455077096838143,1.6242842719377185e-08,1.6242842719377185e-08,6.616021444009274e-07,1511482.4044373191,6.179403095807413,3.9877431147887106e-10,1.0,1.0
38,response_tables/trial_00038_hard_negative_structure_obs-empirical_prior-axis_edge_orthogonal_rel2x.npz,axis_edge_orthogonal,2.0,2,quadratic,2,False,16,40,10,0.01,0.11873497394954591,-0.6461034850705878,-0.7523424004603929,5,0.7161512988079292,0.0086418769693026,1.527245119017108e-08,0.012067110656208333,2.1325732726580074e-08,,,,,,,,,
38,response_tables/trial_00038_hard_negative_structure_obs-empirical_prior-axis_edge_orthogonal_rel2x.npz,axis_edge_orthogonal,2.0,2,cubic,3,False,16,40,10,0.01,0.33458370167091134,-0.5346898132394575,-0.6504772096103594,9,2.9024563183415815,0.010324153822139802,0.006522151015362903,0.00355704020656506,0.0022471142715041995,,,,,,,,,
38,response_tables/trial_00038_hard_negative_structure_obs-empirical_prior-axis_edge_orthogonal_rel2x.npz,axis_edge_orthogonal,2.0,2,affine_linear,1,True,16,40,10,0.01,0.8220290906589576,0.8179909674694453,0.8177974754948184,3,0.04517560796542589,0.007735088094018965,1.5271570782577768e-08,0.17122266732832542,3.3804903730937083e-07,,,,,,,,,
38,response_tables/trial_00038_hard_negative_structure_obs-empirical_prior-axis_edge_orthogonal_rel2x.npz,axis_edge_orthogonal,2.0,2,affine_quadratic,2,True,16,40,10,0.01,0.822374493282044,0.8067883837378161,0.8050536655664553,6,0.060069932094008155,0.01599392349144222,0.006596179847744258,0.2662550619569883,0.10980834533692128,,,,,,,,,
38,response_tables/trial_00038_hard_negative_structure_obs-empirical_prior-axis_edge_orthogonal_rel2x.npz,axis_edge_orthogonal,2.0,3,linear,1,False,16,40,10,0.01,0.0012137905495094303,-0.0010033156344975147,-0.0008848493069609498,2,0.016923734965029594,1.8321978718468899e-07,,1.0826202818898174e-05,,0.016923734965029594,1.8321978718468899e-07,1.8321978718468899e-07,1.0826202818898174e-05,92368.48937047477,4.965523841063245,3.100763118662802e-09,1.0,1.0
38,response_tables/trial_00038_hard_negative_structure_obs-empirical_prior-axis_edge_orthogonal_rel2x.npz,axis_edge_orthogonal,2.0,3,quadratic,2,False,16,40,10,0.01,0.13506763642402309,-0.6695160296064973,-0.7817057486034129,5,0.7861614634885521,0.011482388165449102,1.408606139648593e-08,0.014605635990470177,1.7917517012319247e-08,,,,,,,,,
38,response_tables/trial_00038_hard_negative_structure_obs-empirical_prior-axis_edge_orthogonal_rel2x.npz,axis_edge_orthogonal,2.0,3,cubic,3,False,16,40,10,0.01,0.360156845216971,-0.5433064052679453,-0.6641446341289435,9,2.9919102425144297,0.015589739541043897,0.007479355244328636,0.005210630760079932,0.002499859500478502,,,,,,,,,
38,response_tables/trial_00038_hard_negative_structure_obs-empirical_prior-axis_edge_orthogonal_rel2x.npz,axis_edge_orthogonal,2.0,3,affine_linear,1,True,16,40,10,0.01,0.8054608055923017,0.800016327702727,0.8017845982376378,3,0.03906619840609084,0.011154167812452955,2.277722997713687e-08,0.28551966322666045,5.83041885477796e-07,,,,,,,,,
38,response_tables/trial_00038_hard_negative_structure_obs-empirical_prior-axis_edge_orthogonal_rel2x.npz,axis_edge_orthogonal,2.0,3,affine_quadratic,2,True,16,40,10,0.01,0.8069253713517224,0.7595251891730964,0.7556303214291655,6,0.09541072322566035,0.01663850566369181,0.009886422053571414,0.17438821446033173,0.1036196112903219,,,,,,,,,
39,response_tables/trial_00039_hard_negative_structure_obs-empirical_prior-axis_edge_parallel_rel0p5x.npz,axis_edge_parallel,0.5,0,linear,1,False,16,40,10,0.01,0.0028461830435670965,-0.0007987338180437398,0.002588986324535053,2,0.017675491441570358,2.0143137435727547e-09,,1.139608338603453e-07,,0.017675491441570358,2.0143137435727547e-09,2.0143137435727547e-09,1.139608338603453e-07,8774944.567582423,6.943244381654202,3.5603985335157776e-11,1.0,1.0
39,response_tables/trial_00039_hard_negative_structure_obs-empirical_prior-axis_edge_parallel_rel0p5x.npz,axis_edge_parallel,0.5,0,quadratic,2,False,16,40,10,0.01,0.3669674332860018,0.2597868780662569,0.1890797572268246,5,1.265124426029664,0.017171861655207316,3.3836461717335806e-10,0.013573259121316404,2.674556037426664e-10,,,,,,,,,
39,response_tables/trial_00039_hard_negative_structure_obs-empirical_prior-axis_edge_parallel_rel0p5x.npz,axis_edge_parallel,0.5,0,cubic,3,False,16,40,10,0.01,0.36713302647161006,0.2598373432812149,0.18889739030212982,9,1.2654510721370271,0.017254634417983035,0.002651956098830562,0.013635165197532542,0.002095660715156753,,,,,,,,,
39,response_tables/trial_00039_hard_negative_structure_obs-empirical_prior-axis_edge_parallel_rel0p5x.npz,axis_edge_parallel,0.5,0,affine_linear,1,True,16,40,10,0.01,0.29673490207737163,0.2180456475826944,-0.29216549778080103,3,0.017738639359015776,0.007456993023184115,2.3167062147678815e-10,0.42038134223604084,1.3060225014329529e-08,,,,,,,,,
39,response_tables/trial_00039_hard_negative_structure_obs-empirical_prior-axis_edge_parallel_rel0p5x.npz,axis_edge_parallel,0.5,0,affine_quadratic,2,True,16,40,10,0.01,0.4712642299334139,0.3642111505666683,-0.013348474710510178,6,0.9078770198372508,0.0170394167405733,0.0012971718919550818,0.018768419475611184,0.0014287969225034657,,,,,,,,,
39,response_tables/trial_00039_hard_negative_structure_obs-empirical_prior-axis_edge_parallel_rel0p5x.npz,axis_edge_parallel,0.5,1,linear,1,False,16,40,10,0.01,0.0024336522489184498,-0.0012431256460672113,-0.005867029021075443,2,0.018662913122099143,1.8467432755120579e-09,,9.895257312885902e-08,,0.018662913122099143,1.8467432755120579e-09,1.8467432755120579e-09,9.895257312885902e-08,10105851.403154217,7.004572908065619,3.446560930970234e-11,1.0,1.0
39,response_tables/trial_00039_hard_negative_structure_obs-empirical_prior-axis_edge_parallel_rel0p5x.npz,axis_edge_parallel,0.5,1,quadratic,2,False,16,40,10,0.01,0.36134505387229887,0.25591811759181704,0.18195675925515287,5,1.4349303501592616,0.01321362879469541,1.305021899612707e-09,0.00920855064026546,9.094670688844681e-10,,,,,,,,,
39,response_tables/trial_00039_hard_negative_structure_obs-empirical_prior-axis_edge_parallel_rel0p5x.npz,axis_edge_parallel,0.5,1,cubic,3,False,16,40,10,0.01,0.36151950450128834,0.2559669907835028,0.18175934143478498,9,1.4353319321832978,0.01323987083938633,0.003534661439018648,0.009224257150920505,0.0024626090730400173,,,,,,,,,
39,response_tables/trial_00039_hard_negative_structure_obs-empirical_prior-axis_edge_parallel_rel0p5x.npz,axis_edge_parallel,0.5,1,affine_linear,1,True,16,40,10,0.01,0.2782735423237126,0.20101882365859647,-0.28080717889459833,3,0.019806833576619054,0.00517488059720241,1.37381530115906e-09,0.2612674346550319,6.936067271150186e-08,,,,,,,,,
39,response_tables/trial_00039_hard_negative_structure_obs-empirical_prior-axis_edge_parallel_rel0p5x.npz,axis_edge_parallel,0.5,1,affine_quadratic,2,True,16,40,10,0.01,0.4556568523111775,0.3493590246999878,-0.005273745294859938,6,1.0456284919943588,0.013862736890336748,0.0014030422159381382,0.013257803317788261,0.0013418171240361606,,,,,,,,,
39,response_tables/trial_00039_hard_negative_structure_obs-empirical_prior-axis_edge_parallel_rel0p5x.npz,axis_edge_parallel,0.5,2,linear,1,False,16,40,10,0.01,0.006647689513232469,0.005399166922874676,0.002145204759297248,2,0.037248600389235026,5.10382937421717e-09,,1.3702070200984504e-07,,0.037248600389235026,5.10382937421717e-09,5.10382937421717e-09,1.3702070200984504e-07,7298167.250144064,6.863213811752988,1.9011050081505482e-10,1.0,1.0
39,response_tables/trial_00039_hard_negative_structure_obs-empirical_prior-axis_edge_parallel_rel0p5x.npz,axis_edge_parallel,0.5,2,quadratic,2,False,16,40,10,0.01,0.36040375207772546,0.27164328086752854,0.2218334044931134,5,1.7291774713769021,0.014501189532497127,4.56651454570007e-09,0.008386177689991637,2.6408593804219904e-09,,,,,,,,,
39,response_tables/trial_00039_hard_negative_structure_obs-empirical_prior-axis_edge_parallel_rel0p5x.npz,axis_edge_parallel,0.5,2,cubic,3,False,16,40,10,0.01,0.36050838648861594,0.27167742458600175,0.22179429331674302,9,1.7294488368399146,0.015160767000452399,0.004160309278612803,0.008766241982708475,0.002405569445011515,,,,,,,,,
39,response_tables/trial_00039_hard_negative_structure_obs-empirical_prior-axis_edge_parallel_rel0p5x.npz,axis_edge_parallel,0.5,2,affine_linear,1,True,16,40,10,0.01,0.486868341115523,0.4451670991714408,0.38230106015467913,3,0.03930313648824025,0.004736475800156032,4.319975275223063e-09,0.12051139484944709,1.0991426286081843e-07,,,,,,,,,
39,response_tables/trial_00039_hard_negative_structure_obs-empirical_prior-axis_edge_parallel_rel0p5x.npz,axis_edge_parallel,0.5,2,affine_quadratic,2,True,16,40,10,0.01,0.6048235015576535,0.5437401711168692,0.4966164287087707,6,1.0345839473765885,0.015578009233447826,0.0020452927595155934,0.01505726942018503,0.001976922959902747,,,,,,,,,
39,response_tables/trial_00039_hard_negative_structure_obs-empirical_prior-axis_edge_parallel_rel0p5x.npz,axis_edge_parallel,0.5,3,linear,1,False,16,40,10,0.01,0.005702017185765906,0.003559467392099669,-0.004776600607003995,2,0.044355109993077714,3.4635874318007257e-08,,7.808767540743943e-07,,0.044355109993077714,3.4635874318007257e-08,3.4635874318007257e-08,7.808767540743943e-07,1280611.8184236917,6.107417505494169,1.5362780150816274e-09,1.0,1.0
39,response_tables/trial_00039_hard_negative_structure_obs-empirical_prior-axis_edge_parallel_rel0p5x.npz,axis_edge_parallel,0.5,3,quadratic,2,False,16,40,10,0.01,0.30278695280485446,0.22450483130665133,0.17307188097562942,5,2.0768733761635048,0.018610440831550057,9.24365942244669e-09,0.008960797054430016,4.450757339632327e-09,,,,,,,,,
39,response_tables/trial_00039_hard_negative_structure_obs-empirical_prior-axis_edge_parallel_rel0p5x.npz,axis_edge_parallel,0.5,3,cubic,3,False,16,40,10,0.01,0.302802932943133,0.22447220092673814,0.17301347740838474,9,2.0768968313289853,0.01909147054781965,0.003859649524512892,0.00919230568405423,0.0018583732548925608,,,,,,,,,
39,response_tables/trial_00039_hard_negative_structure_obs-empirical_prior-axis_edge_parallel_rel0p5x.npz,axis_edge_parallel,0.5,3,affine_linear,1,True,16,40,10,0.01,0.43280551613617557,0.38618345849104196,0.23951696022371166,3,0.046792433871624003,0.006486350299949434,1.446259285462037e-08,0.13861963918664433,3.090797305884705e-07,,,,,,,,,
39,response_tables/trial_00039_hard_negative_structure_obs-empirical_prior-axis_edge_parallel_rel0p5x.npz,axis_edge_parallel,0.5,3,affine_quadratic,2,True,16,40,10,0.01,0.5382753285511822,0.4755926369149297,0.35437228050330816,6,1.2736653508533946,0.019255777026131137,0.0029429274158378252,0.015118395906137495,0.0023105970605748,,,,,,,,,
39,response_tables/trial_00039_hard_negative_structure_obs-empirical_prior-axis_edge_orthogonal_rel0p5x.npz,axis_edge_orthogonal,0.5,0,linear,1,False,16,40,10,0.01,0.002055991342811425,0.000545458187496739,-0.0007890260197064014,2,0.024709805198050393,1.4261763037860698e-09,,5.771701931096548e-08,,0.024709805198050393,1.4261763037860698e-09,1.4261763037860698e-09,5.771701931096548e-08,17325912.04359046,7.238696105337125,3.524053864462932e-11,1.0,1.0
39,response_tables/trial_00039_hard_negative_structure_obs-empirical_prior-axis_edge_orthogonal_rel0p5x.npz,axis_edge_orthogonal,0.5,0,quadratic,2,False,16,40,10,0.01,0.31356580482263885,0.23502805453451847,0.18935754131880617,5,1.9250188600353182,0.0071928774812974414,4.684881030901797e-10,0.003736523122254228,2.4336805878441337e-10,,,,,,,,,
39,response_tables/trial_00039_hard_negative_structure_obs-empirical_prior-axis_edge_orthogonal_rel0p5x.npz,axis_edge_orthogonal,0.5,0,cubic,3,False,16,40,10,0.01,0.31385695712492556,0.23515373294861397,0.18939838380505997,9,1.9260623457200374,0.018288733876774675,0.005070652601072803,0.009495400768004543,0.00263265237095801,,,,,,,,,
39,response_tables/trial_00039_hard_negative_structure_obs-empirical_prior-axis_edge_orthogonal_rel0p5x.npz,axis_edge_orthogonal,0.5,0,affine_linear,1,True,16,40,10,0.01,0.3337667472464775,0.3116275640285824,0.2783760549121327,3,0.027675454084167363,0.004612377963653013,3.363433194177938e-10,0.16665952253667532,1.2153127402892726e-08,,,,,,,,,
39,response_tables/trial_00039_hard_negative_structure_obs-empirical_prior-axis_edge_orthogonal_rel0p5x.npz,axis_edge_orthogonal,0.5,0,affine_quadratic,2,True,16,40,10,0.01,0.4591384422234941,0.40864204998730846,0.3696324222215718,6,1.2660496416765885,0.005958107118386787,0.0014846205469512097,0.0047060612177075925,0.0011726400751436372,,,,,,,,,
39,response_tables/trial_00039_hard_negative_structure_obs-empirical_prior-axis_edge_orthogonal_rel0p5x.npz,axis_edge_orthogonal,0.5,1,linear,1,False,16,40,10,0.01,0.002409191087598961,0.001181244155412875,-0.0005609860173099446,2,0.026318637798237832,2.5504240650015536e-09,,9.690562576047601e-08,,0.026318637798237832,2.5504240650015536e-09,2.5504240650015536e-09,9.690562576047601e-08,10319318.328037264,7.013651009679782,6.712368719868527e-11,1.0,1.0
39,response_tables/trial_00039_hard_negative_structure_obs-empirical_prior-axis_edge_orthogonal_rel0p5x.npz,axis_edge_orthogonal,0.5,1,quadratic,2,False,16,40,10,0.01,0.306400926860222,0.22816966272186923,0.18101406470427792,5,1.8718861639162991,0.006138041070624108,2.4622292701119845e-09,0.0032790674929624453,1.3153734012118498e-09,,,,,,,,,
39,response_tables/trial_00039_hard_negative_structure_obs-empirical_prior-axis_edge_orthogonal_rel0p5x.npz,axis_edge_orthogonal,0.5,1,cubic,3,False,16,40,10,0.01,0.3066848270750324,0.22828389749341516,0.18104009309965874,9,1.872883351521337,0.019597493646676564,0.00348455579249477,0.010463808987760814,0.0018605300696726665,,,,,,,,,
39,response_tables/trial_00039_hard_negative_structure_obs-empirical_prior-axis_edge_orthogonal_rel0p5x.npz,axis_edge_orthogonal,0.5,1,affine_linear,1,True,16,40,10,0.01,0.29810151539579943,0.27353030033334935,0.22923162890458654,3,0.02878589204462434,0.0040592873341224345,2.4210936315220576e-09,0.14101655518716127,8.410695168900239e-08,,,,,,,,,
39,response_tables/trial_00039_hard_negative_structure_obs-empirical_prior-axis_edge_orthogonal_rel0p5x.npz,axis_edge_orthogonal,0.5,1,affine_quadratic,2,True,16,40,10,0.01,0.4294553216061857,0.37555581857125064,0.3260161617056331,6,1.2755695098521467,0.004785211812907241,0.0022614884723320574,0.003751431635789023,0.0017729245288986173,,,,,,,,,
39,response_tables/trial_00039_hard_negative_structure_obs-empirical_prior-axis_edge_orthogonal_rel0p5x.npz,axis_edge_orthogonal,0.5,2,linear,1,False,16,40,10,0.01,0.0012920707044000723,0.0004998207080658679,0.00019975072544589634,2,0.020599790164298633,5.059000640292601e-09,,2.455850569322945e-07,,0.020599790164298633,5.059000640292601e-09,5.059000640292601e-09,2.455850569322945e-07,4071908.985389492,6.609798062161496,1.0421435163108e-10,1.0,1.0
39,response_tables/trial_00039_hard_negative_structure_obs-empirical_prior-axis_edge_orthogonal_rel0p5x.npz,axis_edge_orthogonal,0.5,2,quadratic,2,False,16,40,10,0.01,0.31918909884714664,0.2473025359620803,0.21034020727175687,5,2.0557706517969834,0.01294608495324787,4.2763610584972085e-09,0.006297436410005893,2.0801741939253634e-09,,,,,,,,,
39,response_tables/trial_00039_hard_negative_structure_obs-empirical_prior-axis_edge_orthogonal_rel0p5x.npz,axis_edge_orthogonal,0.5,2,cubic,3,False,16,40,10,0.01,0.3193609363513029,0.2473783001172989,0.21037783729247636,9,2.0563659157124925,0.019694481929911547,0.007395635925746299,0.009577323655983558,0.0035964591074171006,,,,,,,,,
39,response_tables/trial_00039_hard_negative_structure_obs-empirical_prior-axis_edge_orthogonal_rel0p5x.npz,axis_edge_orthogonal,0.5,2,affine_linear,1,True,16,40,10,0.01,0.538052497270598,0.5228752853580823,0.5236111700604504,3,0.02544336271782928,0.009647523497447777,4.329611909211681e-09,0.3791764321579763,1.701666543541327e-07,,,,,,,,,
39,response_tables/trial_00039_hard_negative_structure_obs-empirical_prior-axis_edge_orthogonal_rel0p5x.npz,axis_edge_orthogonal,0.5,2,affine_quadratic,2,True,16,40,10,0.01,0.6244695553409416,0.5915681653095399,0.5859989401048264,6,1.1103084445594773,0.012248290945331055,0.0034665036644008617,0.011031430955378035,0.003122108708968904,,,,,,,,,
39,response_tables/trial_00039_hard_negative_structure_obs-empirical_prior-axis_edge_orthogonal_rel0p5x.npz,axis_edge_orthogonal,0.5,3,linear,1,False,16,40,10,0.01,0.003400655015249332,0.002274260214412127,0.00045328637708810793,2,0.04295913883398824,2.6928117014531756e-08,,6.26830931564831e-07,,0.04295913883398824,2.6928117014531756e-08,2.6928117014531756e-08,6.26830931564831e-07,1595326.506149886,6.202849581002945,1.1568087173651507e-09,1.0,1.0
39,response_tables/trial_00039_hard_negative_structure_obs-empirical_prior-axis_edge_orthogonal_rel0p5x.npz,axis_edge_orthogonal,0.5,3,quadratic,2,False,16,40,10,0.01,0.2626318318838554,0.20095394329963923,0.168652994275496,5,2.432969061870924,0.010606341981335102,9.744008567851935e-09,0.004359423285546817,4.004986631584583e-09,,,,,,,,,
39,response_tables/trial_00039_hard_negative_structure_obs-empirical_prior-axis_edge_orthogonal_rel0p5x.npz,axis_edge_orthogonal,0.5,3,cubic,3,False,16,40,10,0.01,0.26265823162954294,0.2009389321933679,0.16863146543150836,9,2.4330593658372233,0.011365279017407694,0.00534668511858588,0.004671188536123888,0.0021975152738396373,,,,,,,,,
39,response_tables/trial_00039_hard_negative_structure_obs-empirical_prior-axis_edge_orthogonal_rel0p5x.npz,axis_edge_orthogonal,0.5,3,affine_linear,1,True,16,40,10,0.01,0.5266400105320275,0.5095870810274916,0.49825979211257854,3,0.04812351124931525,0.006225374685292085,1.289738533439738e-08,0.12936243685628127,2.6800590812211145e-07,,,,,,,,,
39,response_tables/trial_00039_hard_negative_structure_obs-empirical_prior-axis_edge_orthogonal_rel0p5x.npz,axis_edge_orthogonal,0.5,3,affine_quadratic,2,True,16,40,10,0.01,0.5934371991534524,0.5632571285726296,0.5497953118981678,6,1.2713730218092905,0.008532381627230192,0.0034525329398896443,0.006711155169147574,0.0027155939922150828,,,,,,,,,
40,response_tables/trial_00040_hard_negative_structure_obs-empirical_prior-axis_edge_parallel_rel1x.npz,axis_edge_parallel,1.0,0,linear,1,False,16,40,10,0.01,0.002885067581502865,0.0014870117750632739,0.0019388885999120642,2,0.015185506983021069,4.620131352132778e-09,,3.042461050064744e-07,,0.015185506983021069,4.620131352132778e-09,4.620131352132778e-09,3.042461050064744e-07,3286812.825356367,6.516774972950069,7.015903691028687e-11,1.0,1.0
40,response_tables/trial_00040_hard_negative_structure_obs-empirical_prior-axis_edge_parallel_rel1x.npz,axis_edge_parallel,1.0,0,quadratic,2,False,16,40,10,0.01,0.49292861024931234,0.43534893420625154,0.29355285856080127,5,1.269581995640309,0.011300937090852881,1.4009120973369993e-09,0.00890130541363994,1.1034435760334286e-09,,,,,,,,,
40,response_tables/trial_00040_hard_negative_structure_obs-empirical_prior-axis_edge_parallel_rel1x.npz,axis_edge_parallel,1.0,0,cubic,3,False,16,40,10,0.01,0.4929504997777119,0.4350445181142606,0.29336576741879605,9,1.269611240305224,0.011350644585844033,0.009062033607363996,0.008940252122464869,0.007137644437666932,,,,,,,,,
40,response_tables/trial_00040_hard_negative_structure_obs-empirical_prior-axis_edge_parallel_rel1x.npz,axis_edge_parallel,1.0,0,affine_linear,1,True,16,40,10,0.01,0.33081238376333055,0.2157393710266573,-0.5856493092367511,3,0.017034903225829817,0.005624853037975622,1.3734081707871523e-09,0.3301957729614058,8.062318597176825e-08,,,,,,,,,
40,response_tables/trial_00040_hard_negative_structure_obs-empirical_prior-axis_edge_parallel_rel1x.npz,axis_edge_parallel,1.0,0,affine_quadratic,2,True,16,40,10,0.01,0.5771956427528877,0.5026271371420326,0.06442833769960857,6,0.9710097921384847,0.012207261119703845,0.0016813665700100625,0.012571717832854618,0.0017315649992644638,,,,,,,,,
40,response_tables/trial_00040_hard_negative_structure_obs-empirical_prior-axis_edge_parallel_rel1x.npz,axis_edge_parallel,1.0,1,linear,1,False,16,40,10,0.01,0.004075756864408087,0.00210484640022246,0.002022884988639534,2,0.02061277992488964,2.7404029625283364e-09,,1.3294679186960798e-07,,0.02061277992488964,2.7404029625283364e-09,2.7404029625283364e-09,1.3294679186960798e-07,7521806.17476489,6.876322138137882,5.6487323172112184e-11,1.0,1.0
40,response_tables/trial_00040_hard_negative_structure_obs-empirical_prior-axis_edge_parallel_rel1x.npz,axis_edge_parallel,1.0,1,quadratic,2,False,16,40,10,0.01,0.4733664912483351,0.4199103158038282,0.2891115971214733,5,1.418064838324584,0.007293996142052288,1.2088543078136072e-09,0.005143626684002688,8.524675847980583e-10,,,,,,,,,
40,response_tables/trial_00040_hard_negative_structure_obs-empirical_prior-axis_edge_parallel_rel1x.npz,axis_edge_parallel,1.0,1,cubic,3,False,16,40,10,0.01,0.47341229209898994,0.419684158048627,0.2889646013903562,9,1.4181617271036344,0.013177381329435958,0.007210238503395923,0.009291874881117138,0.005084214561424999,,,,,,,,,
40,response_tables/trial_00040_hard_negative_structure_obs-empirical_prior-axis_edge_parallel_rel1x.npz,axis_edge_parallel,1.0,1,affine_linear,1,True,16,40,10,0.01,0.3480811986020168,0.23714544138845128,-0.38264726150778744,3,0.023277691282207507,0.0028023320066167556,1.4253688003481116e-09,0.1203870251840113,6.123325475312939e-08,,,,,,,,,
40,response_tables/trial_00040_hard_negative_structure_obs-empirical_prior-axis_edge_parallel_rel1x.npz,axis_edge_parallel,1.0,1,affine_quadratic,2,True,16,40,10,0.01,0.5749971562215543,0.5040348709221414,0.15499953313334736,6,1.0633927965039853,0.009479936904862665,0.002294547493532328,0.008914802635516195,0.0021577609901777517,,,,,,,,,
40,response_tables/trial_00040_hard_negative_structure_obs-empirical_prior-axis_edge_parallel_rel1x.npz,axis_edge_parallel,1.0,2,linear,1,False,16,40,10,0.01,0.010294030771551554,0.008050825373586368,0.007149400575845344,2,0.042681223029848524,1.856194948446755e-08,,4.3489731940170757e-07,,0.042681223029848524,1.856194948446755e-08,1.856194948446755e-08,4.3489731940170757e-07,2299393.3404227686,6.361613269208967,7.922467058153413e-10,1.0,1.0
40,response_tables/trial_00040_hard_negative_structure_obs-empirical_prior-axis_edge_parallel_rel1x.npz,axis_edge_parallel,1.0,2,quadratic,2,False,16,40,10,0.01,0.4059379323259802,0.37253038237554514,0.29186325278613934,5,1.701716129090207,0.016654223056397813,1.2602868728360005e-08,0.009786722222173274,7.405975951522485e-09,,,,,,,,,
40,response_tables/trial_00040_hard_negative_structure_obs-empirical_prior-axis_edge_parallel_rel1x.npz,axis_edge_parallel,1.0,2,cubic,3,False,16,40,10,0.01,0.40594315217295684,0.37245746987572403,0.29177399115012737,9,1.7014183770519185,0.021401408415945972,0.015843580754602203,0.012578568977859883,0.009311984029498194,,,,,,,,,
40,response_tables/trial_00040_hard_negative_structure_obs-empirical_prior-axis_edge_parallel_rel1x.npz,axis_edge_parallel,1.0,2,affine_linear,1,True,16,40,10,0.01,0.6715187762335607,0.6147499230912858,0.5472483065300884,3,0.04656960568636125,0.007760675846912624,1.4062445809800985e-08,0.16664680176120705,3.0196617734986373e-07,,,,,,,,,
40,response_tables/trial_00040_hard_negative_structure_obs-empirical_prior-axis_edge_parallel_rel1x.npz,axis_edge_parallel,1.0,2,affine_quadratic,2,True,16,40,10,0.01,0.7594338175777473,0.7213513442411232,0.6703678052002371,6,0.8637733011169958,0.01681618785427852,0.005239063385434571,0.019468288534193547,0.006065322207412097,,,,,,,,,
40,response_tables/trial_00040_hard_negative_structure_obs-empirical_prior-axis_edge_parallel_rel1x.npz,axis_edge_parallel,1.0,3,linear,1,False,16,40,10,0.01,0.003005799783851626,-0.00025608462536141907,0.0010796950890877288,2,0.02632258162507552,6.747026132020163e-08,,2.563208361596563e-06,,0.02632258162507552,6.747026132020163e-08,6.747026132020163e-08,2.563208361596563e-06,390136.0556490706,5.591216088855327,1.775991460866183e-09,1.0,1.0
40,response_tables/trial_00040_hard_negative_structure_obs-empirical_prior-axis_edge_parallel_rel1x.npz,axis_edge_parallel,1.0,3,quadratic,2,False,16,40,10,0.01,0.45344320741105504,0.3955257727527435,0.3084115691195327,5,2.279090923475852,0.011809581589733761,1.4397508467398952e-08,0.005181707086842729,6.317215482321016e-09,,,,,,,,,
40,response_tables/trial_00040_hard_negative_structure_obs-empirical_prior-axis_edge_parallel_rel1x.npz,axis_edge_parallel,1.0,3,cubic,3,False,16,40,10,0.01,0.45365212514559594,0.39553686525396115,0.3084396440093189,9,2.2802596706506124,0.019832585438581404,0.004769712941715153,0.00869751182018787,0.0020917411306731744,,,,,,,,,
40,response_tables/trial_00040_hard_negative_structure_obs-empirical_prior-axis_edge_parallel_rel1x.npz,axis_edge_parallel,1.0,3,affine_linear,1,True,16,40,10,0.01,0.5757506708443829,0.48881278197450495,0.24102624465983372,3,0.03314505142419941,0.007334984928365777,2.6389635871352963e-08,0.22129954889768128,7.96186300440787e-07,,,,,,,,,
40,response_tables/trial_00040_hard_negative_structure_obs-empirical_prior-axis_edge_parallel_rel1x.npz,axis_edge_parallel,1.0,3,affine_quadratic,2,True,16,40,10,0.01,0.7085106917913988,0.6468791763700983,0.48104346084419203,6,1.3266069831141887,0.01335172490321706,0.004654049938340282,0.010064567029395625,0.0035082356700814085,,,,,,,,,
40,response_tables/trial_00040_hard_negative_structure_obs-empirical_prior-axis_edge_orthogonal_rel1x.npz,axis_edge_orthogonal,1.0,0,linear,1,False,16,40,10,0.01,0.0035227169625529076,-0.00020019353748979007,5.25462057247017e-05,2,0.025763472201042355,6.119807265677507e-09,,2.3753813996507458e-07,,0.025763472201042355,6.119807265677507e-09,6.119807265677507e-09,2.3753813996507458e-07,4209850.258771205,6.624266648580103,1.5766748436501948e-10,1.0,1.0
40,response_tables/trial_00040_hard_negative_structure_obs-empirical_prior-axis_edge_orthogonal_rel1x.npz,axis_edge_orthogonal,1.0,0,quadratic,2,False,16,40,10,0.01,0.43749759459964577,0.39352025428714543,0.29515043525600076,5,1.8344947509581666,0.009902872597826996,1.2823343012486816e-09,0.005398147142505953,6.990122487834383e-10,,,,,,,,,
40,response_tables/trial_00040_hard_negative_structure_obs-empirical_prior-axis_edge_orthogonal_rel1x.npz,axis_edge_orthogonal,1.0,0,cubic,3,False,16,40,10,0.01,0.43750180706009745,0.3931027417541243,0.2948772684841622,9,1.834490513979214,0.009902973165238879,0.009431382125936517,0.00539821443053321,0.0051411452139257996,,,,,,,,,
40,response_tables/trial_00040_hard_negative_structure_obs-empirical_prior-axis_edge_orthogonal_rel1x.npz,axis_edge_orthogonal,1.0,0,affine_linear,1,True,16,40,10,0.01,0.4573768050316125,0.3833534132330233,0.22535326916521128,3,0.03042525199272951,0.005975022123620022,2.8413128199014072e-09,0.19638365279761125,9.338666514842257e-08,,,,,,,,,
40,response_tables/trial_00040_hard_negative_structure_obs-empirical_prior-axis_edge_orthogonal_rel1x.npz,axis_edge_orthogonal,1.0,0,affine_quadratic,2,True,16,40,10,0.01,0.6142854995444289,0.5660538693088881,0.45309126911018044,6,1.1900041068921097,0.010091522554619816,0.003926273848244005,0.008480241787547672,0.003299378401725109,,,,,,,,,
40,response_tables/trial_00040_hard_negative_structure_obs-empirical_prior-axis_edge_orthogonal_rel1x.npz,axis_edge_orthogonal,1.0,1,linear,1,False,16,40,10,0.01,0.0039054918944354533,0.00045090033743033775,0.0005312120459238789,2,0.02622625588951217,2.884357562152981e-09,,1.0997976891190291e-07,,0.02622625588951217,2.884357562152981e-09,2.884357562152981e-09,1.0997976891190291e-07,9092581.389228322,6.958687197187245,7.564589950187358e-11,1.0,1.0
40,response_tables/trial_00040_hard_negative_structure_obs-empirical_prior-axis_edge_orthogonal_rel1x.npz,axis_edge_orthogonal,1.0,1,quadratic,2,False,16,40,10,0.01,0.41791845086887414,0.3747448721857395,0.27789332931702215,5,1.7312265371545676,0.007916990559825927,2.985216585091281e-09,0.004573052913593989,1.7243361980794052e-09,,,,,,,,,
40,response_tables/trial_00040_hard_negative_structure_obs-empirical_prior-axis_edge_orthogonal_rel1x.npz,axis_edge_orthogonal,1.0,1,cubic,3,False,16,40,10,0.01,0.41792798823235366,0.37431074686514176,0.2776030603407903,9,1.7312311752901608,0.013551575217814617,0.007407493536198954,0.007827709788984895,0.004278743152229471,,,,,,,,,
40,response_tables/trial_00040_hard_negative_structure_obs-empirical_prior-axis_edge_orthogonal_rel1x.npz,axis_edge_orthogonal,1.0,1,affine_linear,1,True,16,40,10,0.01,0.42180513170479916,0.34383406005068506,0.14826396189389274,3,0.030402247508518915,0.004436334377667168,2.6737630109363842e-09,0.14592126376262401,8.794622865257503e-08,,,,,,,,,
40,response_tables/trial_00040_hard_negative_structure_obs-empirical_prior-axis_edge_orthogonal_rel1x.npz,axis_edge_orthogonal,1.0,1,affine_quadratic,2,True,16,40,10,0.01,0.5782359788147104,0.5271759810499115,0.3833435137382687,6,1.147729727760683,0.009130780552449107,0.0038457714013126498,0.007955514553294725,0.003350763954520959,,,,,,,,,
40,response_tables/trial_00040_hard_negative_structure_obs-empirical_prior-axis_edge_orthogonal_rel1x.npz,axis_edge_orthogonal,1.0,2,linear,1,False,16,40,10,0.01,0.006083910568924211,0.004108186149276993,0.0036255939377630997,2,0.04130006216256459,1.8260741871688853e-08,,4.421480481024759e-07,,0.04130006216256459,1.8260741871688853e-08,1.8260741871688853e-08,4.421480481024759e-07,2261685.8861903916,6.354432287871952,7.541697744352957e-10,1.0,1.0
40,response_tables/trial_00040_hard_negative_structure_obs-empirical_prior-axis_edge_orthogonal_rel1x.npz,axis_edge_orthogonal,1.0,2,quadratic,2,False,16,40,10,0.01,0.3450341117538246,0.3202009385061815,0.25991614979229155,5,1.9825001027629707,0.01412706499008889,9.386305003764013e-09,0.007125883610497816,4.734579832143518e-09,,,,,,,,,
40,response_tables/trial_00040_hard_negative_structure_obs-empirical_prior-axis_edge_orthogonal_rel1x.npz,axis_edge_orthogonal,1.0,2,cubic,3,False,16,40,10,0.01,0.3450514554397711,0.32010878950030885,0.25980262673845367,9,1.9820393228502553,0.025646808087202457,0.013888701744112173,0.012939606087290577,0.00700727860643029,,,,,,,,,
40,response_tables/trial_00040_hard_negative_structure_obs-empirical_prior-axis_edge_orthogonal_rel1x.npz,axis_edge_orthogonal,1.0,2,affine_linear,1,True,16,40,10,0.01,0.7540317979191109,0.725098770315816,0.7133211683302788,3,0.04843349605655716,0.009473277209531679,1.0434813280722128e-08,0.19559350410033308,2.1544621244225486e-07,,,,,,,,,
40,response_tables/trial_00040_hard_negative_structure_obs-empirical_prior-axis_edge_orthogonal_rel1x.npz,axis_edge_orthogonal,1.0,2,affine_quadratic,2,True,16,40,10,0.01,0.8015879569489973,0.7801392079429463,0.7688302563534486,6,0.7999319715152744,0.010484330906842528,0.0073535621388472585,0.013106528155116167,0.0091927343832973,,,,,,,,,
40,response_tables/trial_00040_hard_negative_structure_obs-empirical_prior-axis_edge_orthogonal_rel1x.npz,axis_edge_orthogonal,1.0,3,linear,1,False,16,40,10,0.01,0.0022294733083834117,0.0006194182127231551,0.0007816393064070115,2,0.030651872718240616,7.818754999143645e-08,,2.5508245682133426e-06,,0.030651872718240616,7.818754999143645e-08,7.818754999143645e-08,2.5508245682133426e-06,392030.0958605019,5.593319408766442,2.3965948304885855e-09,1.0,1.0
40,response_tables/trial_00040_hard_negative_structure_obs-empirical_prior-axis_edge_orthogonal_rel1x.npz,axis_edge_orthogonal,1.0,3,quadratic,2,False,16,40,10,0.01,0.36606436659398633,0.32126395853629497,0.2604369182260238,5,2.76950706621076,0.013212902259794827,3.8931649763432825e-08,0.00477084980970015,1.4057248756797402e-08,,,,,,,,,
40,response_tables/trial_00040_hard_negative_structure_obs-empirical_prior-axis_edge_orthogonal_rel1x.npz,axis_edge_orthogonal,1.0,3,cubic,3,False,16,40,10,0.01,0.36620794171409254,0.32129218626867306,0.2604707043987343,9,2.7706627662618333,0.027379075687741238,0.009065762748843912,0.00988177847594241,0.003272055646481799,,,,,,,,,
40,response_tables/trial_00040_hard_negative_structure_obs-empirical_prior-axis_edge_orthogonal_rel1x.npz,axis_edge_orthogonal,1.0,3,affine_linear,1,True,16,40,10,0.01,0.7257862549908053,0.6826943057827526,0.6525299752404479,3,0.04332883961264361,0.011109739834290016,3.5486084208350866e-08,0.2564052010995496,8.189945663348856e-07,,,,,,,,,
40,response_tables/trial_00040_hard_negative_structure_obs-empirical_prior-axis_edge_orthogonal_rel1x.npz,axis_edge_orthogonal,1.0,3,affine_quadratic,2,True,16,40,10,0.01,0.7819390173226365,0.7500826092974353,0.7242659449948718,6,1.1669882283259183,0.011512253934552727,0.005988895835363037,0.009864927216161744,0.005131924804378103,,,,,,,,,
41,response_tables/trial_00041_hard_negative_structure_obs-empirical_prior-axis_edge_parallel_rel2x.npz,axis_edge_parallel,2.0,0,linear,1,False,16,40,10,0.01,0.0009439135885493943,-0.00119007817864758,-0.001292492086284236,2,0.00810122353835441,6.430474382300371e-09,,7.937658246135229e-07,,0.00810122353835441,6.430474382300371e-09,6.430474382300371e-09,7.937658246135229e-07,1259817.4033089553,6.100307603465228,5.2094710428676804e-11,1.0,1.0
41,response_tables/trial_00041_hard_negative_structure_obs-empirical_prior-axis_edge_parallel_rel2x.npz,axis_edge_parallel,2.0,0,quadratic,2,False,16,40,10,0.01,0.43657367569876926,0.4254291212006742,0.38683467086772766,5,1.1061769594504118,0.003689231896210988,2.9774709104892572e-09,0.0033351190916541327,2.691676847046761e-09,,,,,,,,,
41,response_tables/trial_00041_hard_negative_structure_obs-empirical_prior-axis_edge_parallel_rel2x.npz,axis_edge_parallel,2.0,0,cubic,3,False,16,40,10,0.01,0.4445572142455343,0.42889315973498277,0.3909642275802315,9,1.177598383780616,0.030631511372849644,0.0035830444949575004,0.026011849026583093,0.003042671036499158,,,,,,,,,
41,response_tables/trial_00041_hard_negative_structure_obs-empirical_prior-axis_edge_parallel_rel2x.npz,axis_edge_parallel,2.0,0,affine_linear,1,True,16,40,10,0.01,0.6748951994737704,0.6217558705762014,0.5227238897192147,3,0.021250573568086406,0.0034645452942670897,2.9037833645887383e-09,0.16303302511655776,1.3664494067819277e-07,,,,,,,,,
41,response_tables/trial_00041_hard_negative_structure_obs-empirical_prior-axis_edge_parallel_rel2x.npz,axis_edge_parallel,2.0,0,affine_quadratic,2,True,16,40,10,0.01,0.7094780039261817,0.6675597206334387,0.5949976070551595,6,0.38406531446194214,0.004162613183376938,0.00302496409469159,0.010838295015545904,0.00787617100734396,,,,,,,,,
41,response_tables/trial_00041_hard_negative_structure_obs-empirical_prior-axis_edge_parallel_rel2x.npz,axis_edge_parallel,2.0,1,linear,1,False,16,40,10,0.01,0.0038278684201430435,0.0022476092127505787,0.0013660604333950443,2,0.01908507940442947,5.474545209937388e-09,,2.868494856074215e-07,,0.01908507940442947,5.474545209937388e-09,5.474545209937388e-09,2.868494856074215e-07,3486148.8347536623,6.542345924579026,1.0448213003479406e-10,1.0,1.0
41,response_tables/trial_00041_hard_negative_structure_obs-empirical_prior-axis_edge_parallel_rel2x.npz,axis_edge_parallel,2.0,1,quadratic,2,False,16,40,10,0.01,0.42194024582855294,0.41040098955952753,0.3765303284326984,5,1.2686127757846746,0.009923592660850073,1.925706262692184e-09,0.007822396912810559,1.517962217825749e-09,,,,,,,,,
41,response_tables/trial_00041_hard_negative_structure_obs-empirical_prior-axis_edge_parallel_rel2x.npz,axis_edge_parallel,2.0,1,cubic,3,False,16,40,10,0.01,0.42913496743338186,0.41356071865935295,0.3801203571043157,9,1.345930350409132,0.03214794714388925,0.00720510978739874,0.023885297730389252,0.005353256047171053,,,,,,,,,
41,response_tables/trial_00041_hard_negative_structure_obs-empirical_prior-axis_edge_parallel_rel2x.npz,axis_edge_parallel,2.0,1,affine_linear,1,True,16,40,10,0.01,0.7164420345683593,0.6788455787449215,0.6425290232845182,3,0.029493787607138798,0.008380376162244605,1.8652353220020884e-09,0.28414038487943083,6.324163402975816e-08,,,,,,,,,
41,response_tables/trial_00041_hard_negative_structure_obs-empirical_prior-axis_edge_parallel_rel2x.npz,axis_edge_parallel,2.0,1,affine_quadratic,2,True,16,40,10,0.01,0.7392094795401514,0.7074780766588349,0.6811368948465941,6,0.3654503661799308,0.008807020754010072,0.004676503026862694,0.02409908860147072,0.012796547656379144,,,,,,,,,
41,response_tables/trial_00041_hard_negative_structure_obs-empirical_prior-axis_edge_parallel_rel2x.npz,axis_edge_parallel,2.0,2,linear,1,False,16,40,10,0.01,0.0033775432598791566,0.002680797118301048,0.001970547011907242,2,0.022668456849691408,3.451260769148808e-08,,1.5224948006091518e-06,,0.022668456849691408,3.451260769148808e-08,3.451260769148808e-08,1.5224948006091518e-06,656816.6929699194,5.817444181828493,7.823475582248254e-10,1.0,1.0
41,response_tables/trial_00041_hard_negative_structure_obs-empirical_prior-axis_edge_parallel_rel2x.npz,axis_edge_parallel,2.0,2,quadratic,2,False,16,40,10,0.01,0.41939726651246534,0.41073743558401843,0.38850810311626954,5,1.6052746135485063,0.012655637182410848,1.3361275716613598e-08,0.007883783295142999,8.323358261474097e-09,,,,,,,,,
41,response_tables/trial_00041_hard_negative_structure_obs-empirical_prior-axis_edge_parallel_rel2x.npz,axis_edge_parallel,2.0,2,cubic,3,False,16,40,10,0.01,0.4240474192042527,0.4134019706385047,0.39121351664223325,9,1.6701645946522778,0.026744396553563792,0.012050396548137108,0.016013030475677086,0.007215095198833356,,,,,,,,,
41,response_tables/trial_00041_hard_negative_structure_obs-empirical_prior-axis_edge_parallel_rel2x.npz,axis_edge_parallel,2.0,2,affine_linear,1,True,16,40,10,0.01,0.8582421939251004,0.846174719977062,0.8428806397124231,3,0.03870343011623898,0.010974782132185164,1.4857652742292413e-08,0.2835609686072869,3.838846504733573e-07,,,,,,,,,
41,response_tables/trial_00041_hard_negative_structure_obs-empirical_prior-axis_edge_parallel_rel2x.npz,axis_edge_parallel,2.0,2,affine_quadratic,2,True,16,40,10,0.01,0.8668235413894191,0.8561323068952549,0.8539272308622187,6,0.284407528028269,0.01306887044926866,0.009121223984996929,0.045951211417897715,0.032070965379264904,,,,,,,,,
41,response_tables/trial_00041_hard_negative_structure_obs-empirical_prior-axis_edge_parallel_rel2x.npz,axis_edge_parallel,2.0,3,linear,1,False,16,40,10,0.01,0.008141724141524254,0.00340879327607857,0.004012536469988032,2,0.043105646150914424,2.557365103366771e-08,,5.932784522967927e-07,,0.043105646150914424,2.557365103366771e-08,2.557365103366771e-08,5.932784522967927e-07,1685549.1651999883,6.226741424827116,1.102368752244247e-09,1.0,1.0
41,response_tables/trial_00041_hard_negative_structure_obs-empirical_prior-axis_edge_parallel_rel2x.npz,axis_edge_parallel,2.0,3,quadratic,2,False,16,40,10,0.01,0.3815227964512047,0.37667590610128077,0.35513347916323684,5,2.001888248302217,0.011822953795812986,2.160932636369648e-08,0.005905900994143866,1.07944718602665e-08,,,,,,,,,
41,response_tables/trial_00041_hard_negative_structure_obs-empirical_prior-axis_edge_parallel_rel2x.npz,axis_edge_parallel,2.0,3,cubic,3,False,16,40,10,0.01,0.38313883730482523,0.37728493078984315,0.3557383603928421,9,2.0295205823890883,0.019852299157151244,0.005438651826546076,0.00978176783690547,0.0026797717026076496,,,,,,,,,
41,response_tables/trial_00041_hard_negative_structure_obs-empirical_prior-axis_edge_parallel_rel2x.npz,axis_edge_parallel,2.0,3,affine_linear,1,True,16,40,10,0.01,0.8388203929175598,0.8201689068883123,0.8103811631428505,3,0.058303502334726844,0.008294736998245743,2.1934149370051093e-08,0.14226824575005362,3.762063768335e-07,,,,,,,,,
41,response_tables/trial_00041_hard_negative_structure_obs-empirical_prior-axis_edge_parallel_rel2x.npz,axis_edge_parallel,2.0,3,affine_quadratic,2,True,16,40,10,0.01,0.8460505529082267,0.8301624239276298,0.8214299592167498,6,0.337430869173532,0.021074127158286562,0.00812879338023622,0.062454650962738924,0.024090248174821822,,,,,,,,,
41,response_tables/trial_00041_hard_negative_structure_obs-empirical_prior-axis_edge_orthogonal_rel2x.npz,axis_edge_orthogonal,2.0,0,linear,1,False,16,40,10,0.01,0.0031786133890265855,0.0019658377264856197,0.0020302961692964527,2,0.022388774020065002,1.0965713818340791e-08,,4.897862566531437e-07,,0.022388774020065002,1.0965713818340791e-08,1.0965713818340791e-08,4.897862566531437e-07,2041706.9413774488,6.309993405294281,2.455088886475361e-10,1.0,1.0
41,response_tables/trial_00041_hard_negative_structure_obs-empirical_prior-axis_edge_orthogonal_rel2x.npz,axis_edge_orthogonal,2.0,0,quadratic,2,False,16,40,10,0.01,0.36910962854105667,0.3532837721237333,0.340825396153856,5,1.52707681741068,0.014678163655087237,1.9775256082146e-09,0.009611935357630283,1.2949745459221257e-09,,,,,,,,,
41,response_tables/trial_00041_hard_negative_structure_obs-empirical_prior-axis_edge_orthogonal_rel2x.npz,axis_edge_orthogonal,2.0,0,cubic,3,False,16,40,10,0.01,0.3758185927678076,0.3562786442480268,0.343871610209332,9,1.6261423163009086,0.021472144529644903,0.010174232839868989,0.013204345225139325,0.006256668151292549,,,,,,,,,
41,response_tables/trial_00041_hard_negative_structure_obs-empirical_prior-axis_edge_orthogonal_rel2x.npz,axis_edge_orthogonal,2.0,0,affine_linear,1,True,16,40,10,0.01,0.7438177606495038,0.7293533093975963,0.7360176271707257,3,0.03649939033925673,0.012687012549115494,2.1893807050081505e-09,0.3475951908015856,5.998403492930054e-08,,,,,,,,,
41,response_tables/trial_00041_hard_negative_structure_obs-empirical_prior-axis_edge_orthogonal_rel2x.npz,axis_edge_orthogonal,2.0,0,affine_quadratic,2,True,16,40,10,0.01,0.750677741516431,0.7329516507018717,0.7400322085029583,6,0.25975813408827725,0.014983558728209417,0.006661934532410016,0.05768273159491261,0.025646683041486575,,,,,,,,,
41,response_tables/trial_00041_hard_negative_structure_obs-empirical_prior-axis_edge_orthogonal_rel2x.npz,axis_edge_orthogonal,2.0,1,linear,1,False,16,40,10,0.01,0.004582961440272815,0.00315561014869703,0.0034072257475879775,2,0.026437848987537708,7.014926539994229e-09,,2.653365084013049e-07,,0.026437848987537708,7.014926539994229e-09,7.014926539994229e-09,2.653365084013049e-07,3768799.122386741,6.576202990099143,1.854595685230378e-10,1.0,1.0
41,response_tables/trial_00041_hard_negative_structure_obs-empirical_prior-axis_edge_orthogonal_rel2x.npz,axis_edge_orthogonal,2.0,1,quadratic,2,False,16,40,10,0.01,0.3648657324041008,0.34915817913845437,0.3361310184531139,5,1.4909338469230866,0.016563001363704876,2.435951039767218e-09,0.011109145719568145,1.6338424704720532e-09,,,,,,,,,
41,response_tables/trial_00041_hard_negative_structure_obs-empirical_prior-axis_edge_orthogonal_rel2x.npz,axis_edge_orthogonal,2.0,1,cubic,3,False,16,40,10,0.01,0.3712906347349617,0.3520600341269152,0.3390594437168809,9,1.5851292439386906,0.02347559191508844,0.012557236160782755,0.014809891373120377,0.007921900506725142,,,,,,,,,
41,response_tables/trial_00041_hard_negative_structure_obs-empirical_prior-axis_edge_orthogonal_rel2x.npz,axis_edge_orthogonal,2.0,1,affine_linear,1,True,16,40,10,0.01,0.7383227832935357,0.7240866572260607,0.7318391634552708,3,0.03841711398481934,0.013170027641278418,2.4782442668234942e-09,0.34281668442045393,6.450886101966903e-08,,,,,,,,,
41,response_tables/trial_00041_hard_negative_structure_obs-empirical_prior-axis_edge_orthogonal_rel2x.npz,axis_edge_orthogonal,2.0,1,affine_quadratic,2,True,16,40,10,0.01,0.7448996904765155,0.7270343851397022,0.7352695868919001,6,0.2504588265592149,0.018963743952104636,0.006663152661674292,0.07571601373617838,0.026603784554979342,,,,,,,,,
41,response_tables/trial_00041_hard_negative_structure_obs-empirical_prior-axis_edge_orthogonal_rel2x.npz,axis_edge_orthogonal,2.0,2,linear,1,False,16,40,10,0.01,0.0008791565858964345,1.6371193827802166e-05,6.095642445055893e-05,2,0.013748134494195456,5.590243937724001e-08,,4.066183626647118e-06,,0.013748134494195456,5.590243937724001e-08,5.590243937724001e-08,4.066183626647118e-06,245930.85109257037,5.3908130127518765,7.685542551119037e-10,1.0,1.0
41,response_tables/trial_00041_hard_negative_structure_obs-empirical_prior-axis_edge_orthogonal_rel2x.npz,axis_edge_orthogonal,2.0,2,quadratic,2,False,16,40,10,0.01,0.3683275144911575,0.3573434488416223,0.35117284154921,5,1.792887977752917,0.013072469161236706,1.4445073157178916e-08,0.007291291660966372,8.056874348214093e-09,,,,,,,,,
41,response_tables/trial_00041_hard_negative_structure_obs-empirical_prior-axis_edge_orthogonal_rel2x.npz,axis_edge_orthogonal,2.0,2,cubic,3,False,16,40,10,0.01,0.37369920419666114,0.3604952464199105,0.35427064451538837,9,1.88541296889237,0.04291626794597521,0.008611733380937717,0.022762264105559524,0.004567558154644965,,,,,,,,,
41,response_tables/trial_00041_hard_negative_structure_obs-empirical_prior-axis_edge_orthogonal_rel2x.npz,axis_edge_orthogonal,2.0,2,affine_linear,1,True,16,40,10,0.01,0.8754845628593649,0.8705524466651858,0.8718518177875366,3,0.04024524741041995,0.012892756073795954,1.633755934097192e-08,0.320354747538659,4.0595002869188325e-07,,,,,,,,,
41,response_tables/trial_00041_hard_negative_structure_obs-empirical_prior-axis_edge_orthogonal_rel2x.npz,axis_edge_orthogonal,2.0,2,affine_quadratic,2,True,16,40,10,0.01,0.8777228267560411,0.8714338272231992,0.8729780390529316,6,0.17284122131237806,0.031266152025788925,0.011257633770155538,0.180895227355986,0.06513280619447533,,,,,,,,,
41,response_tables/trial_00041_hard_negative_structure_obs-empirical_prior-axis_edge_orthogonal_rel2x.npz,axis_edge_orthogonal,2.0,3,linear,1,False,16,40,10,0.01,0.003117631184082259,0.0001816073422830078,0.0005573954333145947,2,0.032635399302915105,3.4479006976964674e-08,,1.0564910408154525e-06,,0.032635399302915105,3.4479006976964674e-08,3.4479006976964674e-08,1.0564910408154525e-06,946529.5599933815,5.976134181471023,1.1252361602612379e-09,1.0,1.0
41,response_tables/trial_00041_hard_negative_structure_obs-empirical_prior-axis_edge_orthogonal_rel2x.npz,axis_edge_orthogonal,2.0,3,quadratic,2,False,16,40,10,0.01,0.34969192833216656,0.34434102548535594,0.3366015494289411,5,2.359296922718726,0.012012319183276096,2.7810649581282704e-08,0.005091482580087355,1.1787685269065336e-08,,,,,,,,,
41,response_tables/trial_00041_hard_negative_structure_obs-empirical_prior-axis_edge_orthogonal_rel2x.npz,axis_edge_orthogonal,2.0,3,cubic,3,False,16,40,10,0.01,0.35126026678025934,0.34487853208737684,0.3371234685924054,9,2.3932796542606214,0.020987510035592176,0.009667969063081332,0.008769351295085508,0.004039631994476696,,,,,,,,,
41,response_tables/trial_00041_hard_negative_structure_obs-empirical_prior-axis_edge_orthogonal_rel2x.npz,axis_edge_orthogonal,2.0,3,affine_linear,1,True,16,40,10,0.01,0.8600860700587089,0.8530481888445124,0.8543173808963651,3,0.05871188539707779,0.010213757880482226,2.6271848682452586e-08,0.1739640587490073,4.4747070384083063e-07,,,,,,,,,
41,response_tables/trial_00041_hard_negative_structure_obs-empirical_prior-axis_edge_orthogonal_rel2x.npz,axis_edge_orthogonal,2.0,3,affine_quadratic,2,True,16,40,10,0.01,0.8626589503681787,0.8556565362447643,0.8569358139543704,6,0.24752519098268422,0.03468367197404046,0.010174632811999922,0.14012178653956386,0.0411054437393069,,,,,,,,,
42,response_tables/trial_00042_hard_negative_structure_obs-empirical_prior-axis_edge_parallel_rel0p5x.npz,axis_edge_parallel,0.5,0,linear,1,False,16,40,10,0.01,0.002097443556165257,-0.013646367866216869,-0.011427197857726501,2,0.01735157942280451,1.619147027410287e-08,,9.331410057589944e-07,,0.01735157942280451,1.619147027410287e-08,1.619147027410287e-08,9.331410057589944e-07,1071649.401139139,6.030052725603967,2.8094758243307424e-10,1.0,1.0
42,response_tables/trial_00042_hard_negative_structure_obs-empirical_prior-axis_edge_parallel_rel0p5x.npz,axis_edge_parallel,0.5,0,quadratic,2,False,16,40,10,0.01,0.31705908132792426,0.26392925773988263,0.27392339877469374,5,1.2736474825351667,0.012782441806408277,7.080742677377748e-09,0.010036090819231326,5.5594210913711295e-09,,,,,,,,,
42,response_tables/trial_00042_hard_negative_structure_obs-empirical_prior-axis_edge_parallel_rel0p5x.npz,axis_edge_parallel,0.5,0,cubic,3,False,16,40,10,0.01,0.31900522657133723,0.26141173518650807,0.2721895394976589,9,1.290024364756103,0.024223628632267808,0.010128968877952345,0.01877765203050845,0.007851765559379468,,,,,,,,,
42,response_tables/trial_00042_hard_negative_structure_obs-empirical_prior-axis_edge_parallel_rel0p5x.npz,axis_edge_parallel,0.5,0,affine_linear,1,True,16,40,10,0.01,0.4481181659918613,0.40750289716544086,0.4001376006780639,3,0.020883442844533404,0.009469099830463248,8.016703007431233e-09,0.45342618556508496,3.838784182814828e-07,,,,,,,,,
42,response_tables/trial_00042_hard_negative_structure_obs-empirical_prior-axis_edge_parallel_rel0p5x.npz,axis_edge_parallel,0.5,0,affine_quadratic,2,True,16,40,10,0.01,0.5485054355509669,0.5126766246617112,0.5067060791291835,6,0.7658825579971829,0.012486564070782484,0.002581709224049151,0.016303497109838104,0.003370894397700394,,,,,,,,,
42,response_tables/trial_00042_hard_negative_structure_obs-empirical_prior-axis_edge_parallel_rel0p5x.npz,axis_edge_parallel,0.5,1,linear,1,False,16,40,10,0.01,0.0020725310027341903,-0.01148763746900583,-0.01021942984505625,2,0.018386042326032404,2.0682531174167722e-08,,1.1249039248040764e-06,,0.018386042326032404,2.0682531174167722e-08,2.0682531174167722e-08,1.1249039248040764e-06,888964.8066381929,5.948884567960794,3.8026989357773244e-10,1.0,1.0
42,response_tables/trial_00042_hard_negative_structure_obs-empirical_prior-axis_edge_parallel_rel0p5x.npz,axis_edge_parallel,0.5,1,quadratic,2,False,16,40,10,0.01,0.3238210013172095,0.282037137548641,0.2689748344085555,5,1.3557800276957364,0.018199368354890326,2.023921990207173e-09,0.013423540679988997,1.4928100052093264e-09,,,,,,,,,
42,response_tables/trial_00042_hard_negative_structure_obs-empirical_prior-axis_edge_parallel_rel0p5x.npz,axis_edge_parallel,0.5,1,cubic,3,False,16,40,10,0.01,0.32473880695403556,0.2782385477754815,0.2655360472669571,9,1.3645575272715909,0.030099358054776548,0.006916696800078376,0.0220579619790451,0.005068820230619512,,,,,,,,,
42,response_tables/trial_00042_hard_negative_structure_obs-empirical_prior-axis_edge_parallel_rel0p5x.npz,axis_edge_parallel,0.5,1,affine_linear,1,True,16,40,10,0.01,0.3871892726290602,0.35743002635603716,0.35536663202524377,3,0.018730754848661074,0.014410731570631727,2.5648151895984623e-09,0.7693620298309465,1.3693069021090746e-07,,,,,,,,,
42,response_tables/trial_00042_hard_negative_structure_obs-empirical_prior-axis_edge_parallel_rel0p5x.npz,axis_edge_parallel,0.5,1,affine_quadratic,2,True,16,40,10,0.01,0.5059589090177485,0.47938790642246254,0.47150839248974774,6,0.8773859596196096,0.01823132578936322,0.0020168871662913004,0.020779140114422855,0.0022987456593968306,,,,,,,,,
42,response_tables/trial_00042_hard_negative_structure_obs-empirical_prior-axis_edge_parallel_rel0p5x.npz,axis_edge_parallel,0.5,2,linear,1,False,16,40,10,0.01,0.0017500024585552776,-0.014272316787665495,-0.01147958757029982,2,0.017015655486528374,1.0119887667242194e-07,,5.947398074234817e-06,,0.017015655486528374,1.0119887667242194e-07,1.0119887667242194e-07,5.947398074234817e-06,168140.75458176868,5.225672992111494,1.7219652210816046e-09,1.0,1.0
42,response_tables/trial_00042_hard_negative_structure_obs-empirical_prior-axis_edge_parallel_rel0p5x.npz,axis_edge_parallel,0.5,2,quadratic,2,False,16,40,10,0.01,0.3419404505696345,0.2864793525050997,0.28950887471482506,5,1.4227595152368386,0.015260362706584225,7.860345939227618e-09,0.010725890456648198,5.5247185873989046e-09,,,,,,,,,
42,response_tables/trial_00042_hard_negative_structure_obs-empirical_prior-axis_edge_parallel_rel0p5x.npz,axis_edge_parallel,0.5,2,cubic,3,False,16,40,10,0.01,0.34380215835628647,0.28375043470050043,0.2873797906135145,9,1.4391782692102773,0.025026912245770368,0.012519959886525843,0.017389723553499336,0.008699380858075312,,,,,,,,,
42,response_tables/trial_00042_hard_negative_structure_obs-empirical_prior-axis_edge_parallel_rel0p5x.npz,axis_edge_parallel,0.5,2,affine_linear,1,True,16,40,10,0.01,0.44487468727591895,0.40269584931466074,0.39609803566487023,3,0.019750183337267958,0.012520833376806735,1.53707279897045e-08,0.6339603619365055,7.782574838533491e-07,,,,,,,,,
42,response_tables/trial_00042_hard_negative_structure_obs-empirical_prior-axis_edge_parallel_rel0p5x.npz,axis_edge_parallel,0.5,2,affine_quadratic,2,True,16,40,10,0.01,0.5613234923015992,0.5246979836217203,0.5159628804979134,6,0.8865591369868905,0.01515367504026049,0.0023459058913142886,0.017092683847083928,0.002646079424873129,,,,,,,,,
42,response_tables/trial_00042_hard_negative_structure_obs-empirical_prior-axis_edge_parallel_rel0p5x.npz,axis_edge_parallel,0.5,3,linear,1,False,16,40,10,0.01,0.00019278268971134604,-0.005733045184719954,-0.005341753315906639,2,0.0057755415981215075,2.4991475355451088e-08,,4.3271223885876875e-06,,0.0057755415981215075,2.4991475355451088e-08,2.4991475355451088e-08,4.3271223885876875e-06,231100.465897935,5.3638008210165316,1.4433930551383624e-10,1.0,1.0
42,response_tables/trial_00042_hard_negative_structure_obs-empirical_prior-axis_edge_parallel_rel0p5x.npz,axis_edge_parallel,0.5,3,quadratic,2,False,16,40,10,0.01,0.2992473307256269,0.2674050405275441,0.26370748076966144,5,1.3060666131623417,0.005763330897639958,4.145316283895021e-09,0.00441273885999227,3.173893461573208e-09,,,,,,,,,
42,response_tables/trial_00042_hard_negative_structure_obs-empirical_prior-axis_edge_parallel_rel0p5x.npz,axis_edge_parallel,0.5,3,cubic,3,False,16,40,10,0.01,0.30236454124112966,0.26340556156374406,0.25984158483060604,9,1.331852844454769,0.02207389951001505,0.005745052836719729,0.01657382765815364,0.004313579282155324,,,,,,,,,
42,response_tables/trial_00042_hard_negative_structure_obs-empirical_prior-axis_edge_parallel_rel0p5x.npz,axis_edge_parallel,0.5,3,affine_linear,1,True,16,40,10,0.01,0.4218292279416578,0.39776237888473676,0.39756823183034296,3,0.016002600953494258,0.005772673458578748,5.390382478542497e-09,0.36073345047813943,3.3684414766122605e-07,,,,,,,,,
42,response_tables/trial_00042_hard_negative_structure_obs-empirical_prior-axis_edge_parallel_rel0p5x.npz,axis_edge_parallel,0.5,3,affine_quadratic,2,True,16,40,10,0.01,0.5234758910733097,0.4950847978193218,0.4942781073047232,6,0.8079141478697452,0.005854455020519857,0.0018833193503462256,0.007246382596413862,0.00233108846442662,,,,,,,,,
42,response_tables/trial_00042_hard_negative_structure_obs-empirical_prior-axis_edge_orthogonal_rel0p5x.npz,axis_edge_orthogonal,0.5,0,linear,1,False,16,40,10,0.01,0.0010709349923695433,-0.014473267780075405,-0.012336245459609207,2,0.015802993535228838,1.0883864174345038e-08,,6.8872167479422e-07,,0.015802993535228838,1.0883864174345038e-08,1.0883864174345038e-08,6.8872167479422e-07,1451965.338972068,6.16195624909628,1.719976351854834e-10,1.0,1.0
42,response_tables/trial_00042_hard_negative_structure_obs-empirical_prior-axis_edge_orthogonal_rel0p5x.npz,axis_edge_orthogonal,0.5,0,quadratic,2,False,16,40,10,0.01,0.27937074832563313,0.19601437958254853,0.2092392085690221,5,1.5259770008325673,0.009148806737674058,8.57312652405448e-09,0.005995376557236776,5.618123025037084e-09,,,,,,,,,
42,response_tables/trial_00042_hard_negative_structure_obs-empirical_prior-axis_edge_orthogonal_rel0p5x.npz,axis_edge_orthogonal,0.5,0,cubic,3,False,16,40,10,0.01,0.28205429789181014,0.19277158890310075,0.20676735261152404,9,1.5547803304966985,0.04398593886036466,0.009131893159379366,0.028290773942523877,0.005873429821730535,,,,,,,,,
42,response_tables/trial_00042_hard_negative_structure_obs-empirical_prior-axis_edge_orthogonal_rel0p5x.npz,axis_edge_orthogonal,0.5,0,affine_linear,1,True,16,40,10,0.01,0.4788090883387387,0.44839667506705694,0.43704925054533816,3,0.024002016264156663,0.008039665091405168,8.910216449312691e-09,0.33495790532444464,3.7122783149758695e-07,,,,,,,,,
42,response_tables/trial_00042_hard_negative_structure_obs-empirical_prior-axis_edge_orthogonal_rel0p5x.npz,axis_edge_orthogonal,0.5,0,affine_quadratic,2,True,16,40,10,0.01,0.5513836034028985,0.5048019449276391,0.4989179013590423,6,0.8300629944269156,0.008695036104801034,0.0031294728616256887,0.010475152082649077,0.0037701630871838955,,,,,,,,,
42,response_tables/trial_00042_hard_negative_structure_obs-empirical_prior-axis_edge_orthogonal_rel0p5x.npz,axis_edge_orthogonal,0.5,1,linear,1,False,16,40,10,0.01,0.0016823334657217748,-0.014329888854275774,-0.012301699740286748,2,0.020333039112623068,1.1058216620708065e-08,,5.438545885569536e-07,,0.020333039112623068,1.1058216620708065e-08,1.1058216620708065e-08,5.438545885569536e-07,1838726.7866092073,6.264517202928698,2.2484715106471556e-10,1.0,1.0
42,response_tables/trial_00042_hard_negative_structure_obs-empirical_prior-axis_edge_orthogonal_rel0p5x.npz,axis_edge_orthogonal,0.5,1,quadratic,2,False,16,40,10,0.01,0.2568699379433953,0.21200723208547112,0.22098539029371697,5,1.4816633405010269,0.011460102991481542,1.10381754552629e-08,0.007734620057216432,7.449853926689124e-09,,,,,,,,,
42,response_tables/trial_00042_hard_negative_structure_obs-empirical_prior-axis_edge_orthogonal_rel0p5x.npz,axis_edge_orthogonal,0.5,1,cubic,3,False,16,40,10,0.01,0.2582280881547534,0.20881464232977054,0.21836516807202694,9,1.4987679864368466,0.017867632496716628,0.009059275526567226,0.011921546669271291,0.006044481606592519,,,,,,,,,
42,response_tables/trial_00042_hard_negative_structure_obs-empirical_prior-axis_edge_orthogonal_rel0p5x.npz,axis_edge_orthogonal,0.5,1,affine_linear,1,True,16,40,10,0.01,0.4183816366718185,0.3852950675212189,0.3642280302782202,3,0.026233685333448345,0.00919955041731157,1.101201681057688e-08,0.3506770131751944,4.1976629172022555e-07,,,,,,,,,
42,response_tables/trial_00042_hard_negative_structure_obs-empirical_prior-axis_edge_orthogonal_rel0p5x.npz,axis_edge_orthogonal,0.5,1,affine_quadratic,2,True,16,40,10,0.01,0.489425416232643,0.4550213368781588,0.4392662373036049,6,0.832656362246711,0.010483523535908883,0.001839356489352475,0.012590456292943905,0.0022090223203116354,,,,,,,,,
42,response_tables/trial_00042_hard_negative_structure_obs-empirical_prior-axis_edge_orthogonal_rel0p5x.npz,axis_edge_orthogonal,0.5,2,linear,1,False,16,40,10,0.01,0.0005042156577621526,-0.016959856548703467,-0.014201897918797057,2,0.011693506115808498,8.024923860876001e-08,,6.862718316816095e-06,,0.011693506115808498,8.024923860876001e-08,8.024923860876001e-08,6.862718316816095e-06,145714.85435292384,5.163503826544706,9.383949624605106e-10,1.0,1.0
42,response_tables/trial_00042_hard_negative_structure_obs-empirical_prior-axis_edge_orthogonal_rel0p5x.npz,axis_edge_orthogonal,0.5,2,quadratic,2,False,16,40,10,0.01,0.2856767976071938,0.20898702101043487,0.22271431033703312,5,1.667771934840624,0.008494881936313852,5.22496204984732e-09,0.005093551317689995,3.132899613367477e-09,,,,,,,,,
42,response_tables/trial_00042_hard_negative_structure_obs-empirical_prior-axis_edge_orthogonal_rel0p5x.npz,axis_edge_orthogonal,0.5,2,cubic,3,False,16,40,10,0.01,0.28795383531526164,0.20585950905167516,0.2203276093514607,9,1.6947348402188223,0.02983002824052578,0.006593082967312172,0.017601590250351,0.003890333054379693,,,,,,,,,
42,response_tables/trial_00042_hard_negative_structure_obs-empirical_prior-axis_edge_orthogonal_rel0p5x.npz,axis_edge_orthogonal,0.5,2,affine_linear,1,True,16,40,10,0.01,0.48161223123102903,0.4469933007646646,0.4287921810418611,3,0.022911759194845005,0.008348935539048025,8.75649582839062e-09,0.3643952202904821,3.821834785327516e-07,,,,,,,,,
42,response_tables/trial_00042_hard_negative_structure_obs-empirical_prior-axis_edge_orthogonal_rel0p5x.npz,axis_edge_orthogonal,0.5,2,affine_quadratic,2,True,16,40,10,0.01,0.5573975319485467,0.5124249777026506,0.4996584577922306,6,0.9157440641286776,0.008365545935332985,0.002736511480077296,0.009135244511022551,0.0029882928945666304,,,,,,,,,
42,response_tables/trial_00042_hard_negative_structure_obs-empirical_prior-axis_edge_orthogonal_rel0p5x.npz,axis_edge_orthogonal,0.5,3,linear,1,False,16,40,10,0.01,0.0010960677537322772,-0.0018440517925308875,-0.0023888558597513487,2,0.01760630002790953,2.3457424543974117e-08,,1.3323312965693744e-06,,0.01760630002790953,2.3457424543974117e-08,2.3457424543974117e-08,1.3323312965693744e-06,750564.0695935796,5.8753877703745125,4.129984544032572e-10,1.0,1.0
42,response_tables/trial_00042_hard_negative_structure_obs-empirical_prior-axis_edge_orthogonal_rel0p5x.npz,axis_edge_orthogonal,0.5,3,quadratic,2,False,16,40,10,0.01,0.2930285052215078,0.26347960178910346,0.2589664036068765,5,1.6498613104786135,0.011671194222796468,6.002045650333597e-09,0.007074045647758559,3.637909206194092e-09,,,,,,,,,
42,response_tables/trial_00042_hard_negative_structure_obs-empirical_prior-axis_edge_orthogonal_rel0p5x.npz,axis_edge_orthogonal,0.5,3,cubic,3,False,16,40,10,0.01,0.2971635696943973,0.2601367654778881,0.25596175178663727,9,1.6928720041255634,0.04228293504310587,0.011656080671333223,0.024977041938233663,0.006885388052331846,,,,,,,,,
42,response_tables/trial_00042_hard_negative_structure_obs-empirical_prior-axis_edge_orthogonal_rel0p5x.npz,axis_edge_orthogonal,0.5,3,affine_linear,1,True,16,40,10,0.01,0.5631327228756754,0.542758733431118,0.5395427780067535,3,0.02761215655051038,0.010267445656536247,6.511919284526639e-09,0.37184511965786554,2.358352297697035e-07,,,,,,,,,
42,response_tables/trial_00042_hard_negative_structure_obs-empirical_prior-axis_edge_orthogonal_rel0p5x.npz,axis_edge_orthogonal,0.5,3,affine_quadratic,2,True,16,40,10,0.01,0.6367907753936289,0.6137787175198663,0.610099874971359,6,0.8795246632470979,0.01147380907000889,0.00521853780975558,0.01304546597664355,0.005933361539276653,,,,,,,,,
43,response_tables/trial_00043_hard_negative_structure_obs-empirical_prior-axis_edge_parallel_rel1x.npz,axis_edge_parallel,1.0,0,linear,1,False,16,40,10,0.01,0.008329145177423669,0.006301858588887765,0.00694328373318992,2,0.03388257433268432,7.704416582106561e-09,,2.2738580919085033e-07,,0.03388257433268432,7.704416582106561e-09,7.704416582106561e-09,2.2738580919085033e-07,4397811.822815539,6.643236642473328,2.6104546753319126e-10,1.0,1.0
43,response_tables/trial_00043_hard_negative_structure_obs-empirical_prior-axis_edge_parallel_rel1x.npz,axis_edge_parallel,1.0,0,quadratic,2,False,16,40,10,0.01,0.4034325536052298,0.3656677624305096,0.3470331918651474,5,1.458774379421442,0.014282672264740353,7.523568500667983e-09,0.009790871341190499,5.157458621978178e-09,,,,,,,,,
43,response_tables/trial_00043_hard_negative_structure_obs-empirical_prior-axis_edge_parallel_rel1x.npz,axis_edge_parallel,1.0,0,cubic,3,False,16,40,10,0.01,0.4035581457877264,0.3641979319175688,0.34491540745826516,9,1.4589440470481903,0.049691733559734844,0.014278947981266294,0.03406006807476523,0.009787179988263558,,,,,,,,,
43,response_tables/trial_00043_hard_negative_structure_obs-empirical_prior-axis_edge_parallel_rel1x.npz,axis_edge_parallel,1.0,0,affine_linear,1,True,16,40,10,0.01,0.6791705074637576,0.6598971899656476,0.640042649978285,3,0.0400956840836302,0.008433988842393277,7.38055888676563e-09,0.21034655063627178,1.8407364920801735e-07,,,,,,,,,
43,response_tables/trial_00043_hard_negative_structure_obs-empirical_prior-axis_edge_parallel_rel1x.npz,axis_edge_parallel,1.0,0,affine_quadratic,2,True,16,40,10,0.01,0.7385299213147956,0.7119727773164337,0.6990423013880228,6,0.6380198375128845,0.014554616955944214,0.004870936967148287,0.0228121699360959,0.007634460060264068,,,,,,,,,
43,response_tables/trial_00043_hard_negative_structure_obs-empirical_prior-axis_edge_parallel_rel1x.npz,axis_edge_parallel,1.0,1,linear,1,False,16,40,10,0.01,0.0032494083296944476,0.00022041074032219665,0.0006616380233775421,2,0.021540233909670515,3.0654277425119776e-09,,1.423117202611133e-07,,0.021540233909670515,3.0654277425119776e-09,3.0654277425119776e-09,1.423117202611133e-07,7026828.135906176,6.846759331573314,6.603003060690123e-11,1.0,1.0
43,response_tables/trial_00043_hard_negative_structure_obs-empirical_prior-axis_edge_parallel_rel1x.npz,axis_edge_parallel,1.0,1,quadratic,2,False,16,40,10,0.01,0.4271230530698864,0.38721028064286933,0.37443982224586586,5,1.5211521349691317,0.0069953717186769905,3.0684143149441087e-09,0.004598732472487997,2.0171646506655135e-09,,,,,,,,,
43,response_tables/trial_00043_hard_negative_structure_obs-empirical_prior-axis_edge_parallel_rel1x.npz,axis_edge_parallel,1.0,1,cubic,3,False,16,40,10,0.01,0.42727990138595495,0.38579772766433607,0.3723834808152531,9,1.5215897855449323,0.05188686120809808,0.0068785118147036695,0.03410042686998957,0.004520608563523081,,,,,,,,,
43,response_tables/trial_00043_hard_negative_structure_obs-empirical_prior-axis_edge_parallel_rel1x.npz,axis_edge_parallel,1.0,1,affine_linear,1,True,16,40,10,0.01,0.6279804504673985,0.6067692449443953,0.5854420657879493,3,0.03070123893426187,0.0057858772856173996,3.065424870251597e-09,0.1884574527433971,9.984694353264857e-08,,,,,,,,,
43,response_tables/trial_00043_hard_negative_structure_obs-empirical_prior-axis_edge_parallel_rel1x.npz,axis_edge_parallel,1.0,1,affine_quadratic,2,True,16,40,10,0.01,0.709735260974951,0.6783383981060297,0.6665576123154188,6,0.753562111426448,0.006137827059932693,0.0031185580419178243,0.008145084481907075,0.004138422028695923,,,,,,,,,
43,response_tables/trial_00043_hard_negative_structure_obs-empirical_prior-axis_edge_parallel_rel1x.npz,axis_edge_parallel,1.0,2,linear,1,False,16,40,10,0.01,0.005028601373739394,0.0033591306089790773,0.0040187921417541295,2,0.027568860929024934,1.9192689715151766e-08,,6.961727495583758e-07,,0.027568860929024934,1.9192689715151766e-08,1.9192689715151766e-08,6.961727495583758e-07,1436425.0836223627,6.157282980402561,5.291205936109462e-10,1.0,1.0
43,response_tables/trial_00043_hard_negative_structure_obs-empirical_prior-axis_edge_parallel_rel1x.npz,axis_edge_parallel,1.0,2,quadratic,2,False,16,40,10,0.01,0.4338450580653078,0.3964042924811667,0.372769629306893,5,1.5936936381430222,0.011625271859921718,4.893531648514279e-09,0.00729454619237078,3.0705598186463493e-09,,,,,,,,,
43,response_tables/trial_00043_hard_negative_structure_obs-empirical_prior-axis_edge_parallel_rel1x.npz,axis_edge_parallel,1.0,2,cubic,3,False,16,40,10,0.01,0.43397539853872324,0.39504613722343274,0.37064549245857037,9,1.5940751959349706,0.04594115427621811,0.011591408255332673,0.02881994174012118,0.007271556752712648,,,,,,,,,
43,response_tables/trial_00043_hard_negative_structure_obs-empirical_prior-axis_edge_parallel_rel1x.npz,axis_edge_parallel,1.0,2,affine_linear,1,True,16,40,10,0.01,0.6741163898267427,0.6499784686800332,0.623509232804681,3,0.035711545506566085,0.008076625709041024,6.940490187456995e-09,0.2261628723841151,1.943486368065724e-07,,,,,,,,,
43,response_tables/trial_00043_hard_negative_structure_obs-empirical_prior-axis_edge_parallel_rel1x.npz,axis_edge_parallel,1.0,2,affine_quadratic,2,True,16,40,10,0.01,0.7489393680863117,0.7206089326821112,0.7027279655700952,6,0.7507234306401163,0.011505780962634889,0.004115189741522264,0.015326257970694084,0.005481632214427331,,,,,,,,,
43,response_tables/trial_00043_hard_negative_structure_obs-empirical_prior-axis_edge_parallel_rel1x.npz,axis_edge_parallel,1.0,3,linear,1,False,16,40,10,0.01,0.002154583182548908,-0.004740957699133297,-0.002787178236109633,2,0.017822230897983862,9.86925725937404e-09,,5.537610479780339e-07,,0.017822230897983862,9.86925725937404e-09,9.86925725937404e-09,5.537610479780339e-07,1805833.0459524612,6.25667759615843,1.7589218166816756e-10,1.0,1.0
43,response_tables/trial_00043_hard_negative_structure_obs-empirical_prior-axis_edge_parallel_rel1x.npz,axis_edge_parallel,1.0,3,quadratic,2,False,16,40,10,0.01,0.44978718618281366,0.41877070900694,0.40422463016876187,5,1.6154989141204934,0.005189600949390145,4.356443882577187e-09,0.003212382815011334,2.69665540750234e-09,,,,,,,,,
43,response_tables/trial_00043_hard_negative_structure_obs-empirical_prior-axis_edge_parallel_rel1x.npz,axis_edge_parallel,1.0,3,cubic,3,False,16,40,10,0.01,0.45065799714857513,0.4187256491276632,0.4041010345875412,9,1.6249105083939566,0.03375818739030559,0.0050965771170555525,0.020775413301789652,0.0031365278830604356,,,,,,,,,
43,response_tables/trial_00043_hard_negative_structure_obs-empirical_prior-axis_edge_parallel_rel1x.npz,axis_edge_parallel,1.0,3,affine_linear,1,True,16,40,10,0.01,0.6636387985462724,0.6376005714303485,0.6150818859074787,3,0.029295235046555096,0.004381150723339601,5.961415653872235e-09,0.14955164948761154,2.0349437867279557e-07,,,,,,,,,
43,response_tables/trial_00043_hard_negative_structure_obs-empirical_prior-axis_edge_parallel_rel1x.npz,axis_edge_parallel,1.0,3,affine_quadratic,2,True,16,40,10,0.01,0.7455117045517525,0.7238837529619617,0.7080000678016958,6,0.7828600688943338,0.005570239921419801,0.003897214560925144,0.007115243378407184,0.004978175175583223,,,,,,,,,
43,response_tables/trial_00043_hard_negative_structure_obs-empirical_prior-axis_edge_orthogonal_rel1x.npz,axis_edge_orthogonal,1.0,0,linear,1,False,16,40,10,0.01,0.010897239235015066,0.006713222489927229,0.009569795249277924,2,0.04681822980601897,1.331918979900431e-08,,2.8448725751036385e-07,,0.04681822980601897,1.331918979900431e-08,1.331918979900431e-08,2.8448725751036385e-07,3515095.9264443335,6.545937181349295,6.235808888397674e-10,1.0,1.0
43,response_tables/trial_00043_hard_negative_structure_obs-empirical_prior-axis_edge_orthogonal_rel1x.npz,axis_edge_orthogonal,1.0,0,quadratic,2,False,16,40,10,0.01,0.35797272488387977,0.31925333497902564,0.30664858224141023,5,1.6517981903567378,0.020400990266611786,9.401775744004593e-09,0.012350776496616573,5.691842864880544e-09,,,,,,,,,
43,response_tables/trial_00043_hard_negative_structure_obs-empirical_prior-axis_edge_orthogonal_rel1x.npz,axis_edge_orthogonal,1.0,0,cubic,3,False,16,40,10,0.01,0.35810003566182536,0.31781773587238027,0.30439130206398224,9,1.6523833510681563,0.05417081326362762,0.015469321649664882,0.03278344170474108,0.0093618237194565,,,,,,,,,
43,response_tables/trial_00043_hard_negative_structure_obs-empirical_prior-axis_edge_orthogonal_rel1x.npz,axis_edge_orthogonal,1.0,0,affine_linear,1,True,16,40,10,0.01,0.7059588965568029,0.6861208427962782,0.6728437097556008,3,0.05372103912053466,0.010418268971111184,1.0790954489558614e-08,0.19393275226370002,2.008701742597867e-07,,,,,,,,,
43,response_tables/trial_00043_hard_negative_structure_obs-empirical_prior-axis_edge_orthogonal_rel1x.npz,axis_edge_orthogonal,1.0,0,affine_quadratic,2,True,16,40,10,0.01,0.742970429163164,0.7182097148284262,0.7104542172376678,6,0.6093241232403886,0.02538156140620053,0.0070270750685788325,0.04165527087820069,0.011532573224261685,,,,,,,,,
43,response_tables/trial_00043_hard_negative_structure_obs-empirical_prior-axis_edge_orthogonal_rel1x.npz,axis_edge_orthogonal,1.0,1,linear,1,False,16,40,10,0.01,0.01339920545660922,0.008100024958377583,0.01301780152317461,2,0.05137062696888335,5.055364837232831e-09,,9.840963865002095e-08,,0.05137062696888335,5.055364837232831e-09,5.055364837232831e-09,9.840963865002095e-08,10161606.258471789,7.006962362874424,2.596972612450975e-10,1.0,1.0
43,response_tables/trial_00043_hard_negative_structure_obs-empirical_prior-axis_edge_orthogonal_rel1x.npz,axis_edge_orthogonal,1.0,1,quadratic,2,False,16,40,10,0.01,0.3424229485824911,0.29847868317666937,0.28382107512417626,5,1.5743709527132235,0.019789278591608197,3.84319391572055e-09,0.01256964158129566,2.441098083712295e-09,,,,,,,,,
43,response_tables/trial_00043_hard_negative_structure_obs-empirical_prior-axis_edge_orthogonal_rel1x.npz,axis_edge_orthogonal,1.0,1,cubic,3,False,16,40,10,0.01,0.34257614397590797,0.2967298854951044,0.28103032970215136,9,1.5746903917610011,0.06803384102092563,0.01161915601795916,0.04320458254961619,0.007378692394868349,,,,,,,,,
43,response_tables/trial_00043_hard_negative_structure_obs-empirical_prior-axis_edge_orthogonal_rel1x.npz,axis_edge_orthogonal,1.0,1,affine_linear,1,True,16,40,10,0.01,0.6473038767805545,0.6194544314392334,0.6042795554921647,3,0.057157346727334364,0.009414247574517025,4.029562217115462e-09,0.16470756803018025,7.049946241098704e-08,,,,,,,,,
43,response_tables/trial_00043_hard_negative_structure_obs-empirical_prior-axis_edge_orthogonal_rel1x.npz,axis_edge_orthogonal,1.0,1,affine_quadratic,2,True,16,40,10,0.01,0.6855643367452984,0.6528367481273146,0.6432484477926123,6,0.6070358067726833,0.022344036233752078,0.006635224516258384,0.03680843203063184,0.010930532338009306,,,,,,,,,
43,response_tables/trial_00043_hard_negative_structure_obs-empirical_prior-axis_edge_orthogonal_rel1x.npz,axis_edge_orthogonal,1.0,2,linear,1,False,16,40,10,0.01,0.0078870863663556,0.00424663839618078,0.0066856281646929805,2,0.04229852021494667,2.5122354234640437e-08,,5.939298610678858e-07,,0.04229852021494667,2.5122354234640437e-08,2.5122354234640437e-08,5.939298610678858e-07,1683700.4931895495,6.226264839109252,1.0626384084409897e-09,1.0,1.0
43,response_tables/trial_00043_hard_negative_structure_obs-empirical_prior-axis_edge_orthogonal_rel1x.npz,axis_edge_orthogonal,1.0,2,quadratic,2,False,16,40,10,0.01,0.36297132133219523,0.32531295669288696,0.313163800203792,5,1.776805872339977,0.01558732920693339,8.47778881806104e-09,0.008772668668865634,4.771364700014277e-09,,,,,,,,,
43,response_tables/trial_00043_hard_negative_structure_obs-empirical_prior-axis_edge_orthogonal_rel1x.npz,axis_edge_orthogonal,1.0,2,cubic,3,False,16,40,10,0.01,0.36308724149793437,0.323991242092157,0.3110409990262554,9,1.7769906801314648,0.06470811801995155,0.011911521714811057,0.03641443860311318,0.006703198755060338,,,,,,,,,
43,response_tables/trial_00043_hard_negative_structure_obs-empirical_prior-axis_edge_orthogonal_rel1x.npz,axis_edge_orthogonal,1.0,2,affine_linear,1,True,16,40,10,0.01,0.7126023475222393,0.6909578530997915,0.6748040982009662,3,0.05114091442159495,0.009561716269743446,1.055834973293449e-08,0.1869680348481583,2.0645602160911077e-07,,,,,,,,,
43,response_tables/trial_00043_hard_negative_structure_obs-empirical_prior-axis_edge_orthogonal_rel1x.npz,axis_edge_orthogonal,1.0,2,affine_quadratic,2,True,16,40,10,0.01,0.7505824712737927,0.72458569656442,0.7148151036415963,6,0.6562061253913795,0.017236957020935167,0.007541977393448592,0.026267595430711,0.011493305383198532,,,,,,,,,
43,response_tables/trial_00043_hard_negative_structure_obs-empirical_prior-axis_edge_orthogonal_rel1x.npz,axis_edge_orthogonal,1.0,3,linear,1,False,16,40,10,0.01,0.005000822182680054,-0.0016195935775387138,0.0009085276763601546,2,0.03737250288944236,1.4488733484418547e-08,,3.8768432307785244e-07,,0.03737250288944236,1.4488733484418547e-08,1.4488733484418547e-08,3.8768432307785244e-07,2579418.203090936,6.411521760350636,5.414802340107925e-10,1.0,1.0
43,response_tables/trial_00043_hard_negative_structure_obs-empirical_prior-axis_edge_orthogonal_rel1x.npz,axis_edge_orthogonal,1.0,3,quadratic,2,False,16,40,10,0.01,0.392422196859637,0.36493647425316245,0.3524726383548834,5,2.0692308229970124,0.009482974924691695,6.716480313405968e-09,0.004582850216273521,3.2458825950011788e-09,,,,,,,,,
43,response_tables/trial_00043_hard_negative_structure_obs-empirical_prior-axis_edge_orthogonal_rel1x.npz,axis_edge_orthogonal,1.0,3,cubic,3,False,16,40,10,0.01,0.3933684591909806,0.3649197662798458,0.3524234440281191,9,2.0843433145656385,0.032865136308525264,0.00935890460627073,0.015767621427266704,0.004490097452214131,,,,,,,,,
43,response_tables/trial_00043_hard_negative_structure_obs-empirical_prior-axis_edge_orthogonal_rel1x.npz,axis_edge_orthogonal,1.0,3,affine_linear,1,True,16,40,10,0.01,0.7896197717129512,0.7713217906378169,0.7649855666649492,3,0.05103218900819093,0.007095167721943871,9.05984654028638e-09,0.13903318395385822,1.7753199924134602e-07,,,,,,,,,
43,response_tables/trial_00043_hard_negative_structure_obs-empirical_prior-axis_edge_orthogonal_rel1x.npz,axis_edge_orthogonal,1.0,3,affine_quadratic,2,True,16,40,10,0.01,0.8254326822608269,0.8090555249244864,0.8052442240255496,6,0.7143360757182209,0.012839350186664312,0.00700697851579767,0.017973822998866656,0.009809078323186443,,,,,,,,,
44,response_tables/trial_00044_hard_negative_structure_obs-empirical_prior-axis_edge_parallel_rel2x.npz,axis_edge_parallel,2.0,0,linear,1,False,16,40,10,0.01,0.0054063503191976725,0.0017496104168864823,0.0008538721516725134,2,0.027282324040716725,3.51432550451199e-08,,1.2881327482464967e-06,,0.027282324040716725,3.51432550451199e-08,3.51432550451199e-08,1.2881327482464967e-06,776317.5040470598,5.890039378544386,9.58789671986514e-10,1.0,1.0
44,response_tables/trial_00044_hard_negative_structure_obs-empirical_prior-axis_edge_parallel_rel2x.npz,axis_edge_parallel,2.0,0,quadratic,2,False,16,40,10,0.01,0.28456389202009214,0.23180689270182497,0.22732024806645215,5,1.0916316809978792,0.012555883646786475,1.424288679902416e-08,0.011501941419755175,1.3047337345508782e-08,,,,,,,,,
44,response_tables/trial_00044_hard_negative_structure_obs-empirical_prior-axis_edge_parallel_rel2x.npz,axis_edge_parallel,2.0,0,cubic,3,False,16,40,10,0.01,0.29228617947688007,0.22830739087441343,0.22477990451126265,9,1.2062309357453944,0.11216616749650703,0.012537950421718609,0.09298896602017057,0.010394320067716336,,,,,,,,,
44,response_tables/trial_00044_hard_negative_structure_obs-empirical_prior-axis_edge_parallel_rel2x.npz,axis_edge_parallel,2.0,0,affine_linear,1,True,16,40,10,0.01,0.814407580804519,0.8037221115521551,0.7990876456005845,3,0.039765860403835576,0.009446233358576441,1.7368706716600783e-08,0.23754630888522946,4.3677432199921673e-07,,,,,,,,,
44,response_tables/trial_00044_hard_negative_structure_obs-empirical_prior-axis_edge_parallel_rel2x.npz,axis_edge_parallel,2.0,0,affine_quadratic,2,True,16,40,10,0.01,0.8201345583048739,0.8083322930463963,0.8038621028621817,6,0.1830980259689731,0.022427830291244302,0.00863527979167541,0.12249083611117038,0.04716205838908773,,,,,,,,,
44,response_tables/trial_00044_hard_negative_structure_obs-empirical_prior-axis_edge_parallel_rel2x.npz,axis_edge_parallel,2.0,1,linear,1,False,16,40,10,0.01,0.0018071672264041716,-0.001645951908829879,-0.001892676360167711,2,0.016052347573431745,2.386546142342361e-08,,1.4867271789531495e-06,,0.016052347573431745,2.386546142342361e-08,2.386546142342361e-08,1.4867271789531495e-06,672618.3621020038,5.827768719134913,3.830966817691229e-10,1.0,1.0
44,response_tables/trial_00044_hard_negative_structure_obs-empirical_prior-axis_edge_parallel_rel2x.npz,axis_edge_parallel,2.0,1,quadratic,2,False,16,40,10,0.01,0.3015719217587889,0.2411827464436237,0.22640197269471257,5,1.1380275589682383,0.00931616408932631,9.144991683327795e-09,0.008186237684588725,8.035826207599799e-09,,,,,,,,,
44,response_tables/trial_00044_hard_negative_structure_obs-empirical_prior-axis_edge_parallel_rel2x.npz,axis_edge_parallel,2.0,1,cubic,3,False,16,40,10,0.01,0.3092132280049166,0.23492508276041302,0.22048319479221912,9,1.2512735839036082,0.11260265985650819,0.0055174003756089714,0.08999043958493935,0.0044094276795936934,,,,,,,,,
44,response_tables/trial_00044_hard_negative_structure_obs-empirical_prior-axis_edge_parallel_rel2x.npz,axis_edge_parallel,2.0,1,affine_linear,1,True,16,40,10,0.01,0.8121431087341139,0.8020198009396644,0.7966681383529514,3,0.03374464087514521,0.008934512280130485,9.620458915963133e-09,0.26476833204976397,2.8509590460774857e-07,,,,,,,,,
44,response_tables/trial_00044_hard_negative_structure_obs-empirical_prior-axis_edge_parallel_rel2x.npz,axis_edge_parallel,2.0,1,affine_quadratic,2,True,16,40,10,0.01,0.8204418260933188,0.8086762758274509,0.802759556865897,6,0.22053176875815708,0.009979128966402743,0.005446773964366875,0.04525030122687769,0.02469836429934047,,,,,,,,,
44,response_tables/trial_00044_hard_negative_structure_obs-empirical_prior-axis_edge_parallel_rel2x.npz,axis_edge_parallel,2.0,2,linear,1,False,16,40,10,0.01,0.0025346821628601246,-0.001354979465804984,-0.0019012380166242293,2,0.019576999589483408,4.231850744509633e-08,,2.161644191269711e-06,,0.019576999589483408,4.231850744509633e-08,4.231850744509633e-08,2.161644191269711e-06,462610.8237603238,5.665215789792988,8.284694028802014e-10,1.0,1.0
44,response_tables/trial_00044_hard_negative_structure_obs-empirical_prior-axis_edge_parallel_rel2x.npz,axis_edge_parallel,2.0,2,quadratic,2,False,16,40,10,0.01,0.2930633624214365,0.23813609964236726,0.2328226071134567,5,1.1685149583965964,0.009839269020273938,2.4138898333538075e-08,0.008420319268976333,2.0657757232873422e-08,,,,,,,,,
44,response_tables/trial_00044_hard_negative_structure_obs-empirical_prior-axis_edge_parallel_rel2x.npz,axis_edge_parallel,2.0,2,cubic,3,False,16,40,10,0.01,0.3016833634004734,0.23602036223834288,0.23162324709248958,9,1.2984010249050242,0.12933875156031763,0.009269538233164409,0.09961387050643968,0.007139195098711863,,,,,,,,,
44,response_tables/trial_00044_hard_negative_structure_obs-empirical_prior-axis_edge_parallel_rel2x.npz,axis_edge_parallel,2.0,2,affine_linear,1,True,16,40,10,0.01,0.8301412190795601,0.819599597161366,0.8149295652504871,3,0.03669946239513594,0.008778154370367042,1.958994312582564e-08,0.2391902713956507,5.337937355840407e-07,,,,,,,,,
44,response_tables/trial_00044_hard_negative_structure_obs-empirical_prior-axis_edge_parallel_rel2x.npz,axis_edge_parallel,2.0,2,affine_quadratic,2,True,16,40,10,0.01,0.837189672114253,0.8257863928638325,0.8211474536305505,6,0.21178050957408548,0.01970778785059633,0.008770614328599928,0.09305760898503322,0.04141369924096709,,,,,,,,,
44,response_tables/trial_00044_hard_negative_structure_obs-empirical_prior-axis_edge_parallel_rel2x.npz,axis_edge_parallel,2.0,3,linear,1,False,16,40,10,0.01,0.003464052030846654,0.0002986855470100691,0.00011366989817446216,2,0.02372084429903348,2.6482432612104866e-08,,1.1164203212270952e-06,,0.02372084429903348,2.6482432612104866e-08,2.6482432612104866e-08,1.1164203212270952e-06,895719.9909267742,5.952172267027126,6.28185660651386e-10,1.0,1.0
44,response_tables/trial_00044_hard_negative_structure_obs-empirical_prior-axis_edge_parallel_rel2x.npz,axis_edge_parallel,2.0,3,quadratic,2,False,16,40,10,0.01,0.26125713015235463,0.1897705446060335,0.1705573172839589,5,1.1136157933043314,0.009189158785325387,2.5491289726169647e-08,0.008251641940223592,2.289056053213079e-08,,,,,,,,,
44,response_tables/trial_00044_hard_negative_structure_obs-empirical_prior-axis_edge_parallel_rel2x.npz,axis_edge_parallel,2.0,3,cubic,3,False,16,40,10,0.01,0.2859077967008634,0.20997454172875774,0.1915072752218504,9,1.4832372376323684,0.03615435276733474,0.009105175128264514,0.024375300086887295,0.0061387179995553084,,,,,,,,,
44,response_tables/trial_00044_hard_negative_structure_obs-empirical_prior-axis_edge_parallel_rel2x.npz,axis_edge_parallel,2.0,3,affine_linear,1,True,16,40,10,0.01,0.8197764493997355,0.8118337681605817,0.8087315556066978,3,0.039933893853366834,0.008403977786964808,2.5847208283508773e-08,0.21044724107855228,6.472498869861545e-07,,,,,,,,,
44,response_tables/trial_00044_hard_negative_structure_obs-empirical_prior-axis_edge_parallel_rel2x.npz,axis_edge_parallel,2.0,3,affine_quadratic,2,True,16,40,10,0.01,0.8228027673346924,0.8077069170186506,0.8036230888359864,6,0.14249525127996363,0.01940851558070937,0.005562771677582404,0.1362046482698362,0.039038295154503785,,,,,,,,,
44,response_tables/trial_00044_hard_negative_structure_obs-empirical_prior-axis_edge_orthogonal_rel2x.npz,axis_edge_orthogonal,2.0,0,linear,1,False,16,40,10,0.01,0.005908667292378156,0.0032955900247737535,0.0031211845405398897,2,0.037357851124640344,2.998986453184515e-08,,8.027727406425834e-07,,0.037357851124640344,2.998986453184515e-08,2.998986453184515e-08,8.027727406425834e-07,1245682.5566841557,6.095407383057375,1.1203568944288028e-09,1.0,1.0
44,response_tables/trial_00044_hard_negative_structure_obs-empirical_prior-axis_edge_orthogonal_rel2x.npz,axis_edge_orthogonal,2.0,0,quadratic,2,False,16,40,10,0.01,0.25831463004439403,0.20753196855357303,0.20329997817568307,5,1.3598472528077614,0.012269990177155982,1.0448716248612055e-08,0.009023065018384504,7.683742587292756e-09,,,,,,,,,
44,response_tables/trial_00044_hard_negative_structure_obs-empirical_prior-axis_edge_orthogonal_rel2x.npz,axis_edge_orthogonal,2.0,0,cubic,3,False,16,40,10,0.01,0.26391017086932866,0.1993663687507522,0.19520513688327837,9,1.479426310577593,0.09359876585799938,0.01193876464292743,0.06326693339762007,0.008069860970815324,,,,,,,,,
44,response_tables/trial_00044_hard_negative_structure_obs-empirical_prior-axis_edge_orthogonal_rel2x.npz,axis_edge_orthogonal,2.0,0,affine_linear,1,True,16,40,10,0.01,0.8237212765884301,0.8189167087720335,0.8183430038600099,3,0.05411355186541523,0.008583611288565779,1.335464123718574e-08,0.15862221186134506,2.4678921964686056e-07,,,,,,,,,
44,response_tables/trial_00044_hard_negative_structure_obs-empirical_prior-axis_edge_orthogonal_rel2x.npz,axis_edge_orthogonal,2.0,0,affine_quadratic,2,True,16,40,10,0.01,0.8257964133588609,0.8197239381514805,0.8191808661041121,6,0.1467650172414873,0.039861472576545494,0.007890364268272144,0.2716006397557082,0.0537618869712619,,,,,,,,,
44,response_tables/trial_00044_hard_negative_structure_obs-empirical_prior-axis_edge_orthogonal_rel2x.npz,axis_edge_orthogonal,2.0,1,linear,1,False,16,40,10,0.01,0.0088004069821489,0.005571802623897226,0.0052867582266124535,2,0.04482623746008267,2.9627419477394283e-08,,6.609392435351554e-07,,0.04482623746008267,2.9627419477394283e-08,2.9627419477394283e-08,6.609392435351554e-07,1512998.372817622,6.17983846095332,1.3280857408231545e-09,1.0,1.0
44,response_tables/trial_00044_hard_negative_structure_obs-empirical_prior-axis_edge_orthogonal_rel2x.npz,axis_edge_orthogonal,2.0,1,quadratic,2,False,16,40,10,0.01,0.2591359279016804,0.2090139792360024,0.20090235796761519,5,1.3173795424633776,0.013848444650445654,1.7902645710412337e-08,0.01051211454563075,1.3589588370968664e-08,,,,,,,,,
44,response_tables/trial_00044_hard_negative_structure_obs-empirical_prior-axis_edge_orthogonal_rel2x.npz,axis_edge_orthogonal,2.0,1,cubic,3,False,16,40,10,0.01,0.2643557876127378,0.198931097031521,0.19028505949618357,9,1.4286056464828136,0.09230519860780916,0.0138031892888029,0.06461209140189382,0.009662001072714475,,,,,,,,,
44,response_tables/trial_00044_hard_negative_structure_obs-empirical_prior-axis_edge_orthogonal_rel2x.npz,axis_edge_orthogonal,2.0,1,affine_linear,1,True,16,40,10,0.01,0.7816156918604577,0.7751207705371013,0.7743662674199842,3,0.05828428171878937,0.008929396995400298,2.139815616341913e-08,0.15320420415375363,3.671342518496013e-07,,,,,,,,,
44,response_tables/trial_00044_hard_negative_structure_obs-empirical_prior-axis_edge_orthogonal_rel2x.npz,axis_edge_orthogonal,2.0,1,affine_quadratic,2,True,16,40,10,0.01,0.7846717287407531,0.776889847191178,0.7760739811167967,6,0.174464416618668,0.03445674419377009,0.008599361411536277,0.19750012559342234,0.04929005913184093,,,,,,,,,
44,response_tables/trial_00044_hard_negative_structure_obs-empirical_prior-axis_edge_orthogonal_rel2x.npz,axis_edge_orthogonal,2.0,2,linear,1,False,16,40,10,0.01,0.0044944838051065306,0.00164335611602473,0.0014774510853639289,2,0.0343680078052877,2.538973078885844e-08,,7.387606210026552e-07,,0.0343680078052877,2.538973078885844e-08,2.538973078885844e-08,7.387606210026552e-07,1353618.4409000948,6.1314962623073885,8.725944659256403e-10,1.0,1.0
44,response_tables/trial_00044_hard_negative_structure_obs-empirical_prior-axis_edge_orthogonal_rel2x.npz,axis_edge_orthogonal,2.0,2,quadratic,2,False,16,40,10,0.01,0.2608630603434535,0.20955409260915303,0.20455248955641875,5,1.4476389885005712,0.009793954275009904,2.093447346476818e-08,0.006765467324940068,1.446111470543605e-08,,,,,,,,,
44,response_tables/trial_00044_hard_negative_structure_obs-empirical_prior-axis_edge_orthogonal_rel2x.npz,axis_edge_orthogonal,2.0,2,cubic,3,False,16,40,10,0.01,0.26705271842893874,0.20219423811058812,0.1971653119695874,9,1.5839407222755644,0.11508919088368712,0.009734956506493607,0.07266003661951725,0.006146035877218881,,,,,,,,,
44,response_tables/trial_00044_hard_negative_structure_obs-empirical_prior-axis_edge_orthogonal_rel2x.npz,axis_edge_orthogonal,2.0,2,affine_linear,1,True,16,40,10,0.01,0.8281115447705817,0.8229996025776325,0.822272058156081,3,0.0540245630892544,0.007904209250984966,1.836342989891721e-08,0.1463076941117758,3.399089015968319e-07,,,,,,,,,
44,response_tables/trial_00044_hard_negative_structure_obs-empirical_prior-axis_edge_orthogonal_rel2x.npz,axis_edge_orthogonal,2.0,2,affine_quadratic,2,True,16,40,10,0.01,0.8302102551093408,0.824241760769375,0.8235271241066604,6,0.15670106583901672,0.03413185142464823,0.00785258566207692,0.2178150559595607,0.050111884179167586,,,,,,,,,
44,response_tables/trial_00044_hard_negative_structure_obs-empirical_prior-axis_edge_orthogonal_rel2x.npz,axis_edge_orthogonal,2.0,3,linear,1,False,16,40,10,0.01,0.005725393246547084,0.0033606973445426958,0.003203656746797179,2,0.04172240254304892,3.650202557451359e-08,,8.748783231466843e-07,,0.04172240254304892,3.650202557451359e-08,3.650202557451359e-08,8.748783231466843e-07,1143016.0898298284,6.058052343846836,1.5229522046565226e-09,1.0,1.0
44,response_tables/trial_00044_hard_negative_structure_obs-empirical_prior-axis_edge_orthogonal_rel2x.npz,axis_edge_orthogonal,2.0,3,quadratic,2,False,16,40,10,0.01,0.2543767507746515,0.19480065472469688,0.1955242410837436,5,1.4964836695204866,0.012407712911798712,3.293617607670376e-08,0.00829124511313543,2.2009044767763746e-08,,,,,,,,,
44,response_tables/trial_00044_hard_negative_structure_obs-empirical_prior-axis_edge_orthogonal_rel2x.npz,axis_edge_orthogonal,2.0,3,cubic,3,False,16,40,10,0.01,0.27562802835496036,0.21140288221333992,0.2121539810318519,9,1.9477350878447022,0.053672281229101726,0.012386587593277402,0.02755625319072198,0.006359482698945462,,,,,,,,,
44,response_tables/trial_00044_hard_negative_structure_obs-empirical_prior-axis_edge_orthogonal_rel2x.npz,axis_edge_orthogonal,2.0,3,affine_linear,1,True,16,40,10,0.01,0.8596774787021882,0.856263128275127,0.8561492337443102,3,0.06161242091721506,0.010187918877260935,3.471459368492656e-08,0.16535495157623872,5.634349887268752e-07,,,,,,,,,
44,response_tables/trial_00044_hard_negative_structure_obs-empirical_prior-axis_edge_orthogonal_rel2x.npz,axis_edge_orthogonal,2.0,3,affine_quadratic,2,True,16,40,10,0.01,0.8611211153777095,0.853051067262427,0.8529537207442129,6,0.13696773230973391,0.0452963688270052,0.008806658468467302,0.3307083213188754,0.06429732258801102,,,,,,,,,
45,response_tables/trial_00045_hard_negative_structure_obs-empirical_prior-axis_edge_parallel_rel0p5x.npz,axis_edge_parallel,0.5,0,linear,1,False,16,40,10,0.01,0.0004322057694886583,-0.0009416112482867334,-0.0008685374864436657,2,0.011014358098312568,9.828130556845529e-08,,8.923017091982171e-06,,0.011014358098312568,9.828130556845529e-08,9.828130556845529e-08,8.923017091982171e-06,112069.71696810442,5.049488275124904,1.0825054939006475e-09,1.0,1.0
45,response_tables/trial_00045_hard_negative_structure_obs-empirical_prior-axis_edge_parallel_rel0p5x.npz,axis_edge_parallel,0.5,0,quadratic,2,False,16,40,10,0.01,0.24353023218655712,0.11155220800677756,0.10119931985576569,5,1.5323452176673362,0.010795718967811107,5.6699458325603375e-09,0.007045226391116521,3.7001752393573574e-09,,,,,,,,,
45,response_tables/trial_00045_hard_negative_structure_obs-empirical_prior-axis_edge_parallel_rel0p5x.npz,axis_edge_parallel,0.5,0,cubic,3,False,16,40,10,0.01,0.24353195840886177,0.11154418764107144,0.10119546478721819,9,1.532346690854066,0.010844072379947617,0.003432169576485894,0.007076774756438169,0.002239812698373725,,,,,,,,,
45,response_tables/trial_00045_hard_negative_structure_obs-empirical_prior-axis_edge_parallel_rel0p5x.npz,axis_edge_parallel,0.5,0,affine_linear,1,True,16,40,10,0.01,0.3977195765786137,0.30128442021253,-0.040115630138422176,3,0.01274128260655332,0.010286822265032245,1.4066966783645098e-08,0.8073615963703173,1.1040463678601659e-06,,,,,,,,,
45,response_tables/trial_00045_hard_negative_structure_obs-empirical_prior-axis_edge_parallel_rel0p5x.npz,axis_edge_parallel,0.5,0,affine_quadratic,2,True,16,40,10,0.01,0.4971823880774069,0.36142070565099094,0.0978360797037851,6,0.9965903535442298,0.010786410157256716,0.002338621131845334,0.010823313830899933,0.002346622284199687,,,,,,,,,
45,response_tables/trial_00045_hard_negative_structure_obs-empirical_prior-axis_edge_parallel_rel0p5x.npz,axis_edge_parallel,0.5,1,linear,1,False,16,40,10,0.01,0.00411318872390154,0.003122913112766579,0.008172878273288053,2,0.03661755541880504,1.056891166841538e-08,,2.886296353630338e-07,,0.03661755541880504,1.056891166841538e-08,1.056891166841538e-08,2.886296353630338e-07,3464647.69198844,6.539659079292881,3.870077087346555e-10,1.0,1.0
45,response_tables/trial_00045_hard_negative_structure_obs-empirical_prior-axis_edge_parallel_rel0p5x.npz,axis_edge_parallel,0.5,1,quadratic,2,False,16,40,10,0.01,0.2768384264873577,0.13281288362585342,0.11995017376709421,5,1.6759932063029817,0.01598505063786065,1.5726980569319664e-09,0.00953765837340209,9.38367799474038e-10,,,,,,,,,
45,response_tables/trial_00045_hard_negative_structure_obs-empirical_prior-axis_edge_parallel_rel0p5x.npz,axis_edge_parallel,0.5,1,cubic,3,False,16,40,10,0.01,0.27684311793817107,0.132765680988555,0.11990123074577089,9,1.6759587362452086,0.017378756050434825,0.007350397884043032,0.010369441487187157,0.004385786908161443,,,,,,,,,
45,response_tables/trial_00045_hard_negative_structure_obs-empirical_prior-axis_edge_parallel_rel0p5x.npz,axis_edge_parallel,0.5,1,affine_linear,1,True,16,40,10,0.01,0.35317840347410934,0.23536273315640743,-0.3967897684397219,3,0.038232752039895186,0.005379755737090336,2.6939030268065427e-09,0.14071065905683844,7.046060989790909e-08,,,,,,,,,
45,response_tables/trial_00045_hard_negative_structure_obs-empirical_prior-axis_edge_parallel_rel0p5x.npz,axis_edge_parallel,0.5,1,affine_quadratic,2,True,16,40,10,0.01,0.4768881488570099,0.31390969748399256,-0.18013749178698998,6,1.151772937949994,0.01570112331580347,0.0015032036356695097,0.013632134250132174,0.0013051215097526225,,,,,,,,,
45,response_tables/trial_00045_hard_negative_structure_obs-empirical_prior-axis_edge_parallel_rel0p5x.npz,axis_edge_parallel,0.5,2,linear,1,False,16,40,10,0.01,0.002830494221763291,-0.004712336734559841,0.0014778767753916011,2,0.025300783829948405,2.0923741286796045e-08,,8.26999725677618e-07,,0.025300783829948405,2.0923741286796045e-08,2.0923741286796045e-08,8.26999725677618e-07,1209190.243903202,6.082494634506361,5.293870552109932e-10,1.0,1.0
45,response_tables/trial_00045_hard_negative_structure_obs-empirical_prior-axis_edge_parallel_rel0p5x.npz,axis_edge_parallel,0.5,2,quadratic,2,False,16,40,10,0.01,0.26104682487254416,0.12102914439986201,0.11474974884622449,5,1.3671308445738277,0.017024796351359426,1.76700241679305e-09,0.01245293851640552,1.2924896134165368e-09,,,,,,,,,
45,response_tables/trial_00045_hard_negative_structure_obs-empirical_prior-axis_edge_parallel_rel0p5x.npz,axis_edge_parallel,0.5,2,cubic,3,False,16,40,10,0.01,0.2610755599300365,0.12102885757281023,0.11472695912137965,9,1.3671539496976404,0.017422281215899595,0.0044692272126816614,0.012743466980988282,0.00326900069569347,,,,,,,,,
45,response_tables/trial_00045_hard_negative_structure_obs-empirical_prior-axis_edge_parallel_rel0p5x.npz,axis_edge_parallel,0.5,2,affine_linear,1,True,16,40,10,0.01,0.45546829572078384,0.35387764475257866,0.14479140318199554,3,0.026732805972008014,0.0077641954148960374,4.057987875820154e-09,0.29043697930647255,1.5179805217863337e-07,,,,,,,,,
45,response_tables/trial_00045_hard_negative_structure_obs-empirical_prior-axis_edge_parallel_rel0p5x.npz,axis_edge_parallel,0.5,2,affine_quadratic,2,True,16,40,10,0.01,0.5522631806397527,0.4129221224784052,0.2613111680810609,6,0.8538417925335702,0.016565730437387377,0.0023085866473033633,0.019401405017002687,0.0027037639378756427,,,,,,,,,
45,response_tables/trial_00045_hard_negative_structure_obs-empirical_prior-axis_edge_parallel_rel0p5x.npz,axis_edge_parallel,0.5,3,linear,1,False,16,40,10,0.01,0.004755466513216011,0.00400105037690246,0.011575771356557463,2,0.029483093843597083,1.8985248993533616e-09,,6.439367962618581e-08,,0.029483093843597083,1.8985248993533616e-09,1.8985248993533616e-09,6.439367962618581e-08,15529474.411233183,7.1911567574565805,5.5974387772040864e-11,1.0,1.0
45,response_tables/trial_00045_hard_negative_structure_obs-empirical_prior-axis_edge_parallel_rel0p5x.npz,axis_edge_parallel,0.5,3,quadratic,2,False,16,40,10,0.01,0.28093681647185176,0.12878927417445185,0.11499434492942448,5,1.2559447206044099,0.01800462674073381,7.476998117798467e-10,0.014335524840670756,5.953285996695971e-10,,,,,,,,,
45,response_tables/trial_00045_hard_negative_structure_obs-empirical_prior-axis_edge_parallel_rel0p5x.npz,axis_edge_parallel,0.5,3,cubic,3,False,16,40,10,0.01,0.28094346058351427,0.1287134103565427,0.11490952871890406,9,1.2558750327530548,0.01904411707706884,0.007205398926939873,0.015164022359232237,0.005737353430097758,,,,,,,,,
45,response_tables/trial_00045_hard_negative_structure_obs-empirical_prior-axis_edge_parallel_rel0p5x.npz,axis_edge_parallel,0.5,3,affine_linear,1,True,16,40,10,0.01,0.2783821062841545,0.14590316683843252,-0.697878551806268,3,0.030212606612273152,0.004723635805989146,8.180465814131248e-10,0.15634651675735525,2.7076332469797984e-08,,,,,,,,,
45,response_tables/trial_00045_hard_negative_structure_obs-empirical_prior-axis_edge_parallel_rel0p5x.npz,axis_edge_parallel,0.5,3,affine_quadratic,2,True,16,40,10,0.01,0.421662241046204,0.23564370535792778,-0.4051006040649477,6,0.9230024258796243,0.01828292152346298,0.0010816236792141297,0.01980809693543253,0.0011718535606050427,,,,,,,,,
45,response_tables/trial_00045_hard_negative_structure_obs-empirical_prior-axis_edge_orthogonal_rel0p5x.npz,axis_edge_orthogonal,0.5,0,linear,1,False,16,40,10,0.01,0.00035831185148726963,-0.0022285937548225387,-0.002257525802314142,2,0.012152925433359258,1.0109332385496876e-07,,8.31843529439191e-06,,0.012152925433359258,1.0109332385496876e-07,1.0109332385496876e-07,8.31843529439191e-06,120214.9159799531,5.079958357233163,1.228579626619874e-09,1.0,1.0
45,response_tables/trial_00045_hard_negative_structure_obs-empirical_prior-axis_edge_orthogonal_rel0p5x.npz,axis_edge_orthogonal,0.5,0,quadratic,2,False,16,40,10,0.01,0.21364154614225372,0.10427653750797083,0.09171104466127783,5,1.7393420785475486,0.011509815158765433,7.98468933483252e-09,0.006617338418200515,4.590637709115965e-09,,,,,,,,,
45,response_tables/trial_00045_hard_negative_structure_obs-empirical_prior-axis_edge_orthogonal_rel0p5x.npz,axis_edge_orthogonal,0.5,0,cubic,3,False,16,40,10,0.01,0.21364653739136952,0.10427807259772648,0.0917171669627963,9,1.7393600838968357,0.011629127098961094,0.003460451218130081,0.00668586522516222,0.0019894967408803236,,,,,,,,,
45,response_tables/trial_00045_hard_negative_structure_obs-empirical_prior-axis_edge_orthogonal_rel0p5x.npz,axis_edge_orthogonal,0.5,0,affine_linear,1,True,16,40,10,0.01,0.4177905286157655,0.33478622921907764,0.0744206683215688,3,0.016218426941855338,0.010546494643384821,1.6108860797507795e-08,0.6502785184528096,9.932443420844483e-07,,,,,,,,,
45,response_tables/trial_00045_hard_negative_structure_obs-empirical_prior-axis_edge_orthogonal_rel0p5x.npz,axis_edge_orthogonal,0.5,0,affine_quadratic,2,True,16,40,10,0.01,0.4948560078464771,0.38569541283925535,0.1777297571046449,6,1.0630902306476433,0.011665052868954964,0.0025840795743736693,0.010972777787496474,0.002430724598794805,,,,,,,,,
45,response_tables/trial_00045_hard_negative_structure_obs-empirical_prior-axis_edge_orthogonal_rel0p5x.npz,axis_edge_orthogonal,0.5,1,linear,1,False,16,40,10,0.01,0.0023691531229181884,-0.0002585612585956909,0.0010655017916868514,2,0.036141464615224314,2.1194826144781803e-08,,5.864407093190586e-07,,0.036141464615224314,2.1194826144781803e-08,2.1194826144781803e-08,5.864407093190586e-07,1705202.2209732726,6.231775889630624,7.660120591374627e-10,1.0,1.0
45,response_tables/trial_00045_hard_negative_structure_obs-empirical_prior-axis_edge_orthogonal_rel0p5x.npz,axis_edge_orthogonal,0.5,1,quadratic,2,False,16,40,10,0.01,0.21124357895967527,0.12215510701153853,0.10498858748151066,5,1.9073144983634291,0.027523861839947882,1.8422686573237387e-09,0.014430688732018094,9.658966357695581e-10,,,,,,,,,
45,response_tables/trial_00045_hard_negative_structure_obs-empirical_prior-axis_edge_orthogonal_rel0p5x.npz,axis_edge_orthogonal,0.5,1,cubic,3,False,16,40,10,0.01,0.211252377205848,0.12214053001484004,0.10498037714380304,9,1.907383593393788,0.027618343666641874,0.006200312830871827,0.014479700759877482,0.003250690030231242,,,,,,,,,
45,response_tables/trial_00045_hard_negative_structure_obs-empirical_prior-axis_edge_orthogonal_rel0p5x.npz,axis_edge_orthogonal,0.5,1,affine_linear,1,True,16,40,10,0.01,0.5501759257007892,0.48505162348216857,0.36097418638134793,3,0.03880093431492894,0.014085546841791677,4.25490265633423e-09,0.36302081613463005,1.0965979895739587e-07,,,,,,,,,
45,response_tables/trial_00045_hard_negative_structure_obs-empirical_prior-axis_edge_orthogonal_rel0p5x.npz,axis_edge_orthogonal,0.5,1,affine_quadratic,2,True,16,40,10,0.01,0.6056364184380598,0.5264037103311622,0.42237834052630124,6,1.0029197250956352,0.027840998851394582,0.003807205239141163,0.02775994743621156,0.0037961216076173197,,,,,,,,,
45,response_tables/trial_00045_hard_negative_structure_obs-empirical_prior-axis_edge_orthogonal_rel0p5x.npz,axis_edge_orthogonal,0.5,2,linear,1,False,16,40,10,0.01,0.0026592657600833514,-0.020340106159745908,-0.0030936914814997107,2,0.025571969440211145,1.0615260068373452e-08,,4.151131219358208e-07,,0.025571969440211145,1.0615260068373452e-08,1.0615260068373452e-08,4.151131219358208e-07,2408981.906755062,6.381833538136183,2.714531060683396e-10,1.0,1.0
45,response_tables/trial_00045_hard_negative_structure_obs-empirical_prior-axis_edge_orthogonal_rel0p5x.npz,axis_edge_orthogonal,0.5,2,quadratic,2,False,16,40,10,0.01,0.2220830016179871,0.08858732480639564,0.08983905936514294,5,1.314176108507375,0.010624725463273747,2.6255638474815268e-09,0.008084704473391453,1.9978782375397235e-09,,,,,,,,,
45,response_tables/trial_00045_hard_negative_structure_obs-empirical_prior-axis_edge_orthogonal_rel0p5x.npz,axis_edge_orthogonal,0.5,2,cubic,3,False,16,40,10,0.01,0.22209742450066938,0.08856261599073012,0.08980000160570001,9,1.314151452885653,0.014218310097272768,0.006025455971213013,0.010819384680549398,0.004585054453185085,,,,,,,,,
45,response_tables/trial_00045_hard_negative_structure_obs-empirical_prior-axis_edge_orthogonal_rel0p5x.npz,axis_edge_orthogonal,0.5,2,affine_linear,1,True,16,40,10,0.01,0.41122057185716665,0.2966413207266919,0.06285688251438057,3,0.02761765674702672,0.004846227879448466,3.9234235407330435e-09,0.17547570830643353,1.4206214439809179e-07,,,,,,,,,
45,response_tables/trial_00045_hard_negative_structure_obs-empirical_prior-axis_edge_orthogonal_rel0p5x.npz,axis_edge_orthogonal,0.5,2,affine_quadratic,2,True,16,40,10,0.01,0.4891754546512138,0.3478480317037511,0.1682418008751006,6,0.79912267098392,0.010036812694900326,0.0015436308688706257,0.012559789703553896,0.0019316569594628442,,,,,,,,,
45,response_tables/trial_00045_hard_negative_structure_obs-empirical_prior-axis_edge_orthogonal_rel0p5x.npz,axis_edge_orthogonal,0.5,3,linear,1,False,16,40,10,0.01,0.0019421594664751352,-0.0022153166925871215,0.000746657832565889,2,0.032305280022708806,2.5133241901006758e-09,,7.779917673934259e-08,,0.032305280022708806,2.5133241901006758e-09,2.5133241901006758e-09,7.779917673934259e-08,12853606.450751886,7.1090249986330925,8.119364174905015e-11,1.0,1.0
45,response_tables/trial_00045_hard_negative_structure_obs-empirical_prior-axis_edge_orthogonal_rel0p5x.npz,axis_edge_orthogonal,0.5,3,quadratic,2,False,16,40,10,0.01,0.18988557823722418,0.11198558109147372,0.09413998866883697,5,1.776305816687248,0.02265728897434683,4.5735267429781615e-10,0.012755286145829286,2.574740621807814e-10,,,,,,,,,
45,response_tables/trial_00045_hard_negative_structure_obs-empirical_prior-axis_edge_orthogonal_rel0p5x.npz,axis_edge_orthogonal,0.5,3,cubic,3,False,16,40,10,0.01,0.18991898180854128,0.1119931506377938,0.09415672140591944,9,1.776607851212839,0.02267813111548312,0.006720543868693812,0.012764849091487136,0.003782795322054831,,,,,,,,,
45,response_tables/trial_00045_hard_negative_structure_obs-empirical_prior-axis_edge_orthogonal_rel0p5x.npz,axis_edge_orthogonal,0.5,3,affine_linear,1,True,16,40,10,0.01,0.5332335981374778,0.469421404341665,0.30854757635165797,3,0.035630311336143555,0.012249459212029386,4.109797517101623e-10,0.3437932129322563,1.1534554043968247e-08,,,,,,,,,
45,response_tables/trial_00045_hard_negative_structure_obs-empirical_prior-axis_edge_orthogonal_rel0p5x.npz,axis_edge_orthogonal,0.5,3,affine_quadratic,2,True,16,40,10,0.01,0.5797357637097085,0.5064507392512692,0.3654728870255587,6,0.9017320504134863,0.023053443988354155,0.0036262417958380744,0.02556573649321112,0.0040214183295084974,,,,,,,,,
46,response_tables/trial_00046_hard_negative_structure_obs-empirical_prior-axis_edge_parallel_rel1x.npz,axis_edge_parallel,1.0,0,linear,1,False,16,40,10,0.01,0.0010585651721058964,-0.00640704020441718,-0.004144900465213763,2,0.012842671527753681,6.728416067956782e-08,,5.239109365536855e-06,,0.012842671527753681,6.728416067956782e-08,6.728416067956782e-08,5.239109365536855e-06,190872.13688991763,5.280742535632332,8.641083746282894e-10,1.0,1.0
46,response_tables/trial_00046_hard_negative_structure_obs-empirical_prior-axis_edge_parallel_rel1x.npz,axis_edge_parallel,1.0,0,quadratic,2,False,16,40,10,0.01,0.3322210928533531,0.29222388500346175,0.24000011558707707,5,1.5687318479130417,0.008078666244651745,3.046844902823679e-08,0.005149806995631011,1.9422343639399182e-08,,,,,,,,,
46,response_tables/trial_00046_hard_negative_structure_obs-empirical_prior-axis_edge_parallel_rel1x.npz,axis_edge_parallel,1.0,0,cubic,3,False,16,40,10,0.01,0.3322681009851858,0.29214596281852834,0.23992570419229298,9,1.568887381966939,0.028103992708268143,0.00665997083125917,0.01791332700568585,0.004245027978304892,,,,,,,,,
46,response_tables/trial_00046_hard_negative_structure_obs-empirical_prior-axis_edge_parallel_rel1x.npz,axis_edge_parallel,1.0,0,affine_linear,1,True,16,40,10,0.01,0.6535901753670664,0.6146495779528804,0.6158868667895288,3,0.023668246089212523,0.007631135045952553,2.586697221825947e-08,0.3224208087573781,1.0928977213080896e-06,,,,,,,,,
46,response_tables/trial_00046_hard_negative_structure_obs-empirical_prior-axis_edge_parallel_rel1x.npz,axis_edge_parallel,1.0,0,affine_quadratic,2,True,16,40,10,0.01,0.7024396015533343,0.6574677937670101,0.653702298162293,6,0.657071264313673,0.007688387661897807,0.0059013967373473435,0.011700995127109258,0.008981364819707184,,,,,,,,,
46,response_tables/trial_00046_hard_negative_structure_obs-empirical_prior-axis_edge_parallel_rel1x.npz,axis_edge_parallel,1.0,1,linear,1,False,16,40,10,0.01,0.0014594278736370647,-0.0026280493194124066,-0.0023087273712956435,2,0.016032779345688156,1.783765089029393e-08,,1.1125738404858155e-06,,0.016032779345688156,1.783765089029393e-08,1.783765089029393e-08,1.1125738404858155e-06,898816.7469076399,5.953671155671679,2.8598712076950043e-10,1.0,1.0
46,response_tables/trial_00046_hard_negative_structure_obs-empirical_prior-axis_edge_parallel_rel1x.npz,axis_edge_parallel,1.0,1,quadratic,2,False,16,40,10,0.01,0.35496983695597994,0.31453476335809505,0.25222089637931366,5,1.5691978858805025,0.011535426352978339,1.3585223317488192e-08,0.007351161033782316,8.657431570439124e-09,,,,,,,,,
46,response_tables/trial_00046_hard_negative_structure_obs-empirical_prior-axis_edge_parallel_rel1x.npz,axis_edge_parallel,1.0,1,cubic,3,False,16,40,10,0.01,0.35504264645163464,0.3144503391538044,0.2521335361788246,9,1.5696870322671574,0.03008776391978173,0.011520804826615617,0.01916800183812747,0.0073395553315973375,,,,,,,,,
46,response_tables/trial_00046_hard_negative_structure_obs-empirical_prior-axis_edge_parallel_rel1x.npz,axis_edge_parallel,1.0,1,affine_linear,1,True,16,40,10,0.01,0.5871403490063278,0.535129842816346,0.5387890893374345,3,0.025114551845856207,0.00929639595464124,1.3018549645029576e-08,0.37015973893139986,5.183667908920931e-07,,,,,,,,,
46,response_tables/trial_00046_hard_negative_structure_obs-empirical_prior-axis_edge_parallel_rel1x.npz,axis_edge_parallel,1.0,1,affine_quadratic,2,True,16,40,10,0.01,0.6556264395335247,0.5998423772328051,0.597727931735834,6,0.7590440498375202,0.013080837862450338,0.00294067492658616,0.017233305320357103,0.0038741821732422993,,,,,,,,,
46,response_tables/trial_00046_hard_negative_structure_obs-empirical_prior-axis_edge_parallel_rel1x.npz,axis_edge_parallel,1.0,2,linear,1,False,16,40,10,0.01,0.0025084445026036795,-0.004108894692818055,-0.00039921178953430947,2,0.018321515167358745,1.6913843313443524e-08,,9.231683711168658e-07,,0.018321515167358745,1.6913843313443524e-08,1.6913843313443524e-08,9.231683711168658e-07,1083226.0195290074,6.034719083396231,3.098872368055848e-10,1.0,1.0
46,response_tables/trial_00046_hard_negative_structure_obs-empirical_prior-axis_edge_parallel_rel1x.npz,axis_edge_parallel,1.0,2,quadratic,2,False,16,40,10,0.01,0.35297262726385936,0.3075103827131569,0.25315127932338705,5,1.3707298273587154,0.002561097896212278,1.6768598527643918e-08,0.0018684191772110955,1.2233335988577444e-08,,,,,,,,,
46,response_tables/trial_00046_hard_negative_structure_obs-empirical_prior-axis_edge_parallel_rel1x.npz,axis_edge_parallel,1.0,2,cubic,3,False,16,40,10,0.01,0.35362713176913607,0.3077563572808586,0.25346175785286207,9,1.3758782329940502,0.0356578802166497,0.0025257876859869077,0.025916450570668995,0.0018357639690908826,,,,,,,,,
46,response_tables/trial_00046_hard_negative_structure_obs-empirical_prior-axis_edge_parallel_rel1x.npz,axis_edge_parallel,1.0,2,affine_linear,1,True,16,40,10,0.01,0.6353639090064096,0.5861891099867778,0.6041702620891708,3,0.026640158767781866,0.0019284433850662729,1.6713205750160877e-08,0.07238858453796071,6.273688492567668e-07,,,,,,,,,
46,response_tables/trial_00046_hard_negative_structure_obs-empirical_prior-axis_edge_parallel_rel1x.npz,axis_edge_parallel,1.0,2,affine_quadratic,2,True,16,40,10,0.01,0.6946991234950411,0.6333892623189021,0.6480616367256447,6,0.6194094503398545,0.005633039107452328,0.0019265692679053322,0.009094209176759606,0.0031103323768280765,,,,,,,,,
46,response_tables/trial_00046_hard_negative_structure_obs-empirical_prior-axis_edge_parallel_rel1x.npz,axis_edge_parallel,1.0,3,linear,1,False,16,40,10,0.01,0.00240703179694457,-0.00016793746754739658,-0.001650232532149687,2,0.016145812096108738,1.827632728208312e-09,,1.1319546625027212e-07,,0.016145812096108738,1.827632728208312e-09,1.827632728208312e-09,1.1319546625027212e-07,8834276.081243634,6.946170967334319,2.950861461034998e-11,1.0,1.0
46,response_tables/trial_00046_hard_negative_structure_obs-empirical_prior-axis_edge_parallel_rel1x.npz,axis_edge_parallel,1.0,3,quadratic,2,False,16,40,10,0.01,0.4087917810098016,0.3144177550043007,0.23296389767516706,5,1.3467304796796704,0.009611992512216914,7.806982228378835e-10,0.0071372799956998054,5.796989335413113e-10,,,,,,,,,
46,response_tables/trial_00046_hard_negative_structure_obs-empirical_prior-axis_edge_parallel_rel1x.npz,axis_edge_parallel,1.0,3,cubic,3,False,16,40,10,0.01,0.40970948742794233,0.31486618289335233,0.2337580428100761,9,1.35355591215403,0.027325824629770554,0.009068571438505514,0.020188175740952302,0.006699812957171394,,,,,,,,,
46,response_tables/trial_00046_hard_negative_structure_obs-empirical_prior-axis_edge_parallel_rel1x.npz,axis_edge_parallel,1.0,3,affine_linear,1,True,16,40,10,0.01,0.4700683380923527,0.3707036687121006,0.316645209669689,3,0.021039347989563605,0.006629075873567088,8.817549578558471e-10,0.31507991012152026,4.19098043481782e-08,,,,,,,,,
46,response_tables/trial_00046_hard_negative_structure_obs-empirical_prior-axis_edge_parallel_rel1x.npz,axis_edge_parallel,1.0,3,affine_quadratic,2,True,16,40,10,0.01,0.5884347485066315,0.4700379412928034,0.42593490372822485,6,0.8032977240614869,0.010159616246108408,0.0021451493494560677,0.012647385821960525,0.0026704287653276995,,,,,,,,,
46,response_tables/trial_00046_hard_negative_structure_obs-empirical_prior-axis_edge_orthogonal_rel1x.npz,axis_edge_orthogonal,1.0,0,linear,1,False,16,40,10,0.01,0.003691046285284827,-0.006069044084965336,-0.0023961383484721044,2,0.028976158965449184,4.048410665544147e-08,,1.397152283148164e-06,,0.028976158965449184,4.048410665544147e-08,4.048410665544147e-08,1.397152283148164e-06,715741.5924245052,5.854756255212548,1.1730739100222712e-09,1.0,1.0
46,response_tables/trial_00046_hard_negative_structure_obs-empirical_prior-axis_edge_orthogonal_rel1x.npz,axis_edge_orthogonal,1.0,0,quadratic,2,False,16,40,10,0.01,0.335599906719655,0.3003358535970898,0.25517024686744716,5,1.8979887238309439,0.005450477082343576,3.724806314068932e-08,0.0028717120464984685,1.9625018143156815e-08,,,,,,,,,
46,response_tables/trial_00046_hard_negative_structure_obs-empirical_prior-axis_edge_orthogonal_rel1x.npz,axis_edge_orthogonal,1.0,0,cubic,3,False,16,40,10,0.01,0.3357022916299768,0.3003193847438338,0.25516876075734973,9,1.8990491909520004,0.027267945467237632,0.00517798249575791,0.014358735727939786,0.002726618415377733,,,,,,,,,
46,response_tables/trial_00046_hard_negative_structure_obs-empirical_prior-axis_edge_orthogonal_rel1x.npz,axis_edge_orthogonal,1.0,0,affine_linear,1,True,16,40,10,0.01,0.661896351877765,0.6283725762079514,0.6283942785014083,3,0.03860945993246498,0.004092952503568124,3.617118685754338e-08,0.10600905867959429,9.368477808499113e-07,,,,,,,,,
46,response_tables/trial_00046_hard_negative_structure_obs-empirical_prior-axis_edge_orthogonal_rel1x.npz,axis_edge_orthogonal,1.0,0,affine_quadratic,2,True,16,40,10,0.01,0.7089164560947663,0.6724861722452962,0.6663983358518828,6,0.7795626590548809,0.006965342518767553,0.004062611590211132,0.008934936066861042,0.0052113983950135894,,,,,,,,,
46,response_tables/trial_00046_hard_negative_structure_obs-empirical_prior-axis_edge_orthogonal_rel1x.npz,axis_edge_orthogonal,1.0,1,linear,1,False,16,40,10,0.01,0.0007728592413374091,-0.003094446676394247,-0.0018770688625748266,2,0.014684607118363741,2.3064980007822434e-08,,1.570690984233325e-06,,0.014684607118363741,2.3064980007822434e-08,2.3064980007822434e-08,1.570690984233325e-06,636662.4689630553,5.803909249105774,3.387001696077867e-10,1.0,1.0
46,response_tables/trial_00046_hard_negative_structure_obs-empirical_prior-axis_edge_orthogonal_rel1x.npz,axis_edge_orthogonal,1.0,1,quadratic,2,False,16,40,10,0.01,0.31788713611451014,0.2938673406298753,0.25113640090955974,5,1.8705812639819468,0.0072037277920467884,1.2613810035276266e-08,0.003851063800731147,6.7432569106487125e-09,,,,,,,,,
46,response_tables/trial_00046_hard_negative_structure_obs-empirical_prior-axis_edge_orthogonal_rel1x.npz,axis_edge_orthogonal,1.0,1,cubic,3,False,16,40,10,0.01,0.3180131124668383,0.2937861385964501,0.25110470076586244,9,1.8720819077744184,0.036190487672984696,0.006283875904486588,0.019331679625069893,0.003356624450239482,,,,,,,,,
46,response_tables/trial_00046_hard_negative_structure_obs-empirical_prior-axis_edge_orthogonal_rel1x.npz,axis_edge_orthogonal,1.0,1,affine_linear,1,True,16,40,10,0.01,0.7319353558145241,0.7099411105248283,0.7223599823104883,3,0.03294407155286269,0.006344625665918159,1.0625353614893206e-08,0.19258778186349707,3.22527031846794e-07,,,,,,,,,
46,response_tables/trial_00046_hard_negative_structure_obs-empirical_prior-axis_edge_orthogonal_rel1x.npz,axis_edge_orthogonal,1.0,1,affine_quadratic,2,True,16,40,10,0.01,0.7637001356142771,0.7379569186214927,0.7460732963597829,6,0.6510964794476322,0.010608276075089683,0.005359170658634412,0.01629294030907582,0.008230993144335456,,,,,,,,,
46,response_tables/trial_00046_hard_negative_structure_obs-empirical_prior-axis_edge_orthogonal_rel1x.npz,axis_edge_orthogonal,1.0,2,linear,1,False,16,40,10,0.01,0.0022313203399787485,-0.005406060433065019,-0.0024773426892902017,2,0.019221180289041156,9.57666862407309e-09,,4.982352009638645e-07,,0.019221180289041156,9.57666862407309e-09,9.57666862407309e-09,4.982352009638645e-07,2007084.2005250591,6.3025655922465065,1.8407487419171257e-10,1.0,1.0
46,response_tables/trial_00046_hard_negative_structure_obs-empirical_prior-axis_edge_orthogonal_rel1x.npz,axis_edge_orthogonal,1.0,2,quadratic,2,False,16,40,10,0.01,0.32424756622296713,0.3043215123742675,0.2586169798802628,5,1.4613824758944196,0.014575075271703904,9.559687691876994e-09,0.009973484363005944,6.541537105832692e-09,,,,,,,,,
46,response_tables/trial_00046_hard_negative_structure_obs-empirical_prior-axis_edge_orthogonal_rel1x.npz,axis_edge_orthogonal,1.0,2,cubic,3,False,16,40,10,0.01,0.32476175884086544,0.30444340024194305,0.25880642510640767,9,1.4663153278576035,0.030733594481347187,0.009948235526157692,0.020959744399761046,0.006784513083343955,,,,,,,,,
46,response_tables/trial_00046_hard_negative_structure_obs-empirical_prior-axis_edge_orthogonal_rel1x.npz,axis_edge_orthogonal,1.0,2,affine_linear,1,True,16,40,10,0.01,0.6287114139590539,0.5994501264599621,0.6016343260471224,3,0.026145263682491492,0.012188205099238347,9.510690042309738e-09,0.4661725828146967,3.637634011960144e-07,,,,,,,,,
46,response_tables/trial_00046_hard_negative_structure_obs-empirical_prior-axis_edge_orthogonal_rel1x.npz,axis_edge_orthogonal,1.0,2,affine_quadratic,2,True,16,40,10,0.01,0.6754351602780122,0.6500957840095469,0.6456764636282029,6,0.6113109100142586,0.014213303147681404,0.0036708687063919544,0.023250530809845817,0.006004912796839063,,,,,,,,,
46,response_tables/trial_00046_hard_negative_structure_obs-empirical_prior-axis_edge_orthogonal_rel1x.npz,axis_edge_orthogonal,1.0,3,linear,1,False,16,40,10,0.01,0.0009463118316962449,-0.003933971305783768,-0.00214852823592962,2,0.015616072003608367,1.2954038458754166e-09,,8.295324493740108e-08,,0.015616072003608367,1.2954038458754166e-09,1.2954038458754166e-09,8.295324493740108e-08,12054983.51215349,7.081166620720469,2.0229119730941702e-11,1.0,1.0
46,response_tables/trial_00046_hard_negative_structure_obs-empirical_prior-axis_edge_orthogonal_rel1x.npz,axis_edge_orthogonal,1.0,3,quadratic,2,False,16,40,10,0.01,0.3300160901229139,0.3028673303826508,0.2551842875879425,5,1.8692658573700165,0.002893918447245567,1.235384576704098e-09,0.0015481577624903483,6.608929231940478e-10,,,,,,,,,
46,response_tables/trial_00046_hard_negative_structure_obs-empirical_prior-axis_edge_orthogonal_rel1x.npz,axis_edge_orthogonal,1.0,3,cubic,3,False,16,40,10,0.01,0.330908352460499,0.30321794325231344,0.25560732420325805,9,1.8806607334601229,0.03097429855726666,0.002881711030636365,0.01646990230942865,0.0015322864881293424,,,,,,,,,
46,response_tables/trial_00046_hard_negative_structure_obs-empirical_prior-axis_edge_orthogonal_rel1x.npz,axis_edge_orthogonal,1.0,3,affine_linear,1,True,16,40,10,0.01,0.7222400548171215,0.6944533831678281,0.7032658442534176,3,0.032671518940643574,0.0023457072328372354,1.27393950238223e-09,0.07179669966060748,3.8992356146546994e-08,,,,,,,,,
46,response_tables/trial_00046_hard_negative_structure_obs-empirical_prior-axis_edge_orthogonal_rel1x.npz,axis_edge_orthogonal,1.0,3,affine_quadratic,2,True,16,40,10,0.01,0.7537158513558702,0.7217435284750444,0.7273513019158759,6,0.6396369450309306,0.007653174817909939,0.0022703846027321405,0.011964873007045986,0.00354948947269197,,,,,,,,,
47,response_tables/trial_00047_hard_negative_structure_obs-empirical_prior-axis_edge_parallel_rel2x.npz,axis_edge_parallel,2.0,0,linear,1,False,16,40,10,0.01,7.065106147685629e-05,-0.002725361527004644,-0.0032407628952021428,2,0.0031405600786148474,1.7737196303745808e-07,,5.647781242754906e-05,,0.0031405600786148474,1.7737196303745808e-07,1.7737196303745808e-07,5.647781242754906e-05,17706.068224275175,4.2481221332920045,5.570473061809892e-10,1.0,1.0
47,response_tables/trial_00047_hard_negative_structure_obs-empirical_prior-axis_edge_parallel_rel2x.npz,axis_edge_parallel,2.0,0,quadratic,2,False,16,40,10,0.01,0.27080986808042473,0.22762845995920689,0.23408256857595916,5,1.191074982169055,0.0030754664317055266,1.3064282168066488e-07,0.0025820930485038187,1.0968480040001555e-07,,,,,,,,,
47,response_tables/trial_00047_hard_negative_structure_obs-empirical_prior-axis_edge_parallel_rel2x.npz,axis_edge_parallel,2.0,0,cubic,3,False,16,40,10,0.01,0.2803806281320358,0.2286609249903493,0.23442651533583192,9,1.3473372998926871,0.10226499221718596,0.0028203764416041767,0.07590155206519643,0.002093296490662594,,,,,,,,,
47,response_tables/trial_00047_hard_negative_structure_obs-empirical_prior-axis_edge_parallel_rel2x.npz,axis_edge_parallel,2.0,0,affine_linear,1,True,16,40,10,0.01,0.7458724287882096,0.7320874714852875,0.7205720592425451,3,0.03160479164995383,0.0030862869223965855,1.3610100836792484e-07,0.09765250018349969,4.306340945871215e-06,,,,,,,,,
47,response_tables/trial_00047_hard_negative_structure_obs-empirical_prior-axis_edge_parallel_rel2x.npz,axis_edge_parallel,2.0,0,affine_quadratic,2,True,16,40,10,0.01,0.7495264906734131,0.7292125162017207,0.7196596117943883,6,0.16388230292755748,0.017413450527849293,0.002907254374530824,0.10625583248941,0.017739892121335067,,,,,,,,,
47,response_tables/trial_00047_hard_negative_structure_obs-empirical_prior-axis_edge_parallel_rel2x.npz,axis_edge_parallel,2.0,1,linear,1,False,16,40,10,0.01,0.00026723256110705584,-0.003247394162785744,-0.003463938617030149,2,0.006565642743891165,1.2378785186937598e-08,,1.8853881744411274e-06,,0.006565642743891165,1.2378785186937598e-08,1.2378785186937598e-08,1.8853881744411274e-06,530394.7556032715,5.724599221234159,8.127468114080428e-11,1.0,1.0
47,response_tables/trial_00047_hard_negative_structure_obs-empirical_prior-axis_edge_parallel_rel2x.npz,axis_edge_parallel,2.0,1,quadratic,2,False,16,40,10,0.01,0.26822685566776827,0.2271335846478838,0.23248404896755648,5,1.1305382680997433,0.004824426917970312,1.0817948631032127e-08,0.004267371617662632,9.568847810181069e-09,,,,,,,,,
47,response_tables/trial_00047_hard_negative_structure_obs-empirical_prior-axis_edge_parallel_rel2x.npz,axis_edge_parallel,2.0,1,cubic,3,False,16,40,10,0.01,0.27228998048637476,0.2249355346463947,0.23076017907316265,9,1.2105266205025744,0.06683854838947738,0.0037991993678922445,0.05521443911884236,0.0031384682530277036,,,,,,,,,
47,response_tables/trial_00047_hard_negative_structure_obs-empirical_prior-axis_edge_parallel_rel2x.npz,axis_edge_parallel,2.0,1,affine_linear,1,True,16,40,10,0.01,0.7357345449949723,0.7288729022866641,0.7260784504292028,3,0.0340464575466529,0.004664013959439316,1.0167682058371752e-08,0.13698969865068486,2.986414091521641e-07,,,,,,,,,
47,response_tables/trial_00047_hard_negative_structure_obs-empirical_prior-axis_edge_parallel_rel2x.npz,axis_edge_parallel,2.0,1,affine_quadratic,2,True,16,40,10,0.01,0.7400412034594419,0.7251528165489347,0.7237371840038791,6,0.1703552561540411,0.021937703332307407,0.004309840335457774,0.12877620466532938,0.025299133309750466,,,,,,,,,
47,response_tables/trial_00047_hard_negative_structure_obs-empirical_prior-axis_edge_parallel_rel2x.npz,axis_edge_parallel,2.0,2,linear,1,False,16,40,10,0.01,0.00022443757118439933,-0.001165395731031138,-0.0010947053879507285,2,0.005421042510025328,2.6221013306910958e-08,,4.8368949807014985e-06,,0.005421042510025328,2.6221013306910958e-08,2.6221013306910958e-08,4.8368949807014985e-06,206744.20345900694,5.315433341967957,1.421452277927041e-10,1.0,1.0
47,response_tables/trial_00047_hard_negative_structure_obs-empirical_prior-axis_edge_parallel_rel2x.npz,axis_edge_parallel,2.0,2,quadratic,2,False,16,40,10,0.01,0.25662606622824635,0.2162290382510973,0.21734412746006954,5,0.9947690515836927,0.0027236963053343163,1.8804330479907616e-08,0.0027380187401268023,1.8903212207869494e-08,,,,,,,,,
47,response_tables/trial_00047_hard_negative_structure_obs-empirical_prior-axis_edge_parallel_rel2x.npz,axis_edge_parallel,2.0,2,cubic,3,False,16,40,10,0.01,0.26621006642558,0.21549048547901462,0.21651496576140733,9,1.148834939372727,0.09982022049605861,0.0027222909092660262,0.08688821785883466,0.0023696101293301706,,,,,,,,,
47,response_tables/trial_00047_hard_negative_structure_obs-empirical_prior-axis_edge_parallel_rel2x.npz,axis_edge_parallel,2.0,2,affine_linear,1,True,16,40,10,0.01,0.7655195388426984,0.7614160712608092,0.7605469186428342,3,0.0313521956642054,0.0027316653209351394,1.780408098138631e-08,0.08712835777731077,5.678734967105706e-07,,,,,,,,,
47,response_tables/trial_00047_hard_negative_structure_obs-empirical_prior-axis_edge_parallel_rel2x.npz,axis_edge_parallel,2.0,2,affine_quadratic,2,True,16,40,10,0.01,0.7674573775215124,0.7598263001946282,0.7591714225863031,6,0.10392415332429812,0.019766720295324912,0.002675874104947326,0.19020333255583358,0.025748336833663572,,,,,,,,,
47,response_tables/trial_00047_hard_negative_structure_obs-empirical_prior-axis_edge_parallel_rel2x.npz,axis_edge_parallel,2.0,3,linear,1,False,16,40,10,0.01,0.0010264102138610731,-0.002220796424133642,-0.002394298354623986,2,0.00968264786264366,4.395909831892e-09,,4.539987299188821e-07,,0.00968264786264366,4.395909831892e-09,4.395909831892e-09,4.539987299188821e-07,2202649.333795877,6.342945362098827,4.256404693814333e-11,1.0,1.0
47,response_tables/trial_00047_hard_negative_structure_obs-empirical_prior-axis_edge_parallel_rel2x.npz,axis_edge_parallel,2.0,3,quadratic,2,False,16,40,10,0.01,0.275625843644852,0.23493392575281524,0.24835013172908763,5,0.861771922026626,0.005218095063114765,4.0027658889794605e-09,0.006055076673702003,4.644808895103208e-09,,,,,,,,,
47,response_tables/trial_00047_hard_negative_structure_obs-empirical_prior-axis_edge_parallel_rel2x.npz,axis_edge_parallel,2.0,3,cubic,3,False,16,40,10,0.01,0.2819170258471183,0.23486360872058265,0.24896560340306534,9,0.9515467568023309,0.054627069605124944,0.004344846647175913,0.057408707680008275,0.00456608844086312,,,,,,,,,
47,response_tables/trial_00047_hard_negative_structure_obs-empirical_prior-axis_edge_parallel_rel2x.npz,axis_edge_parallel,2.0,3,affine_linear,1,True,16,40,10,0.01,0.6694750494532724,0.659190366299627,0.6565266006322217,3,0.025561818908626445,0.005090419549622153,3.801796122331135e-09,0.19914152305899757,1.487294834503396e-07,,,,,,,,,
47,response_tables/trial_00047_hard_negative_structure_obs-empirical_prior-axis_edge_parallel_rel2x.npz,axis_edge_parallel,2.0,3,affine_quadratic,2,True,16,40,10,0.01,0.6774072156806614,0.654365544392341,0.6554980989968557,6,0.1740252794537346,0.010249177822114099,0.0049215282921871665,0.05889476433703351,0.02828053664177897,,,,,,,,,
47,response_tables/trial_00047_hard_negative_structure_obs-empirical_prior-axis_edge_orthogonal_rel2x.npz,axis_edge_orthogonal,2.0,0,linear,1,False,16,40,10,0.01,0.0001915603399649246,-0.0014715329301617786,-0.00166395856130519,2,0.006002703515990056,1.636239911022579e-07,,2.7258382938020316e-05,,0.006002703515990056,1.636239911022579e-07,1.636239911022579e-07,2.7258382938020316e-05,36685.96197631328,4.5644999115947105,9.821863066898492e-10,1.0,1.0
47,response_tables/trial_00047_hard_negative_structure_obs-empirical_prior-axis_edge_orthogonal_rel2x.npz,axis_edge_orthogonal,2.0,0,quadratic,2,False,16,40,10,0.01,0.26322061491891313,0.2250139448309727,0.22524378753511196,5,1.3628292707251384,0.002575128914958435,9.850144757660181e-08,0.0018895462331743524,7.227717344535082e-08,,,,,,,,,
47,response_tables/trial_00047_hard_negative_structure_obs-empirical_prior-axis_edge_orthogonal_rel2x.npz,axis_edge_orthogonal,2.0,0,cubic,3,False,16,40,10,0.01,0.27279680339261936,0.2254446391351166,0.2249521429741309,9,1.5473399498284723,0.10644451979026424,0.002346116155125318,0.06879194181088905,0.0015162254134170018,,,,,,,,,
47,response_tables/trial_00047_hard_negative_structure_obs-empirical_prior-axis_edge_orthogonal_rel2x.npz,axis_edge_orthogonal,2.0,0,affine_linear,1,True,16,40,10,0.01,0.7408092512130646,0.7319946888716695,0.7251746355456481,3,0.03695857858769039,0.0024788015795204348,1.0325849398399318e-07,0.06706972167879954,2.793897869719075e-06,,,,,,,,,
47,response_tables/trial_00047_hard_negative_structure_obs-empirical_prior-axis_edge_orthogonal_rel2x.npz,axis_edge_orthogonal,2.0,0,affine_quadratic,2,True,16,40,10,0.01,0.7433837294920648,0.730525881136556,0.7245711252361074,6,0.16080265033041533,0.018639382008861446,0.0023809920788588753,0.11591464425842156,0.014806920619569652,,,,,,,,,
47,response_tables/trial_00047_hard_negative_structure_obs-empirical_prior-axis_edge_orthogonal_rel2x.npz,axis_edge_orthogonal,2.0,1,linear,1,False,16,40,10,0.01,0.0003256974697886106,-0.0017397290967224865,-0.0018456765272856779,2,0.008203673315136328,4.882640978114825e-09,,5.951774029209603e-07,,0.008203673315136328,4.882640978114825e-09,4.882640978114825e-09,5.951774029209603e-07,1680171.3154637362,6.225353565992137,4.0055591499551726e-11,1.0,1.0
47,response_tables/trial_00047_hard_negative_structure_obs-empirical_prior-axis_edge_orthogonal_rel2x.npz,axis_edge_orthogonal,2.0,1,quadratic,2,False,16,40,10,0.01,0.2615365598217382,0.2287046967247366,0.22947732144231392,5,1.263660472840597,0.003954644780879439,4.845511721197048e-09,0.0031295152977205555,3.834504461712541e-09,,,,,,,,,
47,response_tables/trial_00047_hard_negative_structure_obs-empirical_prior-axis_edge_orthogonal_rel2x.npz,axis_edge_orthogonal,2.0,1,cubic,3,False,16,40,10,0.01,0.26487512620845555,0.22739086436485156,0.22838928392418248,9,1.3398821844561717,0.072661602628583,0.0038600821658928853,0.05422984458747373,0.002880911628405304,,,,,,,,,
47,response_tables/trial_00047_hard_negative_structure_obs-empirical_prior-axis_edge_orthogonal_rel2x.npz,axis_edge_orthogonal,2.0,1,affine_linear,1,True,16,40,10,0.01,0.7673765183609921,0.7626366523922519,0.761475915031703,3,0.039660728127277875,0.0037956378223544347,4.78359413973567e-09,0.09570267621344725,1.2061286732770817e-07,,,,,,,,,
47,response_tables/trial_00047_hard_negative_structure_obs-empirical_prior-axis_edge_orthogonal_rel2x.npz,axis_edge_orthogonal,2.0,1,affine_quadratic,2,True,16,40,10,0.01,0.7687629345619836,0.760823366149074,0.7599739138643509,6,0.1133160680000645,0.020718395857568274,0.003467754109982427,0.18283722885227963,0.030602492401875903,,,,,,,,,
47,response_tables/trial_00047_hard_negative_structure_obs-empirical_prior-axis_edge_orthogonal_rel2x.npz,axis_edge_orthogonal,2.0,2,linear,1,False,16,40,10,0.01,0.00021746848144943431,-0.0011715042736453185,-0.0010835448744496157,2,0.00568768993085912,3.608471516819668e-08,,6.34435343818859e-06,,0.00568768993085912,3.608471516819668e-08,3.608471516819668e-08,6.34435343818859e-06,157620.4746067103,5.197612630863947,2.0523867112007162e-10,1.0,1.0
47,response_tables/trial_00047_hard_negative_structure_obs-empirical_prior-axis_edge_orthogonal_rel2x.npz,axis_edge_orthogonal,2.0,2,quadratic,2,False,16,40,10,0.01,0.24265759867633174,0.21349191913879484,0.21871711412678185,5,1.0310118728086994,0.004839700957789698,1.5177169008002753e-08,0.004694127279645486,1.4720653959742346e-08,,,,,,,,,
47,response_tables/trial_00047_hard_negative_structure_obs-empirical_prior-axis_edge_orthogonal_rel2x.npz,axis_edge_orthogonal,2.0,2,cubic,3,False,16,40,10,0.01,0.2515285647344795,0.21355914913163443,0.2190763544861097,9,1.1894772372754407,0.07965007268022936,0.0032799964260218114,0.06696225046111179,0.002757510882288772,,,,,,,,,
47,response_tables/trial_00047_hard_negative_structure_obs-empirical_prior-axis_edge_orthogonal_rel2x.npz,axis_edge_orthogonal,2.0,2,affine_linear,1,True,16,40,10,0.01,0.7464086983189333,0.7420462376479784,0.7425574944519431,3,0.03277917183711315,0.00473546112434406,1.43952738011989e-08,0.14446555110896633,4.391591670690203e-07,,,,,,,,,
47,response_tables/trial_00047_hard_negative_structure_obs-empirical_prior-axis_edge_orthogonal_rel2x.npz,axis_edge_orthogonal,2.0,2,affine_quadratic,2,True,16,40,10,0.01,0.7480629802807952,0.7427254758182107,0.7433075405348921,6,0.10145435450456551,0.026333802277181736,0.0041672701377617445,0.25956305577792327,0.04107532060217499,,,,,,,,,
47,response_tables/trial_00047_hard_negative_structure_obs-empirical_prior-axis_edge_orthogonal_rel2x.npz,axis_edge_orthogonal,2.0,3,linear,1,False,16,40,10,0.01,0.00036858294900921074,-0.0015080810904051223,-0.0015267790617041754,2,0.008606574483228154,4.122646411304529e-09,,4.790112976235124e-07,,0.008606574483228154,4.122646411304529e-09,4.122646411304529e-09,4.790112976235124e-07,2087633.4336188624,6.319654243500491,3.548186340690568e-11,1.0,1.0
47,response_tables/trial_00047_hard_negative_structure_obs-empirical_prior-axis_edge_orthogonal_rel2x.npz,axis_edge_orthogonal,2.0,3,quadratic,2,False,16,40,10,0.01,0.2631759633477453,0.22969255126122667,0.22760246568980216,5,1.2509870934372398,0.006436425480927516,3.773859900623985e-09,0.005145077446996396,3.0167057041770465e-09,,,,,,,,,
47,response_tables/trial_00047_hard_negative_structure_obs-empirical_prior-axis_edge_orthogonal_rel2x.npz,axis_edge_orthogonal,2.0,3,cubic,3,False,16,40,10,0.01,0.267793465042098,0.23053474763187443,0.22850321589132,9,1.3518520142470312,0.09307039809445178,0.006264920226294009,0.06884658758029155,0.0046343239942454135,,,,,,,,,
47,response_tables/trial_00047_hard_negative_structure_obs-empirical_prior-axis_edge_orthogonal_rel2x.npz,axis_edge_orthogonal,2.0,3,affine_linear,1,True,16,40,10,0.01,0.7771923533516308,0.7725367742641817,0.7713651072510753,3,0.0391309195706763,0.0063302537071711715,3.7778977706861415e-09,0.1617711461070519,9.654508026223847e-08,,,,,,,,,
47,response_tables/trial_00047_hard_negative_structure_obs-empirical_prior-axis_edge_orthogonal_rel2x.npz,axis_edge_orthogonal,2.0,3,affine_quadratic,2,True,16,40,10,0.01,0.7780425547351041,0.7701715531812726,0.7690562960635192,6,0.09062044753650608,0.018439530260111997,0.005983730776101985,0.20348090040808622,0.0660306910721387,,,,,,,,,
