table_index,manifest_table_index,trial_id,response_cache_path,candidate_set_mode,observation_family,prior_family,prior_scale,axis_catalog_mode,likelihood_scale,n_candidates,n_timebins,n_units,observer_mode,latent,posterior_temperature,true_candidate_index_local,pred_candidate_index_local,true_candidate_id,pred_candidate_id,image_correct,true_rank,true_margin,candidate_posterior_true_mass,candidate_posterior_entropy,candidate_posterior_N_eff,candidate_posterior_N_eff_fraction,feature_mse,feature_neg_mse,feature_rmse,feature_l2_error,feature_cosine,feature_true_norm,feature_pred_norm,map_feature_cosine,map_feature_mse,map_feature_rmse,run_slug,run_label,n_trajectories,basis_dim,ridge,alpha,process_var,observation_var_floor,trajectory_initial_position,trajectory_initial_position_var,optimizer_max_iter,quadratic_continuation_scales,observation_continuation_scales
0,4.0,2,response_tables/trial_00002_hard_negative_structure_obs-empirical_prior-axis_edge_parallel_rel2x.npz,hard_negative_structure,empirical,axis_edge_parallel,2.0,per_candidate,1.0,4,40,756,continuous_joint,pyramid_local_field,1.0,0,2,source_row:25,source_row:9142,False,3.0,-0.5221330294809832,0.22241048988794462,1.2152150335607343,3.142428198221563,0.7856070495553907,0.2855192951446141,-0.2855192951446141,0.5343400557179052,29.616132000723095,0.8448706982768075,55.35716385314352,46.45430176997992,0.5450920735126369,0.8627886600790683,0.9288641774118906,scale2_parallel_k15_ridge0p1,"2.0x parallel k=15, ridge 0.1",,,,,,,,,,,
1,10.0,5,response_tables/trial_00005_hard_negative_structure_obs-empirical_prior-axis_edge_parallel_rel2x.npz,hard_negative_structure,empirical,axis_edge_parallel,2.0,per_candidate,1.0,4,40,756,continuous_joint,pyramid_local_field,1.0,0,3,source_row:76,source_row:4203,False,3.0,-0.6167184543618305,0.20920921794429298,1.2198194618053098,3.136725406852965,0.7841813517132412,0.14571712336365591,-0.14571712336365591,0.3817291230226689,21.157575545727138,0.900931427475492,47.34179291251737,47.707985683799066,0.8237351843954694,0.2779343607150047,0.5271948033839149,scale2_parallel_k15_ridge0p1,"2.0x parallel k=15, ridge 0.1",,,,,,,,,,,
2,16.0,8,response_tables/trial_00008_hard_negative_structure_obs-empirical_prior-axis_edge_parallel_rel2x.npz,hard_negative_structure,empirical,axis_edge_parallel,2.0,per_candidate,1.0,4,40,756,continuous_joint,pyramid_local_field,1.0,0,0,source_row:87,source_row:87,True,1.0,2.5057388503664697,0.9130304470231217,0.33715051973413607,1.1914893497879053,0.29787233744697633,0.002408749507944226,-0.002408749507944226,0.04907901290719106,2.7202350060986755,0.9966940054954073,31.988853179568522,31.0800402975092,1.0,0.0,0.0,scale2_parallel_k15_ridge0p1,"2.0x parallel k=15, ridge 0.1",,,,,,,,,,,
3,22.0,11,response_tables/trial_00011_hard_negative_structure_obs-empirical_prior-axis_edge_parallel_rel2x.npz,hard_negative_structure,empirical,axis_edge_parallel,2.0,per_candidate,1.0,4,40,756,continuous_joint,pyramid_local_field,1.0,0,0,source_row:369,source_row:369,True,1.0,0.6485932187682693,0.5786480338672432,1.0021133495314223,2.3002050736807296,0.5750512684201824,0.0850988405068303,-0.0850988405068303,0.2917170555638293,16.168600373470262,0.9295879622371642,43.55782142770001,38.58115162920569,1.0000000000000002,0.0,0.0,scale2_parallel_k15_ridge0p1,"2.0x parallel k=15, ridge 0.1",,,,,,,,,,,
4,28.0,14,response_tables/trial_00014_hard_negative_structure_obs-empirical_prior-axis_edge_parallel_rel2x.npz,hard_negative_structure,empirical,axis_edge_parallel,2.0,per_candidate,1.0,4,40,756,continuous_joint,pyramid_local_field,1.0,0,0,source_row:420,source_row:420,True,1.0,0.3102569946900644,0.4987487398845471,1.0613288826984246,2.5377469338194953,0.6344367334548738,0.1398483540555012,-0.1398483540555012,0.37396303835472994,20.72713544266307,0.9135591415387598,50.81129610299023,44.818683669541585,1.0,0.0,0.0,scale2_parallel_k15_ridge0p1,"2.0x parallel k=15, ridge 0.1",,,,,,,,,,,
5,34.0,17,response_tables/trial_00017_hard_negative_structure_obs-empirical_prior-axis_edge_parallel_rel2x.npz,hard_negative_structure,empirical,axis_edge_parallel,2.0,per_candidate,1.0,4,40,756,continuous_joint,pyramid_local_field,1.0,0,0,source_row:454,source_row:454,True,1.0,0.0,0.4637310667116973,0.9383620739572599,2.305577370840052,0.576394342710013,0.0025714865407748993,-0.0025714865407748993,0.05070982686595271,2.810623890395243,0.9976358394048173,38.62978874581035,37.615390779680666,0.9999999999999999,0.0,0.0,scale2_parallel_k15_ridge0p1,"2.0x parallel k=15, ridge 0.1",,,,,,,,,,,
6,40.0,20,response_tables/trial_00020_hard_negative_structure_obs-empirical_prior-axis_edge_parallel_rel2x.npz,hard_negative_structure,empirical,axis_edge_parallel,2.0,per_candidate,1.0,4,40,756,continuous_joint,pyramid_local_field,1.0,0,0,source_row:455,source_row:455,True,1.0,0.0,0.450024738259869,0.9950270723467396,2.426220480417036,0.606555120104259,0.004982857111776045,-0.004982857111776045,0.07058935551325034,3.9124592071197384,0.9953048048503373,38.62978874581035,37.29631866799329,0.9999999999999999,0.0,0.0,scale2_parallel_k15_ridge0p1,"2.0x parallel k=15, ridge 0.1",,,,,,,,,,,
7,46.0,23,response_tables/trial_00023_hard_negative_structure_obs-empirical_prior-axis_edge_parallel_rel2x.npz,hard_negative_structure,empirical,axis_edge_parallel,2.0,per_candidate,1.0,4,40,756,continuous_joint,pyramid_local_field,1.0,0,0,source_row:966,source_row:966,True,1.0,2.0819724264067645,0.7780314469352164,0.7678830015390317,1.6062251839539696,0.4015562959884924,0.02090212539420344,-0.02090212539420344,0.1445756735906959,8.013197190322535,0.9855786185983649,43.20788650402636,39.30567900800861,0.9999999999999999,0.0,0.0,scale2_parallel_k15_ridge0p1,"2.0x parallel k=15, ridge 0.1",,,,,,,,,,,
8,52.0,26,response_tables/trial_00026_hard_negative_structure_obs-empirical_prior-axis_edge_parallel_rel2x.npz,hard_negative_structure,empirical,axis_edge_parallel,2.0,per_candidate,1.0,4,40,756,continuous_joint,pyramid_local_field,1.0,0,0,source_row:1249,source_row:1249,True,1.0,0.4655565161922368,0.41451650513053795,1.2433951477858205,3.210382660225418,0.8025956650563545,0.08388956036258499,-0.08388956036258499,0.289636945783139,16.053308987055008,0.8881439857134723,34.41165285343677,33.3217483643203,1.0000000000000002,0.0,0.0,scale2_parallel_k15_ridge0p1,"2.0x parallel k=15, ridge 0.1",,,,,,,,,,,
9,58.0,29,response_tables/trial_00029_hard_negative_structure_obs-empirical_prior-axis_edge_parallel_rel2x.npz,hard_negative_structure,empirical,axis_edge_parallel,2.0,per_candidate,1.0,4,40,756,continuous_joint,pyramid_local_field,1.0,0,0,source_row:1422,source_row:1422,True,1.0,0.029529787429453336,0.36343810335563587,1.283715879606453,3.3504565067903984,0.8376141266975996,0.040240104294664465,-0.040240104294664465,0.2005993626477025,11.118345218296167,0.9721304552297775,47.40472271920179,46.408719759870685,1.0,0.0,0.0,scale2_parallel_k15_ridge0p1,"2.0x parallel k=15, ridge 0.1",,,,,,,,,,,
10,64.0,32,response_tables/trial_00032_hard_negative_structure_obs-empirical_prior-axis_edge_parallel_rel2x.npz,hard_negative_structure,empirical,axis_edge_parallel,2.0,per_candidate,1.0,4,40,756,continuous_joint,pyramid_local_field,1.0,0,1,source_row:1425,source_row:1422,False,2.0,-0.046832845788799204,0.33011356149850396,1.3137444525504294,3.5209169437017773,0.8802292359254443,0.038643642500259555,-0.038643642500259555,0.1965798629062996,10.895561929556335,0.9743411063925327,48.321366402134856,46.42891514126044,0.997847760134049,0.003483183393244682,0.059018500432022857,scale2_parallel_k15_ridge0p1,"2.0x parallel k=15, ridge 0.1",,,,,,,,,,,
11,70.0,35,response_tables/trial_00035_hard_negative_structure_obs-empirical_prior-axis_edge_parallel_rel2x.npz,hard_negative_structure,empirical,axis_edge_parallel,2.0,per_candidate,1.0,4,40,756,continuous_joint,pyramid_local_field,1.0,0,0,source_row:1446,source_row:1446,True,1.0,2.44056907985464,0.8616516420473371,0.5283506621868285,1.3318458957924935,0.33296147394812337,0.006395784103333433,-0.006395784103333433,0.07997364630510123,4.432589397343308,0.9919591969363769,34.78821755483096,33.99486574067708,1.0,0.0,0.0,scale2_parallel_k15_ridge0p1,"2.0x parallel k=15, ridge 0.1",,,,,,,,,,,
12,76.0,38,response_tables/trial_00038_hard_negative_structure_obs-empirical_prior-axis_edge_parallel_rel2x.npz,hard_negative_structure,empirical,axis_edge_parallel,2.0,per_candidate,1.0,4,40,756,continuous_joint,pyramid_local_field,1.0,0,3,source_row:1523,source_row:10803,False,2.0,-0.2633784886512558,0.3719041142381923,1.0857542248454624,2.599689862235442,0.6499224655588605,0.2598967748525657,-0.2598967748525657,0.5098007207258202,28.25602400103528,0.7911260382009502,45.115038397764515,41.76887975305544,0.49656305388088195,0.8168373387655666,0.9037905392100355,scale2_parallel_k15_ridge0p1,"2.0x parallel k=15, ridge 0.1",,,,,,,,,,,
13,82.0,41,response_tables/trial_00041_hard_negative_structure_obs-empirical_prior-axis_edge_parallel_rel2x.npz,hard_negative_structure,empirical,axis_edge_parallel,2.0,per_candidate,1.0,4,40,756,continuous_joint,pyramid_local_field,1.0,0,0,source_row:1709,source_row:1709,True,1.0,0.3031772052717656,0.544083334627967,0.8870941361713419,2.177566436877908,0.544391609219477,0.12682065403534767,-0.12682065403534767,0.3561188762693543,19.738111591451396,0.9335933543034856,54.78713570327037,49.10602191542554,1.0000000000000002,0.0,0.0,scale2_parallel_k15_ridge0p1,"2.0x parallel k=15, ridge 0.1",,,,,,,,,,,
14,88.0,44,response_tables/trial_00044_hard_negative_structure_obs-empirical_prior-axis_edge_parallel_rel2x.npz,hard_negative_structure,empirical,axis_edge_parallel,2.0,per_candidate,1.0,4,40,756,continuous_joint,pyramid_local_field,1.0,0,0,source_row:1918,source_row:1918,True,1.0,0.4820884309410758,0.6100018424750789,0.7356744181249716,1.9452308669635576,0.4863077167408894,0.0661501890722088,-0.0661501890722088,0.25719679055580924,14.255293081162009,0.9339126481997463,39.83355717057559,36.55284823289901,1.0,0.0,0.0,scale2_parallel_k15_ridge0p1,"2.0x parallel k=15, ridge 0.1",,,,,,,,,,,
15,94.0,47,response_tables/trial_00047_hard_negative_structure_obs-empirical_prior-axis_edge_parallel_rel2x.npz,hard_negative_structure,empirical,axis_edge_parallel,2.0,per_candidate,1.0,4,40,756,continuous_joint,pyramid_local_field,1.0,0,0,source_row:1945,source_row:1945,True,1.0,0.6181874849557971,0.4094563117954833,1.323304188843163,3.511760763439358,0.8779401908598395,0.11167847363868066,-0.11167847363868066,0.33418329347632064,18.522318186934026,0.8921166540943536,40.99625460433092,36.572132966437586,1.0,0.0,0.0,scale2_parallel_k15_ridge0p1,"2.0x parallel k=15, ridge 0.1",,,,,,,,,,,
16,100.0,50,response_tables/trial_00050_hard_negative_structure_obs-empirical_prior-axis_edge_parallel_rel2x.npz,hard_negative_structure,empirical,axis_edge_parallel,2.0,per_candidate,1.0,4,40,756,continuous_joint,pyramid_local_field,1.0,0,0,source_row:2122,source_row:2122,True,1.0,0.020529538716118623,0.3404624915683848,1.3243651280564888,3.5673644330660883,0.8918411082665221,0.21229617476192628,-0.21229617476192628,0.4607560903145245,25.537694666289624,0.8572173731077937,49.57218472284524,43.218093946220215,1.0,0.0,0.0,scale2_parallel_k15_ridge0p1,"2.0x parallel k=15, ridge 0.1",,,,,,,,,,,
17,106.0,53,response_tables/trial_00053_hard_negative_structure_obs-empirical_prior-axis_edge_parallel_rel2x.npz,hard_negative_structure,empirical,axis_edge_parallel,2.0,per_candidate,1.0,4,40,756,continuous_joint,pyramid_local_field,1.0,0,0,source_row:2309,source_row:2309,True,1.0,0.10900874908770675,0.30671970194099873,1.371804022210077,3.8869787780149094,0.9717446945037274,0.03970690784077475,-0.03970690784077475,0.19926592242722976,11.044438459553298,0.8869175663257659,23.672621352603883,22.546313314016434,0.9999999999999998,0.0,0.0,scale2_parallel_k15_ridge0p1,"2.0x parallel k=15, ridge 0.1",,,,,,,,,,,
18,112.0,56,response_tables/trial_00056_hard_negative_structure_obs-empirical_prior-axis_edge_parallel_rel2x.npz,hard_negative_structure,empirical,axis_edge_parallel,2.0,per_candidate,1.0,4,40,756,continuous_joint,pyramid_local_field,1.0,0,0,source_row:2457,source_row:2457,True,1.0,0.13423507044814187,0.4058742804373212,1.24116883553047,3.130780601591267,0.7826951503978168,0.05119248702980971,-0.05119248702980971,0.22625756789510867,12.540467302121378,0.982867068239157,56.760942083396294,48.873901801899386,1.0,0.0,0.0,scale2_parallel_k15_ridge0p1,"2.0x parallel k=15, ridge 0.1",,,,,,,,,,,
19,118.0,59,response_tables/trial_00059_hard_negative_structure_obs-empirical_prior-axis_edge_parallel_rel2x.npz,hard_negative_structure,empirical,axis_edge_parallel,2.0,per_candidate,1.0,4,40,756,continuous_joint,pyramid_local_field,1.0,0,1,source_row:2460,source_row:2457,False,2.0,-0.19656705198883628,0.40881917267690937,0.9994338413268622,2.385826455774969,0.5964566139437423,0.010200841376788398,-0.010200841376788398,0.10099921473352354,5.5979446861767,0.996112812309083,56.099222241129,53.25101621933398,0.995116867319817,0.010265641896695415,0.1013195040290635,scale2_parallel_k15_ridge0p1,"2.0x parallel k=15, ridge 0.1",,,,,,,,,,,
20,124.0,62,response_tables/trial_00062_hard_negative_structure_obs-empirical_prior-axis_edge_parallel_rel2x.npz,hard_negative_structure,empirical,axis_edge_parallel,2.0,per_candidate,1.0,4,40,756,continuous_joint,pyramid_local_field,1.0,0,0,source_row:2518,source_row:2518,True,1.0,0.3201853410789681,0.39536469033805755,1.3095157943892084,3.4583938262846714,0.8645984565711679,0.1971160948025468,-0.1971160948025468,0.44397758367123313,24.60773543488762,0.8487018162037079,46.294314203530945,41.75717249140347,1.0,0.0,0.0,scale2_parallel_k15_ridge0p1,"2.0x parallel k=15, ridge 0.1",,,,,,,,,,,
21,130.0,65,response_tables/trial_00065_hard_negative_structure_obs-empirical_prior-axis_edge_parallel_rel2x.npz,hard_negative_structure,empirical,axis_edge_parallel,2.0,per_candidate,1.0,4,40,756,continuous_joint,pyramid_local_field,1.0,0,0,source_row:2584,source_row:2584,True,1.0,0.6804498571443673,0.4064511042246846,1.3273783550446727,3.5369119483241795,0.8842279870810449,0.05488506275729913,-0.05488506275729913,0.2342756128095691,12.984872459536248,0.8408187700315167,23.735035451049384,21.83606481676312,1.0,0.0,0.0,scale2_parallel_k15_ridge0p1,"2.0x parallel k=15, ridge 0.1",,,,,,,,,,,
22,136.0,68,response_tables/trial_00068_hard_negative_structure_obs-empirical_prior-axis_edge_parallel_rel2x.npz,hard_negative_structure,empirical,axis_edge_parallel,2.0,per_candidate,1.0,4,40,756,continuous_joint,pyramid_local_field,1.0,0,0,source_row:2743,source_row:2743,True,1.0,2.1453548405144147,0.8952206908371372,0.3356047161716763,1.2309272500519115,0.3077318125129779,0.005397268802034214,-0.005397268802034214,0.07346610648478803,4.071904930109384,0.9937096874588722,35.32319674094597,34.135301561681416,0.9999999999999998,0.0,0.0,scale2_parallel_k15_ridge0p1,"2.0x parallel k=15, ridge 0.1",,,,,,,,,,,
23,142.0,71,response_tables/trial_00071_hard_negative_structure_obs-empirical_prior-axis_edge_parallel_rel2x.npz,hard_negative_structure,empirical,axis_edge_parallel,2.0,per_candidate,1.0,4,40,756,continuous_joint,pyramid_local_field,1.0,0,0,source_row:2764,source_row:2764,True,1.0,1.5776235907555929,0.7665694258083472,0.6900794101658876,1.6172672391658085,0.4043168097914521,0.035567800268219533,-0.035567800268219533,0.18859427421907468,10.452955678848467,0.9887105419750828,55.49782286531697,48.53775385317806,1.0,0.0,0.0,scale2_parallel_k15_ridge0p1,"2.0x parallel k=15, ridge 0.1",,,,,,,,,,,
24,148.0,74,response_tables/trial_00074_hard_negative_structure_obs-empirical_prior-axis_edge_parallel_rel2x.npz,hard_negative_structure,empirical,axis_edge_parallel,2.0,per_candidate,1.0,4,40,756,continuous_joint,pyramid_local_field,1.0,0,0,source_row:2773,source_row:2773,True,1.0,0.12957732765187302,0.317963935337661,1.357049350966081,3.790949383133553,0.9477373457833882,0.08270247680078673,-0.08270247680078673,0.28758038319883145,15.9393227187361,0.9182203795090085,40.0828988644516,35.38140421060201,1.0000000000000002,0.0,0.0,scale2_parallel_k15_ridge0p1,"2.0x parallel k=15, ridge 0.1",,,,,,,,,,,
25,154.0,77,response_tables/trial_00077_hard_negative_structure_obs-empirical_prior-axis_edge_parallel_rel2x.npz,hard_negative_structure,empirical,axis_edge_parallel,2.0,per_candidate,1.0,4,40,756,continuous_joint,pyramid_local_field,1.0,0,0,source_row:2822,source_row:2822,True,1.0,2.514563861341003,0.8419547495445288,0.6029260694389217,1.3929256526091043,0.34823141315227607,0.013353275034822096,-0.013353275034822096,0.11555637167556836,6.40478422017272,0.9908714169853672,46.0304917885618,44.024604107929584,1.0,0.0,0.0,scale2_parallel_k15_ridge0p1,"2.0x parallel k=15, ridge 0.1",,,,,,,,,,,
26,160.0,80,response_tables/trial_00080_hard_negative_structure_obs-empirical_prior-axis_edge_parallel_rel2x.npz,hard_negative_structure,empirical,axis_edge_parallel,2.0,per_candidate,1.0,4,40,756,continuous_joint,pyramid_local_field,1.0,0,0,source_row:2831,source_row:2831,True,1.0,1.3914425083622746,0.7038097148452762,0.8726877583324386,1.8672959888517193,0.46682399721292983,0.04158265215747964,-0.04158265215747964,0.20391824871129027,11.302296555469487,0.9585479960537303,39.11667070750171,35.61944591562941,1.0000000000000002,0.0,0.0,scale2_parallel_k15_ridge0p1,"2.0x parallel k=15, ridge 0.1",,,,,,,,,,,
27,166.0,83,response_tables/trial_00083_hard_negative_structure_obs-empirical_prior-axis_edge_parallel_rel2x.npz,hard_negative_structure,empirical,axis_edge_parallel,2.0,per_candidate,1.0,4,40,756,continuous_joint,pyramid_local_field,1.0,0,0,source_row:2904,source_row:2904,True,1.0,1.710141703631109,0.8196669042668342,0.5786175546158425,1.4402146834784613,0.3600536708696153,0.01409378449999705,-0.01409378449999705,0.11871724600915004,6.579977658320045,0.9880145273148143,42.24901484983792,40.86806579519415,1.0000000000000002,0.0,0.0,scale2_parallel_k15_ridge0p1,"2.0x parallel k=15, ridge 0.1",,,,,,,,,,,
28,172.0,86,response_tables/trial_00086_hard_negative_structure_obs-empirical_prior-axis_edge_parallel_rel2x.npz,hard_negative_structure,empirical,axis_edge_parallel,2.0,per_candidate,1.0,4,40,756,continuous_joint,pyramid_local_field,1.0,0,0,source_row:3076,source_row:3076,True,1.0,0.2175949946158653,0.31894714364909915,1.3713105454337504,3.880317058646129,0.9700792646615323,0.29690082480324237,-0.29690082480324237,0.544886065891983,30.2006512147596,0.8445823701431385,56.10778569951199,50.483574726751215,1.0,0.0,0.0,scale2_parallel_k15_ridge0p1,"2.0x parallel k=15, ridge 0.1",,,,,,,,,,,
29,178.0,89,response_tables/trial_00089_hard_negative_structure_obs-empirical_prior-axis_edge_parallel_rel2x.npz,hard_negative_structure,empirical,axis_edge_parallel,2.0,per_candidate,1.0,4,40,756,continuous_joint,pyramid_local_field,1.0,0,0,source_row:3099,source_row:3099,True,1.0,0.21144033591838252,0.34030080481031505,1.3555973193314879,3.765187346742084,0.941296836685521,0.2073373929699791,-0.2073373929699791,0.4553431595730621,25.237679592303564,0.8151417400667581,43.55377455462099,36.163309276367286,1.0,0.0,0.0,scale2_parallel_k15_ridge0p1,"2.0x parallel k=15, ridge 0.1",,,,,,,,,,,
30,184.0,92,response_tables/trial_00092_hard_negative_structure_obs-empirical_prior-axis_edge_parallel_rel2x.npz,hard_negative_structure,empirical,axis_edge_parallel,2.0,per_candidate,1.0,4,40,756,continuous_joint,pyramid_local_field,1.0,0,3,source_row:3345,source_row:3742,False,2.0,-0.37775576812953204,0.24162865880216486,1.358041056401098,3.7733322988893474,0.9433330747223369,0.3676624602400096,-0.3676624602400096,0.6063517627912115,33.607425933226565,0.82265769771203,58.74534573018739,44.58934233129847,0.555493368200306,0.8355817188221094,0.9141015910838955,scale2_parallel_k15_ridge0p1,"2.0x parallel k=15, ridge 0.1",,,,,,,,,,,
31,190.0,95,response_tables/trial_00095_hard_negative_structure_obs-empirical_prior-axis_edge_parallel_rel2x.npz,hard_negative_structure,empirical,axis_edge_parallel,2.0,per_candidate,1.0,4,40,756,continuous_joint,pyramid_local_field,1.0,0,1,source_row:3389,source_row:966,False,2.0,-0.49332755743375856,0.32133213288301354,1.061169062742869,2.5215555224946313,0.6303888806236578,0.2519071725810485,-0.2519071725810485,0.5019035490819411,27.818318320289976,0.7867839870270608,45.012928109315276,36.811627953655204,0.4766108850326341,0.6637862221835301,0.8147307666852468,scale2_parallel_k15_ridge0p1,"2.0x parallel k=15, ridge 0.1",,,,,,,,,,,
32,196.0,98,response_tables/trial_00098_hard_negative_structure_obs-empirical_prior-axis_edge_parallel_rel2x.npz,hard_negative_structure,empirical,axis_edge_parallel,2.0,per_candidate,1.0,4,40,756,continuous_joint,pyramid_local_field,1.0,0,0,source_row:3538,source_row:3538,True,1.0,1.484559462838206,0.6975126510578866,0.9205305974503617,1.9149416318097892,0.4787354079524473,0.029198044395941158,-0.029198044395941158,0.17087435265697762,9.470817936394472,0.983044053284555,36.88484893854475,29.629900727881907,1.0,0.0,0.0,scale2_parallel_k15_ridge0p1,"2.0x parallel k=15, ridge 0.1",,,,,,,,,,,
33,202.0,101,response_tables/trial_00101_hard_negative_structure_obs-empirical_prior-axis_edge_parallel_rel2x.npz,hard_negative_structure,empirical,axis_edge_parallel,2.0,per_candidate,1.0,4,40,756,continuous_joint,pyramid_local_field,1.0,0,1,source_row:3675,source_row:6124,False,2.0,-0.04862692906880284,0.30613262526418805,1.3505519671501631,3.7401267887811644,0.9350316971952911,0.3497489621514081,-0.3497489621514081,0.5913957745464606,32.77848092467261,0.8293789130305272,57.784889662444506,42.251461094052864,0.4758634358593622,1.0054606911215642,1.0027266283098122,scale2_parallel_k15_ridge0p1,"2.0x parallel k=15, ridge 0.1",,,,,,,,,,,
34,208.0,104,response_tables/trial_00104_hard_negative_structure_obs-empirical_prior-axis_edge_parallel_rel2x.npz,hard_negative_structure,empirical,axis_edge_parallel,2.0,per_candidate,1.0,4,40,756,continuous_joint,pyramid_local_field,1.0,0,0,source_row:3691,source_row:3691,True,1.0,2.010364187576556,0.7332192411525003,0.8707558314530994,1.7801809478496489,0.4450452369624122,0.04773576541737268,-0.04773576541737268,0.21848516063424692,12.109676765387624,0.9804548278393366,55.17719071100041,48.73256254677041,1.0000000000000002,0.0,0.0,scale2_parallel_k15_ridge0p1,"2.0x parallel k=15, ridge 0.1",,,,,,,,,,,
35,214.0,107,response_tables/trial_00107_hard_negative_structure_obs-empirical_prior-axis_edge_parallel_rel2x.npz,hard_negative_structure,empirical,axis_edge_parallel,2.0,per_candidate,1.0,4,40,756,continuous_joint,pyramid_local_field,1.0,0,1,source_row:3717,source_row:10506,False,2.0,-0.11332968928888931,0.3353812140873056,1.2250412264327635,3.1904125653822204,0.7976031413455551,0.050077369682082866,-0.050077369682082866,0.2237797347439729,12.403131848987115,0.9488512686109675,39.09524376220466,38.31254746882068,0.873940713717427,0.14446079065293552,0.3800799792845389,scale2_parallel_k15_ridge0p1,"2.0x parallel k=15, ridge 0.1",,,,,,,,,,,
36,220.0,110,response_tables/trial_00110_hard_negative_structure_obs-empirical_prior-axis_edge_parallel_rel2x.npz,hard_negative_structure,empirical,axis_edge_parallel,2.0,per_candidate,1.0,4,40,756,continuous_joint,pyramid_local_field,1.0,0,0,source_row:3742,source_row:3742,True,1.0,0.5777859906316962,0.40817923323488564,1.3226242745085512,3.5103106987048815,0.8775776746762204,0.26774585769783144,-0.26774585769783144,0.517441646659632,28.679527102930727,0.797613811658426,46.078141368065445,43.828646645439136,1.0,0.0,0.0,scale2_parallel_k15_ridge0p1,"2.0x parallel k=15, ridge 0.1",,,,,,,,,,,
37,226.0,113,response_tables/trial_00113_hard_negative_structure_obs-empirical_prior-axis_edge_parallel_rel2x.npz,hard_negative_structure,empirical,axis_edge_parallel,2.0,per_candidate,1.0,4,40,756,continuous_joint,pyramid_local_field,1.0,0,0,source_row:3934,source_row:3934,True,1.0,0.10458576359161498,0.369893898471667,1.2993728094179882,3.422045445124685,0.8555113612811712,0.04686040240377173,-0.04686040240377173,0.21647263661666738,11.998131362190811,0.9783210534655628,53.81066471887107,48.19782282444595,1.0000000000000002,0.0,0.0,scale2_parallel_k15_ridge0p1,"2.0x parallel k=15, ridge 0.1",,,,,,,,,,,
38,232.0,116,response_tables/trial_00116_hard_negative_structure_obs-empirical_prior-axis_edge_parallel_rel2x.npz,hard_negative_structure,empirical,axis_edge_parallel,2.0,per_candidate,1.0,4,40,756,continuous_joint,pyramid_local_field,1.0,0,0,source_row:3945,source_row:3945,True,1.0,0.13075636745872998,0.29360828547813395,1.3791515880585905,3.9433724866200506,0.9858431216550126,0.04433616887024628,-0.04433616887024628,0.21056155601212267,11.670506020280207,0.9819309274188466,56.237903980184,50.43225630786862,1.0000000000000002,0.0,0.0,scale2_parallel_k15_ridge0p1,"2.0x parallel k=15, ridge 0.1",,,,,,,,,,,
39,238.0,119,response_tables/trial_00119_hard_negative_structure_obs-empirical_prior-axis_edge_parallel_rel2x.npz,hard_negative_structure,empirical,axis_edge_parallel,2.0,per_candidate,1.0,4,40,756,continuous_joint,pyramid_local_field,1.0,0,2,source_row:3947,source_row:3945,False,3.0,-0.12907899287392866,0.244256946754993,1.379824283093567,3.950156906802235,0.9875392267005587,0.03913371377742514,-0.03913371377742514,0.19782242991487375,10.96443198365743,0.9850438475388233,56.46465795399206,50.56409771710211,0.9984638100053648,0.003192584221630646,0.05650295763613305,scale2_parallel_k15_ridge0p1,"2.0x parallel k=15, ridge 0.1",,,,,,,,,,,
40,244.0,122,response_tables/trial_00122_hard_negative_structure_obs-empirical_prior-axis_edge_parallel_rel2x.npz,hard_negative_structure,empirical,axis_edge_parallel,2.0,per_candidate,1.0,4,40,756,continuous_joint,pyramid_local_field,1.0,0,0,source_row:3951,source_row:3951,True,1.0,0.0442076116565886,0.25987415087426613,1.3860250343599003,3.997829830231496,0.999457457557874,0.0603797665991469,-0.0603797665991469,0.2457229468306672,13.619348111880365,0.9758014654099292,56.685813551433846,49.67009105207915,1.0,0.0,0.0,scale2_parallel_k15_ridge0p1,"2.0x parallel k=15, ridge 0.1",,,,,,,,,,,
41,250.0,125,response_tables/trial_00125_hard_negative_structure_obs-empirical_prior-axis_edge_parallel_rel2x.npz,hard_negative_structure,empirical,axis_edge_parallel,2.0,per_candidate,1.0,4,40,756,continuous_joint,pyramid_local_field,1.0,0,0,source_row:4014,source_row:4014,True,1.0,0.07566228839459654,0.2995358444933667,1.3600304764717697,3.816735150431361,0.9541837876078403,0.11263391412164224,-0.11263391412164224,0.33560976463988984,18.601381243920702,0.8851407575846054,39.58931531895425,37.62037746356026,1.0000000000000002,0.0,0.0,scale2_parallel_k15_ridge0p1,"2.0x parallel k=15, ridge 0.1",,,,,,,,,,,
42,256.0,128,response_tables/trial_00128_hard_negative_structure_obs-empirical_prior-axis_edge_parallel_rel2x.npz,hard_negative_structure,empirical,axis_edge_parallel,2.0,per_candidate,1.0,4,40,756,continuous_joint,pyramid_local_field,1.0,0,2,source_row:4051,source_row:6354,False,4.0,-0.8839238053017766,0.13660266568475496,1.3402942412888892,3.688262854729406,0.9220657136823515,0.354939709682534,-0.354939709682534,0.5957681677318234,33.020823553399524,0.7886615570071452,53.19780029507803,46.49332976389101,0.5719826797542975,0.7935822644601283,0.890832343631577,scale2_parallel_k15_ridge0p1,"2.0x parallel k=15, ridge 0.1",,,,,,,,,,,
43,262.0,131,response_tables/trial_00131_hard_negative_structure_obs-empirical_prior-axis_edge_parallel_rel2x.npz,hard_negative_structure,empirical,axis_edge_parallel,2.0,per_candidate,1.0,4,40,756,continuous_joint,pyramid_local_field,1.0,0,0,source_row:4079,source_row:4079,True,1.0,0.07817907120158907,0.3621057526002131,1.3054076194146713,3.4559459300950115,0.8639864825237529,0.029849353087106387,-0.029849353087106387,0.17276965325862753,9.575866158400023,0.9361823616117476,26.495406498981282,22.5784445857869,0.9999999999999999,0.0,0.0,scale2_parallel_k15_ridge0p1,"2.0x parallel k=15, ridge 0.1",,,,,,,,,,,
44,268.0,134,response_tables/trial_00134_hard_negative_structure_obs-empirical_prior-axis_edge_parallel_rel2x.npz,hard_negative_structure,empirical,axis_edge_parallel,2.0,per_candidate,1.0,4,40,756,continuous_joint,pyramid_local_field,1.0,0,3,source_row:4176,source_row:454,False,2.0,-0.15517997641291004,0.3343313544016521,1.2405793329058892,3.2024374979488095,0.8006093744872024,0.13076717444788635,-0.13076717444788635,0.36161744212342184,20.042873045147665,0.8061180939575273,32.34836100854743,32.0170807130021,0.5488240599656057,0.3798973258233111,0.6163581149164105,scale2_parallel_k15_ridge0p1,"2.0x parallel k=15, ridge 0.1",,,,,,,,,,,
45,274.0,137,response_tables/trial_00137_hard_negative_structure_obs-empirical_prior-axis_edge_parallel_rel2x.npz,hard_negative_structure,empirical,axis_edge_parallel,2.0,per_candidate,1.0,4,40,756,continuous_joint,pyramid_local_field,1.0,0,0,source_row:4203,source_row:4203,True,1.0,0.13919825831999333,0.4063042238245024,1.2254562215341147,3.0967758455436227,0.7741939613859057,0.1409991758240865,-0.1409991758240865,0.37549856966982775,20.81224322680267,0.9129476491608716,50.544517908583835,43.366739406150074,1.0,0.0,0.0,scale2_parallel_k15_ridge0p1,"2.0x parallel k=15, ridge 0.1",,,,,,,,,,,
46,280.0,140,response_tables/trial_00140_hard_negative_structure_obs-empirical_prior-axis_edge_parallel_rel2x.npz,hard_negative_structure,empirical,axis_edge_parallel,2.0,per_candidate,1.0,4,40,756,continuous_joint,pyramid_local_field,1.0,0,0,source_row:4207,source_row:4207,True,1.0,0.20693427629510097,0.29248542227043695,1.3816339423693047,3.9617684641657234,0.9904421160414308,0.4970001638008195,-0.4970001638008195,0.7049823854542888,39.074089921533904,0.7126501352731018,53.239345773025356,49.42484567711486,1.0,0.0,0.0,scale2_parallel_k15_ridge0p1,"2.0x parallel k=15, ridge 0.1",,,,,,,,,,,
47,286.0,143,response_tables/trial_00143_hard_negative_structure_obs-empirical_prior-axis_edge_parallel_rel2x.npz,hard_negative_structure,empirical,axis_edge_parallel,2.0,per_candidate,1.0,4,40,756,continuous_joint,pyramid_local_field,1.0,0,2,source_row:4292,source_row:966,False,3.0,-0.6791198758251085,0.22887243808218102,1.1636377330303642,2.9386519059504526,0.7346629764876131,0.30023740274047184,-0.30023740274047184,0.547939232707854,30.369874896329907,0.7691330812740547,47.47308015606129,35.15531220919696,0.509075063768264,0.6615148394130445,0.8133356253189974,scale2_parallel_k15_ridge0p1,"2.0x parallel k=15, ridge 0.1",,,,,,,,,,,
48,292.0,146,response_tables/trial_00146_hard_negative_structure_obs-empirical_prior-axis_edge_parallel_rel2x.npz,hard_negative_structure,empirical,axis_edge_parallel,2.0,per_candidate,1.0,4,40,756,continuous_joint,pyramid_local_field,1.0,0,3,source_row:4361,source_row:9142,False,3.0,-0.6382089432995599,0.22645461524212437,1.273148866486833,3.274789763246662,0.8186974408116655,0.24594802262328921,-0.24594802262328921,0.4959314696843599,27.487312082099706,0.8673558945814015,54.98491030271811,45.10501984504202,0.5745703301942172,0.800990706150237,0.8949808412196526,scale2_parallel_k15_ridge0p1,"2.0x parallel k=15, ridge 0.1",,,,,,,,,,,
49,298.0,149,response_tables/trial_00149_hard_negative_structure_obs-empirical_prior-axis_edge_parallel_rel2x.npz,hard_negative_structure,empirical,axis_edge_parallel,2.0,per_candidate,1.0,4,40,756,continuous_joint,pyramid_local_field,1.0,0,0,source_row:4406,source_row:4406,True,1.0,0.4091465196931381,0.5887200468648935,0.7585860017669693,2.0003679445061175,0.5000919861265294,0.11114035607259247,-0.11114035607259247,0.33337719788940645,18.477639834540668,0.8639840698695219,35.4811880507095,35.37202407650505,1.0,0.0,0.0,scale2_parallel_k15_ridge0p1,"2.0x parallel k=15, ridge 0.1",,,,,,,,,,,
50,304.0,152,response_tables/trial_00152_hard_negative_structure_obs-empirical_prior-axis_edge_parallel_rel2x.npz,hard_negative_structure,empirical,axis_edge_parallel,2.0,per_candidate,1.0,4,40,756,continuous_joint,pyramid_local_field,1.0,0,0,source_row:4460,source_row:4460,True,1.0,0.1929989402008232,0.30052859224072426,1.3789292889755207,3.9402300468977978,0.9850575117244494,0.08117066265211233,-0.08117066265211233,0.2849046553710773,15.791018829299428,0.8955346529401373,35.469530370093786,31.281820125007677,1.0,0.0,0.0,scale2_parallel_k15_ridge0p1,"2.0x parallel k=15, ridge 0.1",,,,,,,,,,,
51,310.0,155,response_tables/trial_00155_hard_negative_structure_obs-empirical_prior-axis_edge_parallel_rel2x.npz,hard_negative_structure,empirical,axis_edge_parallel,2.0,per_candidate,1.0,4,40,756,continuous_joint,pyramid_local_field,1.0,0,1,source_row:4953,source_row:5896,False,3.0,-0.12108514183830721,0.2681789533696014,1.344543975900996,3.72515046114905,0.9312876152872624,0.2210287485470607,-0.2210287485470607,0.470136946587971,26.057634496181162,0.8556306304827779,50.2721343438453,44.41063698859857,0.6962361968240218,0.5339174515283521,0.7306965522899038,scale2_parallel_k15_ridge0p1,"2.0x parallel k=15, ridge 0.1",,,,,,,,,,,
52,316.0,158,response_tables/trial_00158_hard_negative_structure_obs-empirical_prior-axis_edge_parallel_rel2x.npz,hard_negative_structure,empirical,axis_edge_parallel,2.0,per_candidate,1.0,4,40,756,continuous_joint,pyramid_local_field,1.0,0,2,source_row:5125,source_row:966,False,3.0,-0.7504574592328481,0.22645644799719403,1.1202084953589406,2.800807325804758,0.7002018314511895,0.3104754804257927,-0.3104754804257927,0.5572032667041649,30.88333977839889,0.7446603702369239,45.71830406415044,38.8041015420073,0.5011602741891528,0.643590331518456,0.80224081890568,scale2_parallel_k15_ridge0p1,"2.0x parallel k=15, ridge 0.1",,,,,,,,,,,
53,322.0,161,response_tables/trial_00161_hard_negative_structure_obs-empirical_prior-axis_edge_parallel_rel2x.npz,hard_negative_structure,empirical,axis_edge_parallel,2.0,per_candidate,1.0,4,40,756,continuous_joint,pyramid_local_field,1.0,0,0,source_row:5164,source_row:5164,True,1.0,0.43162615728527953,0.4070981197643999,1.3034981517092712,3.424280483628841,0.8560701209072102,0.16682232541479916,-0.16682232541479916,0.408438888225398,22.63798099818672,0.8422056976461585,41.97970635095318,35.79962427862464,1.0000000000000002,0.0,0.0,scale2_parallel_k15_ridge0p1,"2.0x parallel k=15, ridge 0.1",,,,,,,,,,,
54,328.0,164,response_tables/trial_00164_hard_negative_structure_obs-empirical_prior-axis_edge_parallel_rel2x.npz,hard_negative_structure,empirical,axis_edge_parallel,2.0,per_candidate,1.0,4,40,756,continuous_joint,pyramid_local_field,1.0,0,0,source_row:5444,source_row:5444,True,1.0,1.4918518937470253,0.6392125964478614,1.0429673631983705,2.2043117328563566,0.5510779332140892,0.06795008378114208,-0.06795008378114208,0.2606723686567912,14.447929172572396,0.964881385398941,50.42434947645147,42.88357042738657,1.0000000000000002,0.0,0.0,scale2_parallel_k15_ridge0p1,"2.0x parallel k=15, ridge 0.1",,,,,,,,,,,
55,334.0,167,response_tables/trial_00167_hard_negative_structure_obs-empirical_prior-axis_edge_parallel_rel2x.npz,hard_negative_structure,empirical,axis_edge_parallel,2.0,per_candidate,1.0,4,40,756,continuous_joint,pyramid_local_field,1.0,0,0,source_row:5575,source_row:5575,True,1.0,0.13537403457479513,0.301998784153244,1.3746473566386554,3.9095483735864556,0.9773870933966139,0.18489220740549614,-0.18489220740549614,0.4299909387481277,23.83251688659182,0.8124246164904627,39.328178999835146,38.44434241053787,0.9999999999999999,0.0,0.0,scale2_parallel_k15_ridge0p1,"2.0x parallel k=15, ridge 0.1",,,,,,,,,,,
56,340.0,170,response_tables/trial_00170_hard_negative_structure_obs-empirical_prior-axis_edge_parallel_rel2x.npz,hard_negative_structure,empirical,axis_edge_parallel,2.0,per_candidate,1.0,4,40,756,continuous_joint,pyramid_local_field,1.0,0,3,source_row:5599,source_row:4292,False,3.0,-0.6393187691676303,0.20729241203670148,1.2967696422188268,3.415747006039861,0.8539367515099653,0.2999945625525392,-0.2999945625525392,0.5477175937949585,30.357590420871688,0.7289815916568083,43.75377693629167,36.848055755808524,0.5006383267048667,0.6797877621623676,0.8244924269890946,scale2_parallel_k15_ridge0p1,"2.0x parallel k=15, ridge 0.1",,,,,,,,,,,
57,346.0,173,response_tables/trial_00173_hard_negative_structure_obs-empirical_prior-axis_edge_parallel_rel2x.npz,hard_negative_structure,empirical,axis_edge_parallel,2.0,per_candidate,1.0,4,40,756,continuous_joint,pyramid_local_field,1.0,0,2,source_row:5781,source_row:1918,False,2.0,-0.06352476036954613,0.3753710347541582,1.1728440718845048,2.9674270717557683,0.7418567679389421,0.22112393777559766,-0.22112393777559766,0.47023817132980356,26.063244940847945,0.8730382282325703,51.18858505928172,37.19418672180491,0.5472795603488027,0.642953068106583,0.8018435434089265,scale2_parallel_k15_ridge0p1,"2.0x parallel k=15, ridge 0.1",,,,,,,,,,,
58,352.0,176,response_tables/trial_00176_hard_negative_structure_obs-empirical_prior-axis_edge_parallel_rel2x.npz,hard_negative_structure,empirical,axis_edge_parallel,2.0,per_candidate,1.0,4,40,756,continuous_joint,pyramid_local_field,1.0,0,3,source_row:5865,source_row:5896,False,2.0,-0.0755495575925238,0.25316078085915916,1.384542842733492,3.985888084791424,0.996472021197856,0.19925931841981437,-0.19925931841981437,0.446384720190795,24.741152482971962,0.8987658891064259,55.22262451902165,44.53880779833436,0.8860657018596735,0.21977723721749667,0.4688040499158435,scale2_parallel_k15_ridge0p1,"2.0x parallel k=15, ridge 0.1",,,,,,,,,,,
59,358.0,179,response_tables/trial_00179_hard_negative_structure_obs-empirical_prior-axis_edge_parallel_rel2x.npz,hard_negative_structure,empirical,axis_edge_parallel,2.0,per_candidate,1.0,4,40,756,continuous_joint,pyramid_local_field,1.0,0,2,source_row:5896,source_row:5865,False,2.0,-0.002705347332891961,0.27856570296857663,1.3763099482778576,3.924769707561358,0.9811924268903395,0.032693215833967955,-0.032693215833967955,0.18081265396527965,10.021654506215507,0.9849452406706664,53.385960602750224,48.675131899839,0.8860657018596735,0.21977723721749667,0.4688040499158435,scale2_parallel_k15_ridge0p1,"2.0x parallel k=15, ridge 0.1",,,,,,,,,,,
60,364.0,182,response_tables/trial_00182_hard_negative_structure_obs-empirical_prior-axis_edge_parallel_rel2x.npz,hard_negative_structure,empirical,axis_edge_parallel,2.0,per_candidate,1.0,4,40,756,continuous_joint,pyramid_local_field,1.0,0,1,source_row:5919,source_row:5896,False,2.0,-0.21585487328559338,0.256978024688748,1.3712884153301053,3.8801616194981743,0.9700404048745436,0.08060430380684004,-0.08060430380684004,0.2839089709868993,15.735832399165053,0.961892903703526,52.5133899322861,44.07421246833034,0.9683263395871732,0.05805800294531125,0.2409522835445044,scale2_parallel_k15_ridge0p1,"2.0x parallel k=15, ridge 0.1",,,,,,,,,,,
61,370.0,185,response_tables/trial_00185_hard_negative_structure_obs-empirical_prior-axis_edge_parallel_rel2x.npz,hard_negative_structure,empirical,axis_edge_parallel,2.0,per_candidate,1.0,4,40,756,continuous_joint,pyramid_local_field,1.0,0,2,source_row:6124,source_row:8857,False,2.0,-0.05790515830392451,0.3286411355184692,1.2858371300127596,3.416017165361755,0.8540042913404388,0.17097667709100203,-0.17097667709100203,0.4134932612401344,22.918122785768432,0.8900191994017427,49.98785091712355,42.075960333914225,0.7464447984270883,0.3803532861989534,0.6167278866720342,scale2_parallel_k15_ridge0p1,"2.0x parallel k=15, ridge 0.1",,,,,,,,,,,
62,376.0,188,response_tables/trial_00188_hard_negative_structure_obs-empirical_prior-axis_edge_parallel_rel2x.npz,hard_negative_structure,empirical,axis_edge_parallel,2.0,per_candidate,1.0,4,40,756,continuous_joint,pyramid_local_field,1.0,0,1,source_row:6142,source_row:7084,False,2.0,-0.007148959975324942,0.4972761113206159,0.7055158907089362,2.0075014971718415,0.5018753742929604,0.05870279890488018,-0.05870279890488018,0.24228660488124426,13.42888670872578,0.9487541220992856,42.49409966500136,40.26342702986988,0.801296432922448,0.23306611549732859,0.4827692155650861,scale2_parallel_k15_ridge0p1,"2.0x parallel k=15, ridge 0.1",,,,,,,,,,,
63,382.0,191,response_tables/trial_00191_hard_negative_structure_obs-empirical_prior-axis_edge_parallel_rel2x.npz,hard_negative_structure,empirical,axis_edge_parallel,2.0,per_candidate,1.0,4,40,756,continuous_joint,pyramid_local_field,1.0,0,0,source_row:6354,source_row:6354,True,1.0,0.26739974743509265,0.35535657340487037,1.3412852967090134,3.674328805319733,0.9185822013299333,0.2258281948322243,-0.2258281948322243,0.4752138411622964,26.33902455529804,0.8706160355177578,53.53136636901362,47.03867658904455,1.0000000000000002,0.0,0.0,scale2_parallel_k15_ridge0p1,"2.0x parallel k=15, ridge 0.1",,,,,,,,,,,
64,388.0,194,response_tables/trial_00194_hard_negative_structure_obs-empirical_prior-axis_edge_parallel_rel2x.npz,hard_negative_structure,empirical,axis_edge_parallel,2.0,per_candidate,1.0,4,40,756,continuous_joint,pyramid_local_field,1.0,0,0,source_row:6409,source_row:6409,True,1.0,1.215076694384038,0.5326497072612753,1.2044103599653562,2.804784661321276,0.701196165330319,0.18417038058374324,-0.18417038058374324,0.42915076672859764,23.785949826594255,0.8574082886246901,45.11840875449142,43.84453964816273,0.9999999999999999,0.0,0.0,scale2_parallel_k15_ridge0p1,"2.0x parallel k=15, ridge 0.1",,,,,,,,,,,
65,394.0,197,response_tables/trial_00197_hard_negative_structure_obs-empirical_prior-axis_edge_parallel_rel2x.npz,hard_negative_structure,empirical,axis_edge_parallel,2.0,per_candidate,1.0,4,40,756,continuous_joint,pyramid_local_field,1.0,0,1,source_row:6479,source_row:3945,False,4.0,-0.1598873192924657,0.2318498685591414,1.3845429514027665,3.9859591399058223,0.9964897849764556,0.3803018071734661,-0.3803018071734661,0.616686149652695,34.18021579271974,0.720295345428079,37.82671939139412,49.15059455011265,0.6097746574494389,0.650788047026473,0.8067143528080265,scale2_parallel_k15_ridge0p1,"2.0x parallel k=15, ridge 0.1",,,,,,,,,,,
66,400.0,200,response_tables/trial_00200_hard_negative_structure_obs-empirical_prior-axis_edge_parallel_rel2x.npz,hard_negative_structure,empirical,axis_edge_parallel,2.0,per_candidate,1.0,4,40,756,continuous_joint,pyramid_local_field,1.0,0,1,source_row:6778,source_row:6782,False,2.0,-0.1284960295380415,0.4396339965873565,0.9178000507649173,2.246598378422262,0.5616495946055655,0.007354185674504514,-0.007354185674504514,0.08575654887240107,4.75311039132039,0.995137288685486,46.7674582911741,45.368555633526846,0.9866672570868066,0.01886906250546565,0.13736470618563434,scale2_parallel_k15_ridge0p1,"2.0x parallel k=15, ridge 0.1",,,,,,,,,,,
67,406.0,203,response_tables/trial_00203_hard_negative_structure_obs-empirical_prior-axis_edge_parallel_rel2x.npz,hard_negative_structure,empirical,axis_edge_parallel,2.0,per_candidate,1.0,4,40,756,continuous_joint,pyramid_local_field,1.0,0,0,source_row:6782,source_row:6782,True,1.0,0.15175944824557064,0.501180134345845,0.9390286290966402,2.27809755860115,0.5695243896502875,0.006195431615826953,-0.006195431615826953,0.07871106412587085,4.362609989882249,0.9957050486531263,46.32263428538573,45.323773567247876,1.0,0.0,0.0,scale2_parallel_k15_ridge0p1,"2.0x parallel k=15, ridge 0.1",,,,,,,,,,,
68,412.0,206,response_tables/trial_00206_hard_negative_structure_obs-empirical_prior-axis_edge_parallel_rel2x.npz,hard_negative_structure,empirical,axis_edge_parallel,2.0,per_candidate,1.0,4,40,756,continuous_joint,pyramid_local_field,1.0,0,0,source_row:6806,source_row:6806,True,1.0,1.1387244369949485,0.701323938650731,0.8241644409933213,1.8336961173323763,0.45842402933309406,0.03582664401614289,-0.03582664401614289,0.1892792751891841,10.4909222863193,0.9812791156465629,46.90713636337373,40.69530490888002,1.0,0.0,0.0,scale2_parallel_k15_ridge0p1,"2.0x parallel k=15, ridge 0.1",,,,,,,,,,,
69,418.0,209,response_tables/trial_00209_hard_negative_structure_obs-empirical_prior-axis_edge_parallel_rel2x.npz,hard_negative_structure,empirical,axis_edge_parallel,2.0,per_candidate,1.0,4,40,756,continuous_joint,pyramid_local_field,1.0,0,0,source_row:6823,source_row:6823,True,1.0,0.7178622930891265,0.49676716231839585,1.1341945648713634,2.779204760797778,0.6948011901994445,0.1756916002867124,-0.1756916002867124,0.41915581862442564,23.23197357266017,0.9186691603059156,56.298870077849564,45.00260189678596,1.0,0.0,0.0,scale2_parallel_k15_ridge0p1,"2.0x parallel k=15, ridge 0.1",,,,,,,,,,,
70,424.0,212,response_tables/trial_00212_hard_negative_structure_obs-empirical_prior-axis_edge_parallel_rel2x.npz,hard_negative_structure,empirical,axis_edge_parallel,2.0,per_candidate,1.0,4,40,756,continuous_joint,pyramid_local_field,1.0,0,2,source_row:6852,source_row:10423,False,2.0,-0.0056355565585022305,0.26815269189460894,1.3825207107434803,3.9706028557611597,0.9926507139402899,0.0683930164996097,-0.0683930164996097,0.26152058523108596,14.494942107052411,0.9582372991805218,50.00589240199314,45.550665511885995,0.9339395343424736,0.11007386515207983,0.3317738162545077,scale2_parallel_k15_ridge0p1,"2.0x parallel k=15, ridge 0.1",,,,,,,,,,,
71,430.0,215,response_tables/trial_00215_hard_negative_structure_obs-empirical_prior-axis_edge_parallel_rel2x.npz,hard_negative_structure,empirical,axis_edge_parallel,2.0,per_candidate,1.0,4,40,756,continuous_joint,pyramid_local_field,1.0,0,0,source_row:7084,source_row:7084,True,1.0,0.22798582892335162,0.4620913261915826,1.025859725852243,2.6470661090596463,0.6617665272649116,0.13766183544596025,-0.13766183544596025,0.3710280790532709,20.56446348655831,0.883374495782459,42.396527107335345,42.75151615047984,1.0,0.0,0.0,scale2_parallel_k15_ridge0p1,"2.0x parallel k=15, ridge 0.1",,,,,,,,,,,
72,436.0,218,response_tables/trial_00218_hard_negative_structure_obs-empirical_prior-axis_edge_parallel_rel2x.npz,hard_negative_structure,empirical,axis_edge_parallel,2.0,per_candidate,1.0,4,40,756,continuous_joint,pyramid_local_field,1.0,0,1,source_row:7349,source_row:11747,False,3.0,-0.11802985088775131,0.24309584365663758,1.3830751397917271,3.9746609180798287,0.9936652295199572,0.20871220600236895,-0.20871220600236895,0.45685031027938344,25.321214363439946,0.8604750909754859,49.565367454957354,44.50465520544701,0.6728330201005522,0.5175694095461573,0.7194229698488624,scale2_parallel_k15_ridge0p1,"2.0x parallel k=15, ridge 0.1",,,,,,,,,,,
73,442.0,221,response_tables/trial_00221_hard_negative_structure_obs-empirical_prior-axis_edge_parallel_rel2x.npz,hard_negative_structure,empirical,axis_edge_parallel,2.0,per_candidate,1.0,4,40,756,continuous_joint,pyramid_local_field,1.0,0,0,source_row:7434,source_row:7434,True,1.0,4.157719102499868,0.9817073477130988,0.10123102521323663,1.0373551821081193,0.2593387955270298,0.0001961343483229065,-0.0001961343483229065,0.01400479733244671,0.7762246569440892,0.999898959512737,48.44183105769678,48.078686226441455,1.0,0.0,0.0,scale2_parallel_k15_ridge0p1,"2.0x parallel k=15, ridge 0.1",,,,,,,,,,,
74,448.0,224,response_tables/trial_00224_hard_negative_structure_obs-empirical_prior-axis_edge_parallel_rel2x.npz,hard_negative_structure,empirical,axis_edge_parallel,2.0,per_candidate,1.0,4,40,756,continuous_joint,pyramid_local_field,1.0,0,0,source_row:7530,source_row:7530,True,1.0,0.8553683334889115,0.4451685534819185,1.2965298949143442,3.3240465925092155,0.8310116481273039,0.18229720683967635,-0.18229720683967635,0.4269627698519818,23.66467873036703,0.8882192655080318,51.470421718077006,44.79039125771139,0.9999999999999998,0.0,0.0,scale2_parallel_k15_ridge0p1,"2.0x parallel k=15, ridge 0.1",,,,,,,,,,,
75,454.0,227,response_tables/trial_00227_hard_negative_structure_obs-empirical_prior-axis_edge_parallel_rel2x.npz,hard_negative_structure,empirical,axis_edge_parallel,2.0,per_candidate,1.0,4,40,756,continuous_joint,pyramid_local_field,1.0,0,2,source_row:7543,source_row:7546,False,2.0,-0.02506212582744638,0.25792312234216846,1.3837178510800854,3.980037573316211,0.9950093933290528,0.040813387575563735,-0.040813387575563735,0.20202323523685026,11.19726424766924,0.9655488568640975,43.0002606737845,41.10481784582857,0.99933444236004,0.0008022663462755216,0.028324306633623383,scale2_parallel_k15_ridge0p1,"2.0x parallel k=15, ridge 0.1",,,,,,,,,,,
76,460.0,230,response_tables/trial_00230_hard_negative_structure_obs-empirical_prior-axis_edge_parallel_rel2x.npz,hard_negative_structure,empirical,axis_edge_parallel,2.0,per_candidate,1.0,4,40,756,continuous_joint,pyramid_local_field,1.0,0,3,source_row:7545,source_row:2460,False,2.0,-0.3087171474139154,0.22993253497853985,1.3761851184286846,3.916755508229882,0.9791888770574705,0.0828377493010336,-0.0828377493010336,0.2878154778691264,15.952352987969368,0.9290944299245334,43.0002606737845,41.200996021255456,0.49765098263355323,0.8447906754156463,0.9191249509265029,scale2_parallel_k15_ridge0p1,"2.0x parallel k=15, ridge 0.1",,,,,,,,,,,
77,466.0,233,response_tables/trial_00233_hard_negative_structure_obs-empirical_prior-axis_edge_parallel_rel2x.npz,hard_negative_structure,empirical,axis_edge_parallel,2.0,per_candidate,1.0,4,40,756,continuous_joint,pyramid_local_field,1.0,0,3,source_row:7546,source_row:2460,False,2.0,-0.23420133714671465,0.238105423404766,1.3795713079204404,3.9447917713633025,0.9861979428408256,0.07702808854419291,-0.07702808854419291,0.2775393459389009,15.382791944499562,0.934198268505293,43.035823124183615,41.157482005732156,0.4972147910154014,0.8458258886137209,0.9196879300141548,scale2_parallel_k15_ridge0p1,"2.0x parallel k=15, ridge 0.1",,,,,,,,,,,
78,472.0,236,response_tables/trial_00236_hard_negative_structure_obs-empirical_prior-axis_edge_parallel_rel2x.npz,hard_negative_structure,empirical,axis_edge_parallel,2.0,per_candidate,1.0,4,40,756,continuous_joint,pyramid_local_field,1.0,0,0,source_row:7622,source_row:7622,True,1.0,0.648333001220692,0.5078448161703825,1.0935280293048661,2.684094246887517,0.6710235617218793,0.11642244013445623,-0.11642244013445623,0.34120732719925023,18.911629651964144,0.8673799084309473,35.29306587391779,37.62492547709889,1.0,0.0,0.0,scale2_parallel_k15_ridge0p1,"2.0x parallel k=15, ridge 0.1",,,,,,,,,,,
79,478.0,239,response_tables/trial_00239_hard_negative_structure_obs-empirical_prior-axis_edge_parallel_rel2x.npz,hard_negative_structure,empirical,axis_edge_parallel,2.0,per_candidate,1.0,4,40,756,continuous_joint,pyramid_local_field,1.0,0,0,source_row:7981,source_row:7981,True,1.0,0.23781087315791183,0.327137371304032,1.3663200628720393,3.8434723880235477,0.9608680970058869,0.09421947331059954,-0.09421947331059954,0.30695190716234283,17.013001557930977,0.8741335334558729,34.89101952657949,32.007057363978355,0.9999999999999998,0.0,0.0,scale2_parallel_k15_ridge0p1,"2.0x parallel k=15, ridge 0.1",,,,,,,,,,,
80,484.0,242,response_tables/trial_00242_hard_negative_structure_obs-empirical_prior-axis_edge_parallel_rel2x.npz,hard_negative_structure,empirical,axis_edge_parallel,2.0,per_candidate,1.0,4,40,756,continuous_joint,pyramid_local_field,1.0,0,1,source_row:8237,source_row:420,False,4.0,-1.2577383775141016,0.141478407164236,1.2419207094354128,3.0049686534915456,0.7512421633728864,0.26291144895671004,-0.26291144895671004,0.5127489141448376,28.419429466388188,0.7171341653208498,35.30906325037782,39.53766636173933,0.48701003320492875,0.6774183174433027,0.8230542615425199,scale2_parallel_k15_ridge0p1,"2.0x parallel k=15, ridge 0.1",,,,,,,,,,,
81,490.0,245,response_tables/trial_00245_hard_negative_structure_obs-empirical_prior-axis_edge_parallel_rel2x.npz,hard_negative_structure,empirical,axis_edge_parallel,2.0,per_candidate,1.0,4,40,756,continuous_joint,pyramid_local_field,1.0,0,2,source_row:8352,source_row:3076,False,3.0,-0.188793553998039,0.2274941361770339,1.3820386503414719,3.9662815755191945,0.9915703938797986,0.23428359637730722,-0.23428359637730722,0.48402850781468154,26.827582971096888,0.908057570094852,61.062626370645994,47.34913773163881,0.6377196572376966,0.816067598573002,0.9033645989150793,scale2_parallel_k15_ridge0p1,"2.0x parallel k=15, ridge 0.1",,,,,,,,,,,
82,496.0,248,response_tables/trial_00248_hard_negative_structure_obs-empirical_prior-axis_edge_parallel_rel2x.npz,hard_negative_structure,empirical,axis_edge_parallel,2.0,per_candidate,1.0,4,40,756,continuous_joint,pyramid_local_field,1.0,0,3,source_row:8387,source_row:3076,False,3.0,-0.15724273178273052,0.2543105870240088,1.3710675864615698,3.887239562950022,0.9718098907375055,0.17003784667059182,-0.17003784667059182,0.41235645583716984,22.855114634848324,0.9238640847839412,58.342465985813064,49.024261217055674,0.6164253479378586,0.8190857434621771,0.9050335593016301,scale2_parallel_k15_ridge0p1,"2.0x parallel k=15, ridge 0.1",,,,,,,,,,,
83,502.0,251,response_tables/trial_00251_hard_negative_structure_obs-empirical_prior-axis_edge_parallel_rel2x.npz,hard_negative_structure,empirical,axis_edge_parallel,2.0,per_candidate,1.0,4,40,756,continuous_joint,pyramid_local_field,1.0,0,1,source_row:8547,source_row:1709,False,2.0,-0.08115024103369706,0.38112866146123897,1.1156767907333214,2.8402375102653075,0.7100593775663269,0.2185112821497762,-0.2185112821497762,0.46745190356845934,25.908814306411486,0.8913831161979552,56.737860667977344,47.42402011869929,0.6538130777226014,0.7018401031520928,0.8377589767660463,scale2_parallel_k15_ridge0p1,"2.0x parallel k=15, ridge 0.1",,,,,,,,,,,
84,508.0,254,response_tables/trial_00254_hard_negative_structure_obs-empirical_prior-axis_edge_parallel_rel2x.npz,hard_negative_structure,empirical,axis_edge_parallel,2.0,per_candidate,1.0,4,40,756,continuous_joint,pyramid_local_field,1.0,0,2,source_row:8553,source_row:10423,False,2.0,-0.09448623363437036,0.2573627828435832,1.3824324939156045,3.9690020256124368,0.9922505064031092,0.14096582024573934,-0.14096582024573934,0.37545415198894705,20.809781349041398,0.9097887851636228,50.135408319133816,45.605472125460075,0.8224580040071579,0.2959445384588736,0.5440078477916229,scale2_parallel_k15_ridge0p1,"2.0x parallel k=15, ridge 0.1",,,,,,,,,,,
85,514.0,257,response_tables/trial_00257_hard_negative_structure_obs-empirical_prior-axis_edge_parallel_rel2x.npz,hard_negative_structure,empirical,axis_edge_parallel,2.0,per_candidate,1.0,4,40,756,continuous_joint,pyramid_local_field,1.0,0,2,source_row:8627,source_row:7981,False,3.0,-0.1904930711259567,0.24395649785354406,1.379468070181689,3.9455172717260676,0.9863793179315169,0.10856639738247086,-0.10856639738247086,0.32949415379103597,18.262419685215605,0.878662627545189,38.11829129344559,31.976281140864852,0.6489214053037731,0.3073810374137452,0.5544195499923729,scale2_parallel_k15_ridge0p1,"2.0x parallel k=15, ridge 0.1",,,,,,,,,,,
86,520.0,260,response_tables/trial_00260_hard_negative_structure_obs-empirical_prior-axis_edge_parallel_rel2x.npz,hard_negative_structure,empirical,axis_edge_parallel,2.0,per_candidate,1.0,4,40,756,continuous_joint,pyramid_local_field,1.0,0,3,source_row:8857,source_row:10765,False,3.0,-0.7312392850176366,0.1879825423762299,1.3292962461576467,3.5689270023511765,0.8922317505877941,0.2309047299414669,-0.2309047299414669,0.4805254727290395,26.63342505912798,0.8078716692769863,45.18291135298548,36.012689098004245,0.5319093532066373,0.5789448359235388,0.7608842460739602,scale2_parallel_k15_ridge0p1,"2.0x parallel k=15, ridge 0.1",,,,,,,,,,,
87,526.0,263,response_tables/trial_00263_hard_negative_structure_obs-empirical_prior-axis_edge_parallel_rel2x.npz,hard_negative_structure,empirical,axis_edge_parallel,2.0,per_candidate,1.0,4,40,756,continuous_joint,pyramid_local_field,1.0,0,0,source_row:8859,source_row:8859,True,1.0,0.0,0.26743487108504993,1.3837954104932337,3.9801594838890066,0.9950398709722517,0.014388374925457725,-0.014388374925457725,0.11995155240953627,6.648389863042489,0.9879637864425254,42.637858451997865,41.287342086589824,1.0,0.0,0.0,scale2_parallel_k15_ridge0p1,"2.0x parallel k=15, ridge 0.1",,,,,,,,,,,
88,532.0,266,response_tables/trial_00266_hard_negative_structure_obs-empirical_prior-axis_edge_parallel_rel2x.npz,hard_negative_structure,empirical,axis_edge_parallel,2.0,per_candidate,1.0,4,40,756,continuous_joint,pyramid_local_field,1.0,0,0,source_row:8878,source_row:8878,True,1.0,0.0,0.2741050309287603,1.381529933420973,3.962383493522323,0.9905958733805807,0.013565203761242673,-0.013565203761242673,0.11646975470585774,6.455409046260159,0.988668878345466,42.637858451997865,41.314448718688325,1.0,0.0,0.0,scale2_parallel_k15_ridge0p1,"2.0x parallel k=15, ridge 0.1",,,,,,,,,,,
89,538.0,269,response_tables/trial_00269_hard_negative_structure_obs-empirical_prior-axis_edge_parallel_rel2x.npz,hard_negative_structure,empirical,axis_edge_parallel,2.0,per_candidate,1.0,4,40,756,continuous_joint,pyramid_local_field,1.0,0,1,source_row:8895,source_row:8897,False,3.0,-0.20902781635550127,0.23551219533894502,1.3807981009359744,3.955940830127209,0.9889852075318023,0.003618667951690862,-0.003618667951690862,0.06015536511144174,3.3341487590679466,0.9969940343694698,42.09716160691914,41.278961082593746,0.9980023011680919,0.0023220562899027727,0.048187719285132935,scale2_parallel_k15_ridge0p1,"2.0x parallel k=15, ridge 0.1",,,,,,,,,,,
90,544.0,272,response_tables/trial_00272_hard_negative_structure_obs-empirical_prior-axis_edge_parallel_rel2x.npz,hard_negative_structure,empirical,axis_edge_parallel,2.0,per_candidate,1.0,4,40,756,continuous_joint,pyramid_local_field,1.0,0,0,source_row:8897,source_row:8897,True,1.0,0.11544996776046901,0.28382332735603594,1.3821979621264218,3.9672972018178,0.99182430045445,0.008649651630225064,-0.008649651630225064,0.09300350332232149,5.154777377157174,0.9926587030519475,42.25781171839086,41.277562044713314,1.0,0.0,0.0,scale2_parallel_k15_ridge0p1,"2.0x parallel k=15, ridge 0.1",,,,,,,,,,,
91,550.0,275,response_tables/trial_00275_hard_negative_structure_obs-empirical_prior-axis_edge_parallel_rel2x.npz,hard_negative_structure,empirical,axis_edge_parallel,2.0,per_candidate,1.0,4,40,756,continuous_joint,pyramid_local_field,1.0,0,1,source_row:8908,source_row:8897,False,4.0,-0.17037174125272259,0.2269898574825165,1.38366553690099,3.9791601798161533,0.9947900449540383,0.013554130350805688,-0.013554130350805688,0.11642220729227602,6.4527737011052135,0.9877783497175975,40.21028603467558,41.254502695905444,0.984288232814209,0.018745830099550678,0.13691541220604303,scale2_parallel_k15_ridge0p1,"2.0x parallel k=15, ridge 0.1",,,,,,,,,,,
92,556.0,278,response_tables/trial_00278_hard_negative_structure_obs-empirical_prior-axis_edge_parallel_rel2x.npz,hard_negative_structure,empirical,axis_edge_parallel,2.0,per_candidate,1.0,4,40,756,continuous_joint,pyramid_local_field,1.0,0,0,source_row:8933,source_row:8933,True,1.0,1.8000539374719438,0.8124925607910797,0.6095148513628937,1.4693234877622603,0.3673308719405651,0.011312251753092565,-0.011312251753092565,0.10635906991457082,5.8950180140098265,0.9921498799133832,42.573157498399645,39.70781561818104,1.0000000000000002,0.0,0.0,scale2_parallel_k15_ridge0p1,"2.0x parallel k=15, ridge 0.1",,,,,,,,,,,
93,562.0,281,response_tables/trial_00281_hard_negative_structure_obs-empirical_prior-axis_edge_parallel_rel2x.npz,hard_negative_structure,empirical,axis_edge_parallel,2.0,per_candidate,1.0,4,40,756,continuous_joint,pyramid_local_field,1.0,0,0,source_row:8991,source_row:8991,True,1.0,0.6100833490885975,0.5922276713691458,0.9197685316737201,2.1741020314776263,0.5435255078694066,0.0851418290600584,-0.0851418290600584,0.29179072819412616,16.172683725111902,0.9602503410199513,50.71401013855102,40.878027078007676,0.9999999999999998,0.0,0.0,scale2_parallel_k15_ridge0p1,"2.0x parallel k=15, ridge 0.1",,,,,,,,,,,
94,568.0,284,response_tables/trial_00284_hard_negative_structure_obs-empirical_prior-axis_edge_parallel_rel2x.npz,hard_negative_structure,empirical,axis_edge_parallel,2.0,per_candidate,1.0,4,40,756,continuous_joint,pyramid_local_field,1.0,0,0,source_row:9005,source_row:9005,True,1.0,2.3934233081686216,0.8108117197742737,0.6887284571181227,1.4928876334893948,0.3732219083723487,0.013347616131861586,-0.013347616131861586,0.11553188361600267,6.403426954145631,0.9872033126577984,40.15353191363851,39.58015550465943,0.9999999999999999,0.0,0.0,scale2_parallel_k15_ridge0p1,"2.0x parallel k=15, ridge 0.1",,,,,,,,,,,
95,574.0,287,response_tables/trial_00287_hard_negative_structure_obs-empirical_prior-axis_edge_parallel_rel2x.npz,hard_negative_structure,empirical,axis_edge_parallel,2.0,per_candidate,1.0,4,40,756,continuous_joint,pyramid_local_field,1.0,0,0,source_row:9142,source_row:9142,True,1.0,0.616484476127539,0.4560046972872199,1.2656540467840496,3.181953436974036,0.795488359243509,0.16161984305147503,-0.16161984305147503,0.4020197048049698,22.282193739713584,0.9086482226752937,52.45897851148661,43.58368150209265,0.9999999999999999,0.0,0.0,scale2_parallel_k15_ridge0p1,"2.0x parallel k=15, ridge 0.1",,,,,,,,,,,
96,580.0,290,response_tables/trial_00290_hard_negative_structure_obs-empirical_prior-axis_edge_parallel_rel2x.npz,hard_negative_structure,empirical,axis_edge_parallel,2.0,per_candidate,1.0,4,40,756,continuous_joint,pyramid_local_field,1.0,0,3,source_row:9421,source_row:2518,False,2.0,-0.22911927091519146,0.33521505116777883,1.2412016512484336,3.124183162801127,0.7810457907002818,0.12627332398715682,-0.12627332398715682,0.35534957997323824,19.695472862781074,0.8513148786814697,35.00826643521655,36.913276387459725,0.6361963203398653,0.42532430056822085,0.6521689202715971,scale2_parallel_k15_ridge0p1,"2.0x parallel k=15, ridge 0.1",,,,,,,,,,,
97,586.0,293,response_tables/trial_00293_hard_negative_structure_obs-empirical_prior-axis_edge_parallel_rel2x.npz,hard_negative_structure,empirical,axis_edge_parallel,2.0,per_candidate,1.0,4,40,756,continuous_joint,pyramid_local_field,1.0,0,0,source_row:9427,source_row:9427,True,1.0,0.022188385652043507,0.28569004220317507,1.3752425715808503,3.9161889265761367,0.9790472316440342,0.26642158478401184,-0.26642158478401184,0.5161604254338101,28.608514614647234,0.8744152488204971,57.30745247152712,43.37506352481409,1.0,0.0,0.0,scale2_parallel_k15_ridge0p1,"2.0x parallel k=15, ridge 0.1",,,,,,,,,,,
98,592.0,296,response_tables/trial_00296_hard_negative_structure_obs-empirical_prior-axis_edge_parallel_rel2x.npz,hard_negative_structure,empirical,axis_edge_parallel,2.0,per_candidate,1.0,4,40,756,continuous_joint,pyramid_local_field,1.0,0,0,source_row:9762,source_row:9762,True,1.0,0.1586367347860005,0.41385915951124025,1.205467593042884,3.035600391164568,0.758900097791142,0.15505311410469863,-0.15505311410469863,0.3937678429032755,21.824829129448737,0.8742255076534435,44.950948032074244,39.19478343688769,1.0,0.0,0.0,scale2_parallel_k15_ridge0p1,"2.0x parallel k=15, ridge 0.1",,,,,,,,,,,
99,598.0,299,response_tables/trial_00299_hard_negative_structure_obs-empirical_prior-axis_edge_parallel_rel2x.npz,hard_negative_structure,empirical,axis_edge_parallel,2.0,per_candidate,1.0,4,40,756,continuous_joint,pyramid_local_field,1.0,0,3,source_row:9778,source_row:10803,False,3.0,-0.711154051085714,0.21188657847773237,1.2732182601270745,3.266764346056912,0.816691086514228,0.23336837301182892,-0.23336837301182892,0.4830821596911119,26.775131034083447,0.8100798235971594,44.590234038637014,41.90024661507534,0.5780614975825661,0.6837042938929517,0.8268641326680893,scale2_parallel_k15_ridge0p1,"2.0x parallel k=15, ridge 0.1",,,,,,,,,,,
100,604.0,302,response_tables/trial_00302_hard_negative_structure_obs-empirical_prior-axis_edge_parallel_rel2x.npz,hard_negative_structure,empirical,axis_edge_parallel,2.0,per_candidate,1.0,4,40,756,continuous_joint,pyramid_local_field,1.0,0,0,source_row:9885,source_row:9885,True,1.0,1.2390494428851753,0.7008209727219631,0.8406566463757115,1.8549531872831286,0.46373829682078216,0.07250644775249392,-0.07250644775249392,0.2692702132663283,14.924470090950006,0.9813537385750764,61.155362403829876,50.819016858164005,1.0,0.0,0.0,scale2_parallel_k15_ridge0p1,"2.0x parallel k=15, ridge 0.1",,,,,,,,,,,
101,610.0,305,response_tables/trial_00305_hard_negative_structure_obs-empirical_prior-axis_edge_parallel_rel2x.npz,hard_negative_structure,empirical,axis_edge_parallel,2.0,per_candidate,1.0,4,40,756,continuous_joint,pyramid_local_field,1.0,0,2,source_row:9961,source_row:3345,False,2.0,-0.2291952388233085,0.29842065942966434,1.1893129898944086,3.127647749121868,0.781911937280467,0.15031332459900262,-0.15031332459900262,0.38770262392586746,21.488660571755887,0.9325941980470688,58.78406398711503,51.41394686774054,0.5643572114556832,0.979428193704349,0.9896606457288019,scale2_parallel_k15_ridge0p1,"2.0x parallel k=15, ridge 0.1",,,,,,,,,,,
102,616.0,308,response_tables/trial_00308_hard_negative_structure_obs-empirical_prior-axis_edge_parallel_rel2x.npz,hard_negative_structure,empirical,axis_edge_parallel,2.0,per_candidate,1.0,4,40,756,continuous_joint,pyramid_local_field,1.0,0,2,source_row:9967,source_row:3345,False,2.0,-0.14248299617997873,0.3017625724133305,1.2371982394117107,3.272694093721387,0.8181735234303468,0.13966460295907301,-0.13966460295907301,0.3737172767735966,20.71351395322079,0.9387428503005149,58.78406398711503,50.863375568447225,0.5643572114556832,0.979428193704349,0.9896606457288019,scale2_parallel_k15_ridge0p1,"2.0x parallel k=15, ridge 0.1",,,,,,,,,,,
103,622.0,311,response_tables/trial_00311_hard_negative_structure_obs-empirical_prior-axis_edge_parallel_rel2x.npz,hard_negative_structure,empirical,axis_edge_parallel,2.0,per_candidate,1.0,4,40,756,continuous_joint,pyramid_local_field,1.0,0,0,source_row:9996,source_row:9996,True,1.0,0.2990012306175345,0.3211666798063917,1.3720881645053364,3.885138999584748,0.971284749896187,0.1894840025240233,-0.1894840025240233,0.4352976022493385,24.126642032280404,0.8801234351428315,49.31233544246631,37.5674010256026,1.0,0.0,0.0,scale2_parallel_k15_ridge0p1,"2.0x parallel k=15, ridge 0.1",,,,,,,,,,,
104,628.0,314,response_tables/trial_00314_hard_negative_structure_obs-empirical_prior-axis_edge_parallel_rel2x.npz,hard_negative_structure,empirical,axis_edge_parallel,2.0,per_candidate,1.0,4,40,756,continuous_joint,pyramid_local_field,1.0,0,0,source_row:10001,source_row:10001,True,1.0,0.5057821776237574,0.373220154572442,1.3475189296787635,3.690673982797971,0.9226684956994927,0.14756452476029813,-0.14756452476029813,0.3841412822911619,21.29127098281443,0.8763715026817566,44.196252409360945,38.28138641350291,1.0000000000000002,0.0,0.0,scale2_parallel_k15_ridge0p1,"2.0x parallel k=15, ridge 0.1",,,,,,,,,,,
105,634.0,317,response_tables/trial_00317_hard_negative_structure_obs-empirical_prior-axis_edge_parallel_rel2x.npz,hard_negative_structure,empirical,axis_edge_parallel,2.0,per_candidate,1.0,4,40,756,continuous_joint,pyramid_local_field,1.0,0,1,source_row:10041,source_row:11226,False,3.0,-0.1071836171687437,0.2957223840769497,1.233705955875184,3.2662612360283556,0.8165653090070889,0.04567110157422872,-0.04567110157422872,0.21370798200869504,11.84489865030641,0.9609903844644652,42.12818480740852,38.355197878432975,0.9834780117385676,0.019029516369667026,0.13794751309707262,scale2_parallel_k15_ridge0p1,"2.0x parallel k=15, ridge 0.1",,,,,,,,,,,
106,640.0,320,response_tables/trial_00320_hard_negative_structure_obs-empirical_prior-axis_edge_parallel_rel2x.npz,hard_negative_structure,empirical,axis_edge_parallel,2.0,per_candidate,1.0,4,40,756,continuous_joint,pyramid_local_field,1.0,0,1,source_row:10140,source_row:9421,False,2.0,-0.44891978037708213,0.23168445160859052,1.353054970789932,3.7338576599762163,0.9334644149940541,0.20537953437529344,-0.20537953437529344,0.45318818869791105,25.118238982876594,0.8164401428873864,43.436161389587596,36.82391266864302,0.6316251688706103,0.3878089698902405,0.6227431010378521,scale2_parallel_k15_ridge0p1,"2.0x parallel k=15, ridge 0.1",,,,,,,,,,,
107,646.0,323,response_tables/trial_00323_hard_negative_structure_obs-empirical_prior-axis_edge_parallel_rel2x.npz,hard_negative_structure,empirical,axis_edge_parallel,2.0,per_candidate,1.0,4,40,756,continuous_joint,pyramid_local_field,1.0,0,2,source_row:10161,source_row:369,False,2.0,-0.4971792271251161,0.28888505833913863,1.2160061582523518,2.9662715727579654,0.7415678931894913,0.3126735218878172,-0.3126735218878172,0.5591721755307727,30.992467782339865,0.7982871056760598,51.35692402856872,39.04816543755869,0.4701504975379044,0.7914609850741751,0.8896409304175337,scale2_parallel_k15_ridge0p1,"2.0x parallel k=15, ridge 0.1",,,,,,,,,,,
108,652.0,326,response_tables/trial_00326_hard_negative_structure_obs-empirical_prior-axis_edge_parallel_rel2x.npz,hard_negative_structure,empirical,axis_edge_parallel,2.0,per_candidate,1.0,4,40,756,continuous_joint,pyramid_local_field,1.0,0,1,source_row:10370,source_row:3076,False,3.0,-1.0838987021526236,0.16831779084463916,1.2438147674691513,3.010631910029201,0.7526579775073002,0.3850372290033992,-0.3850372290033992,0.6205136815602048,34.39235914412448,0.7938955367863115,56.161844665714185,48.667059749166505,0.5959936554772504,0.828823319332702,0.9103973414574001,scale2_parallel_k15_ridge0p1,"2.0x parallel k=15, ridge 0.1",,,,,,,,,,,
109,658.0,329,response_tables/trial_00329_hard_negative_structure_obs-empirical_prior-axis_edge_parallel_rel2x.npz,hard_negative_structure,empirical,axis_edge_parallel,2.0,per_candidate,1.0,4,40,756,continuous_joint,pyramid_local_field,1.0,0,1,source_row:10392,source_row:2457,False,2.0,-0.5297502459791872,0.29574781503050196,1.1586994286885317,2.760419286219462,0.6901048215548655,0.2977837575589955,-0.2977837575589955,0.5456956638631055,30.24552368898965,0.8433615270769207,56.285633050273596,47.66464912128762,0.6113439236229457,0.8084644044927866,0.899146486670991,scale2_parallel_k15_ridge0p1,"2.0x parallel k=15, ridge 0.1",,,,,,,,,,,
110,664.0,332,response_tables/trial_00332_hard_negative_structure_obs-empirical_prior-axis_edge_parallel_rel2x.npz,hard_negative_structure,empirical,axis_edge_parallel,2.0,per_candidate,1.0,4,40,756,continuous_joint,pyramid_local_field,1.0,0,0,source_row:10423,source_row:10423,True,1.0,0.14106290167194402,0.2955064047408039,1.3794615173058937,3.9450628959558527,0.9862657239889632,0.07765334039962776,-0.07765334039962776,0.2786634895346496,15.445098306830438,0.9552330933024091,51.02443131041159,45.47402897690837,1.0000000000000002,0.0,0.0,scale2_parallel_k15_ridge0p1,"2.0x parallel k=15, ridge 0.1",,,,,,,,,,,
111,670.0,335,response_tables/trial_00335_hard_negative_structure_obs-empirical_prior-axis_edge_parallel_rel2x.npz,hard_negative_structure,empirical,axis_edge_parallel,2.0,per_candidate,1.0,4,40,756,continuous_joint,pyramid_local_field,1.0,0,3,source_row:10488,source_row:10423,False,2.0,-0.13085874740716008,0.29695057377711637,1.347544898051885,3.7134362564839782,0.9283590641209946,0.2627556255455215,-0.2627556255455215,0.5125969425830801,28.411006347467563,0.8175365974134479,49.28023670604274,38.947319993919535,0.532614543965962,0.7661197862811564,0.8752826893530777,scale2_parallel_k15_ridge0p1,"2.0x parallel k=15, ridge 0.1",,,,,,,,,,,
112,676.0,338,response_tables/trial_00338_hard_negative_structure_obs-empirical_prior-axis_edge_parallel_rel2x.npz,hard_negative_structure,empirical,axis_edge_parallel,2.0,per_candidate,1.0,4,40,756,continuous_joint,pyramid_local_field,1.0,0,0,source_row:10501,source_row:10501,True,1.0,0.3889779429759983,0.33798809211577835,1.366349376059415,3.8372848990214625,0.9593212247553656,0.08811587671506771,-0.08811587671506771,0.2968431853943555,16.452719327475563,0.8982051866371897,37.19437210839138,31.570513635842804,1.0000000000000002,0.0,0.0,scale2_parallel_k15_ridge0p1,"2.0x parallel k=15, ridge 0.1",,,,,,,,,,,
113,682.0,341,response_tables/trial_00341_hard_negative_structure_obs-empirical_prior-axis_edge_parallel_rel2x.npz,hard_negative_structure,empirical,axis_edge_parallel,2.0,per_candidate,1.0,4,40,756,continuous_joint,pyramid_local_field,1.0,0,0,source_row:10506,source_row:10506,True,1.0,0.5106569360901858,0.5133764930515877,1.100956798004706,2.629478676260167,0.6573696690650418,0.038697266269180096,-0.038697266269180096,0.1967162074389909,10.90311891061091,0.9716182520227443,43.262212157538684,38.27323840415306,0.9999999999999999,0.0,0.0,scale2_parallel_k15_ridge0p1,"2.0x parallel k=15, ridge 0.1",,,,,,,,,,,
114,688.0,344,response_tables/trial_00344_hard_negative_structure_obs-empirical_prior-axis_edge_parallel_rel2x.npz,hard_negative_structure,empirical,axis_edge_parallel,2.0,per_candidate,1.0,4,40,756,continuous_joint,pyramid_local_field,1.0,0,0,source_row:10563,source_row:10563,True,1.0,2.9174485173019775,0.8723664552960174,0.5217116712725429,1.3046561638455316,0.3261640409613829,0.005189891562893123,-0.005189891562893123,0.07204090201332243,3.992912080325295,0.9939870158407801,36.091820546016585,35.304552456689585,0.9999999999999998,0.0,0.0,scale2_parallel_k15_ridge0p1,"2.0x parallel k=15, ridge 0.1",,,,,,,,,,,
115,694.0,347,response_tables/trial_00347_hard_negative_structure_obs-empirical_prior-axis_edge_parallel_rel2x.npz,hard_negative_structure,empirical,axis_edge_parallel,2.0,per_candidate,1.0,4,40,756,continuous_joint,pyramid_local_field,1.0,0,0,source_row:10644,source_row:10644,True,1.0,1.0285859206049963,0.5463998479931,1.1475516457271948,2.6484400516475874,0.6621100129118969,0.053648825283354046,-0.053648825283354046,0.23162216060505533,12.837803210458697,0.9314068490334186,34.38039272564924,34.8882814804203,1.0000000000000002,0.0,0.0,scale2_parallel_k15_ridge0p1,"2.0x parallel k=15, ridge 0.1",,,,,,,,,,,
116,700.0,350,response_tables/trial_00350_hard_negative_structure_obs-empirical_prior-axis_edge_parallel_rel2x.npz,hard_negative_structure,empirical,axis_edge_parallel,2.0,per_candidate,1.0,4,40,756,continuous_joint,pyramid_local_field,1.0,0,1,source_row:10726,source_row:8933,False,2.0,-0.5716724388668126,0.33633575424775364,0.9048316615304092,2.126208384432785,0.5315520961081962,0.1519819032284206,-0.1519819032284206,0.38984856448167227,21.607600670081535,0.8588548678863933,41.982188414052516,38.16922674258443,0.6733133876842274,0.38025148593969704,0.6166453485916333,scale2_parallel_k15_ridge0p1,"2.0x parallel k=15, ridge 0.1",,,,,,,,,,,
117,706.0,353,response_tables/trial_00353_hard_negative_structure_obs-empirical_prior-axis_edge_parallel_rel2x.npz,hard_negative_structure,empirical,axis_edge_parallel,2.0,per_candidate,1.0,4,40,756,continuous_joint,pyramid_local_field,1.0,0,0,source_row:10765,source_row:10765,True,1.0,1.150000194747122,0.635276898250043,1.020086563324978,2.1859979354029813,0.5464994838507453,0.058415214039383885,-0.058415214039383885,0.24169239549349475,13.395952281528452,0.9492884347763051,41.7706986609951,37.01116112701469,0.9999999999999999,0.0,0.0,scale2_parallel_k15_ridge0p1,"2.0x parallel k=15, ridge 0.1",,,,,,,,,,,
118,712.0,356,response_tables/trial_00356_hard_negative_structure_obs-empirical_prior-axis_edge_parallel_rel2x.npz,hard_negative_structure,empirical,axis_edge_parallel,2.0,per_candidate,1.0,4,40,756,continuous_joint,pyramid_local_field,1.0,0,0,source_row:10803,source_row:10803,True,1.0,3.105029365194582,0.9142767523300436,0.3828651679463907,1.1924878459704846,0.29812196149262116,0.004507213226358683,-0.004507213226358683,0.06713578201196947,3.721042734419194,0.9982368311730025,53.640705188091566,51.62033329771388,0.9999999999999999,0.0,0.0,scale2_parallel_k15_ridge0p1,"2.0x parallel k=15, ridge 0.1",,,,,,,,,,,
119,718.0,359,response_tables/trial_00359_hard_negative_structure_obs-empirical_prior-axis_edge_parallel_rel2x.npz,hard_negative_structure,empirical,axis_edge_parallel,2.0,per_candidate,1.0,4,40,756,continuous_joint,pyramid_local_field,1.0,0,0,source_row:10818,source_row:10818,True,1.0,0.8140056636325994,0.4387180069987625,1.3019142349853947,3.360094256796266,0.8400235641990665,0.27662251644816754,-0.27662251644816754,0.5259491576646621,29.151061224743955,0.8107183219352573,48.28903858484864,46.2609329549666,1.0,0.0,0.0,scale2_parallel_k15_ridge0p1,"2.0x parallel k=15, ridge 0.1",,,,,,,,,,,
120,724.0,362,response_tables/trial_00362_hard_negative_structure_obs-empirical_prior-axis_edge_parallel_rel2x.npz,hard_negative_structure,empirical,axis_edge_parallel,2.0,per_candidate,1.0,4,40,756,continuous_joint,pyramid_local_field,1.0,0,0,source_row:11021,source_row:11021,True,1.0,0.15070703263643281,0.36373357182539773,1.3176225181613548,3.5279327628169885,0.8819831907042471,0.2088840780145652,-0.2088840780145652,0.4570383769603656,25.331638076933444,0.9017158795432,57.75066560606587,47.79379504844825,1.0,0.0,0.0,scale2_parallel_k15_ridge0p1,"2.0x parallel k=15, ridge 0.1",,,,,,,,,,,
121,730.0,365,response_tables/trial_00365_hard_negative_structure_obs-empirical_prior-axis_edge_parallel_rel2x.npz,hard_negative_structure,empirical,axis_edge_parallel,2.0,per_candidate,1.0,4,40,756,continuous_joint,pyramid_local_field,1.0,0,0,source_row:11058,source_row:11058,True,1.0,0.8335508144928099,0.5660575575939193,0.9827816235629419,2.402785103352351,0.6006962758380877,0.09840341114589461,-0.09840341114589461,0.31369317994801005,17.386640821049596,0.9503488219524399,50.66630318008844,40.82214137331106,1.0,0.0,0.0,scale2_parallel_k15_ridge0p1,"2.0x parallel k=15, ridge 0.1",,,,,,,,,,,
122,736.0,368,response_tables/trial_00368_hard_negative_structure_obs-empirical_prior-axis_edge_parallel_rel2x.npz,hard_negative_structure,empirical,axis_edge_parallel,2.0,per_candidate,1.0,4,40,756,continuous_joint,pyramid_local_field,1.0,0,1,source_row:11072,source_row:369,False,3.0,-0.48252591420981616,0.22930245660116008,1.3253205813759452,3.5781216787049117,0.8945304196762279,0.2148826288713039,-0.2148826288713039,0.4635543429537727,25.692789570084553,0.7319542628656378,33.70902438010637,36.18871231067238,0.48939066049700464,0.5196763272299801,0.7208857934721561,scale2_parallel_k15_ridge0p1,"2.0x parallel k=15, ridge 0.1",,,,,,,,,,,
123,742.0,371,response_tables/trial_00371_hard_negative_structure_obs-empirical_prior-axis_edge_parallel_rel2x.npz,hard_negative_structure,empirical,axis_edge_parallel,2.0,per_candidate,1.0,4,40,756,continuous_joint,pyramid_local_field,1.0,0,0,source_row:11226,source_row:11226,True,1.0,0.05137671279305778,0.31293226152300574,1.323077914736086,3.612943197417126,0.9032357993542816,0.03579580367104419,-0.03579580367104419,0.18919778981543148,10.486405908482073,0.9704280350586142,41.977330130327395,38.036280373966086,0.9999999999999999,0.0,0.0,scale2_parallel_k15_ridge0p1,"2.0x parallel k=15, ridge 0.1",,,,,,,,,,,
124,748.0,374,response_tables/trial_00374_hard_negative_structure_obs-empirical_prior-axis_edge_parallel_rel2x.npz,hard_negative_structure,empirical,axis_edge_parallel,2.0,per_candidate,1.0,4,40,756,continuous_joint,pyramid_local_field,1.0,0,2,source_row:11361,source_row:7981,False,2.0,-0.000676359154738293,0.2980867561853051,1.367523770174477,3.856247591220784,0.964061897805196,0.1393408866956758,-0.1393408866956758,0.3732839223642987,20.689495013873973,0.8734262198185562,41.60280559382727,32.13722229008633,0.6284864123073779,0.36575514181846347,0.6047769355873812,scale2_parallel_k15_ridge0p1,"2.0x parallel k=15, ridge 0.1",,,,,,,,,,,
125,754.0,377,response_tables/trial_00377_hard_negative_structure_obs-empirical_prior-axis_edge_parallel_rel2x.npz,hard_negative_structure,empirical,axis_edge_parallel,2.0,per_candidate,1.0,4,40,756,continuous_joint,pyramid_local_field,1.0,0,0,source_row:11459,source_row:11459,True,1.0,1.1000632703509723,0.6571860118349769,0.9532587980705891,2.0515379502153,0.512884487553825,0.06638688786258391,-0.06638688786258391,0.2576565307974628,14.280774471780505,0.9582620216563666,49.53713257357983,45.63339932767313,1.0,0.0,0.0,scale2_parallel_k15_ridge0p1,"2.0x parallel k=15, ridge 0.1",,,,,,,,,,,
126,760.0,380,response_tables/trial_00380_hard_negative_structure_obs-empirical_prior-axis_edge_parallel_rel2x.npz,hard_negative_structure,empirical,axis_edge_parallel,2.0,per_candidate,1.0,4,40,756,continuous_joint,pyramid_local_field,1.0,0,0,source_row:11510,source_row:11510,True,1.0,0.4901670482796021,0.42401678573680623,1.2921952933827272,3.346261968887975,0.8365654922219937,0.11821473579502044,-0.11821473579502044,0.3438236987105753,19.056643680415046,0.906367332321094,44.54144309174326,37.366611140963684,1.0,0.0,0.0,scale2_parallel_k15_ridge0p1,"2.0x parallel k=15, ridge 0.1",,,,,,,,,,,
127,766.0,383,response_tables/trial_00383_hard_negative_structure_obs-empirical_prior-axis_edge_parallel_rel2x.npz,hard_negative_structure,empirical,axis_edge_parallel,2.0,per_candidate,1.0,4,40,756,continuous_joint,pyramid_local_field,1.0,0,0,source_row:11747,source_row:11747,True,1.0,0.02332243168484638,0.28600585289369623,1.375744504507582,3.9194505184438917,0.9798626296109729,0.20275812128199058,-0.20275812128199058,0.4502867100881288,24.957422715061647,0.8618872079274681,49.01503136176281,44.49840003186084,1.0,0.0,0.0,scale2_parallel_k15_ridge0p1,"2.0x parallel k=15, ridge 0.1",,,,,,,,,,,
4,,2,response_tables/trial_00002_hard_negative_structure_obs-empirical_prior-axis_edge_parallel_rel2x.npz,hard_negative_structure,empirical,axis_edge_parallel,2.0,,,4,40,756,quadratic_poisson,pyramid_local_field,,0,2,source_row:25,source_row:9142,False,3.0,-1.2749875764960734,0.1443765703019035,1.207791949269187,2.856564184833033,0.7141410462082584,0.4089681109387093,-0.4089681109387093,0.6395061461305195,35.44502837922005,0.7697400196628623,55.35716385314352,45.367390266813466,0.5450920735126369,0.8627886600790683,0.9288641774118906,scale2_parallel_k10_ridge0p01,"2.0x parallel k=10, ridge 0.01",16.0,10.0,0.01,0.92,0.001,1e-06,inferred,0.0001,80.0,1.0,1.0
10,,5,response_tables/trial_00005_hard_negative_structure_obs-empirical_prior-axis_edge_parallel_rel2x.npz,hard_negative_structure,empirical,axis_edge_parallel,2.0,,,4,40,756,quadratic_poisson,pyramid_local_field,,0,2,source_row:76,source_row:11021,False,3.0,-0.6583910497884062,0.2098514362970798,1.1843029471339204,3.0274113374263423,0.7568528343565856,0.1563156112640633,-0.1563156112640633,0.3953676912243378,21.91350172389622,0.8953437931354302,47.34179291251737,48.35620609723782,0.7588915779183177,0.4644320156094235,0.681492491234807,scale2_parallel_k10_ridge0p01,"2.0x parallel k=10, ridge 0.01",16.0,10.0,0.01,0.92,0.001,1e-06,inferred,0.0001,80.0,1.0,1.0
16,,8,response_tables/trial_00008_hard_negative_structure_obs-empirical_prior-axis_edge_parallel_rel2x.npz,hard_negative_structure,empirical,axis_edge_parallel,2.0,,,4,40,756,quadratic_poisson,pyramid_local_field,,0,0,source_row:87,source_row:87,True,1.0,2.7494371382445024,0.9281704925867184,0.2999099279764078,1.1559284851012042,0.288982121275301,0.0015762362529069,-0.0015762362529069,0.0397018419334289,2.200499436248563,0.9978722100902306,31.98885317956852,31.21925191862972,1.0,0.0,0.0,scale2_parallel_k10_ridge0p01,"2.0x parallel k=10, ridge 0.01",16.0,10.0,0.01,0.92,0.001,1e-06,inferred,0.0001,80.0,1.0,1.0
22,,11,response_tables/trial_00011_hard_negative_structure_obs-empirical_prior-axis_edge_parallel_rel2x.npz,hard_negative_structure,empirical,axis_edge_parallel,2.0,,,4,40,756,quadratic_poisson,pyramid_local_field,,0,0,source_row:369,source_row:369,True,1.0,1.0495976577841477,0.6517640807299544,0.9511215545734828,2.0644289593047485,0.5161072398261871,0.055909718456384,-0.055909718456384,0.2364523598029506,13.105520023944552,0.9560589833907942,43.55782142770001,38.69752730690902,1.0000000000000002,0.0,0.0,scale2_parallel_k10_ridge0p01,"2.0x parallel k=10, ridge 0.01",16.0,10.0,0.01,0.92,0.001,1e-06,inferred,0.0001,80.0,1.0,1.0
28,,14,response_tables/trial_00014_hard_negative_structure_obs-empirical_prior-axis_edge_parallel_rel2x.npz,hard_negative_structure,empirical,axis_edge_parallel,2.0,,,4,40,756,quadratic_poisson,pyramid_local_field,,0,0,source_row:420,source_row:420,True,1.0,0.8779511467961356,0.6090645003861694,1.0115641299467473,2.2448783768893903,0.5612195942223476,0.0789163285885604,-0.0789163285885604,0.2809205022574187,15.570194649523737,0.9545307834761452,50.81129610299023,44.89748409893787,1.0,0.0,0.0,scale2_parallel_k10_ridge0p01,"2.0x parallel k=10, ridge 0.01",16.0,10.0,0.01,0.92,0.001,1e-06,inferred,0.0001,80.0,1.0,1.0
34,,17,response_tables/trial_00017_hard_negative_structure_obs-empirical_prior-axis_edge_parallel_rel2x.npz,hard_negative_structure,empirical,axis_edge_parallel,2.0,,,4,40,756,quadratic_poisson,pyramid_local_field,,0,0,source_row:454,source_row:454,True,1.0,0.0,0.4641537768273207,0.9320683551591216,2.300498624843241,0.5751246562108102,0.0026322218855611,-0.0026322218855611,0.0513051838078876,2.843621921501485,0.9975497115883276,38.62978874581035,37.65070970727441,1.0,0.0,0.0,scale2_parallel_k10_ridge0p01,"2.0x parallel k=10, ridge 0.01",16.0,10.0,0.01,0.92,0.001,1e-06,inferred,0.0001,80.0,1.0,1.0
40,,20,response_tables/trial_00020_hard_negative_structure_obs-empirical_prior-axis_edge_parallel_rel2x.npz,hard_negative_structure,empirical,axis_edge_parallel,2.0,,,4,40,756,quadratic_poisson,pyramid_local_field,,0,0,source_row:455,source_row:455,True,1.0,0.0,0.4687180030628302,0.9124367540848862,2.261450909930253,0.5653627274825632,0.0019577205638681,-0.0019577205638681,0.0442461361462005,2.452369787002533,0.9982008889648026,38.62978874581035,37.754396934356,1.0,0.0,0.0,scale2_parallel_k10_ridge0p01,"2.0x parallel k=10, ridge 0.01",16.0,10.0,0.01,0.92,0.001,1e-06,inferred,0.0001,80.0,1.0,1.0
46,,23,response_tables/trial_00023_hard_negative_structure_obs-empirical_prior-axis_edge_parallel_rel2x.npz,hard_negative_structure,empirical,axis_edge_parallel,2.0,,,4,40,756,quadratic_poisson,pyramid_local_field,,0,0,source_row:966,source_row:966,True,1.0,2.4072737206539614,0.82776170651938,0.6428117513223333,1.4373459788883038,0.3593364947220759,0.0128497228264001,-0.0128497228264001,0.1133566179206144,6.2828614916056615,0.9915300847429164,43.20788650402636,40.0165083494009,1.0,0.0,0.0,scale2_parallel_k10_ridge0p01,"2.0x parallel k=10, ridge 0.01",16.0,10.0,0.01,0.92,0.001,1e-06,inferred,0.0001,80.0,1.0,1.0
52,,26,response_tables/trial_00026_hard_negative_structure_obs-empirical_prior-axis_edge_parallel_rel2x.npz,hard_negative_structure,empirical,axis_edge_parallel,2.0,,,4,40,756,quadratic_poisson,pyramid_local_field,,0,0,source_row:1249,source_row:1249,True,1.0,0.032674120124966,0.3212260013949601,1.2544667125730764,3.336117432328062,0.8340293580820155,0.1153583184760214,-0.1153583184760214,0.3396444000363047,18.82500343581211,0.8488729995610363,34.41165285343677,34.05969058690048,1.0000000000000002,0.0,0.0,scale2_parallel_k10_ridge0p01,"2.0x parallel k=10, ridge 0.01",16.0,10.0,0.01,0.92,0.001,1e-06,inferred,0.0001,80.0,1.0,1.0
58,,29,response_tables/trial_00029_hard_negative_structure_obs-empirical_prior-axis_edge_parallel_rel2x.npz,hard_negative_structure,empirical,axis_edge_parallel,2.0,,,4,40,756,quadratic_poisson,pyramid_local_field,,0,0,source_row:1422,source_row:1422,True,1.0,0.146997614799659,0.3484185996269406,1.338976694542546,3.656005964594728,0.914001491148682,0.0647616063447215,-0.0647616063447215,0.2544830177923893,14.104880527355936,0.9548515808942878,47.40472271920179,46.04713914555053,1.0,0.0,0.0,scale2_parallel_k10_ridge0p01,"2.0x parallel k=10, ridge 0.01",16.0,10.0,0.01,0.92,0.001,1e-06,inferred,0.0001,80.0,1.0,1.0
64,,32,response_tables/trial_00032_hard_negative_structure_obs-empirical_prior-axis_edge_parallel_rel2x.npz,hard_negative_structure,empirical,axis_edge_parallel,2.0,,,4,40,756,quadratic_poisson,pyramid_local_field,,0,1,source_row:1425,source_row:1422,False,2.0,-0.0285949217285974,0.3224980198130066,1.3345784908061598,3.636691301660937,0.909172825415234,0.0466674270924525,-0.0466674270924525,0.2160264499834512,11.97340118880238,0.968872199072633,48.321366402134856,46.30657000902454,0.997847760134049,0.0034831833932446,0.0590185004320228,scale2_parallel_k10_ridge0p01,"2.0x parallel k=10, ridge 0.01",16.0,10.0,0.01,0.92,0.001,1e-06,inferred,0.0001,80.0,1.0,1.0
70,,35,response_tables/trial_00035_hard_negative_structure_obs-empirical_prior-axis_edge_parallel_rel2x.npz,hard_negative_structure,empirical,axis_edge_parallel,2.0,,,4,40,756,quadratic_poisson,pyramid_local_field,,0,0,source_row:1446,source_row:1446,True,1.0,2.4454716856650407,0.8599165147653409,0.5360110757729238,1.337148296053544,0.334287074013386,0.0064791749860032,-0.0064791749860032,0.0804933226174898,4.461392782192813,0.9918604137319448,34.78821755483096,33.97324329153098,1.0,0.0,0.0,scale2_parallel_k10_ridge0p01,"2.0x parallel k=10, ridge 0.01",16.0,10.0,0.01,0.92,0.001,1e-06,inferred,0.0001,80.0,1.0,1.0
76,,38,response_tables/trial_00038_hard_negative_structure_obs-empirical_prior-axis_edge_parallel_rel2x.npz,hard_negative_structure,empirical,axis_edge_parallel,2.0,,,4,40,756,quadratic_poisson,pyramid_local_field,,0,3,source_row:1523,source_row:10803,False,2.0,-0.20089874148141,0.3736141597490192,1.1152775228226073,2.723113696525759,0.6807784241314397,0.2479510982921646,-0.2479510982921646,0.4979468830027603,27.59901762660276,0.7995395287915198,45.11503839776452,41.31288156075445,0.4965630538808819,0.8168373387655666,0.9037905392100356,scale2_parallel_k10_ridge0p01,"2.0x parallel k=10, ridge 0.01",16.0,10.0,0.01,0.92,0.001,1e-06,inferred,0.0001,80.0,1.0,1.0
82,,41,response_tables/trial_00041_hard_negative_structure_obs-empirical_prior-axis_edge_parallel_rel2x.npz,hard_negative_structure,empirical,axis_edge_parallel,2.0,,,4,40,756,quadratic_poisson,pyramid_local_field,,0,0,source_row:1709,source_row:1709,True,1.0,0.3080962289776039,0.5414704207644396,0.9053670118086228,2.204237062871492,0.551059265717873,0.1264015090346564,-0.1264015090346564,0.355529898932082,19.705467153926207,0.9339790063505872,54.78713570327037,48.92334042407644,1.0000000000000002,0.0,0.0,scale2_parallel_k10_ridge0p01,"2.0x parallel k=10, ridge 0.01",16.0,10.0,0.01,0.92,0.001,1e-06,inferred,0.0001,80.0,1.0,1.0
88,,44,response_tables/trial_00044_hard_negative_structure_obs-empirical_prior-axis_edge_parallel_rel2x.npz,hard_negative_structure,empirical,axis_edge_parallel,2.0,,,4,40,756,quadratic_poisson,pyramid_local_field,,0,0,source_row:1918,source_row:1918,True,1.0,0.447729703342361,0.6042102856132258,0.7231783321018448,1.944692619359213,0.4861731548398031,0.0688715032158858,-0.0688715032158858,0.2624338073036433,14.545558011956818,0.9310339577156562,39.83355717057559,36.57489726059959,1.0,0.0,0.0,scale2_parallel_k10_ridge0p01,"2.0x parallel k=10, ridge 0.01",16.0,10.0,0.01,0.92,0.001,1e-06,inferred,0.0001,80.0,1.0,1.0
94,,47,response_tables/trial_00047_hard_negative_structure_obs-empirical_prior-axis_edge_parallel_rel2x.npz,hard_negative_structure,empirical,axis_edge_parallel,2.0,,,4,40,756,quadratic_poisson,pyramid_local_field,,0,0,source_row:1945,source_row:1945,True,1.0,0.268585818304075,0.3559393062628094,1.3459786198819794,3.697087908055322,0.9242719770138303,0.1301116338717727,-0.1301116338717727,0.3607099026527727,19.992572102010435,0.8735516323121669,40.99625460433092,37.05093757915729,1.0,0.0,0.0,scale2_parallel_k10_ridge0p01,"2.0x parallel k=10, ridge 0.01",16.0,10.0,0.01,0.92,0.001,1e-06,inferred,0.0001,80.0,1.0,1.0
100,,50,response_tables/trial_00050_hard_negative_structure_obs-empirical_prior-axis_edge_parallel_rel2x.npz,hard_negative_structure,empirical,axis_edge_parallel,2.0,,,4,40,756,quadratic_poisson,pyramid_local_field,,0,0,source_row:2122,source_row:2122,True,1.0,0.1334134079565956,0.3297984156487606,1.3499685846923053,3.739866792780129,0.9349666981950322,0.1933764330653658,-0.1933764330653658,0.4397458732783809,24.373190237980825,0.8708290331360242,49.57218472284524,42.7165348093649,1.0,0.0,0.0,scale2_parallel_k10_ridge0p01,"2.0x parallel k=10, ridge 0.01",16.0,10.0,0.01,0.92,0.001,1e-06,inferred,0.0001,80.0,1.0,1.0
106,,53,response_tables/trial_00053_hard_negative_structure_obs-empirical_prior-axis_edge_parallel_rel2x.npz,hard_negative_structure,empirical,axis_edge_parallel,2.0,,,4,40,756,quadratic_poisson,pyramid_local_field,,0,0,source_row:2309,source_row:2309,True,1.0,0.2281603409945773,0.3063015673518829,1.3766667747897567,3.922627787122933,0.9806569467807332,0.0442951782066026,-0.0442951782066026,0.2104641969708926,11.665109834488634,0.8740849383251654,23.672621352603883,22.650390681504646,0.9999999999999998,0.0,0.0,scale2_parallel_k10_ridge0p01,"2.0x parallel k=10, ridge 0.01",16.0,10.0,0.01,0.92,0.001,1e-06,inferred,0.0001,80.0,1.0,1.0
112,,56,response_tables/trial_00056_hard_negative_structure_obs-empirical_prior-axis_edge_parallel_rel2x.npz,hard_negative_structure,empirical,axis_edge_parallel,2.0,,,4,40,756,quadratic_poisson,pyramid_local_field,,0,0,source_row:2457,source_row:2457,True,1.0,0.1613726938942932,0.4239963109386115,1.2113263145037958,3.0019416194909625,0.7504854048727406,0.0418448305048898,-0.0418448305048898,0.2045600902055185,11.337871021978584,0.98639454229447,56.76094208339629,49.54853972465418,1.0,0.0,0.0,scale2_parallel_k10_ridge0p01,"2.0x parallel k=10, ridge 0.01",16.0,10.0,0.01,0.92,0.001,1e-06,inferred,0.0001,80.0,1.0,1.0
118,,59,response_tables/trial_00059_hard_negative_structure_obs-empirical_prior-axis_edge_parallel_rel2x.npz,hard_negative_structure,empirical,axis_edge_parallel,2.0,,,4,40,756,quadratic_poisson,pyramid_local_field,,0,1,source_row:2460,source_row:2457,False,2.0,-0.2148317375989563,0.3894891856056731,1.0700946694092963,2.5446643523389083,0.6361660880847271,0.01651642934558,-0.01651642934558,0.1285162610161844,7.123094197722076,0.9939707349038636,56.099222241129,52.16888260682766,0.995116867319817,0.0102656418966954,0.1013195040290635,scale2_parallel_k10_ridge0p01,"2.0x parallel k=10, ridge 0.01",16.0,10.0,0.01,0.92,0.001,1e-06,inferred,0.0001,80.0,1.0,1.0
124,,62,response_tables/trial_00062_hard_negative_structure_obs-empirical_prior-axis_edge_parallel_rel2x.npz,hard_negative_structure,empirical,axis_edge_parallel,2.0,,,4,40,756,quadratic_poisson,pyramid_local_field,,0,0,source_row:2518,source_row:2518,True,1.0,0.0528633177722213,0.343965938414446,1.3269201705460076,3.5824707066108683,0.8956176766527171,0.2284239750197169,-0.2284239750197169,0.4779372082394474,26.489968879947185,0.8238655903633804,46.29431420353095,41.77853875581162,1.0,0.0,0.0,scale2_parallel_k10_ridge0p01,"2.0x parallel k=10, ridge 0.01",16.0,10.0,0.01,0.92,0.001,1e-06,inferred,0.0001,80.0,1.0,1.0
130,,65,response_tables/trial_00065_hard_negative_structure_obs-empirical_prior-axis_edge_parallel_rel2x.npz,hard_negative_structure,empirical,axis_edge_parallel,2.0,,,4,40,756,quadratic_poisson,pyramid_local_field,,0,0,source_row:2584,source_row:2584,True,1.0,0.738027048468382,0.4253442130195558,1.3127189989074624,3.4339281285350545,0.8584820321337636,0.0524980709648276,-0.0524980709648276,0.2291245752092683,12.699372976802852,0.8480504419628717,23.735035451049384,21.88320740380063,1.0,0.0,0.0,scale2_parallel_k10_ridge0p01,"2.0x parallel k=10, ridge 0.01",16.0,10.0,0.01,0.92,0.001,1e-06,inferred,0.0001,80.0,1.0,1.0
136,,68,response_tables/trial_00068_hard_negative_structure_obs-empirical_prior-axis_edge_parallel_rel2x.npz,hard_negative_structure,empirical,axis_edge_parallel,2.0,,,4,40,756,quadratic_poisson,pyramid_local_field,,0,0,source_row:2743,source_row:2743,True,1.0,1.9096715845977883,0.8709146841176606,0.3852971978768291,1.2900972029698776,0.3225243007424694,0.0081882698804642,-0.0081882698804642,0.0904890594517602,5.015412751986227,0.9903215558253108,35.32319674094597,33.92344479394474,0.9999999999999998,0.0,0.0,scale2_parallel_k10_ridge0p01,"2.0x parallel k=10, ridge 0.01",16.0,10.0,0.01,0.92,0.001,1e-06,inferred,0.0001,80.0,1.0,1.0
142,,71,response_tables/trial_00071_hard_negative_structure_obs-empirical_prior-axis_edge_parallel_rel2x.npz,hard_negative_structure,empirical,axis_edge_parallel,2.0,,,4,40,756,quadratic_poisson,pyramid_local_field,,0,0,source_row:2764,source_row:2764,True,1.0,0.958512035050262,0.5933005065708105,0.954837519602878,2.2942680821767825,0.5735670205441956,0.1039392664742264,-0.1039392664742264,0.3223961328462648,17.86900743211059,0.9633174884962468,55.49782286531697,43.58877547554895,1.0,0.0,0.0,scale2_parallel_k10_ridge0p01,"2.0x parallel k=10, ridge 0.01",16.0,10.0,0.01,0.92,0.001,1e-06,inferred,0.0001,80.0,1.0,1.0
148,,74,response_tables/trial_00074_hard_negative_structure_obs-empirical_prior-axis_edge_parallel_rel2x.npz,hard_negative_structure,empirical,axis_edge_parallel,2.0,,,4,40,756,quadratic_poisson,pyramid_local_field,,0,2,source_row:2773,source_row:3717,False,2.0,-0.1403742648000729,0.2613854171526955,1.377141738915166,3.926957061163725,0.9817392652909313,0.097737307454476,-0.097737307454476,0.3126296650263312,17.327694840923026,0.9018713769562896,40.0828988644516,35.513070059599606,0.7937206457992138,0.2107668867630248,0.4590935490322477,scale2_parallel_k10_ridge0p01,"2.0x parallel k=10, ridge 0.01",16.0,10.0,0.01,0.92,0.001,1e-06,inferred,0.0001,80.0,1.0,1.0
154,,77,response_tables/trial_00077_hard_negative_structure_obs-empirical_prior-axis_edge_parallel_rel2x.npz,hard_negative_structure,empirical,axis_edge_parallel,2.0,,,4,40,756,quadratic_poisson,pyramid_local_field,,0,0,source_row:2822,source_row:2822,True,1.0,2.469335936983612,0.8656566564248162,0.5294361360881161,1.3217088198796716,0.3304272049699179,0.0096121189388205,-0.0096121189388205,0.0980414144064665,5.4340067519332935,0.9935148203509708,46.0304917885618,44.27051629581302,1.0,0.0,0.0,scale2_parallel_k10_ridge0p01,"2.0x parallel k=10, ridge 0.01",16.0,10.0,0.01,0.92,0.001,1e-06,inferred,0.0001,80.0,1.0,1.0
160,,80,response_tables/trial_00080_hard_negative_structure_obs-empirical_prior-axis_edge_parallel_rel2x.npz,hard_negative_structure,empirical,axis_edge_parallel,2.0,,,4,40,756,quadratic_poisson,pyramid_local_field,,0,0,source_row:2831,source_row:2831,True,1.0,0.6794398758251532,0.5513945234866768,1.080718829859147,2.5003394677624344,0.6250848669406086,0.096490736609304,-0.096490736609304,0.310629581027474,17.216838933549393,0.8979512561989476,39.11667070750171,35.37317500102047,1.0000000000000002,0.0,0.0,scale2_parallel_k10_ridge0p01,"2.0x parallel k=10, ridge 0.01",16.0,10.0,0.01,0.92,0.001,1e-06,inferred,0.0001,80.0,1.0,1.0
166,,83,response_tables/trial_00083_hard_negative_structure_obs-empirical_prior-axis_edge_parallel_rel2x.npz,hard_negative_structure,empirical,axis_edge_parallel,2.0,,,4,40,756,quadratic_poisson,pyramid_local_field,,0,0,source_row:2904,source_row:2904,True,1.0,0.9976338553994992,0.6231266011670079,1.01552205087502,2.212119992337374,0.5530299980843435,0.0500311899744435,-0.0500311899744435,0.2236765297800453,12.39741164927141,0.9561808562617132,42.24901484983792,39.56663957281276,1.0000000000000002,0.0,0.0,scale2_parallel_k10_ridge0p01,"2.0x parallel k=10, ridge 0.01",16.0,10.0,0.01,0.92,0.001,1e-06,inferred,0.0001,80.0,1.0,1.0
172,,86,response_tables/trial_00086_hard_negative_structure_obs-empirical_prior-axis_edge_parallel_rel2x.npz,hard_negative_structure,empirical,axis_edge_parallel,2.0,,,4,40,756,quadratic_poisson,pyramid_local_field,,0,2,source_row:3076,source_row:8352,False,4.0,-0.491018562447266,0.1846556830170756,1.3653304616977475,3.841816251025679,0.9604540627564198,0.4333973838147141,-0.4333973838147141,0.6583292366397789,36.48830995098022,0.7739638811431377,56.10778569951199,51.73674579474831,0.6377196572376966,0.816067598573002,0.9033645989150793,scale2_parallel_k10_ridge0p01,"2.0x parallel k=10, ridge 0.01",16.0,10.0,0.01,0.92,0.001,1e-06,inferred,0.0001,80.0,1.0,1.0
178,,89,response_tables/trial_00089_hard_negative_structure_obs-empirical_prior-axis_edge_parallel_rel2x.npz,hard_negative_structure,empirical,axis_edge_parallel,2.0,,,4,40,756,quadratic_poisson,pyramid_local_field,,0,0,source_row:3099,source_row:3099,True,1.0,0.11504365581834,0.3595275230455651,1.3140900792315828,3.5125824269294377,0.8781456067323594,0.1958483196238944,-0.1958483196238944,0.442547533745127,24.528474022747595,0.8263510449403959,43.55377455462099,35.776794707329,1.0,0.0,0.0,scale2_parallel_k10_ridge0p01,"2.0x parallel k=10, ridge 0.01",16.0,10.0,0.01,0.92,0.001,1e-06,inferred,0.0001,80.0,1.0,1.0
184,,92,response_tables/trial_00092_hard_negative_structure_obs-empirical_prior-axis_edge_parallel_rel2x.npz,hard_negative_structure,empirical,axis_edge_parallel,2.0,,,4,40,756,quadratic_poisson,pyramid_local_field,,0,3,source_row:3345,source_row:3742,False,2.0,-0.0948181770374958,0.2549826607730465,1.383195551855709,3.975045108864432,0.993761277216108,0.3704789914413055,-0.3704789914413055,0.6086698542241973,33.73590760165925,0.8196059169388025,58.74534573018739,45.8395932204759,0.555493368200306,0.8355817188221094,0.9141015910838955,scale2_parallel_k10_ridge0p01,"2.0x parallel k=10, ridge 0.01",16.0,10.0,0.01,0.92,0.001,1e-06,inferred,0.0001,80.0,1.0,1.0
190,,95,response_tables/trial_00095_hard_negative_structure_obs-empirical_prior-axis_edge_parallel_rel2x.npz,hard_negative_structure,empirical,axis_edge_parallel,2.0,,,4,40,756,quadratic_poisson,pyramid_local_field,,0,1,source_row:3389,source_row:966,False,2.0,-0.8516612372093277,0.2507750369385911,1.0388299108860746,2.3506318982759944,0.5876579745689986,0.3085004358402526,-0.3085004358402526,0.5554281554262915,30.7849531248832,0.7349867267107084,45.01292810931528,37.09568627902496,0.4766108850326341,0.6637862221835301,0.8147307666852468,scale2_parallel_k10_ridge0p01,"2.0x parallel k=10, ridge 0.01",16.0,10.0,0.01,0.92,0.001,1e-06,inferred,0.0001,80.0,1.0,1.0
196,,98,response_tables/trial_00098_hard_negative_structure_obs-empirical_prior-axis_edge_parallel_rel2x.npz,hard_negative_structure,empirical,axis_edge_parallel,2.0,,,4,40,756,quadratic_poisson,pyramid_local_field,,0,0,source_row:3538,source_row:3538,True,1.0,2.108057920100918,0.8183221411834247,0.6458888885544276,1.4625874917697412,0.3656468729424353,0.0106355683907169,-0.0106355683907169,0.1031288921239674,5.715983388384048,0.9949104753699034,36.88484893854475,32.354405542718425,1.0,0.0,0.0,scale2_parallel_k10_ridge0p01,"2.0x parallel k=10, ridge 0.01",16.0,10.0,0.01,0.92,0.001,1e-06,inferred,0.0001,80.0,1.0,1.0
202,,101,response_tables/trial_00101_hard_negative_structure_obs-empirical_prior-axis_edge_parallel_rel2x.npz,hard_negative_structure,empirical,axis_edge_parallel,2.0,,,4,40,756,quadratic_poisson,pyramid_local_field,,0,0,source_row:3675,source_row:3675,True,1.0,0.1315494037100961,0.31275611092931,1.3696092903564765,3.870048007385439,0.9675120018463598,0.3379608502906011,-0.3379608502906011,0.5813440034012574,32.2213552181271,0.8364545568340018,57.784889662444506,42.38970590299389,1.0000000000000002,0.0,0.0,scale2_parallel_k10_ridge0p01,"2.0x parallel k=10, ridge 0.01",16.0,10.0,0.01,0.92,0.001,1e-06,inferred,0.0001,80.0,1.0,1.0
208,,104,response_tables/trial_00104_hard_negative_structure_obs-empirical_prior-axis_edge_parallel_rel2x.npz,hard_negative_structure,empirical,axis_edge_parallel,2.0,,,4,40,756,quadratic_poisson,pyramid_local_field,,0,0,source_row:3691,source_row:3691,True,1.0,3.008899247381009,0.8889272703229361,0.4683778897633157,1.2586962413709404,0.3146740603427351,0.0083581690099585,-0.0083581690099585,0.0914230223190996,5.06717822842189,0.997038906739342,55.17719071100041,52.24383109809009,1.0000000000000002,0.0,0.0,scale2_parallel_k10_ridge0p01,"2.0x parallel k=10, ridge 0.01",16.0,10.0,0.01,0.92,0.001,1e-06,inferred,0.0001,80.0,1.0,1.0
214,,107,response_tables/trial_00107_hard_negative_structure_obs-empirical_prior-axis_edge_parallel_rel2x.npz,hard_negative_structure,empirical,axis_edge_parallel,2.0,,,4,40,756,quadratic_poisson,pyramid_local_field,,0,1,source_row:3717,source_row:10506,False,2.0,-0.1608106122403114,0.3330815512088105,1.2003538875591349,3.1088285971118266,0.7772071492779566,0.0503258912639955,-0.0503258912639955,0.2243343292142232,12.43387059458937,0.9487010844287468,39.09524376220466,38.43465762160832,0.873940713717427,0.1444607906529355,0.3800799792845389,scale2_parallel_k10_ridge0p01,"2.0x parallel k=10, ridge 0.01",16.0,10.0,0.01,0.92,0.001,1e-06,inferred,0.0001,80.0,1.0,1.0
220,,110,response_tables/trial_00110_hard_negative_structure_obs-empirical_prior-axis_edge_parallel_rel2x.npz,hard_negative_structure,empirical,axis_edge_parallel,2.0,,,4,40,756,quadratic_poisson,pyramid_local_field,,0,0,source_row:3742,source_row:3742,True,1.0,0.1493286395289033,0.2876141123156241,1.3812881278981737,3.9601208229480047,0.9900302057370012,0.4116007251361939,-0.4116007251361939,0.6415611624281772,35.55892894363366,0.7010909739036598,46.078141368065445,45.901047054128334,1.0,0.0,0.0,scale2_parallel_k10_ridge0p01,"2.0x parallel k=10, ridge 0.01",16.0,10.0,0.01,0.92,0.001,1e-06,inferred,0.0001,80.0,1.0,1.0
226,,113,response_tables/trial_00113_hard_negative_structure_obs-empirical_prior-axis_edge_parallel_rel2x.npz,hard_negative_structure,empirical,axis_edge_parallel,2.0,,,4,40,756,quadratic_poisson,pyramid_local_field,,0,1,source_row:3934,source_row:1425,False,4.0,-0.350561246276186,0.2079659804313553,1.3772530355937014,3.9289518139966417,0.9822379534991604,0.1001216422071081,-0.1001216422071081,0.3164200407798281,17.53777878923771,0.9496923239740016,53.81066471887107,46.24956155100019,0.8261484947773284,0.3041117997449319,0.5514633258385656,scale2_parallel_k10_ridge0p01,"2.0x parallel k=10, ridge 0.01",16.0,10.0,0.01,0.92,0.001,1e-06,inferred,0.0001,80.0,1.0,1.0
232,,116,response_tables/trial_00116_hard_negative_structure_obs-empirical_prior-axis_edge_parallel_rel2x.npz,hard_negative_structure,empirical,axis_edge_parallel,2.0,,,4,40,756,quadratic_poisson,pyramid_local_field,,0,2,source_row:3945,source_row:3951,False,3.0,-0.1059078354613802,0.290672425399364,1.29373974505555,3.4803166533453767,0.8700791633363442,0.0120581685010522,-0.0120581685010522,0.1098096921999703,6.08627091372315,0.99485217305926,56.237903980184,53.81195016360929,0.9864101024493888,0.0282704610669885,0.1681382201255518,scale2_parallel_k10_ridge0p01,"2.0x parallel k=10, ridge 0.01",16.0,10.0,0.01,0.92,0.001,1e-06,inferred,0.0001,80.0,1.0,1.0
238,,119,response_tables/trial_00119_hard_negative_structure_obs-empirical_prior-axis_edge_parallel_rel2x.npz,hard_negative_structure,empirical,axis_edge_parallel,2.0,,,4,40,756,quadratic_poisson,pyramid_local_field,,0,1,source_row:3947,source_row:3951,False,2.0,-0.1710096508616061,0.2594763670177137,1.3716094220433677,3.887643977165518,0.9719109942913796,0.0545824997721032,-0.0545824997721032,0.2336289788791263,12.949032369250656,0.9782133179769456,56.46465795399206,49.73287453858454,0.9938552013623944,0.0128205656661392,0.1132279367741867,scale2_parallel_k10_ridge0p01,"2.0x parallel k=10, ridge 0.01",16.0,10.0,0.01,0.92,0.001,1e-06,inferred,0.0001,80.0,1.0,1.0
244,,122,response_tables/trial_00122_hard_negative_structure_obs-empirical_prior-axis_edge_parallel_rel2x.npz,hard_negative_structure,empirical,axis_edge_parallel,2.0,,,4,40,756,quadratic_poisson,pyramid_local_field,,0,0,source_row:3951,source_row:3951,True,1.0,0.0351148044239835,0.2954041111801646,1.3620772898622322,3.8291638770314487,0.9572909692578622,0.030470314069186,-0.030470314069186,0.1745574807024495,9.674957613371724,0.9882813880953494,56.685813551433846,51.69306193264443,1.0,0.0,0.0,scale2_parallel_k10_ridge0p01,"2.0x parallel k=10, ridge 0.01",16.0,10.0,0.01,0.92,0.001,1e-06,inferred,0.0001,80.0,1.0,1.0
250,,125,response_tables/trial_00125_hard_negative_structure_obs-empirical_prior-axis_edge_parallel_rel2x.npz,hard_negative_structure,empirical,axis_edge_parallel,2.0,,,4,40,756,quadratic_poisson,pyramid_local_field,,0,1,source_row:4014,source_row:11226,False,3.0,-0.0973468583478052,0.2722936855046733,1.3528418800054895,3.7738809671861686,0.9434702417965422,0.1229693294270464,-0.1229693294270464,0.3506698296504084,19.436094772352973,0.8749561136330978,39.58931531895425,37.84862049331352,0.7636491121957238,0.2575728637093578,0.5075163679226098,scale2_parallel_k10_ridge0p01,"2.0x parallel k=10, ridge 0.01",16.0,10.0,0.01,0.92,0.001,1e-06,inferred,0.0001,80.0,1.0,1.0
256,,128,response_tables/trial_00128_hard_negative_structure_obs-empirical_prior-axis_edge_parallel_rel2x.npz,hard_negative_structure,empirical,axis_edge_parallel,2.0,,,4,40,756,quadratic_poisson,pyramid_local_field,,0,2,source_row:4051,source_row:6354,False,4.0,-0.7039312661657391,0.1688431078399769,1.3544963398106302,3.76102607957427,0.9402565198935676,0.3327888739398808,-0.3327888739398808,0.57687856082531,31.973855268692795,0.8021498592541573,53.19780029507803,46.31581260862711,0.5719826797542975,0.7935822644601283,0.890832343631577,scale2_parallel_k10_ridge0p01,"2.0x parallel k=10, ridge 0.01",16.0,10.0,0.01,0.92,0.001,1e-06,inferred,0.0001,80.0,1.0,1.0
262,,131,response_tables/trial_00131_hard_negative_structure_obs-empirical_prior-axis_edge_parallel_rel2x.npz,hard_negative_structure,empirical,axis_edge_parallel,2.0,,,4,40,756,quadratic_poisson,pyramid_local_field,,0,0,source_row:4079,source_row:4079,True,1.0,0.0461749858116604,0.3526785470695178,1.3120795118892892,3.494688219499729,0.8736720548749324,0.0309877311043702,-0.0309877311043702,0.1760333238462827,9.756757143263606,0.9333327536387244,26.49540649898128,22.55815436545649,1.0,0.0,0.0,scale2_parallel_k10_ridge0p01,"2.0x parallel k=10, ridge 0.01",16.0,10.0,0.01,0.92,0.001,1e-06,inferred,0.0001,80.0,1.0,1.0
268,,134,response_tables/trial_00134_hard_negative_structure_obs-empirical_prior-axis_edge_parallel_rel2x.npz,hard_negative_structure,empirical,axis_edge_parallel,2.0,,,4,40,756,quadratic_poisson,pyramid_local_field,,0,0,source_row:4176,source_row:4176,True,1.0,0.0247366745677481,0.3980989380978909,1.1606281463117192,2.923010501970742,0.7307526254926855,0.1077436220417951,-0.1077436220417951,0.3282432360945084,18.19308678900848,0.837885761127929,32.34836100854743,31.48729960774709,1.0,0.0,0.0,scale2_parallel_k10_ridge0p01,"2.0x parallel k=10, ridge 0.01",16.0,10.0,0.01,0.92,0.001,1e-06,inferred,0.0001,80.0,1.0,1.0
274,,137,response_tables/trial_00137_hard_negative_structure_obs-empirical_prior-axis_edge_parallel_rel2x.npz,hard_negative_structure,empirical,axis_edge_parallel,2.0,,,4,40,756,quadratic_poisson,pyramid_local_field,,0,0,source_row:4203,source_row:4203,True,1.0,0.3607841730399741,0.4223696670015323,1.2697910485116792,3.2532580532932776,0.8133145133233194,0.1232151684725441,-0.1232151684725441,0.3510201824290794,19.45551329437637,0.9262885759350598,50.54451790858384,42.84771000392046,1.0,0.0,0.0,scale2_parallel_k10_ridge0p01,"2.0x parallel k=10, ridge 0.01",16.0,10.0,0.01,0.92,0.001,1e-06,inferred,0.0001,80.0,1.0,1.0
280,,140,response_tables/trial_00140_hard_negative_structure_obs-empirical_prior-axis_edge_parallel_rel2x.npz,hard_negative_structure,empirical,axis_edge_parallel,2.0,,,4,40,756,quadratic_poisson,pyramid_local_field,,0,0,source_row:4207,source_row:4207,True,1.0,0.1122386451261832,0.2730589086658813,1.384894492942438,3.988615198595901,0.9971537996489752,0.5246736741931745,-0.5246736741931745,0.724343616105764,40.14719824746718,0.6980343640703954,53.23934577302536,49.75059302802892,1.0,0.0,0.0,scale2_parallel_k10_ridge0p01,"2.0x parallel k=10, ridge 0.01",16.0,10.0,0.01,0.92,0.001,1e-06,inferred,0.0001,80.0,1.0,1.0
286,,143,response_tables/trial_00143_hard_negative_structure_obs-empirical_prior-axis_edge_parallel_rel2x.npz,hard_negative_structure,empirical,axis_edge_parallel,2.0,,,4,40,756,quadratic_poisson,pyramid_local_field,,0,2,source_row:4292,source_row:966,False,3.0,-1.2895711220324984,0.1693607154035301,1.042625287855876,2.284501123022122,0.5711252807555305,0.3762323150833445,-0.3762323150833445,0.613377791482007,33.99684797059919,0.7018614550235195,47.47308015606129,36.82424852176551,0.509075063768264,0.6615148394130445,0.8133356253189974,scale2_parallel_k10_ridge0p01,"2.0x parallel k=10, ridge 0.01",16.0,10.0,0.01,0.92,0.001,1e-06,inferred,0.0001,80.0,1.0,1.0
292,,146,response_tables/trial_00146_hard_negative_structure_obs-empirical_prior-axis_edge_parallel_rel2x.npz,hard_negative_structure,empirical,axis_edge_parallel,2.0,,,4,40,756,quadratic_poisson,pyramid_local_field,,0,3,source_row:4361,source_row:9142,False,3.0,-0.52367240020601,0.2488880577996623,1.1768325179048953,3.0302481684372937,0.7575620421093234,0.2238471950381016,-0.2238471950381016,0.4731249254035362,26.223245092037107,0.879794857779729,54.98491030271811,46.25375640076116,0.5745703301942172,0.800990706150237,0.8949808412196526,scale2_parallel_k10_ridge0p01,"2.0x parallel k=10, ridge 0.01",16.0,10.0,0.01,0.92,0.001,1e-06,inferred,0.0001,80.0,1.0,1.0
298,,149,response_tables/trial_00149_hard_negative_structure_obs-empirical_prior-axis_edge_parallel_rel2x.npz,hard_negative_structure,empirical,axis_edge_parallel,2.0,,,4,40,756,quadratic_poisson,pyramid_local_field,,0,0,source_row:4406,source_row:4406,True,1.0,0.3258661785927188,0.5710253277602418,0.7542707131475496,2.015005197612481,0.5037512994031204,0.1226537835193611,-0.1226537835193611,0.3502196218365858,19.41114172251281,0.8510969834042377,35.4811880507095,35.65621221830955,1.0,0.0,0.0,scale2_parallel_k10_ridge0p01,"2.0x parallel k=10, ridge 0.01",16.0,10.0,0.01,0.92,0.001,1e-06,inferred,0.0001,80.0,1.0,1.0
304,,152,response_tables/trial_00152_hard_negative_structure_obs-empirical_prior-axis_edge_parallel_rel2x.npz,hard_negative_structure,empirical,axis_edge_parallel,2.0,,,4,40,756,quadratic_poisson,pyramid_local_field,,0,0,source_row:4460,source_row:4460,True,1.0,0.3099334590425542,0.3338859267757512,1.3631865661486735,3.820421307068656,0.955105326767164,0.0728415245126224,-0.0728415245126224,0.2698916903363689,14.958915846503588,0.9070771234685236,35.469530370093786,31.26690862263598,1.0,0.0,0.0,scale2_parallel_k10_ridge0p01,"2.0x parallel k=10, ridge 0.01",16.0,10.0,0.01,0.92,0.001,1e-06,inferred,0.0001,80.0,1.0,1.0
310,,155,response_tables/trial_00155_hard_negative_structure_obs-empirical_prior-axis_edge_parallel_rel2x.npz,hard_negative_structure,empirical,axis_edge_parallel,2.0,,,4,40,756,quadratic_poisson,pyramid_local_field,,0,1,source_row:4953,source_row:5896,False,3.0,-0.0900866121721719,0.2713243677603905,1.3612532839819476,3.8250205204318535,0.9562551301079634,0.2158641234882401,-0.2158641234882401,0.4646117986967616,25.75139971644015,0.8588799212268576,50.2721343438453,43.58168990613561,0.6962361968240218,0.5339174515283521,0.7306965522899038,scale2_parallel_k10_ridge0p01,"2.0x parallel k=10, ridge 0.01",16.0,10.0,0.01,0.92,0.001,1e-06,inferred,0.0001,80.0,1.0,1.0
316,,158,response_tables/trial_00158_hard_negative_structure_obs-empirical_prior-axis_edge_parallel_rel2x.npz,hard_negative_structure,empirical,axis_edge_parallel,2.0,,,4,40,756,quadratic_poisson,pyramid_local_field,,0,3,source_row:5125,source_row:420,False,3.0,-1.426019648086367,0.1098521309022501,1.0452935203373417,2.553199179657604,0.6382997949144009,0.4085103883769301,-0.4085103883769301,0.6391481740386419,35.4251875519937,0.669543113367828,45.71830406415044,40.69876914421037,0.550753846104047,0.6878716946775136,0.8293803076258284,scale2_parallel_k10_ridge0p01,"2.0x parallel k=10, ridge 0.01",16.0,10.0,0.01,0.92,0.001,1e-06,inferred,0.0001,80.0,1.0,1.0
322,,161,response_tables/trial_00161_hard_negative_structure_obs-empirical_prior-axis_edge_parallel_rel2x.npz,hard_negative_structure,empirical,axis_edge_parallel,2.0,,,4,40,756,quadratic_poisson,pyramid_local_field,,0,0,source_row:5164,source_row:5164,True,1.0,0.5195184796671128,0.4715141547779181,1.2241857338830175,3.0041719331514773,0.7510429832878693,0.1377598283550996,-0.1377598283550996,0.3711601114816887,20.571781466534837,0.871733162815585,41.97970635095318,36.272686632539575,1.0000000000000002,0.0,0.0,scale2_parallel_k10_ridge0p01,"2.0x parallel k=10, ridge 0.01",16.0,10.0,0.01,0.92,0.001,1e-06,inferred,0.0001,80.0,1.0,1.0
328,,164,response_tables/trial_00164_hard_negative_structure_obs-empirical_prior-axis_edge_parallel_rel2x.npz,hard_negative_structure,empirical,axis_edge_parallel,2.0,,,4,40,756,quadratic_poisson,pyramid_local_field,,0,0,source_row:5444,source_row:5444,True,1.0,1.5208563520701546,0.6831404504965037,0.9583010721424144,1.987095274360539,0.4967738185901347,0.0528291445436871,-0.0528291445436871,0.2298459147857257,12.739353674272756,0.9739546437217343,50.42434947645147,43.49237168776109,1.0000000000000002,0.0,0.0,scale2_parallel_k10_ridge0p01,"2.0x parallel k=10, ridge 0.01",16.0,10.0,0.01,0.92,0.001,1e-06,inferred,0.0001,80.0,1.0,1.0
334,,167,response_tables/trial_00167_hard_negative_structure_obs-empirical_prior-axis_edge_parallel_rel2x.npz,hard_negative_structure,empirical,axis_edge_parallel,2.0,,,4,40,756,quadratic_poisson,pyramid_local_field,,0,0,source_row:5575,source_row:5575,True,1.0,0.2288300824599218,0.3167259020383229,1.3725520009425467,3.8900600531000737,0.9725150132750184,0.1751378294570781,-0.1751378294570781,0.4184947185533864,23.195331687478497,0.8213019092100752,39.328178999835146,38.18483717407024,1.0,0.0,0.0,scale2_parallel_k10_ridge0p01,"2.0x parallel k=10, ridge 0.01",16.0,10.0,0.01,0.92,0.001,1e-06,inferred,0.0001,80.0,1.0,1.0
340,,170,response_tables/trial_00170_hard_negative_structure_obs-empirical_prior-axis_edge_parallel_rel2x.npz,hard_negative_structure,empirical,axis_edge_parallel,2.0,,,4,40,756,quadratic_poisson,pyramid_local_field,,0,1,source_row:5599,source_row:6806,False,2.0,-0.2239751833310492,0.2943064828382812,1.2817652106803594,3.3998626949999418,0.8499656737499854,0.2417306430122859,-0.2417306430122859,0.4916611058567537,27.25062449438072,0.7841190791886464,43.75377693629167,36.60036583760574,0.4821891045442966,0.6951227056313324,0.8337401907257035,scale2_parallel_k10_ridge0p01,"2.0x parallel k=10, ridge 0.01",16.0,10.0,0.01,0.92,0.001,1e-06,inferred,0.0001,80.0,1.0,1.0
346,,173,response_tables/trial_00173_hard_negative_structure_obs-empirical_prior-axis_edge_parallel_rel2x.npz,hard_negative_structure,empirical,axis_edge_parallel,2.0,,,4,40,756,quadratic_poisson,pyramid_local_field,,0,2,source_row:5781,source_row:1918,False,3.0,-0.4734802683086627,0.2450127829929078,1.209060485035941,3.137123753986361,0.7842809384965903,0.3260752904617719,-0.3260752904617719,0.5710300258846044,31.649696559344186,0.7910760420158531,51.18858505928172,35.889585917524734,0.5472795603488027,0.642953068106583,0.8018435434089265,scale2_parallel_k10_ridge0p01,"2.0x parallel k=10, ridge 0.01",16.0,10.0,0.01,0.92,0.001,1e-06,inferred,0.0001,80.0,1.0,1.0
352,,176,response_tables/trial_00176_hard_negative_structure_obs-empirical_prior-axis_edge_parallel_rel2x.npz,hard_negative_structure,empirical,axis_edge_parallel,2.0,,,4,40,756,quadratic_poisson,pyramid_local_field,,0,3,source_row:5865,source_row:5896,False,2.0,-0.1994954592856288,0.2398799519611221,1.381497245172035,3.960690845692965,0.9901727114232411,0.1981854808767312,-0.1981854808767312,0.4451802790743669,24.67439558030385,0.8994662190495938,55.22262451902165,44.5245872734566,0.8860657018596735,0.2197772372174966,0.4688040499158435,scale2_parallel_k10_ridge0p01,"2.0x parallel k=10, ridge 0.01",16.0,10.0,0.01,0.92,0.001,1e-06,inferred,0.0001,80.0,1.0,1.0
358,,179,response_tables/trial_00179_hard_negative_structure_obs-empirical_prior-axis_edge_parallel_rel2x.npz,hard_negative_structure,empirical,axis_edge_parallel,2.0,,,4,40,756,quadratic_poisson,pyramid_local_field,,0,0,source_row:5896,source_row:5896,True,1.0,0.0934293442999205,0.2945912712198849,1.367093083645941,3.8621886024090935,0.9655471506022734,0.0273494726843234,-0.0273494726843234,0.1653767598071853,9.166110412069106,0.9876333440943188,53.385960602750224,48.98917753996292,1.0,0.0,0.0,scale2_parallel_k10_ridge0p01,"2.0x parallel k=10, ridge 0.01",16.0,10.0,0.01,0.92,0.001,1e-06,inferred,0.0001,80.0,1.0,1.0
364,,182,response_tables/trial_00182_hard_negative_structure_obs-empirical_prior-axis_edge_parallel_rel2x.npz,hard_negative_structure,empirical,axis_edge_parallel,2.0,,,4,40,756,quadratic_poisson,pyramid_local_field,,0,1,source_row:5919,source_row:5896,False,2.0,-0.090862898368357,0.2831335776173295,1.3503355084347066,3.756399146208635,0.9390997865521588,0.0838826286560573,-0.0838826286560573,0.2896249793371721,16.05264573929819,0.9608554496318265,52.5133899322861,43.674078623149605,0.9683263395871732,0.0580580029453112,0.2409522835445044,scale2_parallel_k10_ridge0p01,"2.0x parallel k=10, ridge 0.01",16.0,10.0,0.01,0.92,0.001,1e-06,inferred,0.0001,80.0,1.0,1.0
370,,185,response_tables/trial_00185_hard_negative_structure_obs-empirical_prior-axis_edge_parallel_rel2x.npz,hard_negative_structure,empirical,axis_edge_parallel,2.0,,,4,40,756,quadratic_poisson,pyramid_local_field,,0,2,source_row:6124,source_row:8857,False,3.0,-0.436170127641958,0.2361118599493573,1.3338438006287403,3.6285388097072895,0.9071347024268226,0.2195300506661426,-0.2195300506661426,0.4685403404896345,25.969141603957382,0.8546694270192321,49.98785091712355,41.78857404225435,0.7464447984270883,0.3803532861989534,0.6167278866720342,scale2_parallel_k10_ridge0p01,"2.0x parallel k=10, ridge 0.01",16.0,10.0,0.01,0.92,0.001,1e-06,inferred,0.0001,80.0,1.0,1.0
376,,188,response_tables/trial_00188_hard_negative_structure_obs-empirical_prior-axis_edge_parallel_rel2x.npz,hard_negative_structure,empirical,axis_edge_parallel,2.0,,,4,40,756,quadratic_poisson,pyramid_local_field,,0,0,source_row:6142,source_row:6142,True,1.0,0.0843330967437623,0.5181796964258215,0.7227706083360573,2.01866888734901,0.5046672218372525,0.0535518250096473,-0.0535518250096473,0.2314126725346892,12.82619220305218,0.9533828109690532,42.49409966500136,40.23466240081039,1.0,0.0,0.0,scale2_parallel_k10_ridge0p01,"2.0x parallel k=10, ridge 0.01",16.0,10.0,0.01,0.92,0.001,1e-06,inferred,0.0001,80.0,1.0,1.0
382,,191,response_tables/trial_00191_hard_negative_structure_obs-empirical_prior-axis_edge_parallel_rel2x.npz,hard_negative_structure,empirical,axis_edge_parallel,2.0,,,4,40,756,quadratic_poisson,pyramid_local_field,,0,0,source_row:6354,source_row:6354,True,1.0,0.4973562914880176,0.426295296837105,1.2947723586057591,3.349906768455856,0.8374766921139639,0.1782455005314854,-0.1782455005314854,0.422191307977184,23.400217469774148,0.8995821615037977,53.53136636901362,47.18115055104864,1.0000000000000002,0.0,0.0,scale2_parallel_k10_ridge0p01,"2.0x parallel k=10, ridge 0.01",16.0,10.0,0.01,0.92,0.001,1e-06,inferred,0.0001,80.0,1.0,1.0
388,,194,response_tables/trial_00194_hard_negative_structure_obs-empirical_prior-axis_edge_parallel_rel2x.npz,hard_negative_structure,empirical,axis_edge_parallel,2.0,,,4,40,756,quadratic_poisson,pyramid_local_field,,0,0,source_row:6409,source_row:6409,True,1.0,0.831821604933225,0.4367232163722683,1.3038856105594752,3.372590442629046,0.8431476106572615,0.2675348794098546,-0.2675348794098546,0.5172377397385604,28.66822543421677,0.7982972864566585,45.11840875449142,45.15495409042357,1.0,0.0,0.0,scale2_parallel_k10_ridge0p01,"2.0x parallel k=10, ridge 0.01",16.0,10.0,0.01,0.92,0.001,1e-06,inferred,0.0001,80.0,1.0,1.0
394,,197,response_tables/trial_00197_hard_negative_structure_obs-empirical_prior-axis_edge_parallel_rel2x.npz,hard_negative_structure,empirical,axis_edge_parallel,2.0,,,4,40,756,quadratic_poisson,pyramid_local_field,,0,3,source_row:6479,source_row:3951,False,4.0,-0.9841762490993916,0.1124167737228935,1.3265822778791256,3.6326906470117626,0.9081726617529406,0.5077722164526594,-0.5077722164526594,0.7125813753198011,39.49526869059849,0.6645551124189033,37.82671939139412,52.72292778157007,0.6199333306389717,0.6463452142510969,0.8039559778066813,scale2_parallel_k10_ridge0p01,"2.0x parallel k=10, ridge 0.01",16.0,10.0,0.01,0.92,0.001,1e-06,inferred,0.0001,80.0,1.0,1.0
400,,200,response_tables/trial_00200_hard_negative_structure_obs-empirical_prior-axis_edge_parallel_rel2x.npz,hard_negative_structure,empirical,axis_edge_parallel,2.0,,,4,40,756,quadratic_poisson,pyramid_local_field,,0,1,source_row:6778,source_row:6782,False,2.0,-0.0738413902377033,0.4417551956614322,0.958041681156912,2.3460082517418885,0.5865020629354721,0.0093251509100858,-0.0093251509100858,0.0965668209587839,5.35227648723267,0.9938372020279068,46.7674582911741,45.14828170222673,0.9866672570868066,0.0188690625054656,0.1373647061856343,scale2_parallel_k10_ridge0p01,"2.0x parallel k=10, ridge 0.01",16.0,10.0,0.01,0.92,0.001,1e-06,inferred,0.0001,80.0,1.0,1.0
406,,203,response_tables/trial_00203_hard_negative_structure_obs-empirical_prior-axis_edge_parallel_rel2x.npz,hard_negative_structure,empirical,axis_edge_parallel,2.0,,,4,40,756,quadratic_poisson,pyramid_local_field,,0,0,source_row:6782,source_row:6782,True,1.0,0.0220598030709879,0.482535712200614,0.8738652622421292,2.188914876156601,0.5472287190391504,0.0055111737527397,-0.0055111737527397,0.0742372800736918,4.114647708907355,0.9960952497735855,46.32263428538573,45.688410070622496,1.0,0.0,0.0,scale2_parallel_k10_ridge0p01,"2.0x parallel k=10, ridge 0.01",16.0,10.0,0.01,0.92,0.001,1e-06,inferred,0.0001,80.0,1.0,1.0
412,,206,response_tables/trial_00206_hard_negative_structure_obs-empirical_prior-axis_edge_parallel_rel2x.npz,hard_negative_structure,empirical,axis_edge_parallel,2.0,,,4,40,756,quadratic_poisson,pyramid_local_field,,0,0,source_row:6806,source_row:6806,True,1.0,1.4342980473488751,0.7657795115736709,0.7036804577026076,1.6101404527647862,0.4025351131911965,0.022259220956052,-0.022259220956052,0.1491952444150014,8.269239794382056,0.9889244618004986,46.90713636337373,41.92536496593355,1.0,0.0,0.0,scale2_parallel_k10_ridge0p01,"2.0x parallel k=10, ridge 0.01",16.0,10.0,0.01,0.92,0.001,1e-06,inferred,0.0001,80.0,1.0,1.0
418,,209,response_tables/trial_00209_hard_negative_structure_obs-empirical_prior-axis_edge_parallel_rel2x.npz,hard_negative_structure,empirical,axis_edge_parallel,2.0,,,4,40,756,quadratic_poisson,pyramid_local_field,,0,0,source_row:6823,source_row:6823,True,1.0,0.6060674939860178,0.4610184222070585,1.1772475354991505,2.9505994785629204,0.7376498696407301,0.2004199496621125,-0.2004199496621125,0.4476828672867798,24.813103098202163,0.904968821363786,56.29887007784957,44.47573231120359,1.0,0.0,0.0,scale2_parallel_k10_ridge0p01,"2.0x parallel k=10, ridge 0.01",16.0,10.0,0.01,0.92,0.001,1e-06,inferred,0.0001,80.0,1.0,1.0
424,,212,response_tables/trial_00212_hard_negative_structure_obs-empirical_prior-axis_edge_parallel_rel2x.npz,hard_negative_structure,empirical,axis_edge_parallel,2.0,,,4,40,756,quadratic_poisson,pyramid_local_field,,0,0,source_row:6852,source_row:6852,True,1.0,0.1914440764421101,0.3152489434714911,1.3712750074621076,3.8817867848248206,0.9704466962062052,0.0568130868054383,-0.0568130868054383,0.2383549596829031,13.210972813018223,0.9657253075407254,50.00589240199314,45.8315646815712,0.9999999999999998,0.0,0.0,scale2_parallel_k10_ridge0p01,"2.0x parallel k=10, ridge 0.01",16.0,10.0,0.01,0.92,0.001,1e-06,inferred,0.0001,80.0,1.0,1.0
430,,215,response_tables/trial_00215_hard_negative_structure_obs-empirical_prior-axis_edge_parallel_rel2x.npz,hard_negative_structure,empirical,axis_edge_parallel,2.0,,,4,40,756,quadratic_poisson,pyramid_local_field,,0,1,source_row:7084,source_row:6142,False,3.0,-0.3366384639149373,0.2716343669753391,1.0890241710003474,2.9449328287652605,0.7362332071913151,0.166426034387098,-0.166426034387098,0.4079534708604623,22.61107643694049,0.857173218255511,42.39652710733535,42.21277112955903,0.801296432922448,0.2330661154973285,0.4827692155650861,scale2_parallel_k10_ridge0p01,"2.0x parallel k=10, ridge 0.01",16.0,10.0,0.01,0.92,0.001,1e-06,inferred,0.0001,80.0,1.0,1.0
436,,218,response_tables/trial_00218_hard_negative_structure_obs-empirical_prior-axis_edge_parallel_rel2x.npz,hard_negative_structure,empirical,axis_edge_parallel,2.0,,,4,40,756,quadratic_poisson,pyramid_local_field,,0,2,source_row:7349,source_row:6852,False,4.0,-0.3142171371378026,0.2151219547927,1.3775463489043744,3.93086972616168,0.98271743154042,0.2242985820494596,-0.2242985820494596,0.4736017124646611,26.249671313293423,0.8497179499622263,49.56536745495736,44.59168001702741,0.707666572872855,0.4717858701103704,0.6868667047618267,scale2_parallel_k10_ridge0p01,"2.0x parallel k=10, ridge 0.01",16.0,10.0,0.01,0.92,0.001,1e-06,inferred,0.0001,80.0,1.0,1.0
442,,221,response_tables/trial_00221_hard_negative_structure_obs-empirical_prior-axis_edge_parallel_rel2x.npz,hard_negative_structure,empirical,axis_edge_parallel,2.0,,,4,40,756,quadratic_poisson,pyramid_local_field,,0,0,source_row:7434,source_row:7434,True,1.0,4.470534091991794,0.98789232238945,0.0689426585189623,1.0245278570087315,0.2561319642521829,9.065498019097144e-05,-9.065498019097144e-05,0.0095212908888958,0.5277235063427289,0.9999527077947292,48.44183105769678,48.20174919988917,1.0,0.0,0.0,scale2_parallel_k10_ridge0p01,"2.0x parallel k=10, ridge 0.01",16.0,10.0,0.01,0.92,0.001,1e-06,inferred,0.0001,80.0,1.0,1.0
448,,224,response_tables/trial_00224_hard_negative_structure_obs-empirical_prior-axis_edge_parallel_rel2x.npz,hard_negative_structure,empirical,axis_edge_parallel,2.0,,,4,40,756,quadratic_poisson,pyramid_local_field,,0,0,source_row:7530,source_row:7530,True,1.0,0.3291522966650291,0.356703559722508,1.334571370654173,3.642236356809333,0.9105590892023332,0.2785380991299785,-0.2785380991299785,0.5277670879564001,29.25182114890104,0.8256483797149113,51.470421718077006,46.0199226082248,0.9999999999999998,0.0,0.0,scale2_parallel_k10_ridge0p01,"2.0x parallel k=10, ridge 0.01",16.0,10.0,0.01,0.92,0.001,1e-06,inferred,0.0001,80.0,1.0,1.0
454,,227,response_tables/trial_00227_hard_negative_structure_obs-empirical_prior-axis_edge_parallel_rel2x.npz,hard_negative_structure,empirical,axis_edge_parallel,2.0,,,4,40,756,quadratic_poisson,pyramid_local_field,,0,2,source_row:7543,source_row:7546,False,2.0,-0.0041197906022603,0.2568298712575804,1.38502953449942,3.990105400871441,0.9975263502178604,0.0441287988029351,-0.0441287988029351,0.2100685573876661,11.643181262980358,0.9626701472528468,43.0002606737845,41.09035989102676,0.99933444236004,0.0008022663462755,0.0283243066336233,scale2_parallel_k10_ridge0p01,"2.0x parallel k=10, ridge 0.01",16.0,10.0,0.01,0.92,0.001,1e-06,inferred,0.0001,80.0,1.0,1.0
460,,230,response_tables/trial_00230_hard_negative_structure_obs-empirical_prior-axis_edge_parallel_rel2x.npz,hard_negative_structure,empirical,axis_edge_parallel,2.0,,,4,40,756,quadratic_poisson,pyramid_local_field,,0,3,source_row:7545,source_row:2460,False,2.0,-0.471214522054197,0.2187218164979605,1.361296437232088,3.7955976117633496,0.9488994029408374,0.1037298548413527,-0.1037298548413527,0.3220711952990405,17.85099756519606,0.9112097017072818,43.0002606737845,41.39240844843645,0.4976509826335532,0.8447906754156463,0.9191249509265028,scale2_parallel_k10_ridge0p01,"2.0x parallel k=10, ridge 0.01",16.0,10.0,0.01,0.92,0.001,1e-06,inferred,0.0001,80.0,1.0,1.0
466,,233,response_tables/trial_00233_hard_negative_structure_obs-empirical_prior-axis_edge_parallel_rel2x.npz,hard_negative_structure,empirical,axis_edge_parallel,2.0,,,4,40,756,quadratic_poisson,pyramid_local_field,,0,3,source_row:7546,source_row:2460,False,2.0,-0.2211727521325315,0.2616263305266837,1.367146274112974,3.84846577189167,0.9621164429729177,0.0904889133288865,-0.0904889133288865,0.3008137518945677,16.67279046069792,0.9226123031489746,43.035823124183615,41.26007021994736,0.4972147910154014,0.8458258886137209,0.9196879300141548,scale2_parallel_k10_ridge0p01,"2.0x parallel k=10, ridge 0.01",16.0,10.0,0.01,0.92,0.001,1e-06,inferred,0.0001,80.0,1.0,1.0
472,,236,response_tables/trial_00236_hard_negative_structure_obs-empirical_prior-axis_edge_parallel_rel2x.npz,hard_negative_structure,empirical,axis_edge_parallel,2.0,,,4,40,756,quadratic_poisson,pyramid_local_field,,0,0,source_row:7622,source_row:7622,True,1.0,0.6035501454819041,0.5395164285666736,1.051594549451959,2.501898474448835,0.6254746186122088,0.0979461189576771,-0.0979461189576771,0.3129634466797635,17.34619489795916,0.8882941878478694,35.29306587391779,37.527330278592366,1.0,0.0,0.0,scale2_parallel_k10_ridge0p01,"2.0x parallel k=10, ridge 0.01",16.0,10.0,0.01,0.92,0.001,1e-06,inferred,0.0001,80.0,1.0,1.0
478,,239,response_tables/trial_00239_hard_negative_structure_obs-empirical_prior-axis_edge_parallel_rel2x.npz,hard_negative_structure,empirical,axis_edge_parallel,2.0,,,4,40,756,quadratic_poisson,pyramid_local_field,,0,0,source_row:7981,source_row:7981,True,1.0,0.2867175571673783,0.3343386433457384,1.3640191756105189,3.824776171731104,0.956194042932776,0.0921433279410238,-0.0921433279410238,0.3035511949260351,16.824514953924382,0.8769578616935227,34.89101952657949,31.982093048914315,0.9999999999999998,0.0,0.0,scale2_parallel_k10_ridge0p01,"2.0x parallel k=10, ridge 0.01",16.0,10.0,0.01,0.92,0.001,1e-06,inferred,0.0001,80.0,1.0,1.0
484,,242,response_tables/trial_00242_hard_negative_structure_obs-empirical_prior-axis_edge_parallel_rel2x.npz,hard_negative_structure,empirical,axis_edge_parallel,2.0,,,4,40,756,quadratic_poisson,pyramid_local_field,,0,1,source_row:8237,source_row:420,False,4.0,-2.080580728606378,0.0820078015355313,1.0128777723143645,2.117598937606703,0.5293997344016758,0.3660323581760179,-0.3660323581760179,0.605006081106643,33.53284068367497,0.640730022541142,35.30906325037782,42.3605393764603,0.4870100332049287,0.6774183174433027,0.8230542615425199,scale2_parallel_k10_ridge0p01,"2.0x parallel k=10, ridge 0.01",16.0,10.0,0.01,0.92,0.001,1e-06,inferred,0.0001,80.0,1.0,1.0
490,,245,response_tables/trial_00245_hard_negative_structure_obs-empirical_prior-axis_edge_parallel_rel2x.npz,hard_negative_structure,empirical,axis_edge_parallel,2.0,,,4,40,756,quadratic_poisson,pyramid_local_field,,0,0,source_row:8352,source_row:8352,True,1.0,0.0089902150185707,0.2604817015870657,1.385594349255412,3.9944075487626542,0.9986018871906636,0.1879058528202265,-0.1879058528202265,0.4334810870386694,24.025960539877197,0.9299937481119944,61.062626370646,48.21677150301627,1.0,0.0,0.0,scale2_parallel_k10_ridge0p01,"2.0x parallel k=10, ridge 0.01",16.0,10.0,0.01,0.92,0.001,1e-06,inferred,0.0001,80.0,1.0,1.0
496,,248,response_tables/trial_00248_hard_negative_structure_obs-empirical_prior-axis_edge_parallel_rel2x.npz,hard_negative_structure,empirical,axis_edge_parallel,2.0,,,4,40,756,quadratic_poisson,pyramid_local_field,,0,1,source_row:8387,source_row:8352,False,2.0,-0.0253020867944542,0.2695387919961969,1.3820092270967956,3.9660302558892337,0.9915075639723084,0.1524008935525992,-0.1524008935525992,0.3903855703693455,21.637364557486777,0.9341202016290104,58.34246598581306,48.62863735715517,0.9648737654329416,0.0838791663774481,0.2896190021000835,scale2_parallel_k10_ridge0p01,"2.0x parallel k=10, ridge 0.01",16.0,10.0,0.01,0.92,0.001,1e-06,inferred,0.0001,80.0,1.0,1.0
502,,251,response_tables/trial_00251_hard_negative_structure_obs-empirical_prior-axis_edge_parallel_rel2x.npz,hard_negative_structure,empirical,axis_edge_parallel,2.0,,,4,40,756,quadratic_poisson,pyramid_local_field,,0,1,source_row:8547,source_row:1709,False,2.0,-0.0830633192592245,0.3772362593399466,1.1243367925014562,2.8684271775175163,0.7171067943793791,0.2205212311414769,-0.2205212311414769,0.4695968815286968,26.027701052275383,0.8903546968227234,56.737860667977344,47.32220559242774,0.6538130777226014,0.7018401031520928,0.8377589767660463,scale2_parallel_k10_ridge0p01,"2.0x parallel k=10, ridge 0.01",16.0,10.0,0.01,0.92,0.001,1e-06,inferred,0.0001,80.0,1.0,1.0
508,,254,response_tables/trial_00254_hard_negative_structure_obs-empirical_prior-axis_edge_parallel_rel2x.npz,hard_negative_structure,empirical,axis_edge_parallel,2.0,,,4,40,756,quadratic_poisson,pyramid_local_field,,0,1,source_row:8553,source_row:6852,False,3.0,-0.0275578690360589,0.2516741756113462,1.385544331958846,3.9940826123936986,0.9985206530984246,0.1423071167114158,-0.1423071167114158,0.3772361550957381,20.90854998648805,0.9088875147794288,50.135408319133816,45.54528362109982,0.8588136482056726,0.2304504335860075,0.4800525321108175,scale2_parallel_k10_ridge0p01,"2.0x parallel k=10, ridge 0.01",16.0,10.0,0.01,0.92,0.001,1e-06,inferred,0.0001,80.0,1.0,1.0
514,,257,response_tables/trial_00257_hard_negative_structure_obs-empirical_prior-axis_edge_parallel_rel2x.npz,hard_negative_structure,empirical,axis_edge_parallel,2.0,,,4,40,756,quadratic_poisson,pyramid_local_field,,0,2,source_row:8627,source_row:7981,False,2.0,-0.1589216286079136,0.2481605296636772,1.3809534165456303,3.957087737423808,0.989271934355952,0.1071078477295085,-0.1071078477295085,0.3272733532225142,18.139330423834565,0.8805318230087423,38.11829129344559,31.95253372532045,0.6489214053037731,0.3073810374137452,0.5544195499923729,scale2_parallel_k10_ridge0p01,"2.0x parallel k=10, ridge 0.01",16.0,10.0,0.01,0.92,0.001,1e-06,inferred,0.0001,80.0,1.0,1.0
520,,260,response_tables/trial_00260_hard_negative_structure_obs-empirical_prior-axis_edge_parallel_rel2x.npz,hard_negative_structure,empirical,axis_edge_parallel,2.0,,,4,40,756,quadratic_poisson,pyramid_local_field,,0,1,source_row:8857,source_row:3099,False,3.0,-0.1481804208924018,0.2438859397430182,1.3746253137132354,3.9121944197381504,0.9780486049345376,0.1905019358276525,-0.1905019358276525,0.4364652744808601,24.191360996491053,0.8456223954770073,45.18291135298548,36.32263214838975,0.5110126559278136,0.6273428096604744,0.792049752010866,scale2_parallel_k10_ridge0p01,"2.0x parallel k=10, ridge 0.01",16.0,10.0,0.01,0.92,0.001,1e-06,inferred,0.0001,80.0,1.0,1.0
526,,263,response_tables/trial_00263_hard_negative_structure_obs-empirical_prior-axis_edge_parallel_rel2x.npz,hard_negative_structure,empirical,axis_edge_parallel,2.0,,,4,40,756,quadratic_poisson,pyramid_local_field,,0,2,source_row:8859,source_row:8895,False,2.0,-0.129945413281689,0.258732651958135,1.3737807393387236,3.906227665259349,0.9765569163148372,0.0150897681474439,-0.0150897681474439,0.1228404174017817,6.808507013211331,0.9873162538130552,42.637858451997865,41.36871688369183,0.9475498310934544,0.0613871783919603,0.2477643606170192,scale2_parallel_k10_ridge0p01,"2.0x parallel k=10, ridge 0.01",16.0,10.0,0.01,0.92,0.001,1e-06,inferred,0.0001,80.0,1.0,1.0
532,,266,response_tables/trial_00266_hard_negative_structure_obs-empirical_prior-axis_edge_parallel_rel2x.npz,hard_negative_structure,empirical,axis_edge_parallel,2.0,,,4,40,756,quadratic_poisson,pyramid_local_field,,0,0,source_row:8878,source_row:8878,True,1.0,0.0,0.2663608479209564,1.3820383103265217,3.967362472565832,0.991840618141458,0.0143709600092096,-0.0143709600092096,0.1198789389726554,6.644365217858816,0.9879615357058308,42.637858451997865,41.324865614877375,1.0,0.0,0.0,scale2_parallel_k10_ridge0p01,"2.0x parallel k=10, ridge 0.01",16.0,10.0,0.01,0.92,0.001,1e-06,inferred,0.0001,80.0,1.0,1.0
538,,269,response_tables/trial_00269_hard_negative_structure_obs-empirical_prior-axis_edge_parallel_rel2x.npz,hard_negative_structure,empirical,axis_edge_parallel,2.0,,,4,40,756,quadratic_poisson,pyramid_local_field,,0,0,source_row:8895,source_row:8895,True,1.0,0.2371485806035025,0.3367207706712895,1.358085812019619,3.785665263142468,0.9464163157856168,0.0038722956587694,-0.0038722956587694,0.0622277724072572,3.449013230438468,0.9967349822852866,42.09716160691914,41.37469679697713,1.0000000000000002,0.0,0.0,scale2_parallel_k10_ridge0p01,"2.0x parallel k=10, ridge 0.01",16.0,10.0,0.01,0.92,0.001,1e-06,inferred,0.0001,80.0,1.0,1.0
544,,272,response_tables/trial_00272_hard_negative_structure_obs-empirical_prior-axis_edge_parallel_rel2x.npz,hard_negative_structure,empirical,axis_edge_parallel,2.0,,,4,40,756,quadratic_poisson,pyramid_local_field,,0,1,source_row:8897,source_row:8895,False,3.0,-0.1275531951245057,0.2496320962174796,1.377867633694943,3.935943282310627,0.9839858205776568,0.0094139877190904,-0.0094139877190904,0.0970257064859127,5.377710504763713,0.9919714567838704,42.25781171839086,41.31740201320752,0.998002301168092,0.0023220562899027,0.0481877192851329,scale2_parallel_k10_ridge0p01,"2.0x parallel k=10, ridge 0.01",16.0,10.0,0.01,0.92,0.001,1e-06,inferred,0.0001,80.0,1.0,1.0
550,,275,response_tables/trial_00275_hard_negative_structure_obs-empirical_prior-axis_edge_parallel_rel2x.npz,hard_negative_structure,empirical,axis_edge_parallel,2.0,,,4,40,756,quadratic_poisson,pyramid_local_field,,0,2,source_row:8908,source_row:8895,False,4.0,-0.2577176401566134,0.217582710541855,1.381788845922359,3.9644180303219314,0.9911045075804829,0.0136915023691282,-0.0136915023691282,0.1170106933964935,6.485390911730911,0.9876756011726844,40.21028603467558,41.28062151714843,0.9865940959338284,0.0159328418892517,0.1262253615136505,scale2_parallel_k10_ridge0p01,"2.0x parallel k=10, ridge 0.01",16.0,10.0,0.01,0.92,0.001,1e-06,inferred,0.0001,80.0,1.0,1.0
556,,278,response_tables/trial_00278_hard_negative_structure_obs-empirical_prior-axis_edge_parallel_rel2x.npz,hard_negative_structure,empirical,axis_edge_parallel,2.0,,,4,40,756,quadratic_poisson,pyramid_local_field,,0,0,source_row:8933,source_row:8933,True,1.0,1.0126804898160344,0.6989791089934126,0.752711436943185,1.801748405367064,0.450437101341766,0.030774860473563,-0.030774860473563,0.1754276502537813,9.723187305343115,0.9757472336289248,42.573157498399645,38.76729284237511,1.0000000000000002,0.0,0.0,scale2_parallel_k10_ridge0p01,"2.0x parallel k=10, ridge 0.01",16.0,10.0,0.01,0.92,0.001,1e-06,inferred,0.0001,80.0,1.0,1.0
562,,281,response_tables/trial_00281_hard_negative_structure_obs-empirical_prior-axis_edge_parallel_rel2x.npz,hard_negative_structure,empirical,axis_edge_parallel,2.0,,,4,40,756,quadratic_poisson,pyramid_local_field,,0,0,source_row:8991,source_row:8991,True,1.0,1.0300790738964452,0.6769066320662694,0.8319401338506548,1.914310117929812,0.4785775294824529,0.0530424908167732,-0.0530424908167732,0.2303095543323663,12.76505118631051,0.978063814311116,50.71401013855102,42.43576546788783,0.9999999999999998,0.0,0.0,scale2_parallel_k10_ridge0p01,"2.0x parallel k=10, ridge 0.01",16.0,10.0,0.01,0.92,0.001,1e-06,inferred,0.0001,80.0,1.0,1.0
568,,284,response_tables/trial_00284_hard_negative_structure_obs-empirical_prior-axis_edge_parallel_rel2x.npz,hard_negative_structure,empirical,axis_edge_parallel,2.0,,,4,40,756,quadratic_poisson,pyramid_local_field,,0,0,source_row:9005,source_row:9005,True,1.0,2.188685556832411,0.789419113405779,0.7330396422516442,1.5634644445515224,0.3908661111378806,0.0171065957189761,-0.0171065957189761,0.1307921852366424,7.249238722010388,0.9835731859839104,40.15353191363851,39.36579139283149,1.0,0.0,0.0,scale2_parallel_k10_ridge0p01,"2.0x parallel k=10, ridge 0.01",16.0,10.0,0.01,0.92,0.001,1e-06,inferred,0.0001,80.0,1.0,1.0
574,,287,response_tables/trial_00287_hard_negative_structure_obs-empirical_prior-axis_edge_parallel_rel2x.npz,hard_negative_structure,empirical,axis_edge_parallel,2.0,,,4,40,756,quadratic_poisson,pyramid_local_field,,0,0,source_row:9142,source_row:9142,True,1.0,2.161985644981087,0.7610987385355946,0.8098021426445163,1.6703574235979737,0.4175893558994933,0.0304806381172462,-0.0304806381172462,0.1745870502564443,9.676596524407762,0.9863638044455992,52.45897851148661,47.37372593217968,1.0,0.0,0.0,scale2_parallel_k10_ridge0p01,"2.0x parallel k=10, ridge 0.01",16.0,10.0,0.01,0.92,0.001,1e-06,inferred,0.0001,80.0,1.0,1.0
580,,290,response_tables/trial_00290_hard_negative_structure_obs-empirical_prior-axis_edge_parallel_rel2x.npz,hard_negative_structure,empirical,axis_edge_parallel,2.0,,,4,40,756,quadratic_poisson,pyramid_local_field,,0,3,source_row:9421,source_row:2518,False,2.0,-0.1408090466834437,0.3436917822436967,1.2597009252586049,3.225546329890012,0.8063865824725029,0.1222396882293028,-0.1222396882293028,0.349627928274191,19.378346736510277,0.8557222662494742,35.00826643521655,36.84100093863756,0.6361963203398653,0.4253243005682208,0.6521689202715971,scale2_parallel_k10_ridge0p01,"2.0x parallel k=10, ridge 0.01",16.0,10.0,0.01,0.92,0.001,1e-06,inferred,0.0001,80.0,1.0,1.0
586,,293,response_tables/trial_00293_hard_negative_structure_obs-empirical_prior-axis_edge_parallel_rel2x.npz,hard_negative_structure,empirical,axis_edge_parallel,2.0,,,4,40,756,quadratic_poisson,pyramid_local_field,,0,0,source_row:9427,source_row:9427,True,1.0,0.0093769805320107,0.2788318880378776,1.377587473894777,3.9338980890884647,0.9834745222721162,0.2721045674337937,-0.2721045674337937,0.5216364322339783,28.912025718662715,0.8703841686162267,57.30745247152712,43.57667617614511,1.0,0.0,0.0,scale2_parallel_k10_ridge0p01,"2.0x parallel k=10, ridge 0.01",16.0,10.0,0.01,0.92,0.001,1e-06,inferred,0.0001,80.0,1.0,1.0
592,,296,response_tables/trial_00296_hard_negative_structure_obs-empirical_prior-axis_edge_parallel_rel2x.npz,hard_negative_structure,empirical,axis_edge_parallel,2.0,,,4,40,756,quadratic_poisson,pyramid_local_field,,0,2,source_row:9762,source_row:10818,False,2.0,-0.2259473586166223,0.3359471266033498,1.1765478012017765,2.991568133677502,0.7478920334193755,0.2030013172372765,-0.2030013172372765,0.4505566748337844,24.97238568004494,0.8326068465551757,44.95094803207424,39.36882556895781,0.5559198520035846,0.631190557912248,0.7944750203198638,scale2_parallel_k10_ridge0p01,"2.0x parallel k=10, ridge 0.01",16.0,10.0,0.01,0.92,0.001,1e-06,inferred,0.0001,80.0,1.0,1.0
598,,299,response_tables/trial_00299_hard_negative_structure_obs-empirical_prior-axis_edge_parallel_rel2x.npz,hard_negative_structure,empirical,axis_edge_parallel,2.0,,,4,40,756,quadratic_poisson,pyramid_local_field,,0,3,source_row:9778,source_row:10803,False,2.0,-0.2303691464077246,0.2978381858945493,1.3106904195486666,3.4947535857580188,0.8736883964395047,0.1829524941625614,-0.1829524941625614,0.4277294637531548,23.70717321966895,0.8498027381818094,44.59023403863701,40.99341695015856,0.5780614975825661,0.6837042938929517,0.8268641326680893,scale2_parallel_k10_ridge0p01,"2.0x parallel k=10, ridge 0.01",16.0,10.0,0.01,0.92,0.001,1e-06,inferred,0.0001,80.0,1.0,1.0
604,,302,response_tables/trial_00302_hard_negative_structure_obs-empirical_prior-axis_edge_parallel_rel2x.npz,hard_negative_structure,empirical,axis_edge_parallel,2.0,,,4,40,756,quadratic_poisson,pyramid_local_field,,0,0,source_row:9885,source_row:9885,True,1.0,1.1719120619979435,0.6311810667615563,0.970527066770206,2.168577625379529,0.5421444063448823,0.1097732421543653,-0.1097732421543653,0.3313204523635167,18.36364342657008,0.9694855315340458,61.15536240382988,48.6845743231719,1.0,0.0,0.0,scale2_parallel_k10_ridge0p01,"2.0x parallel k=10, ridge 0.01",16.0,10.0,0.01,0.92,0.001,1e-06,inferred,0.0001,80.0,1.0,1.0
610,,305,response_tables/trial_00305_hard_negative_structure_obs-empirical_prior-axis_edge_parallel_rel2x.npz,hard_negative_structure,empirical,axis_edge_parallel,2.0,,,4,40,756,quadratic_poisson,pyramid_local_field,,0,0,source_row:9961,source_row:9961,True,1.0,0.0,0.326771246381117,1.2080105945299344,3.197954586105736,0.7994886465264339,0.10870547805138,-0.10870547805138,0.3297051380421301,18.27411361937535,0.953289668202466,58.78406398711503,51.718346442094514,1.0,0.0,0.0,scale2_parallel_k10_ridge0p01,"2.0x parallel k=10, ridge 0.01",16.0,10.0,0.01,0.92,0.001,1e-06,inferred,0.0001,80.0,1.0,1.0
616,,308,response_tables/trial_00308_hard_negative_structure_obs-empirical_prior-axis_edge_parallel_rel2x.npz,hard_negative_structure,empirical,axis_edge_parallel,2.0,,,4,40,756,quadratic_poisson,pyramid_local_field,,0,0,source_row:9967,source_row:9967,True,1.0,0.0,0.3402595033664177,1.2253220265646705,3.22989843389691,0.8074746084742275,0.0898064894150699,-0.0898064894150699,0.2996773088091087,16.609802391452305,0.9628111812308724,58.78406398711503,51.73505749468279,1.0,0.0,0.0,scale2_parallel_k10_ridge0p01,"2.0x parallel k=10, ridge 0.01",16.0,10.0,0.01,0.92,0.001,1e-06,inferred,0.0001,80.0,1.0,1.0
622,,311,response_tables/trial_00311_hard_negative_structure_obs-empirical_prior-axis_edge_parallel_rel2x.npz,hard_negative_structure,empirical,axis_edge_parallel,2.0,,,4,40,756,quadratic_poisson,pyramid_local_field,,0,0,source_row:9996,source_row:9996,True,1.0,0.2438794011186473,0.3124656157744948,1.3754179127721364,3.911587532013573,0.9778968830033932,0.1953079154688237,-0.1953079154688237,0.4419365514062214,24.49460994423521,0.8754557481507612,49.31233544246631,37.51438549310724,1.0,0.0,0.0,scale2_parallel_k10_ridge0p01,"2.0x parallel k=10, ridge 0.01",16.0,10.0,0.01,0.92,0.001,1e-06,inferred,0.0001,80.0,1.0,1.0
628,,314,response_tables/trial_00314_hard_negative_structure_obs-empirical_prior-axis_edge_parallel_rel2x.npz,hard_negative_structure,empirical,axis_edge_parallel,2.0,,,4,40,756,quadratic_poisson,pyramid_local_field,,0,0,source_row:10001,source_row:10001,True,1.0,0.5435578091459661,0.3705983459186281,1.3506272233174124,3.7113996222766334,0.9278499055691584,0.1492122774117728,-0.1492122774117728,0.3862800504967514,21.40981354914064,0.8749417762118268,44.19625240936095,38.05729456023199,1.0000000000000002,0.0,0.0,scale2_parallel_k10_ridge0p01,"2.0x parallel k=10, ridge 0.01",16.0,10.0,0.01,0.92,0.001,1e-06,inferred,0.0001,80.0,1.0,1.0
634,,317,response_tables/trial_00317_hard_negative_structure_obs-empirical_prior-axis_edge_parallel_rel2x.npz,hard_negative_structure,empirical,axis_edge_parallel,2.0,,,4,40,756,quadratic_poisson,pyramid_local_field,,0,2,source_row:10041,source_row:4014,False,2.0,-0.0585791726343245,0.3098467070993824,1.2510964704979264,3.323667055302038,0.8309167638255095,0.0459564960545952,-0.0459564960545952,0.2143746628092863,11.881849850916169,0.9608345969670892,42.12818480740852,38.26903429734171,0.7252353078729848,0.3004444169243421,0.5481281026588056,scale2_parallel_k10_ridge0p01,"2.0x parallel k=10, ridge 0.01",16.0,10.0,0.01,0.92,0.001,1e-06,inferred,0.0001,80.0,1.0,1.0
640,,320,response_tables/trial_00320_hard_negative_structure_obs-empirical_prior-axis_edge_parallel_rel2x.npz,hard_negative_structure,empirical,axis_edge_parallel,2.0,,,4,40,756,quadratic_poisson,pyramid_local_field,,0,1,source_row:10140,source_row:9421,False,2.0,-0.3587460886206486,0.2322970709115972,1.368896999097062,3.857452742633016,0.964363185658254,0.2083941498074727,-0.2083941498074727,0.4565020808358629,25.30191352859613,0.814011814863201,43.4361613895876,37.26620053838492,0.6316251688706103,0.3878089698902405,0.6227431010378521,scale2_parallel_k10_ridge0p01,"2.0x parallel k=10, ridge 0.01",16.0,10.0,0.01,0.92,0.001,1e-06,inferred,0.0001,80.0,1.0,1.0
646,,323,response_tables/trial_00323_hard_negative_structure_obs-empirical_prior-axis_edge_parallel_rel2x.npz,hard_negative_structure,empirical,axis_edge_parallel,2.0,,,4,40,756,quadratic_poisson,pyramid_local_field,,0,2,source_row:10161,source_row:369,False,2.0,-0.5615606610065242,0.272010116057276,1.2220790478476324,2.989458415522924,0.7473646038807309,0.3222212751479035,-0.3222212751479035,0.5676453779851498,31.462100331261414,0.7910061417828945,51.35692402856872,39.007960520786845,0.4701504975379044,0.7914609850741751,0.8896409304175337,scale2_parallel_k10_ridge0p01,"2.0x parallel k=10, ridge 0.01",16.0,10.0,0.01,0.92,0.001,1e-06,inferred,0.0001,80.0,1.0,1.0
652,,326,response_tables/trial_00326_hard_negative_structure_obs-empirical_prior-axis_edge_parallel_rel2x.npz,hard_negative_structure,empirical,axis_edge_parallel,2.0,,,4,40,756,quadratic_poisson,pyramid_local_field,,0,2,source_row:10370,source_row:6354,False,4.0,-1.0150843826007758,0.1402419454763708,1.3167425006310414,3.5093768314725278,0.8773442078681318,0.3448803027714149,-0.3448803027714149,0.5872651043365466,32.54953594314036,0.8154224121506607,56.161844665714185,47.39529314857865,0.6714059518426269,0.6454111453185171,0.8033748473275206,scale2_parallel_k10_ridge0p01,"2.0x parallel k=10, ridge 0.01",16.0,10.0,0.01,0.92,0.001,1e-06,inferred,0.0001,80.0,1.0,1.0
658,,329,response_tables/trial_00329_hard_negative_structure_obs-empirical_prior-axis_edge_parallel_rel2x.npz,hard_negative_structure,empirical,axis_edge_parallel,2.0,,,4,40,756,quadratic_poisson,pyramid_local_field,,0,1,source_row:10392,source_row:2457,False,2.0,-0.4985278467042349,0.3298525852956634,1.0323676681250575,2.417567774159977,0.6043919435399943,0.2958336436838062,-0.2958336436838062,0.5439059143673712,30.146325703087808,0.8448034533086439,56.2856330502736,48.87665561689277,0.6113439236229457,0.8084644044927866,0.899146486670991,scale2_parallel_k10_ridge0p01,"2.0x parallel k=10, ridge 0.01",16.0,10.0,0.01,0.92,0.001,1e-06,inferred,0.0001,80.0,1.0,1.0
664,,332,response_tables/trial_00332_hard_negative_structure_obs-empirical_prior-axis_edge_parallel_rel2x.npz,hard_negative_structure,empirical,axis_edge_parallel,2.0,,,4,40,756,quadratic_poisson,pyramid_local_field,,0,1,source_row:10423,source_row:6852,False,3.0,-0.4673942114507667,0.2009413574333732,1.3543314538374112,3.762977705068721,0.9407444262671802,0.0855211501200366,-0.0855211501200366,0.2924399940501242,16.20866969151857,0.9494507192355645,51.02443131041159,45.962414566092654,0.9339395343424736,0.1100738651520798,0.3317738162545077,scale2_parallel_k10_ridge0p01,"2.0x parallel k=10, ridge 0.01",16.0,10.0,0.01,0.92,0.001,1e-06,inferred,0.0001,80.0,1.0,1.0
670,,335,response_tables/trial_00335_hard_negative_structure_obs-empirical_prior-axis_edge_parallel_rel2x.npz,hard_negative_structure,empirical,axis_edge_parallel,2.0,,,4,40,756,quadratic_poisson,pyramid_local_field,,0,2,source_row:10488,source_row:10726,False,2.0,-0.0926258242314475,0.2686931241840365,1.3769864544131512,3.927092557478444,0.981773139369611,0.2698098831131774,-0.2698098831131774,0.5194322699959808,28.789858647163957,0.8132955976281954,49.28023670604274,37.49628120369485,0.5205110037151239,0.6631782489818515,0.8143575682596997,scale2_parallel_k10_ridge0p01,"2.0x parallel k=10, ridge 0.01",16.0,10.0,0.01,0.92,0.001,1e-06,inferred,0.0001,80.0,1.0,1.0
676,,338,response_tables/trial_00338_hard_negative_structure_obs-empirical_prior-axis_edge_parallel_rel2x.npz,hard_negative_structure,empirical,axis_edge_parallel,2.0,,,4,40,756,quadratic_poisson,pyramid_local_field,,0,0,source_row:10501,source_row:10501,True,1.0,0.3242247461486727,0.3493882906333561,1.3572693399345626,3.770886075592573,0.9427215188981432,0.0836788882689684,-0.0836788882689684,0.2892730341199616,16.033138955372127,0.9039325370975184,37.19437210839138,31.61483099965647,1.0000000000000002,0.0,0.0,scale2_parallel_k10_ridge0p01,"2.0x parallel k=10, ridge 0.01",16.0,10.0,0.01,0.92,0.001,1e-06,inferred,0.0001,80.0,1.0,1.0
682,,341,response_tables/trial_00341_hard_negative_structure_obs-empirical_prior-axis_edge_parallel_rel2x.npz,hard_negative_structure,empirical,axis_edge_parallel,2.0,,,4,40,756,quadratic_poisson,pyramid_local_field,,0,0,source_row:10506,source_row:10506,True,1.0,0.487045408845006,0.5282451547610425,1.057991664625375,2.5054875190948347,0.6263718797737087,0.0343439059034718,-0.0343439059034718,0.1853210886636268,10.27153732094011,0.9749602566856668,43.26221215753869,38.58057058176924,1.0,0.0,0.0,scale2_parallel_k10_ridge0p01,"2.0x parallel k=10, ridge 0.01",16.0,10.0,0.01,0.92,0.001,1e-06,inferred,0.0001,80.0,1.0,1.0
688,,344,response_tables/trial_00344_hard_negative_structure_obs-empirical_prior-axis_edge_parallel_rel2x.npz,hard_negative_structure,empirical,axis_edge_parallel,2.0,,,4,40,756,quadratic_poisson,pyramid_local_field,,0,0,source_row:10563,source_row:10563,True,1.0,3.026862410643673,0.8895691857583253,0.4678745227349113,1.2571298500246284,0.3142824625061571,0.0038892049876864,-0.0038892049876864,0.0623634908234494,3.456535508594237,0.9955160593673772,36.091820546016585,35.38953277895729,0.9999999999999998,0.0,0.0,scale2_parallel_k10_ridge0p01,"2.0x parallel k=10, ridge 0.01",16.0,10.0,0.01,0.92,0.001,1e-06,inferred,0.0001,80.0,1.0,1.0
694,,347,response_tables/trial_00347_hard_negative_structure_obs-empirical_prior-axis_edge_parallel_rel2x.npz,hard_negative_structure,empirical,axis_edge_parallel,2.0,,,4,40,756,quadratic_poisson,pyramid_local_field,,0,0,source_row:10644,source_row:10644,True,1.0,0.672356395242673,0.4730546443317051,1.2007341685656217,2.9689678229443333,0.7422419557360833,0.0774941022022828,-0.0774941022022828,0.2783776251825617,15.429254096209991,0.9034305469495216,34.38039272564924,35.62017945927234,1.0000000000000002,0.0,0.0,scale2_parallel_k10_ridge0p01,"2.0x parallel k=10, ridge 0.01",16.0,10.0,0.01,0.92,0.001,1e-06,inferred,0.0001,80.0,1.0,1.0
700,,350,response_tables/trial_00350_hard_negative_structure_obs-empirical_prior-axis_edge_parallel_rel2x.npz,hard_negative_structure,empirical,axis_edge_parallel,2.0,,,4,40,756,quadratic_poisson,pyramid_local_field,,0,1,source_row:10726,source_row:8933,False,2.0,-0.0147866467881385,0.481456011083037,0.8262565435724827,2.122946396965567,0.5307365992413917,0.0963577712277379,-0.0963577712277379,0.3104154816173606,17.204972339751407,0.9121684204935464,41.98218841405252,38.269030697652646,0.6733133876842274,0.380251485939697,0.6166453485916333,scale2_parallel_k10_ridge0p01,"2.0x parallel k=10, ridge 0.01",16.0,10.0,0.01,0.92,0.001,1e-06,inferred,0.0001,80.0,1.0,1.0
706,,353,response_tables/trial_00353_hard_negative_structure_obs-empirical_prior-axis_edge_parallel_rel2x.npz,hard_negative_structure,empirical,axis_edge_parallel,2.0,,,4,40,756,quadratic_poisson,pyramid_local_field,,0,0,source_row:10765,source_row:10765,True,1.0,0.9888735370360564,0.6014652479054413,1.063336655129413,2.338095430961802,0.5845238577404505,0.0698084877457799,-0.0698084877457799,0.2642129590799436,14.644168612626531,0.9383355425219696,41.7706986609951,36.765314206644,1.0,0.0,0.0,scale2_parallel_k10_ridge0p01,"2.0x parallel k=10, ridge 0.01",16.0,10.0,0.01,0.92,0.001,1e-06,inferred,0.0001,80.0,1.0,1.0
712,,356,response_tables/trial_00356_hard_negative_structure_obs-empirical_prior-axis_edge_parallel_rel2x.npz,hard_negative_structure,empirical,axis_edge_parallel,2.0,,,4,40,756,quadratic_poisson,pyramid_local_field,,0,0,source_row:10803,source_row:10803,True,1.0,2.69548723870156,0.8953871663611626,0.4362472555216237,1.2401125354433815,0.3100281338608454,0.006644889634254,-0.006644889634254,0.081516192466614,4.518085983735643,0.997364483526906,53.640705188091566,51.204424532835006,1.0,0.0,0.0,scale2_parallel_k10_ridge0p01,"2.0x parallel k=10, ridge 0.01",16.0,10.0,0.01,0.92,0.001,1e-06,inferred,0.0001,80.0,1.0,1.0
718,,359,response_tables/trial_00359_hard_negative_structure_obs-empirical_prior-axis_edge_parallel_rel2x.npz,hard_negative_structure,empirical,axis_edge_parallel,2.0,,,4,40,756,quadratic_poisson,pyramid_local_field,,0,0,source_row:10818,source_row:10818,True,1.0,0.3811896347355628,0.3360015949313268,1.3674898916432243,3.846013200952044,0.961503300238011,0.3871304181211564,-0.3871304181211564,0.622198053774806,34.48571652826997,0.7426571050016565,48.28903858484864,47.84262386953584,1.0,0.0,0.0,scale2_parallel_k10_ridge0p01,"2.0x parallel k=10, ridge 0.01",16.0,10.0,0.01,0.92,0.001,1e-06,inferred,0.0001,80.0,1.0,1.0
724,,362,response_tables/trial_00362_hard_negative_structure_obs-empirical_prior-axis_edge_parallel_rel2x.npz,hard_negative_structure,empirical,axis_edge_parallel,2.0,,,4,40,756,quadratic_poisson,pyramid_local_field,,0,0,source_row:11021,source_row:11021,True,1.0,0.1245434951197239,0.3411883497922567,1.3407036154016765,3.673398534136019,0.9183496335340048,0.2299154717874846,-0.2299154717874846,0.4794950174793108,26.576311432009387,0.8905545262195025,57.75066560606587,47.402977491824586,1.0,0.0,0.0,scale2_parallel_k10_ridge0p01,"2.0x parallel k=10, ridge 0.01",16.0,10.0,0.01,0.92,0.001,1e-06,inferred,0.0001,80.0,1.0,1.0
730,,365,response_tables/trial_00365_hard_negative_structure_obs-empirical_prior-axis_edge_parallel_rel2x.npz,hard_negative_structure,empirical,axis_edge_parallel,2.0,,,4,40,756,quadratic_poisson,pyramid_local_field,,0,0,source_row:11058,source_row:11058,True,1.0,0.9113229697287012,0.5849225206800871,0.9633386302993968,2.326797860430668,0.5816994651076669,0.0900244811740201,-0.0900244811740201,0.3000407991824114,16.629949072880226,0.9554113093055664,50.66630318008844,41.14534273041711,1.0,0.0,0.0,scale2_parallel_k10_ridge0p01,"2.0x parallel k=10, ridge 0.01",16.0,10.0,0.01,0.92,0.001,1e-06,inferred,0.0001,80.0,1.0,1.0
736,,368,response_tables/trial_00368_hard_negative_structure_obs-empirical_prior-axis_edge_parallel_rel2x.npz,hard_negative_structure,empirical,axis_edge_parallel,2.0,,,4,40,756,quadratic_poisson,pyramid_local_field,,0,1,source_row:11072,source_row:369,False,3.0,-0.5137513338358985,0.2115359574651842,1.3492364557875045,3.719375756527174,0.9298439391317936,0.2268889773209906,-0.2268889773209906,0.4763286442373486,26.40081321342362,0.7216750722150965,33.70902438010637,36.676283362415326,0.4893906604970046,0.5196763272299801,0.7208857934721561,scale2_parallel_k10_ridge0p01,"2.0x parallel k=10, ridge 0.01",16.0,10.0,0.01,0.92,0.001,1e-06,inferred,0.0001,80.0,1.0,1.0
742,,371,response_tables/trial_00371_hard_negative_structure_obs-empirical_prior-axis_edge_parallel_rel2x.npz,hard_negative_structure,empirical,axis_edge_parallel,2.0,,,4,40,756,quadratic_poisson,pyramid_local_field,,0,2,source_row:11226,source_row:4014,False,2.0,-0.1552002661460392,0.2766387495928654,1.3361099886623744,3.675056563652957,0.9187641409132392,0.0433641994757107,-0.0433641994757107,0.2082407248251666,11.541872499269063,0.9635533384932988,41.9773301303274,37.78085075596715,0.7636491121957238,0.2575728637093578,0.5075163679226098,scale2_parallel_k10_ridge0p01,"2.0x parallel k=10, ridge 0.01",16.0,10.0,0.01,0.92,0.001,1e-06,inferred,0.0001,80.0,1.0,1.0
748,,374,response_tables/trial_00374_hard_negative_structure_obs-empirical_prior-axis_edge_parallel_rel2x.npz,hard_negative_structure,empirical,axis_edge_parallel,2.0,,,4,40,756,quadratic_poisson,pyramid_local_field,,0,0,source_row:11361,source_row:11361,True,1.0,0.0277749587476137,0.2922128159494478,1.3741107467940683,3.9056039962928897,0.9764009990732224,0.1420527704363742,-0.1420527704363742,0.3768988862233135,20.88985664815682,0.8704512478640105,41.60280559382727,32.09137599697693,1.0000000000000002,0.0,0.0,scale2_parallel_k10_ridge0p01,"2.0x parallel k=10, ridge 0.01",16.0,10.0,0.01,0.92,0.001,1e-06,inferred,0.0001,80.0,1.0,1.0
754,,377,response_tables/trial_00377_hard_negative_structure_obs-empirical_prior-axis_edge_parallel_rel2x.npz,hard_negative_structure,empirical,axis_edge_parallel,2.0,,,4,40,756,quadratic_poisson,pyramid_local_field,,0,0,source_row:11459,source_row:11459,True,1.0,1.251980112492788,0.6783094233426302,0.9327917213281354,1.97675233669216,0.4941880841730399,0.0564591456215892,-0.0564591456215892,0.2376113331084804,13.169756844737954,0.965050248433964,49.53713257357983,45.58960502900508,1.0,0.0,0.0,scale2_parallel_k10_ridge0p01,"2.0x parallel k=10, ridge 0.01",16.0,10.0,0.01,0.92,0.001,1e-06,inferred,0.0001,80.0,1.0,1.0
760,,380,response_tables/trial_00380_hard_negative_structure_obs-empirical_prior-axis_edge_parallel_rel2x.npz,hard_negative_structure,empirical,axis_edge_parallel,2.0,,,4,40,756,quadratic_poisson,pyramid_local_field,,0,0,source_row:11510,source_row:11510,True,1.0,0.7196490034094154,0.4500602000651589,1.2828200808230048,3.2600979465770936,0.8150244866442734,0.0978003910622945,-0.0978003910622945,0.3127305406612768,17.33328593612212,0.9263004181687476,44.54144309174326,36.92427842166937,1.0,0.0,0.0,scale2_parallel_k10_ridge0p01,"2.0x parallel k=10, ridge 0.01",16.0,10.0,0.01,0.92,0.001,1e-06,inferred,0.0001,80.0,1.0,1.0
766,,383,response_tables/trial_00383_hard_negative_structure_obs-empirical_prior-axis_edge_parallel_rel2x.npz,hard_negative_structure,empirical,axis_edge_parallel,2.0,,,4,40,756,quadratic_poisson,pyramid_local_field,,0,3,source_row:11747,source_row:6852,False,2.0,-0.0292043790722118,0.2722600971914413,1.380693912574556,3.95572452052581,0.9889311301314524,0.2136482470338043,-0.2136482470338043,0.4622209937181611,25.61888785423456,0.8542710397521445,49.01503136176281,44.54208433972662,0.6697811772492844,0.5272594876544475,0.7261263579119323,scale2_parallel_k10_ridge0p01,"2.0x parallel k=10, ridge 0.01",16.0,10.0,0.01,0.92,0.001,1e-06,inferred,0.0001,80.0,1.0,1.0
0,,2,response_tables/trial_00002_hard_negative_structure_obs-empirical_prior-axis_edge_parallel_rel2x.npz,hard_negative_structure,empirical,axis_edge_parallel,2.0,,,4,40,756,quadratic_poisson,pyramid_local_field,,0,2,source_row:25,source_row:9142,False,3.0,-0.3903962454060092,0.2722164098533354,1.1061743348895376,2.945652100197048,0.736413025049262,0.2615579029084742,-0.2615579029084742,0.5114273192824903,28.346179244032747,0.8590182475012332,55.35716385314352,46.95248417475786,0.5450920735126369,0.8627886600790683,0.9288641774118906,scale2_parallel_k20_ridge0p1,"2.0x parallel k=20, ridge 0.1",16.0,20.0,0.1,0.92,0.001,1e-06,inferred,0.0001,80.0,1.0,1.0
1,,5,response_tables/trial_00005_hard_negative_structure_obs-empirical_prior-axis_edge_parallel_rel2x.npz,hard_negative_structure,empirical,axis_edge_parallel,2.0,,,4,40,756,quadratic_poisson,pyramid_local_field,,0,3,source_row:76,source_row:4203,False,2.0,-0.2246561985843982,0.301726563472058,1.2562698884437298,3.299648970375028,0.8249122425937571,0.1067215875149521,-0.1067215875149521,0.3266827015851193,18.10659318717724,0.925860700037086,47.34179291251737,46.63178102450979,0.8237351843954694,0.2779343607150047,0.5271948033839149,scale2_parallel_k20_ridge0p1,"2.0x parallel k=20, ridge 0.1",16.0,20.0,0.1,0.92,0.001,1e-06,inferred,0.0001,80.0,1.0,1.0
2,,8,response_tables/trial_00008_hard_negative_structure_obs-empirical_prior-axis_edge_parallel_rel2x.npz,hard_negative_structure,empirical,axis_edge_parallel,2.0,,,4,40,756,quadratic_poisson,pyramid_local_field,,0,0,source_row:87,source_row:87,True,1.0,2.468140088232076,0.905378089686704,0.3665145516760013,1.210895147496164,0.302723786874041,0.0026768380651593,-0.0026768380651593,0.0517381683591459,2.8676203612349864,0.9962805861485932,31.98885317956852,31.07908324249905,1.0,0.0,0.0,scale2_parallel_k20_ridge0p1,"2.0x parallel k=20, ridge 0.1",16.0,20.0,0.1,0.92,0.001,1e-06,inferred,0.0001,80.0,1.0,1.0
3,,11,response_tables/trial_00011_hard_negative_structure_obs-empirical_prior-axis_edge_parallel_rel2x.npz,hard_negative_structure,empirical,axis_edge_parallel,2.0,,,4,40,756,quadratic_poisson,pyramid_local_field,,0,0,source_row:369,source_row:369,True,1.0,0.8276181972453287,0.6000979550491925,1.0174816867902503,2.275297989118048,0.5688244972795119,0.0746139430659315,-0.0746139430659315,0.2731555290780905,15.13981615141154,0.9394003299504886,43.55782142770001,38.421850252334885,1.0000000000000002,0.0,0.0,scale2_parallel_k20_ridge0p1,"2.0x parallel k=20, ridge 0.1",16.0,20.0,0.1,0.92,0.001,1e-06,inferred,0.0001,80.0,1.0,1.0
4,,14,response_tables/trial_00014_hard_negative_structure_obs-empirical_prior-axis_edge_parallel_rel2x.npz,hard_negative_structure,empirical,axis_edge_parallel,2.0,,,4,40,756,quadratic_poisson,pyramid_local_field,,0,0,source_row:420,source_row:420,True,1.0,0.0294921142556177,0.4381561035217507,1.072757041405226,2.5994013327071617,0.6498503331767904,0.180146067863805,-0.180146067863805,0.4244361764315161,23.52464070878893,0.8863689427831707,50.81129610299023,44.99010043025925,1.0,0.0,0.0,scale2_parallel_k20_ridge0p1,"2.0x parallel k=20, ridge 0.1",16.0,20.0,0.1,0.92,0.001,1e-06,inferred,0.0001,80.0,1.0,1.0
5,,17,response_tables/trial_00017_hard_negative_structure_obs-empirical_prior-axis_edge_parallel_rel2x.npz,hard_negative_structure,empirical,axis_edge_parallel,2.0,,,4,40,756,quadratic_poisson,pyramid_local_field,,0,0,source_row:454,source_row:454,True,1.0,0.0,0.4671625915484439,0.899651128542629,2.2700832316008897,0.5675208079002224,0.0025685631097787,-0.0025685631097787,0.0506809935752916,2.809025787215261,0.9975358683819546,38.62978874581035,37.79606492783169,1.0,0.0,0.0,scale2_parallel_k20_ridge0p1,"2.0x parallel k=20, ridge 0.1",16.0,20.0,0.1,0.92,0.001,1e-06,inferred,0.0001,80.0,1.0,1.0
6,,20,response_tables/trial_00020_hard_negative_structure_obs-empirical_prior-axis_edge_parallel_rel2x.npz,hard_negative_structure,empirical,axis_edge_parallel,2.0,,,4,40,756,quadratic_poisson,pyramid_local_field,,0,0,source_row:455,source_row:455,True,1.0,0.0,0.4615211389354192,0.9282123389966171,2.3187096412721115,0.5796774103180279,0.0034170611172159,-0.0034170611172159,0.0584556337508711,3.2399400846447017,0.9967189224504492,38.62978874581035,37.65402358435744,1.0,0.0,0.0,scale2_parallel_k20_ridge0p1,"2.0x parallel k=20, ridge 0.1",16.0,20.0,0.1,0.92,0.001,1e-06,inferred,0.0001,80.0,1.0,1.0
7,,23,response_tables/trial_00023_hard_negative_structure_obs-empirical_prior-axis_edge_parallel_rel2x.npz,hard_negative_structure,empirical,axis_edge_parallel,2.0,,,4,40,756,quadratic_poisson,pyramid_local_field,,0,0,source_row:966,source_row:966,True,1.0,1.8958440546923607,0.740469032827731,0.8513664146096112,1.7487262387585756,0.4371815596896439,0.0287851708612348,-0.0287851708612348,0.1696619310901383,9.40361871226782,0.9795241114620152,43.20788650402636,38.751469162789874,1.0,0.0,0.0,scale2_parallel_k20_ridge0p1,"2.0x parallel k=20, ridge 0.1",16.0,20.0,0.1,0.92,0.001,1e-06,inferred,0.0001,80.0,1.0,1.0
8,,26,response_tables/trial_00026_hard_negative_structure_obs-empirical_prior-axis_edge_parallel_rel2x.npz,hard_negative_structure,empirical,axis_edge_parallel,2.0,,,4,40,756,quadratic_poisson,pyramid_local_field,,0,0,source_row:1249,source_row:1249,True,1.0,0.2959448029474743,0.3698347139033983,1.279994861596665,3.3952723455859743,0.8488180863964936,0.0960219185404964,-0.0960219185404964,0.3098740365705014,17.174962409170075,0.8722787559572428,34.41165285343677,33.4532644017862,1.0000000000000002,0.0,0.0,scale2_parallel_k20_ridge0p1,"2.0x parallel k=20, ridge 0.1",16.0,20.0,0.1,0.92,0.001,1e-06,inferred,0.0001,80.0,1.0,1.0
9,,29,response_tables/trial_00029_hard_negative_structure_obs-empirical_prior-axis_edge_parallel_rel2x.npz,hard_negative_structure,empirical,axis_edge_parallel,2.0,,,4,40,756,quadratic_poisson,pyramid_local_field,,0,0,source_row:1422,source_row:1422,True,1.0,0.0779952461979291,0.3803488755667068,1.2625906396886546,3.25481803110046,0.813704507775115,0.0351753625171691,-0.0351753625171691,0.1875509597873844,10.395129323521834,0.9756774058549595,47.40472271920179,46.52058981500296,1.0,0.0,0.0,scale2_parallel_k20_ridge0p1,"2.0x parallel k=20, ridge 0.1",16.0,20.0,0.1,0.92,0.001,1e-06,inferred,0.0001,80.0,1.0,1.0
10,,32,response_tables/trial_00032_hard_negative_structure_obs-empirical_prior-axis_edge_parallel_rel2x.npz,hard_negative_structure,empirical,axis_edge_parallel,2.0,,,4,40,756,quadratic_poisson,pyramid_local_field,,0,0,source_row:1425,source_row:1425,True,1.0,0.0474243485534771,0.3612955376808852,1.2933117774997147,3.400063000260306,0.8500157500650765,0.032350452961364,-0.032350452961364,0.1798623166796314,9.968981467397272,0.9786588846897284,48.321366402134856,46.405280739358105,1.0,0.0,0.0,scale2_parallel_k20_ridge0p1,"2.0x parallel k=20, ridge 0.1",16.0,20.0,0.1,0.92,0.001,1e-06,inferred,0.0001,80.0,1.0,1.0
11,,35,response_tables/trial_00035_hard_negative_structure_obs-empirical_prior-axis_edge_parallel_rel2x.npz,hard_negative_structure,empirical,axis_edge_parallel,2.0,,,4,40,756,quadratic_poisson,pyramid_local_field,,0,0,source_row:1446,source_row:1446,True,1.0,2.3938612953571123,0.850799041051879,0.5587099372450276,1.3633734975201262,0.3408433743800315,0.0073941191651275,-0.0073941191651275,0.0859890642182339,4.765997699881095,0.9906741801445276,34.78821755483096,33.96639659574457,1.0,0.0,0.0,scale2_parallel_k20_ridge0p1,"2.0x parallel k=20, ridge 0.1",16.0,20.0,0.1,0.92,0.001,1e-06,inferred,0.0001,80.0,1.0,1.0
12,,38,response_tables/trial_00038_hard_negative_structure_obs-empirical_prior-axis_edge_parallel_rel2x.npz,hard_negative_structure,empirical,axis_edge_parallel,2.0,,,4,40,756,quadratic_poisson,pyramid_local_field,,0,3,source_row:1523,source_row:10803,False,2.0,-0.6923608098258001,0.2971991684280536,0.9536331196534996,2.2210137036097164,0.5552534259024291,0.3445991831789508,-0.3445991831789508,0.5870257091294646,32.536267313964224,0.7311274523380188,45.11503839776452,43.53196944782898,0.4965630538808819,0.8168373387655666,0.9037905392100356,scale2_parallel_k20_ridge0p1,"2.0x parallel k=20, ridge 0.1",16.0,20.0,0.1,0.92,0.001,1e-06,inferred,0.0001,80.0,1.0,1.0
13,,41,response_tables/trial_00041_hard_negative_structure_obs-empirical_prior-axis_edge_parallel_rel2x.npz,hard_negative_structure,empirical,axis_edge_parallel,2.0,,,4,40,756,quadratic_poisson,pyramid_local_field,,0,0,source_row:1709,source_row:1709,True,1.0,0.4289955282799269,0.5743672017400904,0.8704057865346325,2.121583518775957,0.5303958796939893,0.1102532949395811,-0.1102532949395811,0.3320441159538611,18.403752933964128,0.9429367621272514,54.78713570327037,49.23045680132244,1.0000000000000002,0.0,0.0,scale2_parallel_k20_ridge0p1,"2.0x parallel k=20, ridge 0.1",16.0,20.0,0.1,0.92,0.001,1e-06,inferred,0.0001,80.0,1.0,1.0
14,,44,response_tables/trial_00044_hard_negative_structure_obs-empirical_prior-axis_edge_parallel_rel2x.npz,hard_negative_structure,empirical,axis_edge_parallel,2.0,,,4,40,756,quadratic_poisson,pyramid_local_field,,0,0,source_row:1918,source_row:1918,True,1.0,0.4244286868681683,0.5993446209980559,0.7207687982883202,1.949470094361248,0.487367523590312,0.0708326822912826,-0.0708326822912826,0.2661441006133381,14.751203340704793,0.9289670808688668,39.83355717057559,36.57229287073096,1.0,0.0,0.0,scale2_parallel_k20_ridge0p1,"2.0x parallel k=20, ridge 0.1",16.0,20.0,0.1,0.92,0.001,1e-06,inferred,0.0001,80.0,1.0,1.0
15,,47,response_tables/trial_00047_hard_negative_structure_obs-empirical_prior-axis_edge_parallel_rel2x.npz,hard_negative_structure,empirical,axis_edge_parallel,2.0,,,4,40,756,quadratic_poisson,pyramid_local_field,,0,0,source_row:1945,source_row:1945,True,1.0,0.2151840542118179,0.3910264059529724,1.2902263667008371,3.370570446280015,0.8426426115700038,0.1185985762384528,-0.1185985762384528,0.3443814400319112,19.087556842208148,0.885523008143108,40.99625460433092,37.55170301113483,1.0,0.0,0.0,scale2_parallel_k20_ridge0p1,"2.0x parallel k=20, ridge 0.1",16.0,20.0,0.1,0.92,0.001,1e-06,inferred,0.0001,80.0,1.0,1.0
16,,50,response_tables/trial_00050_hard_negative_structure_obs-empirical_prior-axis_edge_parallel_rel2x.npz,hard_negative_structure,empirical,axis_edge_parallel,2.0,,,4,40,756,quadratic_poisson,pyramid_local_field,,0,0,source_row:2122,source_row:2122,True,1.0,0.2838178513025013,0.4140223614822943,1.2733479874572131,3.2658841307240603,0.8164710326810151,0.1710126767851759,-0.1710126767851759,0.4135367901229296,22.920535401339567,0.8867726479366881,49.57218472284524,43.3544717810192,1.0,0.0,0.0,scale2_parallel_k20_ridge0p1,"2.0x parallel k=20, ridge 0.1",16.0,20.0,0.1,0.92,0.001,1e-06,inferred,0.0001,80.0,1.0,1.0
17,,53,response_tables/trial_00053_hard_negative_structure_obs-empirical_prior-axis_edge_parallel_rel2x.npz,hard_negative_structure,empirical,axis_edge_parallel,2.0,,,4,40,756,quadratic_poisson,pyramid_local_field,,0,0,source_row:2309,source_row:2309,True,1.0,0.4042776521501423,0.3570185520288363,1.3547070013242797,3.749624114617679,0.9374060286544196,0.0338756687730594,-0.0338756687730594,0.1840534399924637,10.201277099992854,0.9030446321103068,23.672621352603883,22.194576112036263,0.9999999999999998,0.0,0.0,scale2_parallel_k20_ridge0p1,"2.0x parallel k=20, ridge 0.1",16.0,20.0,0.1,0.92,0.001,1e-06,inferred,0.0001,80.0,1.0,1.0
18,,56,response_tables/trial_00056_hard_negative_structure_obs-empirical_prior-axis_edge_parallel_rel2x.npz,hard_negative_structure,empirical,axis_edge_parallel,2.0,,,4,40,756,quadratic_poisson,pyramid_local_field,,0,0,source_row:2457,source_row:2457,True,1.0,0.1212826786127152,0.4047983939433427,1.2387380581995708,3.1204035001392065,0.7801008750348016,0.050168669706392,-0.050168669706392,0.2239836371398411,12.41443326688884,0.9832607268790235,56.76094208339629,48.943521792255225,1.0,0.0,0.0,scale2_parallel_k20_ridge0p1,"2.0x parallel k=20, ridge 0.1",16.0,20.0,0.1,0.92,0.001,1e-06,inferred,0.0001,80.0,1.0,1.0
19,,59,response_tables/trial_00059_hard_negative_structure_obs-empirical_prior-axis_edge_parallel_rel2x.npz,hard_negative_structure,empirical,axis_edge_parallel,2.0,,,4,40,756,quadratic_poisson,pyramid_local_field,,0,1,source_row:2460,source_row:2457,False,2.0,-0.144783484567597,0.4124009968506731,1.0393118360677709,2.4787781089709795,0.6196945272427449,0.013032490734624,-0.013032490734624,0.1141599348923431,6.327385837513386,0.9951986519410092,56.099222241129,52.68543101963378,0.995116867319817,0.0102656418966954,0.1013195040290635,scale2_parallel_k20_ridge0p1,"2.0x parallel k=20, ridge 0.1",16.0,20.0,0.1,0.92,0.001,1e-06,inferred,0.0001,80.0,1.0,1.0
20,,62,response_tables/trial_00062_hard_negative_structure_obs-empirical_prior-axis_edge_parallel_rel2x.npz,hard_negative_structure,empirical,axis_edge_parallel,2.0,,,4,40,756,quadratic_poisson,pyramid_local_field,,0,0,source_row:2518,source_row:2518,True,1.0,0.0327771467449338,0.3539636438158727,1.306843190711099,3.464011022850489,0.8660027557126222,0.217307419570716,-0.217307419570716,0.4661624390389213,25.83734492786052,0.8321260949805295,46.29431420353095,41.42163982134235,1.0,0.0,0.0,scale2_parallel_k20_ridge0p1,"2.0x parallel k=20, ridge 0.1",16.0,20.0,0.1,0.92,0.001,1e-06,inferred,0.0001,80.0,1.0,1.0
21,,65,response_tables/trial_00065_hard_negative_structure_obs-empirical_prior-axis_edge_parallel_rel2x.npz,hard_negative_structure,empirical,axis_edge_parallel,2.0,,,4,40,756,quadratic_poisson,pyramid_local_field,,0,0,source_row:2584,source_row:2584,True,1.0,0.9822646020091385,0.4848183109106076,1.2576796724836887,3.087795976692225,0.7719489941730563,0.0416804848532434,-0.0416804848532434,0.2041579899324135,11.31558436269042,0.8796690439435141,23.735035451049384,21.667758576683543,1.0,0.0,0.0,scale2_parallel_k20_ridge0p1,"2.0x parallel k=20, ridge 0.1",16.0,20.0,0.1,0.92,0.001,1e-06,inferred,0.0001,80.0,1.0,1.0
22,,68,response_tables/trial_00068_hard_negative_structure_obs-empirical_prior-axis_edge_parallel_rel2x.npz,hard_negative_structure,empirical,axis_edge_parallel,2.0,,,4,40,756,quadratic_poisson,pyramid_local_field,,0,0,source_row:2743,source_row:2743,True,1.0,2.3658114712877705,0.91417311717223,0.2928811261840007,1.1861313931655175,0.2965328482913794,0.0036214002617338,-0.0036214002617338,0.0601780712696397,3.335407262096544,0.995828500156611,35.32319674094597,34.31744191880487,0.9999999999999998,0.0,0.0,scale2_parallel_k20_ridge0p1,"2.0x parallel k=20, ridge 0.1",16.0,20.0,0.1,0.92,0.001,1e-06,inferred,0.0001,80.0,1.0,1.0
23,,71,response_tables/trial_00071_hard_negative_structure_obs-empirical_prior-axis_edge_parallel_rel2x.npz,hard_negative_structure,empirical,axis_edge_parallel,2.0,,,4,40,756,quadratic_poisson,pyramid_local_field,,0,0,source_row:2764,source_row:2764,True,1.0,1.633203362775589,0.7608889348084883,0.7087184837480492,1.6414277874288323,0.4103569468572081,0.0366549924990176,-0.0366549924990176,0.1914549359484306,10.61150964552086,0.9886737932846986,55.49782286531697,48.29431893089723,1.0,0.0,0.0,scale2_parallel_k20_ridge0p1,"2.0x parallel k=20, ridge 0.1",16.0,20.0,0.1,0.92,0.001,1e-06,inferred,0.0001,80.0,1.0,1.0
24,,74,response_tables/trial_00074_hard_negative_structure_obs-empirical_prior-axis_edge_parallel_rel2x.npz,hard_negative_structure,empirical,axis_edge_parallel,2.0,,,4,40,756,quadratic_poisson,pyramid_local_field,,0,0,source_row:2773,source_row:2773,True,1.0,0.502048423159863,0.4105299283032493,1.311131808987385,3.452687446956217,0.8631718617390542,0.0628903855853179,-0.0628903855853179,0.2507795557562816,13.89961382622182,0.9388451557088208,40.0828988644516,35.98832536672035,1.0000000000000002,0.0,0.0,scale2_parallel_k20_ridge0p1,"2.0x parallel k=20, ridge 0.1",16.0,20.0,0.1,0.92,0.001,1e-06,inferred,0.0001,80.0,1.0,1.0
25,,77,response_tables/trial_00077_hard_negative_structure_obs-empirical_prior-axis_edge_parallel_rel2x.npz,hard_negative_structure,empirical,axis_edge_parallel,2.0,,,4,40,756,quadratic_poisson,pyramid_local_field,,0,0,source_row:2822,source_row:2822,True,1.0,2.3357300827544805,0.832458596785184,0.6218219276177781,1.4208459133600833,0.3552114783400208,0.0151448956068253,-0.0151448956068253,0.1230645993241978,6.820932436563751,0.9895817013294784,46.0304917885618,43.9365020021664,1.0,0.0,0.0,scale2_parallel_k20_ridge0p1,"2.0x parallel k=20, ridge 0.1",16.0,20.0,0.1,0.92,0.001,1e-06,inferred,0.0001,80.0,1.0,1.0
26,,80,response_tables/trial_00080_hard_negative_structure_obs-empirical_prior-axis_edge_parallel_rel2x.npz,hard_negative_structure,empirical,axis_edge_parallel,2.0,,,4,40,756,quadratic_poisson,pyramid_local_field,,0,0,source_row:2831,source_row:2831,True,1.0,2.135280117275215,0.8372794926524023,0.5892511585709428,1.4018266550107472,0.3504566637526868,0.0125962321022573,-0.0125962321022573,0.1122329367977929,6.220580762126208,0.9883520695038424,39.11667070750171,36.85607685627825,1.0000000000000002,0.0,0.0,scale2_parallel_k20_ridge0p1,"2.0x parallel k=20, ridge 0.1",16.0,20.0,0.1,0.92,0.001,1e-06,inferred,0.0001,80.0,1.0,1.0
27,,83,response_tables/trial_00083_hard_negative_structure_obs-empirical_prior-axis_edge_parallel_rel2x.npz,hard_negative_structure,empirical,axis_edge_parallel,2.0,,,4,40,756,quadratic_poisson,pyramid_local_field,,0,0,source_row:2904,source_row:2904,True,1.0,0.6976217930803159,0.6465320638178153,0.777121148444822,1.915329062005915,0.4788322655014786,0.0601208237357897,-0.0601208237357897,0.2451954806593908,13.590112969226784,0.9471100364537844,42.24901484983792,40.946884122252335,1.0000000000000002,0.0,0.0,scale2_parallel_k20_ridge0p1,"2.0x parallel k=20, ridge 0.1",16.0,20.0,0.1,0.92,0.001,1e-06,inferred,0.0001,80.0,1.0,1.0
28,,86,response_tables/trial_00086_hard_negative_structure_obs-empirical_prior-axis_edge_parallel_rel2x.npz,hard_negative_structure,empirical,axis_edge_parallel,2.0,,,4,40,756,quadratic_poisson,pyramid_local_field,,0,0,source_row:3076,source_row:3076,True,1.0,0.2183739353619103,0.3417806080194909,1.3338790980329087,3.6514850699826567,0.9128712674956642,0.2943844154500536,-0.2943844154500536,0.5425720371066441,30.072394721115323,0.8467767591874815,56.10778569951199,51.19023539747548,1.0,0.0,0.0,scale2_parallel_k20_ridge0p1,"2.0x parallel k=20, ridge 0.1",16.0,20.0,0.1,0.92,0.001,1e-06,inferred,0.0001,80.0,1.0,1.0
29,,89,response_tables/trial_00089_hard_negative_structure_obs-empirical_prior-axis_edge_parallel_rel2x.npz,hard_negative_structure,empirical,axis_edge_parallel,2.0,,,4,40,756,quadratic_poisson,pyramid_local_field,,0,0,source_row:3099,source_row:3099,True,1.0,0.0314079975444769,0.2899815743681709,1.375066012559344,3.913469952497788,0.9783674881244472,0.2414921015270667,-0.2414921015270667,0.4914184586755638,27.23717562250442,0.7822903478912258,43.55377455462099,36.4827190047475,1.0,0.0,0.0,scale2_parallel_k20_ridge0p1,"2.0x parallel k=20, ridge 0.1",16.0,20.0,0.1,0.92,0.001,1e-06,inferred,0.0001,80.0,1.0,1.0
30,,92,response_tables/trial_00092_hard_negative_structure_obs-empirical_prior-axis_edge_parallel_rel2x.npz,hard_negative_structure,empirical,axis_edge_parallel,2.0,,,4,40,756,quadratic_poisson,pyramid_local_field,,0,0,source_row:3345,source_row:3345,True,1.0,0.0851758901912944,0.2667562000353082,1.385552504145001,3.993989051545071,0.9984972628862676,0.3699730444050906,-0.3699730444050906,0.6082540952637233,33.71286390107549,0.8193753997006675,58.74534573018739,46.56261818242836,1.0,0.0,0.0,scale2_parallel_k20_ridge0p1,"2.0x parallel k=20, ridge 0.1",16.0,20.0,0.1,0.92,0.001,1e-06,inferred,0.0001,80.0,1.0,1.0
31,,95,response_tables/trial_00095_hard_negative_structure_obs-empirical_prior-axis_edge_parallel_rel2x.npz,hard_negative_structure,empirical,axis_edge_parallel,2.0,,,4,40,756,quadratic_poisson,pyramid_local_field,,0,1,source_row:3389,source_row:966,False,2.0,-0.2810848775104659,0.3641622220459941,1.0823445882500415,2.621110285075122,0.6552775712687805,0.2183112552448846,-0.2183112552448846,0.4672379000518735,25.896953027572287,0.8179314632765915,45.01292810931528,36.69076037184414,0.4766108850326341,0.6637862221835301,0.8147307666852468,scale2_parallel_k20_ridge0p1,"2.0x parallel k=20, ridge 0.1",16.0,20.0,0.1,0.92,0.001,1e-06,inferred,0.0001,80.0,1.0,1.0
32,,98,response_tables/trial_00098_hard_negative_structure_obs-empirical_prior-axis_edge_parallel_rel2x.npz,hard_negative_structure,empirical,axis_edge_parallel,2.0,,,4,40,756,quadratic_poisson,pyramid_local_field,,0,0,source_row:3538,source_row:3538,True,1.0,1.533890634865429,0.7020543448084987,0.9095927267020404,1.8952572646710169,0.4738143161677541,0.0283357639736498,-0.0283357639736498,0.1683323022288054,9.329923200490583,0.9837595621110324,36.88484893854475,29.711910389842775,1.0,0.0,0.0,scale2_parallel_k20_ridge0p1,"2.0x parallel k=20, ridge 0.1",16.0,20.0,0.1,0.92,0.001,1e-06,inferred,0.0001,80.0,1.0,1.0
33,,101,response_tables/trial_00101_hard_negative_structure_obs-empirical_prior-axis_edge_parallel_rel2x.npz,hard_negative_structure,empirical,axis_edge_parallel,2.0,,,4,40,756,quadratic_poisson,pyramid_local_field,,0,0,source_row:3675,source_row:3675,True,1.0,0.2282611740294555,0.3394207145840428,1.3519775657056303,3.748136705572005,0.9370341763930012,0.3121295991706356,-0.3121295991706356,0.5586855995733518,30.965499005380043,0.8526116031499491,57.784889662444506,42.40431319551029,1.0000000000000002,0.0,0.0,scale2_parallel_k20_ridge0p1,"2.0x parallel k=20, ridge 0.1",16.0,20.0,0.1,0.92,0.001,1e-06,inferred,0.0001,80.0,1.0,1.0
34,,104,response_tables/trial_00104_hard_negative_structure_obs-empirical_prior-axis_edge_parallel_rel2x.npz,hard_negative_structure,empirical,axis_edge_parallel,2.0,,,4,40,756,quadratic_poisson,pyramid_local_field,,0,0,source_row:3691,source_row:3691,True,1.0,1.700413924924078,0.6828956086375962,0.9668035894751408,1.99552174645462,0.4988804366136549,0.0680258727853718,-0.0680258727853718,0.2608177002915482,14.455984269383473,0.9707890682191284,55.17719071100041,47.75967191636068,1.0000000000000002,0.0,0.0,scale2_parallel_k20_ridge0p1,"2.0x parallel k=20, ridge 0.1",16.0,20.0,0.1,0.92,0.001,1e-06,inferred,0.0001,80.0,1.0,1.0
35,,107,response_tables/trial_00107_hard_negative_structure_obs-empirical_prior-axis_edge_parallel_rel2x.npz,hard_negative_structure,empirical,axis_edge_parallel,2.0,,,4,40,756,quadratic_poisson,pyramid_local_field,,0,1,source_row:3717,source_row:10506,False,2.0,-0.0844058573698589,0.3400784885122129,1.2441198730698206,3.2430827615483846,0.8107706903870961,0.0494342613959668,-0.0494342613959668,0.2223381690038102,12.32323216564592,0.9494598144146382,39.09524376220466,38.24677909930988,0.873940713717427,0.1444607906529355,0.3800799792845389,scale2_parallel_k20_ridge0p1,"2.0x parallel k=20, ridge 0.1",16.0,20.0,0.1,0.92,0.001,1e-06,inferred,0.0001,80.0,1.0,1.0
36,,110,response_tables/trial_00110_hard_negative_structure_obs-empirical_prior-axis_edge_parallel_rel2x.npz,hard_negative_structure,empirical,axis_edge_parallel,2.0,,,4,40,756,quadratic_poisson,pyramid_local_field,,0,0,source_row:3742,source_row:3742,True,1.0,0.3476007182696321,0.3409782218076336,1.3641820400101456,3.821032688078189,0.9552581720195472,0.3367301887041667,-0.3367301887041667,0.5802845756214504,32.16263577039668,0.7497352072245909,46.078141368065445,44.7784191852248,1.0,0.0,0.0,scale2_parallel_k20_ridge0p1,"2.0x parallel k=20, ridge 0.1",16.0,20.0,0.1,0.92,0.001,1e-06,inferred,0.0001,80.0,1.0,1.0
37,,113,response_tables/trial_00113_hard_negative_structure_obs-empirical_prior-axis_edge_parallel_rel2x.npz,hard_negative_structure,empirical,axis_edge_parallel,2.0,,,4,40,756,quadratic_poisson,pyramid_local_field,,0,2,source_row:3934,source_row:1422,False,3.0,-0.30108109180685,0.218799640722649,1.3770109166884297,3.926712937890276,0.9816782344725692,0.1014186643111689,-0.1014186643111689,0.3184629716484617,17.651009511184085,0.9488422158409938,53.81066471887107,46.27530600437616,0.797449164228459,0.3497401364282726,0.5913883127254652,scale2_parallel_k20_ridge0p1,"2.0x parallel k=20, ridge 0.1",16.0,20.0,0.1,0.92,0.001,1e-06,inferred,0.0001,80.0,1.0,1.0
38,,116,response_tables/trial_00116_hard_negative_structure_obs-empirical_prior-axis_edge_parallel_rel2x.npz,hard_negative_structure,empirical,axis_edge_parallel,2.0,,,4,40,756,quadratic_poisson,pyramid_local_field,,0,3,source_row:3945,source_row:10818,False,3.0,-0.0710064405808452,0.2439893405141092,1.3855414960941712,3.993991664130385,0.9984979160325964,0.0656504784852203,-0.0656504784852203,0.2562234932343643,14.201347467990384,0.9722940053934244,56.237903980184,49.30814500489864,0.5126674986662829,0.8821800699123719,0.9392444143631474,scale2_parallel_k20_ridge0p1,"2.0x parallel k=20, ridge 0.1",16.0,20.0,0.1,0.92,0.001,1e-06,inferred,0.0001,80.0,1.0,1.0
39,,119,response_tables/trial_00119_hard_negative_structure_obs-empirical_prior-axis_edge_parallel_rel2x.npz,hard_negative_structure,empirical,axis_edge_parallel,2.0,,,4,40,756,quadratic_poisson,pyramid_local_field,,0,1,source_row:3947,source_row:3951,False,3.0,-0.0075797208902486,0.2654951264130968,1.379709105640481,3.95037948912253,0.9875948722806324,0.0372659112748559,-0.0372659112748559,0.1930438066213364,10.699573796948991,0.9858258964133296,56.46465795399206,50.69038697117702,0.9938552013623944,0.0128205656661392,0.1132279367741867,scale2_parallel_k20_ridge0p1,"2.0x parallel k=20, ridge 0.1",16.0,20.0,0.1,0.92,0.001,1e-06,inferred,0.0001,80.0,1.0,1.0
40,,122,response_tables/trial_00122_hard_negative_structure_obs-empirical_prior-axis_edge_parallel_rel2x.npz,hard_negative_structure,empirical,axis_edge_parallel,2.0,,,4,40,756,quadratic_poisson,pyramid_local_field,,0,0,source_row:3951,source_row:3951,True,1.0,0.0091395017719833,0.2571253724035015,1.3860028828300588,3.997669175117378,0.9994172937793444,0.0644242730394881,-0.0644242730394881,0.2538193708909707,14.068097482506566,0.9740071899529296,56.685813551433846,49.46452821676739,1.0,0.0,0.0,scale2_parallel_k20_ridge0p1,"2.0x parallel k=20, ridge 0.1",16.0,20.0,0.1,0.92,0.001,1e-06,inferred,0.0001,80.0,1.0,1.0
41,,125,response_tables/trial_00125_hard_negative_structure_obs-empirical_prior-axis_edge_parallel_rel2x.npz,hard_negative_structure,empirical,axis_edge_parallel,2.0,,,4,40,756,quadratic_poisson,pyramid_local_field,,0,2,source_row:4014,source_row:10041,False,3.0,-0.1219577774559184,0.2717134823842554,1.3299716679521278,3.646559830757356,0.9116399576893388,0.1263546549772967,-0.1263546549772967,0.3554639995517081,19.701814639526376,0.8719619397963099,39.58931531895425,38.05647351045048,0.7252353078729848,0.3004444169243421,0.5481281026588056,scale2_parallel_k20_ridge0p1,"2.0x parallel k=20, ridge 0.1",16.0,20.0,0.1,0.92,0.001,1e-06,inferred,0.0001,80.0,1.0,1.0
42,,128,response_tables/trial_00128_hard_negative_structure_obs-empirical_prior-axis_edge_parallel_rel2x.npz,hard_negative_structure,empirical,axis_edge_parallel,2.0,,,4,40,756,quadratic_poisson,pyramid_local_field,,0,2,source_row:4051,source_row:6354,False,4.0,-0.8186826259920394,0.1413045957478651,1.343506435849063,3.707097728776002,0.9267744321940004,0.349045292370272,-0.349045292370272,0.5908005521072843,32.745490348465935,0.7923001428973325,53.19780029507803,46.48080118037662,0.5719826797542975,0.7935822644601283,0.890832343631577,scale2_parallel_k20_ridge0p1,"2.0x parallel k=20, ridge 0.1",16.0,20.0,0.1,0.92,0.001,1e-06,inferred,0.0001,80.0,1.0,1.0
43,,131,response_tables/trial_00131_hard_negative_structure_obs-empirical_prior-axis_edge_parallel_rel2x.npz,hard_negative_structure,empirical,axis_edge_parallel,2.0,,,4,40,756,quadratic_poisson,pyramid_local_field,,0,0,source_row:4079,source_row:4079,True,1.0,0.0570835286382589,0.3643107217880994,1.295062179519916,3.4009407031406256,0.8502351757851564,0.0288841423737985,-0.0288841423737985,0.1699533535232493,9.419770983007451,0.938747961492926,26.49540649898128,22.55578360490193,1.0,0.0,0.0,scale2_parallel_k20_ridge0p1,"2.0x parallel k=20, ridge 0.1",16.0,20.0,0.1,0.92,0.001,1e-06,inferred,0.0001,80.0,1.0,1.0
44,,134,response_tables/trial_00134_hard_negative_structure_obs-empirical_prior-axis_edge_parallel_rel2x.npz,hard_negative_structure,empirical,axis_edge_parallel,2.0,,,4,40,756,quadratic_poisson,pyramid_local_field,,0,0,source_row:4176,source_row:4176,True,1.0,0.1294347502779942,0.3838213831227141,1.2501051141580986,3.237182753344493,0.8092956883361233,0.1123719284996861,-0.1123719284996861,0.3352192245377435,18.57973531434277,0.8317981808523806,32.34836100854743,31.681542819320324,1.0,0.0,0.0,scale2_parallel_k20_ridge0p1,"2.0x parallel k=20, ridge 0.1",16.0,20.0,0.1,0.92,0.001,1e-06,inferred,0.0001,80.0,1.0,1.0
45,,137,response_tables/trial_00137_hard_negative_structure_obs-empirical_prior-axis_edge_parallel_rel2x.npz,hard_negative_structure,empirical,axis_edge_parallel,2.0,,,4,40,756,quadratic_poisson,pyramid_local_field,,0,2,source_row:4203,source_row:10161,False,2.0,-0.4904470337179418,0.300138166806278,1.1695298088133583,2.8152391644249626,0.7038097911062406,0.2235054998212977,-0.2235054998212977,0.4727636828493679,26.203222997391496,0.8551901455289291,50.54451790858384,43.75075885383293,0.6035531760055474,0.6702024838074466,0.8186589545149107,scale2_parallel_k20_ridge0p1,"2.0x parallel k=20, ridge 0.1",16.0,20.0,0.1,0.92,0.001,1e-06,inferred,0.0001,80.0,1.0,1.0
46,,140,response_tables/trial_00140_hard_negative_structure_obs-empirical_prior-axis_edge_parallel_rel2x.npz,hard_negative_structure,empirical,axis_edge_parallel,2.0,,,4,40,756,quadratic_poisson,pyramid_local_field,,0,1,source_row:4207,source_row:3951,False,4.0,-0.0930273291693879,0.2338417142236901,1.3855830534347042,3.994399688279731,0.9985999220699328,0.5828247998183026,-0.5828247998183026,0.7634296299059282,42.31356502401831,0.6682671219006372,53.23934577302536,50.47143702013096,0.502591445882839,0.9811693483656582,0.9905399276988576,scale2_parallel_k20_ridge0p1,"2.0x parallel k=20, ridge 0.1",16.0,20.0,0.1,0.92,0.001,1e-06,inferred,0.0001,80.0,1.0,1.0
47,,143,response_tables/trial_00143_hard_negative_structure_obs-empirical_prior-axis_edge_parallel_rel2x.npz,hard_negative_structure,empirical,axis_edge_parallel,2.0,,,4,40,756,quadratic_poisson,pyramid_local_field,,0,2,source_row:4292,source_row:966,False,3.0,-0.4561595434618084,0.2638254373603036,1.219919995337369,3.142979474599984,0.7857448686499959,0.2689985431016027,-0.2689985431016027,0.5186506946892125,28.746539346643512,0.7980433889590064,47.47308015606129,35.05941641298818,0.509075063768264,0.6615148394130445,0.8133356253189974,scale2_parallel_k20_ridge0p1,"2.0x parallel k=20, ridge 0.1",16.0,20.0,0.1,0.92,0.001,1e-06,inferred,0.0001,80.0,1.0,1.0
48,,146,response_tables/trial_00146_hard_negative_structure_obs-empirical_prior-axis_edge_parallel_rel2x.npz,hard_negative_structure,empirical,axis_edge_parallel,2.0,,,4,40,756,quadratic_poisson,pyramid_local_field,,0,3,source_row:4361,source_row:9142,False,4.0,-1.9145565655001064,0.08784109146705,1.0935517214764503,2.400762836671625,0.6001907091679063,0.4363726617647079,-0.4363726617647079,0.6605850904801803,36.61334206189299,0.7487587392447321,54.98491030271811,44.663416017891066,0.5745703301942172,0.800990706150237,0.8949808412196526,scale2_parallel_k20_ridge0p1,"2.0x parallel k=20, ridge 0.1",16.0,20.0,0.1,0.92,0.001,1e-06,inferred,0.0001,80.0,1.0,1.0
49,,149,response_tables/trial_00149_hard_negative_structure_obs-empirical_prior-axis_edge_parallel_rel2x.npz,hard_negative_structure,empirical,axis_edge_parallel,2.0,,,4,40,756,quadratic_poisson,pyramid_local_field,,0,0,source_row:4406,source_row:4406,True,1.0,0.3923290752247794,0.5844408849731221,0.7618438508847084,2.008636184491317,0.5021590461228294,0.1133398707618266,-0.1133398707618266,0.3366598740001942,18.65958421241833,0.8614628771030881,35.4811880507095,35.41639683667204,1.0,0.0,0.0,scale2_parallel_k20_ridge0p1,"2.0x parallel k=20, ridge 0.1",16.0,20.0,0.1,0.92,0.001,1e-06,inferred,0.0001,80.0,1.0,1.0
50,,152,response_tables/trial_00152_hard_negative_structure_obs-empirical_prior-axis_edge_parallel_rel2x.npz,hard_negative_structure,empirical,axis_edge_parallel,2.0,,,4,40,756,quadratic_poisson,pyramid_local_field,,0,0,source_row:4460,source_row:4460,True,1.0,0.4020988481362337,0.3661217957857672,1.3490692863371323,3.706791559570125,0.9266978898925312,0.0657382109461648,-0.0657382109461648,0.2563946390745423,14.21083333329254,0.916659347104812,35.469530370093786,31.520321581014063,1.0,0.0,0.0,scale2_parallel_k20_ridge0p1,"2.0x parallel k=20, ridge 0.1",16.0,20.0,0.1,0.92,0.001,1e-06,inferred,0.0001,80.0,1.0,1.0
51,,155,response_tables/trial_00155_hard_negative_structure_obs-empirical_prior-axis_edge_parallel_rel2x.npz,hard_negative_structure,empirical,axis_edge_parallel,2.0,,,4,40,756,quadratic_poisson,pyramid_local_field,,0,1,source_row:4953,source_row:5896,False,3.0,-0.1423530600969798,0.2816900672553659,1.3170652504295288,3.5812385130999016,0.8953096282749754,0.2187898129278334,-0.2187898129278334,0.4677497332204834,25.925321701269286,0.8578628532268345,50.2721343438453,45.30332549278925,0.6962361968240218,0.5339174515283521,0.7306965522899038,scale2_parallel_k20_ridge0p1,"2.0x parallel k=20, ridge 0.1",16.0,20.0,0.1,0.92,0.001,1e-06,inferred,0.0001,80.0,1.0,1.0
52,,158,response_tables/trial_00158_hard_negative_structure_obs-empirical_prior-axis_edge_parallel_rel2x.npz,hard_negative_structure,empirical,axis_edge_parallel,2.0,,,4,40,756,quadratic_poisson,pyramid_local_field,,0,2,source_row:5125,source_row:966,False,2.0,-0.7912572411258907,0.2412022773133482,1.0988320044495916,2.6192943776581563,0.6548235944145391,0.3057771902559307,-0.3057771902559307,0.5529712381814543,30.6487769489456,0.7479649037945914,45.71830406415044,38.500243160927006,0.5011602741891528,0.643590331518456,0.80224081890568,scale2_parallel_k20_ridge0p1,"2.0x parallel k=20, ridge 0.1",16.0,20.0,0.1,0.92,0.001,1e-06,inferred,0.0001,80.0,1.0,1.0
53,,161,response_tables/trial_00161_hard_negative_structure_obs-empirical_prior-axis_edge_parallel_rel2x.npz,hard_negative_structure,empirical,axis_edge_parallel,2.0,,,4,40,756,quadratic_poisson,pyramid_local_field,,0,0,source_row:5164,source_row:5164,True,1.0,0.5428114618032964,0.4334755617959427,1.2865877641354215,3.306836497009129,0.8267091242522823,0.1516889946152745,-0.1516889946152745,0.3894727135696088,21.58676889805705,0.8576841887328087,41.97970635095318,35.72845086466779,1.0000000000000002,0.0,0.0,scale2_parallel_k20_ridge0p1,"2.0x parallel k=20, ridge 0.1",16.0,20.0,0.1,0.92,0.001,1e-06,inferred,0.0001,80.0,1.0,1.0
54,,164,response_tables/trial_00164_hard_negative_structure_obs-empirical_prior-axis_edge_parallel_rel2x.npz,hard_negative_structure,empirical,axis_edge_parallel,2.0,,,4,40,756,quadratic_poisson,pyramid_local_field,,0,0,source_row:5444,source_row:5444,True,1.0,1.9737023421087088,0.7698703303599652,0.782923428058119,1.6344465670827972,0.4086116417706993,0.0278365752511305,-0.0278365752511305,0.1668429658425267,9.24737579919152,0.9874811827731296,50.42434947645147,45.07596001567752,1.0000000000000002,0.0,0.0,scale2_parallel_k20_ridge0p1,"2.0x parallel k=20, ridge 0.1",16.0,20.0,0.1,0.92,0.001,1e-06,inferred,0.0001,80.0,1.0,1.0
55,,167,response_tables/trial_00167_hard_negative_structure_obs-empirical_prior-axis_edge_parallel_rel2x.npz,hard_negative_structure,empirical,axis_edge_parallel,2.0,,,4,40,756,quadratic_poisson,pyramid_local_field,,0,0,source_row:5575,source_row:5575,True,1.0,0.0636892010867313,0.2895476933118134,1.3752581184037154,3.916584284602647,0.9791460711506618,0.1933966074396889,-0.1933966074396889,0.439768811353976,24.3744615951763,0.8048184328631803,39.328178999835146,38.67063052523338,1.0,0.0,0.0,scale2_parallel_k20_ridge0p1,"2.0x parallel k=20, ridge 0.1",16.0,20.0,0.1,0.92,0.001,1e-06,inferred,0.0001,80.0,1.0,1.0
56,,170,response_tables/trial_00170_hard_negative_structure_obs-empirical_prior-axis_edge_parallel_rel2x.npz,hard_negative_structure,empirical,axis_edge_parallel,2.0,,,4,40,756,quadratic_poisson,pyramid_local_field,,0,3,source_row:5599,source_row:4292,False,3.0,-0.5035385003581041,0.2354110327433533,1.231048774872092,3.196204356408979,0.7990510891022448,0.2865348128076116,-0.2865348128076116,0.5352894663708708,29.668753680344967,0.7432111343469592,43.75377693629167,37.34337508992997,0.5006383267048667,0.6797877621623676,0.8244924269890946,scale2_parallel_k20_ridge0p1,"2.0x parallel k=20, ridge 0.1",16.0,20.0,0.1,0.92,0.001,1e-06,inferred,0.0001,80.0,1.0,1.0
57,,173,response_tables/trial_00173_hard_negative_structure_obs-empirical_prior-axis_edge_parallel_rel2x.npz,hard_negative_structure,empirical,axis_edge_parallel,2.0,,,4,40,756,quadratic_poisson,pyramid_local_field,,0,0,source_row:5781,source_row:5781,True,1.0,0.0196141812929226,0.3984405706898074,1.1559575466926684,2.909483626489583,0.7273709066223958,0.2056435529661029,-0.2056435529661029,0.4534793853816322,25.134378741315015,0.8842016699808516,51.18858505928172,37.513335467539726,1.0,0.0,0.0,scale2_parallel_k20_ridge0p1,"2.0x parallel k=20, ridge 0.1",16.0,20.0,0.1,0.92,0.001,1e-06,inferred,0.0001,80.0,1.0,1.0
58,,176,response_tables/trial_00176_hard_negative_structure_obs-empirical_prior-axis_edge_parallel_rel2x.npz,hard_negative_structure,empirical,axis_edge_parallel,2.0,,,4,40,756,quadratic_poisson,pyramid_local_field,,0,2,source_row:5865,source_row:1425,False,4.0,-0.2917190724615466,0.2175519471302973,1.3806973874759283,3.955144870247713,0.9887862175619284,0.2401506577597523,-0.2401506577597523,0.4900516888653199,27.161421550389424,0.8737241139173022,55.22262451902165,44.22401327963072,0.5888840097763344,0.7297194157114465,0.8542361592156156,scale2_parallel_k20_ridge0p1,"2.0x parallel k=20, ridge 0.1",16.0,20.0,0.1,0.92,0.001,1e-06,inferred,0.0001,80.0,1.0,1.0
59,,179,response_tables/trial_00179_hard_negative_structure_obs-empirical_prior-axis_edge_parallel_rel2x.npz,hard_negative_structure,empirical,axis_edge_parallel,2.0,,,4,40,756,quadratic_poisson,pyramid_local_field,,0,0,source_row:5896,source_row:5896,True,1.0,0.0156772402880847,0.2661001774874702,1.3834046135145943,3.977599203234794,0.9943998008086984,0.0369798537514974,-0.0369798537514974,0.1923014658069392,10.658429092722814,0.9828156097767294,53.385960602750224,48.407689819156,1.0,0.0,0.0,scale2_parallel_k20_ridge0p1,"2.0x parallel k=20, ridge 0.1",16.0,20.0,0.1,0.92,0.001,1e-06,inferred,0.0001,80.0,1.0,1.0
60,,182,response_tables/trial_00182_hard_negative_structure_obs-empirical_prior-axis_edge_parallel_rel2x.npz,hard_negative_structure,empirical,axis_edge_parallel,2.0,,,4,40,756,quadratic_poisson,pyramid_local_field,,0,1,source_row:5919,source_row:5896,False,2.0,-0.1347766497119664,0.2568468483855527,1.3782272751637854,3.936902625124105,0.9842256562810262,0.0908498226606361,-0.0908498226606361,0.301413043282198,16.70600656091917,0.9566914273249926,52.5133899322861,43.500957149214464,0.9683263395871732,0.0580580029453112,0.2409522835445044,scale2_parallel_k20_ridge0p1,"2.0x parallel k=20, ridge 0.1",16.0,20.0,0.1,0.92,0.001,1e-06,inferred,0.0001,80.0,1.0,1.0
61,,185,response_tables/trial_00185_hard_negative_structure_obs-empirical_prior-axis_edge_parallel_rel2x.npz,hard_negative_structure,empirical,axis_edge_parallel,2.0,,,4,40,756,quadratic_poisson,pyramid_local_field,,0,0,source_row:6124,source_row:6124,True,1.0,0.0257845909081311,0.3038918856402973,1.338836000326697,3.6942669918333486,0.9235667479583372,0.1955685088959184,-0.1955685088959184,0.4422312843930406,24.51094570448601,0.8720122578550241,49.98785091712355,42.14400557636242,1.0,0.0,0.0,scale2_parallel_k20_ridge0p1,"2.0x parallel k=20, ridge 0.1",16.0,20.0,0.1,0.92,0.001,1e-06,inferred,0.0001,80.0,1.0,1.0
62,,188,response_tables/trial_00188_hard_negative_structure_obs-empirical_prior-axis_edge_parallel_rel2x.npz,hard_negative_structure,empirical,axis_edge_parallel,2.0,,,4,40,756,quadratic_poisson,pyramid_local_field,,0,1,source_row:6142,source_row:7084,False,2.0,-0.0014413018978984,0.4983749649251656,0.7090548524462564,2.010136613683413,0.5025341534208533,0.0583777364527708,-0.0583777364527708,0.2416148514739332,13.391654355713936,0.9490461892939682,42.49409966500136,40.25731257804974,0.801296432922448,0.2330661154973285,0.4827692155650861,scale2_parallel_k20_ridge0p1,"2.0x parallel k=20, ridge 0.1",16.0,20.0,0.1,0.92,0.001,1e-06,inferred,0.0001,80.0,1.0,1.0
63,,191,response_tables/trial_00191_hard_negative_structure_obs-empirical_prior-axis_edge_parallel_rel2x.npz,hard_negative_structure,empirical,axis_edge_parallel,2.0,,,4,40,756,quadratic_poisson,pyramid_local_field,,0,0,source_row:6354,source_row:6354,True,1.0,0.4294260405961267,0.3845996332155316,1.3293410576399902,3.58012960314426,0.895032400786065,0.2042836207780234,-0.2042836207780234,0.4519774560506568,25.051133368174938,0.8837618858670924,53.53136636901362,47.00598146425764,1.0000000000000002,0.0,0.0,scale2_parallel_k20_ridge0p1,"2.0x parallel k=20, ridge 0.1",16.0,20.0,0.1,0.92,0.001,1e-06,inferred,0.0001,80.0,1.0,1.0
64,,194,response_tables/trial_00194_hard_negative_structure_obs-empirical_prior-axis_edge_parallel_rel2x.npz,hard_negative_structure,empirical,axis_edge_parallel,2.0,,,4,40,756,quadratic_poisson,pyramid_local_field,,0,0,source_row:6409,source_row:6409,True,1.0,1.224659968751041,0.5365285483173671,1.1995926368286542,2.78177241992598,0.695443104981495,0.1811301284117177,-0.1811301284117177,0.4255938538227705,23.58880570272257,0.8596573236617904,45.11840875449142,43.80069837748456,1.0,0.0,0.0,scale2_parallel_k20_ridge0p1,"2.0x parallel k=20, ridge 0.1",16.0,20.0,0.1,0.92,0.001,1e-06,inferred,0.0001,80.0,1.0,1.0
65,,197,response_tables/trial_00197_hard_negative_structure_obs-empirical_prior-axis_edge_parallel_rel2x.npz,hard_negative_structure,empirical,axis_edge_parallel,2.0,,,4,40,756,quadratic_poisson,pyramid_local_field,,0,3,source_row:6479,source_row:3951,False,4.0,-0.312831087175482,0.1997825844962769,1.3787733066376775,3.943158529880685,0.9857896324701712,0.412664988281237,-0.412664988281237,0.6423900592951582,35.60487107124473,0.70504837051161,37.82671939139412,50.08157142540696,0.6199333306389717,0.6463452142510969,0.8039559778066813,scale2_parallel_k20_ridge0p1,"2.0x parallel k=20, ridge 0.1",16.0,20.0,0.1,0.92,0.001,1e-06,inferred,0.0001,80.0,1.0,1.0
66,,200,response_tables/trial_00200_hard_negative_structure_obs-empirical_prior-axis_edge_parallel_rel2x.npz,hard_negative_structure,empirical,axis_edge_parallel,2.0,,,4,40,756,quadratic_poisson,pyramid_local_field,,0,1,source_row:6778,source_row:6782,False,2.0,-0.1038781143489586,0.455598261420225,0.8535958137548992,2.1554793252388182,0.5388698313097046,0.00614609881361,-0.00614609881361,0.0783970587050946,4.345206042917886,0.9958355293454636,46.7674582911741,45.73500475442681,0.9866672570868066,0.0188690625054656,0.1373647061856343,scale2_parallel_k20_ridge0p1,"2.0x parallel k=20, ridge 0.1",16.0,20.0,0.1,0.92,0.001,1e-06,inferred,0.0001,80.0,1.0,1.0
67,,203,response_tables/trial_00203_hard_negative_structure_obs-empirical_prior-axis_edge_parallel_rel2x.npz,hard_negative_structure,empirical,axis_edge_parallel,2.0,,,4,40,756,quadratic_poisson,pyramid_local_field,,0,0,source_row:6782,source_row:6782,True,1.0,0.0951921691591906,0.4689013613051442,1.019389603428529,2.451307730698515,0.6128269326746287,0.0107487027278564,-0.0107487027278564,0.1036759505760928,5.746304445465366,0.9926009765395414,46.32263428538573,44.80344036757995,1.0,0.0,0.0,scale2_parallel_k20_ridge0p1,"2.0x parallel k=20, ridge 0.1",16.0,20.0,0.1,0.92,0.001,1e-06,inferred,0.0001,80.0,1.0,1.0
68,,206,response_tables/trial_00206_hard_negative_structure_obs-empirical_prior-axis_edge_parallel_rel2x.npz,hard_negative_structure,empirical,axis_edge_parallel,2.0,,,4,40,756,quadratic_poisson,pyramid_local_field,,0,0,source_row:6806,source_row:6806,True,1.0,1.236513094542829,0.7067801534760983,0.8430015165888607,1.8324484900838456,0.4581121225209614,0.0340494522809898,-0.0340494522809898,0.1845249367456599,10.227410102621324,0.9826409417234968,46.90713636337373,40.71947663850667,1.0,0.0,0.0,scale2_parallel_k20_ridge0p1,"2.0x parallel k=20, ridge 0.1",16.0,20.0,0.1,0.92,0.001,1e-06,inferred,0.0001,80.0,1.0,1.0
69,,209,response_tables/trial_00209_hard_negative_structure_obs-empirical_prior-axis_edge_parallel_rel2x.npz,hard_negative_structure,empirical,axis_edge_parallel,2.0,,,4,40,756,quadratic_poisson,pyramid_local_field,,0,0,source_row:6823,source_row:6823,True,1.0,0.6328612704191983,0.4979198209912822,1.1273314112108457,2.758980653264079,0.6897451633160198,0.1758169702481617,-0.1758169702481617,0.41930534249895,23.240261026984037,0.9184910624905384,56.29887007784957,45.04127667119151,1.0,0.0,0.0,scale2_parallel_k20_ridge0p1,"2.0x parallel k=20, ridge 0.1",16.0,20.0,0.1,0.92,0.001,1e-06,inferred,0.0001,80.0,1.0,1.0
70,,212,response_tables/trial_00212_hard_negative_structure_obs-empirical_prior-axis_edge_parallel_rel2x.npz,hard_negative_structure,empirical,axis_edge_parallel,2.0,,,4,40,756,quadratic_poisson,pyramid_local_field,,0,2,source_row:6852,source_row:10423,False,3.0,-0.2525190005579816,0.2354261699291947,1.3784798754716785,3.9363771304011497,0.9840942826002874,0.0674232437168108,-0.0674232437168108,0.2596598615820528,14.391810334285362,0.958706341355508,50.00589240199314,45.733894502086095,0.9339395343424736,0.1100738651520798,0.3317738162545077,scale2_parallel_k20_ridge0p1,"2.0x parallel k=20, ridge 0.1",16.0,20.0,0.1,0.92,0.001,1e-06,inferred,0.0001,80.0,1.0,1.0
71,,215,response_tables/trial_00215_hard_negative_structure_obs-empirical_prior-axis_edge_parallel_rel2x.npz,hard_negative_structure,empirical,axis_edge_parallel,2.0,,,4,40,756,quadratic_poisson,pyramid_local_field,,0,0,source_row:7084,source_row:7084,True,1.0,0.8149618264463925,0.5873230608892283,0.9497561401003632,2.2943420216499453,0.5735855054124863,0.0725409979670649,-0.0725409979670649,0.2693343609104953,14.928025514274266,0.93687052233283,42.39652710733535,41.4702916371874,1.0,0.0,0.0,scale2_parallel_k20_ridge0p1,"2.0x parallel k=20, ridge 0.1",16.0,20.0,0.1,0.92,0.001,1e-06,inferred,0.0001,80.0,1.0,1.0
72,,218,response_tables/trial_00218_hard_negative_structure_obs-empirical_prior-axis_edge_parallel_rel2x.npz,hard_negative_structure,empirical,axis_edge_parallel,2.0,,,4,40,756,quadratic_poisson,pyramid_local_field,,0,1,source_row:7349,source_row:11747,False,2.0,-0.1456952428861768,0.2599170827303663,1.3764533127340797,3.9224908149323703,0.9806227037330928,0.1976218286992967,-0.1976218286992967,0.4445467677301193,24.6392828175708,0.8680611592425237,49.56536745495736,44.28494443166922,0.6728330201005522,0.5175694095461573,0.7194229698488624,scale2_parallel_k20_ridge0p1,"2.0x parallel k=20, ridge 0.1",16.0,20.0,0.1,0.92,0.001,1e-06,inferred,0.0001,80.0,1.0,1.0
73,,221,response_tables/trial_00221_hard_negative_structure_obs-empirical_prior-axis_edge_parallel_rel2x.npz,hard_negative_structure,empirical,axis_edge_parallel,2.0,,,4,40,756,quadratic_poisson,pyramid_local_field,,0,0,source_row:7434,source_row:7434,True,1.0,3.2238649103369426,0.9593022882618784,0.180543840576846,1.0849239068391152,0.2712309767097788,0.0010289997357522,-0.0010289997357522,0.0320780257458629,1.7779446527467864,0.9994494641093244,48.44183105769678,47.65489156538138,1.0,0.0,0.0,scale2_parallel_k20_ridge0p1,"2.0x parallel k=20, ridge 0.1",16.0,20.0,0.1,0.92,0.001,1e-06,inferred,0.0001,80.0,1.0,1.0
74,,224,response_tables/trial_00224_hard_negative_structure_obs-empirical_prior-axis_edge_parallel_rel2x.npz,hard_negative_structure,empirical,axis_edge_parallel,2.0,,,4,40,756,quadratic_poisson,pyramid_local_field,,0,0,source_row:7530,source_row:7530,True,1.0,0.807258874553213,0.4341122337141821,1.3059757731440904,3.3869055289893417,0.8467263822473354,0.1918001975730977,-0.1918001975730977,0.4379499943750402,24.273652525826357,0.8818718924978179,51.470421718077006,44.85470440344561,0.9999999999999998,0.0,0.0,scale2_parallel_k20_ridge0p1,"2.0x parallel k=20, ridge 0.1",16.0,20.0,0.1,0.92,0.001,1e-06,inferred,0.0001,80.0,1.0,1.0
75,,227,response_tables/trial_00227_hard_negative_structure_obs-empirical_prior-axis_edge_parallel_rel2x.npz,hard_negative_structure,empirical,axis_edge_parallel,2.0,,,4,40,756,quadratic_poisson,pyramid_local_field,,0,0,source_row:7543,source_row:7543,True,1.0,0.0,0.2628064781558787,1.3829853957345577,3.974535406014998,0.9936338515037496,0.0392542592655219,-0.0392542592655219,0.1981268766864352,10.981306136506868,0.9669015017988452,43.0002606737845,41.113359704677926,1.0,0.0,0.0,scale2_parallel_k20_ridge0p1,"2.0x parallel k=20, ridge 0.1",16.0,20.0,0.1,0.92,0.001,1e-06,inferred,0.0001,80.0,1.0,1.0
76,,230,response_tables/trial_00230_hard_negative_structure_obs-empirical_prior-axis_edge_parallel_rel2x.npz,hard_negative_structure,empirical,axis_edge_parallel,2.0,,,4,40,756,quadratic_poisson,pyramid_local_field,,0,3,source_row:7545,source_row:2460,False,2.0,-0.2707104772654816,0.2329724310632709,1.3784389969612796,3.935380668720343,0.9838451671800856,0.0788198875500095,-0.0788198875500095,0.2807487979493582,15.56067783078968,0.9325602548036964,43.0002606737845,41.17227971500594,0.4976509826335532,0.8447906754156463,0.9191249509265028,scale2_parallel_k20_ridge0p1,"2.0x parallel k=20, ridge 0.1",16.0,20.0,0.1,0.92,0.001,1e-06,inferred,0.0001,80.0,1.0,1.0
77,,233,response_tables/trial_00233_hard_negative_structure_obs-empirical_prior-axis_edge_parallel_rel2x.npz,hard_negative_structure,empirical,axis_edge_parallel,2.0,,,4,40,756,quadratic_poisson,pyramid_local_field,,0,3,source_row:7546,source_row:2460,False,4.0,-0.1733023686375077,0.2351425713366589,1.3839320285674015,3.980759313375521,0.9951898283438804,0.0665793969922871,-0.0665793969922871,0.2580298374070082,14.301465224245591,0.9432427632287445,43.035823124183615,41.10318324744223,0.4972147910154014,0.8458258886137209,0.9196879300141548,scale2_parallel_k20_ridge0p1,"2.0x parallel k=20, ridge 0.1",16.0,20.0,0.1,0.92,0.001,1e-06,inferred,0.0001,80.0,1.0,1.0
78,,236,response_tables/trial_00236_hard_negative_structure_obs-empirical_prior-axis_edge_parallel_rel2x.npz,hard_negative_structure,empirical,axis_edge_parallel,2.0,,,4,40,756,quadratic_poisson,pyramid_local_field,,0,0,source_row:7622,source_row:7622,True,1.0,1.1753221419145348,0.6124875448886752,0.9878394152466152,2.247413894580124,0.561853473645031,0.0740194373031198,-0.0740194373031198,0.2720651343026515,15.079380338567766,0.9112406310167226,35.29306587391779,36.17088763569247,1.0,0.0,0.0,scale2_parallel_k20_ridge0p1,"2.0x parallel k=20, ridge 0.1",16.0,20.0,0.1,0.92,0.001,1e-06,inferred,0.0001,80.0,1.0,1.0
79,,239,response_tables/trial_00239_hard_negative_structure_obs-empirical_prior-axis_edge_parallel_rel2x.npz,hard_negative_structure,empirical,axis_edge_parallel,2.0,,,4,40,756,quadratic_poisson,pyramid_local_field,,0,0,source_row:7981,source_row:7981,True,1.0,0.3068480533574416,0.3171286626093368,1.374497873280608,3.903375143833346,0.9758437859583364,0.0956746260388657,-0.0956746260388657,0.3093131520625429,17.143875034291273,0.8719365015858865,34.89101952657949,31.862593173561837,0.9999999999999998,0.0,0.0,scale2_parallel_k20_ridge0p1,"2.0x parallel k=20, ridge 0.1",16.0,20.0,0.1,0.92,0.001,1e-06,inferred,0.0001,80.0,1.0,1.0
80,,242,response_tables/trial_00242_hard_negative_structure_obs-empirical_prior-axis_edge_parallel_rel2x.npz,hard_negative_structure,empirical,axis_edge_parallel,2.0,,,4,40,756,quadratic_poisson,pyramid_local_field,,0,1,source_row:8237,source_row:420,False,4.0,-0.6072939898992331,0.200994758563077,1.351376914639801,3.717655619765861,0.9294139049414653,0.1975323297315923,-0.1975323297315923,0.4444460931672054,24.633702866914906,0.7756768543795126,35.30906325037782,37.88676059774558,0.4870100332049287,0.6774183174433027,0.8230542615425199,scale2_parallel_k20_ridge0p1,"2.0x parallel k=20, ridge 0.1",16.0,20.0,0.1,0.92,0.001,1e-06,inferred,0.0001,80.0,1.0,1.0
81,,245,response_tables/trial_00245_hard_negative_structure_obs-empirical_prior-axis_edge_parallel_rel2x.npz,hard_negative_structure,empirical,axis_edge_parallel,2.0,,,4,40,756,quadratic_poisson,pyramid_local_field,,0,2,source_row:8352,source_row:3076,False,3.0,-0.0478023643261167,0.2529875455642069,1.3838595072306146,3.981056719943014,0.9952641799857534,0.1902515370058226,-0.1902515370058226,0.4361783316555542,24.175457010817546,0.9282512954956366,61.062626370646,48.39916037314284,0.6377196572376966,0.816067598573002,0.9033645989150793,scale2_parallel_k20_ridge0p1,"2.0x parallel k=20, ridge 0.1",16.0,20.0,0.1,0.92,0.001,1e-06,inferred,0.0001,80.0,1.0,1.0
82,,248,response_tables/trial_00248_hard_negative_structure_obs-empirical_prior-axis_edge_parallel_rel2x.npz,hard_negative_structure,empirical,axis_edge_parallel,2.0,,,4,40,756,quadratic_poisson,pyramid_local_field,,0,3,source_row:8387,source_row:3076,False,4.0,-0.176182253734737,0.229900612640764,1.3842638752404302,3.9837185262755206,0.99592963156888,0.1943969600617234,-0.1943969600617234,0.4409047063274823,24.437419284973902,0.9126759127781932,58.34246598581306,47.89347251784386,0.6164253479378586,0.8190857434621771,0.90503355930163,scale2_parallel_k20_ridge0p1,"2.0x parallel k=20, ridge 0.1",16.0,20.0,0.1,0.92,0.001,1e-06,inferred,0.0001,80.0,1.0,1.0
83,,251,response_tables/trial_00251_hard_negative_structure_obs-empirical_prior-axis_edge_parallel_rel2x.npz,hard_negative_structure,empirical,axis_edge_parallel,2.0,,,4,40,756,quadratic_poisson,pyramid_local_field,,0,1,source_row:8547,source_row:1709,False,2.0,-0.198035660443395,0.3614873286910518,1.108343096851008,2.7954166556235625,0.6988541639058906,0.2341643264014707,-0.2341643264014707,0.4839052866021106,26.820753358273105,0.8823746274329338,56.737860667977344,47.49949284252851,0.6538130777226014,0.7018401031520928,0.8377589767660463,scale2_parallel_k20_ridge0p1,"2.0x parallel k=20, ridge 0.1",16.0,20.0,0.1,0.92,0.001,1e-06,inferred,0.0001,80.0,1.0,1.0
84,,254,response_tables/trial_00254_hard_negative_structure_obs-empirical_prior-axis_edge_parallel_rel2x.npz,hard_negative_structure,empirical,axis_edge_parallel,2.0,,,4,40,756,quadratic_poisson,pyramid_local_field,,0,2,source_row:8553,source_row:10423,False,2.0,-0.2168190012785658,0.2576315474147703,1.3704753272842691,3.8742140643933016,0.9685535160983254,0.1388219387128625,-0.1388219387128625,0.3725881623359263,20.650932078865445,0.9112343706360584,50.135408319133816,45.86075605105817,0.8224580040071579,0.2959445384588736,0.5440078477916229,scale2_parallel_k20_ridge0p1,"2.0x parallel k=20, ridge 0.1",16.0,20.0,0.1,0.92,0.001,1e-06,inferred,0.0001,80.0,1.0,1.0
85,,257,response_tables/trial_00257_hard_negative_structure_obs-empirical_prior-axis_edge_parallel_rel2x.npz,hard_negative_structure,empirical,axis_edge_parallel,2.0,,,4,40,756,quadratic_poisson,pyramid_local_field,,0,2,source_row:8627,source_row:7981,False,2.0,-0.1781017475196904,0.2457476295230592,1.380843909864996,3.955732456446533,0.9889331141116332,0.1076218507576812,-0.1076218507576812,0.3280576942516076,18.182803016245785,0.8800487037765078,38.11829129344559,31.83097571818664,0.6489214053037731,0.3073810374137452,0.5544195499923729,scale2_parallel_k20_ridge0p1,"2.0x parallel k=20, ridge 0.1",16.0,20.0,0.1,0.92,0.001,1e-06,inferred,0.0001,80.0,1.0,1.0
86,,260,response_tables/trial_00260_hard_negative_structure_obs-empirical_prior-axis_edge_parallel_rel2x.npz,hard_negative_structure,empirical,axis_edge_parallel,2.0,,,4,40,756,quadratic_poisson,pyramid_local_field,,0,3,source_row:8857,source_row:10765,False,4.0,-0.6261454061875042,0.1965499451876311,1.350962970818585,3.716561370727368,0.929140342681842,0.216131381440167,-0.216131381440167,0.4648993239833405,25.76733598539424,0.8216370859102486,45.18291135298548,36.31884313664616,0.5319093532066373,0.5789448359235388,0.7608842460739602,scale2_parallel_k20_ridge0p1,"2.0x parallel k=20, ridge 0.1",16.0,20.0,0.1,0.92,0.001,1e-06,inferred,0.0001,80.0,1.0,1.0
87,,263,response_tables/trial_00263_hard_negative_structure_obs-empirical_prior-axis_edge_parallel_rel2x.npz,hard_negative_structure,empirical,axis_edge_parallel,2.0,,,4,40,756,quadratic_poisson,pyramid_local_field,,0,0,source_row:8859,source_row:8859,True,1.0,0.0,0.2711636541560888,1.378263674315428,3.939822524359418,0.9849556310898544,0.0142487825484873,-0.0142487825484873,0.1193682644109703,6.616060760675728,0.9881186161994142,42.637858451997865,41.221042862277386,1.0,0.0,0.0,scale2_parallel_k20_ridge0p1,"2.0x parallel k=20, ridge 0.1",16.0,20.0,0.1,0.92,0.001,1e-06,inferred,0.0001,80.0,1.0,1.0
88,,266,response_tables/trial_00266_hard_negative_structure_obs-empirical_prior-axis_edge_parallel_rel2x.npz,hard_negative_structure,empirical,axis_edge_parallel,2.0,,,4,40,756,quadratic_poisson,pyramid_local_field,,0,0,source_row:8878,source_row:8878,True,1.0,0.0,0.2631140559560621,1.3848767089008671,3.9887130699900353,0.9971782674975088,0.0149352715315535,-0.0149352715315535,0.1222099485784753,6.773562884105573,0.9874947058592164,42.637858451997865,41.27007481226864,1.0,0.0,0.0,scale2_parallel_k20_ridge0p1,"2.0x parallel k=20, ridge 0.1",16.0,20.0,0.1,0.92,0.001,1e-06,inferred,0.0001,80.0,1.0,1.0
89,,269,response_tables/trial_00269_hard_negative_structure_obs-empirical_prior-axis_edge_parallel_rel2x.npz,hard_negative_structure,empirical,axis_edge_parallel,2.0,,,4,40,756,quadratic_poisson,pyramid_local_field,,0,1,source_row:8895,source_row:8897,False,4.0,-0.4463447602377073,0.1956514562329269,1.373919366700907,3.903896346118036,0.975974086529509,0.0037651766360003,-0.0037651766360003,0.0613610351607628,3.400973776110772,0.9968861563448695,42.09716160691914,41.22629475952418,0.998002301168092,0.0023220562899027,0.0481877192851329,scale2_parallel_k20_ridge0p1,"2.0x parallel k=20, ridge 0.1",16.0,20.0,0.1,0.92,0.001,1e-06,inferred,0.0001,80.0,1.0,1.0
90,,272,response_tables/trial_00272_hard_negative_structure_obs-empirical_prior-axis_edge_parallel_rel2x.npz,hard_negative_structure,empirical,axis_edge_parallel,2.0,,,4,40,756,quadratic_poisson,pyramid_local_field,,0,0,source_row:8897,source_row:8897,True,1.0,0.1154174263367622,0.2758301316387759,1.3844793659639574,3.9852466318095674,0.9963116579523916,0.0085305650703211,-0.0085305650703211,0.0923610581918654,5.119169453732371,0.9927758914827264,42.25781171839086,41.24643450997605,1.0,0.0,0.0,scale2_parallel_k20_ridge0p1,"2.0x parallel k=20, ridge 0.1",16.0,20.0,0.1,0.92,0.001,1e-06,inferred,0.0001,80.0,1.0,1.0
91,,275,response_tables/trial_00275_hard_negative_structure_obs-empirical_prior-axis_edge_parallel_rel2x.npz,hard_negative_structure,empirical,axis_edge_parallel,2.0,,,4,40,756,quadratic_poisson,pyramid_local_field,,0,1,source_row:8908,source_row:8897,False,3.0,-0.2069677722357141,0.2316860327045482,1.3823626164503708,3.968276759516172,0.9920691898790428,0.0130362117703945,-0.0130362117703945,0.1141762311971917,6.328289070408537,0.9882559751099664,40.21028603467558,41.25238343592957,0.984288232814209,0.0187458300995506,0.136915412206043,scale2_parallel_k20_ridge0p1,"2.0x parallel k=20, ridge 0.1",16.0,20.0,0.1,0.92,0.001,1e-06,inferred,0.0001,80.0,1.0,1.0
92,,278,response_tables/trial_00278_hard_negative_structure_obs-empirical_prior-axis_edge_parallel_rel2x.npz,hard_negative_structure,empirical,axis_edge_parallel,2.0,,,4,40,756,quadratic_poisson,pyramid_local_field,,0,0,source_row:8933,source_row:8933,True,1.0,2.212015349795479,0.8505919157218651,0.5348470476011875,1.3606606110182016,0.3401651527545504,0.0070891886017075,-0.0070891886017075,0.084197319444906,4.666689124469897,0.9954194973977356,42.573157498399645,40.095185086415306,1.0000000000000002,0.0,0.0,scale2_parallel_k20_ridge0p1,"2.0x parallel k=20, ridge 0.1",16.0,20.0,0.1,0.92,0.001,1e-06,inferred,0.0001,80.0,1.0,1.0
93,,281,response_tables/trial_00281_hard_negative_structure_obs-empirical_prior-axis_edge_parallel_rel2x.npz,hard_negative_structure,empirical,axis_edge_parallel,2.0,,,4,40,756,quadratic_poisson,pyramid_local_field,,0,0,source_row:8991,source_row:8991,True,1.0,0.2591790206145674,0.538692790725539,0.8579720890718399,2.1525906823201955,0.5381476705800489,0.1136786952686217,-0.1136786952686217,0.3371627133427149,18.687454397675623,0.9403739076853074,50.71401013855102,40.50272574545516,0.9999999999999998,0.0,0.0,scale2_parallel_k20_ridge0p1,"2.0x parallel k=20, ridge 0.1",16.0,20.0,0.1,0.92,0.001,1e-06,inferred,0.0001,80.0,1.0,1.0
94,,284,response_tables/trial_00284_hard_negative_structure_obs-empirical_prior-axis_edge_parallel_rel2x.npz,hard_negative_structure,empirical,axis_edge_parallel,2.0,,,4,40,756,quadratic_poisson,pyramid_local_field,,0,0,source_row:9005,source_row:9005,True,1.0,2.0638816599822576,0.785331659319849,0.7410437551809642,1.5770867371946609,0.3942716842986652,0.0165492818656818,-0.0165492818656818,0.1286440121641182,7.130174885048366,0.9841423952532696,40.15353191363851,39.18482362926209,1.0,0.0,0.0,scale2_parallel_k20_ridge0p1,"2.0x parallel k=20, ridge 0.1",16.0,20.0,0.1,0.92,0.001,1e-06,inferred,0.0001,80.0,1.0,1.0
95,,287,response_tables/trial_00287_hard_negative_structure_obs-empirical_prior-axis_edge_parallel_rel2x.npz,hard_negative_structure,empirical,axis_edge_parallel,2.0,,,4,40,756,quadratic_poisson,pyramid_local_field,,0,0,source_row:9142,source_row:9142,True,1.0,0.856067775804604,0.5693695414203702,1.024877030390601,2.416115910587208,0.604028977646802,0.1079479667492698,-0.1079479667492698,0.328554358895556,18.21033096497032,0.941438577336256,52.45897851148661,45.05813937398924,1.0,0.0,0.0,scale2_parallel_k20_ridge0p1,"2.0x parallel k=20, ridge 0.1",16.0,20.0,0.1,0.92,0.001,1e-06,inferred,0.0001,80.0,1.0,1.0
96,,290,response_tables/trial_00290_hard_negative_structure_obs-empirical_prior-axis_edge_parallel_rel2x.npz,hard_negative_structure,empirical,axis_edge_parallel,2.0,,,4,40,756,quadratic_poisson,pyramid_local_field,,0,3,source_row:9421,source_row:2518,False,2.0,-0.2796312550339053,0.3236164030887978,1.243655908617054,3.130348175934241,0.7825870439835604,0.1272600690774859,-0.1272600690774859,0.3567352927276553,19.772276859432164,0.8492721548604075,35.00826643521655,36.755008938465735,0.6361963203398653,0.4253243005682208,0.6521689202715971,scale2_parallel_k20_ridge0p1,"2.0x parallel k=20, ridge 0.1",16.0,20.0,0.1,0.92,0.001,1e-06,inferred,0.0001,80.0,1.0,1.0
97,,293,response_tables/trial_00293_hard_negative_structure_obs-empirical_prior-axis_edge_parallel_rel2x.npz,hard_negative_structure,empirical,axis_edge_parallel,2.0,,,4,40,756,quadratic_poisson,pyramid_local_field,,0,3,source_row:9427,source_row:6409,False,2.0,-0.0530427131319584,0.2711838445798192,1.3794191964527072,3.9458020507642018,0.9864505126910504,0.2677159952544724,-0.2677159952544724,0.5174127899989257,28.677927704451367,0.8736176067387061,57.30745247152712,43.37424081038328,0.5336680354414084,0.8333620731433452,0.9128866704817992,scale2_parallel_k20_ridge0p1,"2.0x parallel k=20, ridge 0.1",16.0,20.0,0.1,0.92,0.001,1e-06,inferred,0.0001,80.0,1.0,1.0
98,,296,response_tables/trial_00296_hard_negative_structure_obs-empirical_prior-axis_edge_parallel_rel2x.npz,hard_negative_structure,empirical,axis_edge_parallel,2.0,,,4,40,756,quadratic_poisson,pyramid_local_field,,0,2,source_row:9762,source_row:10818,False,2.0,-0.1382877760556766,0.3354726504258642,1.21974925089163,3.1605556371978336,0.7901389092994584,0.1979114836361153,-0.1979114836361153,0.444872435239716,24.657333143106666,0.836827745856193,44.95094803207424,39.1572683245542,0.5559198520035846,0.631190557912248,0.7944750203198638,scale2_parallel_k20_ridge0p1,"2.0x parallel k=20, ridge 0.1",16.0,20.0,0.1,0.92,0.001,1e-06,inferred,0.0001,80.0,1.0,1.0
99,,299,response_tables/trial_00299_hard_negative_structure_obs-empirical_prior-axis_edge_parallel_rel2x.npz,hard_negative_structure,empirical,axis_edge_parallel,2.0,,,4,40,756,quadratic_poisson,pyramid_local_field,,0,3,source_row:9778,source_row:10803,False,3.0,-0.9382531388259848,0.1845998195720961,1.2411447341736643,3.0691745667690733,0.7672936416922683,0.2579828103986306,-0.2579828103986306,0.5079200826888326,28.151788460852597,0.7916250432255654,44.59023403863701,42.386459785963,0.5780614975825661,0.6837042938929517,0.8268641326680893,scale2_parallel_k20_ridge0p1,"2.0x parallel k=20, ridge 0.1",16.0,20.0,0.1,0.92,0.001,1e-06,inferred,0.0001,80.0,1.0,1.0
100,,302,response_tables/trial_00302_hard_negative_structure_obs-empirical_prior-axis_edge_parallel_rel2x.npz,hard_negative_structure,empirical,axis_edge_parallel,2.0,,,4,40,756,quadratic_poisson,pyramid_local_field,,0,0,source_row:9885,source_row:9885,True,1.0,1.0755531829444749,0.7024508571259785,0.7952084283058213,1.8097799201582028,0.4524449800395507,0.0717918072353687,-0.0717918072353687,0.2679399321403375,14.8507384269959,0.9812493708779216,61.15536240382988,50.975086716914085,1.0,0.0,0.0,scale2_parallel_k20_ridge0p1,"2.0x parallel k=20, ridge 0.1",16.0,20.0,0.1,0.92,0.001,1e-06,inferred,0.0001,80.0,1.0,1.0
101,,305,response_tables/trial_00305_hard_negative_structure_obs-empirical_prior-axis_edge_parallel_rel2x.npz,hard_negative_structure,empirical,axis_edge_parallel,2.0,,,4,40,756,quadratic_poisson,pyramid_local_field,,0,2,source_row:9961,source_row:3345,False,2.0,-0.081536643129084,0.3192315748411585,1.1598469853104003,3.086349404780399,0.7715873511950998,0.1235492286433769,-0.1235492286433769,0.3514957021691403,19.48186927356957,0.9453407070488492,58.78406398711503,52.09108296606298,0.5643572114556832,0.979428193704349,0.989660645728802,scale2_parallel_k20_ridge0p1,"2.0x parallel k=20, ridge 0.1",16.0,20.0,0.1,0.92,0.001,1e-06,inferred,0.0001,80.0,1.0,1.0
102,,308,response_tables/trial_00308_hard_negative_structure_obs-empirical_prior-axis_edge_parallel_rel2x.npz,hard_negative_structure,empirical,axis_edge_parallel,2.0,,,4,40,756,quadratic_poisson,pyramid_local_field,,0,0,source_row:9967,source_row:9967,True,1.0,0.0,0.3318530604520793,1.187100637592993,3.145653748308721,0.7864134370771801,0.1042105986040068,-0.1042105986040068,0.3228166640742185,17.892315638606117,0.9550885989269288,58.78406398711503,52.05543015166971,1.0,0.0,0.0,scale2_parallel_k20_ridge0p1,"2.0x parallel k=20, ridge 0.1",16.0,20.0,0.1,0.92,0.001,1e-06,inferred,0.0001,80.0,1.0,1.0
103,,311,response_tables/trial_00311_hard_negative_structure_obs-empirical_prior-axis_edge_parallel_rel2x.npz,hard_negative_structure,empirical,axis_edge_parallel,2.0,,,4,40,756,quadratic_poisson,pyramid_local_field,,0,0,source_row:9996,source_row:9996,True,1.0,0.4383684716856919,0.4051078904487984,1.3134482101987817,3.468799870969717,0.8671999677424292,0.1469901402631923,-0.1469901402631923,0.3833929319421425,21.249793196370803,0.9121848471088474,49.31233544246631,38.40743291600523,1.0,0.0,0.0,scale2_parallel_k20_ridge0p1,"2.0x parallel k=20, ridge 0.1",16.0,20.0,0.1,0.92,0.001,1e-06,inferred,0.0001,80.0,1.0,1.0
104,,314,response_tables/trial_00314_hard_negative_structure_obs-empirical_prior-axis_edge_parallel_rel2x.npz,hard_negative_structure,empirical,axis_edge_parallel,2.0,,,4,40,756,quadratic_poisson,pyramid_local_field,,0,0,source_row:10001,source_row:10001,True,1.0,0.0391762900006824,0.2840434948511889,1.3770076853828774,3.929431424503124,0.982357856125781,0.19349200376742,-0.19349200376742,0.4398772598889604,24.38047242309948,0.8350148917647775,44.19625240936095,38.64893813350403,1.0000000000000002,0.0,0.0,scale2_parallel_k20_ridge0p1,"2.0x parallel k=20, ridge 0.1",16.0,20.0,0.1,0.92,0.001,1e-06,inferred,0.0001,80.0,1.0,1.0
105,,317,response_tables/trial_00317_hard_negative_structure_obs-empirical_prior-axis_edge_parallel_rel2x.npz,hard_negative_structure,empirical,axis_edge_parallel,2.0,,,4,40,756,quadratic_poisson,pyramid_local_field,,0,0,source_row:10041,source_row:10041,True,1.0,0.0052999241436282,0.3216394518914479,1.235708510078398,3.276351961170979,0.8190879902927447,0.0416132656348714,-0.0416132656348714,0.2039932980145951,11.30645621007418,0.964719922509914,42.12818480740852,38.44736824096131,1.0000000000000002,0.0,0.0,scale2_parallel_k20_ridge0p1,"2.0x parallel k=20, ridge 0.1",16.0,20.0,0.1,0.92,0.001,1e-06,inferred,0.0001,80.0,1.0,1.0
106,,320,response_tables/trial_00320_hard_negative_structure_obs-empirical_prior-axis_edge_parallel_rel2x.npz,hard_negative_structure,empirical,axis_edge_parallel,2.0,,,4,40,756,quadratic_poisson,pyramid_local_field,,0,1,source_row:10140,source_row:9421,False,2.0,-0.5441327384452279,0.215988585637874,1.349549322299412,3.7033883206959146,0.9258470801739788,0.214981387054462,-0.214981387054462,0.4636608534850252,25.698692982938013,0.8073729788654281,43.4361613895876,36.95870725580094,0.6316251688706103,0.3878089698902405,0.6227431010378521,scale2_parallel_k20_ridge0p1,"2.0x parallel k=20, ridge 0.1",16.0,20.0,0.1,0.92,0.001,1e-06,inferred,0.0001,80.0,1.0,1.0
107,,323,response_tables/trial_00323_hard_negative_structure_obs-empirical_prior-axis_edge_parallel_rel2x.npz,hard_negative_structure,empirical,axis_edge_parallel,2.0,,,4,40,756,quadratic_poisson,pyramid_local_field,,0,2,source_row:10161,source_row:369,False,2.0,-0.1874720741582223,0.3639844426317546,1.1844180306469447,2.899274768739452,0.7248186921848631,0.2574136057026811,-0.2574136057026811,0.5073594442825334,28.120714726312283,0.8399454836321802,51.35692402856872,39.38959939221301,0.4701504975379044,0.7914609850741751,0.8896409304175337,scale2_parallel_k20_ridge0p1,"2.0x parallel k=20, ridge 0.1",16.0,20.0,0.1,0.92,0.001,1e-06,inferred,0.0001,80.0,1.0,1.0
108,,326,response_tables/trial_00326_hard_negative_structure_obs-empirical_prior-axis_edge_parallel_rel2x.npz,hard_negative_structure,empirical,axis_edge_parallel,2.0,,,4,40,756,quadratic_poisson,pyramid_local_field,,0,1,source_row:10370,source_row:3076,False,3.0,-1.1575205544928622,0.1659032703329473,1.199970086704895,2.808265602470159,0.7020664006175398,0.4035569114324822,-0.4035569114324822,0.6352612938252119,35.20975478359066,0.7843278964520367,56.161844665714185,49.13997896736121,0.5959936554772504,0.828823319332702,0.9103973414574,scale2_parallel_k20_ridge0p1,"2.0x parallel k=20, ridge 0.1",16.0,20.0,0.1,0.92,0.001,1e-06,inferred,0.0001,80.0,1.0,1.0
109,,329,response_tables/trial_00329_hard_negative_structure_obs-empirical_prior-axis_edge_parallel_rel2x.npz,hard_negative_structure,empirical,axis_edge_parallel,2.0,,,4,40,756,quadratic_poisson,pyramid_local_field,,0,1,source_row:10392,source_row:2457,False,2.0,-0.3867918825155811,0.335017507432427,1.12533397657053,2.6870626026426696,0.6717656506606674,0.272400793664833,-0.272400793664833,0.5219202943600038,28.92775895465058,0.8578361649145889,56.2856330502736,48.01352738701106,0.6113439236229457,0.8084644044927866,0.899146486670991,scale2_parallel_k20_ridge0p1,"2.0x parallel k=20, ridge 0.1",16.0,20.0,0.1,0.92,0.001,1e-06,inferred,0.0001,80.0,1.0,1.0
110,,332,response_tables/trial_00332_hard_negative_structure_obs-empirical_prior-axis_edge_parallel_rel2x.npz,hard_negative_structure,empirical,axis_edge_parallel,2.0,,,4,40,756,quadratic_poisson,pyramid_local_field,,0,0,source_row:10423,source_row:10423,True,1.0,0.3520932721913823,0.3647105210159018,1.3467670661705176,3.694285097293192,0.923571274323298,0.0606221503417074,-0.0606221503417074,0.246215658197661,13.646656947755568,0.965541325212958,51.02443131041159,46.120275114208894,1.0000000000000002,0.0,0.0,scale2_parallel_k20_ridge0p1,"2.0x parallel k=20, ridge 0.1",16.0,20.0,0.1,0.92,0.001,1e-06,inferred,0.0001,80.0,1.0,1.0
111,,335,response_tables/trial_00335_hard_negative_structure_obs-empirical_prior-axis_edge_parallel_rel2x.npz,hard_negative_structure,empirical,axis_edge_parallel,2.0,,,4,40,756,quadratic_poisson,pyramid_local_field,,0,3,source_row:10488,source_row:10423,False,2.0,-0.2950326262961198,0.2719652498151779,1.3354178789766902,3.632324826777072,0.9080812066942678,0.2895735689669333,-0.2895735689669333,0.5381204037824001,29.82566015809909,0.7960565186361795,49.28023670604274,39.32830678100373,0.532614543965962,0.7661197862811564,0.8752826893530777,scale2_parallel_k20_ridge0p1,"2.0x parallel k=20, ridge 0.1",16.0,20.0,0.1,0.92,0.001,1e-06,inferred,0.0001,80.0,1.0,1.0
112,,338,response_tables/trial_00338_hard_negative_structure_obs-empirical_prior-axis_edge_parallel_rel2x.npz,hard_negative_structure,empirical,axis_edge_parallel,2.0,,,4,40,756,quadratic_poisson,pyramid_local_field,,0,0,source_row:10501,source_row:10501,True,1.0,0.4024605800761947,0.3966539239061089,1.3196452370269225,3.510106827280047,0.8775267068200118,0.0709412588384828,-0.0709412588384828,0.2663480032560462,14.762504772287771,0.920115254180931,37.19437210839138,31.82906857149708,1.0000000000000002,0.0,0.0,scale2_parallel_k20_ridge0p1,"2.0x parallel k=20, ridge 0.1",16.0,20.0,0.1,0.92,0.001,1e-06,inferred,0.0001,80.0,1.0,1.0
113,,341,response_tables/trial_00341_hard_negative_structure_obs-empirical_prior-axis_edge_parallel_rel2x.npz,hard_negative_structure,empirical,axis_edge_parallel,2.0,,,4,40,756,quadratic_poisson,pyramid_local_field,,0,0,source_row:10506,source_row:10506,True,1.0,0.6159390029891938,0.5375841414561994,1.0836534826950637,2.543653978026287,0.6359134945065718,0.0350634540714196,-0.0350634540714196,0.1872523806829159,10.37858038979326,0.9745733746677284,43.26221215753869,38.45449902529834,1.0,0.0,0.0,scale2_parallel_k20_ridge0p1,"2.0x parallel k=20, ridge 0.1",16.0,20.0,0.1,0.92,0.001,1e-06,inferred,0.0001,80.0,1.0,1.0
114,,344,response_tables/trial_00344_hard_negative_structure_obs-empirical_prior-axis_edge_parallel_rel2x.npz,hard_negative_structure,empirical,axis_edge_parallel,2.0,,,4,40,756,quadratic_poisson,pyramid_local_field,,0,0,source_row:10563,source_row:10563,True,1.0,3.070184903123561,0.9048785507794131,0.4146367801516084,1.2164425831527956,0.3041106457881989,0.0028782140638869,-0.0028782140638869,0.0536489894022889,2.9735288134236413,0.996702058054566,36.091820546016585,35.45887120220428,0.9999999999999998,0.0,0.0,scale2_parallel_k20_ridge0p1,"2.0x parallel k=20, ridge 0.1",16.0,20.0,0.1,0.92,0.001,1e-06,inferred,0.0001,80.0,1.0,1.0
115,,347,response_tables/trial_00347_hard_negative_structure_obs-empirical_prior-axis_edge_parallel_rel2x.npz,hard_negative_structure,empirical,axis_edge_parallel,2.0,,,4,40,756,quadratic_poisson,pyramid_local_field,,0,0,source_row:10644,source_row:10644,True,1.0,0.5716123250313103,0.5402660717918275,1.073602505438198,2.503409714294605,0.6258524285736512,0.0521278133838759,-0.0521278133838759,0.2283151624046811,12.654510765543916,0.9333528406448076,34.38039272564924,34.887527520382434,1.0000000000000002,0.0,0.0,scale2_parallel_k20_ridge0p1,"2.0x parallel k=20, ridge 0.1",16.0,20.0,0.1,0.92,0.001,1e-06,inferred,0.0001,80.0,1.0,1.0
116,,350,response_tables/trial_00350_hard_negative_structure_obs-empirical_prior-axis_edge_parallel_rel2x.npz,hard_negative_structure,empirical,axis_edge_parallel,2.0,,,4,40,756,quadratic_poisson,pyramid_local_field,,0,1,source_row:10726,source_row:8933,False,2.0,-0.6178926257035755,0.3348780101867109,0.8296693310686125,2.003976446069923,0.5009941115174807,0.1577405026167039,-0.1577405026167039,0.3971655858917083,22.013151161033587,0.8538846283885214,41.98218841405252,38.521868692809285,0.6733133876842274,0.380251485939697,0.6166453485916333,scale2_parallel_k20_ridge0p1,"2.0x parallel k=20, ridge 0.1",16.0,20.0,0.1,0.92,0.001,1e-06,inferred,0.0001,80.0,1.0,1.0
117,,353,response_tables/trial_00353_hard_negative_structure_obs-empirical_prior-axis_edge_parallel_rel2x.npz,hard_negative_structure,empirical,axis_edge_parallel,2.0,,,4,40,756,quadratic_poisson,pyramid_local_field,,0,0,source_row:10765,source_row:10765,True,1.0,1.6828313750038433,0.6961599901876029,0.9420390419142594,1.9356049519816687,0.4839012379954173,0.0390491469359264,-0.0390491469359264,0.1976085699961579,10.952578663820043,0.9670329652404502,41.7706986609951,37.78326442407591,1.0,0.0,0.0,scale2_parallel_k20_ridge0p1,"2.0x parallel k=20, ridge 0.1",16.0,20.0,0.1,0.92,0.001,1e-06,inferred,0.0001,80.0,1.0,1.0
118,,356,response_tables/trial_00356_hard_negative_structure_obs-empirical_prior-axis_edge_parallel_rel2x.npz,hard_negative_structure,empirical,axis_edge_parallel,2.0,,,4,40,756,quadratic_poisson,pyramid_local_field,,0,0,source_row:10803,source_row:10803,True,1.0,3.175866961867939,0.914607140355846,0.3828609231688584,1.1917619665693449,0.2979404916423362,0.0045074990900511,-0.0045074990900511,0.0671379109747325,3.721160733512732,0.9982327415917472,53.640705188091566,51.62599435382906,1.0,0.0,0.0,scale2_parallel_k20_ridge0p1,"2.0x parallel k=20, ridge 0.1",16.0,20.0,0.1,0.92,0.001,1e-06,inferred,0.0001,80.0,1.0,1.0
119,,359,response_tables/trial_00359_hard_negative_structure_obs-empirical_prior-axis_edge_parallel_rel2x.npz,hard_negative_structure,empirical,axis_edge_parallel,2.0,,,4,40,756,quadratic_poisson,pyramid_local_field,,0,0,source_row:10818,source_row:10818,True,1.0,0.8241335694793861,0.4338791686927866,1.306294226766187,3.388755186799913,0.8471887966999784,0.2814044976232795,-0.2814044976232795,0.5304757276476272,29.40194919896834,0.8076189514183462,48.28903858484864,46.318739767015394,1.0,0.0,0.0,scale2_parallel_k20_ridge0p1,"2.0x parallel k=20, ridge 0.1",16.0,20.0,0.1,0.92,0.001,1e-06,inferred,0.0001,80.0,1.0,1.0
120,,362,response_tables/trial_00362_hard_negative_structure_obs-empirical_prior-axis_edge_parallel_rel2x.npz,hard_negative_structure,empirical,axis_edge_parallel,2.0,,,4,40,756,quadratic_poisson,pyramid_local_field,,0,0,source_row:11021,source_row:11021,True,1.0,0.1849884713820415,0.3216841956886445,1.3606525670827287,3.811816307048657,0.9529540767621644,0.2579078888927446,-0.2579078888927446,0.5078463240910035,28.14770034440667,0.8753876954610926,57.75066560606587,46.96492876578263,1.0,0.0,0.0,scale2_parallel_k20_ridge0p1,"2.0x parallel k=20, ridge 0.1",16.0,20.0,0.1,0.92,0.001,1e-06,inferred,0.0001,80.0,1.0,1.0
121,,365,response_tables/trial_00365_hard_negative_structure_obs-empirical_prior-axis_edge_parallel_rel2x.npz,hard_negative_structure,empirical,axis_edge_parallel,2.0,,,4,40,756,quadratic_poisson,pyramid_local_field,,0,0,source_row:11058,source_row:11058,True,1.0,0.7277875565671934,0.5299372033395232,1.021874300149492,2.552674574960848,0.638168643740212,0.114273166983432,-0.114273166983432,0.3380431436716799,18.736252799668964,0.941002275765002,50.66630318008844,40.12201662379632,1.0,0.0,0.0,scale2_parallel_k20_ridge0p1,"2.0x parallel k=20, ridge 0.1",16.0,20.0,0.1,0.92,0.001,1e-06,inferred,0.0001,80.0,1.0,1.0
122,,368,response_tables/trial_00368_hard_negative_structure_obs-empirical_prior-axis_edge_parallel_rel2x.npz,hard_negative_structure,empirical,axis_edge_parallel,2.0,,,4,40,756,quadratic_poisson,pyramid_local_field,,0,1,source_row:11072,source_row:369,False,3.0,-0.7043741621982349,0.2119220377437426,1.239186351264346,3.1584290380827804,0.7896072595206951,0.2241704056715311,-0.2241704056715311,0.4734663722710739,26.24216999836225,0.7201739048298137,33.70902438010637,36.179922317686696,0.4893906604970046,0.5196763272299801,0.7208857934721561,scale2_parallel_k20_ridge0p1,"2.0x parallel k=20, ridge 0.1",16.0,20.0,0.1,0.92,0.001,1e-06,inferred,0.0001,80.0,1.0,1.0
123,,371,response_tables/trial_00371_hard_negative_structure_obs-empirical_prior-axis_edge_parallel_rel2x.npz,hard_negative_structure,empirical,axis_edge_parallel,2.0,,,4,40,756,quadratic_poisson,pyramid_local_field,,0,0,source_row:11226,source_row:11226,True,1.0,0.1099026183813975,0.3876409480535359,1.2435483800272586,3.196272745181127,0.7990681862952818,0.0165397811991753,-0.0165397811991753,0.1286070806727815,7.128127934027742,0.9870565566119172,41.9773301303274,39.09087481182255,1.0,0.0,0.0,scale2_parallel_k20_ridge0p1,"2.0x parallel k=20, ridge 0.1",16.0,20.0,0.1,0.92,0.001,1e-06,inferred,0.0001,80.0,1.0,1.0
124,,374,response_tables/trial_00374_hard_negative_structure_obs-empirical_prior-axis_edge_parallel_rel2x.npz,hard_negative_structure,empirical,axis_edge_parallel,2.0,,,4,40,756,quadratic_poisson,pyramid_local_field,,0,3,source_row:11361,source_row:4460,False,3.0,-0.1563609355284256,0.2406308010810742,1.3786754086137345,3.941296641366648,0.985324160341662,0.1666755827811774,-0.1666755827811774,0.4082592102833412,22.628022235798184,0.8428998130924457,41.60280559382727,31.76120823150882,0.546001842595326,0.4484002153772968,0.6696269225302227,scale2_parallel_k20_ridge0p1,"2.0x parallel k=20, ridge 0.1",16.0,20.0,0.1,0.92,0.001,1e-06,inferred,0.0001,80.0,1.0,1.0
125,,377,response_tables/trial_00377_hard_negative_structure_obs-empirical_prior-axis_edge_parallel_rel2x.npz,hard_negative_structure,empirical,axis_edge_parallel,2.0,,,4,40,756,quadratic_poisson,pyramid_local_field,,0,0,source_row:11459,source_row:11459,True,1.0,1.4969635472794494,0.754690460307376,0.7622378725171566,1.6638775726370734,0.4159693931592683,0.0358567233712559,-0.0358567233712559,0.189358716121693,10.495325349721092,0.9780937437375316,49.53713257357983,46.49831531669009,1.0,0.0,0.0,scale2_parallel_k20_ridge0p1,"2.0x parallel k=20, ridge 0.1",16.0,20.0,0.1,0.92,0.001,1e-06,inferred,0.0001,80.0,1.0,1.0
126,,380,response_tables/trial_00380_hard_negative_structure_obs-empirical_prior-axis_edge_parallel_rel2x.npz,hard_negative_structure,empirical,axis_edge_parallel,2.0,,,4,40,756,quadratic_poisson,pyramid_local_field,,0,0,source_row:11510,source_row:11510,True,1.0,0.5853463848102365,0.475161070863282,1.2353039884746486,3.0316421808327925,0.7579105452081981,0.1042840247279219,-0.1042840247279219,0.3229303713309139,17.89861793447126,0.9179345294583272,44.54144309174326,38.04080197423896,1.0,0.0,0.0,scale2_parallel_k20_ridge0p1,"2.0x parallel k=20, ridge 0.1",16.0,20.0,0.1,0.92,0.001,1e-06,inferred,0.0001,80.0,1.0,1.0
127,,383,response_tables/trial_00383_hard_negative_structure_obs-empirical_prior-axis_edge_parallel_rel2x.npz,hard_negative_structure,empirical,axis_edge_parallel,2.0,,,4,40,756,quadratic_poisson,pyramid_local_field,,0,0,source_row:11747,source_row:11747,True,1.0,0.0948357433813953,0.3032801712153158,1.3729649706740277,3.895883176097629,0.9739707940244072,0.1905643843860567,-0.1905643843860567,0.4365368075959422,24.195325764162924,0.8702796301543378,49.01503136176281,44.25104072621152,1.0,0.0,0.0,scale2_parallel_k20_ridge0p1,"2.0x parallel k=20, ridge 0.1",16.0,20.0,0.1,0.92,0.001,1e-06,inferred,0.0001,80.0,1.0,1.0
