table_index,trial_id,response_cache_path,candidate_set_mode,observation_family,prior_family,prior_scale,n_candidates,n_trajectories,n_timebins,n_units,basis_dim,ridge,alpha,process_var,observation_var_floor,trajectory_initial_position,trajectory_initial_position_var,optimizer_max_iter,quadratic_continuation_scales,observation_continuation_scales,observer_mode,latent,image_correct,true_rank,true_margin,candidate_posterior_true_mass,candidate_posterior_entropy,candidate_posterior_N_eff,candidate_posterior_N_eff_fraction,pred_candidate_index_local,true_candidate_index_local,pred_candidate_id,true_candidate_id,feature_mse,feature_neg_mse,feature_rmse,feature_l2_error,feature_cosine,feature_true_norm,feature_pred_norm,map_feature_cosine,map_feature_mse,map_feature_rmse
0,0,response_tables/trial_00000_hard_negative_structure_obs-empirical_prior-axis_edge_parallel_rel0p5x.npz,hard_negative_structure,empirical,axis_edge_parallel,0.5,4,16,40,756,10,0.01,0.92,0.001,1e-06,inferred,0.0001,80,"0.5,1","1,1",zero,pyramid_local_field,False,3.0,-0.47224503514360094,0.216478538428263,1.3000578597288563,3.4642815302126446,0.8660703825531612,1,0,source_row:9427,source_row:25,0.28613467539691434,-0.28613467539691434,0.5349155778222525,29.648030673542564,0.8446510236346856,55.35716385314352,45.834150316674005,0.7413606378765814,0.5354190394629591,0.731723335327608
0,0,response_tables/trial_00000_hard_negative_structure_obs-empirical_prior-axis_edge_parallel_rel0p5x.npz,hard_negative_structure,empirical,axis_edge_parallel,0.5,4,16,40,756,10,0.01,0.92,0.001,1e-06,inferred,0.0001,80,"0.5,1","1,1",joint,pyramid_local_field,True,1.0,0.13206000584409594,0.37544542556411054,1.2652073943054094,3.3070331267589723,0.8267582816897431,0,0,source_row:25,source_row:25,0.17346011686154172,-0.17346011686154172,0.41648543415291456,23.083965842087363,0.9109887493744887,55.35716385314352,47.021832704464565,1.0,0.0,0.0
0,0,response_tables/trial_00000_hard_negative_structure_obs-empirical_prior-axis_edge_parallel_rel0p5x.npz,hard_negative_structure,empirical,axis_edge_parallel,0.5,4,16,40,756,10,0.01,0.92,0.001,1e-06,inferred,0.0001,80,"0.5,1","1,1",best_single_tau,pyramid_local_field,True,1.0,0.23052935388284368,0.3829331828919398,1.2657297517781678,3.3189963711621258,0.8297490927905314,0,0,source_row:25,source_row:25,0.17224415774128174,-0.17224415774128174,0.4150230809741571,23.002914001952394,0.9119676405183758,55.35716385314352,46.830604839861564,1.0,0.0,0.0
0,0,response_tables/trial_00000_hard_negative_structure_obs-empirical_prior-axis_edge_parallel_rel0p5x.npz,hard_negative_structure,empirical,axis_edge_parallel,0.5,4,16,40,756,10,0.01,0.92,0.001,1e-06,inferred,0.0001,80,"0.5,1","1,1",linear_continuous,pyramid_local_field,False,3.0,-7.230278138435953,0.0007078815320027787,0.11149825249553712,1.0464514092006405,0.2616128523001601,1,0,source_row:9427,source_row:25,0.5224804848292554,-0.5224804848292554,0.7228281156881319,40.0632006883558,0.7444593924373188,55.35716385314352,56.67092172479477,0.7413606378765814,0.5354190394629591,0.731723335327608
0,0,response_tables/trial_00000_hard_negative_structure_obs-empirical_prior-axis_edge_parallel_rel0p5x.npz,hard_negative_structure,empirical,axis_edge_parallel,0.5,4,16,40,756,10,0.01,0.92,0.001,1e-06,inferred,0.0001,80,"0.5,1","1,1",quadratic_profile,pyramid_local_field,True,1.0,1.8691609496635042,0.8663347849736394,0.3935810080404071,1.3014153209416894,0.32535383023542236,0,0,source_row:25,source_row:25,0.009563669086790428,-0.009563669086790428,0.09779401355292883,5.420294404792068,0.9954398916937734,55.35716385314352,53.8819533633171,1.0,0.0,0.0
0,0,response_tables/trial_00000_hard_negative_structure_obs-empirical_prior-axis_edge_parallel_rel0p5x.npz,hard_negative_structure,empirical,axis_edge_parallel,0.5,4,16,40,756,10,0.01,0.92,0.001,1e-06,inferred,0.0001,80,"0.5,1","1,1",quadratic_poisson,pyramid_local_field,True,1.0,0.07102662129079818,0.3384101740018191,1.2736969980131794,3.393302867641223,0.8483257169103058,0,0,source_row:25,source_row:25,0.20049749306651887,-0.20049749306651887,0.447769464196163,24.81790278610072,0.8955356104020635,55.35716385314352,46.553538167951665,1.0,0.0,0.0
0,0,response_tables/trial_00000_hard_negative_structure_obs-empirical_prior-axis_edge_parallel_rel0p5x.npz,hard_negative_structure,empirical,axis_edge_parallel,0.5,4,16,40,756,10,0.01,0.92,0.001,1e-06,inferred,0.0001,80,"0.5,1","1,1",known,pyramid_local_field,True,1.0,0.45850332961396134,0.5061672402740972,1.1017022837897752,2.6388035900431803,0.6597008975107951,0,0,source_row:25,source_row:25,0.10617092786059047,-0.10617092786059047,0.32583880656022307,18.059819777277234,0.9473332630372717,55.35716385314352,48.99616654861437,1.0,0.0,0.0
1,0,response_tables/trial_00000_hard_negative_structure_obs-empirical_prior-axis_edge_orthogonal_rel0p5x.npz,hard_negative_structure,empirical,axis_edge_orthogonal,0.5,4,16,40,756,10,0.01,0.92,0.001,1e-06,inferred,0.0001,80,"0.5,1","1,1",zero,pyramid_local_field,False,3.0,-0.47224503514360094,0.216478538428263,1.3000578597288563,3.4642815302126446,0.8660703825531612,1,0,source_row:9427,source_row:25,0.28613467539691434,-0.28613467539691434,0.5349155778222525,29.648030673542564,0.8446510236346856,55.35716385314352,45.834150316674005,0.7413606378765814,0.5354190394629591,0.731723335327608
1,0,response_tables/trial_00000_hard_negative_structure_obs-empirical_prior-axis_edge_orthogonal_rel0p5x.npz,hard_negative_structure,empirical,axis_edge_orthogonal,0.5,4,16,40,756,10,0.01,0.92,0.001,1e-06,inferred,0.0001,80,"0.5,1","1,1",joint,pyramid_local_field,True,1.0,0.13135545447744335,0.39305224805098105,1.2038265383694742,3.09724565752339,0.7743114143808475,0,0,source_row:25,source_row:25,0.16273233247929694,-0.16273233247929694,0.40340095745956894,22.35875053254095,0.9164714136823083,55.35716385314352,47.67358102274425,1.0,0.0,0.0
1,0,response_tables/trial_00000_hard_negative_structure_obs-empirical_prior-axis_edge_orthogonal_rel0p5x.npz,hard_negative_structure,empirical,axis_edge_orthogonal,0.5,4,16,40,756,10,0.01,0.92,0.001,1e-06,inferred,0.0001,80,"0.5,1","1,1",best_single_tau,pyramid_local_field,True,1.0,0.2205910861048892,0.4028580543208411,1.2356755420745804,3.177280965610773,0.7943202414026932,0,0,source_row:25,source_row:25,0.15795015960945644,-0.15795015960945644,0.39742943978706013,22.027775428314367,0.9196560379506352,55.35716385314352,47.36137019988892,1.0,0.0,0.0
1,0,response_tables/trial_00000_hard_negative_structure_obs-empirical_prior-axis_edge_orthogonal_rel0p5x.npz,hard_negative_structure,empirical,axis_edge_orthogonal,0.5,4,16,40,756,10,0.01,0.92,0.001,1e-06,inferred,0.0001,80,"0.5,1","1,1",linear_continuous,pyramid_local_field,False,2.0,-4.124669442653445,0.015844681563728227,0.10852204737999306,1.0410440336765079,0.26026100841912697,1,0,source_row:9427,source_row:25,0.5162266637516412,-0.5162266637516412,0.7184891535379231,39.82271099567484,0.748800898106238,55.35716385314352,56.93242023632852,0.7413606378765814,0.5354190394629591,0.731723335327608
1,0,response_tables/trial_00000_hard_negative_structure_obs-empirical_prior-axis_edge_orthogonal_rel0p5x.npz,hard_negative_structure,empirical,axis_edge_orthogonal,0.5,4,16,40,756,10,0.01,0.92,0.001,1e-06,inferred,0.0001,80,"0.5,1","1,1",quadratic_profile,pyramid_local_field,False,2.0,-0.290230407256427,0.4279284057375319,0.6831880558953431,1.959486867034629,0.48987171675865726,1,0,source_row:9427,source_row:25,0.17520977318284472,-0.17520977318284472,0.4185806650848134,23.200095327771802,0.9090396235861918,55.35716385314352,52.79530711632644,0.7413606378765814,0.5354190394629591,0.731723335327608
1,0,response_tables/trial_00000_hard_negative_structure_obs-empirical_prior-axis_edge_orthogonal_rel0p5x.npz,hard_negative_structure,empirical,axis_edge_orthogonal,0.5,4,16,40,756,10,0.01,0.92,0.001,1e-06,inferred,0.0001,80,"0.5,1","1,1",quadratic_poisson,pyramid_local_field,True,1.0,0.06350225478280436,0.33702476060552944,1.2738728472802974,3.3944299228054287,0.8486074807013572,0,0,source_row:25,source_row:25,0.20126562001507095,-0.20126562001507095,0.4486263701735231,24.86539733618383,0.8950790301424498,55.35716385314352,46.55246913326097,1.0,0.0,0.0
1,0,response_tables/trial_00000_hard_negative_structure_obs-empirical_prior-axis_edge_orthogonal_rel0p5x.npz,hard_negative_structure,empirical,axis_edge_orthogonal,0.5,4,16,40,756,10,0.01,0.92,0.001,1e-06,inferred,0.0001,80,"0.5,1","1,1",known,pyramid_local_field,True,1.0,0.45850332961396134,0.5061672402740972,1.1017022837897752,2.6388035900431803,0.6597008975107951,0,0,source_row:25,source_row:25,0.10617092786059047,-0.10617092786059047,0.32583880656022307,18.059819777277234,0.9473332630372717,55.35716385314352,48.99616654861437,1.0,0.0,0.0
2,1,response_tables/trial_00001_hard_negative_structure_obs-empirical_prior-axis_edge_parallel_rel1x.npz,hard_negative_structure,empirical,axis_edge_parallel,1.0,4,16,40,756,10,0.01,0.92,0.001,1e-06,inferred,0.0001,80,"0.5,1","1,1",zero,pyramid_local_field,False,4.0,-3.6006411624255747,0.012441383640783675,1.0735019260021232,2.689351142685115,0.6723377856712788,3,0,source_row:11021,source_row:25,0.6336771234247979,-0.6336771234247979,0.7960383931851515,44.12092613670954,0.633743942036874,55.35716385314352,45.712695642509196,0.4124758489174986,1.2246927448888103,1.1066583686435532
2,1,response_tables/trial_00001_hard_negative_structure_obs-empirical_prior-axis_edge_parallel_rel1x.npz,hard_negative_structure,empirical,axis_edge_parallel,1.0,4,16,40,756,10,0.01,0.92,0.001,1e-06,inferred,0.0001,80,"0.5,1","1,1",joint,pyramid_local_field,True,1.0,0.18964979888573907,0.3722498263742985,1.2604598173376198,3.317005660321086,0.8292514150802714,0,0,source_row:25,source_row:25,0.17893884155058434,-0.17893884155058434,0.4230116328785585,23.44568449082677,0.9080192385566996,55.35716385314352,46.81690205959959,1.0,0.0,0.0
2,1,response_tables/trial_00001_hard_negative_structure_obs-empirical_prior-axis_edge_parallel_rel1x.npz,hard_negative_structure,empirical,axis_edge_parallel,1.0,4,16,40,756,10,0.01,0.92,0.001,1e-06,inferred,0.0001,80,"0.5,1","1,1",best_single_tau,pyramid_local_field,True,1.0,0.2704393984897706,0.41003587802925023,1.2323688654438998,3.164131310620042,0.7910328276550105,0,0,source_row:25,source_row:25,0.15492986509373166,-0.15492986509373166,0.39361131220244633,21.816153317391766,0.9214628507444084,55.35716385314352,47.33462938241662,1.0,0.0,0.0
2,1,response_tables/trial_00001_hard_negative_structure_obs-empirical_prior-axis_edge_parallel_rel1x.npz,hard_negative_structure,empirical,axis_edge_parallel,1.0,4,16,40,756,10,0.01,0.92,0.001,1e-06,inferred,0.0001,80,"0.5,1","1,1",linear_continuous,pyramid_local_field,False,4.0,-38.986919773327344,1.1697543308171562e-17,0.0021821233595214714,1.0004661632330285,0.2501165408082571,2,0,source_row:9142,source_row:25,0.8625023216628968,-0.8625023216628968,0.9287100309907806,51.47433469359676,0.5452054142893874,55.35716385314352,52.454009977315096,0.5450920735126369,0.8627886600790683,0.9288641774118906
2,1,response_tables/trial_00001_hard_negative_structure_obs-empirical_prior-axis_edge_parallel_rel1x.npz,hard_negative_structure,empirical,axis_edge_parallel,1.0,4,16,40,756,10,0.01,0.92,0.001,1e-06,inferred,0.0001,80,"0.5,1","1,1",quadratic_profile,pyramid_local_field,False,3.0,-7.947302124242626,0.0003480287074053852,0.08286997679924697,1.0321050242870276,0.2580262560717569,2,0,source_row:9142,source_row:25,0.843423009217631,-0.843423009217631,0.9183806450582629,50.9018220137213,0.5528571293301796,55.35716385314352,52.12718619804472,0.5450920735126369,0.8627886600790683,0.9288641774118906
2,1,response_tables/trial_00001_hard_negative_structure_obs-empirical_prior-axis_edge_parallel_rel1x.npz,hard_negative_structure,empirical,axis_edge_parallel,1.0,4,16,40,756,10,0.01,0.92,0.001,1e-06,inferred,0.0001,80,"0.5,1","1,1",quadratic_poisson,pyramid_local_field,False,3.0,-0.4739918647418335,0.23496206790633845,1.2981616366930921,3.449845718918027,0.8624614297295068,2,0,source_row:9142,source_row:25,0.28876052853157147,-0.28876052853157147,0.5373644280482022,29.783759729909647,0.8431890191428117,55.35716385314352,45.51150978226708,0.5450920735126369,0.8627886600790683,0.9288641774118906
2,1,response_tables/trial_00001_hard_negative_structure_obs-empirical_prior-axis_edge_parallel_rel1x.npz,hard_negative_structure,empirical,axis_edge_parallel,1.0,4,16,40,756,10,0.01,0.92,0.001,1e-06,inferred,0.0001,80,"0.5,1","1,1",known,pyramid_local_field,True,1.0,0.4901839647392876,0.5046719455471399,1.1036137154591994,2.663169460854625,0.6657923652136563,0,0,source_row:25,source_row:25,0.10722859712246137,-0.10722859712246137,0.3274577791448256,18.1495523460002,0.946932517261144,55.35716385314352,48.842560558043154,1.0,0.0,0.0
3,1,response_tables/trial_00001_hard_negative_structure_obs-empirical_prior-axis_edge_orthogonal_rel1x.npz,hard_negative_structure,empirical,axis_edge_orthogonal,1.0,4,16,40,756,10,0.01,0.92,0.001,1e-06,inferred,0.0001,80,"0.5,1","1,1",zero,pyramid_local_field,False,4.0,-3.6006411624255747,0.012441383640783675,1.0735019260021232,2.689351142685115,0.6723377856712788,3,0,source_row:11021,source_row:25,0.6336771234247979,-0.6336771234247979,0.7960383931851515,44.12092613670954,0.633743942036874,55.35716385314352,45.712695642509196,0.4124758489174986,1.2246927448888103,1.1066583686435532
3,1,response_tables/trial_00001_hard_negative_structure_obs-empirical_prior-axis_edge_orthogonal_rel1x.npz,hard_negative_structure,empirical,axis_edge_orthogonal,1.0,4,16,40,756,10,0.01,0.92,0.001,1e-06,inferred,0.0001,80,"0.5,1","1,1",joint,pyramid_local_field,False,2.0,-0.01637233322355769,0.330428503934232,1.254988351629615,3.3252237596839334,0.8313059399209833,1,0,source_row:9427,source_row:25,0.20325715021013593,-0.20325715021013593,0.4508404930905563,24.988116484551963,0.8936262079165979,55.35716385314352,46.79765942836126,0.7413606378765814,0.5354190394629591,0.731723335327608
3,1,response_tables/trial_00001_hard_negative_structure_obs-empirical_prior-axis_edge_orthogonal_rel1x.npz,hard_negative_structure,empirical,axis_edge_orthogonal,1.0,4,16,40,756,10,0.01,0.92,0.001,1e-06,inferred,0.0001,80,"0.5,1","1,1",best_single_tau,pyramid_local_field,True,1.0,0.24002754216542144,0.37819658156265884,1.2514860976097892,3.2864205847371624,0.8216051461842906,0,0,source_row:25,source_row:25,0.1772543909107707,-0.1772543909107707,0.4210159033941244,23.335069935140275,0.9090232876181977,55.35716385314352,46.81267279619903,1.0,0.0,0.0
3,1,response_tables/trial_00001_hard_negative_structure_obs-empirical_prior-axis_edge_orthogonal_rel1x.npz,hard_negative_structure,empirical,axis_edge_orthogonal,1.0,4,16,40,756,10,0.01,0.92,0.001,1e-06,inferred,0.0001,80,"0.5,1","1,1",linear_continuous,pyramid_local_field,False,3.0,-19.911416759730557,2.1850530206530994e-09,0.13389738070362733,1.0612821638473668,0.2653205409618417,2,0,source_row:9142,source_row:25,0.8270157802514077,-0.8270157802514077,0.9094040797420075,50.40429026315443,0.5595295032707852,55.35716385314352,51.84412406386987,0.5450920735126369,0.8627886600790683,0.9288641774118906
3,1,response_tables/trial_00001_hard_negative_structure_obs-empirical_prior-axis_edge_orthogonal_rel1x.npz,hard_negative_structure,empirical,axis_edge_orthogonal,1.0,4,16,40,756,10,0.01,0.92,0.001,1e-06,inferred,0.0001,80,"0.5,1","1,1",quadratic_profile,pyramid_local_field,False,3.0,-4.139612614941839,0.014494324464577072,0.34243385119565634,1.1991880682042309,0.2997970170510577,1,0,source_row:9427,source_row:25,0.4823909487818239,-0.4823909487818239,0.6945436982521862,38.495519150386365,0.756684738509706,55.35716385314352,55.0061273000599,0.7413606378765814,0.5354190394629591,0.731723335327608
3,1,response_tables/trial_00001_hard_negative_structure_obs-empirical_prior-axis_edge_orthogonal_rel1x.npz,hard_negative_structure,empirical,axis_edge_orthogonal,1.0,4,16,40,756,10,0.01,0.92,0.001,1e-06,inferred,0.0001,80,"0.5,1","1,1",quadratic_poisson,pyramid_local_field,False,3.0,-0.2509505515519095,0.27136824805663234,1.2943257459573099,3.4685381850651393,0.8671345462662848,2,0,source_row:9142,source_row:25,0.25657504003101683,-0.25657504003101683,0.5065323681967588,28.074873516639105,0.8625812472477206,55.35716385314352,45.78782166658151,0.5450920735126369,0.8627886600790683,0.9288641774118906
3,1,response_tables/trial_00001_hard_negative_structure_obs-empirical_prior-axis_edge_orthogonal_rel1x.npz,hard_negative_structure,empirical,axis_edge_orthogonal,1.0,4,16,40,756,10,0.01,0.92,0.001,1e-06,inferred,0.0001,80,"0.5,1","1,1",known,pyramid_local_field,True,1.0,0.4901839647392876,0.5046719455471399,1.1036137154591994,2.663169460854625,0.6657923652136563,0,0,source_row:25,source_row:25,0.10722859712246137,-0.10722859712246137,0.3274577791448256,18.1495523460002,0.946932517261144,55.35716385314352,48.842560558043154,1.0,0.0,0.0
4,2,response_tables/trial_00002_hard_negative_structure_obs-empirical_prior-axis_edge_parallel_rel2x.npz,hard_negative_structure,empirical,axis_edge_parallel,2.0,4,16,40,756,10,0.01,0.92,0.001,1e-06,inferred,0.0001,80,"0.5,1","1,1",zero,pyramid_local_field,False,4.0,-10.071759063564741,3.7398289112434944e-05,0.4001013072318432,1.260024708557097,0.31500617713927426,3,0,source_row:11021,source_row:25,1.0687609463767147,-1.0687609463767147,1.0338089506174315,57.29950808924338,0.45319087219728366,55.35716385314352,54.21112722888615,0.4124758489174986,1.2246927448888103,1.1066583686435532
4,2,response_tables/trial_00002_hard_negative_structure_obs-empirical_prior-axis_edge_parallel_rel2x.npz,hard_negative_structure,empirical,axis_edge_parallel,2.0,4,16,40,756,10,0.01,0.92,0.001,1e-06,inferred,0.0001,80,"0.5,1","1,1",joint,pyramid_local_field,False,3.0,-0.5056345907526065,0.23942941942192286,1.1420721249327745,2.9754323272077388,0.7438580818019347,2,0,source_row:9142,source_row:25,0.27914689019417177,-0.27914689019417177,0.5283435342598334,29.283771046033255,0.8486269226418334,55.35716385314352,46.84857366593143,0.5450920735126369,0.8627886600790683,0.9288641774118906
4,2,response_tables/trial_00002_hard_negative_structure_obs-empirical_prior-axis_edge_parallel_rel2x.npz,hard_negative_structure,empirical,axis_edge_parallel,2.0,4,16,40,756,10,0.01,0.92,0.001,1e-06,inferred,0.0001,80,"0.5,1","1,1",best_single_tau,pyramid_local_field,False,3.0,-0.4414469924191735,0.24825368840249826,1.1254065611864243,2.9620751231869558,0.7405187807967389,2,0,source_row:9142,source_row:25,0.2705798155929332,-0.2705798155929332,0.5201728708736483,28.830906914307963,0.8536795243584162,55.35716385314352,47.02092544895285,0.5450920735126369,0.8627886600790683,0.9288641774118906
4,2,response_tables/trial_00002_hard_negative_structure_obs-empirical_prior-axis_edge_parallel_rel2x.npz,hard_negative_structure,empirical,axis_edge_parallel,2.0,4,16,40,756,10,0.01,0.92,0.001,1e-06,inferred,0.0001,80,"0.5,1","1,1",linear_continuous,pyramid_local_field,False,3.0,-73.28260400875712,1.4792518727753015e-32,0.049206850807214465,1.0172375866955539,0.25430939667388847,2,0,source_row:9142,source_row:25,0.852351866297779,-0.852351866297779,0.9232290432486291,51.17054751775456,0.5492461676656963,55.35716385314352,52.27834124762653,0.5450920735126369,0.8627886600790683,0.9288641774118906
4,2,response_tables/trial_00002_hard_negative_structure_obs-empirical_prior-axis_edge_parallel_rel2x.npz,hard_negative_structure,empirical,axis_edge_parallel,2.0,4,16,40,756,10,0.01,0.92,0.001,1e-06,inferred,0.0001,80,"0.5,1","1,1",quadratic_profile,pyramid_local_field,False,3.0,-20.149624365489522,1.7747178486235557e-09,3.7495675166099316e-07,1.0000000393733903,0.2500000098433476,2,0,source_row:9142,source_row:25,0.8627886350030826,-0.8627886350030826,0.9288641639136923,51.48287760731202,0.5450920835411874,55.35716385314352,52.45897808993277,0.5450920735126369,0.8627886600790683,0.9288641774118906
4,2,response_tables/trial_00002_hard_negative_structure_obs-empirical_prior-axis_edge_parallel_rel2x.npz,hard_negative_structure,empirical,axis_edge_parallel,2.0,4,16,40,756,10,0.01,0.92,0.001,1e-06,inferred,0.0001,80,"0.5,1","1,1",quadratic_poisson,pyramid_local_field,False,3.0,-1.4997827142896085,0.1365610166776057,1.0586036039882916,2.308559200283385,0.5771398000708462,2,0,source_row:9142,source_row:25,0.45011982194250644,-0.45011982194250644,0.6709096973084429,37.185589856924146,0.746390566284993,55.35716385314352,46.371280512286845,0.5450920735126369,0.8627886600790683,0.9288641774118906
4,2,response_tables/trial_00002_hard_negative_structure_obs-empirical_prior-axis_edge_parallel_rel2x.npz,hard_negative_structure,empirical,axis_edge_parallel,2.0,4,16,40,756,10,0.01,0.92,0.001,1e-06,inferred,0.0001,80,"0.5,1","1,1",known,pyramid_local_field,True,1.0,0.644002530185503,0.5414408862121879,1.0542710882133128,2.509666688667204,0.627416672166801,0,0,source_row:25,source_row:25,0.09245384021882819,-0.09245384021882819,0.3040622308324863,16.852839438867274,0.954869036999682,55.35716385314352,49.162930846571314,1.0,0.0,0.0
5,2,response_tables/trial_00002_hard_negative_structure_obs-empirical_prior-axis_edge_orthogonal_rel2x.npz,hard_negative_structure,empirical,axis_edge_orthogonal,2.0,4,16,40,756,10,0.01,0.92,0.001,1e-06,inferred,0.0001,80,"0.5,1","1,1",zero,pyramid_local_field,False,4.0,-10.071759063564741,3.7398289112434944e-05,0.4001013072318432,1.260024708557097,0.31500617713927426,3,0,source_row:11021,source_row:25,1.0687609463767147,-1.0687609463767147,1.0338089506174315,57.29950808924338,0.45319087219728366,55.35716385314352,54.21112722888615,0.4124758489174986,1.2246927448888103,1.1066583686435532
5,2,response_tables/trial_00002_hard_negative_structure_obs-empirical_prior-axis_edge_orthogonal_rel2x.npz,hard_negative_structure,empirical,axis_edge_orthogonal,2.0,4,16,40,756,10,0.01,0.92,0.001,1e-06,inferred,0.0001,80,"0.5,1","1,1",joint,pyramid_local_field,False,3.0,-0.3701451009662833,0.2485033105609677,1.2877485573385479,3.426727916668428,0.856681979167107,1,0,source_row:9427,source_row:25,0.25787718632695844,-0.25787718632695844,0.5078160949861263,28.1460248773502,0.8614966105144753,55.35716385314352,46.233956986584055,0.7413606378765814,0.5354190394629591,0.731723335327608
5,2,response_tables/trial_00002_hard_negative_structure_obs-empirical_prior-axis_edge_orthogonal_rel2x.npz,hard_negative_structure,empirical,axis_edge_orthogonal,2.0,4,16,40,756,10,0.01,0.92,0.001,1e-06,inferred,0.0001,80,"0.5,1","1,1",best_single_tau,pyramid_local_field,False,3.0,-0.37157911876363414,0.24452201048173555,1.2365192860038523,3.2373251836721444,0.8093312959180361,2,0,source_row:9142,source_row:25,0.2677237035416503,-0.2677237035416503,0.5174202388210672,28.67834056008035,0.8555161952402178,55.35716385314352,46.409323240085826,0.5450920735126369,0.8627886600790683,0.9288641774118906
5,2,response_tables/trial_00002_hard_negative_structure_obs-empirical_prior-axis_edge_orthogonal_rel2x.npz,hard_negative_structure,empirical,axis_edge_orthogonal,2.0,4,16,40,756,10,0.01,0.92,0.001,1e-06,inferred,0.0001,80,"0.5,1","1,1",linear_continuous,pyramid_local_field,False,4.0,-48.970454055463705,5.392227261089949e-22,0.010981328651981762,1.0029210645682454,0.25073026614206134,1,0,source_row:9427,source_row:25,0.5345834721768401,-0.5345834721768401,0.7311521539165703,40.52456571670143,0.7415503498231926,55.35716385314352,57.26547297358138,0.7413606378765814,0.5354190394629591,0.731723335327608
5,2,response_tables/trial_00002_hard_negative_structure_obs-empirical_prior-axis_edge_orthogonal_rel2x.npz,hard_negative_structure,empirical,axis_edge_orthogonal,2.0,4,16,40,756,10,0.01,0.92,0.001,1e-06,inferred,0.0001,80,"0.5,1","1,1",quadratic_profile,pyramid_local_field,False,3.0,-9.054284081468069,0.00011557962121293474,0.06210539976336682,1.022660836845776,0.255665209211444,2,0,source_row:9142,source_row:25,0.8490746406384108,-0.8490746406384108,0.921452462495169,51.07207941763482,0.5505668947936397,55.35716385314352,52.22269081783524,0.5450920735126369,0.8627886600790683,0.9288641774118906
5,2,response_tables/trial_00002_hard_negative_structure_obs-empirical_prior-axis_edge_orthogonal_rel2x.npz,hard_negative_structure,empirical,axis_edge_orthogonal,2.0,4,16,40,756,10,0.01,0.92,0.001,1e-06,inferred,0.0001,80,"0.5,1","1,1",quadratic_poisson,pyramid_local_field,False,3.0,-0.5750552898176693,0.245053897742766,1.1676102315685855,2.9842577745255645,0.7460644436313911,2,0,source_row:9142,source_row:25,0.29037910838091924,-0.29037910838091924,0.5388683590459912,29.86711604668559,0.841973023317162,55.35716385314352,46.38528539268981,0.5450920735126369,0.8627886600790683,0.9288641774118906
5,2,response_tables/trial_00002_hard_negative_structure_obs-empirical_prior-axis_edge_orthogonal_rel2x.npz,hard_negative_structure,empirical,axis_edge_orthogonal,2.0,4,16,40,756,10,0.01,0.92,0.001,1e-06,inferred,0.0001,80,"0.5,1","1,1",known,pyramid_local_field,True,1.0,0.644002530185503,0.5414408862121879,1.0542710882133128,2.509666688667204,0.627416672166801,0,0,source_row:25,source_row:25,0.09245384021882819,-0.09245384021882819,0.3040622308324863,16.852839438867274,0.954869036999682,55.35716385314352,49.162930846571314,1.0,0.0,0.0
6,3,response_tables/trial_00003_hard_negative_structure_obs-empirical_prior-axis_edge_parallel_rel0p5x.npz,hard_negative_structure,empirical,axis_edge_parallel,0.5,4,16,40,756,10,0.01,0.92,0.001,1e-06,inferred,0.0001,80,"0.5,1","1,1",zero,pyramid_local_field,False,3.0,-4.246743497816055,0.008857004790093178,0.7067212703161314,1.916884034448683,0.47922100861217076,2,0,source_row:11021,source_row:76,0.2849836761970376,-0.2849836761970376,0.5338386237403937,29.58833981955222,0.8268753755669264,47.34179291251737,52.05371545454753,0.7588915779183177,0.4644320156094235,0.681492491234807
6,3,response_tables/trial_00003_hard_negative_structure_obs-empirical_prior-axis_edge_parallel_rel0p5x.npz,hard_negative_structure,empirical,axis_edge_parallel,0.5,4,16,40,756,10,0.01,0.92,0.001,1e-06,inferred,0.0001,80,"0.5,1","1,1",joint,pyramid_local_field,True,1.0,0.0667493245773585,0.3680698788134528,1.2185072685386273,3.1763227179887314,0.7940806794971829,0,0,source_row:76,source_row:76,0.08985727561350136,-0.08985727561350136,0.29976203164093573,16.614498207429442,0.9376288848884392,47.34179291251737,46.66552114177865,1.0,0.0,0.0
6,3,response_tables/trial_00003_hard_negative_structure_obs-empirical_prior-axis_edge_parallel_rel0p5x.npz,hard_negative_structure,empirical,axis_edge_parallel,0.5,4,16,40,756,10,0.01,0.92,0.001,1e-06,inferred,0.0001,80,"0.5,1","1,1",best_single_tau,pyramid_local_field,True,1.0,0.672800059260453,0.4948814584181344,1.1366068315545013,2.786538100435648,0.696634525108912,0,0,source_row:76,source_row:76,0.05978189543684075,-0.05978189543684075,0.24450336487836064,13.551752018907916,0.9584648102576321,47.34179291251737,46.53104380323633,1.0,0.0,0.0
6,3,response_tables/trial_00003_hard_negative_structure_obs-empirical_prior-axis_edge_parallel_rel0p5x.npz,hard_negative_structure,empirical,axis_edge_parallel,0.5,4,16,40,756,10,0.01,0.92,0.001,1e-06,inferred,0.0001,80,"0.5,1","1,1",linear_continuous,pyramid_local_field,False,2.0,-378.6501486085772,3.5836854831355226e-165,1.3580950674496931e-162,1.0,0.25,2,0,source_row:11021,source_row:76,0.4644320156094235,-0.4644320156094235,0.681492491234807,37.77214783345195,0.7588915779183177,47.34179291251737,57.75066560606587,0.7588915779183177,0.4644320156094235,0.681492491234807
6,3,response_tables/trial_00003_hard_negative_structure_obs-empirical_prior-axis_edge_parallel_rel0p5x.npz,hard_negative_structure,empirical,axis_edge_parallel,0.5,4,16,40,756,10,0.01,0.92,0.001,1e-06,inferred,0.0001,80,"0.5,1","1,1",quadratic_profile,pyramid_local_field,False,3.0,-31.166770739000555,2.455902818791515e-14,0.43485672106153733,1.360287599894527,0.34007189997363174,2,0,source_row:11021,source_row:76,0.3762381998806688,-0.3762381998806688,0.6133825885046533,33.99711384858154,0.7897233580261682,47.34179291251737,55.06006757004948,0.7588915779183177,0.4644320156094235,0.681492491234807
6,3,response_tables/trial_00003_hard_negative_structure_obs-empirical_prior-axis_edge_parallel_rel0p5x.npz,hard_negative_structure,empirical,axis_edge_parallel,0.5,4,16,40,756,10,0.01,0.92,0.001,1e-06,inferred,0.0001,80,"0.5,1","1,1",quadratic_poisson,pyramid_local_field,False,2.0,-0.15132653718251277,0.3182931216670159,1.1748318077862339,3.098669344800453,0.7746673362001133,3,0,source_row:4203,source_row:76,0.11113005521235673,-0.11113005521235673,0.3333617482740885,18.476783529942647,0.9240042450552801,47.34179291251737,47.44337580089006,0.8237351843954694,0.2779343607150047,0.5271948033839149
6,3,response_tables/trial_00003_hard_negative_structure_obs-empirical_prior-axis_edge_parallel_rel0p5x.npz,hard_negative_structure,empirical,axis_edge_parallel,0.5,4,16,40,756,10,0.01,0.92,0.001,1e-06,inferred,0.0001,80,"0.5,1","1,1",known,pyramid_local_field,True,1.0,0.45467566056157693,0.48312040043837035,1.1603330539689205,2.8169244760292607,0.7042311190073152,0,0,source_row:76,source_row:76,0.057006128984332556,-0.057006128984332556,0.23875956312644853,13.23339821209464,0.9601980332900513,47.34179291251737,45.96882344552439,1.0,0.0,0.0
7,3,response_tables/trial_00003_hard_negative_structure_obs-empirical_prior-axis_edge_orthogonal_rel0p5x.npz,hard_negative_structure,empirical,axis_edge_orthogonal,0.5,4,16,40,756,10,0.01,0.92,0.001,1e-06,inferred,0.0001,80,"0.5,1","1,1",zero,pyramid_local_field,False,3.0,-4.246743497816055,0.008857004790093178,0.7067212703161314,1.916884034448683,0.47922100861217076,2,0,source_row:11021,source_row:76,0.2849836761970376,-0.2849836761970376,0.5338386237403937,29.58833981955222,0.8268753755669264,47.34179291251737,52.05371545454753,0.7588915779183177,0.4644320156094235,0.681492491234807
7,3,response_tables/trial_00003_hard_negative_structure_obs-empirical_prior-axis_edge_orthogonal_rel0p5x.npz,hard_negative_structure,empirical,axis_edge_orthogonal,0.5,4,16,40,756,10,0.01,0.92,0.001,1e-06,inferred,0.0001,80,"0.5,1","1,1",joint,pyramid_local_field,False,3.0,-0.5123373635935877,0.26205227514491014,1.081215713034609,2.859899924865329,0.7149749812163323,3,0,source_row:4203,source_row:76,0.1339104722123821,-0.1339104722123821,0.3659377982832357,20.28233148916657,0.9098277569423399,47.34179291251737,48.112755181165625,0.8237351843954694,0.2779343607150047,0.5271948033839149
7,3,response_tables/trial_00003_hard_negative_structure_obs-empirical_prior-axis_edge_orthogonal_rel0p5x.npz,hard_negative_structure,empirical,axis_edge_orthogonal,0.5,4,16,40,756,10,0.01,0.92,0.001,1e-06,inferred,0.0001,80,"0.5,1","1,1",best_single_tau,pyramid_local_field,False,3.0,-0.4689748203676345,0.27207257757732867,1.0827029017229584,2.8700352396538236,0.7175088099134559,3,0,source_row:4203,source_row:76,0.1300728923598735,-0.1300728923598735,0.3606561968965368,19.989595426859726,0.9122414948242308,47.34179291251737,48.03155871837502,0.8237351843954694,0.2779343607150047,0.5271948033839149
7,3,response_tables/trial_00003_hard_negative_structure_obs-empirical_prior-axis_edge_orthogonal_rel0p5x.npz,hard_negative_structure,empirical,axis_edge_orthogonal,0.5,4,16,40,756,10,0.01,0.92,0.001,1e-06,inferred,0.0001,80,"0.5,1","1,1",linear_continuous,pyramid_local_field,False,3.0,-116.93520508820347,1.643182079852624e-51,4.0759201264985946e-33,1.0,0.25,2,0,source_row:11021,source_row:76,0.4644320156094235,-0.4644320156094235,0.681492491234807,37.77214783345195,0.7588915779183177,47.34179291251737,57.75066560606587,0.7588915779183177,0.4644320156094235,0.681492491234807
7,3,response_tables/trial_00003_hard_negative_structure_obs-empirical_prior-axis_edge_orthogonal_rel0p5x.npz,hard_negative_structure,empirical,axis_edge_orthogonal,0.5,4,16,40,756,10,0.01,0.92,0.001,1e-06,inferred,0.0001,80,"0.5,1","1,1",quadratic_profile,pyramid_local_field,True,1.0,94.84003754580374,1.0,6.144503063458091e-40,1.0,0.25,0,0,source_row:76,source_row:76,0.0,-0.0,0.0,0.0,1.0,47.34179291251737,47.34179291251737,1.0,0.0,0.0
7,3,response_tables/trial_00003_hard_negative_structure_obs-empirical_prior-axis_edge_orthogonal_rel0p5x.npz,hard_negative_structure,empirical,axis_edge_orthogonal,0.5,4,16,40,756,10,0.01,0.92,0.001,1e-06,inferred,0.0001,80,"0.5,1","1,1",quadratic_poisson,pyramid_local_field,False,2.0,-0.29841317269585943,0.30304034285571835,1.1496275549668091,3.0041515236106755,0.7510378809026689,3,0,source_row:4203,source_row:76,0.1154116085707313,-0.1154116085707313,0.33972284081399545,18.829351065007167,0.9212029101908634,47.34179291251737,47.516917721492405,0.8237351843954694,0.2779343607150047,0.5271948033839149
7,3,response_tables/trial_00003_hard_negative_structure_obs-empirical_prior-axis_edge_orthogonal_rel0p5x.npz,hard_negative_structure,empirical,axis_edge_orthogonal,0.5,4,16,40,756,10,0.01,0.92,0.001,1e-06,inferred,0.0001,80,"0.5,1","1,1",known,pyramid_local_field,True,1.0,0.45467566056157693,0.48312040043837035,1.1603330539689205,2.8169244760292607,0.7042311190073152,0,0,source_row:76,source_row:76,0.057006128984332556,-0.057006128984332556,0.23875956312644853,13.23339821209464,0.9601980332900513,47.34179291251737,45.96882344552439,1.0,0.0,0.0
8,4,response_tables/trial_00004_hard_negative_structure_obs-empirical_prior-axis_edge_parallel_rel1x.npz,hard_negative_structure,empirical,axis_edge_parallel,1.0,4,16,40,756,10,0.01,0.92,0.001,1e-06,inferred,0.0001,80,"0.5,1","1,1",zero,pyramid_local_field,False,3.0,-4.246743497816055,0.008857004790093178,0.7067212703161314,1.916884034448683,0.47922100861217076,2,0,source_row:11021,source_row:76,0.2849836761970376,-0.2849836761970376,0.5338386237403937,29.58833981955222,0.8268753755669264,47.34179291251737,52.05371545454753,0.7588915779183177,0.4644320156094235,0.681492491234807
8,4,response_tables/trial_00004_hard_negative_structure_obs-empirical_prior-axis_edge_parallel_rel1x.npz,hard_negative_structure,empirical,axis_edge_parallel,1.0,4,16,40,756,10,0.01,0.92,0.001,1e-06,inferred,0.0001,80,"0.5,1","1,1",joint,pyramid_local_field,False,2.0,-0.8267888533423502,0.21540471102169487,1.214079818514195,2.9470037872607744,0.7367509468151936,3,0,source_row:4203,source_row:76,0.13028593489878404,-0.13028593489878404,0.3609514301104569,20.005958912510657,0.9094049381797591,47.34179291251737,46.594302355825675,0.8237351843954694,0.2779343607150047,0.5271948033839149
8,4,response_tables/trial_00004_hard_negative_structure_obs-empirical_prior-axis_edge_parallel_rel1x.npz,hard_negative_structure,empirical,axis_edge_parallel,1.0,4,16,40,756,10,0.01,0.92,0.001,1e-06,inferred,0.0001,80,"0.5,1","1,1",best_single_tau,pyramid_local_field,False,2.0,-0.5482839191239464,0.2559931941287625,1.2489153099190262,3.164858730596212,0.791214682649053,3,0,source_row:4203,source_row:76,0.11685323367979894,-0.11685323367979894,0.34183802257765145,18.946586338027817,0.9185011142365869,47.34179291251737,46.40609801150182,0.8237351843954694,0.2779343607150047,0.5271948033839149
8,4,response_tables/trial_00004_hard_negative_structure_obs-empirical_prior-axis_edge_parallel_rel1x.npz,hard_negative_structure,empirical,axis_edge_parallel,1.0,4,16,40,756,10,0.01,0.92,0.001,1e-06,inferred,0.0001,80,"0.5,1","1,1",linear_continuous,pyramid_local_field,False,3.0,-50.53181036747071,1.13321834600386e-22,2.564561336456437e-19,1.0,0.25,2,0,source_row:11021,source_row:76,0.4644320156094235,-0.4644320156094235,0.681492491234807,37.77214783345195,0.7588915779183177,47.34179291251737,57.75066560606587,0.7588915779183177,0.4644320156094235,0.681492491234807
8,4,response_tables/trial_00004_hard_negative_structure_obs-empirical_prior-axis_edge_parallel_rel1x.npz,hard_negative_structure,empirical,axis_edge_parallel,1.0,4,16,40,756,10,0.01,0.92,0.001,1e-06,inferred,0.0001,80,"0.5,1","1,1",quadratic_profile,pyramid_local_field,False,3.0,-12.2601657064628,3.318741814865103e-06,0.6103614348119085,1.7226175007494218,0.43065437518735544,2,0,source_row:11021,source_row:76,0.31532819557355757,-0.31532819557355757,0.5615409117540391,31.12375646996951,0.8136723124455724,47.34179291251737,53.056443460241624,0.7588915779183177,0.4644320156094235,0.681492491234807
8,4,response_tables/trial_00004_hard_negative_structure_obs-empirical_prior-axis_edge_parallel_rel1x.npz,hard_negative_structure,empirical,axis_edge_parallel,1.0,4,16,40,756,10,0.01,0.92,0.001,1e-06,inferred,0.0001,80,"0.5,1","1,1",quadratic_poisson,pyramid_local_field,False,3.0,-0.43136792718530614,0.24183569429762017,1.2147969426003238,3.1635000856680326,0.7908750214170082,3,0,source_row:4203,source_row:76,0.13613527477276058,-0.13613527477276058,0.36896514032190164,20.450123816298046,0.9074029824678983,47.34179291251737,47.68663524867354,0.8237351843954694,0.2779343607150047,0.5271948033839149
8,4,response_tables/trial_00004_hard_negative_structure_obs-empirical_prior-axis_edge_parallel_rel1x.npz,hard_negative_structure,empirical,axis_edge_parallel,1.0,4,16,40,756,10,0.01,0.92,0.001,1e-06,inferred,0.0001,80,"0.5,1","1,1",known,pyramid_local_field,True,1.0,0.45467566056157693,0.48312040043837035,1.1603330539689205,2.8169244760292607,0.7042311190073152,0,0,source_row:76,source_row:76,0.057006128984332556,-0.057006128984332556,0.23875956312644853,13.23339821209464,0.9601980332900513,47.34179291251737,45.96882344552439,1.0,0.0,0.0
9,4,response_tables/trial_00004_hard_negative_structure_obs-empirical_prior-axis_edge_orthogonal_rel1x.npz,hard_negative_structure,empirical,axis_edge_orthogonal,1.0,4,16,40,756,10,0.01,0.92,0.001,1e-06,inferred,0.0001,80,"0.5,1","1,1",zero,pyramid_local_field,False,3.0,-4.246743497816055,0.008857004790093178,0.7067212703161314,1.916884034448683,0.47922100861217076,2,0,source_row:11021,source_row:76,0.2849836761970376,-0.2849836761970376,0.5338386237403937,29.58833981955222,0.8268753755669264,47.34179291251737,52.05371545454753,0.7588915779183177,0.4644320156094235,0.681492491234807
9,4,response_tables/trial_00004_hard_negative_structure_obs-empirical_prior-axis_edge_orthogonal_rel1x.npz,hard_negative_structure,empirical,axis_edge_orthogonal,1.0,4,16,40,756,10,0.01,0.92,0.001,1e-06,inferred,0.0001,80,"0.5,1","1,1",joint,pyramid_local_field,False,2.0,-0.043399811002359456,0.37863158304783606,1.1096422992972426,2.8841764434237773,0.7210441108559443,3,0,source_row:4203,source_row:76,0.09153310619297211,-0.09153310619297211,0.30254438714504706,16.768712002560314,0.9370022988959827,47.34179291251737,47.13388600429933,0.8237351843954694,0.2779343607150047,0.5271948033839149
9,4,response_tables/trial_00004_hard_negative_structure_obs-empirical_prior-axis_edge_orthogonal_rel1x.npz,hard_negative_structure,empirical,axis_edge_orthogonal,1.0,4,16,40,756,10,0.01,0.92,0.001,1e-06,inferred,0.0001,80,"0.5,1","1,1",best_single_tau,pyramid_local_field,True,1.0,0.2265434250866747,0.42008995490853046,1.1466731248503246,2.947173958636687,0.7367934896591718,0,0,source_row:76,source_row:76,0.07863762607856888,-0.07863762607856888,0.28042401123757016,15.542676324023594,0.9455824795724235,47.34179291251737,46.835758874040934,1.0,0.0,0.0
9,4,response_tables/trial_00004_hard_negative_structure_obs-empirical_prior-axis_edge_orthogonal_rel1x.npz,hard_negative_structure,empirical,axis_edge_orthogonal,1.0,4,16,40,756,10,0.01,0.92,0.001,1e-06,inferred,0.0001,80,"0.5,1","1,1",linear_continuous,pyramid_local_field,False,3.0,-37.93889297286563,3.336937275886982e-17,3.3620251806019436e-06,1.0000004099965587,0.2500001024991397,2,0,source_row:11021,source_row:76,0.4644318862148777,-0.4644318862148777,0.6814923963001185,37.772142571637424,0.7588916202034636,47.34179291251737,57.75066179631643,0.7588915779183177,0.4644320156094235,0.681492491234807
9,4,response_tables/trial_00004_hard_negative_structure_obs-empirical_prior-axis_edge_orthogonal_rel1x.npz,hard_negative_structure,empirical,axis_edge_orthogonal,1.0,4,16,40,756,10,0.01,0.92,0.001,1e-06,inferred,0.0001,80,"0.5,1","1,1",quadratic_profile,pyramid_local_field,False,3.0,-2.9142624581891,0.0467315661999314,0.49076074110037854,1.3283790420756607,0.3320947605189152,3,0,source_row:4203,source_row:76,0.2337231676457888,-0.2337231676457888,0.4834492399888418,26.79547668931947,0.8483243647963726,47.34179291251737,49.630827395884324,0.8237351843954694,0.2779343607150047,0.5271948033839149
9,4,response_tables/trial_00004_hard_negative_structure_obs-empirical_prior-axis_edge_orthogonal_rel1x.npz,hard_negative_structure,empirical,axis_edge_orthogonal,1.0,4,16,40,756,10,0.01,0.92,0.001,1e-06,inferred,0.0001,80,"0.5,1","1,1",quadratic_poisson,pyramid_local_field,False,2.0,-0.27902845183132285,0.29059271650448726,1.2504149458473401,3.2770301864775,0.819257546619375,3,0,source_row:4203,source_row:76,0.11102109778529833,-0.11102109778529833,0.3331982859879359,18.467723530431044,0.9230529899623128,47.34179291251737,46.766982029668874,0.8237351843954694,0.2779343607150047,0.5271948033839149
9,4,response_tables/trial_00004_hard_negative_structure_obs-empirical_prior-axis_edge_orthogonal_rel1x.npz,hard_negative_structure,empirical,axis_edge_orthogonal,1.0,4,16,40,756,10,0.01,0.92,0.001,1e-06,inferred,0.0001,80,"0.5,1","1,1",known,pyramid_local_field,True,1.0,0.45467566056157693,0.48312040043837035,1.1603330539689205,2.8169244760292607,0.7042311190073152,0,0,source_row:76,source_row:76,0.057006128984332556,-0.057006128984332556,0.23875956312644853,13.23339821209464,0.9601980332900513,47.34179291251737,45.96882344552439,1.0,0.0,0.0
10,5,response_tables/trial_00005_hard_negative_structure_obs-empirical_prior-axis_edge_parallel_rel2x.npz,hard_negative_structure,empirical,axis_edge_parallel,2.0,4,16,40,756,10,0.01,0.92,0.001,1e-06,inferred,0.0001,80,"0.5,1","1,1",zero,pyramid_local_field,False,3.0,-4.246743497816055,0.008857004790093178,0.7067212703161314,1.916884034448683,0.47922100861217076,2,0,source_row:11021,source_row:76,0.2849836761970376,-0.2849836761970376,0.5338386237403937,29.58833981955222,0.8268753755669264,47.34179291251737,52.05371545454753,0.7588915779183177,0.4644320156094235,0.681492491234807
10,5,response_tables/trial_00005_hard_negative_structure_obs-empirical_prior-axis_edge_parallel_rel2x.npz,hard_negative_structure,empirical,axis_edge_parallel,2.0,4,16,40,756,10,0.01,0.92,0.001,1e-06,inferred,0.0001,80,"0.5,1","1,1",joint,pyramid_local_field,False,3.0,-0.5582674287194322,0.24660159238415555,1.233597484153936,3.1502789301291987,0.7875697325322997,3,0,source_row:4203,source_row:76,0.12418136639896109,-0.12418136639896109,0.3523937661181893,19.531645029991928,0.9141551590159405,47.34179291251737,46.911330180480164,0.8237351843954694,0.2779343607150047,0.5271948033839149
10,5,response_tables/trial_00005_hard_negative_structure_obs-empirical_prior-axis_edge_parallel_rel2x.npz,hard_negative_structure,empirical,axis_edge_parallel,2.0,4,16,40,756,10,0.01,0.92,0.001,1e-06,inferred,0.0001,80,"0.5,1","1,1",best_single_tau,pyramid_local_field,False,3.0,-0.5941483564348573,0.2123865404133844,1.2986246066141691,3.4346293068985494,0.8586573267246373,3,0,source_row:4203,source_row:76,0.13218454502042856,-0.13218454502042856,0.36357192551189726,20.151201510152106,0.9079796449996886,47.34179291251737,46.53063910470297,0.8237351843954694,0.2779343607150047,0.5271948033839149
10,5,response_tables/trial_00005_hard_negative_structure_obs-empirical_prior-axis_edge_parallel_rel2x.npz,hard_negative_structure,empirical,axis_edge_parallel,2.0,4,16,40,756,10,0.01,0.92,0.001,1e-06,inferred,0.0001,80,"0.5,1","1,1",linear_continuous,pyramid_local_field,False,3.0,-53.87384722352036,4.0076098183665965e-24,1.4217608112087429e-15,1.0,0.25,2,0,source_row:11021,source_row:76,0.4644320156094235,-0.4644320156094235,0.681492491234807,37.77214783345195,0.7588915779183177,47.34179291251737,57.75066560606587,0.7588915779183177,0.4644320156094235,0.681492491234807
10,5,response_tables/trial_00005_hard_negative_structure_obs-empirical_prior-axis_edge_parallel_rel2x.npz,hard_negative_structure,empirical,axis_edge_parallel,2.0,4,16,40,756,10,0.01,0.92,0.001,1e-06,inferred,0.0001,80,"0.5,1","1,1",quadratic_profile,pyramid_local_field,False,3.0,-10.431352643209486,2.9040131387228767e-05,0.07959600061501945,1.0311926045352209,0.2577981511338052,2,0,source_row:11021,source_row:76,0.4548329560591968,-0.4548329560591968,0.674413045587937,37.37976512785831,0.7620520297208053,47.34179291251737,57.467208003666045,0.7588915779183177,0.4644320156094235,0.681492491234807
10,5,response_tables/trial_00005_hard_negative_structure_obs-empirical_prior-axis_edge_parallel_rel2x.npz,hard_negative_structure,empirical,axis_edge_parallel,2.0,4,16,40,756,10,0.01,0.92,0.001,1e-06,inferred,0.0001,80,"0.5,1","1,1",quadratic_poisson,pyramid_local_field,False,3.0,-0.6583800859486928,0.20985016637779655,1.1843034715580005,3.027415738059644,0.756853934514911,2,0,source_row:11021,source_row:76,0.15631486056511176,-0.15631486056511176,0.395366741855093,21.91344910451167,0.8953441763275953,47.34179291251737,48.35615988444235,0.7588915779183177,0.4644320156094235,0.681492491234807
10,5,response_tables/trial_00005_hard_negative_structure_obs-empirical_prior-axis_edge_parallel_rel2x.npz,hard_negative_structure,empirical,axis_edge_parallel,2.0,4,16,40,756,10,0.01,0.92,0.001,1e-06,inferred,0.0001,80,"0.5,1","1,1",known,pyramid_local_field,True,1.0,0.45467566056157693,0.48312040043837035,1.1603330539689205,2.8169244760292607,0.7042311190073152,0,0,source_row:76,source_row:76,0.057006128984332556,-0.057006128984332556,0.23875956312644853,13.23339821209464,0.9601980332900513,47.34179291251737,45.96882344552439,1.0,0.0,0.0
11,5,response_tables/trial_00005_hard_negative_structure_obs-empirical_prior-axis_edge_orthogonal_rel2x.npz,hard_negative_structure,empirical,axis_edge_orthogonal,2.0,4,16,40,756,10,0.01,0.92,0.001,1e-06,inferred,0.0001,80,"0.5,1","1,1",zero,pyramid_local_field,False,3.0,-4.246743497816055,0.008857004790093178,0.7067212703161314,1.916884034448683,0.47922100861217076,2,0,source_row:11021,source_row:76,0.2849836761970376,-0.2849836761970376,0.5338386237403937,29.58833981955222,0.8268753755669264,47.34179291251737,52.05371545454753,0.7588915779183177,0.4644320156094235,0.681492491234807
11,5,response_tables/trial_00005_hard_negative_structure_obs-empirical_prior-axis_edge_orthogonal_rel2x.npz,hard_negative_structure,empirical,axis_edge_orthogonal,2.0,4,16,40,756,10,0.01,0.92,0.001,1e-06,inferred,0.0001,80,"0.5,1","1,1",joint,pyramid_local_field,True,1.0,0.12340852829765936,0.4122987859215594,1.1333996003321911,2.900136334464256,0.725034083616064,0,0,source_row:76,source_row:76,0.08003970655706835,-0.08003970655706835,0.2829128957065555,15.680624303366049,0.9445883228548543,47.34179291251737,46.8116581483826,1.0,0.0,0.0
11,5,response_tables/trial_00005_hard_negative_structure_obs-empirical_prior-axis_edge_orthogonal_rel2x.npz,hard_negative_structure,empirical,axis_edge_orthogonal,2.0,4,16,40,756,10,0.01,0.92,0.001,1e-06,inferred,0.0001,80,"0.5,1","1,1",best_single_tau,pyramid_local_field,True,1.0,0.2453369208407139,0.4281222401617988,1.1367962425677125,2.9124445593960657,0.7281111398490164,0,0,source_row:76,source_row:76,0.0765665666690349,-0.0765665666690349,0.27670664370237824,15.336638901900091,0.9470052431949311,47.34179291251737,46.822498993312905,1.0,0.0,0.0
11,5,response_tables/trial_00005_hard_negative_structure_obs-empirical_prior-axis_edge_orthogonal_rel2x.npz,hard_negative_structure,empirical,axis_edge_orthogonal,2.0,4,16,40,756,10,0.01,0.92,0.001,1e-06,inferred,0.0001,80,"0.5,1","1,1",linear_continuous,pyramid_local_field,False,3.0,-23.89391604750753,4.1936399511102e-11,0.007563729521464192,1.0019026931651638,0.25047567329129095,2,0,source_row:11021,source_row:76,0.46383249904292373,-0.46383249904292373,0.6810524936030435,37.74776068934238,0.759087581589508,47.34179291251737,57.733010265683774,0.7588915779183177,0.4644320156094235,0.681492491234807
11,5,response_tables/trial_00005_hard_negative_structure_obs-empirical_prior-axis_edge_orthogonal_rel2x.npz,hard_negative_structure,empirical,axis_edge_orthogonal,2.0,4,16,40,756,10,0.01,0.92,0.001,1e-06,inferred,0.0001,80,"0.5,1","1,1",quadratic_profile,pyramid_local_field,False,3.0,-2.873621524296226,0.047068276778551785,0.5501079882331106,1.4070428448329202,0.35176071120823005,3,0,source_row:4203,source_row:76,0.22929527282548592,-0.22929527282548592,0.4788478597900234,26.540442312062034,0.8509150788788535,47.34179291251737,49.554116547946926,0.8237351843954694,0.2779343607150047,0.5271948033839149
11,5,response_tables/trial_00005_hard_negative_structure_obs-empirical_prior-axis_edge_orthogonal_rel2x.npz,hard_negative_structure,empirical,axis_edge_orthogonal,2.0,4,16,40,756,10,0.01,0.92,0.001,1e-06,inferred,0.0001,80,"0.5,1","1,1",quadratic_poisson,pyramid_local_field,False,3.0,-0.3853209584143542,0.2722531561116793,1.2238704380246126,3.1801832600438966,0.7950458150109742,3,0,source_row:4203,source_row:76,0.119689804093725,-0.119689804093725,0.345962142573035,19.1751682698203,0.9176175772518884,47.34179291251737,47.132143644596205,0.8237351843954694,0.2779343607150047,0.5271948033839149
11,5,response_tables/trial_00005_hard_negative_structure_obs-empirical_prior-axis_edge_orthogonal_rel2x.npz,hard_negative_structure,empirical,axis_edge_orthogonal,2.0,4,16,40,756,10,0.01,0.92,0.001,1e-06,inferred,0.0001,80,"0.5,1","1,1",known,pyramid_local_field,True,1.0,0.45467566056157693,0.48312040043837035,1.1603330539689205,2.8169244760292607,0.7042311190073152,0,0,source_row:76,source_row:76,0.057006128984332556,-0.057006128984332556,0.23875956312644853,13.23339821209464,0.9601980332900513,47.34179291251737,45.96882344552439,1.0,0.0,0.0
12,6,response_tables/trial_00006_hard_negative_structure_obs-empirical_prior-axis_edge_parallel_rel0p5x.npz,hard_negative_structure,empirical,axis_edge_parallel,0.5,4,16,40,756,10,0.01,0.92,0.001,1e-06,inferred,0.0001,80,"0.5,1","1,1",zero,pyramid_local_field,True,1.0,2.6381113070721085,0.9289763646404532,0.2736669274891048,1.1528319699263758,0.28820799248159396,0,0,source_row:87,source_row:87,0.0018362349997549032,-0.0018362349997549032,0.04285131269581952,2.375060824325782,0.9975559179115916,31.988853179568522,31.107530309553116,1.0,0.0,0.0
12,6,response_tables/trial_00006_hard_negative_structure_obs-empirical_prior-axis_edge_parallel_rel0p5x.npz,hard_negative_structure,empirical,axis_edge_parallel,0.5,4,16,40,756,10,0.01,0.92,0.001,1e-06,inferred,0.0001,80,"0.5,1","1,1",joint,pyramid_local_field,True,1.0,2.5545020850354376,0.9165387135935553,0.3290477842947491,1.1831393550733582,0.29578483876833955,0,0,source_row:87,source_row:87,0.002243179114283206,-0.002243179114283206,0.047362211881237196,2.625080234788645,0.996988272147978,31.988853179568522,31.034254103566145,1.0,0.0,0.0
12,6,response_tables/trial_00006_hard_negative_structure_obs-empirical_prior-axis_edge_parallel_rel0p5x.npz,hard_negative_structure,empirical,axis_edge_parallel,0.5,4,16,40,756,10,0.01,0.92,0.001,1e-06,inferred,0.0001,80,"0.5,1","1,1",best_single_tau,pyramid_local_field,True,1.0,2.5231893404770744,0.9097245620605681,0.3592478560236752,1.2003747964652673,0.30009369911631684,0,0,source_row:87,source_row:87,0.0024364338904670443,-0.0024364338904670443,0.049360246053550466,2.7358225292432183,0.9966893614228175,31.988853179568522,31.034141403241442,1.0,0.0,0.0
12,6,response_tables/trial_00006_hard_negative_structure_obs-empirical_prior-axis_edge_parallel_rel0p5x.npz,hard_negative_structure,empirical,axis_edge_parallel,0.5,4,16,40,756,10,0.01,0.92,0.001,1e-06,inferred,0.0001,80,"0.5,1","1,1",linear_continuous,pyramid_local_field,True,1.0,46.06814307017126,1.0,4.531694840853195e-19,1.0,0.25,0,0,source_row:87,source_row:87,1.459685900338351e-47,-1.459685900338351e-47,3.82058359460744e-24,2.117582368135751e-22,1.0,31.988853179568522,31.988853179568522,1.0,0.0,0.0
12,6,response_tables/trial_00006_hard_negative_structure_obs-empirical_prior-axis_edge_parallel_rel0p5x.npz,hard_negative_structure,empirical,axis_edge_parallel,0.5,4,16,40,756,10,0.01,0.92,0.001,1e-06,inferred,0.0001,80,"0.5,1","1,1",quadratic_profile,pyramid_local_field,True,1.0,62.28699361181339,1.0,5.539872243503186e-26,1.0,0.25,0,0,source_row:87,source_row:87,0.0,-0.0,0.0,0.0,1.0,31.988853179568522,31.988853179568522,1.0,0.0,0.0
12,6,response_tables/trial_00006_hard_negative_structure_obs-empirical_prior-axis_edge_parallel_rel0p5x.npz,hard_negative_structure,empirical,axis_edge_parallel,0.5,4,16,40,756,10,0.01,0.92,0.001,1e-06,inferred,0.0001,80,"0.5,1","1,1",quadratic_poisson,pyramid_local_field,True,1.0,2.4238432749622234,0.8851894218691628,0.4502391474497625,1.265049836220436,0.316262459055109,0,0,source_row:87,source_row:87,0.003361000380052178,-0.003361000380052178,0.05797413544031664,3.213252739440253,0.9952377346080842,31.988853179568522,31.060708045595106,1.0,0.0,0.0
12,6,response_tables/trial_00006_hard_negative_structure_obs-empirical_prior-axis_edge_parallel_rel0p5x.npz,hard_negative_structure,empirical,axis_edge_parallel,0.5,4,16,40,756,10,0.01,0.92,0.001,1e-06,inferred,0.0001,80,"0.5,1","1,1",known,pyramid_local_field,True,1.0,2.7623847639350174,0.9353899919675713,0.25862745897502276,1.138338856465881,0.28458471411647024,0,0,source_row:87,source_row:87,0.0014781490338954177,-0.0014781490338954177,0.03844670381054035,2.130932620269051,0.9980471545740341,31.988853179568522,31.186022744029533,1.0,0.0,0.0
13,6,response_tables/trial_00006_hard_negative_structure_obs-empirical_prior-axis_edge_orthogonal_rel0p5x.npz,hard_negative_structure,empirical,axis_edge_orthogonal,0.5,4,16,40,756,10,0.01,0.92,0.001,1e-06,inferred,0.0001,80,"0.5,1","1,1",zero,pyramid_local_field,True,1.0,2.6381113070721085,0.9289763646404532,0.2736669274891048,1.1528319699263758,0.28820799248159396,0,0,source_row:87,source_row:87,0.0018362349997549032,-0.0018362349997549032,0.04285131269581952,2.375060824325782,0.9975559179115916,31.988853179568522,31.107530309553116,1.0,0.0,0.0
13,6,response_tables/trial_00006_hard_negative_structure_obs-empirical_prior-axis_edge_orthogonal_rel0p5x.npz,hard_negative_structure,empirical,axis_edge_orthogonal,0.5,4,16,40,756,10,0.01,0.92,0.001,1e-06,inferred,0.0001,80,"0.5,1","1,1",joint,pyramid_local_field,True,1.0,2.344072989669769,0.9062555660039912,0.3384222976838437,1.2064291648332806,0.30160729120832014,0,0,source_row:87,source_row:87,0.0031536084276855155,-0.0031536084276855155,0.05615699802950221,3.112536761204581,0.9957256831356492,31.988853179568522,30.872900093768845,1.0,0.0,0.0
13,6,response_tables/trial_00006_hard_negative_structure_obs-empirical_prior-axis_edge_orthogonal_rel0p5x.npz,hard_negative_structure,empirical,axis_edge_orthogonal,0.5,4,16,40,756,10,0.01,0.92,0.001,1e-06,inferred,0.0001,80,"0.5,1","1,1",best_single_tau,pyramid_local_field,True,1.0,2.5016094424071866,0.9175131633034651,0.31339456742884797,1.1799149660663433,0.2949787415165858,0,0,source_row:87,source_row:87,0.002382025041559561,-0.002382025041559561,0.048805993910170105,2.7051027573219786,0.9967975547466976,31.988853179568522,31.00661749611626,1.0,0.0,0.0
13,6,response_tables/trial_00006_hard_negative_structure_obs-empirical_prior-axis_edge_orthogonal_rel0p5x.npz,hard_negative_structure,empirical,axis_edge_orthogonal,0.5,4,16,40,756,10,0.01,0.92,0.001,1e-06,inferred,0.0001,80,"0.5,1","1,1",linear_continuous,pyramid_local_field,True,1.0,38.87538480179302,1.0,5.411009346413882e-16,1.0,0.25,0,0,source_row:87,source_row:87,2.5655642290685856e-35,-2.5655642290685856e-35,5.06513990830321e-18,2.8073854939602957e-16,1.0,31.988853179568522,31.988853179568522,1.0,0.0,0.0
13,6,response_tables/trial_00006_hard_negative_structure_obs-empirical_prior-axis_edge_orthogonal_rel0p5x.npz,hard_negative_structure,empirical,axis_edge_orthogonal,0.5,4,16,40,756,10,0.01,0.92,0.001,1e-06,inferred,0.0001,80,"0.5,1","1,1",quadratic_profile,pyramid_local_field,True,1.0,61.4328821603357,1.0,1.4721966305117443e-25,1.0,0.25,0,0,source_row:87,source_row:87,0.0,-0.0,0.0,0.0,1.0,31.988853179568522,31.988853179568522,1.0,0.0,0.0
13,6,response_tables/trial_00006_hard_negative_structure_obs-empirical_prior-axis_edge_orthogonal_rel0p5x.npz,hard_negative_structure,empirical,axis_edge_orthogonal,0.5,4,16,40,756,10,0.01,0.92,0.001,1e-06,inferred,0.0001,80,"0.5,1","1,1",quadratic_poisson,pyramid_local_field,True,1.0,2.5442067102763986,0.8989432288954262,0.40741979449042154,1.2290543954132818,0.30726359885332044,0,0,source_row:87,source_row:87,0.002649845675407054,-0.002649845675407054,0.051476651750158094,2.853125639513702,0.9962761433369458,31.988853179568522,31.1394096037622,1.0,0.0,0.0
13,6,response_tables/trial_00006_hard_negative_structure_obs-empirical_prior-axis_edge_orthogonal_rel0p5x.npz,hard_negative_structure,empirical,axis_edge_orthogonal,0.5,4,16,40,756,10,0.01,0.92,0.001,1e-06,inferred,0.0001,80,"0.5,1","1,1",known,pyramid_local_field,True,1.0,2.7623847639350174,0.9353899919675713,0.25862745897502276,1.138338856465881,0.28458471411647024,0,0,source_row:87,source_row:87,0.0014781490338954177,-0.0014781490338954177,0.03844670381054035,2.130932620269051,0.9980471545740341,31.988853179568522,31.186022744029533,1.0,0.0,0.0
14,7,response_tables/trial_00007_hard_negative_structure_obs-empirical_prior-axis_edge_parallel_rel1x.npz,hard_negative_structure,empirical,axis_edge_parallel,1.0,4,16,40,756,10,0.01,0.92,0.001,1e-06,inferred,0.0001,80,"0.5,1","1,1",zero,pyramid_local_field,True,1.0,3.537060860111069,0.971195932727031,0.13325701446614246,1.0592990361172192,0.2648247590293048,0,0,source_row:87,source_row:87,0.00032166000856632314,-0.00032166000856632314,0.017934882451979526,0.9940520843073288,0.9995837293994327,31.988853179568522,31.60622902181185,1.0,0.0,0.0
14,7,response_tables/trial_00007_hard_negative_structure_obs-empirical_prior-axis_edge_parallel_rel1x.npz,hard_negative_structure,empirical,axis_edge_parallel,1.0,4,16,40,756,10,0.01,0.92,0.001,1e-06,inferred,0.0001,80,"0.5,1","1,1",joint,pyramid_local_field,True,1.0,2.670588368553638,0.9302818868883972,0.2739589338899012,1.14996551203338,0.287491378008345,0,0,source_row:87,source_row:87,0.0017350389662022425,-0.0017350389662022425,0.041653798940819824,2.3086878750002757,0.9976908207855678,31.988853179568522,31.13422190393205,1.0,0.0,0.0
14,7,response_tables/trial_00007_hard_negative_structure_obs-empirical_prior-axis_edge_parallel_rel1x.npz,hard_negative_structure,empirical,axis_edge_parallel,1.0,4,16,40,756,10,0.01,0.92,0.001,1e-06,inferred,0.0001,80,"0.5,1","1,1",best_single_tau,pyramid_local_field,True,1.0,2.6228318598925284,0.9227169986815686,0.30838063048639247,1.1682810010579747,0.2920702502644937,0,0,source_row:87,source_row:87,0.001959679820913579,-0.001959679820913579,0.04426827104048202,2.4535966273710343,0.9973794512450554,31.988853179568522,31.090151784058165,1.0,0.0,0.0
14,7,response_tables/trial_00007_hard_negative_structure_obs-empirical_prior-axis_edge_parallel_rel1x.npz,hard_negative_structure,empirical,axis_edge_parallel,1.0,4,16,40,756,10,0.01,0.92,0.001,1e-06,inferred,0.0001,80,"0.5,1","1,1",linear_continuous,pyramid_local_field,True,1.0,35.08713551529753,1.0,2.0276776882734785e-14,1.0,0.25,0,0,source_row:87,source_row:87,1.9298616510035475e-31,-1.9298616510035475e-31,4.3930190655215094e-16,2.4348583104326414e-14,1.0,31.988853179568522,31.988853179568537,1.0,0.0,0.0
14,7,response_tables/trial_00007_hard_negative_structure_obs-empirical_prior-axis_edge_parallel_rel1x.npz,hard_negative_structure,empirical,axis_edge_parallel,1.0,4,16,40,756,10,0.01,0.92,0.001,1e-06,inferred,0.0001,80,"0.5,1","1,1",quadratic_profile,pyramid_local_field,True,1.0,61.27671289103371,1.0,1.496777280276951e-25,1.0,0.25,0,0,source_row:87,source_row:87,0.0,-0.0,0.0,0.0,1.0,31.988853179568522,31.988853179568522,1.0,0.0,0.0
14,7,response_tables/trial_00007_hard_negative_structure_obs-empirical_prior-axis_edge_parallel_rel1x.npz,hard_negative_structure,empirical,axis_edge_parallel,1.0,4,16,40,756,10,0.01,0.92,0.001,1e-06,inferred,0.0001,80,"0.5,1","1,1",quadratic_poisson,pyramid_local_field,True,1.0,2.767893125751243,0.9247846153231769,0.31800547719699196,1.1644622343161979,0.29111555857904947,0,0,source_row:87,source_row:87,0.0016013472899141868,-0.0016013472899141868,0.04001683758012603,2.2179582671043163,0.9978104214974777,31.988853179568522,31.253144844783385,1.0,0.0,0.0
14,7,response_tables/trial_00007_hard_negative_structure_obs-empirical_prior-axis_edge_parallel_rel1x.npz,hard_negative_structure,empirical,axis_edge_parallel,1.0,4,16,40,756,10,0.01,0.92,0.001,1e-06,inferred,0.0001,80,"0.5,1","1,1",known,pyramid_local_field,True,1.0,3.7179436090365243,0.974835914069546,0.12316944228884384,1.0516710346082636,0.2629177586520659,0,0,source_row:87,source_row:87,0.00023231694233673205,-0.00023231694233673205,0.015241946802712967,0.8447944405939476,0.999701662519613,31.988853179568522,31.658063450301263,1.0,0.0,0.0
15,7,response_tables/trial_00007_hard_negative_structure_obs-empirical_prior-axis_edge_orthogonal_rel1x.npz,hard_negative_structure,empirical,axis_edge_orthogonal,1.0,4,16,40,756,10,0.01,0.92,0.001,1e-06,inferred,0.0001,80,"0.5,1","1,1",zero,pyramid_local_field,True,1.0,3.537060860111069,0.971195932727031,0.13325701446614246,1.0592990361172192,0.2648247590293048,0,0,source_row:87,source_row:87,0.00032166000856632314,-0.00032166000856632314,0.017934882451979526,0.9940520843073288,0.9995837293994327,31.988853179568522,31.60622902181185,1.0,0.0,0.0
15,7,response_tables/trial_00007_hard_negative_structure_obs-empirical_prior-axis_edge_orthogonal_rel1x.npz,hard_negative_structure,empirical,axis_edge_orthogonal,1.0,4,16,40,756,10,0.01,0.92,0.001,1e-06,inferred,0.0001,80,"0.5,1","1,1",joint,pyramid_local_field,True,1.0,3.2300876773717278,0.9601042397262247,0.1760056544935682,1.0831358220176341,0.27078395550440854,0,0,source_row:87,source_row:87,0.0005915850177039306,-0.0005915850177039306,0.024322520792548017,1.3480909369869953,0.9992290921435885,31.988853179568522,31.47405217309622,1.0,0.0,0.0
15,7,response_tables/trial_00007_hard_negative_structure_obs-empirical_prior-axis_edge_orthogonal_rel1x.npz,hard_negative_structure,empirical,axis_edge_orthogonal,1.0,4,16,40,756,10,0.01,0.92,0.001,1e-06,inferred,0.0001,80,"0.5,1","1,1",best_single_tau,pyramid_local_field,True,1.0,3.2663956247263854,0.9609610579436665,0.175275624582639,1.081322961506737,0.27033074037668425,0,0,source_row:87,source_row:87,0.0005543125604260624,-0.0005543125604260624,0.023543843365645772,1.3049322532717411,0.9992771267419529,31.988853179568522,31.492474944780692,1.0,0.0,0.0
15,7,response_tables/trial_00007_hard_negative_structure_obs-empirical_prior-axis_edge_orthogonal_rel1x.npz,hard_negative_structure,empirical,axis_edge_orthogonal,1.0,4,16,40,756,10,0.01,0.92,0.001,1e-06,inferred,0.0001,80,"0.5,1","1,1",linear_continuous,pyramid_local_field,True,1.0,19.235573940657375,0.9999999955665828,8.975554322709032e-08,1.0000000088668344,0.2500000022167086,0,0,source_row:87,source_row:87,8.151937352093737e-18,-8.151937352093737e-18,2.8551597769816206e-09,1.5824901751869414e-07,1.0,31.988853179568522,31.98885314228023,1.0,0.0,0.0
15,7,response_tables/trial_00007_hard_negative_structure_obs-empirical_prior-axis_edge_orthogonal_rel1x.npz,hard_negative_structure,empirical,axis_edge_orthogonal,1.0,4,16,40,756,10,0.01,0.92,0.001,1e-06,inferred,0.0001,80,"0.5,1","1,1",quadratic_profile,pyramid_local_field,True,1.0,77.3873243945774,1.0,1.9047399681644172e-32,1.0,0.25,0,0,source_row:87,source_row:87,0.0,-0.0,0.0,0.0,1.0,31.988853179568522,31.988853179568522,1.0,0.0,0.0
15,7,response_tables/trial_00007_hard_negative_structure_obs-empirical_prior-axis_edge_orthogonal_rel1x.npz,hard_negative_structure,empirical,axis_edge_orthogonal,1.0,4,16,40,756,10,0.01,0.92,0.001,1e-06,inferred,0.0001,80,"0.5,1","1,1",quadratic_poisson,pyramid_local_field,True,1.0,2.9840216499422922,0.9458005596849504,0.23467074496672244,1.115015757553508,0.278753939388377,0,0,source_row:87,source_row:87,0.0009766212569080807,-0.0009766212569080807,0.03125094009638879,1.7321029129995782,0.9987044527817815,31.988853179568522,31.3554088580329,1.0,0.0,0.0
15,7,response_tables/trial_00007_hard_negative_structure_obs-empirical_prior-axis_edge_orthogonal_rel1x.npz,hard_negative_structure,empirical,axis_edge_orthogonal,1.0,4,16,40,756,10,0.01,0.92,0.001,1e-06,inferred,0.0001,80,"0.5,1","1,1",known,pyramid_local_field,True,1.0,3.7179436090365243,0.974835914069546,0.12316944228884384,1.0516710346082636,0.2629177586520659,0,0,source_row:87,source_row:87,0.00023231694233673205,-0.00023231694233673205,0.015241946802712967,0.8447944405939476,0.999701662519613,31.988853179568522,31.658063450301263,1.0,0.0,0.0
16,8,response_tables/trial_00008_hard_negative_structure_obs-empirical_prior-axis_edge_parallel_rel2x.npz,hard_negative_structure,empirical,axis_edge_parallel,2.0,4,16,40,756,10,0.01,0.92,0.001,1e-06,inferred,0.0001,80,"0.5,1","1,1",zero,pyramid_local_field,True,1.0,4.757431641024596,0.9914620919152342,0.04933199932598338,1.0172220019810312,0.2543055004952578,0,0,source_row:87,source_row:87,2.8904760315630814e-05,-2.8904760315630814e-05,0.005376314752284395,0.29798560987003697,0.9999631540281599,31.988853179568522,31.871964428786235,1.0,0.0,0.0
16,8,response_tables/trial_00008_hard_negative_structure_obs-empirical_prior-axis_edge_parallel_rel2x.npz,hard_negative_structure,empirical,axis_edge_parallel,2.0,4,16,40,756,10,0.01,0.92,0.001,1e-06,inferred,0.0001,80,"0.5,1","1,1",joint,pyramid_local_field,True,1.0,2.215833897442849,0.8992534137808387,0.3391618960989998,1.2220719562432105,0.30551798906080263,0,0,source_row:87,source_row:87,0.003893335386002846,-0.003893335386002846,0.062396597551491906,3.4583704697155775,0.9946761156105819,31.988853179568522,30.772790310589407,1.0,0.0,0.0
16,8,response_tables/trial_00008_hard_negative_structure_obs-empirical_prior-axis_edge_parallel_rel2x.npz,hard_negative_structure,empirical,axis_edge_parallel,2.0,4,16,40,756,10,0.01,0.92,0.001,1e-06,inferred,0.0001,80,"0.5,1","1,1",best_single_tau,pyramid_local_field,True,1.0,2.50563936931826,0.9228113407888825,0.2809207625168929,1.1665105522171555,0.2916276380542889,0,0,source_row:87,source_row:87,0.0022923716761502912,-0.0022923716761502912,0.04787871840546999,2.6537079321458297,0.9969185443787121,31.988853179568522,31.026882433437997,1.0,0.0,0.0
16,8,response_tables/trial_00008_hard_negative_structure_obs-empirical_prior-axis_edge_parallel_rel2x.npz,hard_negative_structure,empirical,axis_edge_parallel,2.0,4,16,40,756,10,0.01,0.92,0.001,1e-06,inferred,0.0001,80,"0.5,1","1,1",linear_continuous,pyramid_local_field,False,3.0,-62.218162205449914,9.527862476988208e-28,7.36361210712766e-17,1.0,0.25,2,0,source_row:10726,source_row:87,0.4156262323351551,-0.4156262323351551,0.6446908036688247,35.73239126805812,0.5618129988513454,31.988853179568522,41.982188414052516,0.5618129988513454,0.4156262323351551,0.6446908036688247
16,8,response_tables/trial_00008_hard_negative_structure_obs-empirical_prior-axis_edge_parallel_rel2x.npz,hard_negative_structure,empirical,axis_edge_parallel,2.0,4,16,40,756,10,0.01,0.92,0.001,1e-06,inferred,0.0001,80,"0.5,1","1,1",quadratic_profile,pyramid_local_field,True,1.0,35.16290520912366,1.0,1.8837750907445335e-14,1.0,0.25,0,0,source_row:87,source_row:87,1.2739386389642375e-31,-1.2739386389642375e-31,3.5692277021286237e-16,1.978266791638109e-14,0.9999999999999999,31.988853179568522,31.988853179568533,1.0,0.0,0.0
16,8,response_tables/trial_00008_hard_negative_structure_obs-empirical_prior-axis_edge_parallel_rel2x.npz,hard_negative_structure,empirical,axis_edge_parallel,2.0,4,16,40,756,10,0.01,0.92,0.001,1e-06,inferred,0.0001,80,"0.5,1","1,1",quadratic_poisson,pyramid_local_field,True,1.0,2.749405604232038,0.9281665146774394,0.299926674021773,1.155938063334804,0.288984515833701,0,0,source_row:87,source_row:87,0.0015763621800201774,-0.0015763621800201774,0.03970342781196829,2.200587334559114,0.9978720427074825,31.988853179568522,31.21921448113333,1.0,0.0,0.0
16,8,response_tables/trial_00008_hard_negative_structure_obs-empirical_prior-axis_edge_parallel_rel2x.npz,hard_negative_structure,empirical,axis_edge_parallel,2.0,4,16,40,756,10,0.01,0.92,0.001,1e-06,inferred,0.0001,80,"0.5,1","1,1",known,pyramid_local_field,True,1.0,4.0253786812668295,0.9816984697486693,0.0945517508999102,1.0373015968949932,0.2593253992237483,0,0,source_row:87,source_row:87,0.00012575830906719343,-0.00012575830906719343,0.011214201222877777,0.621554121098411,0.9998391048158062,31.988853179568522,31.744808435866066,1.0,0.0,0.0
17,8,response_tables/trial_00008_hard_negative_structure_obs-empirical_prior-axis_edge_orthogonal_rel2x.npz,hard_negative_structure,empirical,axis_edge_orthogonal,2.0,4,16,40,756,10,0.01,0.92,0.001,1e-06,inferred,0.0001,80,"0.5,1","1,1",zero,pyramid_local_field,True,1.0,4.757431641024596,0.9914620919152342,0.04933199932598338,1.0172220019810312,0.2543055004952578,0,0,source_row:87,source_row:87,2.8904760315630814e-05,-2.8904760315630814e-05,0.005376314752284395,0.29798560987003697,0.9999631540281599,31.988853179568522,31.871964428786235,1.0,0.0,0.0
17,8,response_tables/trial_00008_hard_negative_structure_obs-empirical_prior-axis_edge_orthogonal_rel2x.npz,hard_negative_structure,empirical,axis_edge_orthogonal,2.0,4,16,40,756,10,0.01,0.92,0.001,1e-06,inferred,0.0001,80,"0.5,1","1,1",joint,pyramid_local_field,True,1.0,4.070327459484247,0.9826161635127663,0.09053716509664742,1.0353936710409546,0.25884841776023865,0,0,source_row:87,source_row:87,0.00011441412996191874,-0.00011441412996191874,0.01069645408356988,0.59285766187426,0.9998534474523083,31.988853179568522,31.75707124995774,1.0,0.0,0.0
17,8,response_tables/trial_00008_hard_negative_structure_obs-empirical_prior-axis_edge_orthogonal_rel2x.npz,hard_negative_structure,empirical,axis_edge_orthogonal,2.0,4,16,40,756,10,0.01,0.92,0.001,1e-06,inferred,0.0001,80,"0.5,1","1,1",best_single_tau,pyramid_local_field,True,1.0,4.02315729736074,0.9813086895866227,0.0977781749992996,1.0381240860422218,0.25953102151055546,0,0,source_row:87,source_row:87,0.0001273185734755962,-0.0001273185734755962,0.011283553229173699,0.625397999450775,0.9998367798219654,31.988853179568522,31.744659496360132,1.0,0.0,0.0
17,8,response_tables/trial_00008_hard_negative_structure_obs-empirical_prior-axis_edge_orthogonal_rel2x.npz,hard_negative_structure,empirical,axis_edge_orthogonal,2.0,4,16,40,756,10,0.01,0.92,0.001,1e-06,inferred,0.0001,80,"0.5,1","1,1",linear_continuous,pyramid_local_field,False,3.0,-45.090936402593115,2.6136963808464228e-20,4.489479341946353e-13,1.0,0.25,2,0,source_row:10726,source_row:87,0.41562623233515605,-0.41562623233515605,0.6446908036688255,35.732391268058166,0.5618129988513484,31.988853179568522,41.98218841405274,0.5618129988513454,0.4156262323351551,0.6446908036688247
17,8,response_tables/trial_00008_hard_negative_structure_obs-empirical_prior-axis_edge_orthogonal_rel2x.npz,hard_negative_structure,empirical,axis_edge_orthogonal,2.0,4,16,40,756,10,0.01,0.92,0.001,1e-06,inferred,0.0001,80,"0.5,1","1,1",quadratic_profile,pyramid_local_field,True,1.0,62.710922173993765,1.0,4.2532399742954e-26,1.0,0.25,0,0,source_row:87,source_row:87,0.0,-0.0,0.0,0.0,1.0,31.988853179568522,31.988853179568522,1.0,0.0,0.0
17,8,response_tables/trial_00008_hard_negative_structure_obs-empirical_prior-axis_edge_orthogonal_rel2x.npz,hard_negative_structure,empirical,axis_edge_orthogonal,2.0,4,16,40,756,10,0.01,0.92,0.001,1e-06,inferred,0.0001,80,"0.5,1","1,1",quadratic_poisson,pyramid_local_field,True,1.0,3.584849258468921,0.9705226921627516,0.14325293118389376,1.060847307982102,0.2652118269955255,0,0,source_row:87,source_row:87,0.0003039464818028449,-0.0003039464818028449,0.01743406096705082,0.9662937400699331,0.9996064209936305,31.988853179568522,31.617942292989454,1.0,0.0,0.0
17,8,response_tables/trial_00008_hard_negative_structure_obs-empirical_prior-axis_edge_orthogonal_rel2x.npz,hard_negative_structure,empirical,axis_edge_orthogonal,2.0,4,16,40,756,10,0.01,0.92,0.001,1e-06,inferred,0.0001,80,"0.5,1","1,1",known,pyramid_local_field,True,1.0,4.0253786812668295,0.9816984697486693,0.0945517508999102,1.0373015968949932,0.2593253992237483,0,0,source_row:87,source_row:87,0.00012575830906719343,-0.00012575830906719343,0.011214201222877777,0.621554121098411,0.9998391048158062,31.988853179568522,31.744808435866066,1.0,0.0,0.0
18,9,response_tables/trial_00009_hard_negative_structure_obs-empirical_prior-axis_edge_parallel_rel0p5x.npz,hard_negative_structure,empirical,axis_edge_parallel,0.5,4,16,40,756,10,0.01,0.92,0.001,1e-06,inferred,0.0001,80,"0.5,1","1,1",zero,pyramid_local_field,True,1.0,1.2389787444774356,0.7364499330216359,0.7257892793974087,1.6955766053151233,0.42389415132878083,0,0,source_row:369,source_row:369,0.035021042417021975,-0.035021042417021975,0.18713909911352564,10.372301687913417,0.9727586330553545,43.55782142770001,39.999877441488565,1.0000000000000002,0.0,0.0
18,9,response_tables/trial_00009_hard_negative_structure_obs-empirical_prior-axis_edge_parallel_rel0p5x.npz,hard_negative_structure,empirical,axis_edge_parallel,0.5,4,16,40,756,10,0.01,0.92,0.001,1e-06,inferred,0.0001,80,"0.5,1","1,1",joint,pyramid_local_field,True,1.0,0.687620166146246,0.5497958031939147,1.1021401530974146,2.532014874198119,0.6330037185495297,0,0,source_row:369,source_row:369,0.09293235125146204,-0.09293235125146204,0.30484807896961075,16.896395563684326,0.9231860031252757,43.55782142770001,37.93008747268674,1.0000000000000002,0.0,0.0
18,9,response_tables/trial_00009_hard_negative_structure_obs-empirical_prior-axis_edge_parallel_rel0p5x.npz,hard_negative_structure,empirical,axis_edge_parallel,0.5,4,16,40,756,10,0.01,0.92,0.001,1e-06,inferred,0.0001,80,"0.5,1","1,1",best_single_tau,pyramid_local_field,True,1.0,0.669617250386068,0.5085486919432052,1.1876932126306146,2.822349149926599,0.7055872874816498,0,0,source_row:369,source_row:369,0.10829104274281791,-0.10829104274281791,0.3290760440123497,18.239245689061175,0.9096224348481371,43.55782142770001,37.33567088431734,1.0000000000000002,0.0,0.0
18,9,response_tables/trial_00009_hard_negative_structure_obs-empirical_prior-axis_edge_parallel_rel0p5x.npz,hard_negative_structure,empirical,axis_edge_parallel,0.5,4,16,40,756,10,0.01,0.92,0.001,1e-06,inferred,0.0001,80,"0.5,1","1,1",linear_continuous,pyramid_local_field,True,1.0,7.835855627959587,0.9996048522663575,0.0034915464177952245,1.00079060775065,0.2501976519376625,0,0,source_row:369,source_row:369,8.757948873366021e-08,-8.757948873366021e-08,0.0002959383191370462,0.016402566548860704,0.9999999409109043,43.55782142770001,43.55112358489975,1.0000000000000002,0.0,0.0
18,9,response_tables/trial_00009_hard_negative_structure_obs-empirical_prior-axis_edge_parallel_rel0p5x.npz,hard_negative_structure,empirical,axis_edge_parallel,0.5,4,16,40,756,10,0.01,0.92,0.001,1e-06,inferred,0.0001,80,"0.5,1","1,1",quadratic_profile,pyramid_local_field,True,1.0,3.7181371161830423,0.9762955447562647,0.11213480519376853,1.0485314316285772,0.2621328579071443,0,0,source_row:369,source_row:369,0.0003151615872318796,-0.0003151615872318796,0.01775279097020746,0.9839595499695778,0.9997835222539851,43.55782142770001,43.16521349770649,1.0000000000000002,0.0,0.0
18,9,response_tables/trial_00009_hard_negative_structure_obs-empirical_prior-axis_edge_parallel_rel0p5x.npz,hard_negative_structure,empirical,axis_edge_parallel,0.5,4,16,40,756,10,0.01,0.92,0.001,1e-06,inferred,0.0001,80,"0.5,1","1,1",quadratic_poisson,pyramid_local_field,True,1.0,0.6602646386366473,0.4574733914608269,1.259591095235961,3.1630635470341533,0.7907658867585383,0,0,source_row:369,source_row:369,0.13372788274214706,-0.13372788274214706,0.3656882316156032,20.268499100423686,0.885884219984007,43.55782142770001,37.00629369508359,1.0000000000000002,0.0,0.0
18,9,response_tables/trial_00009_hard_negative_structure_obs-empirical_prior-axis_edge_parallel_rel0p5x.npz,hard_negative_structure,empirical,axis_edge_parallel,0.5,4,16,40,756,10,0.01,0.92,0.001,1e-06,inferred,0.0001,80,"0.5,1","1,1",known,pyramid_local_field,True,1.0,0.9574183341703701,0.6703371523756968,0.8452430178638575,1.9266919633531188,0.4816729908382797,0,0,source_row:369,source_row:369,0.05376945801051874,-0.05376945801051874,0.23188242281492302,12.85222840632369,0.9569601635367447,43.55782142770001,39.36431011360768,1.0000000000000002,0.0,0.0
19,9,response_tables/trial_00009_hard_negative_structure_obs-empirical_prior-axis_edge_orthogonal_rel0p5x.npz,hard_negative_structure,empirical,axis_edge_orthogonal,0.5,4,16,40,756,10,0.01,0.92,0.001,1e-06,inferred,0.0001,80,"0.5,1","1,1",zero,pyramid_local_field,True,1.0,1.2389787444774356,0.7364499330216359,0.7257892793974087,1.6955766053151233,0.42389415132878083,0,0,source_row:369,source_row:369,0.035021042417021975,-0.035021042417021975,0.18713909911352564,10.372301687913417,0.9727586330553545,43.55782142770001,39.999877441488565,1.0000000000000002,0.0,0.0
19,9,response_tables/trial_00009_hard_negative_structure_obs-empirical_prior-axis_edge_orthogonal_rel0p5x.npz,hard_negative_structure,empirical,axis_edge_orthogonal,0.5,4,16,40,756,10,0.01,0.92,0.001,1e-06,inferred,0.0001,80,"0.5,1","1,1",joint,pyramid_local_field,True,1.0,0.744080848979138,0.561746679081427,1.082492467046599,2.475346905766693,0.6188367264416732,0,0,source_row:369,source_row:369,0.08935913846010159,-0.08935913846010159,0.2989299892284171,16.568381735988343,0.9262221414646045,43.55782142770001,38.13436717059873,1.0000000000000002,0.0,0.0
19,9,response_tables/trial_00009_hard_negative_structure_obs-empirical_prior-axis_edge_orthogonal_rel0p5x.npz,hard_negative_structure,empirical,axis_edge_orthogonal,0.5,4,16,40,756,10,0.01,0.92,0.001,1e-06,inferred,0.0001,80,"0.5,1","1,1",best_single_tau,pyramid_local_field,True,1.0,0.6466480879581127,0.5242359370792776,1.1329645137330655,2.6679395908454944,0.6669848977113736,0,0,source_row:369,source_row:369,0.10563783704819847,-0.10563783704819847,0.32501974870490324,18.01442298304516,0.9113545012966988,43.55782142770001,37.94818894773216,1.0000000000000002,0.0,0.0
19,9,response_tables/trial_00009_hard_negative_structure_obs-empirical_prior-axis_edge_orthogonal_rel0p5x.npz,hard_negative_structure,empirical,axis_edge_orthogonal,0.5,4,16,40,756,10,0.01,0.92,0.001,1e-06,inferred,0.0001,80,"0.5,1","1,1",linear_continuous,pyramid_local_field,True,1.0,8.685501913750716,0.9998310099833811,0.001636767409788374,1.0003380371484858,0.25008450928712145,0,0,source_row:369,source_row:369,1.6017897568451505e-08,-1.6017897568451505e-08,0.0001265618329847174,0.0070147688009144695,0.9999999891947705,43.55782142770001,43.55495637905339,1.0000000000000002,0.0,0.0
19,9,response_tables/trial_00009_hard_negative_structure_obs-empirical_prior-axis_edge_orthogonal_rel0p5x.npz,hard_negative_structure,empirical,axis_edge_orthogonal,0.5,4,16,40,756,10,0.01,0.92,0.001,1e-06,inferred,0.0001,80,"0.5,1","1,1",quadratic_profile,pyramid_local_field,True,1.0,5.4519082133019126,0.9957300580245496,0.027559840370578913,1.008576348615204,0.252144087153801,0,0,source_row:369,source_row:369,1.0226287530865848e-05,-1.0226287530865848e-05,0.0031978567089326953,0.17724320944628566,0.9999930796639822,43.55782142770001,43.485717742143414,1.0000000000000002,0.0,0.0
19,9,response_tables/trial_00009_hard_negative_structure_obs-empirical_prior-axis_edge_orthogonal_rel0p5x.npz,hard_negative_structure,empirical,axis_edge_orthogonal,0.5,4,16,40,756,10,0.01,0.92,0.001,1e-06,inferred,0.0001,80,"0.5,1","1,1",quadratic_poisson,pyramid_local_field,True,1.0,0.6763653358789838,0.4776429643958498,1.2323566671498913,3.029262012017898,0.7573155030044745,0,0,source_row:369,source_row:369,0.12417180670507631,-0.12417180670507631,0.3523802019198529,19.53089322581009,0.894766809557484,43.55782142770001,37.19873355534732,1.0000000000000002,0.0,0.0
19,9,response_tables/trial_00009_hard_negative_structure_obs-empirical_prior-axis_edge_orthogonal_rel0p5x.npz,hard_negative_structure,empirical,axis_edge_orthogonal,0.5,4,16,40,756,10,0.01,0.92,0.001,1e-06,inferred,0.0001,80,"0.5,1","1,1",known,pyramid_local_field,True,1.0,0.9574183341703701,0.6703371523756968,0.8452430178638575,1.9266919633531188,0.4816729908382797,0,0,source_row:369,source_row:369,0.05376945801051874,-0.05376945801051874,0.23188242281492302,12.85222840632369,0.9569601635367447,43.55782142770001,39.36431011360768,1.0000000000000002,0.0,0.0
20,10,response_tables/trial_00010_hard_negative_structure_obs-empirical_prior-axis_edge_parallel_rel1x.npz,hard_negative_structure,empirical,axis_edge_parallel,1.0,4,16,40,756,10,0.01,0.92,0.001,1e-06,inferred,0.0001,80,"0.5,1","1,1",zero,pyramid_local_field,True,1.0,2.1872862703841065,0.8962138391377542,0.3482929529741559,1.229522788546657,0.30738069713666427,0,0,source_row:369,source_row:369,0.00592034168122917,-0.00592034168122917,0.0769437566098067,4.264655864748762,0.9957163218281141,43.55782142770001,41.96859403241892,1.0000000000000002,0.0,0.0
20,10,response_tables/trial_00010_hard_negative_structure_obs-empirical_prior-axis_edge_parallel_rel1x.npz,hard_negative_structure,empirical,axis_edge_parallel,1.0,4,16,40,756,10,0.01,0.92,0.001,1e-06,inferred,0.0001,80,"0.5,1","1,1",joint,pyramid_local_field,True,1.0,0.794762975095523,0.5845077978244068,1.0482867165692467,2.35834352727189,0.5895858818179724,0,0,source_row:369,source_row:369,0.07995339672420922,-0.07995339672420922,0.282760316742306,15.672167518782166,0.934753267916166,43.55782142770001,38.24383423341965,1.0000000000000002,0.0,0.0
20,10,response_tables/trial_00010_hard_negative_structure_obs-empirical_prior-axis_edge_parallel_rel1x.npz,hard_negative_structure,empirical,axis_edge_parallel,1.0,4,16,40,756,10,0.01,0.92,0.001,1e-06,inferred,0.0001,80,"0.5,1","1,1",best_single_tau,pyramid_local_field,True,1.0,0.6375843825508127,0.5433491344373316,1.103153317676604,2.5452836649590935,0.6363209162397734,0,0,source_row:369,source_row:369,0.09559654355257857,-0.09559654355257857,0.30918690714934643,17.13687783096797,0.9207360595896117,43.55782142770001,37.909715354822055,1.0000000000000002,0.0,0.0
20,10,response_tables/trial_00010_hard_negative_structure_obs-empirical_prior-axis_edge_parallel_rel1x.npz,hard_negative_structure,empirical,axis_edge_parallel,1.0,4,16,40,756,10,0.01,0.92,0.001,1e-06,inferred,0.0001,80,"0.5,1","1,1",linear_continuous,pyramid_local_field,False,2.0,-12.443834442462936,3.941936789851858e-06,5.2994753358340474e-05,1.0000078839046642,0.25000197097616605,1,0,source_row:2518,source_row:369,0.5608929623369605,-0.5608929623369605,0.7489278752569973,41.50979619679122,0.5746105087199284,43.55782142770001,46.29423037593348,0.5746080243845249,0.5608973843723165,0.7489308274949806
20,10,response_tables/trial_00010_hard_negative_structure_obs-empirical_prior-axis_edge_parallel_rel1x.npz,hard_negative_structure,empirical,axis_edge_parallel,1.0,4,16,40,756,10,0.01,0.92,0.001,1e-06,inferred,0.0001,80,"0.5,1","1,1",quadratic_profile,pyramid_local_field,False,2.0,-5.305009462274128,0.00494210459265445,0.031175356546414276,1.0099334356087764,0.2524833589021941,1,0,source_row:2518,source_row:369,0.5553669870352457,-0.5553669870352457,0.7452294861552686,41.30481066621992,0.5777256042234321,43.55782142770001,46.18955043284753,0.5746080243845249,0.5608973843723165,0.7489308274949806
20,10,response_tables/trial_00010_hard_negative_structure_obs-empirical_prior-axis_edge_parallel_rel1x.npz,hard_negative_structure,empirical,axis_edge_parallel,1.0,4,16,40,756,10,0.01,0.92,0.001,1e-06,inferred,0.0001,80,"0.5,1","1,1",quadratic_poisson,pyramid_local_field,True,1.0,0.48673933250358914,0.49141231814344166,1.1629345261389188,2.7979248728922355,0.6994812182230589,0,0,source_row:369,source_row:369,0.11983640125948676,-0.11983640125948676,0.3461739465348118,19.18690763695764,0.8982767513670901,43.55782142770001,37.79504354183333,1.0000000000000002,0.0,0.0
20,10,response_tables/trial_00010_hard_negative_structure_obs-empirical_prior-axis_edge_parallel_rel1x.npz,hard_negative_structure,empirical,axis_edge_parallel,1.0,4,16,40,756,10,0.01,0.92,0.001,1e-06,inferred,0.0001,80,"0.5,1","1,1",known,pyramid_local_field,True,1.0,0.9585276033227501,0.680615702502354,0.8005263964750514,1.8726333989370165,0.46815834973425413,0,0,source_row:369,source_row:369,0.05167123351204355,-0.05167123351204355,0.22731307378160973,12.598969376460829,0.9585493808590818,43.55782142770001,39.582834856534745,1.0000000000000002,0.0,0.0
21,10,response_tables/trial_00010_hard_negative_structure_obs-empirical_prior-axis_edge_orthogonal_rel1x.npz,hard_negative_structure,empirical,axis_edge_orthogonal,1.0,4,16,40,756,10,0.01,0.92,0.001,1e-06,inferred,0.0001,80,"0.5,1","1,1",zero,pyramid_local_field,True,1.0,2.1872862703841065,0.8962138391377542,0.3482929529741559,1.229522788546657,0.30738069713666427,0,0,source_row:369,source_row:369,0.00592034168122917,-0.00592034168122917,0.0769437566098067,4.264655864748762,0.9957163218281141,43.55782142770001,41.96859403241892,1.0000000000000002,0.0,0.0
21,10,response_tables/trial_00010_hard_negative_structure_obs-empirical_prior-axis_edge_orthogonal_rel1x.npz,hard_negative_structure,empirical,axis_edge_orthogonal,1.0,4,16,40,756,10,0.01,0.92,0.001,1e-06,inferred,0.0001,80,"0.5,1","1,1",joint,pyramid_local_field,True,1.0,0.5042000899963455,0.5115927111220239,1.1161455812144663,2.651671150672666,0.6629177876681664,0,0,source_row:369,source_row:369,0.11240676299428522,-0.11240676299428522,0.33527117829346026,18.58261488376822,0.9049314842813801,43.55782142770001,38.106363532887265,1.0000000000000002,0.0,0.0
21,10,response_tables/trial_00010_hard_negative_structure_obs-empirical_prior-axis_edge_orthogonal_rel1x.npz,hard_negative_structure,empirical,axis_edge_orthogonal,1.0,4,16,40,756,10,0.01,0.92,0.001,1e-06,inferred,0.0001,80,"0.5,1","1,1",best_single_tau,pyramid_local_field,True,1.0,0.3939274586581405,0.4717885774637309,1.1748859549202961,2.8620706917050294,0.7155176729262573,0,0,source_row:369,source_row:369,0.1294623167134536,-0.1294623167134536,0.35980872239768397,19.942623622375503,0.8893009103947612,43.55782142770001,37.78578946531237,1.0000000000000002,0.0,0.0
21,10,response_tables/trial_00010_hard_negative_structure_obs-empirical_prior-axis_edge_orthogonal_rel1x.npz,hard_negative_structure,empirical,axis_edge_orthogonal,1.0,4,16,40,756,10,0.01,0.92,0.001,1e-06,inferred,0.0001,80,"0.5,1","1,1",linear_continuous,pyramid_local_field,False,2.0,-12.326189388175749,4.434064845594651e-06,5.908919772170685e-05,1.0000088681690118,0.25000221704225295,1,0,source_row:2518,source_row:369,0.5608924102725966,-0.5608924102725966,0.7489275066871269,41.50977576857549,0.5746108188751241,43.55782142770001,46.29421991057194,0.5746080243845249,0.5608973843723165,0.7489308274949806
21,10,response_tables/trial_00010_hard_negative_structure_obs-empirical_prior-axis_edge_orthogonal_rel1x.npz,hard_negative_structure,empirical,axis_edge_orthogonal,1.0,4,16,40,756,10,0.01,0.92,0.001,1e-06,inferred,0.0001,80,"0.5,1","1,1",quadratic_profile,pyramid_local_field,False,2.0,-5.764335690569405,0.0031276615062670447,0.021181972009019282,1.0062777506548268,0.2515694376637067,1,0,source_row:2518,source_row:369,0.5573937468731326,-0.5573937468731326,0.7465880704063872,41.38011104859753,0.5765805200474072,43.55782142770001,46.227916047448055,0.5746080243845249,0.5608973843723165,0.7489308274949806
21,10,response_tables/trial_00010_hard_negative_structure_obs-empirical_prior-axis_edge_orthogonal_rel1x.npz,hard_negative_structure,empirical,axis_edge_orthogonal,1.0,4,16,40,756,10,0.01,0.92,0.001,1e-06,inferred,0.0001,80,"0.5,1","1,1",quadratic_poisson,pyramid_local_field,True,1.0,0.49124196489600536,0.5001710097707023,1.1417248299767988,2.7303271637211504,0.6825817909302876,0,0,source_row:369,source_row:369,0.11669432205723772,-0.11669432205723772,0.3416055064796786,18.933698987779284,0.9010823118182903,43.55782142770001,37.945544733504704,1.0000000000000002,0.0,0.0
21,10,response_tables/trial_00010_hard_negative_structure_obs-empirical_prior-axis_edge_orthogonal_rel1x.npz,hard_negative_structure,empirical,axis_edge_orthogonal,1.0,4,16,40,756,10,0.01,0.92,0.001,1e-06,inferred,0.0001,80,"0.5,1","1,1",known,pyramid_local_field,True,1.0,0.9585276033227501,0.680615702502354,0.8005263964750514,1.8726333989370165,0.46815834973425413,0,0,source_row:369,source_row:369,0.05167123351204355,-0.05167123351204355,0.22731307378160973,12.598969376460829,0.9585493808590818,43.55782142770001,39.582834856534745,1.0000000000000002,0.0,0.0
22,11,response_tables/trial_00011_hard_negative_structure_obs-empirical_prior-axis_edge_parallel_rel2x.npz,hard_negative_structure,empirical,axis_edge_parallel,2.0,4,16,40,756,10,0.01,0.92,0.001,1e-06,inferred,0.0001,80,"0.5,1","1,1",zero,pyramid_local_field,True,1.0,4.7333533833137835,0.9912666107912312,0.050196756498539025,1.0176195390080212,0.2544048847520053,0,0,source_row:369,source_row:369,4.2737285388766887e-05,-4.2737285388766887e-05,0.006537376032382326,0.3623381579606154,0.9999709871571126,43.55782142770001,43.41095774743935,1.0000000000000002,0.0,0.0
22,11,response_tables/trial_00011_hard_negative_structure_obs-empirical_prior-axis_edge_parallel_rel2x.npz,hard_negative_structure,empirical,axis_edge_parallel,2.0,4,16,40,756,10,0.01,0.92,0.001,1e-06,inferred,0.0001,80,"0.5,1","1,1",joint,pyramid_local_field,True,1.0,1.0173480143967026,0.6272018010334474,1.0011720792095467,2.1886429101655587,0.5471607275413897,0,0,source_row:369,source_row:369,0.06429839689381682,-0.06429839689381682,0.2535712856255945,14.05434720141086,0.9487379423586001,43.55782142770001,38.49776649550964,1.0000000000000002,0.0,0.0
22,11,response_tables/trial_00011_hard_negative_structure_obs-empirical_prior-axis_edge_parallel_rel2x.npz,hard_negative_structure,empirical,axis_edge_parallel,2.0,4,16,40,756,10,0.01,0.92,0.001,1e-06,inferred,0.0001,80,"0.5,1","1,1",best_single_tau,pyramid_local_field,True,1.0,0.5839319250958397,0.5252232874139492,1.1184457131148988,2.6251673018034833,0.6562918254508708,0,0,source_row:369,source_row:369,0.10493628142369187,-0.10493628142369187,0.323938700101874,17.954505187656423,0.9119592693353353,43.55782142770001,37.99266395198566,1.0000000000000002,0.0,0.0
22,11,response_tables/trial_00011_hard_negative_structure_obs-empirical_prior-axis_edge_parallel_rel2x.npz,hard_negative_structure,empirical,axis_edge_parallel,2.0,4,16,40,756,10,0.01,0.92,0.001,1e-06,inferred,0.0001,80,"0.5,1","1,1",linear_continuous,pyramid_local_field,False,2.0,-27.619745422134173,1.0113395040380257e-12,2.894191032165756e-11,1.000000000002018,0.2500000000005045,1,0,source_row:2518,source_row:369,0.5608973843711836,-0.5608973843711836,0.7489308274942243,41.50995982638716,0.5746080243851622,43.55782142770001,46.29431420350954,0.5746080243845249,0.5608973843723165,0.7489308274949806
22,11,response_tables/trial_00011_hard_negative_structure_obs-empirical_prior-axis_edge_parallel_rel2x.npz,hard_negative_structure,empirical,axis_edge_parallel,2.0,4,16,40,756,10,0.01,0.92,0.001,1e-06,inferred,0.0001,80,"0.5,1","1,1",quadratic_profile,pyramid_local_field,False,2.0,-9.19602448947538,0.00010143158404169052,0.0010360682078621806,1.0002031025929752,0.2500507756482438,1,0,source_row:2518,source_row:369,0.5607835636946169,-0.5607835636946169,0.7488548348609475,41.50574788712839,0.5746719652304921,43.55782142770001,46.292155721689156,0.5746080243845249,0.5608973843723165,0.7489308274949806
22,11,response_tables/trial_00011_hard_negative_structure_obs-empirical_prior-axis_edge_parallel_rel2x.npz,hard_negative_structure,empirical,axis_edge_parallel,2.0,4,16,40,756,10,0.01,0.92,0.001,1e-06,inferred,0.0001,80,"0.5,1","1,1",quadratic_poisson,pyramid_local_field,True,1.0,1.0496091119797484,0.6517669809792778,0.951116926350388,2.0644167147436967,0.5161041786859242,0,0,source_row:369,source_row:369,0.05590878025496338,-0.05590878025496338,0.2364503758824743,13.105410063910535,0.9560597969829334,43.55782142770001,38.69755096429132,1.0000000000000002,0.0,0.0
22,11,response_tables/trial_00011_hard_negative_structure_obs-empirical_prior-axis_edge_parallel_rel2x.npz,hard_negative_structure,empirical,axis_edge_parallel,2.0,4,16,40,756,10,0.01,0.92,0.001,1e-06,inferred,0.0001,80,"0.5,1","1,1",known,pyramid_local_field,True,1.0,1.5533529683200413,0.7647662256062495,0.70378948217547,1.6233078584901242,0.40582696462253104,0,0,source_row:369,source_row:369,0.02757656297211288,-0.02757656297211288,0.16606192511263043,9.204086127928766,0.9790150190590523,43.55782142770001,40.21029098319325,1.0000000000000002,0.0,0.0
23,11,response_tables/trial_00011_hard_negative_structure_obs-empirical_prior-axis_edge_orthogonal_rel2x.npz,hard_negative_structure,empirical,axis_edge_orthogonal,2.0,4,16,40,756,10,0.01,0.92,0.001,1e-06,inferred,0.0001,80,"0.5,1","1,1",zero,pyramid_local_field,True,1.0,4.7333533833137835,0.9912666107912312,0.050196756498539025,1.0176195390080212,0.2544048847520053,0,0,source_row:369,source_row:369,4.2737285388766887e-05,-4.2737285388766887e-05,0.006537376032382326,0.3623381579606154,0.9999709871571126,43.55782142770001,43.41095774743935,1.0000000000000002,0.0,0.0
23,11,response_tables/trial_00011_hard_negative_structure_obs-empirical_prior-axis_edge_orthogonal_rel2x.npz,hard_negative_structure,empirical,axis_edge_orthogonal,2.0,4,16,40,756,10,0.01,0.92,0.001,1e-06,inferred,0.0001,80,"0.5,1","1,1",joint,pyramid_local_field,True,1.0,0.8020488549626634,0.5773455395069432,0.9839244000384255,2.348875011699302,0.5872187529248255,0,0,source_row:369,source_row:369,0.0896778331435872,-0.0896778331435872,0.29946257386122094,16.597900572575433,0.9251378923397205,43.55782142770001,38.86381685315225,1.0000000000000002,0.0,0.0
23,11,response_tables/trial_00011_hard_negative_structure_obs-empirical_prior-axis_edge_orthogonal_rel2x.npz,hard_negative_structure,empirical,axis_edge_orthogonal,2.0,4,16,40,756,10,0.01,0.92,0.001,1e-06,inferred,0.0001,80,"0.5,1","1,1",best_single_tau,pyramid_local_field,True,1.0,1.0079681632551,0.5937054250905105,0.9832463657850345,2.3087078966141035,0.5771769741535259,0,0,source_row:369,source_row:369,0.08427637677549893,-0.08427637677549893,0.29030393861520193,16.09027748220436,0.9300269405995338,43.55782142770001,38.87622147411506,1.0000000000000002,0.0,0.0
23,11,response_tables/trial_00011_hard_negative_structure_obs-empirical_prior-axis_edge_orthogonal_rel2x.npz,hard_negative_structure,empirical,axis_edge_orthogonal,2.0,4,16,40,756,10,0.01,0.92,0.001,1e-06,inferred,0.0001,80,"0.5,1","1,1",linear_continuous,pyramid_local_field,False,2.0,-41.72560659149393,7.564832271834001e-19,3.1564721530518274e-17,1.0,0.25,1,0,source_row:2518,source_row:369,0.5608973843723165,-0.5608973843723165,0.7489308274949806,41.50995982642908,0.5746080243845249,43.55782142770001,46.294314203530945,0.5746080243845249,0.5608973843723165,0.7489308274949806
23,11,response_tables/trial_00011_hard_negative_structure_obs-empirical_prior-axis_edge_orthogonal_rel2x.npz,hard_negative_structure,empirical,axis_edge_orthogonal,2.0,4,16,40,756,10,0.01,0.92,0.001,1e-06,inferred,0.0001,80,"0.5,1","1,1",quadratic_profile,pyramid_local_field,False,2.0,-9.83726063792951,5.34202731138185e-05,0.0006592078405094951,1.0001192037916868,0.2500298009479217,1,0,source_row:2518,source_row:369,0.5608351437463585,-0.5608351437463585,0.7488892733551192,41.507656662220924,0.5746424950938364,43.55782142770001,46.29308711991222,0.5746080243845249,0.5608973843723165,0.7489308274949806
23,11,response_tables/trial_00011_hard_negative_structure_obs-empirical_prior-axis_edge_orthogonal_rel2x.npz,hard_negative_structure,empirical,axis_edge_orthogonal,2.0,4,16,40,756,10,0.01,0.92,0.001,1e-06,inferred,0.0001,80,"0.5,1","1,1",quadratic_poisson,pyramid_local_field,True,1.0,0.9112170756103524,0.6107111822567683,0.9985863970840847,2.2367604751648016,0.5591901187912004,0,0,source_row:369,source_row:369,0.07220357356657092,-0.07220357356657092,0.2687072264874373,14.893266196389087,0.9412875338350899,43.55782142770001,38.64221800355587,1.0000000000000002,0.0,0.0
23,11,response_tables/trial_00011_hard_negative_structure_obs-empirical_prior-axis_edge_orthogonal_rel2x.npz,hard_negative_structure,empirical,axis_edge_orthogonal,2.0,4,16,40,756,10,0.01,0.92,0.001,1e-06,inferred,0.0001,80,"0.5,1","1,1",known,pyramid_local_field,True,1.0,1.5533529683200413,0.7647662256062495,0.70378948217547,1.6233078584901242,0.40582696462253104,0,0,source_row:369,source_row:369,0.02757656297211288,-0.02757656297211288,0.16606192511263043,9.204086127928766,0.9790150190590523,43.55782142770001,40.21029098319325,1.0000000000000002,0.0,0.0
24,12,response_tables/trial_00012_hard_negative_structure_obs-empirical_prior-axis_edge_parallel_rel0p5x.npz,hard_negative_structure,empirical,axis_edge_parallel,0.5,4,16,40,756,10,0.01,0.92,0.001,1e-06,inferred,0.0001,80,"0.5,1","1,1",zero,pyramid_local_field,True,1.0,0.3750161539097121,0.5920698599481703,0.6836829236569071,1.9375015371706108,0.4843753842926527,0,0,source_row:420,source_row:420,0.12285348779832904,-0.12285348779832904,0.35050461879742617,19.426937857430513,0.9240436504778201,50.81129610299023,47.25981847687658,1.0,0.0,0.0
24,12,response_tables/trial_00012_hard_negative_structure_obs-empirical_prior-axis_edge_parallel_rel0p5x.npz,hard_negative_structure,empirical,axis_edge_parallel,0.5,4,16,40,756,10,0.01,0.92,0.001,1e-06,inferred,0.0001,80,"0.5,1","1,1",joint,pyramid_local_field,True,1.0,0.3035621502136223,0.4998494177687893,1.0695409347935592,2.532279232152667,0.6330698080381667,0,0,source_row:420,source_row:420,0.1389026193372849,-0.1389026193372849,0.37269641712429286,20.656932168261076,0.914174910951377,50.81129610299023,44.84984397402143,1.0,0.0,0.0
24,12,response_tables/trial_00012_hard_negative_structure_obs-empirical_prior-axis_edge_parallel_rel0p5x.npz,hard_negative_structure,empirical,axis_edge_parallel,0.5,4,16,40,756,10,0.01,0.92,0.001,1e-06,inferred,0.0001,80,"0.5,1","1,1",best_single_tau,pyramid_local_field,True,1.0,0.49605986357892107,0.487099665822176,1.1909594682820193,2.866604681220522,0.7166511703051305,0,0,source_row:420,source_row:420,0.12873468631804508,-0.12873468631804508,0.35879616263004416,19.88650186355143,0.9227161294848788,50.81129610299023,43.44458560823495,1.0,0.0,0.0
24,12,response_tables/trial_00012_hard_negative_structure_obs-empirical_prior-axis_edge_parallel_rel0p5x.npz,hard_negative_structure,empirical,axis_edge_parallel,0.5,4,16,40,756,10,0.01,0.92,0.001,1e-06,inferred,0.0001,80,"0.5,1","1,1",linear_continuous,pyramid_local_field,False,2.0,-60.445532907857086,5.60839511574364e-27,3.390024315289471e-25,1.0,0.25,1,0,source_row:5125,source_row:420,0.6878716946775136,-0.6878716946775136,0.8293803076258284,45.96892261136127,0.550753846104047,50.81129610299023,45.71830406415044,0.550753846104047,0.6878716946775136,0.8293803076258284
24,12,response_tables/trial_00012_hard_negative_structure_obs-empirical_prior-axis_edge_parallel_rel0p5x.npz,hard_negative_structure,empirical,axis_edge_parallel,0.5,4,16,40,756,10,0.01,0.92,0.001,1e-06,inferred,0.0001,80,"0.5,1","1,1",quadratic_profile,pyramid_local_field,False,2.0,-0.9096554583039591,0.28707034630941397,0.5995076332984131,1.6929695592107377,0.4232423898026844,1,0,source_row:5125,source_row:420,0.3496236459063049,-0.3496236459063049,0.5912898154934726,32.772608077847096,0.767172045567612,50.81129610299023,42.412456819115775,0.550753846104047,0.6878716946775136,0.8293803076258284
24,12,response_tables/trial_00012_hard_negative_structure_obs-empirical_prior-axis_edge_parallel_rel0p5x.npz,hard_negative_structure,empirical,axis_edge_parallel,0.5,4,16,40,756,10,0.01,0.92,0.001,1e-06,inferred,0.0001,80,"0.5,1","1,1",quadratic_poisson,pyramid_local_field,True,1.0,0.5946327301313659,0.5584903960786485,1.0468368917629958,2.403416960955279,0.6008542402388197,0,0,source_row:420,source_row:420,0.1044279758591312,-0.1044279758591312,0.3231531770834556,17.910967082747124,0.937459472862998,50.81129610299023,44.81073218110998,1.0,0.0,0.0
24,12,response_tables/trial_00012_hard_negative_structure_obs-empirical_prior-axis_edge_parallel_rel0p5x.npz,hard_negative_structure,empirical,axis_edge_parallel,0.5,4,16,40,756,10,0.01,0.92,0.001,1e-06,inferred,0.0001,80,"0.5,1","1,1",known,pyramid_local_field,True,1.0,0.7872621131017468,0.5663574581778898,1.0539779351059375,2.4397053371963566,0.6099263342990892,0,0,source_row:420,source_row:420,0.09607462247783931,-0.09607462247783931,0.30995906581005067,17.179675207986975,0.9438867241130312,50.81129610299023,44.28242223315015,1.0,0.0,0.0
25,12,response_tables/trial_00012_hard_negative_structure_obs-empirical_prior-axis_edge_orthogonal_rel0p5x.npz,hard_negative_structure,empirical,axis_edge_orthogonal,0.5,4,16,40,756,10,0.01,0.92,0.001,1e-06,inferred,0.0001,80,"0.5,1","1,1",zero,pyramid_local_field,True,1.0,0.3750161539097121,0.5920698599481703,0.6836829236569071,1.9375015371706108,0.4843753842926527,0,0,source_row:420,source_row:420,0.12285348779832904,-0.12285348779832904,0.35050461879742617,19.426937857430513,0.9240436504778201,50.81129610299023,47.25981847687658,1.0,0.0,0.0
25,12,response_tables/trial_00012_hard_negative_structure_obs-empirical_prior-axis_edge_orthogonal_rel0p5x.npz,hard_negative_structure,empirical,axis_edge_orthogonal,0.5,4,16,40,756,10,0.01,0.92,0.001,1e-06,inferred,0.0001,80,"0.5,1","1,1",joint,pyramid_local_field,True,1.0,0.3227183147127448,0.487613852471626,1.112816978565042,2.6567994696097337,0.6641998674024334,0,0,source_row:420,source_row:420,0.14012697380168013,-0.14012697380168013,0.3743353761023397,20.74777249534902,0.9137163083133372,50.81129610299023,44.38779993082149,1.0,0.0,0.0
25,12,response_tables/trial_00012_hard_negative_structure_obs-empirical_prior-axis_edge_orthogonal_rel0p5x.npz,hard_negative_structure,empirical,axis_edge_orthogonal,0.5,4,16,40,756,10,0.01,0.92,0.001,1e-06,inferred,0.0001,80,"0.5,1","1,1",best_single_tau,pyramid_local_field,True,1.0,0.34021984264677485,0.4479163718368006,1.1948774210664568,2.973748062413108,0.743437015603277,0,0,source_row:420,source_row:420,0.1519437745584352,-0.1519437745584352,0.38979965951554546,21.604890081727167,0.9067458868419516,50.81129610299023,43.29828281589682,1.0,0.0,0.0
25,12,response_tables/trial_00012_hard_negative_structure_obs-empirical_prior-axis_edge_orthogonal_rel0p5x.npz,hard_negative_structure,empirical,axis_edge_orthogonal,0.5,4,16,40,756,10,0.01,0.92,0.001,1e-06,inferred,0.0001,80,"0.5,1","1,1",linear_continuous,pyramid_local_field,True,1.0,8.931249830475224,0.9998675063984385,0.00131775540231693,1.0002650223964482,0.25006625559911205,0,0,source_row:420,source_row:420,1.4654672786475453e-08,-1.4654672786475453e-08,0.00012105648593311906,0.006709631495101097,0.9999999935032773,50.81129610299023,50.807908615329104,1.0,0.0,0.0
25,12,response_tables/trial_00012_hard_negative_structure_obs-empirical_prior-axis_edge_orthogonal_rel0p5x.npz,hard_negative_structure,empirical,axis_edge_orthogonal,0.5,4,16,40,756,10,0.01,0.92,0.001,1e-06,inferred,0.0001,80,"0.5,1","1,1",quadratic_profile,pyramid_local_field,False,2.0,-29.679647295926735,1.2891188371485166e-13,3.9539569333471455e-12,1.0000000000002558,0.25000000000006395,1,0,source_row:5125,source_row:420,0.6878716946773368,-0.6878716946773368,0.8293803076257217,45.96892261135537,0.5507538461041469,50.81129610299023,45.718304064148214,0.550753846104047,0.6878716946775136,0.8293803076258284
25,12,response_tables/trial_00012_hard_negative_structure_obs-empirical_prior-axis_edge_orthogonal_rel0p5x.npz,hard_negative_structure,empirical,axis_edge_orthogonal,0.5,4,16,40,756,10,0.01,0.92,0.001,1e-06,inferred,0.0001,80,"0.5,1","1,1",quadratic_poisson,pyramid_local_field,True,1.0,0.6051000337595269,0.5305498223957095,1.1134104523130008,2.6030827197428876,0.6507706799357219,0,0,source_row:420,source_row:420,0.11183278687452712,-0.11183278687452712,0.3344140949100787,18.53511050084534,0.9334276735035422,50.81129610299023,44.07587421589446,1.0,0.0,0.0
25,12,response_tables/trial_00012_hard_negative_structure_obs-empirical_prior-axis_edge_orthogonal_rel0p5x.npz,hard_negative_structure,empirical,axis_edge_orthogonal,0.5,4,16,40,756,10,0.01,0.92,0.001,1e-06,inferred,0.0001,80,"0.5,1","1,1",known,pyramid_local_field,True,1.0,0.7872621131017468,0.5663574581778898,1.0539779351059375,2.4397053371963566,0.6099263342990892,0,0,source_row:420,source_row:420,0.09607462247783931,-0.09607462247783931,0.30995906581005067,17.179675207986975,0.9438867241130312,50.81129610299023,44.28242223315015,1.0,0.0,0.0
26,13,response_tables/trial_00013_hard_negative_structure_obs-empirical_prior-axis_edge_parallel_rel1x.npz,hard_negative_structure,empirical,axis_edge_parallel,1.0,4,16,40,756,10,0.01,0.92,0.001,1e-06,inferred,0.0001,80,"0.5,1","1,1",zero,pyramid_local_field,True,1.0,0.3541381209786323,0.5875788115508278,0.6784438714063534,1.9406875254286788,0.4851718813571697,0,0,source_row:420,source_row:420,0.12594390054983357,-0.12594390054983357,0.35488575703997133,19.66976518642479,0.922071120642355,50.81129610299023,47.28402475891648,1.0,0.0,0.0
26,13,response_tables/trial_00013_hard_negative_structure_obs-empirical_prior-axis_edge_parallel_rel1x.npz,hard_negative_structure,empirical,axis_edge_parallel,1.0,4,16,40,756,10,0.01,0.92,0.001,1e-06,inferred,0.0001,80,"0.5,1","1,1",joint,pyramid_local_field,True,1.0,0.35053135838705884,0.46646928637602586,1.1344819305960683,2.8044196908640284,0.7011049227160071,0,0,source_row:420,source_row:420,0.14727892147387003,-0.14727892147387003,0.3837693597382027,21.270656942551838,0.9094183320464302,50.81129610299023,43.77989258544682,1.0,0.0,0.0
26,13,response_tables/trial_00013_hard_negative_structure_obs-empirical_prior-axis_edge_parallel_rel1x.npz,hard_negative_structure,empirical,axis_edge_parallel,1.0,4,16,40,756,10,0.01,0.92,0.001,1e-06,inferred,0.0001,80,"0.5,1","1,1",best_single_tau,pyramid_local_field,True,1.0,0.5886335490557713,0.47635527676262823,1.1481785530496171,2.8554096678872867,0.7138524169718217,0,0,source_row:420,source_row:420,0.13660017678712025,-0.13660017678712025,0.3695946114151561,20.485012645591247,0.9177879883309857,50.81129610299023,43.08750184861604,1.0,0.0,0.0
26,13,response_tables/trial_00013_hard_negative_structure_obs-empirical_prior-axis_edge_parallel_rel1x.npz,hard_negative_structure,empirical,axis_edge_parallel,1.0,4,16,40,756,10,0.01,0.92,0.001,1e-06,inferred,0.0001,80,"0.5,1","1,1",linear_continuous,pyramid_local_field,False,3.0,-159.59079778935308,4.904527314256151e-70,2.94850340858772e-47,1.0,0.25,1,0,source_row:5125,source_row:420,0.6878716946775136,-0.6878716946775136,0.8293803076258284,45.96892261136127,0.550753846104047,50.81129610299023,45.71830406415044,0.550753846104047,0.6878716946775136,0.8293803076258284
26,13,response_tables/trial_00013_hard_negative_structure_obs-empirical_prior-axis_edge_parallel_rel1x.npz,hard_negative_structure,empirical,axis_edge_parallel,1.0,4,16,40,756,10,0.01,0.92,0.001,1e-06,inferred,0.0001,80,"0.5,1","1,1",quadratic_profile,pyramid_local_field,False,2.0,-17.848288338108482,1.7725024969131313e-08,3.340863870104163e-07,1.0000000354500576,0.2500000088625144,1,0,source_row:5125,source_row:420,0.687871670292426,-0.687871670292426,0.8293802929250406,45.96892179656091,0.5507538598281589,50.81129610299023,45.71830374981847,0.550753846104047,0.6878716946775136,0.8293803076258284
26,13,response_tables/trial_00013_hard_negative_structure_obs-empirical_prior-axis_edge_parallel_rel1x.npz,hard_negative_structure,empirical,axis_edge_parallel,1.0,4,16,40,756,10,0.01,0.92,0.001,1e-06,inferred,0.0001,80,"0.5,1","1,1",quadratic_poisson,pyramid_local_field,True,1.0,0.5509710396594869,0.5531057649032891,1.0403525690960653,2.402515233619439,0.6006288084048598,0,0,source_row:420,source_row:420,0.1085919474457253,-0.1085919474457253,0.329532923159015,18.26456850169935,0.9345531458075192,50.81129610299023,44.89486657211165,1.0,0.0,0.0
26,13,response_tables/trial_00013_hard_negative_structure_obs-empirical_prior-axis_edge_parallel_rel1x.npz,hard_negative_structure,empirical,axis_edge_parallel,1.0,4,16,40,756,10,0.01,0.92,0.001,1e-06,inferred,0.0001,80,"0.5,1","1,1",known,pyramid_local_field,True,1.0,0.8229884983439888,0.5781054609754486,1.0408707736032734,2.38688493102376,0.59672123275594,0,0,source_row:420,source_row:420,0.09112892955552711,-0.09112892955552711,0.3018756855984382,16.731648800837867,0.9470326626789805,50.81129610299023,44.419886001503535,1.0,0.0,0.0
27,13,response_tables/trial_00013_hard_negative_structure_obs-empirical_prior-axis_edge_orthogonal_rel1x.npz,hard_negative_structure,empirical,axis_edge_orthogonal,1.0,4,16,40,756,10,0.01,0.92,0.001,1e-06,inferred,0.0001,80,"0.5,1","1,1",zero,pyramid_local_field,True,1.0,0.3541381209786323,0.5875788115508278,0.6784438714063534,1.9406875254286788,0.4851718813571697,0,0,source_row:420,source_row:420,0.12594390054983357,-0.12594390054983357,0.35488575703997133,19.66976518642479,0.922071120642355,50.81129610299023,47.28402475891648,1.0,0.0,0.0
27,13,response_tables/trial_00013_hard_negative_structure_obs-empirical_prior-axis_edge_orthogonal_rel1x.npz,hard_negative_structure,empirical,axis_edge_orthogonal,1.0,4,16,40,756,10,0.01,0.92,0.001,1e-06,inferred,0.0001,80,"0.5,1","1,1",joint,pyramid_local_field,True,1.0,0.9102878294391417,0.5051735111663613,1.2157909845196722,2.9140213193519973,0.7285053298379993,0,0,source_row:420,source_row:420,0.11371194420092495,-0.11371194420092495,0.33721201669116857,18.690187066619785,0.9349806831775488,50.81129610299023,42.55728025012224,1.0,0.0,0.0
27,13,response_tables/trial_00013_hard_negative_structure_obs-empirical_prior-axis_edge_orthogonal_rel1x.npz,hard_negative_structure,empirical,axis_edge_orthogonal,1.0,4,16,40,756,10,0.01,0.92,0.001,1e-06,inferred,0.0001,80,"0.5,1","1,1",best_single_tau,pyramid_local_field,True,1.0,0.46552621393107074,0.44787174831858745,1.247407979935502,3.1326199930963985,0.7831549982740996,0,0,source_row:420,source_row:420,0.14480049192825287,-0.14480049192825287,0.38052659818763374,21.09092485415452,0.9147931545222786,50.81129610299023,41.6239010180587,1.0,0.0,0.0
27,13,response_tables/trial_00013_hard_negative_structure_obs-empirical_prior-axis_edge_orthogonal_rel1x.npz,hard_negative_structure,empirical,axis_edge_orthogonal,1.0,4,16,40,756,10,0.01,0.92,0.001,1e-06,inferred,0.0001,80,"0.5,1","1,1",linear_continuous,pyramid_local_field,False,3.0,-66.17029415343885,1.8306544820660647e-29,2.159677748715255e-15,1.0,0.25,2,0,source_row:4203,source_row:420,0.8370447539657686,-0.8370447539657686,0.9149014995975078,50.70898819916289,0.49939689109473256,50.81129610299023,50.544517908583835,0.49939689109473256,0.8370447539657686,0.9149014995975078
27,13,response_tables/trial_00013_hard_negative_structure_obs-empirical_prior-axis_edge_orthogonal_rel1x.npz,hard_negative_structure,empirical,axis_edge_orthogonal,1.0,4,16,40,756,10,0.01,0.92,0.001,1e-06,inferred,0.0001,80,"0.5,1","1,1",quadratic_profile,pyramid_local_field,False,2.0,-9.176163901848234,0.00010346601328798889,0.0010528924624676167,1.0002069534370093,0.2500517383592523,1,0,source_row:5125,source_row:420,0.6877293593575243,-0.6877293593575243,0.8292944949518984,45.964166390203516,0.5508339583276752,50.81129610299023,45.7164694304683,0.550753846104047,0.6878716946775136,0.8293803076258284
27,13,response_tables/trial_00013_hard_negative_structure_obs-empirical_prior-axis_edge_orthogonal_rel1x.npz,hard_negative_structure,empirical,axis_edge_orthogonal,1.0,4,16,40,756,10,0.01,0.92,0.001,1e-06,inferred,0.0001,80,"0.5,1","1,1",quadratic_poisson,pyramid_local_field,True,1.0,1.3329664937378425,0.6933104532457048,0.8660063341176307,1.8994700454572255,0.4748675113643064,0,0,source_row:420,source_row:420,0.048564356388896786,-0.048564356388896786,0.2203732206709717,12.21432367455075,0.9735896026598775,50.81129610299023,45.6459428068861,1.0,0.0,0.0
27,13,response_tables/trial_00013_hard_negative_structure_obs-empirical_prior-axis_edge_orthogonal_rel1x.npz,hard_negative_structure,empirical,axis_edge_orthogonal,1.0,4,16,40,756,10,0.01,0.92,0.001,1e-06,inferred,0.0001,80,"0.5,1","1,1",known,pyramid_local_field,True,1.0,0.8229884983439888,0.5781054609754486,1.0408707736032734,2.38688493102376,0.59672123275594,0,0,source_row:420,source_row:420,0.09112892955552711,-0.09112892955552711,0.3018756855984382,16.731648800837867,0.9470326626789805,50.81129610299023,44.419886001503535,1.0,0.0,0.0
28,14,response_tables/trial_00014_hard_negative_structure_obs-empirical_prior-axis_edge_parallel_rel2x.npz,hard_negative_structure,empirical,axis_edge_parallel,2.0,4,16,40,756,10,0.01,0.92,0.001,1e-06,inferred,0.0001,80,"0.5,1","1,1",zero,pyramid_local_field,True,1.0,0.34776383915465203,0.5860518976735831,0.6786857591655069,1.9425890024858825,0.4856472506214706,0,0,source_row:420,source_row:420,0.126890715394259,-0.126890715394259,0.3562172306251608,19.743562943176283,0.9214662576520289,50.81129610299023,47.28636465345355,1.0,0.0,0.0
28,14,response_tables/trial_00014_hard_negative_structure_obs-empirical_prior-axis_edge_parallel_rel2x.npz,hard_negative_structure,empirical,axis_edge_parallel,2.0,4,16,40,756,10,0.01,0.92,0.001,1e-06,inferred,0.0001,80,"0.5,1","1,1",joint,pyramid_local_field,True,1.0,0.3007850384476569,0.49027459216378105,1.0660359375811066,2.5804220539406493,0.6451055134851623,0,0,source_row:420,source_row:420,0.1434598374313689,-0.1434598374313689,0.3787609238442753,20.993061248640352,0.9112251551908769,50.81129610299023,44.66958170305821,1.0,0.0,0.0
28,14,response_tables/trial_00014_hard_negative_structure_obs-empirical_prior-axis_edge_parallel_rel2x.npz,hard_negative_structure,empirical,axis_edge_parallel,2.0,4,16,40,756,10,0.01,0.92,0.001,1e-06,inferred,0.0001,80,"0.5,1","1,1",best_single_tau,pyramid_local_field,True,1.0,0.4928214289515154,0.5155370946028224,1.0846051280075435,2.594368799652173,0.6485921999130433,0,0,source_row:420,source_row:420,0.12371409699775936,-0.12371409699775936,0.35173014797961144,19.494863579341015,0.9250200220972703,50.81129610299023,44.28122298366931,1.0,0.0,0.0
28,14,response_tables/trial_00014_hard_negative_structure_obs-empirical_prior-axis_edge_parallel_rel2x.npz,hard_negative_structure,empirical,axis_edge_parallel,2.0,4,16,40,756,10,0.01,0.92,0.001,1e-06,inferred,0.0001,80,"0.5,1","1,1",linear_continuous,pyramid_local_field,False,2.0,-33.7535423422849,2.1929201393898833e-15,7.413030581846917e-14,1.0,0.25,1,0,source_row:5125,source_row:420,0.6878716946775117,-0.6878716946775117,0.8293803076258272,45.96892261136121,0.5507538461040488,50.81129610299023,45.7183040641505,0.550753846104047,0.6878716946775136,0.8293803076258284
28,14,response_tables/trial_00014_hard_negative_structure_obs-empirical_prior-axis_edge_parallel_rel2x.npz,hard_negative_structure,empirical,axis_edge_parallel,2.0,4,16,40,756,10,0.01,0.92,0.001,1e-06,inferred,0.0001,80,"0.5,1","1,1",quadratic_profile,pyramid_local_field,False,2.0,-17.345951954185676,2.9291982784190977e-08,5.37413743037725e-07,1.0000000585856632,0.2500000146464158,1,0,source_row:5125,source_row:420,0.6878716543786386,-0.6878716543786386,0.8293802833312585,45.968921264819535,0.5507538687845212,50.81129610299023,45.7183035446794,0.550753846104047,0.6878716946775136,0.8293803076258284
28,14,response_tables/trial_00014_hard_negative_structure_obs-empirical_prior-axis_edge_parallel_rel2x.npz,hard_negative_structure,empirical,axis_edge_parallel,2.0,4,16,40,756,10,0.01,0.92,0.001,1e-06,inferred,0.0001,80,"0.5,1","1,1",quadratic_poisson,pyramid_local_field,True,1.0,0.8779126887258712,0.609057256490828,1.011571474380466,2.2449055162763214,0.5612263790690803,0,0,source_row:420,source_row:420,0.07891953720455179,-0.07891953720455179,0.2809262130961648,15.57051117633532,0.9545286836315271,50.81129610299023,44.8974457848586,1.0,0.0,0.0
28,14,response_tables/trial_00014_hard_negative_structure_obs-empirical_prior-axis_edge_parallel_rel2x.npz,hard_negative_structure,empirical,axis_edge_parallel,2.0,4,16,40,756,10,0.01,0.92,0.001,1e-06,inferred,0.0001,80,"0.5,1","1,1",known,pyramid_local_field,True,1.0,0.7671719944580673,0.5752340573049399,1.034018650050576,2.3806440020782853,0.5951610005195713,0,0,source_row:420,source_row:420,0.09383796187291092,-0.09383796187291092,0.30632982530747954,16.978522281800096,0.9449817786664377,50.81129610299023,44.5524331949849,1.0,0.0,0.0
29,14,response_tables/trial_00014_hard_negative_structure_obs-empirical_prior-axis_edge_orthogonal_rel2x.npz,hard_negative_structure,empirical,axis_edge_orthogonal,2.0,4,16,40,756,10,0.01,0.92,0.001,1e-06,inferred,0.0001,80,"0.5,1","1,1",zero,pyramid_local_field,True,1.0,0.34776383915465203,0.5860518976735831,0.6786857591655069,1.9425890024858825,0.4856472506214706,0,0,source_row:420,source_row:420,0.126890715394259,-0.126890715394259,0.3562172306251608,19.743562943176283,0.9214662576520289,50.81129610299023,47.28636465345355,1.0,0.0,0.0
29,14,response_tables/trial_00014_hard_negative_structure_obs-empirical_prior-axis_edge_orthogonal_rel2x.npz,hard_negative_structure,empirical,axis_edge_orthogonal,2.0,4,16,40,756,10,0.01,0.92,0.001,1e-06,inferred,0.0001,80,"0.5,1","1,1",joint,pyramid_local_field,True,1.0,0.49896895939349406,0.4733572417966002,1.1850080043927451,2.912701753535498,0.7281754383838746,0,0,source_row:420,source_row:420,0.13641485669114436,-0.13641485669114436,0.36934381907802977,20.47111232334959,0.9177188261633556,50.81129610299023,43.212797490746674,1.0,0.0,0.0
29,14,response_tables/trial_00014_hard_negative_structure_obs-empirical_prior-axis_edge_orthogonal_rel2x.npz,hard_negative_structure,empirical,axis_edge_orthogonal,2.0,4,16,40,756,10,0.01,0.92,0.001,1e-06,inferred,0.0001,80,"0.5,1","1,1",best_single_tau,pyramid_local_field,True,1.0,0.3096375079708764,0.4153697861696725,1.237431725639139,3.172292854586577,0.7930732136466443,0,0,source_row:420,source_row:420,0.16625327305236356,-0.16625327305236356,0.4077416744120762,22.59933748623753,0.8974769607118671,50.81129610299023,42.68963317032358,1.0,0.0,0.0
29,14,response_tables/trial_00014_hard_negative_structure_obs-empirical_prior-axis_edge_orthogonal_rel2x.npz,hard_negative_structure,empirical,axis_edge_orthogonal,2.0,4,16,40,756,10,0.01,0.92,0.001,1e-06,inferred,0.0001,80,"0.5,1","1,1",linear_continuous,pyramid_local_field,False,3.0,-4.911916724081351,0.005152057187689991,0.6367710315924775,1.7328205996386365,0.43320514990965914,1,0,source_row:5125,source_row:420,0.5628427265030547,-0.5628427265030547,0.7502284495425741,41.58188134052359,0.6105178493040118,50.81129610299023,41.48925428652751,0.550753846104047,0.6878716946775136,0.8293803076258284
29,14,response_tables/trial_00014_hard_negative_structure_obs-empirical_prior-axis_edge_orthogonal_rel2x.npz,hard_negative_structure,empirical,axis_edge_orthogonal,2.0,4,16,40,756,10,0.01,0.92,0.001,1e-06,inferred,0.0001,80,"0.5,1","1,1",quadratic_profile,pyramid_local_field,False,4.0,-58.590466790109645,3.584953946252806e-26,5.525223417095928e-14,1.0,0.25,1,0,source_row:5125,source_row:420,0.6878716946775136,-0.6878716946775136,0.8293803076258284,45.96892261136127,0.5507538461040473,50.81129610299023,45.71830406415049,0.550753846104047,0.6878716946775136,0.8293803076258284
29,14,response_tables/trial_00014_hard_negative_structure_obs-empirical_prior-axis_edge_orthogonal_rel2x.npz,hard_negative_structure,empirical,axis_edge_orthogonal,2.0,4,16,40,756,10,0.01,0.92,0.001,1e-06,inferred,0.0001,80,"0.5,1","1,1",quadratic_poisson,pyramid_local_field,True,1.0,0.598862095359209,0.5082248276994401,1.1438838623470047,2.736326637017433,0.6840816592543583,0,0,source_row:420,source_row:420,0.12033450265366653,-0.12033450265366653,0.346892638511783,19.226741589569034,0.9282859324920498,50.81129610299023,43.61150402272055,1.0,0.0,0.0
29,14,response_tables/trial_00014_hard_negative_structure_obs-empirical_prior-axis_edge_orthogonal_rel2x.npz,hard_negative_structure,empirical,axis_edge_orthogonal,2.0,4,16,40,756,10,0.01,0.92,0.001,1e-06,inferred,0.0001,80,"0.5,1","1,1",known,pyramid_local_field,True,1.0,0.7671719944580673,0.5752340573049399,1.034018650050576,2.3806440020782853,0.5951610005195713,0,0,source_row:420,source_row:420,0.09383796187291092,-0.09383796187291092,0.30632982530747954,16.978522281800096,0.9449817786664377,50.81129610299023,44.5524331949849,1.0,0.0,0.0
30,15,response_tables/trial_00015_hard_negative_structure_obs-empirical_prior-axis_edge_parallel_rel0p5x.npz,hard_negative_structure,empirical,axis_edge_parallel,0.5,4,16,40,756,10,0.01,0.92,0.001,1e-06,inferred,0.0001,80,"0.5,1","1,1",zero,pyramid_local_field,True,1.0,0.0,0.47824198621257796,0.8423939464990325,2.1771346493927557,0.5442836623481889,0,0,source_row:454,source_row:454,0.0011762729700479121,-0.0011762729700479121,0.034296836152157124,1.900923608140839,0.9988785997459212,38.62978874581035,38.06825663638553,0.9999999999999999,0.0,0.0
30,15,response_tables/trial_00015_hard_negative_structure_obs-empirical_prior-axis_edge_parallel_rel0p5x.npz,hard_negative_structure,empirical,axis_edge_parallel,0.5,4,16,40,756,10,0.01,0.92,0.001,1e-06,inferred,0.0001,80,"0.5,1","1,1",joint,pyramid_local_field,True,1.0,0.0,0.45301161085379316,0.9715786628488818,2.3947168464009714,0.5986792116002428,0,0,source_row:454,source_row:454,0.004790252137460871,-0.004790252137460871,0.06921164741184009,3.8360988733712005,0.9954109790106822,38.62978874581035,37.42730852934462,0.9999999999999999,0.0,0.0
30,15,response_tables/trial_00015_hard_negative_structure_obs-empirical_prior-axis_edge_parallel_rel0p5x.npz,hard_negative_structure,empirical,axis_edge_parallel,0.5,4,16,40,756,10,0.01,0.92,0.001,1e-06,inferred,0.0001,80,"0.5,1","1,1",best_single_tau,pyramid_local_field,True,1.0,0.0,0.44597051589098285,1.0094339119427813,2.4617990021217198,0.6154497505304299,0,0,source_row:454,source_row:454,0.005873839143546192,-0.005873839143546192,0.07664097561713441,4.247874038736778,0.9944231684706478,38.62978874581035,37.21157970617517,0.9999999999999999,0.0,0.0
30,15,response_tables/trial_00015_hard_negative_structure_obs-empirical_prior-axis_edge_parallel_rel0p5x.npz,hard_negative_structure,empirical,axis_edge_parallel,0.5,4,16,40,756,10,0.01,0.92,0.001,1e-06,inferred,0.0001,80,"0.5,1","1,1",linear_continuous,pyramid_local_field,True,1.0,0.0,0.49999869970341365,0.6931814215885729,2.000010402386217,0.5000026005965542,0,0,source_row:454,source_row:454,4.2084145046084906e-12,-4.2084145046084906e-12,2.051442054899063e-06,0.00011370245977179775,0.9999999999961043,38.62978874581035,38.62975266127366,0.9999999999999999,0.0,0.0
30,15,response_tables/trial_00015_hard_negative_structure_obs-empirical_prior-axis_edge_parallel_rel0p5x.npz,hard_negative_structure,empirical,axis_edge_parallel,0.5,4,16,40,756,10,0.01,0.92,0.001,1e-06,inferred,0.0001,80,"0.5,1","1,1",quadratic_profile,pyramid_local_field,True,1.0,0.0,0.4999999978994855,0.6931472628782127,2.000000016804116,0.500000004201029,0,0,source_row:454,source_row:454,1.0982088700324635e-17,-1.0982088700324635e-17,3.3139234602393333e-09,1.8367628177692752e-07,1.0,38.62978874581035,38.629788687518705,0.9999999999999999,0.0,0.0
30,15,response_tables/trial_00015_hard_negative_structure_obs-empirical_prior-axis_edge_parallel_rel0p5x.npz,hard_negative_structure,empirical,axis_edge_parallel,0.5,4,16,40,756,10,0.01,0.92,0.001,1e-06,inferred,0.0001,80,"0.5,1","1,1",quadratic_poisson,pyramid_local_field,True,1.0,0.0,0.4580564882118975,0.9752484953002654,2.3604611697065505,0.5901152924266376,0,0,source_row:454,source_row:454,0.0029909679632562,-0.0029909679632562,0.05468974276092547,3.031213219673444,0.9973583548647299,38.62978874581035,37.38117322905505,0.9999999999999999,0.0,0.0
30,15,response_tables/trial_00015_hard_negative_structure_obs-empirical_prior-axis_edge_parallel_rel0p5x.npz,hard_negative_structure,empirical,axis_edge_parallel,0.5,4,16,40,756,10,0.01,0.92,0.001,1e-06,inferred,0.0001,80,"0.5,1","1,1",known,pyramid_local_field,True,1.0,0.0,0.466108467149841,0.9020686294967347,2.278523352370132,0.569630838092533,0,0,source_row:454,source_row:454,0.0027661329384007986,-0.0027661329384007986,0.052594039000639595,2.9150575271797385,0.9973372947143878,38.62978874581035,37.77776930492567,0.9999999999999999,0.0,0.0
31,15,response_tables/trial_00015_hard_negative_structure_obs-empirical_prior-axis_edge_orthogonal_rel0p5x.npz,hard_negative_structure,empirical,axis_edge_orthogonal,0.5,4,16,40,756,10,0.01,0.92,0.001,1e-06,inferred,0.0001,80,"0.5,1","1,1",zero,pyramid_local_field,True,1.0,0.0,0.47824198621257796,0.8423939464990325,2.1771346493927557,0.5442836623481889,0,0,source_row:454,source_row:454,0.0011762729700479121,-0.0011762729700479121,0.034296836152157124,1.900923608140839,0.9988785997459212,38.62978874581035,38.06825663638553,0.9999999999999999,0.0,0.0
31,15,response_tables/trial_00015_hard_negative_structure_obs-empirical_prior-axis_edge_orthogonal_rel0p5x.npz,hard_negative_structure,empirical,axis_edge_orthogonal,0.5,4,16,40,756,10,0.01,0.92,0.001,1e-06,inferred,0.0001,80,"0.5,1","1,1",joint,pyramid_local_field,True,1.0,0.0,0.45877536031681093,0.9715307804472134,2.3537342244845143,0.5884335561211286,0,0,source_row:454,source_row:454,0.002906773041791612,-0.002906773041791612,0.05391449751033215,2.988244766478113,0.9974292128860546,38.62978874581035,37.4049130265197,0.9999999999999999,0.0,0.0
31,15,response_tables/trial_00015_hard_negative_structure_obs-empirical_prior-axis_edge_orthogonal_rel0p5x.npz,hard_negative_structure,empirical,axis_edge_orthogonal,0.5,4,16,40,756,10,0.01,0.92,0.001,1e-06,inferred,0.0001,80,"0.5,1","1,1",best_single_tau,pyramid_local_field,True,1.0,0.0,0.45693741808564564,0.983357187421041,2.3720829070747502,0.5930207267686876,0,0,source_row:454,source_row:454,0.0029920441918336693,-0.0029920441918336693,0.05469958127658446,3.0317585255612016,0.9974136111506123,38.62978874581035,37.312334543586296,0.9999999999999999,0.0,0.0
31,15,response_tables/trial_00015_hard_negative_structure_obs-empirical_prior-axis_edge_orthogonal_rel0p5x.npz,hard_negative_structure,empirical,axis_edge_orthogonal,0.5,4,16,40,756,10,0.01,0.92,0.001,1e-06,inferred,0.0001,80,"0.5,1","1,1",linear_continuous,pyramid_local_field,True,1.0,0.0,0.4999999999999742,0.6931471805615658,2.0000000000002065,0.5000000000000516,0,0,source_row:454,source_row:454,1.6980278608298795e-27,-1.6980278608298795e-27,4.120713361579375e-14,2.2839311698186943e-12,1.0000000000000002,38.62978874581035,38.62978874580965,0.9999999999999999,0.0,0.0
31,15,response_tables/trial_00015_hard_negative_structure_obs-empirical_prior-axis_edge_orthogonal_rel0p5x.npz,hard_negative_structure,empirical,axis_edge_orthogonal,0.5,4,16,40,756,10,0.01,0.92,0.001,1e-06,inferred,0.0001,80,"0.5,1","1,1",quadratic_profile,pyramid_local_field,True,1.0,0.0,0.4999999999956452,0.6931471807844405,2.0000000000348384,0.5000000000087096,0,0,source_row:454,source_row:454,4.720900489433488e-23,-4.720900489433488e-23,6.870880940194997e-12,3.8082287619757924e-10,0.9999999999999999,38.62978874581035,38.629788745689524,0.9999999999999999,0.0,0.0
31,15,response_tables/trial_00015_hard_negative_structure_obs-empirical_prior-axis_edge_orthogonal_rel0p5x.npz,hard_negative_structure,empirical,axis_edge_orthogonal,0.5,4,16,40,756,10,0.01,0.92,0.001,1e-06,inferred,0.0001,80,"0.5,1","1,1",quadratic_poisson,pyramid_local_field,True,1.0,0.0,0.46067288745741053,0.9592861069400638,2.3351572569427157,0.5837893142356789,0,0,source_row:454,source_row:454,0.0027816772192204714,-0.0027816772192204714,0.05274160804545564,2.9232366338436044,0.9974995413815634,38.62978874581035,37.4882224818049,0.9999999999999999,0.0,0.0
31,15,response_tables/trial_00015_hard_negative_structure_obs-empirical_prior-axis_edge_orthogonal_rel0p5x.npz,hard_negative_structure,empirical,axis_edge_orthogonal,0.5,4,16,40,756,10,0.01,0.92,0.001,1e-06,inferred,0.0001,80,"0.5,1","1,1",known,pyramid_local_field,True,1.0,0.0,0.466108467149841,0.9020686294967347,2.278523352370132,0.569630838092533,0,0,source_row:454,source_row:454,0.0027661329384007986,-0.0027661329384007986,0.052594039000639595,2.9150575271797385,0.9973372947143878,38.62978874581035,37.77776930492567,0.9999999999999999,0.0,0.0
32,16,response_tables/trial_00016_hard_negative_structure_obs-empirical_prior-axis_edge_parallel_rel1x.npz,hard_negative_structure,empirical,axis_edge_parallel,1.0,4,16,40,756,10,0.01,0.92,0.001,1e-06,inferred,0.0001,80,"0.5,1","1,1",zero,pyramid_local_field,True,1.0,0.0,0.4892533815802709,0.7820457544637658,2.086812672429039,0.5217031681072597,0,0,source_row:454,source_row:454,0.0002874578480063737,-0.0002874578480063737,0.016954581917770006,0.9397183136853192,0.9997298706110519,38.62978874581035,38.3419144811577,0.9999999999999999,0.0,0.0
32,16,response_tables/trial_00016_hard_negative_structure_obs-empirical_prior-axis_edge_parallel_rel1x.npz,hard_negative_structure,empirical,axis_edge_parallel,1.0,4,16,40,756,10,0.01,0.92,0.001,1e-06,inferred,0.0001,80,"0.5,1","1,1",joint,pyramid_local_field,True,1.0,0.0,0.4348072461529682,0.9930342973804311,2.531700090171328,0.632925022542832,0,0,source_row:454,source_row:454,0.0105287023008347,-0.0105287023008347,0.10260946496710087,5.68719381313528,0.9894504904202146,38.62978874581035,37.209832768886834,0.9999999999999999,0.0,0.0
32,16,response_tables/trial_00016_hard_negative_structure_obs-empirical_prior-axis_edge_parallel_rel1x.npz,hard_negative_structure,empirical,axis_edge_parallel,1.0,4,16,40,756,10,0.01,0.92,0.001,1e-06,inferred,0.0001,80,"0.5,1","1,1",best_single_tau,pyramid_local_field,True,1.0,0.0,0.44320641633394814,0.9765229526349342,2.4665747935607842,0.6166436983901961,0,0,source_row:454,source_row:454,0.007888285307543626,-0.007888285307543626,0.08881601943086408,4.922683461768999,0.9921802147042752,38.62978874581035,37.33486360856151,0.9999999999999999,0.0,0.0
32,16,response_tables/trial_00016_hard_negative_structure_obs-empirical_prior-axis_edge_parallel_rel1x.npz,hard_negative_structure,empirical,axis_edge_parallel,1.0,4,16,40,756,10,0.01,0.92,0.001,1e-06,inferred,0.0001,80,"0.5,1","1,1",linear_continuous,pyramid_local_field,False,2.0,-21.62142242123096,4.0731982753238697e-10,1.842831956097685e-08,1.000000001629303,0.25000000040732573,3,0,source_row:10818,source_row:454,0.6222625605814373,-0.6222625605814373,0.7888362064341603,43.721740428603425,0.5126262454394739,38.62978874581035,48.289038561641924,0.5126262449590406,0.6222625615952874,0.7888362070767844
32,16,response_tables/trial_00016_hard_negative_structure_obs-empirical_prior-axis_edge_parallel_rel1x.npz,hard_negative_structure,empirical,axis_edge_parallel,1.0,4,16,40,756,10,0.01,0.92,0.001,1e-06,inferred,0.0001,80,"0.5,1","1,1",quadratic_profile,pyramid_local_field,True,1.0,0.0,0.49999407561544773,0.6932852203013984,2.0000473953571913,0.5000118488392978,0,0,source_row:454,source_row:454,8.736151271951105e-11,-8.736151271951105e-11,9.346738079111399e-06,0.0005180488076179096,0.9999999999191338,38.62978874581035,38.6296243406249,0.9999999999999999,0.0,0.0
32,16,response_tables/trial_00016_hard_negative_structure_obs-empirical_prior-axis_edge_parallel_rel1x.npz,hard_negative_structure,empirical,axis_edge_parallel,1.0,4,16,40,756,10,0.01,0.92,0.001,1e-06,inferred,0.0001,80,"0.5,1","1,1",quadratic_poisson,pyramid_local_field,True,1.0,0.0,0.4623889440105047,0.9463938064275105,2.31802234326676,0.57950558581669,0,0,source_row:454,source_row:454,0.002708693261750802,-0.002708693261750802,0.0520451079521486,2.8846326802729085,0.9975203729074742,38.62978874581035,37.569749533908116,0.9999999999999999,0.0,0.0
32,16,response_tables/trial_00016_hard_negative_structure_obs-empirical_prior-axis_edge_parallel_rel1x.npz,hard_negative_structure,empirical,axis_edge_parallel,1.0,4,16,40,756,10,0.01,0.92,0.001,1e-06,inferred,0.0001,80,"0.5,1","1,1",known,pyramid_local_field,True,1.0,0.0,0.47460133157760537,0.8607845380698815,2.2073110685624684,0.5518277671406171,0,0,source_row:454,source_row:454,0.0015921776094401528,-0.0015921776094401528,0.03990210031364455,2.2115988823021566,0.9984768113286498,38.62978874581035,37.98048829934008,0.9999999999999999,0.0,0.0
33,16,response_tables/trial_00016_hard_negative_structure_obs-empirical_prior-axis_edge_orthogonal_rel1x.npz,hard_negative_structure,empirical,axis_edge_orthogonal,1.0,4,16,40,756,10,0.01,0.92,0.001,1e-06,inferred,0.0001,80,"0.5,1","1,1",zero,pyramid_local_field,True,1.0,0.0,0.4892533815802709,0.7820457544637658,2.086812672429039,0.5217031681072597,0,0,source_row:454,source_row:454,0.0002874578480063737,-0.0002874578480063737,0.016954581917770006,0.9397183136853192,0.9997298706110519,38.62978874581035,38.3419144811577,0.9999999999999999,0.0,0.0
33,16,response_tables/trial_00016_hard_negative_structure_obs-empirical_prior-axis_edge_orthogonal_rel1x.npz,hard_negative_structure,empirical,axis_edge_orthogonal,1.0,4,16,40,756,10,0.01,0.92,0.001,1e-06,inferred,0.0001,80,"0.5,1","1,1",joint,pyramid_local_field,True,1.0,0.0,0.479694253624842,0.8536602688716379,2.1673732365302043,0.5418433091325511,0,0,source_row:454,source_row:454,0.0008224093612893457,-0.0008224093612893457,0.028677680542354637,1.5894783917628041,0.999256803708353,38.62978874581035,38.04503899961368,0.9999999999999999,0.0,0.0
33,16,response_tables/trial_00016_hard_negative_structure_obs-empirical_prior-axis_edge_orthogonal_rel1x.npz,hard_negative_structure,empirical,axis_edge_orthogonal,1.0,4,16,40,756,10,0.01,0.92,0.001,1e-06,inferred,0.0001,80,"0.5,1","1,1",best_single_tau,pyramid_local_field,True,1.0,0.0,0.4707551277842558,0.9108785968257086,2.246087467250991,0.5615218668127477,0,0,source_row:454,source_row:454,0.001481384913283276,-0.001481384913283276,0.038488763467839235,2.13326380309755,0.9987072257425711,38.62978874581035,37.74618477188072,0.9999999999999999,0.0,0.0
33,16,response_tables/trial_00016_hard_negative_structure_obs-empirical_prior-axis_edge_orthogonal_rel1x.npz,hard_negative_structure,empirical,axis_edge_orthogonal,1.0,4,16,40,756,10,0.01,0.92,0.001,1e-06,inferred,0.0001,80,"0.5,1","1,1",linear_continuous,pyramid_local_field,False,2.0,-13.98870232130156,8.409749164731364e-07,2.5210246793437883e-05,1.0000033639067654,0.25000084097669134,3,0,source_row:10818,source_row:454,0.6222604683682126,-0.6222604683682126,0.78883488029385,43.721666926446765,0.5126272368886714,38.62978874581035,48.28899067219284,0.5126262449590406,0.6222625615952874,0.7888362070767844
33,16,response_tables/trial_00016_hard_negative_structure_obs-empirical_prior-axis_edge_orthogonal_rel1x.npz,hard_negative_structure,empirical,axis_edge_orthogonal,1.0,4,16,40,756,10,0.01,0.92,0.001,1e-06,inferred,0.0001,80,"0.5,1","1,1",quadratic_profile,pyramid_local_field,True,1.0,0.0,0.49999999999999906,0.6931471805599678,2.0000000000000075,0.5000000000000019,0,0,source_row:454,source_row:454,1.2967787329725983e-30,-1.2967787329725983e-30,1.1387619298925471e-15,6.311659264957054e-14,1.0000000000000002,38.62978874581035,38.62978874581029,0.9999999999999999,0.0,0.0
33,16,response_tables/trial_00016_hard_negative_structure_obs-empirical_prior-axis_edge_orthogonal_rel1x.npz,hard_negative_structure,empirical,axis_edge_orthogonal,1.0,4,16,40,756,10,0.01,0.92,0.001,1e-06,inferred,0.0001,80,"0.5,1","1,1",quadratic_poisson,pyramid_local_field,True,1.0,0.0,0.47365058310107266,0.8940491164288159,2.2204597542848927,0.5551149385712232,0,0,source_row:454,source_row:454,0.001228354775127094,-0.001228354775127094,0.035047892591810625,1.9425513813514517,0.9989239070650096,38.62978874581035,37.837478709139916,0.9999999999999999,0.0,0.0
33,16,response_tables/trial_00016_hard_negative_structure_obs-empirical_prior-axis_edge_orthogonal_rel1x.npz,hard_negative_structure,empirical,axis_edge_orthogonal,1.0,4,16,40,756,10,0.01,0.92,0.001,1e-06,inferred,0.0001,80,"0.5,1","1,1",known,pyramid_local_field,True,1.0,0.0,0.47460133157760537,0.8607845380698815,2.2073110685624684,0.5518277671406171,0,0,source_row:454,source_row:454,0.0015921776094401528,-0.0015921776094401528,0.03990210031364455,2.2115988823021566,0.9984768113286498,38.62978874581035,37.98048829934008,0.9999999999999999,0.0,0.0
34,17,response_tables/trial_00017_hard_negative_structure_obs-empirical_prior-axis_edge_parallel_rel2x.npz,hard_negative_structure,empirical,axis_edge_parallel,2.0,4,16,40,756,10,0.01,0.92,0.001,1e-06,inferred,0.0001,80,"0.5,1","1,1",zero,pyramid_local_field,True,1.0,0.0,0.49384583246915337,0.7509736106075979,2.0495209027945993,0.5123802256986498,0,0,source_row:454,source_row:454,9.426973491754463e-05,-9.426973491754463e-05,0.009709260266237826,0.5381418267210765,0.999911974986714,38.62978874581035,38.4623893526631,0.9999999999999999,0.0,0.0
34,17,response_tables/trial_00017_hard_negative_structure_obs-empirical_prior-axis_edge_parallel_rel2x.npz,hard_negative_structure,empirical,axis_edge_parallel,2.0,4,16,40,756,10,0.01,0.92,0.001,1e-06,inferred,0.0001,80,"0.5,1","1,1",joint,pyramid_local_field,True,1.0,0.0,0.47176694834455696,0.8711414622843249,2.230566986750051,0.5576417466875128,0,0,source_row:454,source_row:454,0.0019840264286087542,-0.0019840264286087542,0.044542411571543296,2.46879103787382,0.9980921533089401,38.62978874581035,37.918631563835945,0.9999999999999999,0.0,0.0
34,17,response_tables/trial_00017_hard_negative_structure_obs-empirical_prior-axis_edge_parallel_rel2x.npz,hard_negative_structure,empirical,axis_edge_parallel,2.0,4,16,40,756,10,0.01,0.92,0.001,1e-06,inferred,0.0001,80,"0.5,1","1,1",best_single_tau,pyramid_local_field,True,1.0,0.0,0.46640392701395095,0.8928937716799862,2.274898935051149,0.5687247337627872,0,0,source_row:454,source_row:454,0.002809355803999962,-0.002809355803999962,0.05300335653522296,2.9377442077022096,0.9972804650706742,38.62978874581035,37.800255900659934,0.9999999999999999,0.0,0.0
34,17,response_tables/trial_00017_hard_negative_structure_obs-empirical_prior-axis_edge_parallel_rel2x.npz,hard_negative_structure,empirical,axis_edge_parallel,2.0,4,16,40,756,10,0.01,0.92,0.001,1e-06,inferred,0.0001,80,"0.5,1","1,1",linear_continuous,pyramid_local_field,False,2.0,-26.218022053960908,4.1082578668139655e-12,2.236346647363944e-10,1.0000000000164277,0.25000000000410694,3,0,source_row:10818,source_row:454,0.6222625615850641,-0.6222625615850641,0.7888362070703043,43.721740463862105,0.5126262449638864,38.62978874581035,48.28903858461471,0.5126262449590406,0.6222625615952874,0.7888362070767844
34,17,response_tables/trial_00017_hard_negative_structure_obs-empirical_prior-axis_edge_parallel_rel2x.npz,hard_negative_structure,empirical,axis_edge_parallel,2.0,4,16,40,756,10,0.01,0.92,0.001,1e-06,inferred,0.0001,80,"0.5,1","1,1",quadratic_profile,pyramid_local_field,True,1.0,0.0,0.49999074923586206,0.6933544809481016,2.0000740067976657,0.5000185016994164,0,0,source_row:454,source_row:454,2.1300454975151879e-10,-2.1300454975151879e-10,1.4594675390412723e-05,0.0008089190174774393,0.9999999998028314,38.62978874581035,38.62953203435706,0.9999999999999999,0.0,0.0
34,17,response_tables/trial_00017_hard_negative_structure_obs-empirical_prior-axis_edge_parallel_rel2x.npz,hard_negative_structure,empirical,axis_edge_parallel,2.0,4,16,40,756,10,0.01,0.92,0.001,1e-06,inferred,0.0001,80,"0.5,1","1,1",quadratic_poisson,pyramid_local_field,True,1.0,0.0,0.4641542811127284,0.9320667873125903,2.3004944669592398,0.5751236167398099,0,0,source_row:454,source_row:454,0.0026321279797939683,-0.0026321279797939683,0.051304268631313404,2.843571197267104,0.9975498055886086,38.62978874581035,37.650718211776024,0.9999999999999999,0.0,0.0
34,17,response_tables/trial_00017_hard_negative_structure_obs-empirical_prior-axis_edge_parallel_rel2x.npz,hard_negative_structure,empirical,axis_edge_parallel,2.0,4,16,40,756,10,0.01,0.92,0.001,1e-06,inferred,0.0001,80,"0.5,1","1,1",known,pyramid_local_field,True,1.0,0.0,0.49085926137109825,0.7719523638152109,2.0737472109482904,0.5184368027370726,0,0,source_row:454,source_row:454,0.0002075679395137056,-0.0002075679395137056,0.014407218312835604,0.7985290916341768,0.9998054477812138,38.62978874581035,38.383400925781615,0.9999999999999999,0.0,0.0
35,17,response_tables/trial_00017_hard_negative_structure_obs-empirical_prior-axis_edge_orthogonal_rel2x.npz,hard_negative_structure,empirical,axis_edge_orthogonal,2.0,4,16,40,756,10,0.01,0.92,0.001,1e-06,inferred,0.0001,80,"0.5,1","1,1",zero,pyramid_local_field,True,1.0,0.0,0.49384583246915337,0.7509736106075979,2.0495209027945993,0.5123802256986498,0,0,source_row:454,source_row:454,9.426973491754463e-05,-9.426973491754463e-05,0.009709260266237826,0.5381418267210765,0.999911974986714,38.62978874581035,38.4623893526631,0.9999999999999999,0.0,0.0
35,17,response_tables/trial_00017_hard_negative_structure_obs-empirical_prior-axis_edge_orthogonal_rel2x.npz,hard_negative_structure,empirical,axis_edge_orthogonal,2.0,4,16,40,756,10,0.01,0.92,0.001,1e-06,inferred,0.0001,80,"0.5,1","1,1",joint,pyramid_local_field,True,1.0,0.0,0.4903481045213677,0.7814770718000429,2.0781966085600727,0.5195491521400182,0,0,source_row:454,source_row:454,0.00020314179699495994,-0.00020314179699495994,0.014252782079122657,0.7899693667279237,0.9998148608109437,38.62978874581035,38.35514681501453,0.9999999999999999,0.0,0.0
35,17,response_tables/trial_00017_hard_negative_structure_obs-empirical_prior-axis_edge_orthogonal_rel2x.npz,hard_negative_structure,empirical,axis_edge_orthogonal,2.0,4,16,40,756,10,0.01,0.92,0.001,1e-06,inferred,0.0001,80,"0.5,1","1,1",best_single_tau,pyramid_local_field,True,1.0,0.0,0.48417693889955443,0.8246782730187141,2.129430716731068,0.532357679182767,0,0,source_row:454,source_row:454,0.0005183069930111531,-0.0005183069930111531,0.022766356603794842,1.2618395629121248,0.9995297668761195,38.62978874581035,38.176711859998605,0.9999999999999999,0.0,0.0
35,17,response_tables/trial_00017_hard_negative_structure_obs-empirical_prior-axis_edge_orthogonal_rel2x.npz,hard_negative_structure,empirical,axis_edge_orthogonal,2.0,4,16,40,756,10,0.01,0.92,0.001,1e-06,inferred,0.0001,80,"0.5,1","1,1",linear_continuous,pyramid_local_field,True,1.0,0.0,0.49999999999999906,0.6931471805599458,2.0000000000000075,0.5000000000000019,0,0,source_row:454,source_row:454,1.7331115555307518e-30,-1.7331115555307518e-30,1.3164769483476541e-15,7.296655876900369e-14,0.9999999999999999,38.62978874581035,38.629788745810274,0.9999999999999999,0.0,0.0
35,17,response_tables/trial_00017_hard_negative_structure_obs-empirical_prior-axis_edge_orthogonal_rel2x.npz,hard_negative_structure,empirical,axis_edge_orthogonal,2.0,4,16,40,756,10,0.01,0.92,0.001,1e-06,inferred,0.0001,80,"0.5,1","1,1",quadratic_profile,pyramid_local_field,True,1.0,0.0,0.4999999999927444,0.693147180926784,2.0000000000580447,0.5000000000145112,0,0,source_row:454,source_row:454,1.3060524192736765e-22,-1.3060524192736765e-22,1.1428265044501184e-11,6.334187423820623e-10,0.9999999999999999,38.62978874581035,38.62978874560874,0.9999999999999999,0.0,0.0
35,17,response_tables/trial_00017_hard_negative_structure_obs-empirical_prior-axis_edge_orthogonal_rel2x.npz,hard_negative_structure,empirical,axis_edge_orthogonal,2.0,4,16,40,756,10,0.01,0.92,0.001,1e-06,inferred,0.0001,80,"0.5,1","1,1",quadratic_poisson,pyramid_local_field,True,1.0,0.0,0.485427938708437,0.8243320366568633,2.119893788755494,0.5299734471888735,0,0,source_row:454,source_row:454,0.00033037271612855636,-0.00033037271612855636,0.01817615790337871,1.0074249272014888,0.9997325975774544,38.62978874581035,38.15368710779665,0.9999999999999999,0.0,0.0
35,17,response_tables/trial_00017_hard_negative_structure_obs-empirical_prior-axis_edge_orthogonal_rel2x.npz,hard_negative_structure,empirical,axis_edge_orthogonal,2.0,4,16,40,756,10,0.01,0.92,0.001,1e-06,inferred,0.0001,80,"0.5,1","1,1",known,pyramid_local_field,True,1.0,0.0,0.49085926137109825,0.7719523638152109,2.0737472109482904,0.5184368027370726,0,0,source_row:454,source_row:454,0.0002075679395137056,-0.0002075679395137056,0.014407218312835604,0.7985290916341768,0.9998054477812138,38.62978874581035,38.383400925781615,0.9999999999999999,0.0,0.0
36,18,response_tables/trial_00018_hard_negative_structure_obs-empirical_prior-axis_edge_parallel_rel0p5x.npz,hard_negative_structure,empirical,axis_edge_parallel,0.5,4,16,40,756,10,0.01,0.92,0.001,1e-06,inferred,0.0001,80,"0.5,1","1,1",zero,pyramid_local_field,True,1.0,0.0,0.4738437401582896,0.8647029744366239,2.2136304439854007,0.5534076109963502,0,0,source_row:455,source_row:455,0.001684328539238887,-0.001684328539238887,0.04104057186783448,2.2746993806966804,0.9983878374720805,38.62978874581035,37.96203409226349,0.9999999999999999,0.0,0.0
36,18,response_tables/trial_00018_hard_negative_structure_obs-empirical_prior-axis_edge_parallel_rel0p5x.npz,hard_negative_structure,empirical,axis_edge_parallel,0.5,4,16,40,756,10,0.01,0.92,0.001,1e-06,inferred,0.0001,80,"0.5,1","1,1",joint,pyramid_local_field,True,1.0,0.0,0.455821801311881,0.9813843867256146,2.3790304356498355,0.5947576089124589,0,0,source_row:455,source_row:455,0.0035102145420885297,-0.0035102145420885297,0.059247063573552146,3.2838055778769797,0.9968220386162675,38.62978874581035,37.36083234128775,0.9999999999999999,0.0,0.0
36,18,response_tables/trial_00018_hard_negative_structure_obs-empirical_prior-axis_edge_parallel_rel0p5x.npz,hard_negative_structure,empirical,axis_edge_parallel,0.5,4,16,40,756,10,0.01,0.92,0.001,1e-06,inferred,0.0001,80,"0.5,1","1,1",best_single_tau,pyramid_local_field,True,1.0,0.0,0.4486061187750167,1.0121363256769502,2.4451140449066666,0.6112785112266667,0,0,source_row:455,source_row:455,0.0047496543547626,-0.0047496543547626,0.06891773614072505,3.819808657227572,0.9956550183021191,38.62978874581035,37.17686692928836,0.9999999999999999,0.0,0.0
36,18,response_tables/trial_00018_hard_negative_structure_obs-empirical_prior-axis_edge_parallel_rel0p5x.npz,hard_negative_structure,empirical,axis_edge_parallel,0.5,4,16,40,756,10,0.01,0.92,0.001,1e-06,inferred,0.0001,80,"0.5,1","1,1",linear_continuous,pyramid_local_field,True,1.0,0.0,0.49889179241887793,0.7073712641750068,2.008875398004287,0.5022188495010718,0,0,source_row:455,source_row:455,3.0568624514585406e-06,-3.0568624514585406e-06,0.0017483885298921807,0.09690552848460524,0.9999971659442947,38.62978874581035,38.59914413587129,0.9999999999999999,0.0,0.0
36,18,response_tables/trial_00018_hard_negative_structure_obs-empirical_prior-axis_edge_parallel_rel0p5x.npz,hard_negative_structure,empirical,axis_edge_parallel,0.5,4,16,40,756,10,0.01,0.92,0.001,1e-06,inferred,0.0001,80,"0.5,1","1,1",quadratic_profile,pyramid_local_field,True,1.0,0.0,0.4999970655673476,0.6932196768873101,2.000023475530105,0.5000058688825263,0,0,source_row:455,source_row:455,2.1432950304353785e-11,-2.1432950304353785e-11,4.629573447344127e-06,0.0002565970057014985,0.9999999999801605,38.62978874581035,38.62970731278278,0.9999999999999999,0.0,0.0
36,18,response_tables/trial_00018_hard_negative_structure_obs-empirical_prior-axis_edge_parallel_rel0p5x.npz,hard_negative_structure,empirical,axis_edge_parallel,0.5,4,16,40,756,10,0.01,0.92,0.001,1e-06,inferred,0.0001,80,"0.5,1","1,1",quadratic_poisson,pyramid_local_field,True,1.0,0.0,0.4544207684702169,0.9936345105204476,2.394782711430138,0.5986956778575345,0,0,source_row:455,source_row:455,0.0034291328381136246,-0.0034291328381136246,0.05855879812729787,3.2456580347727724,0.9969926587069555,38.62978874581035,37.259694529731796,0.9999999999999999,0.0,0.0
36,18,response_tables/trial_00018_hard_negative_structure_obs-empirical_prior-axis_edge_parallel_rel0p5x.npz,hard_negative_structure,empirical,axis_edge_parallel,0.5,4,16,40,756,10,0.01,0.92,0.001,1e-06,inferred,0.0001,80,"0.5,1","1,1",known,pyramid_local_field,True,1.0,0.0,0.4658448903587893,0.9060153181731129,2.2812793925473525,0.5703198481368381,0,0,source_row:455,source_row:455,0.0027651564838014914,-0.0027651564838014914,0.052584755241433724,2.914542969015585,0.9973453749635333,38.62978874581035,37.764160448525445,0.9999999999999999,0.0,0.0
37,18,response_tables/trial_00018_hard_negative_structure_obs-empirical_prior-axis_edge_orthogonal_rel0p5x.npz,hard_negative_structure,empirical,axis_edge_orthogonal,0.5,4,16,40,756,10,0.01,0.92,0.001,1e-06,inferred,0.0001,80,"0.5,1","1,1",zero,pyramid_local_field,True,1.0,0.0,0.4738437401582896,0.8647029744366239,2.2136304439854007,0.5534076109963502,0,0,source_row:455,source_row:455,0.001684328539238887,-0.001684328539238887,0.04104057186783448,2.2746993806966804,0.9983878374720805,38.62978874581035,37.96203409226349,0.9999999999999999,0.0,0.0
37,18,response_tables/trial_00018_hard_negative_structure_obs-empirical_prior-axis_edge_orthogonal_rel0p5x.npz,hard_negative_structure,empirical,axis_edge_orthogonal,0.5,4,16,40,756,10,0.01,0.92,0.001,1e-06,inferred,0.0001,80,"0.5,1","1,1",joint,pyramid_local_field,True,1.0,0.0,0.46341407621724945,0.9480338305949648,2.3112315939077432,0.5778078984769358,0,0,source_row:455,source_row:455,0.0023400871649500404,-0.0023400871649500404,0.04837444743818828,2.6811840240323908,0.9979270737202193,38.62978874581035,37.54548711145556,0.9999999999999999,0.0,0.0
37,18,response_tables/trial_00018_hard_negative_structure_obs-empirical_prior-axis_edge_orthogonal_rel0p5x.npz,hard_negative_structure,empirical,axis_edge_orthogonal,0.5,4,16,40,756,10,0.01,0.92,0.001,1e-06,inferred,0.0001,80,"0.5,1","1,1",best_single_tau,pyramid_local_field,True,1.0,0.0,0.4630098501337477,0.9548931071515685,2.316721641067725,0.5791804102669312,0,0,source_row:455,source_row:455,0.0021670891422019205,-0.0021670891422019205,0.04655200470658509,2.5801739950717084,0.998161873522639,38.62978874581035,37.47415684395159,0.9999999999999999,0.0,0.0
37,18,response_tables/trial_00018_hard_negative_structure_obs-empirical_prior-axis_edge_orthogonal_rel0p5x.npz,hard_negative_structure,empirical,axis_edge_orthogonal,0.5,4,16,40,756,10,0.01,0.92,0.001,1e-06,inferred,0.0001,80,"0.5,1","1,1",linear_continuous,pyramid_local_field,True,1.0,0.0,0.49999446823787713,0.693276830728577,2.000044254341775,0.5000110635854438,0,0,source_row:455,source_row:455,7.616591371138989e-11,-7.616591371138989e-11,8.72730850327808e-06,0.00048371653571217696,0.9999999999294973,38.62978874581035,38.62963523593691,0.9999999999999999,0.0,0.0
37,18,response_tables/trial_00018_hard_negative_structure_obs-empirical_prior-axis_edge_orthogonal_rel0p5x.npz,hard_negative_structure,empirical,axis_edge_orthogonal,0.5,4,16,40,756,10,0.01,0.92,0.001,1e-06,inferred,0.0001,80,"0.5,1","1,1",quadratic_profile,pyramid_local_field,True,1.0,0.0,0.49999810487284846,0.6931956576409753,2.000015161045944,0.500003790261486,0,0,source_row:455,source_row:455,8.939441185359032e-12,-8.939441185359032e-12,2.989889828297864e-06,0.0001657165149326492,0.999999999991725,38.62978874581035,38.62973615422816,0.9999999999999999,0.0,0.0
37,18,response_tables/trial_00018_hard_negative_structure_obs-empirical_prior-axis_edge_orthogonal_rel0p5x.npz,hard_negative_structure,empirical,axis_edge_orthogonal,0.5,4,16,40,756,10,0.01,0.92,0.001,1e-06,inferred,0.0001,80,"0.5,1","1,1",quadratic_poisson,pyramid_local_field,True,1.0,0.0,0.4541422539246638,0.9933773279667892,2.396603975049875,0.5991509937624687,0,0,source_row:455,source_row:455,0.0035556913105159334,-0.0035556913105159334,0.05962961772907766,3.305008881365517,0.9968479585168198,38.62978874581035,37.270861805610764,0.9999999999999999,0.0,0.0
37,18,response_tables/trial_00018_hard_negative_structure_obs-empirical_prior-axis_edge_orthogonal_rel0p5x.npz,hard_negative_structure,empirical,axis_edge_orthogonal,0.5,4,16,40,756,10,0.01,0.92,0.001,1e-06,inferred,0.0001,80,"0.5,1","1,1",known,pyramid_local_field,True,1.0,0.0,0.4658448903587893,0.9060153181731129,2.2812793925473525,0.5703198481368381,0,0,source_row:455,source_row:455,0.0027651564838014914,-0.0027651564838014914,0.052584755241433724,2.914542969015585,0.9973453749635333,38.62978874581035,37.764160448525445,0.9999999999999999,0.0,0.0
38,19,response_tables/trial_00019_hard_negative_structure_obs-empirical_prior-axis_edge_parallel_rel1x.npz,hard_negative_structure,empirical,axis_edge_parallel,1.0,4,16,40,756,10,0.01,0.92,0.001,1e-06,inferred,0.0001,80,"0.5,1","1,1",zero,pyramid_local_field,True,1.0,0.0,0.4875302044774848,0.7925685612008123,2.1008700215068075,0.5252175053767019,0,0,source_row:455,source_row:455,0.0003869925396369841,-0.0003869925396369841,0.01967212595620982,1.0903398927695964,0.9996354861082619,38.62978874581035,38.297682593917074,0.9999999999999999,0.0,0.0
38,19,response_tables/trial_00019_hard_negative_structure_obs-empirical_prior-axis_edge_parallel_rel1x.npz,hard_negative_structure,empirical,axis_edge_parallel,1.0,4,16,40,756,10,0.01,0.92,0.001,1e-06,inferred,0.0001,80,"0.5,1","1,1",joint,pyramid_local_field,True,1.0,0.0,0.45233288192683613,0.9558364962242389,2.394027406894239,0.5985068517235598,0,0,source_row:455,source_row:455,0.005413516783506569,-0.005413516783506569,0.07357660486531414,4.078029372004593,0.9947116669680982,38.62978874581035,37.48267867185212,0.9999999999999999,0.0,0.0
38,19,response_tables/trial_00019_hard_negative_structure_obs-empirical_prior-axis_edge_parallel_rel1x.npz,hard_negative_structure,empirical,axis_edge_parallel,1.0,4,16,40,756,10,0.01,0.92,0.001,1e-06,inferred,0.0001,80,"0.5,1","1,1",best_single_tau,pyramid_local_field,True,1.0,0.0,0.4538742087241434,0.9617352285232279,2.384824552105776,0.596206138026444,0,0,source_row:455,source_row:455,0.0048004030250217685,-0.0048004030250217685,0.06928494082426404,3.8401612066249085,0.9953677417072053,38.62978874581035,37.474225974230286,0.9999999999999999,0.0,0.0
38,19,response_tables/trial_00019_hard_negative_structure_obs-empirical_prior-axis_edge_parallel_rel1x.npz,hard_negative_structure,empirical,axis_edge_parallel,1.0,4,16,40,756,10,0.01,0.92,0.001,1e-06,inferred,0.0001,80,"0.5,1","1,1",linear_continuous,pyramid_local_field,True,1.0,0.0,0.37867392202043576,1.0790713033987664,2.8929497456111073,0.7232374364027768,0,0,source_row:455,source_row:455,0.0366388624331761,-0.0366388624331761,0.19141280634580357,10.609174585928775,0.9616273843198767,38.62978874581035,36.669977079955224,0.9999999999999999,0.0,0.0
38,19,response_tables/trial_00019_hard_negative_structure_obs-empirical_prior-axis_edge_parallel_rel1x.npz,hard_negative_structure,empirical,axis_edge_parallel,1.0,4,16,40,756,10,0.01,0.92,0.001,1e-06,inferred,0.0001,80,"0.5,1","1,1",quadratic_profile,pyramid_local_field,True,1.0,0.0,0.4999971235029425,0.6932183602854355,2.0000230120426523,0.5000057530106631,0,0,source_row:455,source_row:455,2.0594987468062576e-11,-2.0594987468062576e-11,4.538170057199551e-06,0.00025153091559863616,0.9999999999809364,38.62978874581035,38.629708920530476,0.9999999999999999,0.0,0.0
38,19,response_tables/trial_00019_hard_negative_structure_obs-empirical_prior-axis_edge_parallel_rel1x.npz,hard_negative_structure,empirical,axis_edge_parallel,1.0,4,16,40,756,10,0.01,0.92,0.001,1e-06,inferred,0.0001,80,"0.5,1","1,1",quadratic_poisson,pyramid_local_field,True,1.0,0.0,0.4691663338260002,0.9181048540792641,2.2597529292857015,0.5649382323214254,0,0,source_row:455,source_row:455,0.001686929498672316,-0.001686929498672316,0.04107224730486897,2.276455011618142,0.9985102975426046,38.62978874581035,37.712293854564905,0.9999999999999999,0.0,0.0
38,19,response_tables/trial_00019_hard_negative_structure_obs-empirical_prior-axis_edge_parallel_rel1x.npz,hard_negative_structure,empirical,axis_edge_parallel,1.0,4,16,40,756,10,0.01,0.92,0.001,1e-06,inferred,0.0001,80,"0.5,1","1,1",known,pyramid_local_field,True,1.0,0.0,0.47068118101970136,0.8794018622879982,2.2399358537298,0.55998396343245,0,0,source_row:455,source_row:455,0.0021077055527042024,-0.0021077055527042024,0.045909754439598154,2.5445768720766346,0.9979759728493094,38.62978874581035,37.888100494372146,0.9999999999999999,0.0,0.0
39,19,response_tables/trial_00019_hard_negative_structure_obs-empirical_prior-axis_edge_orthogonal_rel1x.npz,hard_negative_structure,empirical,axis_edge_orthogonal,1.0,4,16,40,756,10,0.01,0.92,0.001,1e-06,inferred,0.0001,80,"0.5,1","1,1",zero,pyramid_local_field,True,1.0,0.0,0.4875302044774848,0.7925685612008123,2.1008700215068075,0.5252175053767019,0,0,source_row:455,source_row:455,0.0003869925396369841,-0.0003869925396369841,0.01967212595620982,1.0903398927695964,0.9996354861082619,38.62978874581035,38.297682593917074,0.9999999999999999,0.0,0.0
39,19,response_tables/trial_00019_hard_negative_structure_obs-empirical_prior-axis_edge_orthogonal_rel1x.npz,hard_negative_structure,empirical,axis_edge_orthogonal,1.0,4,16,40,756,10,0.01,0.92,0.001,1e-06,inferred,0.0001,80,"0.5,1","1,1",joint,pyramid_local_field,True,1.0,0.0,0.4706589591909263,0.914458454405277,2.2478054555892157,0.5619513638973039,0,0,source_row:455,source_row:455,0.0013800452870697342,-0.0013800452870697342,0.03714896078048125,2.059004400645667,0.9988367348731357,38.62978874581035,37.70751002537359,0.9999999999999999,0.0,0.0
39,19,response_tables/trial_00019_hard_negative_structure_obs-empirical_prior-axis_edge_orthogonal_rel1x.npz,hard_negative_structure,empirical,axis_edge_orthogonal,1.0,4,16,40,756,10,0.01,0.92,0.001,1e-06,inferred,0.0001,80,"0.5,1","1,1",best_single_tau,pyramid_local_field,True,1.0,0.0,0.46142303932930323,0.9646926143366075,2.3320049971563646,0.5830012492890911,0,0,source_row:455,source_row:455,0.0021993548698666216,-0.0021993548698666216,0.04689727998366879,2.5993110933919126,0.9982041732013942,38.62978874581035,37.376546572609136,0.9999999999999999,0.0,0.0
39,19,response_tables/trial_00019_hard_negative_structure_obs-empirical_prior-axis_edge_orthogonal_rel1x.npz,hard_negative_structure,empirical,axis_edge_orthogonal,1.0,4,16,40,756,10,0.01,0.92,0.001,1e-06,inferred,0.0001,80,"0.5,1","1,1",linear_continuous,pyramid_local_field,True,1.0,0.0,0.49999999999999906,0.6931471805599565,2.0000000000000075,0.5000000000000019,0,0,source_row:455,source_row:455,1.4496962310696661e-30,-1.4496962310696661e-30,1.2040333180895228e-15,6.673430018997738e-14,0.9999999999999997,38.62978874581035,38.62978874581029,0.9999999999999999,0.0,0.0
39,19,response_tables/trial_00019_hard_negative_structure_obs-empirical_prior-axis_edge_orthogonal_rel1x.npz,hard_negative_structure,empirical,axis_edge_orthogonal,1.0,4,16,40,756,10,0.01,0.92,0.001,1e-06,inferred,0.0001,80,"0.5,1","1,1",quadratic_profile,pyramid_local_field,True,1.0,0.0,0.4999999999612958,0.6931471823859248,2.0000000003096337,0.5000000000774084,0,0,source_row:455,source_row:455,3.7286659062151455e-21,-3.7286659062151455e-21,6.106280296723322e-11,3.384444070138097e-09,0.9999999999999999,38.62978874581035,38.62978874473628,0.9999999999999999,0.0,0.0
39,19,response_tables/trial_00019_hard_negative_structure_obs-empirical_prior-axis_edge_orthogonal_rel1x.npz,hard_negative_structure,empirical,axis_edge_orthogonal,1.0,4,16,40,756,10,0.01,0.92,0.001,1e-06,inferred,0.0001,80,"0.5,1","1,1",quadratic_poisson,pyramid_local_field,True,1.0,0.0,0.4721586175174207,0.9026682560889067,2.233595929640485,0.5583989824101212,0,0,source_row:455,source_row:455,0.0013599160574647923,-0.0013599160574647923,0.03687703970582227,2.0439330049030087,0.9988097789223058,38.62978874581035,37.7916389852478,0.9999999999999999,0.0,0.0
39,19,response_tables/trial_00019_hard_negative_structure_obs-empirical_prior-axis_edge_orthogonal_rel1x.npz,hard_negative_structure,empirical,axis_edge_orthogonal,1.0,4,16,40,756,10,0.01,0.92,0.001,1e-06,inferred,0.0001,80,"0.5,1","1,1",known,pyramid_local_field,True,1.0,0.0,0.47068118101970136,0.8794018622879982,2.2399358537298,0.55998396343245,0,0,source_row:455,source_row:455,0.0021077055527042024,-0.0021077055527042024,0.045909754439598154,2.5445768720766346,0.9979759728493094,38.62978874581035,37.888100494372146,0.9999999999999999,0.0,0.0
40,20,response_tables/trial_00020_hard_negative_structure_obs-empirical_prior-axis_edge_parallel_rel2x.npz,hard_negative_structure,empirical,axis_edge_parallel,2.0,4,16,40,756,10,0.01,0.92,0.001,1e-06,inferred,0.0001,80,"0.5,1","1,1",zero,pyramid_local_field,True,1.0,0.0,0.4941728972228364,0.7485407073874644,2.0468753902709422,0.5117188475677356,0,0,source_row:455,source_row:455,8.451600217672428e-05,-8.451600217672428e-05,0.009193258517888218,0.509542106883128,0.9999211187583209,38.62978874581035,38.471114753318744,0.9999999999999999,0.0,0.0
40,20,response_tables/trial_00020_hard_negative_structure_obs-empirical_prior-axis_edge_parallel_rel2x.npz,hard_negative_structure,empirical,axis_edge_parallel,2.0,4,16,40,756,10,0.01,0.92,0.001,1e-06,inferred,0.0001,80,"0.5,1","1,1",joint,pyramid_local_field,True,1.0,0.0,0.45656947568870415,0.92817639332671,2.355957425029091,0.5889893562572728,0,0,source_row:455,source_row:455,0.004694740633160939,-0.004694740633160939,0.06851817739228722,3.797662863534677,0.9954018808519288,38.62978874581035,37.59740723816125,0.9999999999999999,0.0,0.0
40,20,response_tables/trial_00020_hard_negative_structure_obs-empirical_prior-axis_edge_parallel_rel2x.npz,hard_negative_structure,empirical,axis_edge_parallel,2.0,4,16,40,756,10,0.01,0.92,0.001,1e-06,inferred,0.0001,80,"0.5,1","1,1",best_single_tau,pyramid_local_field,True,1.0,0.0,0.4639972111602934,0.9020967370103655,2.2947846405164247,0.5736961601291062,0,0,source_row:455,source_row:455,0.003225950197865658,-0.003225950197865658,0.05679744886758258,3.1480341497263495,0.9968680966598181,38.62978874581035,37.74885362755321,0.9999999999999999,0.0,0.0
40,20,response_tables/trial_00020_hard_negative_structure_obs-empirical_prior-axis_edge_parallel_rel2x.npz,hard_negative_structure,empirical,axis_edge_parallel,2.0,4,16,40,756,10,0.01,0.92,0.001,1e-06,inferred,0.0001,80,"0.5,1","1,1",linear_continuous,pyramid_local_field,False,2.0,-29.84571807909947,1.0918659679564177e-13,6.744878447401315e-12,1.0000000000004547,0.2500000000001137,3,0,source_row:10818,source_row:455,0.6222625615950076,-0.6222625615950076,0.788836207076607,43.72174046421143,0.5126262449591693,38.62978874581035,48.28903858484199,0.5126262449590406,0.6222625615952874,0.7888362070767844
40,20,response_tables/trial_00020_hard_negative_structure_obs-empirical_prior-axis_edge_parallel_rel2x.npz,hard_negative_structure,empirical,axis_edge_parallel,2.0,4,16,40,756,10,0.01,0.92,0.001,1e-06,inferred,0.0001,80,"0.5,1","1,1",quadratic_profile,pyramid_local_field,True,1.0,0.0,0.49997738648395984,0.6936135004683418,2.00018091221855,0.5000452280546375,0,0,source_row:455,source_row:455,1.272828381627345e-09,-1.272828381627345e-09,3.567672044383207e-05,0.001977404558596749,0.9999999988217796,38.62978874581035,38.629161240916666,0.9999999999999999,0.0,0.0
40,20,response_tables/trial_00020_hard_negative_structure_obs-empirical_prior-axis_edge_parallel_rel2x.npz,hard_negative_structure,empirical,axis_edge_parallel,2.0,4,16,40,756,10,0.01,0.92,0.001,1e-06,inferred,0.0001,80,"0.5,1","1,1",quadratic_poisson,pyramid_local_field,True,1.0,0.0,0.46871769068695057,0.9124381626438686,2.261453582708029,0.5653633956770072,0,0,source_row:455,source_row:455,0.0019577629845336122,-0.0019577629845336122,0.04424661551501552,2.452396356319112,0.9982008483182104,38.62978874581035,37.754389641407315,0.9999999999999999,0.0,0.0
40,20,response_tables/trial_00020_hard_negative_structure_obs-empirical_prior-axis_edge_parallel_rel2x.npz,hard_negative_structure,empirical,axis_edge_parallel,2.0,4,16,40,756,10,0.01,0.92,0.001,1e-06,inferred,0.0001,80,"0.5,1","1,1",known,pyramid_local_field,True,1.0,0.0,0.48823488688218664,0.7886883750734748,2.09512799771021,0.5237819994275525,0,0,source_row:455,source_row:455,0.0003435287014079028,-0.0003435287014079028,0.018534527277702627,1.027287774056071,0.9996769097294997,38.62978874581035,38.31530420141746,0.9999999999999999,0.0,0.0
41,20,response_tables/trial_00020_hard_negative_structure_obs-empirical_prior-axis_edge_orthogonal_rel2x.npz,hard_negative_structure,empirical,axis_edge_orthogonal,2.0,4,16,40,756,10,0.01,0.92,0.001,1e-06,inferred,0.0001,80,"0.5,1","1,1",zero,pyramid_local_field,True,1.0,0.0,0.4941728972228364,0.7485407073874644,2.0468753902709422,0.5117188475677356,0,0,source_row:455,source_row:455,8.451600217672428e-05,-8.451600217672428e-05,0.009193258517888218,0.509542106883128,0.9999211187583209,38.62978874581035,38.471114753318744,0.9999999999999999,0.0,0.0
41,20,response_tables/trial_00020_hard_negative_structure_obs-empirical_prior-axis_edge_orthogonal_rel2x.npz,hard_negative_structure,empirical,axis_edge_orthogonal,2.0,4,16,40,756,10,0.01,0.92,0.001,1e-06,inferred,0.0001,80,"0.5,1","1,1",joint,pyramid_local_field,True,1.0,0.0,0.4884710794296294,0.7995297391776732,2.09403549414286,0.523508873535715,0,0,source_row:455,source_row:455,0.00024560017979847966,-0.00024560017979847966,0.015671636155758582,0.8686102419042326,0.9997863510218494,38.62978874581035,38.279611603098296,0.9999999999999999,0.0,0.0
41,20,response_tables/trial_00020_hard_negative_structure_obs-empirical_prior-axis_edge_orthogonal_rel2x.npz,hard_negative_structure,empirical,axis_edge_orthogonal,2.0,4,16,40,756,10,0.01,0.92,0.001,1e-06,inferred,0.0001,80,"0.5,1","1,1",best_single_tau,pyramid_local_field,True,1.0,0.0,0.486558470545074,0.8158643185829064,2.1102983575505565,0.5275745893876391,0,0,source_row:455,source_row:455,0.00029145516983324825,-0.00029145516983324825,0.01707205816043421,0.9462295079565732,0.9997599107675867,38.62978874581035,38.19756627309839,0.9999999999999999,0.0,0.0
41,20,response_tables/trial_00020_hard_negative_structure_obs-empirical_prior-axis_edge_orthogonal_rel2x.npz,hard_negative_structure,empirical,axis_edge_orthogonal,2.0,4,16,40,756,10,0.01,0.92,0.001,1e-06,inferred,0.0001,80,"0.5,1","1,1",linear_continuous,pyramid_local_field,True,1.0,0.0,0.4999999903016024,0.6931475309634759,2.0000000775871816,0.5000000193967954,0,0,source_row:455,source_row:455,2.341175916122438e-16,-2.341175916122438e-16,1.5300901660106303e-08,8.48062050461411e-07,0.9999999999999999,38.62978874581035,38.629788476669276,0.9999999999999999,0.0,0.0
41,20,response_tables/trial_00020_hard_negative_structure_obs-empirical_prior-axis_edge_orthogonal_rel2x.npz,hard_negative_structure,empirical,axis_edge_orthogonal,2.0,4,16,40,756,10,0.01,0.92,0.001,1e-06,inferred,0.0001,80,"0.5,1","1,1",quadratic_profile,pyramid_local_field,True,1.0,0.0,0.49999990491319324,0.6931501823191757,2.0000007606945265,0.5000001901736316,0,0,source_row:455,source_row:455,2.249812565979138e-14,-2.249812565979138e-14,1.4999375206918246e-07,8.31349758085483e-06,0.9999999999999791,38.62978874581035,38.629786106744035,0.9999999999999999,0.0,0.0
41,20,response_tables/trial_00020_hard_negative_structure_obs-empirical_prior-axis_edge_orthogonal_rel2x.npz,hard_negative_structure,empirical,axis_edge_orthogonal,2.0,4,16,40,756,10,0.01,0.92,0.001,1e-06,inferred,0.0001,80,"0.5,1","1,1",quadratic_poisson,pyramid_local_field,True,1.0,0.0,0.47579825194839637,0.8819762477822816,2.201813439872557,0.5504533599681393,0,0,source_row:455,source_row:455,0.0010343003591142032,-0.0010343003591142032,0.03216054040457348,1.782518079346976,0.9990975872073153,38.62978874581035,37.89828258502247,0.9999999999999999,0.0,0.0
41,20,response_tables/trial_00020_hard_negative_structure_obs-empirical_prior-axis_edge_orthogonal_rel2x.npz,hard_negative_structure,empirical,axis_edge_orthogonal,2.0,4,16,40,756,10,0.01,0.92,0.001,1e-06,inferred,0.0001,80,"0.5,1","1,1",known,pyramid_local_field,True,1.0,0.0,0.48823488688218664,0.7886883750734748,2.09512799771021,0.5237819994275525,0,0,source_row:455,source_row:455,0.0003435287014079028,-0.0003435287014079028,0.018534527277702627,1.027287774056071,0.9996769097294997,38.62978874581035,38.31530420141746,0.9999999999999999,0.0,0.0
42,21,response_tables/trial_00021_hard_negative_structure_obs-empirical_prior-axis_edge_parallel_rel0p5x.npz,hard_negative_structure,empirical,axis_edge_parallel,0.5,4,16,40,756,10,0.01,0.92,0.001,1e-06,inferred,0.0001,80,"0.5,1","1,1",zero,pyramid_local_field,True,1.0,2.174977544022113,0.8529980532164367,0.5399366329306294,1.353975116685472,0.338493779171368,0,0,source_row:966,source_row:966,0.010530449808595082,-0.010530449808595082,0.10261797994793642,5.687665761277124,0.9927364393383895,43.20788650402636,40.58600422896176,0.9999999999999999,0.0,0.0
42,21,response_tables/trial_00021_hard_negative_structure_obs-empirical_prior-axis_edge_parallel_rel0p5x.npz,hard_negative_structure,empirical,axis_edge_parallel,0.5,4,16,40,756,10,0.01,0.92,0.001,1e-06,inferred,0.0001,80,"0.5,1","1,1",joint,pyramid_local_field,True,1.0,1.5191703258854545,0.6803716235659332,0.9567728142191854,1.9953933232890904,0.4988483308222726,0,0,source_row:966,source_row:966,0.04482556942464172,-0.04482556942464172,0.21172049835724863,11.734741125073844,0.9662655544551852,43.20788650402636,38.02609995773034,0.9999999999999999,0.0,0.0
42,21,response_tables/trial_00021_hard_negative_structure_obs-empirical_prior-axis_edge_parallel_rel0p5x.npz,hard_negative_structure,empirical,axis_edge_parallel,0.5,4,16,40,756,10,0.01,0.92,0.001,1e-06,inferred,0.0001,80,"0.5,1","1,1",best_single_tau,pyramid_local_field,True,1.0,1.4090252831439898,0.6247704067652617,1.0641455308238472,2.274834333622433,0.5687085834056083,0,0,source_row:966,source_row:966,0.06040916174019915,-0.06040916174019915,0.24578275313821177,13.622662913905335,0.9531719327711474,43.20788650402636,37.334582346857616,0.9999999999999999,0.0,0.0
42,21,response_tables/trial_00021_hard_negative_structure_obs-empirical_prior-axis_edge_parallel_rel0p5x.npz,hard_negative_structure,empirical,axis_edge_parallel,0.5,4,16,40,756,10,0.01,0.92,0.001,1e-06,inferred,0.0001,80,"0.5,1","1,1",linear_continuous,pyramid_local_field,True,1.0,25.222910278094748,0.9999999999888871,2.9141677461669166e-10,1.0000000000222258,0.25000000000555644,0,0,source_row:966,source_row:966,8.169529895479757e-23,-8.169529895479757e-23,9.038545179109168e-12,5.009670232551621e-10,1.0,43.20788650402636,43.20788650381476,0.9999999999999999,0.0,0.0
42,21,response_tables/trial_00021_hard_negative_structure_obs-empirical_prior-axis_edge_parallel_rel0p5x.npz,hard_negative_structure,empirical,axis_edge_parallel,0.5,4,16,40,756,10,0.01,0.92,0.001,1e-06,inferred,0.0001,80,"0.5,1","1,1",quadratic_profile,pyramid_local_field,True,1.0,12.58932175778136,0.9999965911887512,4.6328686301874564e-05,1.0000068176457417,0.25000170441143543,0,0,source_row:966,source_row:966,7.71177092819062e-12,-7.71177092819062e-12,2.777007549177823e-06,0.00015391738138170616,0.9999999999951278,43.20788650402636,43.20781234980398,0.9999999999999999,0.0,0.0
42,21,response_tables/trial_00021_hard_negative_structure_obs-empirical_prior-axis_edge_parallel_rel0p5x.npz,hard_negative_structure,empirical,axis_edge_parallel,0.5,4,16,40,756,10,0.01,0.92,0.001,1e-06,inferred,0.0001,80,"0.5,1","1,1",quadratic_poisson,pyramid_local_field,True,1.0,1.3082742815902861,0.5606320077880723,1.1682544437391924,2.6404750838324067,0.6601187709581017,0,0,source_row:966,source_row:966,0.08110763284391263,-0.08110763284391263,0.2847940182727029,15.78488669888066,0.9348751010636319,43.20788650402636,36.6637505920592,0.9999999999999999,0.0,0.0
42,21,response_tables/trial_00021_hard_negative_structure_obs-empirical_prior-axis_edge_parallel_rel0p5x.npz,hard_negative_structure,empirical,axis_edge_parallel,0.5,4,16,40,756,10,0.01,0.92,0.001,1e-06,inferred,0.0001,80,"0.5,1","1,1",known,pyramid_local_field,True,1.0,1.8797750513767824,0.7809519674418235,0.7281777584823704,1.585439436224696,0.396359859056174,0,0,source_row:966,source_row:966,0.022224295727623952,-0.022224295727623952,0.14907815308630554,8.262749934208392,0.9841681977860249,43.20788650402636,39.42100483212224,0.9999999999999999,0.0,0.0
43,21,response_tables/trial_00021_hard_negative_structure_obs-empirical_prior-axis_edge_orthogonal_rel0p5x.npz,hard_negative_structure,empirical,axis_edge_orthogonal,0.5,4,16,40,756,10,0.01,0.92,0.001,1e-06,inferred,0.0001,80,"0.5,1","1,1",zero,pyramid_local_field,True,1.0,2.174977544022113,0.8529980532164367,0.5399366329306294,1.353975116685472,0.338493779171368,0,0,source_row:966,source_row:966,0.010530449808595082,-0.010530449808595082,0.10261797994793642,5.687665761277124,0.9927364393383895,43.20788650402636,40.58600422896176,0.9999999999999999,0.0,0.0
43,21,response_tables/trial_00021_hard_negative_structure_obs-empirical_prior-axis_edge_orthogonal_rel0p5x.npz,hard_negative_structure,empirical,axis_edge_orthogonal,0.5,4,16,40,756,10,0.01,0.92,0.001,1e-06,inferred,0.0001,80,"0.5,1","1,1",joint,pyramid_local_field,True,1.0,1.7088902801650079,0.7013951389366835,0.9198571621779932,1.905180905533835,0.4762952263834587,0,0,source_row:966,source_row:966,0.039126001416916,-0.039126001416916,0.19780293581470423,10.963351510955304,0.9711578660209729,43.20788650402636,38.21253063852871,0.9999999999999999,0.0,0.0
43,21,response_tables/trial_00021_hard_negative_structure_obs-empirical_prior-axis_edge_orthogonal_rel0p5x.npz,hard_negative_structure,empirical,axis_edge_orthogonal,0.5,4,16,40,756,10,0.01,0.92,0.001,1e-06,inferred,0.0001,80,"0.5,1","1,1",best_single_tau,pyramid_local_field,True,1.0,1.314402022495642,0.6357203431427016,1.0351940296359898,2.206130929536693,0.5515327323841732,0,0,source_row:966,source_row:966,0.058363169894864945,-0.058363169894864945,0.24158470542413266,13.389983492037064,0.9549544187853395,43.20788650402636,37.4032318976177,0.9999999999999999,0.0,0.0
43,21,response_tables/trial_00021_hard_negative_structure_obs-empirical_prior-axis_edge_orthogonal_rel0p5x.npz,hard_negative_structure,empirical,axis_edge_orthogonal,0.5,4,16,40,756,10,0.01,0.92,0.001,1e-06,inferred,0.0001,80,"0.5,1","1,1",linear_continuous,pyramid_local_field,True,1.0,16.21368763772559,0.9999999083945681,1.5803582479163965e-06,1.0000001832108807,0.25000004580272017,0,0,source_row:966,source_row:966,5.50640292754189e-15,-5.50640292754189e-15,7.420514084308371e-08,4.1128663719368135e-06,0.9999999999999962,43.20788650402636,43.20788475785178,0.9999999999999999,0.0,0.0
43,21,response_tables/trial_00021_hard_negative_structure_obs-empirical_prior-axis_edge_orthogonal_rel0p5x.npz,hard_negative_structure,empirical,axis_edge_orthogonal,0.5,4,16,40,756,10,0.01,0.92,0.001,1e-06,inferred,0.0001,80,"0.5,1","1,1",quadratic_profile,pyramid_local_field,True,1.0,7.188717030002794,0.9992455018361335,0.006178775696682628,1.0015101348774944,0.2503775337193736,0,0,source_row:966,source_row:966,3.778664007440891e-07,-3.778664007440891e-07,0.0006147083867526855,0.03407059704621922,0.9999997610826492,43.20788650402636,43.19148332170274,0.9999999999999999,0.0,0.0
43,21,response_tables/trial_00021_hard_negative_structure_obs-empirical_prior-axis_edge_orthogonal_rel0p5x.npz,hard_negative_structure,empirical,axis_edge_orthogonal,0.5,4,16,40,756,10,0.01,0.92,0.001,1e-06,inferred,0.0001,80,"0.5,1","1,1",quadratic_poisson,pyramid_local_field,True,1.0,1.3401006743320067,0.5659301183201809,1.1610566794620567,2.6099228781442383,0.6524807195360596,0,0,source_row:966,source_row:966,0.07913926887998657,-0.07913926887998657,0.28131702557788174,15.592172202721427,0.9366792138385268,43.20788650402636,36.70743345018453,0.9999999999999999,0.0,0.0
43,21,response_tables/trial_00021_hard_negative_structure_obs-empirical_prior-axis_edge_orthogonal_rel0p5x.npz,hard_negative_structure,empirical,axis_edge_orthogonal,0.5,4,16,40,756,10,0.01,0.92,0.001,1e-06,inferred,0.0001,80,"0.5,1","1,1",known,pyramid_local_field,True,1.0,1.8797750513767824,0.7809519674418235,0.7281777584823704,1.585439436224696,0.396359859056174,0,0,source_row:966,source_row:966,0.022224295727623952,-0.022224295727623952,0.14907815308630554,8.262749934208392,0.9841681977860249,43.20788650402636,39.42100483212224,0.9999999999999999,0.0,0.0
44,22,response_tables/trial_00022_hard_negative_structure_obs-empirical_prior-axis_edge_parallel_rel1x.npz,hard_negative_structure,empirical,axis_edge_parallel,1.0,4,16,40,756,10,0.01,0.92,0.001,1e-06,inferred,0.0001,80,"0.5,1","1,1",zero,pyramid_local_field,True,1.0,4.022589827996285,0.9777206117647669,0.11997014243594835,1.045737900644396,0.261434475161099,0,0,source_row:966,source_row:966,0.0002689662344595668,-0.0002689662344595668,0.016400190073885327,0.9089907987761974,0.9998262721475859,43.20788650402636,42.77889686671443,0.9999999999999999,0.0,0.0
44,22,response_tables/trial_00022_hard_negative_structure_obs-empirical_prior-axis_edge_parallel_rel1x.npz,hard_negative_structure,empirical,axis_edge_parallel,1.0,4,16,40,756,10,0.01,0.92,0.001,1e-06,inferred,0.0001,80,"0.5,1","1,1",joint,pyramid_local_field,True,1.0,0.9215492225073376,0.5089120958727402,1.215360894704589,2.901706405627277,0.7254266014068192,0,0,source_row:966,source_row:966,0.10406470125292949,-0.10406470125292949,0.32259060936879347,17.87978641508336,0.9134824505599001,43.20788650402636,36.211078080086416,0.9999999999999999,0.0,0.0
44,22,response_tables/trial_00022_hard_negative_structure_obs-empirical_prior-axis_edge_parallel_rel1x.npz,hard_negative_structure,empirical,axis_edge_parallel,1.0,4,16,40,756,10,0.01,0.92,0.001,1e-06,inferred,0.0001,80,"0.5,1","1,1",best_single_tau,pyramid_local_field,True,1.0,0.953070559281457,0.5661768093998838,1.127736223441058,2.5453917775029407,0.6363479443757352,0,0,source_row:966,source_row:966,0.08236966490949046,-0.08236966490949046,0.28700115837656553,15.907218820458676,0.9334429833729219,43.20788650402636,36.7549036965108,0.9999999999999999,0.0,0.0
44,22,response_tables/trial_00022_hard_negative_structure_obs-empirical_prior-axis_edge_parallel_rel1x.npz,hard_negative_structure,empirical,axis_edge_parallel,1.0,4,16,40,756,10,0.01,0.92,0.001,1e-06,inferred,0.0001,80,"0.5,1","1,1",linear_continuous,pyramid_local_field,True,1.0,26.41742404898961,0.999999999996616,9.290531532643593e-11,1.000000000006768,0.250000000001692,0,0,source_row:966,source_row:966,7.558771375881907e-24,-7.558771375881907e-24,2.7493219847594983e-12,1.5238289164702584e-10,0.9999999999999999,43.20788650402636,43.20788650395282,0.9999999999999999,0.0,0.0
44,22,response_tables/trial_00022_hard_negative_structure_obs-empirical_prior-axis_edge_parallel_rel1x.npz,hard_negative_structure,empirical,axis_edge_parallel,1.0,4,16,40,756,10,0.01,0.92,0.001,1e-06,inferred,0.0001,80,"0.5,1","1,1",quadratic_profile,pyramid_local_field,True,1.0,10.921418967667865,0.9999819331133128,0.00021538464407339618,1.0000361344262039,0.25000903360655097,0,0,source_row:966,source_row:966,2.166664205083535e-10,-2.166664205083535e-10,1.4719593082295227e-05,0.0008158426587287907,0.9999999998631074,43.20788650402636,43.20749347899908,0.9999999999999999,0.0,0.0
44,22,response_tables/trial_00022_hard_negative_structure_obs-empirical_prior-axis_edge_parallel_rel1x.npz,hard_negative_structure,empirical,axis_edge_parallel,1.0,4,16,40,756,10,0.01,0.92,0.001,1e-06,inferred,0.0001,80,"0.5,1","1,1",quadratic_poisson,pyramid_local_field,True,1.0,1.6608507338392542,0.7136077180602098,0.8971555258291583,1.8530758443697772,0.4632689610924443,0,0,source_row:966,source_row:966,0.03608968625093789,-0.03608968625093789,0.18997285661624896,10.529364470986899,0.9737310125220587,43.20788650402636,38.32165517160627,0.9999999999999999,0.0,0.0
44,22,response_tables/trial_00022_hard_negative_structure_obs-empirical_prior-axis_edge_parallel_rel1x.npz,hard_negative_structure,empirical,axis_edge_parallel,1.0,4,16,40,756,10,0.01,0.92,0.001,1e-06,inferred,0.0001,80,"0.5,1","1,1",known,pyramid_local_field,True,1.0,2.0491191704986136,0.7758326997369087,0.7615114780985002,1.610508072411129,0.40262701810278223,0,0,source_row:966,source_row:966,0.022189494372438844,-0.022189494372438844,0.14896138550791896,8.256278018098236,0.9844924380664737,43.20788650402636,39.26487371371251,0.9999999999999999,0.0,0.0
45,22,response_tables/trial_00022_hard_negative_structure_obs-empirical_prior-axis_edge_orthogonal_rel1x.npz,hard_negative_structure,empirical,axis_edge_orthogonal,1.0,4,16,40,756,10,0.01,0.92,0.001,1e-06,inferred,0.0001,80,"0.5,1","1,1",zero,pyramid_local_field,True,1.0,4.022589827996285,0.9777206117647669,0.11997014243594835,1.045737900644396,0.261434475161099,0,0,source_row:966,source_row:966,0.0002689662344595668,-0.0002689662344595668,0.016400190073885327,0.9089907987761974,0.9998262721475859,43.20788650402636,42.77889686671443,0.9999999999999999,0.0,0.0
45,22,response_tables/trial_00022_hard_negative_structure_obs-empirical_prior-axis_edge_orthogonal_rel1x.npz,hard_negative_structure,empirical,axis_edge_orthogonal,1.0,4,16,40,756,10,0.01,0.92,0.001,1e-06,inferred,0.0001,80,"0.5,1","1,1",joint,pyramid_local_field,True,1.0,1.533540632513791,0.6237497128693563,1.0749642058576665,2.2914767529232463,0.5728691882308116,0,0,source_row:966,source_row:966,0.05976780525872579,-0.05976780525872579,0.24447454930672394,13.550154897815952,0.954002673592742,43.20788650402636,37.244278638256574,0.9999999999999999,0.0,0.0
45,22,response_tables/trial_00022_hard_negative_structure_obs-empirical_prior-axis_edge_orthogonal_rel1x.npz,hard_negative_structure,empirical,axis_edge_orthogonal,1.0,4,16,40,756,10,0.01,0.92,0.001,1e-06,inferred,0.0001,80,"0.5,1","1,1",best_single_tau,pyramid_local_field,True,1.0,1.2300491181021584,0.573941407040226,1.1468364202533383,2.5581217632961932,0.6395304408240483,0,0,source_row:966,source_row:966,0.0771862912890321,-0.0771862912890321,0.2778242093285466,15.398580676150209,0.9384948533851403,43.20788650402636,36.73880769703293,0.9999999999999999,0.0,0.0
45,22,response_tables/trial_00022_hard_negative_structure_obs-empirical_prior-axis_edge_orthogonal_rel1x.npz,hard_negative_structure,empirical,axis_edge_orthogonal,1.0,4,16,40,756,10,0.01,0.92,0.001,1e-06,inferred,0.0001,80,"0.5,1","1,1",linear_continuous,pyramid_local_field,True,1.0,6.610109378196565,0.9986551238433334,0.010235592037051268,1.0026933696905578,0.25067334242263944,0,0,source_row:966,source_row:966,1.2005824979338836e-06,-1.2005824979338836e-06,0.0010957109554685868,0.06073046544900582,0.9999992404424827,43.20788650402636,43.178662555361136,0.9999999999999999,0.0,0.0
45,22,response_tables/trial_00022_hard_negative_structure_obs-empirical_prior-axis_edge_orthogonal_rel1x.npz,hard_negative_structure,empirical,axis_edge_orthogonal,1.0,4,16,40,756,10,0.01,0.92,0.001,1e-06,inferred,0.0001,80,"0.5,1","1,1",quadratic_profile,pyramid_local_field,True,1.0,1.8928416445328367,0.8690791906641444,0.38813344983302606,1.2946007817723169,0.3236501954430792,0,0,source_row:966,source_row:966,0.011377467004460608,-0.011377467004460608,0.10666520990679486,5.911986014674171,0.9918618131365913,43.20788650402636,40.69095505665029,0.9999999999999999,0.0,0.0
45,22,response_tables/trial_00022_hard_negative_structure_obs-empirical_prior-axis_edge_orthogonal_rel1x.npz,hard_negative_structure,empirical,axis_edge_orthogonal,1.0,4,16,40,756,10,0.01,0.92,0.001,1e-06,inferred,0.0001,80,"0.5,1","1,1",quadratic_poisson,pyramid_local_field,True,1.0,1.7621201230158476,0.7081740529877668,0.9190144911128579,1.8834200121404707,0.4708550030351177,0,0,source_row:966,source_row:966,0.03651885060108462,-0.03651885060108462,0.19109905965515533,10.591784979243675,0.9735230887351187,43.20788650402636,38.23842827591913,0.9999999999999999,0.0,0.0
45,22,response_tables/trial_00022_hard_negative_structure_obs-empirical_prior-axis_edge_orthogonal_rel1x.npz,hard_negative_structure,empirical,axis_edge_orthogonal,1.0,4,16,40,756,10,0.01,0.92,0.001,1e-06,inferred,0.0001,80,"0.5,1","1,1",known,pyramid_local_field,True,1.0,2.0491191704986136,0.7758326997369087,0.7615114780985002,1.610508072411129,0.40262701810278223,0,0,source_row:966,source_row:966,0.022189494372438844,-0.022189494372438844,0.14896138550791896,8.256278018098236,0.9844924380664737,43.20788650402636,39.26487371371251,0.9999999999999999,0.0,0.0
46,23,response_tables/trial_00023_hard_negative_structure_obs-empirical_prior-axis_edge_parallel_rel2x.npz,hard_negative_structure,empirical,axis_edge_parallel,2.0,4,16,40,756,10,0.01,0.92,0.001,1e-06,inferred,0.0001,80,"0.5,1","1,1",zero,pyramid_local_field,True,1.0,8.064508054256862,0.9996770854314552,0.002958626100120091,1.0006460430456472,0.2501615107614118,0,0,source_row:966,source_row:966,6.714790582338725e-08,-6.714790582338725e-08,0.0002591291296311305,0.014362394183751038,0.9999999549415503,43.20788650402636,43.20171712672868,0.9999999999999999,0.0,0.0
46,23,response_tables/trial_00023_hard_negative_structure_obs-empirical_prior-axis_edge_parallel_rel2x.npz,hard_negative_structure,empirical,axis_edge_parallel,2.0,4,16,40,756,10,0.01,0.92,0.001,1e-06,inferred,0.0001,80,"0.5,1","1,1",joint,pyramid_local_field,True,1.0,1.4640022051175947,0.670786094790245,0.9787211356477299,2.041946732828603,0.5104866832071507,0,0,source_row:966,source_row:966,0.0461339633445035,-0.0461339633445035,0.2147881825066349,11.904769438939788,0.9654162169834511,43.20788650402636,37.863135737608296,0.9999999999999999,0.0,0.0
46,23,response_tables/trial_00023_hard_negative_structure_obs-empirical_prior-axis_edge_parallel_rel2x.npz,hard_negative_structure,empirical,axis_edge_parallel,2.0,4,16,40,756,10,0.01,0.92,0.001,1e-06,inferred,0.0001,80,"0.5,1","1,1",best_single_tau,pyramid_local_field,True,1.0,0.9676042334023123,0.5481869922217649,1.168443988393,2.6759177227083883,0.6689794306770971,0,0,source_row:966,source_row:966,0.08717349812800884,-0.08717349812800884,0.29525158446316396,16.36450384977324,0.9291801904833011,43.20788650402636,36.5799456901656,0.9999999999999999,0.0,0.0
46,23,response_tables/trial_00023_hard_negative_structure_obs-empirical_prior-axis_edge_parallel_rel2x.npz,hard_negative_structure,empirical,axis_edge_parallel,2.0,4,16,40,756,10,0.01,0.92,0.001,1e-06,inferred,0.0001,80,"0.5,1","1,1",linear_continuous,pyramid_local_field,True,1.0,86.48196631238736,1.0,2.389377676707777e-36,1.0,0.25,0,0,source_row:966,source_row:966,0.0,-0.0,0.0,0.0,0.9999999999999999,43.20788650402636,43.20788650402636,0.9999999999999999,0.0,0.0
46,23,response_tables/trial_00023_hard_negative_structure_obs-empirical_prior-axis_edge_parallel_rel2x.npz,hard_negative_structure,empirical,axis_edge_parallel,2.0,4,16,40,756,10,0.01,0.92,0.001,1e-06,inferred,0.0001,80,"0.5,1","1,1",quadratic_profile,pyramid_local_field,True,1.0,13.296119261419381,0.9999981141481326,2.7392113011740877e-05,1.0000037717115364,0.2500009429278841,0,0,source_row:966,source_row:966,2.0280454798727447e-12,-2.0280454798727447e-12,1.4240946175984041e-06,7.893133543890584e-05,0.9999999999987185,43.20788650402636,43.20784848637218,0.9999999999999999,0.0,0.0
46,23,response_tables/trial_00023_hard_negative_structure_obs-empirical_prior-axis_edge_parallel_rel2x.npz,hard_negative_structure,empirical,axis_edge_parallel,2.0,4,16,40,756,10,0.01,0.92,0.001,1e-06,inferred,0.0001,80,"0.5,1","1,1",quadratic_poisson,pyramid_local_field,True,1.0,2.4072577781785185,0.8277597503244569,0.6428166733061105,1.4373521260536974,0.35933803151342436,0,0,source_row:966,source_row:966,0.012850025082266063,-0.012850025082266063,0.11335795112062524,6.282935385050633,0.9915298678017691,43.20788650402636,40.01647679033704,0.9999999999999999,0.0,0.0
46,23,response_tables/trial_00023_hard_negative_structure_obs-empirical_prior-axis_edge_parallel_rel2x.npz,hard_negative_structure,empirical,axis_edge_parallel,2.0,4,16,40,756,10,0.01,0.92,0.001,1e-06,inferred,0.0001,80,"0.5,1","1,1",known,pyramid_local_field,True,1.0,2.6669534390741774,0.8536614418997022,0.5742158901317133,1.3584244644995427,0.33960611612488567,0,0,source_row:966,source_row:966,0.009141966535685225,-0.009141966535685225,0.09561363153695829,5.299445366981814,0.9941032367083377,43.20788650402636,40.476923412155955,0.9999999999999999,0.0,0.0
47,23,response_tables/trial_00023_hard_negative_structure_obs-empirical_prior-axis_edge_orthogonal_rel2x.npz,hard_negative_structure,empirical,axis_edge_orthogonal,2.0,4,16,40,756,10,0.01,0.92,0.001,1e-06,inferred,0.0001,80,"0.5,1","1,1",zero,pyramid_local_field,True,1.0,8.064508054256862,0.9996770854314552,0.002958626100120091,1.0006460430456472,0.2501615107614118,0,0,source_row:966,source_row:966,6.714790582338725e-08,-6.714790582338725e-08,0.0002591291296311305,0.014362394183751038,0.9999999549415503,43.20788650402636,43.20171712672868,0.9999999999999999,0.0,0.0
47,23,response_tables/trial_00023_hard_negative_structure_obs-empirical_prior-axis_edge_orthogonal_rel2x.npz,hard_negative_structure,empirical,axis_edge_orthogonal,2.0,4,16,40,756,10,0.01,0.92,0.001,1e-06,inferred,0.0001,80,"0.5,1","1,1",joint,pyramid_local_field,True,1.0,1.1607515896685072,0.5964965793761597,1.1030985324525373,2.414263799186491,0.6035659497966227,0,0,source_row:966,source_row:966,0.07078982238996241,-0.07078982238996241,0.2660635683252452,14.746739788236738,0.944162500904767,43.20788650402636,36.94836860305429,0.9999999999999999,0.0,0.0
47,23,response_tables/trial_00023_hard_negative_structure_obs-empirical_prior-axis_edge_orthogonal_rel2x.npz,hard_negative_structure,empirical,axis_edge_orthogonal,2.0,4,16,40,756,10,0.01,0.92,0.001,1e-06,inferred,0.0001,80,"0.5,1","1,1",best_single_tau,pyramid_local_field,True,1.0,0.47923594455335206,0.4728129073750191,1.2122136965771317,2.9611585383611803,0.7402896345902951,0,0,source_row:966,source_row:966,0.12664326004931012,-0.12664326004931012,0.3558697234232074,19.72430213902334,0.891450722092275,43.20788650402636,36.12187668693978,0.9999999999999999,0.0,0.0
47,23,response_tables/trial_00023_hard_negative_structure_obs-empirical_prior-axis_edge_orthogonal_rel2x.npz,hard_negative_structure,empirical,axis_edge_orthogonal,2.0,4,16,40,756,10,0.01,0.92,0.001,1e-06,inferred,0.0001,80,"0.5,1","1,1",linear_continuous,pyramid_local_field,True,1.0,41.55522799433014,1.0,3.7275754105142165e-17,1.0,0.25,0,0,source_row:966,source_row:966,8.0807656762089e-40,-8.0807656762089e-40,2.8426687594950103e-20,1.5755669505709283e-18,0.9999999999999999,43.20788650402636,43.20788650402636,0.9999999999999999,0.0,0.0
47,23,response_tables/trial_00023_hard_negative_structure_obs-empirical_prior-axis_edge_orthogonal_rel2x.npz,hard_negative_structure,empirical,axis_edge_orthogonal,2.0,4,16,40,756,10,0.01,0.92,0.001,1e-06,inferred,0.0001,80,"0.5,1","1,1",quadratic_profile,pyramid_local_field,True,1.0,5.484526989591167,0.9958162703915069,0.027382076334331592,1.0084028911176808,0.2521007227794202,0,0,source_row:966,source_row:966,1.1476054052676938e-05,-1.1476054052676938e-05,0.003387632514408394,0.18776165223448466,0.9999927421476923,43.20788650402636,43.11726866627612,0.9999999999999999,0.0,0.0
47,23,response_tables/trial_00023_hard_negative_structure_obs-empirical_prior-axis_edge_orthogonal_rel2x.npz,hard_negative_structure,empirical,axis_edge_orthogonal,2.0,4,16,40,756,10,0.01,0.92,0.001,1e-06,inferred,0.0001,80,"0.5,1","1,1",quadratic_poisson,pyramid_local_field,True,1.0,2.36514972320424,0.803636749995509,0.7074021428466153,1.5171329713442196,0.3792832428360549,0,0,source_row:966,source_row:966,0.01647966084411342,-0.01647966084411342,0.1283731313169287,7.115161144564221,0.9889180853003301,43.20788650402636,39.65064133236418,0.9999999999999999,0.0,0.0
47,23,response_tables/trial_00023_hard_negative_structure_obs-empirical_prior-axis_edge_orthogonal_rel2x.npz,hard_negative_structure,empirical,axis_edge_orthogonal,2.0,4,16,40,756,10,0.01,0.92,0.001,1e-06,inferred,0.0001,80,"0.5,1","1,1",known,pyramid_local_field,True,1.0,2.6669534390741774,0.8536614418997022,0.5742158901317133,1.3584244644995427,0.33960611612488567,0,0,source_row:966,source_row:966,0.009141966535685225,-0.009141966535685225,0.09561363153695829,5.299445366981814,0.9941032367083377,43.20788650402636,40.476923412155955,0.9999999999999999,0.0,0.0
48,24,response_tables/trial_00024_hard_negative_structure_obs-empirical_prior-axis_edge_parallel_rel0p5x.npz,hard_negative_structure,empirical,axis_edge_parallel,0.5,4,16,40,756,10,0.01,0.92,0.001,1e-06,inferred,0.0001,80,"0.5,1","1,1",zero,pyramid_local_field,True,1.0,1.449158315652653,0.5947654354459577,1.1201582718224241,2.4478882730061744,0.6119720682515436,0,0,source_row:1249,source_row:1249,0.03777944898984501,-0.03777944898984501,0.19436936227153961,10.773043548450172,0.9498131499998536,34.41165285343677,32.25763589834283,1.0000000000000002,0.0,0.0
48,24,response_tables/trial_00024_hard_negative_structure_obs-empirical_prior-axis_edge_parallel_rel0p5x.npz,hard_negative_structure,empirical,axis_edge_parallel,0.5,4,16,40,756,10,0.01,0.92,0.001,1e-06,inferred,0.0001,80,"0.5,1","1,1",joint,pyramid_local_field,True,1.0,1.64607892327831,0.7162378290164887,0.8940289801819523,1.8427195866280026,0.46067989665700065,0,0,source_row:1249,source_row:1249,0.020206721246388677,-0.020206721246388677,0.14215034733122772,7.87877196451998,0.9739497482320781,34.41165285343677,32.42746623393266,1.0000000000000002,0.0,0.0
48,24,response_tables/trial_00024_hard_negative_structure_obs-empirical_prior-axis_edge_parallel_rel0p5x.npz,hard_negative_structure,empirical,axis_edge_parallel,0.5,4,16,40,756,10,0.01,0.92,0.001,1e-06,inferred,0.0001,80,"0.5,1","1,1",best_single_tau,pyramid_local_field,True,1.0,1.5007649216358345,0.6522348820944575,1.0226787838714861,2.141193430734832,0.535298357683708,0,0,source_row:1249,source_row:1249,0.028791638477509585,-0.028791638477509585,0.16968099032451922,9.404675082261452,0.9622375389036014,34.41165285343677,32.27385213663196,1.0000000000000002,0.0,0.0
48,24,response_tables/trial_00024_hard_negative_structure_obs-empirical_prior-axis_edge_parallel_rel0p5x.npz,hard_negative_structure,empirical,axis_edge_parallel,0.5,4,16,40,756,10,0.01,0.92,0.001,1e-06,inferred,0.0001,80,"0.5,1","1,1",linear_continuous,pyramid_local_field,True,1.0,25.668420907481963,0.9999999999836069,4.411671551523644e-10,1.0000000000327862,0.25000000000819655,0,0,source_row:1249,source_row:1249,6.466216950078556e-23,-6.466216950078556e-23,8.041279096063359e-12,4.4569292647114474e-10,0.9999999999999998,34.41165285343677,34.411652853277346,1.0000000000000002,0.0,0.0
48,24,response_tables/trial_00024_hard_negative_structure_obs-empirical_prior-axis_edge_parallel_rel0p5x.npz,hard_negative_structure,empirical,axis_edge_parallel,0.5,4,16,40,756,10,0.01,0.92,0.001,1e-06,inferred,0.0001,80,"0.5,1","1,1",quadratic_profile,pyramid_local_field,True,1.0,35.39536707736941,1.0,1.502924139887992e-14,1.0,0.25,0,0,source_row:1249,source_row:1249,1.1330606994142318e-31,-1.1330606994142318e-31,3.3660967000581427e-16,1.8656801624610044e-14,0.9999999999999998,34.41165285343677,34.41165285343678,1.0000000000000002,0.0,0.0
48,24,response_tables/trial_00024_hard_negative_structure_obs-empirical_prior-axis_edge_parallel_rel0p5x.npz,hard_negative_structure,empirical,axis_edge_parallel,0.5,4,16,40,756,10,0.01,0.92,0.001,1e-06,inferred,0.0001,80,"0.5,1","1,1",quadratic_poisson,pyramid_local_field,True,1.0,1.4635302214350077,0.608745347989143,1.0985223292308042,2.371007498100462,0.5927518745251155,0,0,source_row:1249,source_row:1249,0.035398652231952425,-0.035398652231952425,0.1881452955349998,10.42807075429381,0.9531097401647477,34.41165285343677,32.25314273046801,1.0000000000000002,0.0,0.0
48,24,response_tables/trial_00024_hard_negative_structure_obs-empirical_prior-axis_edge_parallel_rel0p5x.npz,hard_negative_structure,empirical,axis_edge_parallel,0.5,4,16,40,756,10,0.01,0.92,0.001,1e-06,inferred,0.0001,80,"0.5,1","1,1",known,pyramid_local_field,True,1.0,1.7082912262854393,0.6890558199040594,0.9583067817386741,1.9696658975718895,0.49241647439297237,0,0,source_row:1249,source_row:1249,0.022790945337569788,-0.022790945337569788,0.15096670274457805,8.367423980952225,0.9704233246359245,34.41165285343677,32.392609612970595,1.0000000000000002,0.0,0.0
49,24,response_tables/trial_00024_hard_negative_structure_obs-empirical_prior-axis_edge_orthogonal_rel0p5x.npz,hard_negative_structure,empirical,axis_edge_orthogonal,0.5,4,16,40,756,10,0.01,0.92,0.001,1e-06,inferred,0.0001,80,"0.5,1","1,1",zero,pyramid_local_field,True,1.0,1.449158315652653,0.5947654354459577,1.1201582718224241,2.4478882730061744,0.6119720682515436,0,0,source_row:1249,source_row:1249,0.03777944898984501,-0.03777944898984501,0.19436936227153961,10.773043548450172,0.9498131499998536,34.41165285343677,32.25763589834283,1.0000000000000002,0.0,0.0
49,24,response_tables/trial_00024_hard_negative_structure_obs-empirical_prior-axis_edge_orthogonal_rel0p5x.npz,hard_negative_structure,empirical,axis_edge_orthogonal,0.5,4,16,40,756,10,0.01,0.92,0.001,1e-06,inferred,0.0001,80,"0.5,1","1,1",joint,pyramid_local_field,True,1.0,1.3423902101831118,0.6596443895393234,0.9936393102423804,2.0879372705577968,0.5219843176394492,0,0,source_row:1249,source_row:1249,0.029609949816541244,-0.029609949816541244,0.1720754189782528,9.537387788929141,0.9611301262295765,34.41165285343677,32.240749439643864,1.0000000000000002,0.0,0.0
49,24,response_tables/trial_00024_hard_negative_structure_obs-empirical_prior-axis_edge_orthogonal_rel0p5x.npz,hard_negative_structure,empirical,axis_edge_orthogonal,0.5,4,16,40,756,10,0.01,0.92,0.001,1e-06,inferred,0.0001,80,"0.5,1","1,1",best_single_tau,pyramid_local_field,True,1.0,1.6426592907531585,0.6518853605103975,1.0280670861279742,2.1482208150109594,0.5370552037527399,0,0,source_row:1249,source_row:1249,0.028046111073615012,-0.028046111073615012,0.1674697318132892,9.282114695377627,0.963225289302575,34.41165285343677,32.33090119812825,1.0000000000000002,0.0,0.0
49,24,response_tables/trial_00024_hard_negative_structure_obs-empirical_prior-axis_edge_orthogonal_rel0p5x.npz,hard_negative_structure,empirical,axis_edge_orthogonal,0.5,4,16,40,756,10,0.01,0.92,0.001,1e-06,inferred,0.0001,80,"0.5,1","1,1",linear_continuous,pyramid_local_field,True,1.0,21.00032385104889,0.999999998467398,3.378112073689209e-08,1.000000003065204,0.250000000766301,0,0,source_row:1249,source_row:1249,6.335192643607788e-19,-6.335192643607788e-19,7.959392340881173e-10,4.411543018169847e-08,1.0,34.41165285343677,34.411652841539585,1.0000000000000002,0.0,0.0
49,24,response_tables/trial_00024_hard_negative_structure_obs-empirical_prior-axis_edge_orthogonal_rel0p5x.npz,hard_negative_structure,empirical,axis_edge_orthogonal,0.5,4,16,40,756,10,0.01,0.92,0.001,1e-06,inferred,0.0001,80,"0.5,1","1,1",quadratic_profile,pyramid_local_field,True,1.0,32.24249676769178,0.9999999999999902,3.302106660763965e-13,1.0000000000000195,0.2500000000000049,0,0,source_row:1249,source_row:1249,5.0341947099794665e-29,-5.0341947099794665e-29,7.0952059237061375e-15,3.932562288007263e-13,0.9999999999999998,34.41165285343677,34.41165285343666,1.0000000000000002,0.0,0.0
49,24,response_tables/trial_00024_hard_negative_structure_obs-empirical_prior-axis_edge_orthogonal_rel0p5x.npz,hard_negative_structure,empirical,axis_edge_orthogonal,0.5,4,16,40,756,10,0.01,0.92,0.001,1e-06,inferred,0.0001,80,"0.5,1","1,1",quadratic_poisson,pyramid_local_field,True,1.0,1.4808916440531448,0.6114558095506483,1.0944296814630803,2.356616096272134,0.5891540240680335,0,0,source_row:1249,source_row:1249,0.03488281029133586,-0.03488281029133586,0.1867694040557389,10.351811107964815,0.9538202199042463,34.41165285343677,32.259826218336805,1.0000000000000002,0.0,0.0
49,24,response_tables/trial_00024_hard_negative_structure_obs-empirical_prior-axis_edge_orthogonal_rel0p5x.npz,hard_negative_structure,empirical,axis_edge_orthogonal,0.5,4,16,40,756,10,0.01,0.92,0.001,1e-06,inferred,0.0001,80,"0.5,1","1,1",known,pyramid_local_field,True,1.0,1.7082912262854393,0.6890558199040594,0.9583067817386741,1.9696658975718895,0.49241647439297237,0,0,source_row:1249,source_row:1249,0.022790945337569788,-0.022790945337569788,0.15096670274457805,8.367423980952225,0.9704233246359245,34.41165285343677,32.392609612970595,1.0000000000000002,0.0,0.0
50,25,response_tables/trial_00025_hard_negative_structure_obs-empirical_prior-axis_edge_parallel_rel1x.npz,hard_negative_structure,empirical,axis_edge_parallel,1.0,4,16,40,756,10,0.01,0.92,0.001,1e-06,inferred,0.0001,80,"0.5,1","1,1",zero,pyramid_local_field,False,3.0,-0.5653821692729366,0.20789326716797873,1.2315906950894937,3.1782039831121884,0.7945509957780471,2,0,source_row:454,source_row:1249,0.15821839917491934,-0.15821839917491934,0.3977667647942942,22.04647187795254,0.7988589249421736,34.41165285343677,35.07874820104865,0.6911528328126341,0.27308038426372966,0.522570937063792
50,25,response_tables/trial_00025_hard_negative_structure_obs-empirical_prior-axis_edge_parallel_rel1x.npz,hard_negative_structure,empirical,axis_edge_parallel,1.0,4,16,40,756,10,0.01,0.92,0.001,1e-06,inferred,0.0001,80,"0.5,1","1,1",joint,pyramid_local_field,True,1.0,2.0520482576608288,0.7435687109386256,0.8501391717600363,1.7392364761049826,0.43480911902624564,0,0,source_row:1249,source_row:1249,0.015281171470059614,-0.015281171470059614,0.12361703551719566,6.851551558298539,0.9805129526456688,34.41165285343677,32.62670958055213,1.0000000000000002,0.0,0.0
50,25,response_tables/trial_00025_hard_negative_structure_obs-empirical_prior-axis_edge_parallel_rel1x.npz,hard_negative_structure,empirical,axis_edge_parallel,1.0,4,16,40,756,10,0.01,0.92,0.001,1e-06,inferred,0.0001,80,"0.5,1","1,1",best_single_tau,pyramid_local_field,True,1.0,1.737164859879158,0.6558610791412541,1.0218039526817684,2.129317002952102,0.5323292507380255,0,0,source_row:1249,source_row:1249,0.02713828383985013,-0.02713828383985013,0.16473701417668749,9.130652110118948,0.964439094637629,34.41165285343677,32.38386754411554,1.0000000000000002,0.0,0.0
50,25,response_tables/trial_00025_hard_negative_structure_obs-empirical_prior-axis_edge_parallel_rel1x.npz,hard_negative_structure,empirical,axis_edge_parallel,1.0,4,16,40,756,10,0.01,0.92,0.001,1e-06,inferred,0.0001,80,"0.5,1","1,1",linear_continuous,pyramid_local_field,False,3.0,-27.355197159663767,6.588079427927312e-13,0.6931471805857005,2.000000000003596,0.500000000000899,2,0,source_row:454,source_row:1249,0.2730803842632937,-0.2730803842632937,0.5225709370633749,28.963821233684587,0.6911528328129839,34.41165285343677,38.62978874579657,0.6911528328126341,0.27308038426372966,0.522570937063792
50,25,response_tables/trial_00025_hard_negative_structure_obs-empirical_prior-axis_edge_parallel_rel1x.npz,hard_negative_structure,empirical,axis_edge_parallel,1.0,4,16,40,756,10,0.01,0.92,0.001,1e-06,inferred,0.0001,80,"0.5,1","1,1",quadratic_profile,pyramid_local_field,False,3.0,-2.6355993379064753,0.034598073200107396,0.819544745215943,2.140422598435814,0.5351056496089535,2,0,source_row:454,source_row:1249,0.2545111561637976,-0.2545111561637976,0.504490987197787,27.961728697188704,0.7072871883035989,34.41165285343677,38.12585356974902,0.6911528328126341,0.27308038426372966,0.522570937063792
50,25,response_tables/trial_00025_hard_negative_structure_obs-empirical_prior-axis_edge_parallel_rel1x.npz,hard_negative_structure,empirical,axis_edge_parallel,1.0,4,16,40,756,10,0.01,0.92,0.001,1e-06,inferred,0.0001,80,"0.5,1","1,1",quadratic_poisson,pyramid_local_field,True,1.0,0.8651531150322285,0.48285171679676714,1.242773464739421,3.0486042020875326,0.7621510505218831,0,0,source_row:1249,source_row:1249,0.061715873152486396,-0.061715873152486396,0.24842679636562234,13.769210664538408,0.916978375884683,34.41165285343677,32.61823775756238,1.0000000000000002,0.0,0.0
50,25,response_tables/trial_00025_hard_negative_structure_obs-empirical_prior-axis_edge_parallel_rel1x.npz,hard_negative_structure,empirical,axis_edge_parallel,1.0,4,16,40,756,10,0.01,0.92,0.001,1e-06,inferred,0.0001,80,"0.5,1","1,1",known,pyramid_local_field,True,1.0,1.9433607419068153,0.7636388441691397,0.7980484025192862,1.6579089454157405,0.41447723635393513,0,0,source_row:1249,source_row:1249,0.013734914742773892,-0.013734914742773892,0.11719605259040891,6.495664561059276,0.982604548043522,34.41165285343677,32.64946320191757,1.0000000000000002,0.0,0.0
51,25,response_tables/trial_00025_hard_negative_structure_obs-empirical_prior-axis_edge_orthogonal_rel1x.npz,hard_negative_structure,empirical,axis_edge_orthogonal,1.0,4,16,40,756,10,0.01,0.92,0.001,1e-06,inferred,0.0001,80,"0.5,1","1,1",zero,pyramid_local_field,False,3.0,-0.5653821692729366,0.20789326716797873,1.2315906950894937,3.1782039831121884,0.7945509957780471,2,0,source_row:454,source_row:1249,0.15821839917491934,-0.15821839917491934,0.3977667647942942,22.04647187795254,0.7988589249421736,34.41165285343677,35.07874820104865,0.6911528328126341,0.27308038426372966,0.522570937063792
51,25,response_tables/trial_00025_hard_negative_structure_obs-empirical_prior-axis_edge_orthogonal_rel1x.npz,hard_negative_structure,empirical,axis_edge_orthogonal,1.0,4,16,40,756,10,0.01,0.92,0.001,1e-06,inferred,0.0001,80,"0.5,1","1,1",joint,pyramid_local_field,True,1.0,1.3215540342490044,0.6232807903614178,1.0668457071696749,2.2817211729709084,0.5704302932427271,0,0,source_row:1249,source_row:1249,0.034319746380483386,-0.034319746380483386,0.18525589432048684,10.267923883670202,0.9546352118325155,34.41165285343677,32.19580822771659,1.0000000000000002,0.0,0.0
51,25,response_tables/trial_00025_hard_negative_structure_obs-empirical_prior-axis_edge_orthogonal_rel1x.npz,hard_negative_structure,empirical,axis_edge_orthogonal,1.0,4,16,40,756,10,0.01,0.92,0.001,1e-06,inferred,0.0001,80,"0.5,1","1,1",best_single_tau,pyramid_local_field,True,1.0,1.4387060496641766,0.5853878700515768,1.1339814996743602,2.5001079674126063,0.6250269918531516,0,0,source_row:1249,source_row:1249,0.039400043411112494,-0.039400043411112494,0.19849444176377457,11.001678660956136,0.947566443233391,34.41165285343677,32.27133947482555,1.0000000000000002,0.0,0.0
51,25,response_tables/trial_00025_hard_negative_structure_obs-empirical_prior-axis_edge_orthogonal_rel1x.npz,hard_negative_structure,empirical,axis_edge_orthogonal,1.0,4,16,40,756,10,0.01,0.92,0.001,1e-06,inferred,0.0001,80,"0.5,1","1,1",linear_continuous,pyramid_local_field,False,3.0,-9.479034225516227,3.821740093153906e-05,0.6935476649605559,2.000152872903828,0.500038218225957,2,0,source_row:454,source_row:1249,0.27305951178742255,-0.27305951178742255,0.5225509657319777,28.962714310143,0.6911706144812878,34.41165285343677,38.62922137742249,0.6911528328126341,0.27308038426372966,0.522570937063792
51,25,response_tables/trial_00025_hard_negative_structure_obs-empirical_prior-axis_edge_orthogonal_rel1x.npz,hard_negative_structure,empirical,axis_edge_orthogonal,1.0,4,16,40,756,10,0.01,0.92,0.001,1e-06,inferred,0.0001,80,"0.5,1","1,1",quadratic_profile,pyramid_local_field,True,1.0,0.8707513032196577,0.5442846845153048,1.0050975740974455,2.499474849256039,0.6248687123140098,0,0,source_row:1249,source_row:1249,0.05671236430220373,-0.05671236430220373,0.2381435791748409,13.199256916068036,0.9246734975881503,34.41165285343677,33.413868753915615,1.0000000000000002,0.0,0.0
51,25,response_tables/trial_00025_hard_negative_structure_obs-empirical_prior-axis_edge_orthogonal_rel1x.npz,hard_negative_structure,empirical,axis_edge_orthogonal,1.0,4,16,40,756,10,0.01,0.92,0.001,1e-06,inferred,0.0001,80,"0.5,1","1,1",quadratic_poisson,pyramid_local_field,True,1.0,0.8382981367395246,0.4884122320001388,1.2223521867867309,2.9786937338156076,0.7446734334539019,0,0,source_row:1249,source_row:1249,0.06143681710555012,-0.06143681710555012,0.2478645136068294,13.738045790732027,0.9174959090565071,34.41165285343677,32.754924944498654,1.0000000000000002,0.0,0.0
51,25,response_tables/trial_00025_hard_negative_structure_obs-empirical_prior-axis_edge_orthogonal_rel1x.npz,hard_negative_structure,empirical,axis_edge_orthogonal,1.0,4,16,40,756,10,0.01,0.92,0.001,1e-06,inferred,0.0001,80,"0.5,1","1,1",known,pyramid_local_field,True,1.0,1.9433607419068153,0.7636388441691397,0.7980484025192862,1.6579089454157405,0.41447723635393513,0,0,source_row:1249,source_row:1249,0.013734914742773892,-0.013734914742773892,0.11719605259040891,6.495664561059276,0.982604548043522,34.41165285343677,32.64946320191757,1.0000000000000002,0.0,0.0
52,26,response_tables/trial_00026_hard_negative_structure_obs-empirical_prior-axis_edge_parallel_rel2x.npz,hard_negative_structure,empirical,axis_edge_parallel,2.0,4,16,40,756,10,0.01,0.92,0.001,1e-06,inferred,0.0001,80,"0.5,1","1,1",zero,pyramid_local_field,False,3.0,-5.647443706811714,0.0017579309103805914,0.713659117485089,2.0121253111131474,0.5030313277782869,2,0,source_row:454,source_row:1249,0.2717214679571087,-0.2717214679571087,0.5212690936139498,28.891665745751627,0.6921979265550324,34.41165285343677,38.58258106956733,0.6911528328126341,0.27308038426372966,0.522570937063792
52,26,response_tables/trial_00026_hard_negative_structure_obs-empirical_prior-axis_edge_parallel_rel2x.npz,hard_negative_structure,empirical,axis_edge_parallel,2.0,4,16,40,756,10,0.01,0.92,0.001,1e-06,inferred,0.0001,80,"0.5,1","1,1",joint,pyramid_local_field,True,1.0,1.6754270817625638,0.6607336797071123,1.0125328280554549,2.104796297304035,0.5261990743260088,0,0,source_row:1249,source_row:1249,0.026662475800917337,-0.026662475800917337,0.16328648382801725,9.05025555774079,0.9651208277761267,34.41165285343677,32.34968641328291,1.0000000000000002,0.0,0.0
52,26,response_tables/trial_00026_hard_negative_structure_obs-empirical_prior-axis_edge_parallel_rel2x.npz,hard_negative_structure,empirical,axis_edge_parallel,2.0,4,16,40,756,10,0.01,0.92,0.001,1e-06,inferred,0.0001,80,"0.5,1","1,1",best_single_tau,pyramid_local_field,True,1.0,1.6707385210981442,0.6626168329946863,1.0058095095036526,2.092514155768865,0.5231285389422162,0,0,source_row:1249,source_row:1249,0.025987522976878022,-0.025987522976878022,0.16120646071692668,8.934968975042347,0.9659365983946795,34.41165285343677,32.50837281241591,1.0000000000000002,0.0,0.0
52,26,response_tables/trial_00026_hard_negative_structure_obs-empirical_prior-axis_edge_parallel_rel2x.npz,hard_negative_structure,empirical,axis_edge_parallel,2.0,4,16,40,756,10,0.01,0.92,0.001,1e-06,inferred,0.0001,80,"0.5,1","1,1",linear_continuous,pyramid_local_field,False,4.0,-114.3630063463041,1.0758393233400735e-50,0.6931471805601649,2.0000000000000075,0.5000000000000019,2,0,source_row:454,source_row:1249,0.2730803842637293,-0.2730803842637293,0.5225709370637917,28.96382123370769,0.6911528328126353,34.41165285343677,38.62978874581042,0.6911528328126341,0.27308038426372966,0.522570937063792
52,26,response_tables/trial_00026_hard_negative_structure_obs-empirical_prior-axis_edge_parallel_rel2x.npz,hard_negative_structure,empirical,axis_edge_parallel,2.0,4,16,40,756,10,0.01,0.92,0.001,1e-06,inferred,0.0001,80,"0.5,1","1,1",quadratic_profile,pyramid_local_field,False,4.0,-18.343775459011386,5.39969881418585e-09,0.6931475617710224,2.0000000820444455,0.5000000205111114,2,0,source_row:454,source_row:1249,0.2730803765191044,-0.2730803765191044,0.5225709296536734,28.963820822997242,0.6911528380393838,34.41165285343677,38.6297884125406,0.6911528328126341,0.27308038426372966,0.522570937063792
52,26,response_tables/trial_00026_hard_negative_structure_obs-empirical_prior-axis_edge_parallel_rel2x.npz,hard_negative_structure,empirical,axis_edge_parallel,2.0,4,16,40,756,10,0.01,0.92,0.001,1e-06,inferred,0.0001,80,"0.5,1","1,1",quadratic_poisson,pyramid_local_field,True,1.0,0.03270387769549643,0.32123293143288933,1.254463361746229,3.336105431923355,0.8340263579808388,0,0,source_row:1249,source_row:1249,0.11535615408052442,-0.11535615408052442,0.33964121375434464,18.82482683414036,0.8488756913457535,34.41165285343677,34.05965560576746,1.0000000000000002,0.0,0.0
52,26,response_tables/trial_00026_hard_negative_structure_obs-empirical_prior-axis_edge_parallel_rel2x.npz,hard_negative_structure,empirical,axis_edge_parallel,2.0,4,16,40,756,10,0.01,0.92,0.001,1e-06,inferred,0.0001,80,"0.5,1","1,1",known,pyramid_local_field,True,1.0,2.9744091923348606,0.8834965211757259,0.48714584141526623,1.273642226247244,0.318410556561811,0,0,source_row:1249,source_row:1249,0.0031757743869691353,-0.0031757743869691353,0.05635400950215641,3.1234562453745345,0.9961773021827878,34.41165285343677,33.4316399190083,1.0000000000000002,0.0,0.0
53,26,response_tables/trial_00026_hard_negative_structure_obs-empirical_prior-axis_edge_orthogonal_rel2x.npz,hard_negative_structure,empirical,axis_edge_orthogonal,2.0,4,16,40,756,10,0.01,0.92,0.001,1e-06,inferred,0.0001,80,"0.5,1","1,1",zero,pyramid_local_field,False,3.0,-5.647443706811714,0.0017579309103805914,0.713659117485089,2.0121253111131474,0.5030313277782869,2,0,source_row:454,source_row:1249,0.2717214679571087,-0.2717214679571087,0.5212690936139498,28.891665745751627,0.6921979265550324,34.41165285343677,38.58258106956733,0.6911528328126341,0.27308038426372966,0.522570937063792
53,26,response_tables/trial_00026_hard_negative_structure_obs-empirical_prior-axis_edge_orthogonal_rel2x.npz,hard_negative_structure,empirical,axis_edge_orthogonal,2.0,4,16,40,756,10,0.01,0.92,0.001,1e-06,inferred,0.0001,80,"0.5,1","1,1",joint,pyramid_local_field,True,1.0,1.678575687802038,0.6909478669892674,0.9357591244453354,1.9482381661118535,0.4870595415279634,0,0,source_row:1249,source_row:1249,0.022528400392272763,-0.022528400392272763,0.15009463811966356,8.319089253341494,0.9705164663379433,34.41165285343677,32.75671560102056,1.0000000000000002,0.0,0.0
53,26,response_tables/trial_00026_hard_negative_structure_obs-empirical_prior-axis_edge_orthogonal_rel2x.npz,hard_negative_structure,empirical,axis_edge_orthogonal,2.0,4,16,40,756,10,0.01,0.92,0.001,1e-06,inferred,0.0001,80,"0.5,1","1,1",best_single_tau,pyramid_local_field,True,1.0,1.2707302674696166,0.6046807313852471,1.067474959729661,2.345451425325079,0.5863628563312697,0,0,source_row:1249,source_row:1249,0.037406628045291594,-0.037406628045291594,0.19340793170211917,10.719755657436217,0.9502416161357709,34.41165285343677,32.73200156267225,1.0000000000000002,0.0,0.0
53,26,response_tables/trial_00026_hard_negative_structure_obs-empirical_prior-axis_edge_orthogonal_rel2x.npz,hard_negative_structure,empirical,axis_edge_orthogonal,2.0,4,16,40,756,10,0.01,0.92,0.001,1e-06,inferred,0.0001,80,"0.5,1","1,1",linear_continuous,pyramid_local_field,False,4.0,-38.3666723758658,1.0877670580708376e-17,0.6931471805604015,2.0000000000000644,0.5000000000000161,2,0,source_row:454,source_row:1249,0.27308038426372444,-0.27308038426372444,0.522570937063787,28.96382123370743,0.6911528328126368,34.41165285343677,38.62978874581003,0.6911528328126341,0.27308038426372966,0.522570937063792
53,26,response_tables/trial_00026_hard_negative_structure_obs-empirical_prior-axis_edge_orthogonal_rel2x.npz,hard_negative_structure,empirical,axis_edge_orthogonal,2.0,4,16,40,756,10,0.01,0.92,0.001,1e-06,inferred,0.0001,80,"0.5,1","1,1",quadratic_profile,pyramid_local_field,False,3.0,-4.819367249865103,0.004019723119735702,0.7165475279366461,2.0161106837057243,0.5040276709264311,2,0,source_row:454,source_row:1249,0.2708893816558534,-0.2708893816558534,0.5204703465672693,28.847394690799753,0.6930236752973874,34.41165285343677,38.57024117743622,0.6911528328126341,0.27308038426372966,0.522570937063792
53,26,response_tables/trial_00026_hard_negative_structure_obs-empirical_prior-axis_edge_orthogonal_rel2x.npz,hard_negative_structure,empirical,axis_edge_orthogonal,2.0,4,16,40,756,10,0.01,0.92,0.001,1e-06,inferred,0.0001,80,"0.5,1","1,1",quadratic_poisson,pyramid_local_field,True,1.0,0.12704217314740163,0.34267257081101726,1.247225230737632,3.3061324051883165,0.8265331012970791,0,0,source_row:1249,source_row:1249,0.10839470997435614,-0.10839470997435614,0.3292335189107515,18.24797383385953,0.8574935517291546,34.41165285343677,33.92763608690428,1.0000000000000002,0.0,0.0
53,26,response_tables/trial_00026_hard_negative_structure_obs-empirical_prior-axis_edge_orthogonal_rel2x.npz,hard_negative_structure,empirical,axis_edge_orthogonal,2.0,4,16,40,756,10,0.01,0.92,0.001,1e-06,inferred,0.0001,80,"0.5,1","1,1",known,pyramid_local_field,True,1.0,2.9744091923348606,0.8834965211757259,0.48714584141526623,1.273642226247244,0.318410556561811,0,0,source_row:1249,source_row:1249,0.0031757743869691353,-0.0031757743869691353,0.05635400950215641,3.1234562453745345,0.9961773021827878,34.41165285343677,33.4316399190083,1.0000000000000002,0.0,0.0
54,27,response_tables/trial_00027_hard_negative_structure_obs-empirical_prior-axis_edge_parallel_rel0p5x.npz,hard_negative_structure,empirical,axis_edge_parallel,0.5,4,16,40,756,10,0.01,0.92,0.001,1e-06,inferred,0.0001,80,"0.5,1","1,1",zero,pyramid_local_field,True,1.0,0.05467506333474148,0.3644157505396082,1.2837814193376138,3.362225245215695,0.8405563113039237,0,0,source_row:1422,source_row:1422,0.04090357999665634,-0.04090357999665634,0.20224633493998437,11.209629688340659,0.9716833691143039,47.40472271920179,46.49938859849782,1.0,0.0,0.0
54,27,response_tables/trial_00027_hard_negative_structure_obs-empirical_prior-axis_edge_parallel_rel0p5x.npz,hard_negative_structure,empirical,axis_edge_parallel,0.5,4,16,40,756,10,0.01,0.92,0.001,1e-06,inferred,0.0001,80,"0.5,1","1,1",joint,pyramid_local_field,True,1.0,0.03794684352584454,0.3054109603184127,1.3616210722171613,3.8195463387121733,0.9548865846780433,0,0,source_row:1422,source_row:1422,0.07765601843527378,-0.07765601843527378,0.27866829463588744,15.445364632573783,0.9460008954158895,47.40472271920179,46.39974709257911,1.0,0.0,0.0
54,27,response_tables/trial_00027_hard_negative_structure_obs-empirical_prior-axis_edge_parallel_rel0p5x.npz,hard_negative_structure,empirical,axis_edge_parallel,0.5,4,16,40,756,10,0.01,0.92,0.001,1e-06,inferred,0.0001,80,"0.5,1","1,1",best_single_tau,pyramid_local_field,True,1.0,0.036173062529087474,0.3115977457592572,1.3569665794211878,3.7860312683221338,0.9465078170805334,0,0,source_row:1422,source_row:1422,0.07338716688347831,-0.07338716688347831,0.2709006586988638,15.014838549449854,0.9489565403230811,47.40472271920179,46.35972706233468,1.0,0.0,0.0
54,27,response_tables/trial_00027_hard_negative_structure_obs-empirical_prior-axis_edge_parallel_rel0p5x.npz,hard_negative_structure,empirical,axis_edge_parallel,0.5,4,16,40,756,10,0.01,0.92,0.001,1e-06,inferred,0.0001,80,"0.5,1","1,1",linear_continuous,pyramid_local_field,True,1.0,2.8573809934728036,0.9456989604661636,0.21098980484206953,1.11446052773309,0.2786151319332725,0,0,source_row:1422,source_row:1422,1.0270533296773863e-05,-1.0270533296773863e-05,0.0032047672765387913,0.1776262319807784,0.9999934255032316,47.40472271920179,47.44916209524368,1.0,0.0,0.0
54,27,response_tables/trial_00027_hard_negative_structure_obs-empirical_prior-axis_edge_parallel_rel0p5x.npz,hard_negative_structure,empirical,axis_edge_parallel,0.5,4,16,40,756,10,0.01,0.92,0.001,1e-06,inferred,0.0001,80,"0.5,1","1,1",quadratic_profile,pyramid_local_field,True,1.0,1.0413339717951366,0.5585636776978794,1.1349498274642527,2.5880430553919895,0.6470107638479974,0,0,source_row:1422,source_row:1422,0.03047590132765947,-0.03047590132765947,0.17457348403368556,9.675844608021043,0.9789518156097557,47.40472271920179,46.54205005898581,1.0,0.0,0.0
54,27,response_tables/trial_00027_hard_negative_structure_obs-empirical_prior-axis_edge_parallel_rel0p5x.npz,hard_negative_structure,empirical,axis_edge_parallel,0.5,4,16,40,756,10,0.01,0.92,0.001,1e-06,inferred,0.0001,80,"0.5,1","1,1",quadratic_poisson,pyramid_local_field,True,1.0,0.041394946839943714,0.28882209504732853,1.376296464898342,3.9228376687763187,0.9807094171940797,0,0,source_row:1422,source_row:1422,0.09306505583980924,-0.09306505583980924,0.3050656582439414,16.908455031134395,0.9352162335305924,47.40472271920179,46.37378316980317,1.0,0.0,0.0
54,27,response_tables/trial_00027_hard_negative_structure_obs-empirical_prior-axis_edge_parallel_rel0p5x.npz,hard_negative_structure,empirical,axis_edge_parallel,0.5,4,16,40,756,10,0.01,0.92,0.001,1e-06,inferred,0.0001,80,"0.5,1","1,1",known,pyramid_local_field,True,1.0,0.10463045679557581,0.3522529955159472,1.316509581914123,3.537346537033938,0.8843366342584845,0,0,source_row:1422,source_row:1422,0.05228879754300961,-0.05228879754300961,0.22866743874677392,12.67403590227381,0.9637269136866103,47.40472271920179,46.43460661101902,1.0,0.0,0.0
55,27,response_tables/trial_00027_hard_negative_structure_obs-empirical_prior-axis_edge_orthogonal_rel0p5x.npz,hard_negative_structure,empirical,axis_edge_orthogonal,0.5,4,16,40,756,10,0.01,0.92,0.001,1e-06,inferred,0.0001,80,"0.5,1","1,1",zero,pyramid_local_field,True,1.0,0.05467506333474148,0.3644157505396082,1.2837814193376138,3.362225245215695,0.8405563113039237,0,0,source_row:1422,source_row:1422,0.04090357999665634,-0.04090357999665634,0.20224633493998437,11.209629688340659,0.9716833691143039,47.40472271920179,46.49938859849782,1.0,0.0,0.0
55,27,response_tables/trial_00027_hard_negative_structure_obs-empirical_prior-axis_edge_orthogonal_rel0p5x.npz,hard_negative_structure,empirical,axis_edge_orthogonal,0.5,4,16,40,756,10,0.01,0.92,0.001,1e-06,inferred,0.0001,80,"0.5,1","1,1",joint,pyramid_local_field,True,1.0,0.023733399177899628,0.28858541885846833,1.3727749234034783,3.898740058571173,0.9746850146427932,0,0,source_row:1422,source_row:1422,0.08945834521233542,-0.08945834521233542,0.29909587963115675,16.577576315381403,0.9377967723339435,47.40472271920179,46.44191568461559,1.0,0.0,0.0
55,27,response_tables/trial_00027_hard_negative_structure_obs-empirical_prior-axis_edge_orthogonal_rel0p5x.npz,hard_negative_structure,empirical,axis_edge_orthogonal,0.5,4,16,40,756,10,0.01,0.92,0.001,1e-06,inferred,0.0001,80,"0.5,1","1,1",best_single_tau,pyramid_local_field,True,1.0,0.05137004172797788,0.3035438917898105,1.3671222580787559,3.855477014454261,0.9638692536135652,0,0,source_row:1422,source_row:1422,0.08198259055104974,-0.08198259055104974,0.28632602143544295,15.869798932967765,0.9429328374486979,47.40472271920179,46.338180700430776,1.0,0.0,0.0
55,27,response_tables/trial_00027_hard_negative_structure_obs-empirical_prior-axis_edge_orthogonal_rel0p5x.npz,hard_negative_structure,empirical,axis_edge_orthogonal,0.5,4,16,40,756,10,0.01,0.92,0.001,1e-06,inferred,0.0001,80,"0.5,1","1,1",linear_continuous,pyramid_local_field,True,1.0,2.326652366135855,0.9110529898194591,0.3001791139133629,1.193420438702647,0.29835510967566176,0,0,source_row:1422,source_row:1422,2.7588181383507814e-05,-2.7588181383507814e-05,0.005252445276583833,0.2911200666565876,0.9999823584390922,47.40472271920179,47.47779913319491,1.0,0.0,0.0
55,27,response_tables/trial_00027_hard_negative_structure_obs-empirical_prior-axis_edge_orthogonal_rel0p5x.npz,hard_negative_structure,empirical,axis_edge_orthogonal,0.5,4,16,40,756,10,0.01,0.92,0.001,1e-06,inferred,0.0001,80,"0.5,1","1,1",quadratic_profile,pyramid_local_field,True,1.0,0.39418873561789525,0.4648932141052553,1.1864860885932789,2.9119541534926006,0.7279885383731501,0,0,source_row:1422,source_row:1422,0.023394740736424887,-0.023394740736424887,0.15295339400099917,8.4775375871946,0.9838798851354599,47.40472271920179,46.6864336611508,1.0,0.0,0.0
55,27,response_tables/trial_00027_hard_negative_structure_obs-empirical_prior-axis_edge_orthogonal_rel0p5x.npz,hard_negative_structure,empirical,axis_edge_orthogonal,0.5,4,16,40,756,10,0.01,0.92,0.001,1e-06,inferred,0.0001,80,"0.5,1","1,1",quadratic_poisson,pyramid_local_field,True,1.0,0.03610239238241775,0.28743266922839567,1.3766137172913435,3.925317752093016,0.981329438023254,0,0,source_row:1422,source_row:1422,0.09354986418660977,-0.09354986418660977,0.3058592228241773,16.952438844640177,0.9348837379660303,47.40472271920179,46.38045005940346,1.0,0.0,0.0
55,27,response_tables/trial_00027_hard_negative_structure_obs-empirical_prior-axis_edge_orthogonal_rel0p5x.npz,hard_negative_structure,empirical,axis_edge_orthogonal,0.5,4,16,40,756,10,0.01,0.92,0.001,1e-06,inferred,0.0001,80,"0.5,1","1,1",known,pyramid_local_field,True,1.0,0.10463045679557581,0.3522529955159472,1.316509581914123,3.537346537033938,0.8843366342584845,0,0,source_row:1422,source_row:1422,0.05228879754300961,-0.05228879754300961,0.22866743874677392,12.67403590227381,0.9637269136866103,47.40472271920179,46.43460661101902,1.0,0.0,0.0
56,28,response_tables/trial_00028_hard_negative_structure_obs-empirical_prior-axis_edge_parallel_rel1x.npz,hard_negative_structure,empirical,axis_edge_parallel,1.0,4,16,40,756,10,0.01,0.92,0.001,1e-06,inferred,0.0001,80,"0.5,1","1,1",zero,pyramid_local_field,True,1.0,0.08953281714309469,0.47332454569217947,0.9880111237713423,2.3972970782773264,0.5993242695693316,0,0,source_row:1422,source_row:1422,0.005900937228698549,-0.005900937228698549,0.07681755807560241,4.257661232010121,0.9959597388032962,47.40472271920179,47.289020722147974,1.0,0.0,0.0
56,28,response_tables/trial_00028_hard_negative_structure_obs-empirical_prior-axis_edge_parallel_rel1x.npz,hard_negative_structure,empirical,axis_edge_parallel,1.0,4,16,40,756,10,0.01,0.92,0.001,1e-06,inferred,0.0001,80,"0.5,1","1,1",joint,pyramid_local_field,False,2.0,-0.055466768562780544,0.28555987594512494,1.3673435349047705,3.8586543411413388,0.9646635852853347,1,0,source_row:1425,source_row:1422,0.08310743536652172,-0.08310743536652172,0.2882836023198713,15.978299078623943,0.9422038525257072,47.40472271920179,46.4121109126692,0.997847760134049,0.003483183393244682,0.059018500432022857
56,28,response_tables/trial_00028_hard_negative_structure_obs-empirical_prior-axis_edge_parallel_rel1x.npz,hard_negative_structure,empirical,axis_edge_parallel,1.0,4,16,40,756,10,0.01,0.92,0.001,1e-06,inferred,0.0001,80,"0.5,1","1,1",best_single_tau,pyramid_local_field,True,1.0,0.04540950601642635,0.3058820161915355,1.3644901150671371,3.836822461926281,0.9592056154815702,0,0,source_row:1422,source_row:1422,0.07942465540712106,-0.07942465540712106,0.2818238020592318,15.620260606362363,0.9447192466131562,47.40472271920179,46.335040401606264,1.0,0.0,0.0
56,28,response_tables/trial_00028_hard_negative_structure_obs-empirical_prior-axis_edge_parallel_rel1x.npz,hard_negative_structure,empirical,axis_edge_parallel,1.0,4,16,40,756,10,0.01,0.92,0.001,1e-06,inferred,0.0001,80,"0.5,1","1,1",linear_continuous,pyramid_local_field,True,1.0,9.271053698716543,0.9999058995569343,0.0009665151327725408,1.0001882185959179,0.25004705464897947,0,0,source_row:1422,source_row:1422,3.084321781900211e-11,-3.084321781900211e-11,5.55366706051075e-06,0.00030781547254804217,0.9999999999802193,47.40472271920179,47.40479919034768,1.0,0.0,0.0
56,28,response_tables/trial_00028_hard_negative_structure_obs-empirical_prior-axis_edge_parallel_rel1x.npz,hard_negative_structure,empirical,axis_edge_parallel,1.0,4,16,40,756,10,0.01,0.92,0.001,1e-06,inferred,0.0001,80,"0.5,1","1,1",quadratic_profile,pyramid_local_field,False,2.0,-2.281073838628302,0.09052582377474633,0.41804624526808254,1.2599715384670698,0.31499288461676744,1,0,source_row:1425,source_row:1422,0.0037358774837016103,-0.0037358774837016103,0.06112182493759173,3.3877153997836578,0.9975226567559085,47.40472271920179,47.8841077487441,0.997847760134049,0.003483183393244682,0.059018500432022857
56,28,response_tables/trial_00028_hard_negative_structure_obs-empirical_prior-axis_edge_parallel_rel1x.npz,hard_negative_structure,empirical,axis_edge_parallel,1.0,4,16,40,756,10,0.01,0.92,0.001,1e-06,inferred,0.0001,80,"0.5,1","1,1",quadratic_poisson,pyramid_local_field,False,2.0,-0.049239727737131034,0.2918852225076923,1.3665243999929428,3.848617047968093,0.9621542619920233,1,0,source_row:1425,source_row:1422,0.08222142269888609,-0.08222142269888609,0.28674278142419923,15.89289811617057,0.9426893051463145,47.40472271920179,46.232957822870766,0.997847760134049,0.003483183393244682,0.059018500432022857
56,28,response_tables/trial_00028_hard_negative_structure_obs-empirical_prior-axis_edge_parallel_rel1x.npz,hard_negative_structure,empirical,axis_edge_parallel,1.0,4,16,40,756,10,0.01,0.92,0.001,1e-06,inferred,0.0001,80,"0.5,1","1,1",known,pyramid_local_field,True,1.0,0.13321225184853347,0.3697166022698591,1.296710467000937,3.426242984851409,0.8565607462128523,0,0,source_row:1422,source_row:1422,0.045132981638463125,-0.045132981638463125,0.21244524385936045,11.774910598104714,0.9687256356704422,47.40472271920179,46.45742222978194,1.0,0.0,0.0
57,28,response_tables/trial_00028_hard_negative_structure_obs-empirical_prior-axis_edge_orthogonal_rel1x.npz,hard_negative_structure,empirical,axis_edge_orthogonal,1.0,4,16,40,756,10,0.01,0.92,0.001,1e-06,inferred,0.0001,80,"0.5,1","1,1",zero,pyramid_local_field,True,1.0,0.08953281714309469,0.47332454569217947,0.9880111237713423,2.3972970782773264,0.5993242695693316,0,0,source_row:1422,source_row:1422,0.005900937228698549,-0.005900937228698549,0.07681755807560241,4.257661232010121,0.9959597388032962,47.40472271920179,47.289020722147974,1.0,0.0,0.0
57,28,response_tables/trial_00028_hard_negative_structure_obs-empirical_prior-axis_edge_orthogonal_rel1x.npz,hard_negative_structure,empirical,axis_edge_orthogonal,1.0,4,16,40,756,10,0.01,0.92,0.001,1e-06,inferred,0.0001,80,"0.5,1","1,1",joint,pyramid_local_field,False,2.0,-0.023766556733960442,0.2918872199081151,1.365975267504534,3.8494543421911405,0.9623635855477851,1,0,source_row:1425,source_row:1422,0.08154284127471594,-0.08154284127471594,0.28555707183453877,15.827179420096536,0.9432920446147484,47.40472271920179,46.40677869301861,0.997847760134049,0.003483183393244682,0.059018500432022857
57,28,response_tables/trial_00028_hard_negative_structure_obs-empirical_prior-axis_edge_orthogonal_rel1x.npz,hard_negative_structure,empirical,axis_edge_orthogonal,1.0,4,16,40,756,10,0.01,0.92,0.001,1e-06,inferred,0.0001,80,"0.5,1","1,1",best_single_tau,pyramid_local_field,True,1.0,0.02609700683956362,0.2851895263381974,1.3781007137326864,3.9357991771298506,0.9839497942824627,0,0,source_row:1422,source_row:1422,0.09588903606951373,-0.09588903606951373,0.3096595486490183,17.163074281886278,0.9331961408625016,47.40472271920179,46.32490204727165,1.0,0.0,0.0
57,28,response_tables/trial_00028_hard_negative_structure_obs-empirical_prior-axis_edge_orthogonal_rel1x.npz,hard_negative_structure,empirical,axis_edge_orthogonal,1.0,4,16,40,756,10,0.01,0.92,0.001,1e-06,inferred,0.0001,80,"0.5,1","1,1",linear_continuous,pyramid_local_field,True,1.0,7.527965026087941,0.9994623406125754,0.004586271214504318,1.00107589705574,0.250268974263935,0,0,source_row:1422,source_row:1422,1.0095643535235614e-09,-1.0095643535235614e-09,3.177364243399805e-05,0.001761074017190754,0.999999999352315,47.40472271920179,47.40515905535723,1.0,0.0,0.0
57,28,response_tables/trial_00028_hard_negative_structure_obs-empirical_prior-axis_edge_orthogonal_rel1x.npz,hard_negative_structure,empirical,axis_edge_orthogonal,1.0,4,16,40,756,10,0.01,0.92,0.001,1e-06,inferred,0.0001,80,"0.5,1","1,1",quadratic_profile,pyramid_local_field,False,4.0,-3.3555242781954178,0.02128130334900954,0.8876662442658091,2.0856203070034525,0.5214050767508631,1,0,source_row:1425,source_row:1422,0.061935877577305266,-0.061935877577305266,0.24886919772704952,13.793731036868952,0.9579830819974092,47.40472271920179,47.7351622770815,0.997847760134049,0.003483183393244682,0.059018500432022857
57,28,response_tables/trial_00028_hard_negative_structure_obs-empirical_prior-axis_edge_orthogonal_rel1x.npz,hard_negative_structure,empirical,axis_edge_orthogonal,1.0,4,16,40,756,10,0.01,0.92,0.001,1e-06,inferred,0.0001,80,"0.5,1","1,1",quadratic_poisson,pyramid_local_field,False,2.0,-0.08861827461640814,0.27054058101291967,1.3750860560039053,3.9138533488983205,0.9784633372245801,1,0,source_row:1425,source_row:1422,0.09263860869459865,-0.09263860869459865,0.30436591250433853,16.86967118558649,0.9355647063083425,47.40472271920179,46.42793010278324,0.997847760134049,0.003483183393244682,0.059018500432022857
57,28,response_tables/trial_00028_hard_negative_structure_obs-empirical_prior-axis_edge_orthogonal_rel1x.npz,hard_negative_structure,empirical,axis_edge_orthogonal,1.0,4,16,40,756,10,0.01,0.92,0.001,1e-06,inferred,0.0001,80,"0.5,1","1,1",known,pyramid_local_field,True,1.0,0.13321225184853347,0.3697166022698591,1.296710467000937,3.426242984851409,0.8565607462128523,0,0,source_row:1422,source_row:1422,0.045132981638463125,-0.045132981638463125,0.21244524385936045,11.774910598104714,0.9687256356704422,47.40472271920179,46.45742222978194,1.0,0.0,0.0
58,29,response_tables/trial_00029_hard_negative_structure_obs-empirical_prior-axis_edge_parallel_rel2x.npz,hard_negative_structure,empirical,axis_edge_parallel,2.0,4,16,40,756,10,0.01,0.92,0.001,1e-06,inferred,0.0001,80,"0.5,1","1,1",zero,pyramid_local_field,True,1.0,0.0017886352372897818,0.4973244047308952,0.7283396074984756,2.0250553928313546,0.5062638482078387,0,0,source_row:1422,source_row:1422,0.0010198467262042738,-0.0010198467262042738,0.03193503916083827,1.7700195317847567,0.9993443504269734,47.40472271920179,47.80627745225433,1.0,0.0,0.0
58,29,response_tables/trial_00029_hard_negative_structure_obs-empirical_prior-axis_edge_parallel_rel2x.npz,hard_negative_structure,empirical,axis_edge_parallel,2.0,4,16,40,756,10,0.01,0.92,0.001,1e-06,inferred,0.0001,80,"0.5,1","1,1",joint,pyramid_local_field,True,1.0,0.07156700324424037,0.33441312269271123,1.340645147034968,3.6729579772778354,0.9182394943194588,0,0,source_row:1422,source_row:1422,0.0625062461113427,-0.0625062461113427,0.2500124919105897,13.857098832513419,0.9565205455193657,47.40472271920179,46.26701860556239,1.0,0.0,0.0
58,29,response_tables/trial_00029_hard_negative_structure_obs-empirical_prior-axis_edge_parallel_rel2x.npz,hard_negative_structure,empirical,axis_edge_parallel,2.0,4,16,40,756,10,0.01,0.92,0.001,1e-06,inferred,0.0001,80,"0.5,1","1,1",best_single_tau,pyramid_local_field,True,1.0,0.04285157623945679,0.29765854531832703,1.3721763084355734,3.890719198982525,0.9726797997456312,0,0,source_row:1422,source_row:1422,0.08768098007144953,-0.08768098007144953,0.29610974329030365,16.41206783983947,0.9388912790022076,47.40472271920179,46.26847242594944,1.0,0.0,0.0
58,29,response_tables/trial_00029_hard_negative_structure_obs-empirical_prior-axis_edge_parallel_rel2x.npz,hard_negative_structure,empirical,axis_edge_parallel,2.0,4,16,40,756,10,0.01,0.92,0.001,1e-06,inferred,0.0001,80,"0.5,1","1,1",linear_continuous,pyramid_local_field,True,1.0,0.17172260415949836,0.5428254603540716,0.6894747688473555,1.9854347157516745,0.49635867893791863,0,0,source_row:1422,source_row:1422,0.0007280152720084152,-0.0007280152720084152,0.0269817581341249,1.495480830906853,0.9995406514719359,47.40472271920179,47.79819909690091,1.0,0.0,0.0
58,29,response_tables/trial_00029_hard_negative_structure_obs-empirical_prior-axis_edge_parallel_rel2x.npz,hard_negative_structure,empirical,axis_edge_parallel,2.0,4,16,40,756,10,0.01,0.92,0.001,1e-06,inferred,0.0001,80,"0.5,1","1,1",quadratic_profile,pyramid_local_field,False,3.0,-4.058734758604167,0.012204867950746653,0.6923807420091446,1.7416401497741887,0.43541003744354717,2,0,source_row:3934,source_row:1422,0.39011481183758495,-0.39011481183758495,0.6245917161134824,34.61838676144602,0.762913660819912,47.40472271920179,52.26489020153215,0.797449164228459,0.3497401364282726,0.5913883127254652
58,29,response_tables/trial_00029_hard_negative_structure_obs-empirical_prior-axis_edge_parallel_rel2x.npz,hard_negative_structure,empirical,axis_edge_parallel,2.0,4,16,40,756,10,0.01,0.92,0.001,1e-06,inferred,0.0001,80,"0.5,1","1,1",quadratic_poisson,pyramid_local_field,True,1.0,0.05848135433365087,0.29929646989630637,1.3722458055943487,3.8913555357463148,0.9728388839365787,0,0,source_row:1422,source_row:1422,0.09074319208135913,-0.09074319208135913,0.30123610686861413,16.69619974946201,0.9366635232594724,47.40472271920179,46.167873581625365,1.0,0.0,0.0
58,29,response_tables/trial_00029_hard_negative_structure_obs-empirical_prior-axis_edge_parallel_rel2x.npz,hard_negative_structure,empirical,axis_edge_parallel,2.0,4,16,40,756,10,0.01,0.92,0.001,1e-06,inferred,0.0001,80,"0.5,1","1,1",known,pyramid_local_field,True,1.0,0.1682724370222104,0.37349136054197085,1.3015087008923558,3.4457121518299685,0.8614280379574921,0,0,source_row:1422,source_row:1422,0.04664635195953943,-0.04664635195953943,0.21597766541830068,11.97069727374747,0.9676575524840854,47.40472271920179,46.4080565495553,1.0,0.0,0.0
59,29,response_tables/trial_00029_hard_negative_structure_obs-empirical_prior-axis_edge_orthogonal_rel2x.npz,hard_negative_structure,empirical,axis_edge_orthogonal,2.0,4,16,40,756,10,0.01,0.92,0.001,1e-06,inferred,0.0001,80,"0.5,1","1,1",zero,pyramid_local_field,True,1.0,0.0017886352372897818,0.4973244047308952,0.7283396074984756,2.0250553928313546,0.5062638482078387,0,0,source_row:1422,source_row:1422,0.0010198467262042738,-0.0010198467262042738,0.03193503916083827,1.7700195317847567,0.9993443504269734,47.40472271920179,47.80627745225433,1.0,0.0,0.0
59,29,response_tables/trial_00029_hard_negative_structure_obs-empirical_prior-axis_edge_orthogonal_rel2x.npz,hard_negative_structure,empirical,axis_edge_orthogonal,2.0,4,16,40,756,10,0.01,0.92,0.001,1e-06,inferred,0.0001,80,"0.5,1","1,1",joint,pyramid_local_field,True,1.0,0.028697406714002227,0.3188651240648574,1.3488527693454393,3.7308111813361085,0.9327027953340271,0,0,source_row:1422,source_row:1422,0.06754701438372464,-0.06754701438372464,0.25989808460957275,14.405013994675675,0.9530281310623477,47.40472271920179,46.340563869583086,1.0,0.0,0.0
59,29,response_tables/trial_00029_hard_negative_structure_obs-empirical_prior-axis_edge_orthogonal_rel2x.npz,hard_negative_structure,empirical,axis_edge_orthogonal,2.0,4,16,40,756,10,0.01,0.92,0.001,1e-06,inferred,0.0001,80,"0.5,1","1,1",best_single_tau,pyramid_local_field,True,1.0,0.0380213780891836,0.3335815813601,1.3372869044857483,3.648427401540979,0.9121068503852447,0,0,source_row:1422,source_row:1422,0.06126710263659892,-0.06126710263659892,0.24752192354738786,13.719057522280162,0.9573520258083492,47.40472271920179,46.171776849957716,1.0,0.0,0.0
59,29,response_tables/trial_00029_hard_negative_structure_obs-empirical_prior-axis_edge_orthogonal_rel2x.npz,hard_negative_structure,empirical,axis_edge_orthogonal,2.0,4,16,40,756,10,0.01,0.92,0.001,1e-06,inferred,0.0001,80,"0.5,1","1,1",linear_continuous,pyramid_local_field,True,1.0,1.198475210518069,0.768253419186409,0.5413782001263944,1.552988448548304,0.388247112137076,0,0,source_row:1422,source_row:1422,0.00018706953272690162,-0.00018706953272690162,0.013677336463175191,0.7580749333258828,0.9998809954416515,47.40472271920179,47.59871475861069,1.0,0.0,0.0
59,29,response_tables/trial_00029_hard_negative_structure_obs-empirical_prior-axis_edge_orthogonal_rel2x.npz,hard_negative_structure,empirical,axis_edge_orthogonal,2.0,4,16,40,756,10,0.01,0.92,0.001,1e-06,inferred,0.0001,80,"0.5,1","1,1",quadratic_profile,pyramid_local_field,False,3.0,-0.7097690126772491,0.2171356443113864,1.2201760273285518,3.083824867910298,0.7709562169775745,1,0,source_row:1425,source_row:1422,0.08004257378757386,-0.08004257378757386,0.2829179629991243,15.680905161227999,0.9438673818019051,47.40472271920179,45.5733137096186,0.997847760134049,0.003483183393244682,0.059018500432022857
59,29,response_tables/trial_00029_hard_negative_structure_obs-empirical_prior-axis_edge_orthogonal_rel2x.npz,hard_negative_structure,empirical,axis_edge_orthogonal,2.0,4,16,40,756,10,0.01,0.92,0.001,1e-06,inferred,0.0001,80,"0.5,1","1,1",quadratic_poisson,pyramid_local_field,True,1.0,0.18656433718388143,0.3456354386757716,1.339893269704716,3.673129934218541,0.9182824835546353,0,0,source_row:1422,source_row:1422,0.06435725908664516,-0.06435725908664516,0.25368732543555494,14.060778780500529,0.9552845536583193,47.40472271920179,46.39357191151887,1.0,0.0,0.0
59,29,response_tables/trial_00029_hard_negative_structure_obs-empirical_prior-axis_edge_orthogonal_rel2x.npz,hard_negative_structure,empirical,axis_edge_orthogonal,2.0,4,16,40,756,10,0.01,0.92,0.001,1e-06,inferred,0.0001,80,"0.5,1","1,1",known,pyramid_local_field,True,1.0,0.1682724370222104,0.37349136054197085,1.3015087008923558,3.4457121518299685,0.8614280379574921,0,0,source_row:1422,source_row:1422,0.04664635195953943,-0.04664635195953943,0.21597766541830068,11.97069727374747,0.9676575524840854,47.40472271920179,46.4080565495553,1.0,0.0,0.0
60,30,response_tables/trial_00030_hard_negative_structure_obs-empirical_prior-axis_edge_parallel_rel0p5x.npz,hard_negative_structure,empirical,axis_edge_parallel,0.5,4,16,40,756,10,0.01,0.92,0.001,1e-06,inferred,0.0001,80,"0.5,1","1,1",zero,pyramid_local_field,True,1.0,0.010565910758828068,0.36501627054490493,1.2666375161908168,3.280747225624335,0.8201868064060838,0,0,source_row:1425,source_row:1425,0.026040943833346663,-0.026040943833346663,0.16137206645930596,8.944147776956783,0.9829085529621132,48.321366402134856,46.56577470181499,1.0,0.0,0.0
60,30,response_tables/trial_00030_hard_negative_structure_obs-empirical_prior-axis_edge_parallel_rel0p5x.npz,hard_negative_structure,empirical,axis_edge_parallel,0.5,4,16,40,756,10,0.01,0.92,0.001,1e-06,inferred,0.0001,80,"0.5,1","1,1",joint,pyramid_local_field,True,1.0,0.022181295393409073,0.29029381902320855,1.3714179396155677,3.8890099130578966,0.9722524782644741,0,0,source_row:1425,source_row:1425,0.07237739210213329,-0.07237739210213329,0.26903046686599136,14.911181996667919,0.9512495302746735,48.321366402134856,46.44772285607433,1.0,0.0,0.0
60,30,response_tables/trial_00030_hard_negative_structure_obs-empirical_prior-axis_edge_parallel_rel0p5x.npz,hard_negative_structure,empirical,axis_edge_parallel,0.5,4,16,40,756,10,0.01,0.92,0.001,1e-06,inferred,0.0001,80,"0.5,1","1,1",best_single_tau,pyramid_local_field,False,2.0,-0.007297532001871332,0.27296632214119637,1.3789184989298804,3.944007210521768,0.986001802630442,1,0,source_row:1422,source_row:1425,0.08286227142455393,-0.08286227142455393,0.2878580751421678,15.954713968486859,0.9440914098846448,48.321366402134856,46.4935184510061,0.997847760134049,0.003483183393244682,0.059018500432022857
60,30,response_tables/trial_00030_hard_negative_structure_obs-empirical_prior-axis_edge_parallel_rel0p5x.npz,hard_negative_structure,empirical,axis_edge_parallel,0.5,4,16,40,756,10,0.01,0.92,0.001,1e-06,inferred,0.0001,80,"0.5,1","1,1",linear_continuous,pyramid_local_field,False,2.0,-0.9126424753782558,0.28641472933025136,0.6003825274748212,1.6920050548532526,0.42300126371331315,1,0,source_row:1422,source_row:1425,0.0017681966275440641,-0.0017681966275440641,0.042049930172879765,2.3306436964528414,0.998919536429365,48.321366402134856,47.64549081147113,0.997847760134049,0.003483183393244682,0.059018500432022857
60,30,response_tables/trial_00030_hard_negative_structure_obs-empirical_prior-axis_edge_parallel_rel0p5x.npz,hard_negative_structure,empirical,axis_edge_parallel,0.5,4,16,40,756,10,0.01,0.92,0.001,1e-06,inferred,0.0001,80,"0.5,1","1,1",quadratic_profile,pyramid_local_field,False,2.0,-0.2793642054654839,0.3082249850550356,1.2539889080672884,3.231116151246662,0.8077790378116655,1,0,source_row:1422,source_row:1425,0.025939526702469157,-0.025939526702469157,0.1610575260659034,8.926714178799791,0.9829400491012718,48.321366402134856,46.6619139943242,0.997847760134049,0.003483183393244682,0.059018500432022857
60,30,response_tables/trial_00030_hard_negative_structure_obs-empirical_prior-axis_edge_parallel_rel0p5x.npz,hard_negative_structure,empirical,axis_edge_parallel,0.5,4,16,40,756,10,0.01,0.92,0.001,1e-06,inferred,0.0001,80,"0.5,1","1,1",quadratic_poisson,pyramid_local_field,True,1.0,0.01798117039123781,0.27904366611069936,1.3791762098338713,3.945121711135943,0.9862804277839857,0,0,source_row:1425,source_row:1425,0.08218953463988897,-0.08218953463988897,0.2866871720881298,15.889815933916255,0.9445308636562051,48.321366402134856,46.437692042029944,1.0,0.0,0.0
60,30,response_tables/trial_00030_hard_negative_structure_obs-empirical_prior-axis_edge_parallel_rel0p5x.npz,hard_negative_structure,empirical,axis_edge_parallel,0.5,4,16,40,756,10,0.01,0.92,0.001,1e-06,inferred,0.0001,80,"0.5,1","1,1",known,pyramid_local_field,True,1.0,0.10611751126236868,0.3466496862262907,1.3227518415806543,3.576487895039516,0.894121973759879,0,0,source_row:1425,source_row:1425,0.04294240205823389,-0.04294240205823389,0.20722548602484658,11.485602253382035,0.9713824322176389,48.321366402134856,46.50278453925766,1.0,0.0,0.0
61,30,response_tables/trial_00030_hard_negative_structure_obs-empirical_prior-axis_edge_orthogonal_rel0p5x.npz,hard_negative_structure,empirical,axis_edge_orthogonal,0.5,4,16,40,756,10,0.01,0.92,0.001,1e-06,inferred,0.0001,80,"0.5,1","1,1",zero,pyramid_local_field,True,1.0,0.010565910758828068,0.36501627054490493,1.2666375161908168,3.280747225624335,0.8201868064060838,0,0,source_row:1425,source_row:1425,0.026040943833346663,-0.026040943833346663,0.16137206645930596,8.944147776956783,0.9829085529621132,48.321366402134856,46.56577470181499,1.0,0.0,0.0
61,30,response_tables/trial_00030_hard_negative_structure_obs-empirical_prior-axis_edge_orthogonal_rel0p5x.npz,hard_negative_structure,empirical,axis_edge_orthogonal,0.5,4,16,40,756,10,0.01,0.92,0.001,1e-06,inferred,0.0001,80,"0.5,1","1,1",joint,pyramid_local_field,True,1.0,0.03766014103246107,0.27831111181691764,1.3787381997961672,3.9427548207028913,0.9856887051757228,0,0,source_row:1425,source_row:1425,0.08324655065118343,-0.08324655065118343,0.28852478342628285,15.991666692388117,0.9438388073104056,48.321366402134856,46.51883383436072,1.0,0.0,0.0
61,30,response_tables/trial_00030_hard_negative_structure_obs-empirical_prior-axis_edge_orthogonal_rel0p5x.npz,hard_negative_structure,empirical,axis_edge_orthogonal,0.5,4,16,40,756,10,0.01,0.92,0.001,1e-06,inferred,0.0001,80,"0.5,1","1,1",best_single_tau,pyramid_local_field,False,3.0,-0.021000390408346448,0.2576206281084008,1.3834557715696114,3.9780717011889792,0.9945179252972448,2,0,source_row:3934,source_row:1425,0.0950894621564989,-0.0950894621564989,0.3083657927794503,17.091367053128447,0.9357851706108433,48.321366402134856,46.58432896823452,0.8261484947773284,0.30411179974493197,0.5514633258385656
61,30,response_tables/trial_00030_hard_negative_structure_obs-empirical_prior-axis_edge_orthogonal_rel0p5x.npz,hard_negative_structure,empirical,axis_edge_orthogonal,0.5,4,16,40,756,10,0.01,0.92,0.001,1e-06,inferred,0.0001,80,"0.5,1","1,1",linear_continuous,pyramid_local_field,False,2.0,-0.8349391718454138,0.30238488085475007,0.6185261830988956,1.7327878646542227,0.4331969661635557,1,0,source_row:1422,source_row:1425,0.0016707935312345844,-0.0016707935312345844,0.040875341359242305,2.265541376349733,0.9989813572209426,48.321366402134856,47.657220153436526,0.997847760134049,0.003483183393244682,0.059018500432022857
61,30,response_tables/trial_00030_hard_negative_structure_obs-empirical_prior-axis_edge_orthogonal_rel0p5x.npz,hard_negative_structure,empirical,axis_edge_orthogonal,0.5,4,16,40,756,10,0.01,0.92,0.001,1e-06,inferred,0.0001,80,"0.5,1","1,1",quadratic_profile,pyramid_local_field,False,2.0,-0.37525129976890437,0.28131911358123773,1.2587746546682694,3.2607698853174205,0.8151924713293551,1,0,source_row:1422,source_row:1425,0.03010545206908676,-0.03010545206908676,0.17350922761941728,9.616857530203644,0.9800844581402612,48.321366402134856,46.72160924197807,0.997847760134049,0.003483183393244682,0.059018500432022857
61,30,response_tables/trial_00030_hard_negative_structure_obs-empirical_prior-axis_edge_orthogonal_rel0p5x.npz,hard_negative_structure,empirical,axis_edge_orthogonal,0.5,4,16,40,756,10,0.01,0.92,0.001,1e-06,inferred,0.0001,80,"0.5,1","1,1",quadratic_poisson,pyramid_local_field,True,1.0,0.016072328466520958,0.2778621154298317,1.379524806611621,3.9478194151349912,0.9869548537837478,0,0,source_row:1425,source_row:1425,0.08284627882288115,-0.08284627882288115,0.28783029517908837,15.953174246647308,0.9440839167141324,48.321366402134856,46.44479845156575,1.0,0.0,0.0
61,30,response_tables/trial_00030_hard_negative_structure_obs-empirical_prior-axis_edge_orthogonal_rel0p5x.npz,hard_negative_structure,empirical,axis_edge_orthogonal,0.5,4,16,40,756,10,0.01,0.92,0.001,1e-06,inferred,0.0001,80,"0.5,1","1,1",known,pyramid_local_field,True,1.0,0.10611751126236868,0.3466496862262907,1.3227518415806543,3.576487895039516,0.894121973759879,0,0,source_row:1425,source_row:1425,0.04294240205823389,-0.04294240205823389,0.20722548602484658,11.485602253382035,0.9713824322176389,48.321366402134856,46.50278453925766,1.0,0.0,0.0
62,31,response_tables/trial_00031_hard_negative_structure_obs-empirical_prior-axis_edge_parallel_rel1x.npz,hard_negative_structure,empirical,axis_edge_parallel,1.0,4,16,40,756,10,0.01,0.92,0.001,1e-06,inferred,0.0001,80,"0.5,1","1,1",zero,pyramid_local_field,False,2.0,-0.021488706295144766,0.45500008693407384,0.9568602792977698,2.339205740714505,0.5848014351786263,1,0,source_row:1422,source_row:1425,0.001554241126845697,-0.001554241126845697,0.0394238649404862,2.1850923874449752,0.9991484981497724,48.321366402134856,47.38585740824813,0.997847760134049,0.003483183393244682,0.059018500432022857
62,31,response_tables/trial_00031_hard_negative_structure_obs-empirical_prior-axis_edge_parallel_rel1x.npz,hard_negative_structure,empirical,axis_edge_parallel,1.0,4,16,40,756,10,0.01,0.92,0.001,1e-06,inferred,0.0001,80,"0.5,1","1,1",joint,pyramid_local_field,False,2.0,-0.026933681792684183,0.3176493573446479,1.3414853709481516,3.680191889881834,0.9200479724704586,1,0,source_row:1422,source_row:1425,0.04999734269895028,-0.04999734269895028,0.22360085576524585,12.393217369641157,0.9665882580700902,48.321366402134856,46.296183920532755,0.997847760134049,0.003483183393244682,0.059018500432022857
62,31,response_tables/trial_00031_hard_negative_structure_obs-empirical_prior-axis_edge_parallel_rel1x.npz,hard_negative_structure,empirical,axis_edge_parallel,1.0,4,16,40,756,10,0.01,0.92,0.001,1e-06,inferred,0.0001,80,"0.5,1","1,1",best_single_tau,pyramid_local_field,False,2.0,-0.025725148648064078,0.2852458415389588,1.3730600977249976,3.8983560754047266,0.9745890188511817,1,0,source_row:1422,source_row:1425,0.07335876650768788,-0.07335876650768788,0.2708482351939696,15.011932943882249,0.9505551014342062,48.321366402134856,46.33641171023682,0.997847760134049,0.003483183393244682,0.059018500432022857
62,31,response_tables/trial_00031_hard_negative_structure_obs-empirical_prior-axis_edge_parallel_rel1x.npz,hard_negative_structure,empirical,axis_edge_parallel,1.0,4,16,40,756,10,0.01,0.92,0.001,1e-06,inferred,0.0001,80,"0.5,1","1,1",linear_continuous,pyramid_local_field,False,2.0,-3.276860473475139,0.03637359850586772,0.15624281702785361,1.075385744792722,0.2688464361981805,1,0,source_row:1422,source_row:1425,0.0032343999510262146,-0.0032343999510262146,0.056871785192889934,3.1521542870793193,0.9980041400511281,48.321366402134856,47.4344215414922,0.997847760134049,0.003483183393244682,0.059018500432022857
62,31,response_tables/trial_00031_hard_negative_structure_obs-empirical_prior-axis_edge_parallel_rel1x.npz,hard_negative_structure,empirical,axis_edge_parallel,1.0,4,16,40,756,10,0.01,0.92,0.001,1e-06,inferred,0.0001,80,"0.5,1","1,1",quadratic_profile,pyramid_local_field,False,2.0,-0.19622968069156954,0.4421255704271747,0.7757887508234879,2.0607412952196698,0.5151853238049174,1,0,source_row:1422,source_row:1425,0.000689704421393636,-0.000689704421393636,0.026262224227845514,1.4556002138366324,0.999623012268086,48.321366402134856,47.70431308369387,0.997847760134049,0.003483183393244682,0.059018500432022857
62,31,response_tables/trial_00031_hard_negative_structure_obs-empirical_prior-axis_edge_parallel_rel1x.npz,hard_negative_structure,empirical,axis_edge_parallel,1.0,4,16,40,756,10,0.01,0.92,0.001,1e-06,inferred,0.0001,80,"0.5,1","1,1",quadratic_poisson,pyramid_local_field,False,2.0,-0.0019130882191689125,0.3014674866538438,1.3632006082527237,3.8268407424483826,0.9567101856120956,1,0,source_row:1422,source_row:1425,0.06382670910708547,-0.06382670910708547,0.2526394844577654,14.002701538523434,0.957093232290535,48.321366402134856,46.307913947451276,0.997847760134049,0.003483183393244682,0.059018500432022857
62,31,response_tables/trial_00031_hard_negative_structure_obs-empirical_prior-axis_edge_parallel_rel1x.npz,hard_negative_structure,empirical,axis_edge_parallel,1.0,4,16,40,756,10,0.01,0.92,0.001,1e-06,inferred,0.0001,80,"0.5,1","1,1",known,pyramid_local_field,True,1.0,0.13250024678984573,0.34843091807631604,1.327191676318818,3.5988970014309745,0.8997242503577436,0,0,source_row:1425,source_row:1425,0.04477838474344656,-0.04477838474344656,0.21160903748055412,11.72856333622613,0.9701314507187595,48.321366402134856,46.479483232781185,1.0,0.0,0.0
63,31,response_tables/trial_00031_hard_negative_structure_obs-empirical_prior-axis_edge_orthogonal_rel1x.npz,hard_negative_structure,empirical,axis_edge_orthogonal,1.0,4,16,40,756,10,0.01,0.92,0.001,1e-06,inferred,0.0001,80,"0.5,1","1,1",zero,pyramid_local_field,False,2.0,-0.021488706295144766,0.45500008693407384,0.9568602792977698,2.339205740714505,0.5848014351786263,1,0,source_row:1422,source_row:1425,0.001554241126845697,-0.001554241126845697,0.0394238649404862,2.1850923874449752,0.9991484981497724,48.321366402134856,47.38585740824813,0.997847760134049,0.003483183393244682,0.059018500432022857
63,31,response_tables/trial_00031_hard_negative_structure_obs-empirical_prior-axis_edge_orthogonal_rel1x.npz,hard_negative_structure,empirical,axis_edge_orthogonal,1.0,4,16,40,756,10,0.01,0.92,0.001,1e-06,inferred,0.0001,80,"0.5,1","1,1",joint,pyramid_local_field,True,1.0,0.015550405832186698,0.3338830865650578,1.3246584545419497,3.583549164621954,0.8958872911554885,0,0,source_row:1425,source_row:1425,0.04266976930044617,-0.04266976930044617,0.20656662194179914,11.449084299234181,0.9715872898731519,48.321366402134856,46.41764273336382,1.0,0.0,0.0
63,31,response_tables/trial_00031_hard_negative_structure_obs-empirical_prior-axis_edge_orthogonal_rel1x.npz,hard_negative_structure,empirical,axis_edge_orthogonal,1.0,4,16,40,756,10,0.01,0.92,0.001,1e-06,inferred,0.0001,80,"0.5,1","1,1",best_single_tau,pyramid_local_field,True,1.0,0.011594971839144819,0.3514952119206898,1.3021557618701265,3.443439228124889,0.8608598070312222,0,0,source_row:1425,source_row:1425,0.034979702183466334,-0.034979702183466334,0.18702861327472417,10.366177941151145,0.9768901372696477,48.321366402134856,46.31939193107503,1.0,0.0,0.0
63,31,response_tables/trial_00031_hard_negative_structure_obs-empirical_prior-axis_edge_orthogonal_rel1x.npz,hard_negative_structure,empirical,axis_edge_orthogonal,1.0,4,16,40,756,10,0.01,0.92,0.001,1e-06,inferred,0.0001,80,"0.5,1","1,1",linear_continuous,pyramid_local_field,False,2.0,-3.6561121576401945,0.02518222505896214,0.11757390750408069,1.0516310633159287,0.2629077658289822,1,0,source_row:1422,source_row:1425,0.003309963265650757,-0.003309963265650757,0.05753228020555727,3.188762636522061,0.9979566737591378,48.321366402134856,47.42525400777335,0.997847760134049,0.003483183393244682,0.059018500432022857
63,31,response_tables/trial_00031_hard_negative_structure_obs-empirical_prior-axis_edge_orthogonal_rel1x.npz,hard_negative_structure,empirical,axis_edge_orthogonal,1.0,4,16,40,756,10,0.01,0.92,0.001,1e-06,inferred,0.0001,80,"0.5,1","1,1",quadratic_profile,pyramid_local_field,False,2.0,-0.6916859188320892,0.27723272612605604,1.0418688162403966,2.4604775017007325,0.6151193754251831,1,0,source_row:1422,source_row:1425,0.006584101584565201,-0.006584101584565201,0.08114247706697893,4.4973725738239985,0.9958949461302635,48.321366402134856,47.076352848927755,0.997847760134049,0.003483183393244682,0.059018500432022857
63,31,response_tables/trial_00031_hard_negative_structure_obs-empirical_prior-axis_edge_orthogonal_rel1x.npz,hard_negative_structure,empirical,axis_edge_orthogonal,1.0,4,16,40,756,10,0.01,0.92,0.001,1e-06,inferred,0.0001,80,"0.5,1","1,1",quadratic_poisson,pyramid_local_field,False,2.0,-0.0027436165717062977,0.2793033159494577,1.3774194573414924,3.9320423121941803,0.9830105780485451,1,0,source_row:1422,source_row:1425,0.07937083767909932,-0.07937083767909932,0.2817283047176824,15.614967606440722,0.9464569449117194,48.321366402134856,46.426919168607,0.997847760134049,0.003483183393244682,0.059018500432022857
63,31,response_tables/trial_00031_hard_negative_structure_obs-empirical_prior-axis_edge_orthogonal_rel1x.npz,hard_negative_structure,empirical,axis_edge_orthogonal,1.0,4,16,40,756,10,0.01,0.92,0.001,1e-06,inferred,0.0001,80,"0.5,1","1,1",known,pyramid_local_field,True,1.0,0.13250024678984573,0.34843091807631604,1.327191676318818,3.5988970014309745,0.8997242503577436,0,0,source_row:1425,source_row:1425,0.04477838474344656,-0.04477838474344656,0.21160903748055412,11.72856333622613,0.9701314507187595,48.321366402134856,46.479483232781185,1.0,0.0,0.0
64,32,response_tables/trial_00032_hard_negative_structure_obs-empirical_prior-axis_edge_parallel_rel2x.npz,hard_negative_structure,empirical,axis_edge_parallel,2.0,4,16,40,756,10,0.01,0.92,0.001,1e-06,inferred,0.0001,80,"0.5,1","1,1",zero,pyramid_local_field,True,1.0,0.059712398217186546,0.5108063224485075,0.7361029693186524,2.0303412224203172,0.5075853056050793,0,0,source_row:1425,source_row:1425,0.0006718512877005958,-0.0006718512877005958,0.025920094284176434,1.4366374475894155,0.999609772708573,48.321366402134856,47.81061902666685,1.0,0.0,0.0
64,32,response_tables/trial_00032_hard_negative_structure_obs-empirical_prior-axis_edge_parallel_rel2x.npz,hard_negative_structure,empirical,axis_edge_parallel,2.0,4,16,40,756,10,0.01,0.92,0.001,1e-06,inferred,0.0001,80,"0.5,1","1,1",joint,pyramid_local_field,False,2.0,-0.04836624807938961,0.3259750161102464,1.326165660568334,3.582293021400887,0.8955732553502217,1,0,source_row:1422,source_row:1425,0.04324553912245777,-0.04324553912245777,0.20795561815555205,11.526070283673889,0.971230712880331,48.321366402134856,46.27322682201093,0.997847760134049,0.003483183393244682,0.059018500432022857
64,32,response_tables/trial_00032_hard_negative_structure_obs-empirical_prior-axis_edge_parallel_rel2x.npz,hard_negative_structure,empirical,axis_edge_parallel,2.0,4,16,40,756,10,0.01,0.92,0.001,1e-06,inferred,0.0001,80,"0.5,1","1,1",best_single_tau,pyramid_local_field,False,2.0,-0.08649900341612238,0.29208414588059434,1.3607727077008214,3.8067858407996717,0.9516964601999179,1,0,source_row:1422,source_row:1425,0.06289058364331661,-0.06289058364331661,0.2507799506406296,13.89963571293394,0.957736645056967,48.321366402134856,46.21183433047967,0.997847760134049,0.003483183393244682,0.059018500432022857
64,32,response_tables/trial_00032_hard_negative_structure_obs-empirical_prior-axis_edge_parallel_rel2x.npz,hard_negative_structure,empirical,axis_edge_parallel,2.0,4,16,40,756,10,0.01,0.92,0.001,1e-06,inferred,0.0001,80,"0.5,1","1,1",linear_continuous,pyramid_local_field,False,2.0,-4.680675870354264,0.00918755078363522,0.05223396390724091,1.0185438947175771,0.2546359736793943,1,0,source_row:1422,source_row:1425,0.003419473563899206,-0.003419473563899206,0.058476264961941665,3.2410835824301665,0.997887834646504,48.321366402134856,47.41219786931521,0.997847760134049,0.003483183393244682,0.059018500432022857
64,32,response_tables/trial_00032_hard_negative_structure_obs-empirical_prior-axis_edge_parallel_rel2x.npz,hard_negative_structure,empirical,axis_edge_parallel,2.0,4,16,40,756,10,0.01,0.92,0.001,1e-06,inferred,0.0001,80,"0.5,1","1,1",quadratic_profile,pyramid_local_field,False,2.0,-0.1351983393137175,0.33945330044420846,1.1197455278076391,2.9707258314693976,0.7426814578673494,1,0,source_row:1422,source_row:1425,0.01889752984238623,-0.01889752984238623,0.13746828667873268,7.619265822624284,0.9875144095879034,48.321366402134856,47.38542294563963,0.997847760134049,0.003483183393244682,0.059018500432022857
64,32,response_tables/trial_00032_hard_negative_structure_obs-empirical_prior-axis_edge_parallel_rel2x.npz,hard_negative_structure,empirical,axis_edge_parallel,2.0,4,16,40,756,10,0.01,0.92,0.001,1e-06,inferred,0.0001,80,"0.5,1","1,1",quadratic_poisson,pyramid_local_field,False,2.0,-0.028590716682288075,0.3224984089189545,1.334580003496444,3.636698946753732,0.909174736688433,1,0,source_row:1422,source_row:1425,0.046668176999530825,-0.046668176999530825,0.2160281856599523,11.973497389758712,0.968871691217754,48.321366402134856,46.30653968908197,0.997847760134049,0.003483183393244682,0.059018500432022857
64,32,response_tables/trial_00032_hard_negative_structure_obs-empirical_prior-axis_edge_parallel_rel2x.npz,hard_negative_structure,empirical,axis_edge_parallel,2.0,4,16,40,756,10,0.01,0.92,0.001,1e-06,inferred,0.0001,80,"0.5,1","1,1",known,pyramid_local_field,True,1.0,0.14392775173303107,0.34843426998173366,1.3342626087289742,3.6333937629663926,0.9083484407415982,0,0,source_row:1425,source_row:1425,0.047513173727275475,-0.047513173727275475,0.21797516768493486,12.081410086996891,0.9682768017228991,48.321366402134856,46.38123400499805,1.0,0.0,0.0
65,32,response_tables/trial_00032_hard_negative_structure_obs-empirical_prior-axis_edge_orthogonal_rel2x.npz,hard_negative_structure,empirical,axis_edge_orthogonal,2.0,4,16,40,756,10,0.01,0.92,0.001,1e-06,inferred,0.0001,80,"0.5,1","1,1",zero,pyramid_local_field,True,1.0,0.059712398217186546,0.5108063224485075,0.7361029693186524,2.0303412224203172,0.5075853056050793,0,0,source_row:1425,source_row:1425,0.0006718512877005958,-0.0006718512877005958,0.025920094284176434,1.4366374475894155,0.999609772708573,48.321366402134856,47.81061902666685,1.0,0.0,0.0
65,32,response_tables/trial_00032_hard_negative_structure_obs-empirical_prior-axis_edge_orthogonal_rel2x.npz,hard_negative_structure,empirical,axis_edge_orthogonal,2.0,4,16,40,756,10,0.01,0.92,0.001,1e-06,inferred,0.0001,80,"0.5,1","1,1",joint,pyramid_local_field,False,2.0,-0.04477525912477631,0.2992965602053186,1.3606067018801804,3.80601408408032,0.95150352102008,1,0,source_row:1422,source_row:1425,0.06292982373373339,-0.06292982373373339,0.2508581745403832,13.903971321533605,0.9577102151731044,48.321366402134856,46.19498736965067,0.997847760134049,0.003483183393244682,0.059018500432022857
65,32,response_tables/trial_00032_hard_negative_structure_obs-empirical_prior-axis_edge_orthogonal_rel2x.npz,hard_negative_structure,empirical,axis_edge_orthogonal,2.0,4,16,40,756,10,0.01,0.92,0.001,1e-06,inferred,0.0001,80,"0.5,1","1,1",best_single_tau,pyramid_local_field,False,2.0,-0.011358822308579875,0.30155438976355714,1.3633107241518265,3.8256194266161048,0.9564048566540262,1,0,source_row:1422,source_row:1425,0.06643712545266596,-0.06643712545266596,0.25775400181697655,14.286176864038532,0.9552965654402296,48.321366402134856,46.15427072963274,0.997847760134049,0.003483183393244682,0.059018500432022857
65,32,response_tables/trial_00032_hard_negative_structure_obs-empirical_prior-axis_edge_orthogonal_rel2x.npz,hard_negative_structure,empirical,axis_edge_orthogonal,2.0,4,16,40,756,10,0.01,0.92,0.001,1e-06,inferred,0.0001,80,"0.5,1","1,1",linear_continuous,pyramid_local_field,False,2.0,-0.7646718876339094,0.3176270151048202,0.6252781348294649,1.7652409073609863,0.44131022684024657,1,0,source_row:1422,source_row:1425,0.0016212735365754244,-0.0016212735365754244,0.04026504112223685,2.23171510376206,0.9990101153976325,48.321366402134856,47.67339272278365,0.997847760134049,0.003483183393244682,0.059018500432022857
65,32,response_tables/trial_00032_hard_negative_structure_obs-empirical_prior-axis_edge_orthogonal_rel2x.npz,hard_negative_structure,empirical,axis_edge_orthogonal,2.0,4,16,40,756,10,0.01,0.92,0.001,1e-06,inferred,0.0001,80,"0.5,1","1,1",quadratic_profile,pyramid_local_field,True,1.0,0.06858874772178325,0.34878286770496786,1.2544809868742188,3.315717067548711,0.8289292668871777,0,0,source_row:1425,source_row:1425,0.03243796006801656,-0.03243796006801656,0.18010541376653996,9.982455275579595,0.9784432703523236,48.321366402134856,47.021867580227,1.0,0.0,0.0
65,32,response_tables/trial_00032_hard_negative_structure_obs-empirical_prior-axis_edge_orthogonal_rel2x.npz,hard_negative_structure,empirical,axis_edge_orthogonal,2.0,4,16,40,756,10,0.01,0.92,0.001,1e-06,inferred,0.0001,80,"0.5,1","1,1",quadratic_poisson,pyramid_local_field,True,1.0,0.012298913797678779,0.31491121973686964,1.3511971657735806,3.7453664959770085,0.9363416239942521,0,0,source_row:1425,source_row:1425,0.05539886367931438,-0.05539886367931438,0.23536963202442746,13.045509159203169,0.9628764165247164,48.321366402134856,46.32876269098321,1.0,0.0,0.0
65,32,response_tables/trial_00032_hard_negative_structure_obs-empirical_prior-axis_edge_orthogonal_rel2x.npz,hard_negative_structure,empirical,axis_edge_orthogonal,2.0,4,16,40,756,10,0.01,0.92,0.001,1e-06,inferred,0.0001,80,"0.5,1","1,1",known,pyramid_local_field,True,1.0,0.14392775173303107,0.34843426998173366,1.3342626087289742,3.6333937629663926,0.9083484407415982,0,0,source_row:1425,source_row:1425,0.047513173727275475,-0.047513173727275475,0.21797516768493486,12.081410086996891,0.9682768017228991,48.321366402134856,46.38123400499805,1.0,0.0,0.0
66,33,response_tables/trial_00033_hard_negative_structure_obs-empirical_prior-axis_edge_parallel_rel0p5x.npz,hard_negative_structure,empirical,axis_edge_parallel,0.5,4,16,40,756,10,0.01,0.92,0.001,1e-06,inferred,0.0001,80,"0.5,1","1,1",zero,pyramid_local_field,True,1.0,2.710407685321684,0.9218239284224408,0.3245032266966389,1.1713762268468366,0.29284405671170916,0,0,source_row:1446,source_row:1446,0.00247839259598666,-0.00247839259598666,0.04978345705138063,2.759279263661259,0.9969266737191442,34.78821755483096,34.24973436987022,1.0,0.0,0.0
66,33,response_tables/trial_00033_hard_negative_structure_obs-empirical_prior-axis_edge_parallel_rel0p5x.npz,hard_negative_structure,empirical,axis_edge_parallel,0.5,4,16,40,756,10,0.01,0.92,0.001,1e-06,inferred,0.0001,80,"0.5,1","1,1",joint,pyramid_local_field,True,1.0,1.9315826843367745,0.830339266759139,0.5827113694627488,1.4172729508193829,0.3543182377048457,0,0,source_row:1446,source_row:1446,0.010825644212536243,-0.010825644212536243,0.10404635607524293,5.766834402071152,0.9862374095807168,34.78821755483096,33.89221393547822,1.0,0.0,0.0
66,33,response_tables/trial_00033_hard_negative_structure_obs-empirical_prior-axis_edge_parallel_rel0p5x.npz,hard_negative_structure,empirical,axis_edge_parallel,0.5,4,16,40,756,10,0.01,0.92,0.001,1e-06,inferred,0.0001,80,"0.5,1","1,1",best_single_tau,pyramid_local_field,True,1.0,1.7116584245496824,0.7741630486005397,0.7304016088736804,1.6034055555243831,0.4008513888810958,0,0,source_row:1446,source_row:1446,0.01769371043103185,-0.01769371043103185,0.1330177072085963,7.37258967013151,0.9773104924803729,34.78821755483096,33.75492047617669,1.0,0.0,0.0
66,33,response_tables/trial_00033_hard_negative_structure_obs-empirical_prior-axis_edge_parallel_rel0p5x.npz,hard_negative_structure,empirical,axis_edge_parallel,0.5,4,16,40,756,10,0.01,0.92,0.001,1e-06,inferred,0.0001,80,"0.5,1","1,1",linear_continuous,pyramid_local_field,True,1.0,39.877954058895085,1.0,1.9140684790184916e-16,1.0,0.25,0,0,source_row:1446,source_row:1446,1.0941860177822462e-36,-1.0941860177822462e-36,1.0460334687677284e-18,5.797705965834298e-17,1.0,34.78821755483096,34.78821755483096,1.0,0.0,0.0
66,33,response_tables/trial_00033_hard_negative_structure_obs-empirical_prior-axis_edge_parallel_rel0p5x.npz,hard_negative_structure,empirical,axis_edge_parallel,0.5,4,16,40,756,10,0.01,0.92,0.001,1e-06,inferred,0.0001,80,"0.5,1","1,1",quadratic_profile,pyramid_local_field,True,1.0,57.52059716575785,1.0,6.010982191125443e-24,1.0,0.25,0,0,source_row:1446,source_row:1446,0.0,-0.0,0.0,0.0,1.0,34.78821755483096,34.78821755483096,1.0,0.0,0.0
66,33,response_tables/trial_00033_hard_negative_structure_obs-empirical_prior-axis_edge_parallel_rel0p5x.npz,hard_negative_structure,empirical,axis_edge_parallel,0.5,4,16,40,756,10,0.01,0.92,0.001,1e-06,inferred,0.0001,80,"0.5,1","1,1",quadratic_poisson,pyramid_local_field,True,1.0,2.1035907804921976,0.8117028308961385,0.6650137197245888,1.4845971050633455,0.3711492762658364,0,0,source_row:1446,source_row:1446,0.011516026047212172,-0.011516026047212172,0.10731274876365889,5.947876261073006,0.9853805882128924,34.78821755483096,33.77915696129239,1.0,0.0,0.0
66,33,response_tables/trial_00033_hard_negative_structure_obs-empirical_prior-axis_edge_parallel_rel0p5x.npz,hard_negative_structure,empirical,axis_edge_parallel,0.5,4,16,40,756,10,0.01,0.92,0.001,1e-06,inferred,0.0001,80,"0.5,1","1,1",known,pyramid_local_field,True,1.0,2.413805724354745,0.9037775493316331,0.3683774247087106,1.2143452543289501,0.30358631358223753,0,0,source_row:1446,source_row:1446,0.00400441017056241,-0.00400441017056241,0.06328040905811537,3.507356275596724,0.9949931759384767,34.78821755483096,34.15233770613327,1.0,0.0,0.0
67,33,response_tables/trial_00033_hard_negative_structure_obs-empirical_prior-axis_edge_orthogonal_rel0p5x.npz,hard_negative_structure,empirical,axis_edge_orthogonal,0.5,4,16,40,756,10,0.01,0.92,0.001,1e-06,inferred,0.0001,80,"0.5,1","1,1",zero,pyramid_local_field,True,1.0,2.710407685321684,0.9218239284224408,0.3245032266966389,1.1713762268468366,0.29284405671170916,0,0,source_row:1446,source_row:1446,0.00247839259598666,-0.00247839259598666,0.04978345705138063,2.759279263661259,0.9969266737191442,34.78821755483096,34.24973436987022,1.0,0.0,0.0
67,33,response_tables/trial_00033_hard_negative_structure_obs-empirical_prior-axis_edge_orthogonal_rel0p5x.npz,hard_negative_structure,empirical,axis_edge_orthogonal,0.5,4,16,40,756,10,0.01,0.92,0.001,1e-06,inferred,0.0001,80,"0.5,1","1,1",joint,pyramid_local_field,True,1.0,1.9874680106007645,0.8396136771311329,0.561143387874582,1.3898919760751907,0.34747299401879767,0,0,source_row:1446,source_row:1446,0.009709435839411222,-0.009709435839411222,0.09853646959076229,5.46144549534931,0.9876893964270352,34.78821755483096,33.89765757264644,1.0,0.0,0.0
67,33,response_tables/trial_00033_hard_negative_structure_obs-empirical_prior-axis_edge_orthogonal_rel0p5x.npz,hard_negative_structure,empirical,axis_edge_orthogonal,0.5,4,16,40,756,10,0.01,0.92,0.001,1e-06,inferred,0.0001,80,"0.5,1","1,1",best_single_tau,pyramid_local_field,True,1.0,2.1295383498606384,0.8473379492505346,0.5562869735101825,1.3703824041428199,0.34259560103570497,0,0,source_row:1446,source_row:1446,0.00828547469930989,-0.00828547469930989,0.09102458293949987,5.0450944764473915,0.9895484793169302,34.78821755483096,33.88806893542525,1.0,0.0,0.0
67,33,response_tables/trial_00033_hard_negative_structure_obs-empirical_prior-axis_edge_orthogonal_rel0p5x.npz,hard_negative_structure,empirical,axis_edge_orthogonal,0.5,4,16,40,756,10,0.01,0.92,0.001,1e-06,inferred,0.0001,80,"0.5,1","1,1",linear_continuous,pyramid_local_field,True,1.0,26.885216243534533,0.9999999999978924,5.878538086318022e-11,1.0000000000042153,0.2500000000010538,0,0,source_row:1446,source_row:1446,2.3635525049983363e-24,-2.3635525049983363e-24,1.5373849566710142e-12,8.521052338388076e-11,1.0,34.78821755483096,34.78821755481309,1.0,0.0,0.0
67,33,response_tables/trial_00033_hard_negative_structure_obs-empirical_prior-axis_edge_orthogonal_rel0p5x.npz,hard_negative_structure,empirical,axis_edge_orthogonal,0.5,4,16,40,756,10,0.01,0.92,0.001,1e-06,inferred,0.0001,80,"0.5,1","1,1",quadratic_profile,pyramid_local_field,True,1.0,43.59316555894745,1.0,5.095034814781071e-18,1.0,0.25,0,0,source_row:1446,source_row:1446,7.677248646233465e-41,-7.677248646233465e-41,8.761991010171983e-21,4.85638835362548e-19,1.0,34.78821755483096,34.78821755483096,1.0,0.0,0.0
67,33,response_tables/trial_00033_hard_negative_structure_obs-empirical_prior-axis_edge_orthogonal_rel0p5x.npz,hard_negative_structure,empirical,axis_edge_orthogonal,0.5,4,16,40,756,10,0.01,0.92,0.001,1e-06,inferred,0.0001,80,"0.5,1","1,1",quadratic_poisson,pyramid_local_field,True,1.0,2.1336993597434457,0.8167781065540066,0.655794831027864,1.4688148245229697,0.36720370613074244,0,0,source_row:1446,source_row:1446,0.010792492343389198,-0.010792492343389198,0.10388692094479073,5.757997610184605,0.9863387984367994,34.78821755483096,33.75236453291229,1.0,0.0,0.0
67,33,response_tables/trial_00033_hard_negative_structure_obs-empirical_prior-axis_edge_orthogonal_rel0p5x.npz,hard_negative_structure,empirical,axis_edge_orthogonal,0.5,4,16,40,756,10,0.01,0.92,0.001,1e-06,inferred,0.0001,80,"0.5,1","1,1",known,pyramid_local_field,True,1.0,2.413805724354745,0.9037775493316331,0.3683774247087106,1.2143452543289501,0.30358631358223753,0,0,source_row:1446,source_row:1446,0.00400441017056241,-0.00400441017056241,0.06328040905811537,3.507356275596724,0.9949931759384767,34.78821755483096,34.15233770613327,1.0,0.0,0.0
68,34,response_tables/trial_00034_hard_negative_structure_obs-empirical_prior-axis_edge_parallel_rel1x.npz,hard_negative_structure,empirical,axis_edge_parallel,1.0,4,16,40,756,10,0.01,0.92,0.001,1e-06,inferred,0.0001,80,"0.5,1","1,1",zero,pyramid_local_field,True,1.0,3.827223838181226,0.9765147150064021,0.1198348021169887,1.0481782569425369,0.2620445642356342,0,0,source_row:1446,source_row:1446,0.0002591348834076191,-0.0002591348834076191,0.016097667017540743,0.8922232690466024,0.9996835763138479,34.78821755483096,34.60314384352399,1.0,0.0,0.0
68,34,response_tables/trial_00034_hard_negative_structure_obs-empirical_prior-axis_edge_parallel_rel1x.npz,hard_negative_structure,empirical,axis_edge_parallel,1.0,4,16,40,756,10,0.01,0.92,0.001,1e-06,inferred,0.0001,80,"0.5,1","1,1",joint,pyramid_local_field,True,1.0,1.5242443928642615,0.7536449631082363,0.7649706789951567,1.6697979399377556,0.4174494849844389,0,0,source_row:1446,source_row:1446,0.021684169252588693,-0.021684169252588693,0.14725545576510465,8.161725794459924,0.97209525421462,34.78821755483096,33.6975925969549,1.0,0.0,0.0
68,34,response_tables/trial_00034_hard_negative_structure_obs-empirical_prior-axis_edge_parallel_rel1x.npz,hard_negative_structure,empirical,axis_edge_parallel,1.0,4,16,40,756,10,0.01,0.92,0.001,1e-06,inferred,0.0001,80,"0.5,1","1,1",best_single_tau,pyramid_local_field,True,1.0,1.6444644706123768,0.7732492608010896,0.7269677238816549,1.6031334392215004,0.4007833598053751,0,0,source_row:1446,source_row:1446,0.018267375801414385,-0.018267375801414385,0.13515685628710955,7.491153346577881,0.976567358527883,34.78821755483096,33.71889187725083,1.0,0.0,0.0
68,34,response_tables/trial_00034_hard_negative_structure_obs-empirical_prior-axis_edge_parallel_rel1x.npz,hard_negative_structure,empirical,axis_edge_parallel,1.0,4,16,40,756,10,0.01,0.92,0.001,1e-06,inferred,0.0001,80,"0.5,1","1,1",linear_continuous,pyramid_local_field,True,1.0,31.325962182148384,0.9999999999999751,8.032852631668409e-13,1.0000000000000497,0.25000000000001243,0,0,source_row:1446,source_row:1446,3.285005587827522e-28,-3.285005587827522e-28,1.812458437544851e-14,1.004566432139067e-12,1.0,34.78821755483096,34.78821755483075,1.0,0.0,0.0
68,34,response_tables/trial_00034_hard_negative_structure_obs-empirical_prior-axis_edge_parallel_rel1x.npz,hard_negative_structure,empirical,axis_edge_parallel,1.0,4,16,40,756,10,0.01,0.92,0.001,1e-06,inferred,0.0001,80,"0.5,1","1,1",quadratic_profile,pyramid_local_field,True,1.0,24.573600966874146,0.9999999999787281,5.440164164546419e-10,1.0000000000425437,0.25000000001063594,0,0,source_row:1446,source_row:1446,2.4068027358938123e-22,-2.4068027358938123e-22,1.5513873584291617e-11,8.598661526462006e-10,1.0,34.78821755483096,34.788217554650466,1.0,0.0,0.0
68,34,response_tables/trial_00034_hard_negative_structure_obs-empirical_prior-axis_edge_parallel_rel1x.npz,hard_negative_structure,empirical,axis_edge_parallel,1.0,4,16,40,756,10,0.01,0.92,0.001,1e-06,inferred,0.0001,80,"0.5,1","1,1",quadratic_poisson,pyramid_local_field,True,1.0,2.2829259991430604,0.8446849593660118,0.5795416598782959,1.3816539393164462,0.34541348482911155,0,0,source_row:1446,source_row:1446,0.007916932996287984,-0.007916932996287984,0.08897714873094094,4.931614154067275,0.9900386723760173,34.78821755483096,33.86713002821587,1.0,0.0,0.0
68,34,response_tables/trial_00034_hard_negative_structure_obs-empirical_prior-axis_edge_parallel_rel1x.npz,hard_negative_structure,empirical,axis_edge_parallel,1.0,4,16,40,756,10,0.01,0.92,0.001,1e-06,inferred,0.0001,80,"0.5,1","1,1",known,pyramid_local_field,True,1.0,2.6502184321669233,0.9309068203893989,0.2668965551303361,1.1482149266923158,0.28705373167307896,0,0,source_row:1446,source_row:1446,0.0023803876595765955,-0.0023803876595765955,0.04878921663212677,2.7041728661864983,0.997034812004189,34.78821755483096,34.302792520463605,1.0,0.0,0.0
69,34,response_tables/trial_00034_hard_negative_structure_obs-empirical_prior-axis_edge_orthogonal_rel1x.npz,hard_negative_structure,empirical,axis_edge_orthogonal,1.0,4,16,40,756,10,0.01,0.92,0.001,1e-06,inferred,0.0001,80,"0.5,1","1,1",zero,pyramid_local_field,True,1.0,3.827223838181226,0.9765147150064021,0.1198348021169887,1.0481782569425369,0.2620445642356342,0,0,source_row:1446,source_row:1446,0.0002591348834076191,-0.0002591348834076191,0.016097667017540743,0.8922232690466024,0.9996835763138479,34.78821755483096,34.60314384352399,1.0,0.0,0.0
69,34,response_tables/trial_00034_hard_negative_structure_obs-empirical_prior-axis_edge_orthogonal_rel1x.npz,hard_negative_structure,empirical,axis_edge_orthogonal,1.0,4,16,40,756,10,0.01,0.92,0.001,1e-06,inferred,0.0001,80,"0.5,1","1,1",joint,pyramid_local_field,True,1.0,1.3998035307154169,0.6926197552544889,0.9221350230818351,1.929323672221683,0.4823309180554208,0,0,source_row:1446,source_row:1446,0.030179036335825044,-0.030179036335825044,0.17372114533304528,9.628603202108525,0.9609351544083138,34.78821755483096,33.376785238749804,1.0,0.0,0.0
69,34,response_tables/trial_00034_hard_negative_structure_obs-empirical_prior-axis_edge_orthogonal_rel1x.npz,hard_negative_structure,empirical,axis_edge_orthogonal,1.0,4,16,40,756,10,0.01,0.92,0.001,1e-06,inferred,0.0001,80,"0.5,1","1,1",best_single_tau,pyramid_local_field,True,1.0,1.4405405136316176,0.7358227361693377,0.8058255347084784,1.7357065183876899,0.43392662959692246,0,0,source_row:1446,source_row:1446,0.024590771733333783,-0.024590771733333783,0.1568144500144479,8.691539033151804,0.9682887689132033,34.78821755483096,33.616385951059485,1.0,0.0,0.0
69,34,response_tables/trial_00034_hard_negative_structure_obs-empirical_prior-axis_edge_orthogonal_rel1x.npz,hard_negative_structure,empirical,axis_edge_orthogonal,1.0,4,16,40,756,10,0.01,0.92,0.001,1e-06,inferred,0.0001,80,"0.5,1","1,1",linear_continuous,pyramid_local_field,True,1.0,23.263293256338564,0.9999999999211369,1.9135050190486344e-09,1.0000000001577263,0.25000000003943157,0,0,source_row:1446,source_row:1446,3.3079770686024814e-21,-3.3079770686024814e-21,5.7515016027142695e-11,3.1878057586287816e-09,1.0,34.78821755483096,34.788217554161754,1.0,0.0,0.0
69,34,response_tables/trial_00034_hard_negative_structure_obs-empirical_prior-axis_edge_orthogonal_rel1x.npz,hard_negative_structure,empirical,axis_edge_orthogonal,1.0,4,16,40,756,10,0.01,0.92,0.001,1e-06,inferred,0.0001,80,"0.5,1","1,1",quadratic_profile,pyramid_local_field,True,1.0,22.878972657329076,0.999999999884178,2.765694305597372e-09,1.000000000231644,0.250000000057911,0,0,source_row:1446,source_row:1446,7.134808506187389e-21,-7.134808506187389e-21,8.446779567496354e-11,4.681680438796272e-09,1.0,34.78821755483096,34.78821755384807,1.0,0.0,0.0
69,34,response_tables/trial_00034_hard_negative_structure_obs-empirical_prior-axis_edge_orthogonal_rel1x.npz,hard_negative_structure,empirical,axis_edge_orthogonal,1.0,4,16,40,756,10,0.01,0.92,0.001,1e-06,inferred,0.0001,80,"0.5,1","1,1",quadratic_poisson,pyramid_local_field,True,1.0,2.4154036766418017,0.8627775171319987,0.5323696572687105,1.329207441144535,0.33230186028613373,0,0,source_row:1446,source_row:1446,0.006135122208407118,-0.006135122208407118,0.0783270209340756,4.34132415562656,0.9923424969496116,34.78821755483096,33.902527384927204,1.0,0.0,0.0
69,34,response_tables/trial_00034_hard_negative_structure_obs-empirical_prior-axis_edge_orthogonal_rel1x.npz,hard_negative_structure,empirical,axis_edge_orthogonal,1.0,4,16,40,756,10,0.01,0.92,0.001,1e-06,inferred,0.0001,80,"0.5,1","1,1",known,pyramid_local_field,True,1.0,2.6502184321669233,0.9309068203893989,0.2668965551303361,1.1482149266923158,0.28705373167307896,0,0,source_row:1446,source_row:1446,0.0023803876595765955,-0.0023803876595765955,0.04878921663212677,2.7041728661864983,0.997034812004189,34.78821755483096,34.302792520463605,1.0,0.0,0.0
70,35,response_tables/trial_00035_hard_negative_structure_obs-empirical_prior-axis_edge_parallel_rel2x.npz,hard_negative_structure,empirical,axis_edge_parallel,2.0,4,16,40,756,10,0.01,0.92,0.001,1e-06,inferred,0.0001,80,"0.5,1","1,1",zero,pyramid_local_field,True,1.0,6.264031315933437,0.9980734879249143,0.01412061154262711,1.0038605491101236,0.2509651372775309,0,0,source_row:1446,source_row:1446,1.9380467098212927e-06,-1.9380467098212927e-06,0.0013921374608210544,0.0771600900243838,0.9999976476960375,34.78821755483096,34.77200887496658,1.0,0.0,0.0
70,35,response_tables/trial_00035_hard_negative_structure_obs-empirical_prior-axis_edge_parallel_rel2x.npz,hard_negative_structure,empirical,axis_edge_parallel,2.0,4,16,40,756,10,0.01,0.92,0.001,1e-06,inferred,0.0001,80,"0.5,1","1,1",joint,pyramid_local_field,True,1.0,1.4653503253545068,0.746421168472151,0.7701458754934885,1.6919289105587916,0.4229822276396979,0,0,source_row:1446,source_row:1446,0.023419824884895097,-0.023419824884895097,0.15303537135216516,8.482081233187863,0.9698204763213475,34.78821755483096,33.75393828684742,1.0,0.0,0.0
70,35,response_tables/trial_00035_hard_negative_structure_obs-empirical_prior-axis_edge_parallel_rel2x.npz,hard_negative_structure,empirical,axis_edge_parallel,2.0,4,16,40,756,10,0.01,0.92,0.001,1e-06,inferred,0.0001,80,"0.5,1","1,1",best_single_tau,pyramid_local_field,True,1.0,1.1111967159118876,0.6593074561963758,0.9295099171611821,2.033067877312114,0.5082669693280285,0,0,source_row:1446,source_row:1446,0.04090318503149709,-0.04090318503149709,0.2022453584918504,11.209575568091731,0.9470370535722994,34.78821755483096,33.87077069223985,1.0,0.0,0.0
70,35,response_tables/trial_00035_hard_negative_structure_obs-empirical_prior-axis_edge_parallel_rel2x.npz,hard_negative_structure,empirical,axis_edge_parallel,2.0,4,16,40,756,10,0.01,0.92,0.001,1e-06,inferred,0.0001,80,"0.5,1","1,1",linear_continuous,pyramid_local_field,True,1.0,17.14605954762584,0.9999999642265471,6.49147314079103e-07,1.0000000715469082,0.25000001788672704,0,0,source_row:1446,source_row:1446,6.806539229333858e-16,-6.806539229333858e-16,2.6089345007749538e-08,1.4460182748677008e-06,0.9999999999999997,34.78821755483096,34.78821725125658,1.0,0.0,0.0
70,35,response_tables/trial_00035_hard_negative_structure_obs-empirical_prior-axis_edge_parallel_rel2x.npz,hard_negative_structure,empirical,axis_edge_parallel,2.0,4,16,40,756,10,0.01,0.92,0.001,1e-06,inferred,0.0001,80,"0.5,1","1,1",quadratic_profile,pyramid_local_field,True,1.0,15.480592603268,0.9999998108248996,3.1177177817376635e-06,1.0000003783502724,0.2500000945875681,0,0,source_row:1446,source_row:1446,1.9034104679343748e-14,-1.9034104679343748e-14,1.3796414273043467e-07,7.646748954617511e-06,0.9999999999999769,34.78821755483096,34.788215949486336,1.0,0.0,0.0
70,35,response_tables/trial_00035_hard_negative_structure_obs-empirical_prior-axis_edge_parallel_rel2x.npz,hard_negative_structure,empirical,axis_edge_parallel,2.0,4,16,40,756,10,0.01,0.92,0.001,1e-06,inferred,0.0001,80,"0.5,1","1,1",quadratic_poisson,pyramid_local_field,True,1.0,2.4454591573436915,0.8599158849823202,0.5360123921187595,1.3371500306339104,0.3342875076584776,0,0,source_row:1446,source_row:1446,0.006479246284141842,-0.006479246284141842,0.08049376549858903,4.461417329154911,0.9918603220423692,34.78821755483096,33.973241131150935,1.0,0.0,0.0
70,35,response_tables/trial_00035_hard_negative_structure_obs-empirical_prior-axis_edge_parallel_rel2x.npz,hard_negative_structure,empirical,axis_edge_parallel,2.0,4,16,40,756,10,0.01,0.92,0.001,1e-06,inferred,0.0001,80,"0.5,1","1,1",known,pyramid_local_field,True,1.0,2.6612984958150605,0.9339918166364262,0.24785043154480366,1.1407736343546508,0.2851934085886627,0,0,source_row:1446,source_row:1446,0.002281590081981871,-0.002281590081981871,0.04776599294458214,2.6474600529277694,0.9971553418605614,34.78821755483096,34.32386249184001,1.0,0.0,0.0
71,35,response_tables/trial_00035_hard_negative_structure_obs-empirical_prior-axis_edge_orthogonal_rel2x.npz,hard_negative_structure,empirical,axis_edge_orthogonal,2.0,4,16,40,756,10,0.01,0.92,0.001,1e-06,inferred,0.0001,80,"0.5,1","1,1",zero,pyramid_local_field,True,1.0,6.264031315933437,0.9980734879249143,0.01412061154262711,1.0038605491101236,0.2509651372775309,0,0,source_row:1446,source_row:1446,1.9380467098212927e-06,-1.9380467098212927e-06,0.0013921374608210544,0.0771600900243838,0.9999976476960375,34.78821755483096,34.77200887496658,1.0,0.0,0.0
71,35,response_tables/trial_00035_hard_negative_structure_obs-empirical_prior-axis_edge_orthogonal_rel2x.npz,hard_negative_structure,empirical,axis_edge_orthogonal,2.0,4,16,40,756,10,0.01,0.92,0.001,1e-06,inferred,0.0001,80,"0.5,1","1,1",joint,pyramid_local_field,True,1.0,2.126678173987102,0.8132988639535277,0.6726395496757014,1.481690102883218,0.3704225257208045,0,0,source_row:1446,source_row:1446,0.010802743063186121,-0.010802743063186121,0.1039362451851428,5.76073143707531,0.9864637433382006,34.78821755483096,33.51477163613243,1.0,0.0,0.0
71,35,response_tables/trial_00035_hard_negative_structure_obs-empirical_prior-axis_edge_orthogonal_rel2x.npz,hard_negative_structure,empirical,axis_edge_orthogonal,2.0,4,16,40,756,10,0.01,0.92,0.001,1e-06,inferred,0.0001,80,"0.5,1","1,1",best_single_tau,pyramid_local_field,True,1.0,2.5320611999326843,0.8615307968853846,0.5448818879434923,1.334227207740216,0.333556801935054,0,0,source_row:1446,source_row:1446,0.005935868872313119,-0.005935868872313119,0.07704459015604612,4.270244627154971,0.9926309860582734,34.78821755483096,33.85035723139802,1.0,0.0,0.0
71,35,response_tables/trial_00035_hard_negative_structure_obs-empirical_prior-axis_edge_orthogonal_rel2x.npz,hard_negative_structure,empirical,axis_edge_orthogonal,2.0,4,16,40,756,10,0.01,0.92,0.001,1e-06,inferred,0.0001,80,"0.5,1","1,1",linear_continuous,pyramid_local_field,True,1.0,27.18368121437655,0.9999999999984368,4.408243657327297e-11,1.0000000000031264,0.2500000000007816,0,0,source_row:1446,source_row:1446,1.3009616754750437e-24,-1.3009616754750437e-24,1.1405970697292903e-12,6.321830642353e-11,1.0000000000000004,34.78821755483096,34.78821755481771,1.0,0.0,0.0
71,35,response_tables/trial_00035_hard_negative_structure_obs-empirical_prior-axis_edge_orthogonal_rel2x.npz,hard_negative_structure,empirical,axis_edge_orthogonal,2.0,4,16,40,756,10,0.01,0.92,0.001,1e-06,inferred,0.0001,80,"0.5,1","1,1",quadratic_profile,pyramid_local_field,True,1.0,32.52115325015288,0.9999999999999929,2.5167844172645925e-13,1.0000000000000142,0.25000000000000355,0,0,source_row:1446,source_row:1446,2.95174265218434e-29,-2.95174265218434e-29,5.432994250120591e-15,3.0112710651002996e-13,1.0000000000000002,34.78821755483096,34.78821755483091,1.0,0.0,0.0
71,35,response_tables/trial_00035_hard_negative_structure_obs-empirical_prior-axis_edge_orthogonal_rel2x.npz,hard_negative_structure,empirical,axis_edge_orthogonal,2.0,4,16,40,756,10,0.01,0.92,0.001,1e-06,inferred,0.0001,80,"0.5,1","1,1",quadratic_poisson,pyramid_local_field,True,1.0,2.644170958766324,0.8816149180468035,0.48237320986051035,1.2774280842617283,0.31935702106543207,0,0,source_row:1446,source_row:1446,0.0044392422476689005,-0.0044392422476689005,0.06662763876702296,3.6928785770505455,0.9945143628091185,34.78821755483096,33.968006275579164,1.0,0.0,0.0
71,35,response_tables/trial_00035_hard_negative_structure_obs-empirical_prior-axis_edge_orthogonal_rel2x.npz,hard_negative_structure,empirical,axis_edge_orthogonal,2.0,4,16,40,756,10,0.01,0.92,0.001,1e-06,inferred,0.0001,80,"0.5,1","1,1",known,pyramid_local_field,True,1.0,2.6612984958150605,0.9339918166364262,0.24785043154480366,1.1407736343546508,0.2851934085886627,0,0,source_row:1446,source_row:1446,0.002281590081981871,-0.002281590081981871,0.04776599294458214,2.6474600529277694,0.9971553418605614,34.78821755483096,34.32386249184001,1.0,0.0,0.0
72,36,response_tables/trial_00036_hard_negative_structure_obs-empirical_prior-axis_edge_parallel_rel0p5x.npz,hard_negative_structure,empirical,axis_edge_parallel,0.5,4,16,40,756,10,0.01,0.92,0.001,1e-06,inferred,0.0001,80,"0.5,1","1,1",zero,pyramid_local_field,False,2.0,-0.5695685171708647,0.319994347230392,1.0043173168695412,2.3258926090749283,0.5814731522687321,3,0,source_row:10803,source_row:1523,0.3309183073811143,-0.3309183073811143,0.5752549933560892,31.88386802561419,0.7405425073132238,45.115038397764515,43.279556381359974,0.49656305388088195,0.8168373387655666,0.9037905392100355
72,36,response_tables/trial_00036_hard_negative_structure_obs-empirical_prior-axis_edge_parallel_rel0p5x.npz,hard_negative_structure,empirical,axis_edge_parallel,0.5,4,16,40,756,10,0.01,0.92,0.001,1e-06,inferred,0.0001,80,"0.5,1","1,1",joint,pyramid_local_field,True,1.0,1.02821980727947,0.6199644895417038,0.9761123798413301,2.203697912345623,0.5509244780864058,0,0,source_row:1523,source_row:1523,0.08118644262542074,-0.08118644262542074,0.284932347453603,15.792553680304287,0.9379517426003344,45.115038397764515,40.15726345911229,1.0000000000000002,0.0,0.0
72,36,response_tables/trial_00036_hard_negative_structure_obs-empirical_prior-axis_edge_parallel_rel0p5x.npz,hard_negative_structure,empirical,axis_edge_parallel,0.5,4,16,40,756,10,0.01,0.92,0.001,1e-06,inferred,0.0001,80,"0.5,1","1,1",best_single_tau,pyramid_local_field,True,1.0,1.3498527893979713,0.660607344702513,0.9228912860236519,2.0415576562074818,0.5103894140518704,0,0,source_row:1523,source_row:1523,0.061940190421198665,-0.061940190421198665,0.2488778624570668,13.794211284952913,0.9541250167756852,45.115038397764515,40.24915763627001,1.0000000000000002,0.0,0.0
72,36,response_tables/trial_00036_hard_negative_structure_obs-empirical_prior-axis_edge_parallel_rel0p5x.npz,hard_negative_structure,empirical,axis_edge_parallel,0.5,4,16,40,756,10,0.01,0.92,0.001,1e-06,inferred,0.0001,80,"0.5,1","1,1",linear_continuous,pyramid_local_field,False,2.0,-34.26189130618627,1.3190147926537524e-15,4.525257500964438e-14,1.0,0.25,3,0,source_row:10803,source_row:1523,0.8168373387655659,-0.8168373387655659,0.903790539210035,50.093156265979275,0.4965630538808828,45.115038397764515,53.640705188091594,0.49656305388088195,0.8168373387655666,0.9037905392100355
72,36,response_tables/trial_00036_hard_negative_structure_obs-empirical_prior-axis_edge_parallel_rel0p5x.npz,hard_negative_structure,empirical,axis_edge_parallel,0.5,4,16,40,756,10,0.01,0.92,0.001,1e-06,inferred,0.0001,80,"0.5,1","1,1",quadratic_profile,pyramid_local_field,True,1.0,16.051716885600474,0.9999998930760249,1.823691899330667e-06,1.000000213847973,0.2500000534619933,0,0,source_row:1523,source_row:1523,9.332815731530812e-15,-9.332815731530812e-15,9.660649942695787e-08,5.35447569116367e-06,0.999999999999994,45.115038397764515,45.11503642176581,1.0000000000000002,0.0,0.0
72,36,response_tables/trial_00036_hard_negative_structure_obs-empirical_prior-axis_edge_parallel_rel0p5x.npz,hard_negative_structure,empirical,axis_edge_parallel,0.5,4,16,40,756,10,0.01,0.92,0.001,1e-06,inferred,0.0001,80,"0.5,1","1,1",quadratic_poisson,pyramid_local_field,True,1.0,1.3667187854138092,0.7144809751208457,0.8396338245420014,1.8159919257537998,0.45399798143844994,0,0,source_row:1523,source_row:1523,0.048016303498103347,-0.048016303498103347,0.21912622731682155,12.145208287475908,0.9647431694537779,45.115038397764515,40.97197964968145,1.0000000000000002,0.0,0.0
72,36,response_tables/trial_00036_hard_negative_structure_obs-empirical_prior-axis_edge_parallel_rel0p5x.npz,hard_negative_structure,empirical,axis_edge_parallel,0.5,4,16,40,756,10,0.01,0.92,0.001,1e-06,inferred,0.0001,80,"0.5,1","1,1",known,pyramid_local_field,True,1.0,1.7800129145272194,0.8078537737329955,0.6243704315339423,1.4843192793623823,0.37107981984059557,0,0,source_row:1523,source_row:1523,0.0227502114871259,-0.0227502114871259,0.15083173236134995,8.359943162991646,0.9840114708316502,45.115038397764515,42.08635373601052,1.0000000000000002,0.0,0.0
73,36,response_tables/trial_00036_hard_negative_structure_obs-empirical_prior-axis_edge_orthogonal_rel0p5x.npz,hard_negative_structure,empirical,axis_edge_orthogonal,0.5,4,16,40,756,10,0.01,0.92,0.001,1e-06,inferred,0.0001,80,"0.5,1","1,1",zero,pyramid_local_field,False,2.0,-0.5695685171708647,0.319994347230392,1.0043173168695412,2.3258926090749283,0.5814731522687321,3,0,source_row:10803,source_row:1523,0.3309183073811143,-0.3309183073811143,0.5752549933560892,31.88386802561419,0.7405425073132238,45.115038397764515,43.279556381359974,0.49656305388088195,0.8168373387655666,0.9037905392100355
73,36,response_tables/trial_00036_hard_negative_structure_obs-empirical_prior-axis_edge_orthogonal_rel0p5x.npz,hard_negative_structure,empirical,axis_edge_orthogonal,0.5,4,16,40,756,10,0.01,0.92,0.001,1e-06,inferred,0.0001,80,"0.5,1","1,1",joint,pyramid_local_field,True,1.0,1.571388440513715,0.7358540465916721,0.7987245068359135,1.7404774332199213,0.43511935830498033,0,0,source_row:1523,source_row:1523,0.03915038117066346,-0.03915038117066346,0.19786455258753008,10.966766659151554,0.9719431711179227,45.115038397764515,41.08152652020872,1.0000000000000002,0.0,0.0
73,36,response_tables/trial_00036_hard_negative_structure_obs-empirical_prior-axis_edge_orthogonal_rel0p5x.npz,hard_negative_structure,empirical,axis_edge_orthogonal,0.5,4,16,40,756,10,0.01,0.92,0.001,1e-06,inferred,0.0001,80,"0.5,1","1,1",best_single_tau,pyramid_local_field,True,1.0,1.6579348056758363,0.7561086446670404,0.7579586002066074,1.6659579406418918,0.41648948516047296,0,0,source_row:1523,source_row:1523,0.03362992653624027,-0.03362992653624027,0.1833846409496724,10.164208494483479,0.9761534437264641,45.115038397764515,41.31971673164601,1.0000000000000002,0.0,0.0
73,36,response_tables/trial_00036_hard_negative_structure_obs-empirical_prior-axis_edge_orthogonal_rel0p5x.npz,hard_negative_structure,empirical,axis_edge_orthogonal,0.5,4,16,40,756,10,0.01,0.92,0.001,1e-06,inferred,0.0001,80,"0.5,1","1,1",linear_continuous,pyramid_local_field,True,1.0,5.136497618691202,0.9941537663866629,0.03591196145031326,1.0117608476028868,0.2529402119007217,0,0,source_row:1523,source_row:1523,2.7909281704517254e-05,-2.7909281704517254e-05,0.00528292359442357,0.29280934649747264,0.9999817188286912,45.115038397764515,45.00781712252837,1.0000000000000002,0.0,0.0
73,36,response_tables/trial_00036_hard_negative_structure_obs-empirical_prior-axis_edge_orthogonal_rel0p5x.npz,hard_negative_structure,empirical,axis_edge_orthogonal,0.5,4,16,40,756,10,0.01,0.92,0.001,1e-06,inferred,0.0001,80,"0.5,1","1,1",quadratic_profile,pyramid_local_field,True,1.0,16.142367393309904,0.9999999023034508,1.6754060597607086e-06,1.0000001953931175,0.25000004884827937,0,0,source_row:1523,source_row:1523,7.788069545643813e-15,-7.788069545643813e-15,8.825003991865281e-08,4.891313693090824e-06,0.999999999999995,45.115038397764515,45.115036592199104,1.0000000000000002,0.0,0.0
73,36,response_tables/trial_00036_hard_negative_structure_obs-empirical_prior-axis_edge_orthogonal_rel0p5x.npz,hard_negative_structure,empirical,axis_edge_orthogonal,0.5,4,16,40,756,10,0.01,0.92,0.001,1e-06,inferred,0.0001,80,"0.5,1","1,1",quadratic_poisson,pyramid_local_field,True,1.0,1.4562729636966765,0.7359668514535317,0.7962911704551436,1.7338555969967648,0.4334638992491912,0,0,source_row:1523,source_row:1523,0.04138481276807334,-0.04138481276807334,0.2034325754840491,11.275377812894844,0.9699267793886832,45.115038397764515,41.19803690715916,1.0000000000000002,0.0,0.0
73,36,response_tables/trial_00036_hard_negative_structure_obs-empirical_prior-axis_edge_orthogonal_rel0p5x.npz,hard_negative_structure,empirical,axis_edge_orthogonal,0.5,4,16,40,756,10,0.01,0.92,0.001,1e-06,inferred,0.0001,80,"0.5,1","1,1",known,pyramid_local_field,True,1.0,1.7800129145272194,0.8078537737329955,0.6243704315339423,1.4843192793623823,0.37107981984059557,0,0,source_row:1523,source_row:1523,0.0227502114871259,-0.0227502114871259,0.15083173236134995,8.359943162991646,0.9840114708316502,45.115038397764515,42.08635373601052,1.0000000000000002,0.0,0.0
74,37,response_tables/trial_00037_hard_negative_structure_obs-empirical_prior-axis_edge_parallel_rel1x.npz,hard_negative_structure,empirical,axis_edge_parallel,1.0,4,16,40,756,10,0.01,0.92,0.001,1e-06,inferred,0.0001,80,"0.5,1","1,1",zero,pyramid_local_field,False,3.0,-4.662671966353685,0.007019266738088583,0.6091788096603636,1.627450096152987,0.40686252403824674,3,0,source_row:10803,source_row:1523,0.6966630632791015,-0.6966630632791015,0.8346634431189026,46.26174370247408,0.5196601235598268,45.115038397764515,49.02624134537823,0.49656305388088195,0.8168373387655666,0.9037905392100355
74,37,response_tables/trial_00037_hard_negative_structure_obs-empirical_prior-axis_edge_parallel_rel1x.npz,hard_negative_structure,empirical,axis_edge_parallel,1.0,4,16,40,756,10,0.01,0.92,0.001,1e-06,inferred,0.0001,80,"0.5,1","1,1",joint,pyramid_local_field,True,1.0,1.094363758906752,0.6360020910829539,0.9407383844220983,2.1289563152012865,0.5322390788003216,0,0,source_row:1523,source_row:1523,0.07438307845233533,-0.07438307845233533,0.2727326134739579,15.116375789374056,0.9435737117010345,45.115038397764515,40.26960365904628,1.0000000000000002,0.0,0.0
74,37,response_tables/trial_00037_hard_negative_structure_obs-empirical_prior-axis_edge_parallel_rel1x.npz,hard_negative_structure,empirical,axis_edge_parallel,1.0,4,16,40,756,10,0.01,0.92,0.001,1e-06,inferred,0.0001,80,"0.5,1","1,1",best_single_tau,pyramid_local_field,True,1.0,1.1626322777509586,0.6416456475544299,0.937058977681449,2.110921095140664,0.527730273785166,0,0,source_row:1523,source_row:1523,0.07101727889577755,-0.07101727889577755,0.26649067318721975,14.770412342511927,0.9464593662577604,45.115038397764515,40.23987243939941,1.0000000000000002,0.0,0.0
74,37,response_tables/trial_00037_hard_negative_structure_obs-empirical_prior-axis_edge_parallel_rel1x.npz,hard_negative_structure,empirical,axis_edge_parallel,1.0,4,16,40,756,10,0.01,0.92,0.001,1e-06,inferred,0.0001,80,"0.5,1","1,1",linear_continuous,pyramid_local_field,False,2.0,-24.80676760286852,1.6848363207228347e-11,4.3480750426280725e-10,1.0000000000337081,0.25000000000842704,3,0,source_row:10803,source_row:1523,0.8168373387380358,-0.8168373387380358,0.9037905391948047,50.09315626513512,0.49656305389155836,45.115038397764515,53.64070518756495,0.49656305388088195,0.8168373387655666,0.9037905392100355
74,37,response_tables/trial_00037_hard_negative_structure_obs-empirical_prior-axis_edge_parallel_rel1x.npz,hard_negative_structure,empirical,axis_edge_parallel,1.0,4,16,40,756,10,0.01,0.92,0.001,1e-06,inferred,0.0001,80,"0.5,1","1,1",quadratic_profile,pyramid_local_field,False,3.0,-10.283518675797282,2.4221966872704002e-05,0.6038208174076315,1.7039969239152968,0.4259992309788242,1,0,source_row:9778,source_row:1523,0.5204590197404411,-0.5204590197404411,0.7214284578116121,39.985623774584724,0.5855787421995338,45.115038397764515,42.586761425874585,0.5435790476681167,0.5978614782215249,0.7732150271570806
74,37,response_tables/trial_00037_hard_negative_structure_obs-empirical_prior-axis_edge_parallel_rel1x.npz,hard_negative_structure,empirical,axis_edge_parallel,1.0,4,16,40,756,10,0.01,0.92,0.001,1e-06,inferred,0.0001,80,"0.5,1","1,1",quadratic_poisson,pyramid_local_field,True,1.0,0.7716918545661429,0.6105074723906251,0.9576686094220761,2.1758357665822645,0.5439589416455661,0,0,source_row:1523,source_row:1523,0.09575127981440164,-0.09575127981440164,0.3094370369144612,17.150741429741217,0.9252554014270018,45.115038397764515,40.62324804250179,1.0000000000000002,0.0,0.0
74,37,response_tables/trial_00037_hard_negative_structure_obs-empirical_prior-axis_edge_parallel_rel1x.npz,hard_negative_structure,empirical,axis_edge_parallel,1.0,4,16,40,756,10,0.01,0.92,0.001,1e-06,inferred,0.0001,80,"0.5,1","1,1",known,pyramid_local_field,True,1.0,2.534346389264954,0.9018211736229653,0.387048618891944,1.2210286407014976,0.3052571601753744,0,0,source_row:1523,source_row:1523,0.006033509367593957,-0.006033509367593957,0.07767566779625365,4.305222500318496,0.9960160121453298,45.115038397764515,43.40249467669424,1.0000000000000002,0.0,0.0
75,37,response_tables/trial_00037_hard_negative_structure_obs-empirical_prior-axis_edge_orthogonal_rel1x.npz,hard_negative_structure,empirical,axis_edge_orthogonal,1.0,4,16,40,756,10,0.01,0.92,0.001,1e-06,inferred,0.0001,80,"0.5,1","1,1",zero,pyramid_local_field,False,3.0,-4.662671966353685,0.007019266738088583,0.6091788096603636,1.627450096152987,0.40686252403824674,3,0,source_row:10803,source_row:1523,0.6966630632791015,-0.6966630632791015,0.8346634431189026,46.26174370247408,0.5196601235598268,45.115038397764515,49.02624134537823,0.49656305388088195,0.8168373387655666,0.9037905392100355
75,37,response_tables/trial_00037_hard_negative_structure_obs-empirical_prior-axis_edge_orthogonal_rel1x.npz,hard_negative_structure,empirical,axis_edge_orthogonal,1.0,4,16,40,756,10,0.01,0.92,0.001,1e-06,inferred,0.0001,80,"0.5,1","1,1",joint,pyramid_local_field,True,1.0,2.1062195801982853,0.8365204286987877,0.5761073471559472,1.4022433974940405,0.3505608493735101,0,0,source_row:1523,source_row:1523,0.015430320992655162,-0.015430320992655162,0.12421884314650158,6.884907122789432,0.989574770508775,45.115038397764515,42.3676813544757,1.0000000000000002,0.0,0.0
75,37,response_tables/trial_00037_hard_negative_structure_obs-empirical_prior-axis_edge_orthogonal_rel1x.npz,hard_negative_structure,empirical,axis_edge_orthogonal,1.0,4,16,40,756,10,0.01,0.92,0.001,1e-06,inferred,0.0001,80,"0.5,1","1,1",best_single_tau,pyramid_local_field,True,1.0,1.913685179020149,0.809311443918542,0.6349632514007701,1.4848156410877678,0.37120391027194194,0,0,source_row:1523,source_row:1523,0.021004968141564925,-0.021004968141564925,0.14493090816511475,8.03288628893049,0.9855194538443153,45.115038397764515,42.010705797833104,1.0000000000000002,0.0,0.0
75,37,response_tables/trial_00037_hard_negative_structure_obs-empirical_prior-axis_edge_orthogonal_rel1x.npz,hard_negative_structure,empirical,axis_edge_orthogonal,1.0,4,16,40,756,10,0.01,0.92,0.001,1e-06,inferred,0.0001,80,"0.5,1","1,1",linear_continuous,pyramid_local_field,True,1.0,6.372786812087412,0.9980509870187687,0.014846689638473791,1.0039064645517588,0.2509766161379397,0,0,source_row:1523,source_row:1523,2.9643670800698823e-06,-2.9643670800698823e-06,0.0017217337425019822,0.0954281702118126,0.9999982663907202,45.115038397764515,45.069688996124846,1.0000000000000002,0.0,0.0
75,37,response_tables/trial_00037_hard_negative_structure_obs-empirical_prior-axis_edge_orthogonal_rel1x.npz,hard_negative_structure,empirical,axis_edge_orthogonal,1.0,4,16,40,756,10,0.01,0.92,0.001,1e-06,inferred,0.0001,80,"0.5,1","1,1",quadratic_profile,pyramid_local_field,True,1.0,12.944823700045625,0.9999973020130442,3.825535359249178e-05,1.0000053959899482,0.25000134899748705,0,0,source_row:1523,source_row:1523,5.257713742473193e-12,-5.257713742473193e-12,2.2929705062370937e-06,0.0001270893253459064,0.9999999999966611,45.115038397764515,45.11498779974737,1.0000000000000002,0.0,0.0
75,37,response_tables/trial_00037_hard_negative_structure_obs-empirical_prior-axis_edge_orthogonal_rel1x.npz,hard_negative_structure,empirical,axis_edge_orthogonal,1.0,4,16,40,756,10,0.01,0.92,0.001,1e-06,inferred,0.0001,80,"0.5,1","1,1",quadratic_poisson,pyramid_local_field,True,1.0,0.579908498350278,0.5659127907003026,1.0070552253459297,2.331672438630339,0.5829181096575847,0,0,source_row:1523,source_row:1523,0.11983272111801736,-0.11983272111801736,0.34616863104275836,19.186613022483915,0.9050792601544412,45.115038397764515,40.57260693208628,1.0000000000000002,0.0,0.0
75,37,response_tables/trial_00037_hard_negative_structure_obs-empirical_prior-axis_edge_orthogonal_rel1x.npz,hard_negative_structure,empirical,axis_edge_orthogonal,1.0,4,16,40,756,10,0.01,0.92,0.001,1e-06,inferred,0.0001,80,"0.5,1","1,1",known,pyramid_local_field,True,1.0,2.534346389264954,0.9018211736229653,0.387048618891944,1.2210286407014976,0.3052571601753744,0,0,source_row:1523,source_row:1523,0.006033509367593957,-0.006033509367593957,0.07767566779625365,4.305222500318496,0.9960160121453298,45.115038397764515,43.40249467669424,1.0000000000000002,0.0,0.0
76,38,response_tables/trial_00038_hard_negative_structure_obs-empirical_prior-axis_edge_parallel_rel2x.npz,hard_negative_structure,empirical,axis_edge_parallel,2.0,4,16,40,756,10,0.01,0.92,0.001,1e-06,inferred,0.0001,80,"0.5,1","1,1",zero,pyramid_local_field,False,4.0,-10.957994326221637,1.0268394276226734e-05,0.6772781384909689,1.9379452605458494,0.48448631513646234,2,0,source_row:5781,source_row:1523,0.6938826898248783,-0.6938826898248783,0.8329962123712679,46.16933639486305,0.5000598567580441,45.115038397764515,47.16112294869945,0.41918713020370957,0.8852595666479525,0.9408823341140764
76,38,response_tables/trial_00038_hard_negative_structure_obs-empirical_prior-axis_edge_parallel_rel2x.npz,hard_negative_structure,empirical,axis_edge_parallel,2.0,4,16,40,756,10,0.01,0.92,0.001,1e-06,inferred,0.0001,80,"0.5,1","1,1",joint,pyramid_local_field,False,3.0,-0.8623296940003229,0.1747596280028318,1.30549556770489,3.4182223497727326,0.8545555874431832,3,0,source_row:10803,source_row:1523,0.37725395180884713,-0.37725395180884713,0.6142100225564926,34.04297489874788,0.6919912234833174,45.115038397764515,41.128628459939755,0.49656305388088195,0.8168373387655666,0.9037905392100355
76,38,response_tables/trial_00038_hard_negative_structure_obs-empirical_prior-axis_edge_parallel_rel2x.npz,hard_negative_structure,empirical,axis_edge_parallel,2.0,4,16,40,756,10,0.01,0.92,0.001,1e-06,inferred,0.0001,80,"0.5,1","1,1",best_single_tau,pyramid_local_field,False,2.0,-0.2362389717429778,0.2764393747917605,1.3457370466769043,3.701573370110765,0.9253933425276912,3,0,source_row:10803,source_row:1523,0.2914837046547978,-0.2914837046547978,0.539892308386402,29.923869079708574,0.7592873590983567,45.115038397764515,40.04279480850177,0.49656305388088195,0.8168373387655666,0.9037905392100355
76,38,response_tables/trial_00038_hard_negative_structure_obs-empirical_prior-axis_edge_parallel_rel2x.npz,hard_negative_structure,empirical,axis_edge_parallel,2.0,4,16,40,756,10,0.01,0.92,0.001,1e-06,inferred,0.0001,80,"0.5,1","1,1",linear_continuous,pyramid_local_field,True,1.0,1.0940273935833034,0.7491393471785488,0.5632786946307526,1.6022025064485061,0.40055062661212654,0,0,source_row:1523,source_row:1523,0.05140444540341971,-0.05140444540341971,0.22672548468008555,12.566401882770794,0.9608022759967624,45.115038397764515,42.13080449707245,1.0000000000000002,0.0,0.0
76,38,response_tables/trial_00038_hard_negative_structure_obs-empirical_prior-axis_edge_parallel_rel2x.npz,hard_negative_structure,empirical,axis_edge_parallel,2.0,4,16,40,756,10,0.01,0.92,0.001,1e-06,inferred,0.0001,80,"0.5,1","1,1",quadratic_profile,pyramid_local_field,False,2.0,-8.204985728280533,0.0002732105650082568,0.0026259549331240782,1.000564147110932,0.250141036777733,1,0,source_row:9778,source_row:1523,0.5975307590587958,-0.5975307590587958,0.7730011378120966,42.84407183997129,0.543775731790502,45.115038397764515,44.58463357532956,0.5435790476681167,0.5978614782215249,0.7732150271570806
76,38,response_tables/trial_00038_hard_negative_structure_obs-empirical_prior-axis_edge_parallel_rel2x.npz,hard_negative_structure,empirical,axis_edge_parallel,2.0,4,16,40,756,10,0.01,0.92,0.001,1e-06,inferred,0.0001,80,"0.5,1","1,1",quadratic_poisson,pyramid_local_field,False,2.0,-0.20080583396531893,0.37363646460309113,1.1152715412109995,2.723105084348256,0.680776271087064,3,0,source_row:10803,source_row:1523,0.2479338339105869,-0.2479338339105869,0.4979295471355229,27.59805677531161,0.7995532807651526,45.115038397764515,41.31271236940812,0.49656305388088195,0.8168373387655666,0.9037905392100355
76,38,response_tables/trial_00038_hard_negative_structure_obs-empirical_prior-axis_edge_parallel_rel2x.npz,hard_negative_structure,empirical,axis_edge_parallel,2.0,4,16,40,756,10,0.01,0.92,0.001,1e-06,inferred,0.0001,80,"0.5,1","1,1",known,pyramid_local_field,True,1.0,5.768045009372031,0.9953693078976712,0.03345205664441965,1.0093150120539076,0.2523287530134769,0,0,source_row:1523,source_row:1523,1.3674235371096884e-05,-1.3674235371096884e-05,0.003697869031090323,0.20495670533068594,0.9999917181064011,45.115038397764515,45.02359330463949,1.0000000000000002,0.0,0.0
77,38,response_tables/trial_00038_hard_negative_structure_obs-empirical_prior-axis_edge_orthogonal_rel2x.npz,hard_negative_structure,empirical,axis_edge_orthogonal,2.0,4,16,40,756,10,0.01,0.92,0.001,1e-06,inferred,0.0001,80,"0.5,1","1,1",zero,pyramid_local_field,False,4.0,-10.957994326221637,1.0268394276226734e-05,0.6772781384909689,1.9379452605458494,0.48448631513646234,2,0,source_row:5781,source_row:1523,0.6938826898248783,-0.6938826898248783,0.8329962123712679,46.16933639486305,0.5000598567580441,45.115038397764515,47.16112294869945,0.41918713020370957,0.8852595666479525,0.9408823341140764
77,38,response_tables/trial_00038_hard_negative_structure_obs-empirical_prior-axis_edge_orthogonal_rel2x.npz,hard_negative_structure,empirical,axis_edge_orthogonal,2.0,4,16,40,756,10,0.01,0.92,0.001,1e-06,inferred,0.0001,80,"0.5,1","1,1",joint,pyramid_local_field,True,1.0,2.5428409073429066,0.8748234679863331,0.5014527242809308,1.2958599105412465,0.3239649776353116,0,0,source_row:1523,source_row:1523,0.008969155219539659,-0.008969155219539659,0.09470562401219718,5.2491184816524985,0.9941997474610434,45.115038397764515,42.850751753701545,1.0000000000000002,0.0,0.0
77,38,response_tables/trial_00038_hard_negative_structure_obs-empirical_prior-axis_edge_orthogonal_rel2x.npz,hard_negative_structure,empirical,axis_edge_orthogonal,2.0,4,16,40,756,10,0.01,0.92,0.001,1e-06,inferred,0.0001,80,"0.5,1","1,1",best_single_tau,pyramid_local_field,True,1.0,2.3046256238512797,0.8608460419050358,0.5319935724133774,1.3335065055825817,0.3333766263956454,0,0,source_row:1523,source_row:1523,0.011522824604488916,-0.011522824604488916,0.10734442046277448,5.949631684817973,0.9923452434465081,45.115038397764515,42.68237320914863,1.0000000000000002,0.0,0.0
77,38,response_tables/trial_00038_hard_negative_structure_obs-empirical_prior-axis_edge_orthogonal_rel2x.npz,hard_negative_structure,empirical,axis_edge_orthogonal,2.0,4,16,40,756,10,0.01,0.92,0.001,1e-06,inferred,0.0001,80,"0.5,1","1,1",linear_continuous,pyramid_local_field,True,1.0,88.13152788539753,1.0,7.997888418766947e-37,1.0,0.25,0,0,source_row:1523,source_row:1523,0.0,-0.0,0.0,0.0,1.0000000000000002,45.115038397764515,45.115038397764515,1.0000000000000002,0.0,0.0
77,38,response_tables/trial_00038_hard_negative_structure_obs-empirical_prior-axis_edge_orthogonal_rel2x.npz,hard_negative_structure,empirical,axis_edge_orthogonal,2.0,4,16,40,756,10,0.01,0.92,0.001,1e-06,inferred,0.0001,80,"0.5,1","1,1",quadratic_profile,pyramid_local_field,True,1.0,24.92010743802895,0.9999999999849081,3.915539018561442e-10,1.0000000000301839,0.25000000000754596,0,0,source_row:1523,source_row:1523,1.3583680367827464e-22,-1.3583680367827464e-22,1.1654904704813105e-11,6.459803873955151e-10,1.0000000000000002,45.115038397764515,45.115038397449645,1.0000000000000002,0.0,0.0
77,38,response_tables/trial_00038_hard_negative_structure_obs-empirical_prior-axis_edge_orthogonal_rel2x.npz,hard_negative_structure,empirical,axis_edge_orthogonal,2.0,4,16,40,756,10,0.01,0.92,0.001,1e-06,inferred,0.0001,80,"0.5,1","1,1",quadratic_poisson,pyramid_local_field,False,2.0,-0.045810862177859235,0.42993360858375423,1.0477809453097315,2.5251749431953545,0.6312937357988386,3,0,source_row:10803,source_row:1523,0.21737843697411152,-0.21737843697411152,0.46623860519492755,25.84156648472516,0.8250449796710192,45.115038397764515,41.451874909639756,0.49656305388088195,0.8168373387655666,0.9037905392100355
77,38,response_tables/trial_00038_hard_negative_structure_obs-empirical_prior-axis_edge_orthogonal_rel2x.npz,hard_negative_structure,empirical,axis_edge_orthogonal,2.0,4,16,40,756,10,0.01,0.92,0.001,1e-06,inferred,0.0001,80,"0.5,1","1,1",known,pyramid_local_field,True,1.0,5.768045009372031,0.9953693078976712,0.03345205664441965,1.0093150120539076,0.2523287530134769,0,0,source_row:1523,source_row:1523,1.3674235371096884e-05,-1.3674235371096884e-05,0.003697869031090323,0.20495670533068594,0.9999917181064011,45.115038397764515,45.02359330463949,1.0000000000000002,0.0,0.0
78,39,response_tables/trial_00039_hard_negative_structure_obs-empirical_prior-axis_edge_parallel_rel0p5x.npz,hard_negative_structure,empirical,axis_edge_parallel,0.5,4,16,40,756,10,0.01,0.92,0.001,1e-06,inferred,0.0001,80,"0.5,1","1,1",zero,pyramid_local_field,True,1.0,0.21906199713427554,0.5442100362564491,0.7792422618293592,2.0514875923310267,0.5128718980827567,0,0,source_row:1709,source_row:1709,0.1391407334274589,-0.1391407334274589,0.37301572812343836,20.674630180227016,0.9261339199310327,54.78713570327037,50.12337609142284,1.0000000000000002,0.0,0.0
78,39,response_tables/trial_00039_hard_negative_structure_obs-empirical_prior-axis_edge_parallel_rel0p5x.npz,hard_negative_structure,empirical,axis_edge_parallel,0.5,4,16,40,756,10,0.01,0.92,0.001,1e-06,inferred,0.0001,80,"0.5,1","1,1",joint,pyramid_local_field,True,1.0,0.3553284392843068,0.5860536350450305,0.6987918302978361,1.952312377665558,0.4880780944163895,0,0,source_row:1709,source_row:1709,0.11920960121971047,-0.11920960121971047,0.34526743434576984,19.136663631546398,0.9371135280301276,54.78713570327037,50.59437362113511,1.0000000000000002,0.0,0.0
78,39,response_tables/trial_00039_hard_negative_structure_obs-empirical_prior-axis_edge_parallel_rel0p5x.npz,hard_negative_structure,empirical,axis_edge_parallel,0.5,4,16,40,756,10,0.01,0.92,0.001,1e-06,inferred,0.0001,80,"0.5,1","1,1",best_single_tau,pyramid_local_field,True,1.0,0.2406007219848334,0.5553235637594579,0.7323322302972184,2.0039387054172826,0.5009846763543206,0,0,source_row:1709,source_row:1709,0.13592530468571346,-0.13592530468571346,0.3686804913278074,20.434346967655017,0.9278706719710078,54.78713570327037,50.425750706237636,1.0000000000000002,0.0,0.0
78,39,response_tables/trial_00039_hard_negative_structure_obs-empirical_prior-axis_edge_parallel_rel0p5x.npz,hard_negative_structure,empirical,axis_edge_parallel,0.5,4,16,40,756,10,0.01,0.92,0.001,1e-06,inferred,0.0001,80,"0.5,1","1,1",linear_continuous,pyramid_local_field,True,1.0,5.319083133695109,0.9951266243155998,0.030807179708851388,1.009794248671615,0.25244856216790373,0,0,source_row:1709,source_row:1709,1.6668555457386785e-05,-1.6668555457386785e-05,0.004082714226759789,0.2262869911530316,0.9999926855991758,54.78713570327037,54.70132004227795,1.0000000000000002,0.0,0.0
78,39,response_tables/trial_00039_hard_negative_structure_obs-empirical_prior-axis_edge_parallel_rel0p5x.npz,hard_negative_structure,empirical,axis_edge_parallel,0.5,4,16,40,756,10,0.01,0.92,0.001,1e-06,inferred,0.0001,80,"0.5,1","1,1",quadratic_profile,pyramid_local_field,True,1.0,10.336115578076441,0.9999675609630945,0.000367733197760779,1.0000648801783931,0.2500162200445983,0,0,source_row:1709,source_row:1709,7.385401049521057e-10,-7.385401049521057e-10,2.717609436530764e-05,0.0015062520381439717,0.9999999996769269,54.78713570327037,54.78656183611666,1.0000000000000002,0.0,0.0
78,39,response_tables/trial_00039_hard_negative_structure_obs-empirical_prior-axis_edge_parallel_rel0p5x.npz,hard_negative_structure,empirical,axis_edge_parallel,0.5,4,16,40,756,10,0.01,0.92,0.001,1e-06,inferred,0.0001,80,"0.5,1","1,1",quadratic_poisson,pyramid_local_field,True,1.0,0.23949435907215388,0.5483982601439836,0.7834942228788058,2.0523925253071003,0.5130981313267751,0,0,source_row:1709,source_row:1709,0.13606654454351827,-0.13606654454351827,0.3688719893723543,20.444960866621585,0.927863338706751,54.78713570327037,50.0860860620187,1.0000000000000002,0.0,0.0
78,39,response_tables/trial_00039_hard_negative_structure_obs-empirical_prior-axis_edge_parallel_rel0p5x.npz,hard_negative_structure,empirical,axis_edge_parallel,0.5,4,16,40,756,10,0.01,0.92,0.001,1e-06,inferred,0.0001,80,"0.5,1","1,1",known,pyramid_local_field,True,1.0,0.3013658341605776,0.5740937854678041,0.6911170935589448,1.9608984592329035,0.4902246148082259,0,0,source_row:1709,source_row:1709,0.12688965244447145,-0.12688965244447145,0.35621573862544514,19.743480248158285,0.9328508918581696,54.78713570327037,50.63306080173338,1.0000000000000002,0.0,0.0
79,39,response_tables/trial_00039_hard_negative_structure_obs-empirical_prior-axis_edge_orthogonal_rel0p5x.npz,hard_negative_structure,empirical,axis_edge_orthogonal,0.5,4,16,40,756,10,0.01,0.92,0.001,1e-06,inferred,0.0001,80,"0.5,1","1,1",zero,pyramid_local_field,True,1.0,0.21906199713427554,0.5442100362564491,0.7792422618293592,2.0514875923310267,0.5128718980827567,0,0,source_row:1709,source_row:1709,0.1391407334274589,-0.1391407334274589,0.37301572812343836,20.674630180227016,0.9261339199310327,54.78713570327037,50.12337609142284,1.0000000000000002,0.0,0.0
79,39,response_tables/trial_00039_hard_negative_structure_obs-empirical_prior-axis_edge_orthogonal_rel0p5x.npz,hard_negative_structure,empirical,axis_edge_orthogonal,0.5,4,16,40,756,10,0.01,0.92,0.001,1e-06,inferred,0.0001,80,"0.5,1","1,1",joint,pyramid_local_field,True,1.0,0.24873038535440628,0.5606934559923377,0.7002617829369092,1.978067809797191,0.4945169524492978,0,0,source_row:1709,source_row:1709,0.134712246625676,-0.134712246625676,0.36703166978569574,20.342960001781368,0.9285227076146679,54.78713570327037,50.59804992181219,1.0000000000000002,0.0,0.0
79,39,response_tables/trial_00039_hard_negative_structure_obs-empirical_prior-axis_edge_orthogonal_rel0p5x.npz,hard_negative_structure,empirical,axis_edge_orthogonal,0.5,4,16,40,756,10,0.01,0.92,0.001,1e-06,inferred,0.0001,80,"0.5,1","1,1",best_single_tau,pyramid_local_field,True,1.0,0.14189799960882965,0.5321728520149832,0.7266008685295181,2.014240477411754,0.5035601193529385,0,0,source_row:1709,source_row:1709,0.1513723383233545,-0.1513723383233545,0.38906598196623987,21.56422554439053,0.9192844529186053,54.78713570327037,50.48739274858782,1.0000000000000002,0.0,0.0
79,39,response_tables/trial_00039_hard_negative_structure_obs-empirical_prior-axis_edge_orthogonal_rel0p5x.npz,hard_negative_structure,empirical,axis_edge_orthogonal,0.5,4,16,40,756,10,0.01,0.92,0.001,1e-06,inferred,0.0001,80,"0.5,1","1,1",linear_continuous,pyramid_local_field,True,1.0,2.258001110697129,0.9053384635189102,0.3131922668761222,1.2068570625058088,0.3017142656264522,0,0,source_row:1709,source_row:1709,0.006289053350538081,-0.006289053350538081,0.07930355194149932,4.395448997867338,0.9970854911959423,54.78713570327037,53.267710596274206,1.0000000000000002,0.0,0.0
79,39,response_tables/trial_00039_hard_negative_structure_obs-empirical_prior-axis_edge_orthogonal_rel0p5x.npz,hard_negative_structure,empirical,axis_edge_orthogonal,0.5,4,16,40,756,10,0.01,0.92,0.001,1e-06,inferred,0.0001,80,"0.5,1","1,1",quadratic_profile,pyramid_local_field,True,1.0,5.525004576460446,0.9960299734809919,0.02591234268012277,1.0079715742575681,0.25199289356439203,0,0,source_row:1709,source_row:1709,1.1061779462365103e-05,-1.1061779462365103e-05,0.0033259253542984248,0.18434149426644453,0.9999951487499127,54.78713570327037,54.71716669460326,1.0000000000000002,0.0,0.0
79,39,response_tables/trial_00039_hard_negative_structure_obs-empirical_prior-axis_edge_orthogonal_rel0p5x.npz,hard_negative_structure,empirical,axis_edge_orthogonal,0.5,4,16,40,756,10,0.01,0.92,0.001,1e-06,inferred,0.0001,80,"0.5,1","1,1",quadratic_poisson,pyramid_local_field,True,1.0,0.22978385061023232,0.5463358386723196,0.7818653766462423,2.052550651220897,0.5131376628052242,0,0,source_row:1709,source_row:1709,0.13753661491779376,-0.13753661491779376,0.37085929261351097,20.555108392500937,0.9270368649847206,54.78713570327037,50.100265568031695,1.0000000000000002,0.0,0.0
79,39,response_tables/trial_00039_hard_negative_structure_obs-empirical_prior-axis_edge_orthogonal_rel0p5x.npz,hard_negative_structure,empirical,axis_edge_orthogonal,0.5,4,16,40,756,10,0.01,0.92,0.001,1e-06,inferred,0.0001,80,"0.5,1","1,1",known,pyramid_local_field,True,1.0,0.3013658341605776,0.5740937854678041,0.6911170935589448,1.9608984592329035,0.4902246148082259,0,0,source_row:1709,source_row:1709,0.12688965244447145,-0.12688965244447145,0.35621573862544514,19.743480248158285,0.9328508918581696,54.78713570327037,50.63306080173338,1.0000000000000002,0.0,0.0
80,40,response_tables/trial_00040_hard_negative_structure_obs-empirical_prior-axis_edge_parallel_rel1x.npz,hard_negative_structure,empirical,axis_edge_parallel,1.0,4,16,40,756,10,0.01,0.92,0.001,1e-06,inferred,0.0001,80,"0.5,1","1,1",zero,pyramid_local_field,False,2.0,-0.29112368738765326,0.39156818158066387,0.9732718183543251,2.3182443037538123,0.5795610759384531,1,0,source_row:8547,source_row:1709,0.22220153770372508,-0.22220153770372508,0.4713825810355375,26.126674565008145,0.8789958967949951,54.78713570327037,48.52348492503702,0.6538130777226014,0.7018401031520928,0.8377589767660463
80,40,response_tables/trial_00040_hard_negative_structure_obs-empirical_prior-axis_edge_parallel_rel1x.npz,hard_negative_structure,empirical,axis_edge_parallel,1.0,4,16,40,756,10,0.01,0.92,0.001,1e-06,inferred,0.0001,80,"0.5,1","1,1",joint,pyramid_local_field,True,1.0,0.15933914954501915,0.5383375191731841,0.7079847328782679,1.9978710672016418,0.49946776680041044,0,0,source_row:1709,source_row:1709,0.14861180014174497,-0.14861180014174497,0.38550201055473754,21.366690198424287,0.9208203306212267,54.78713570327037,50.58234144183007,1.0000000000000002,0.0,0.0
80,40,response_tables/trial_00040_hard_negative_structure_obs-empirical_prior-axis_edge_parallel_rel1x.npz,hard_negative_structure,empirical,axis_edge_parallel,1.0,4,16,40,756,10,0.01,0.92,0.001,1e-06,inferred,0.0001,80,"0.5,1","1,1",best_single_tau,pyramid_local_field,True,1.0,0.23682114671964882,0.5561293124245493,0.7175828746861348,1.9924643374950826,0.49811608437377064,0,0,source_row:1709,source_row:1709,0.13648202044940233,-0.13648202044940233,0.36943473097341883,20.47615117204803,0.9275501642158358,54.78713570327037,50.512817889955556,1.0000000000000002,0.0,0.0
80,40,response_tables/trial_00040_hard_negative_structure_obs-empirical_prior-axis_edge_parallel_rel1x.npz,hard_negative_structure,empirical,axis_edge_parallel,1.0,4,16,40,756,10,0.01,0.92,0.001,1e-06,inferred,0.0001,80,"0.5,1","1,1",linear_continuous,pyramid_local_field,False,2.0,-21.80808646658977,3.3796240077943097e-10,7.79080870264639e-09,1.000000000681922,0.2500000001704805,1,0,source_row:8547,source_row:1709,0.7018401026753809,-0.7018401026753809,0.8377589764815301,46.43331557641313,0.6538130779098486,54.78713570327037,56.73786066079807,0.6538130777226014,0.7018401031520928,0.8377589767660463
80,40,response_tables/trial_00040_hard_negative_structure_obs-empirical_prior-axis_edge_parallel_rel1x.npz,hard_negative_structure,empirical,axis_edge_parallel,1.0,4,16,40,756,10,0.01,0.92,0.001,1e-06,inferred,0.0001,80,"0.5,1","1,1",quadratic_profile,pyramid_local_field,False,2.0,-1.1289907350643063,0.24434740526366622,0.5560394958709562,1.5854984015026157,0.3963746003756539,1,0,source_row:8547,source_row:1709,0.40075830960602477,-0.40075830960602477,0.633054744556918,35.08745540944381,0.787262457933672,54.78713570327037,52.61110689995951,0.6538130777226014,0.7018401031520928,0.8377589767660463
80,40,response_tables/trial_00040_hard_negative_structure_obs-empirical_prior-axis_edge_parallel_rel1x.npz,hard_negative_structure,empirical,axis_edge_parallel,1.0,4,16,40,756,10,0.01,0.92,0.001,1e-06,inferred,0.0001,80,"0.5,1","1,1",quadratic_poisson,pyramid_local_field,True,1.0,0.15661286079796355,0.513650381419451,0.8803025705590128,2.1841890621381195,0.5460472655345299,0,0,source_row:1709,source_row:1709,0.14855374807678376,-0.14855374807678376,0.3854267090858958,21.362516567386898,0.9210906296670316,54.78713570327037,49.3090030126203,1.0000000000000002,0.0,0.0
80,40,response_tables/trial_00040_hard_negative_structure_obs-empirical_prior-axis_edge_parallel_rel1x.npz,hard_negative_structure,empirical,axis_edge_parallel,1.0,4,16,40,756,10,0.01,0.92,0.001,1e-06,inferred,0.0001,80,"0.5,1","1,1",known,pyramid_local_field,True,1.0,0.4435994050168688,0.6090561543862277,0.6701109667040481,1.9094565384336184,0.4773641346084046,0,0,source_row:1709,source_row:1709,0.10723325422209261,-0.10723325422209261,0.32746489006012935,18.149946472931223,0.943700790306037,54.78713570327037,50.72506070309115,1.0000000000000002,0.0,0.0
81,40,response_tables/trial_00040_hard_negative_structure_obs-empirical_prior-axis_edge_orthogonal_rel1x.npz,hard_negative_structure,empirical,axis_edge_orthogonal,1.0,4,16,40,756,10,0.01,0.92,0.001,1e-06,inferred,0.0001,80,"0.5,1","1,1",zero,pyramid_local_field,False,2.0,-0.29112368738765326,0.39156818158066387,0.9732718183543251,2.3182443037538123,0.5795610759384531,1,0,source_row:8547,source_row:1709,0.22220153770372508,-0.22220153770372508,0.4713825810355375,26.126674565008145,0.8789958967949951,54.78713570327037,48.52348492503702,0.6538130777226014,0.7018401031520928,0.8377589767660463
81,40,response_tables/trial_00040_hard_negative_structure_obs-empirical_prior-axis_edge_orthogonal_rel1x.npz,hard_negative_structure,empirical,axis_edge_orthogonal,1.0,4,16,40,756,10,0.01,0.92,0.001,1e-06,inferred,0.0001,80,"0.5,1","1,1",joint,pyramid_local_field,True,1.0,0.17986032954314624,0.5447253091098194,0.691179149623685,1.9849067964326055,0.49622669910815137,0,0,source_row:1709,source_row:1709,0.14539158864818516,-0.14539158864818516,0.38130248969575997,21.133929126578067,0.9226068231741097,54.78713570327037,50.64914584094585,1.0000000000000002,0.0,0.0
81,40,response_tables/trial_00040_hard_negative_structure_obs-empirical_prior-axis_edge_orthogonal_rel1x.npz,hard_negative_structure,empirical,axis_edge_orthogonal,1.0,4,16,40,756,10,0.01,0.92,0.001,1e-06,inferred,0.0001,80,"0.5,1","1,1",best_single_tau,pyramid_local_field,True,1.0,0.006493471690532715,0.5013917299230884,0.6971447223892732,2.001826802697953,0.5004567006744882,0,0,source_row:1709,source_row:1709,0.17429559198165426,-0.17429559198165426,0.4174872357110505,23.139491320416745,0.9066231016356281,54.78713570327037,50.692147746805446,1.0000000000000002,0.0,0.0
81,40,response_tables/trial_00040_hard_negative_structure_obs-empirical_prior-axis_edge_orthogonal_rel1x.npz,hard_negative_structure,empirical,axis_edge_orthogonal,1.0,4,16,40,756,10,0.01,0.92,0.001,1e-06,inferred,0.0001,80,"0.5,1","1,1",linear_continuous,pyramid_local_field,False,2.0,-3.7241655966147214,0.023564504635020297,0.11162657479068039,1.0482415475632643,0.26206038689081607,1,0,source_row:8547,source_row:1709,0.6691516483536084,-0.6691516483536084,0.8180168997970693,45.339098620752104,0.6668543902136599,54.78713570327037,56.253381581414985,0.6538130777226014,0.7018401031520928,0.8377589767660463
81,40,response_tables/trial_00040_hard_negative_structure_obs-empirical_prior-axis_edge_orthogonal_rel1x.npz,hard_negative_structure,empirical,axis_edge_orthogonal,1.0,4,16,40,756,10,0.01,0.92,0.001,1e-06,inferred,0.0001,80,"0.5,1","1,1",quadratic_profile,pyramid_local_field,True,1.0,3.2620358400260763,0.9631032033857503,0.15795337724047082,1.0765083598935437,0.2691270899733859,0,0,source_row:1709,source_row:1709,0.00095546658812719,-0.00095546658812719,0.03091062257747634,1.7132406015287893,0.9995721760534488,54.78713570327037,54.157557718390976,1.0000000000000002,0.0,0.0
81,40,response_tables/trial_00040_hard_negative_structure_obs-empirical_prior-axis_edge_orthogonal_rel1x.npz,hard_negative_structure,empirical,axis_edge_orthogonal,1.0,4,16,40,756,10,0.01,0.92,0.001,1e-06,inferred,0.0001,80,"0.5,1","1,1",quadratic_poisson,pyramid_local_field,True,1.0,0.11482737383721542,0.5031259248797559,0.8851406515262951,2.1954004818927877,0.5488501204731969,0,0,source_row:1709,source_row:1709,0.15500413251418296,-0.15500413251418296,0.39370564196387,21.821381603454213,0.9174327816433578,54.78713570327037,49.28202209713266,1.0000000000000002,0.0,0.0
81,40,response_tables/trial_00040_hard_negative_structure_obs-empirical_prior-axis_edge_orthogonal_rel1x.npz,hard_negative_structure,empirical,axis_edge_orthogonal,1.0,4,16,40,756,10,0.01,0.92,0.001,1e-06,inferred,0.0001,80,"0.5,1","1,1",known,pyramid_local_field,True,1.0,0.4435994050168688,0.6090561543862277,0.6701109667040481,1.9094565384336184,0.4773641346084046,0,0,source_row:1709,source_row:1709,0.10723325422209261,-0.10723325422209261,0.32746489006012935,18.149946472931223,0.943700790306037,54.78713570327037,50.72506070309115,1.0000000000000002,0.0,0.0
82,41,response_tables/trial_00041_hard_negative_structure_obs-empirical_prior-axis_edge_parallel_rel2x.npz,hard_negative_structure,empirical,axis_edge_parallel,2.0,4,16,40,756,10,0.01,0.92,0.001,1e-06,inferred,0.0001,80,"0.5,1","1,1",zero,pyramid_local_field,False,4.0,-4.3682706263704745,0.009942166951580678,0.6728096532624126,1.555840076823202,0.3889600192058005,2,0,source_row:87,source_row:1709,0.5109006794889853,-0.5109006794889853,0.7147731664584124,39.616750086171415,0.7031027526750363,54.78713570327037,31.329115139008454,0.6546315410308324,0.563259037639705,0.7505058545006195
82,41,response_tables/trial_00041_hard_negative_structure_obs-empirical_prior-axis_edge_parallel_rel2x.npz,hard_negative_structure,empirical,axis_edge_parallel,2.0,4,16,40,756,10,0.01,0.92,0.001,1e-06,inferred,0.0001,80,"0.5,1","1,1",joint,pyramid_local_field,True,1.0,0.34215542991159964,0.5832739923578736,0.6957503236475432,1.9537880786191515,0.4884470196547879,0,0,source_row:1709,source_row:1709,0.12100797821221493,-0.12100797821221493,0.347862010303245,19.280469627784594,0.9361136122209732,54.78713570327037,50.60805222265279,1.0000000000000002,0.0,0.0
82,41,response_tables/trial_00041_hard_negative_structure_obs-empirical_prior-axis_edge_parallel_rel2x.npz,hard_negative_structure,empirical,axis_edge_parallel,2.0,4,16,40,756,10,0.01,0.92,0.001,1e-06,inferred,0.0001,80,"0.5,1","1,1",best_single_tau,pyramid_local_field,True,1.0,0.3846248304514006,0.592344483097567,0.7035651315488411,1.9475632497936646,0.48689081244841614,0,0,source_row:1709,source_row:1709,0.11513884936058903,-0.11513884936058903,0.3393211596122308,18.807087633010315,0.9393774095881297,54.78713570327037,50.56878541595389,1.0000000000000002,0.0,0.0
82,41,response_tables/trial_00041_hard_negative_structure_obs-empirical_prior-axis_edge_parallel_rel2x.npz,hard_negative_structure,empirical,axis_edge_parallel,2.0,4,16,40,756,10,0.01,0.92,0.001,1e-06,inferred,0.0001,80,"0.5,1","1,1",linear_continuous,pyramid_local_field,False,4.0,-212.90016909099884,3.4564586641165208e-93,4.118386748752623e-16,1.0,0.25,3,0,source_row:10726,source_row:1709,0.8085519807156144,-0.8085519807156144,0.8991951849935665,49.838455882564894,0.49569121015189327,54.78713570327037,41.982188414052516,0.49569121015189327,0.8085519807156144,0.8991951849935665
82,41,response_tables/trial_00041_hard_negative_structure_obs-empirical_prior-axis_edge_parallel_rel2x.npz,hard_negative_structure,empirical,axis_edge_parallel,2.0,4,16,40,756,10,0.01,0.92,0.001,1e-06,inferred,0.0001,80,"0.5,1","1,1",quadratic_profile,pyramid_local_field,False,2.0,-6.10188116742124,0.0022294449801523487,0.029535840950759402,1.008268296351075,0.25206707408776874,1,0,source_row:8547,source_row:1709,0.69726268518696,-0.69726268518696,0.8350225656752995,46.28164829491644,0.6553024044085354,54.78713570327037,56.62228927256101,0.6538130777226014,0.7018401031520928,0.8377589767660463
82,41,response_tables/trial_00041_hard_negative_structure_obs-empirical_prior-axis_edge_parallel_rel2x.npz,hard_negative_structure,empirical,axis_edge_parallel,2.0,4,16,40,756,10,0.01,0.92,0.001,1e-06,inferred,0.0001,80,"0.5,1","1,1",quadratic_poisson,pyramid_local_field,True,1.0,0.30808756171018103,0.5414677704957387,0.9053704287893833,2.204244735402471,0.5510611838506178,0,0,source_row:1709,source_row:1709,0.12640271142837503,-0.12640271142837503,0.35553158991624784,19.70556087778189,0.9339783471121372,54.78713570327037,48.92330487199935,1.0000000000000002,0.0,0.0
82,41,response_tables/trial_00041_hard_negative_structure_obs-empirical_prior-axis_edge_parallel_rel2x.npz,hard_negative_structure,empirical,axis_edge_parallel,2.0,4,16,40,756,10,0.01,0.92,0.001,1e-06,inferred,0.0001,80,"0.5,1","1,1",known,pyramid_local_field,True,1.0,0.832515145775858,0.6968699055093089,0.613744068203786,1.7315984326240328,0.4328996081560082,0,0,source_row:1709,source_row:1709,0.06448420579521377,-0.06448420579521377,0.25393740526990854,14.074639611830092,0.9670434202334783,54.78713570327037,51.10837958801422,1.0000000000000002,0.0,0.0
83,41,response_tables/trial_00041_hard_negative_structure_obs-empirical_prior-axis_edge_orthogonal_rel2x.npz,hard_negative_structure,empirical,axis_edge_orthogonal,2.0,4,16,40,756,10,0.01,0.92,0.001,1e-06,inferred,0.0001,80,"0.5,1","1,1",zero,pyramid_local_field,False,4.0,-4.3682706263704745,0.009942166951580678,0.6728096532624126,1.555840076823202,0.3889600192058005,2,0,source_row:87,source_row:1709,0.5109006794889853,-0.5109006794889853,0.7147731664584124,39.616750086171415,0.7031027526750363,54.78713570327037,31.329115139008454,0.6546315410308324,0.563259037639705,0.7505058545006195
83,41,response_tables/trial_00041_hard_negative_structure_obs-empirical_prior-axis_edge_orthogonal_rel2x.npz,hard_negative_structure,empirical,axis_edge_orthogonal,2.0,4,16,40,756,10,0.01,0.92,0.001,1e-06,inferred,0.0001,80,"0.5,1","1,1",joint,pyramid_local_field,True,1.0,0.3341624258126785,0.5826220123032082,0.6816829948834664,1.9476535430661666,0.48691338576654164,0,0,source_row:1709,source_row:1709,0.12217000977816449,-0.12217000977816449,0.3495282674951548,19.37282297546027,0.935456311718106,54.78713570327037,50.669463847298196,1.0000000000000002,0.0,0.0
83,41,response_tables/trial_00041_hard_negative_structure_obs-empirical_prior-axis_edge_orthogonal_rel2x.npz,hard_negative_structure,empirical,axis_edge_orthogonal,2.0,4,16,40,756,10,0.01,0.92,0.001,1e-06,inferred,0.0001,80,"0.5,1","1,1",best_single_tau,pyramid_local_field,True,1.0,0.2431513011027846,0.5601895608522103,0.6902103922291156,1.9732644893218014,0.49331612233045036,0,0,source_row:1709,source_row:1709,0.135553436165506,-0.135553436165506,0.3681758223532691,20.40637537389809,0.9280531024235081,54.78713570327037,50.641174947938694,1.0000000000000002,0.0,0.0
83,41,response_tables/trial_00041_hard_negative_structure_obs-empirical_prior-axis_edge_orthogonal_rel2x.npz,hard_negative_structure,empirical,axis_edge_orthogonal,2.0,4,16,40,756,10,0.01,0.92,0.001,1e-06,inferred,0.0001,80,"0.5,1","1,1",linear_continuous,pyramid_local_field,False,4.0,-77.95579188170422,1.3938940150794276e-34,5.334872914532869e-12,1.0000000000003553,0.2500000000000888,3,0,source_row:10726,source_row:1709,0.8085519807154976,-0.8085519807154976,0.8991951849935016,49.8384558825613,0.49569121015194345,54.78713570327037,41.98218841404821,0.49569121015189327,0.8085519807156144,0.8991951849935665
83,41,response_tables/trial_00041_hard_negative_structure_obs-empirical_prior-axis_edge_orthogonal_rel2x.npz,hard_negative_structure,empirical,axis_edge_orthogonal,2.0,4,16,40,756,10,0.01,0.92,0.001,1e-06,inferred,0.0001,80,"0.5,1","1,1",quadratic_profile,pyramid_local_field,True,1.0,2.3940781496429118,0.916364555325292,0.28766893398899657,1.1810320821375064,0.2952580205343766,0,0,source_row:1709,source_row:1709,0.004908581990213403,-0.004908581990213403,0.07006127311299305,3.883189909589225,0.9977397636141103,54.78713570327037,53.42810730550308,1.0000000000000002,0.0,0.0
83,41,response_tables/trial_00041_hard_negative_structure_obs-empirical_prior-axis_edge_orthogonal_rel2x.npz,hard_negative_structure,empirical,axis_edge_orthogonal,2.0,4,16,40,756,10,0.01,0.92,0.001,1e-06,inferred,0.0001,80,"0.5,1","1,1",quadratic_poisson,pyramid_local_field,True,1.0,0.16032419581586055,0.5072101634828934,0.9140259198751295,2.241688661764304,0.560422165441076,0,0,source_row:1709,source_row:1709,0.1475021730024346,-0.1475021730024346,0.3840601163912163,21.2867723120129,0.9218977536299607,54.78713570327037,48.90552268458497,1.0000000000000002,0.0,0.0
83,41,response_tables/trial_00041_hard_negative_structure_obs-empirical_prior-axis_edge_orthogonal_rel2x.npz,hard_negative_structure,empirical,axis_edge_orthogonal,2.0,4,16,40,756,10,0.01,0.92,0.001,1e-06,inferred,0.0001,80,"0.5,1","1,1",known,pyramid_local_field,True,1.0,0.832515145775858,0.6968699055093089,0.613744068203786,1.7315984326240328,0.4328996081560082,0,0,source_row:1709,source_row:1709,0.06448420579521377,-0.06448420579521377,0.25393740526990854,14.074639611830092,0.9670434202334783,54.78713570327037,51.10837958801422,1.0000000000000002,0.0,0.0
84,42,response_tables/trial_00042_hard_negative_structure_obs-empirical_prior-axis_edge_parallel_rel0p5x.npz,hard_negative_structure,empirical,axis_edge_parallel,0.5,4,16,40,756,10,0.01,0.92,0.001,1e-06,inferred,0.0001,80,"0.5,1","1,1",zero,pyramid_local_field,True,1.0,1.8009980052944456,0.8544899124170973,0.43479498476556855,1.3331861296020127,0.33329653240050316,0,0,source_row:1918,source_row:1918,0.009230201594992448,-0.009230201594992448,0.09607393816739505,5.324958150053088,0.9917059894637457,39.83355717057559,38.03896634061393,1.0,0.0,0.0
84,42,response_tables/trial_00042_hard_negative_structure_obs-empirical_prior-axis_edge_parallel_rel0p5x.npz,hard_negative_structure,empirical,axis_edge_parallel,0.5,4,16,40,756,10,0.01,0.92,0.001,1e-06,inferred,0.0001,80,"0.5,1","1,1",joint,pyramid_local_field,True,1.0,0.9349133424447018,0.7052026469044071,0.6862296771982092,1.741752586026058,0.4354381465065145,0,0,source_row:1918,source_row:1918,0.03675990576592502,-0.03675990576592502,0.19172872963102067,10.626684831730056,0.9646035464034195,39.83355717057559,36.81534254309556,1.0,0.0,0.0
84,42,response_tables/trial_00042_hard_negative_structure_obs-empirical_prior-axis_edge_parallel_rel0p5x.npz,hard_negative_structure,empirical,axis_edge_parallel,0.5,4,16,40,756,10,0.01,0.92,0.001,1e-06,inferred,0.0001,80,"0.5,1","1,1",best_single_tau,pyramid_local_field,True,1.0,0.8781853896882694,0.6839351864861343,0.7470529096587923,1.821116972805211,0.45527924320130275,0,0,source_row:1918,source_row:1918,0.04078660387997348,-0.04078660387997348,0.20195693570653492,11.193589554708469,0.9606716901513197,39.83355717057559,36.55080747562334,1.0,0.0,0.0
84,42,response_tables/trial_00042_hard_negative_structure_obs-empirical_prior-axis_edge_parallel_rel0p5x.npz,hard_negative_structure,empirical,axis_edge_parallel,0.5,4,16,40,756,10,0.01,0.92,0.001,1e-06,inferred,0.0001,80,"0.5,1","1,1",linear_continuous,pyramid_local_field,True,1.0,65.54576951573678,1.0,2.240673891292412e-27,1.0,0.25,0,0,source_row:1918,source_row:1918,0.0,-0.0,0.0,0.0,1.0,39.83355717057559,39.83355717057559,1.0,0.0,0.0
84,42,response_tables/trial_00042_hard_negative_structure_obs-empirical_prior-axis_edge_parallel_rel0p5x.npz,hard_negative_structure,empirical,axis_edge_parallel,0.5,4,16,40,756,10,0.01,0.92,0.001,1e-06,inferred,0.0001,80,"0.5,1","1,1",quadratic_profile,pyramid_local_field,True,1.0,19.21804424526578,0.9999999954948482,9.108538403062544e-08,1.0000000090103036,0.2500000022525759,0,0,source_row:1918,source_row:1918,9.167214840712294e-18,-9.167214840712294e-18,3.0277408807083035e-09,1.6781443320128386e-07,1.0,39.83355717057559,39.83355710487841,1.0,0.0,0.0
84,42,response_tables/trial_00042_hard_negative_structure_obs-empirical_prior-axis_edge_parallel_rel0p5x.npz,hard_negative_structure,empirical,axis_edge_parallel,0.5,4,16,40,756,10,0.01,0.92,0.001,1e-06,inferred,0.0001,80,"0.5,1","1,1",quadratic_poisson,pyramid_local_field,True,1.0,0.5429712948209158,0.5858225075526683,0.9226168096349614,2.165259897108582,0.5413149742771455,0,0,source_row:1918,source_row:1918,0.06482440050688548,-0.06482440050688548,0.2546063638381521,14.111717059137495,0.9356595723249469,39.83355717057559,36.03389390609883,1.0,0.0,0.0
84,42,response_tables/trial_00042_hard_negative_structure_obs-empirical_prior-axis_edge_parallel_rel0p5x.npz,hard_negative_structure,empirical,axis_edge_parallel,0.5,4,16,40,756,10,0.01,0.92,0.001,1e-06,inferred,0.0001,80,"0.5,1","1,1",known,pyramid_local_field,True,1.0,1.3903496705291332,0.7967288984175092,0.5312843657015752,1.4833660583295925,0.3708415145823981,0,0,source_row:1918,source_row:1918,0.018171873766694876,-0.018171873766694876,0.13480309257096024,7.4715457712100415,0.9831404475577911,39.83355717057559,37.49690081270176,1.0,0.0,0.0
85,42,response_tables/trial_00042_hard_negative_structure_obs-empirical_prior-axis_edge_orthogonal_rel0p5x.npz,hard_negative_structure,empirical,axis_edge_orthogonal,0.5,4,16,40,756,10,0.01,0.92,0.001,1e-06,inferred,0.0001,80,"0.5,1","1,1",zero,pyramid_local_field,True,1.0,1.8009980052944456,0.8544899124170973,0.43479498476556855,1.3331861296020127,0.33329653240050316,0,0,source_row:1918,source_row:1918,0.009230201594992448,-0.009230201594992448,0.09607393816739505,5.324958150053088,0.9917059894637457,39.83355717057559,38.03896634061393,1.0,0.0,0.0
85,42,response_tables/trial_00042_hard_negative_structure_obs-empirical_prior-axis_edge_orthogonal_rel0p5x.npz,hard_negative_structure,empirical,axis_edge_orthogonal,0.5,4,16,40,756,10,0.01,0.92,0.001,1e-06,inferred,0.0001,80,"0.5,1","1,1",joint,pyramid_local_field,True,1.0,1.0525469536736978,0.7230842342825654,0.6894092582132426,1.70397254860004,0.42599313715001,0,0,source_row:1918,source_row:1918,0.03150817051947245,-0.03150817051947245,0.17750540983156668,9.838348430291507,0.9700274829115612,39.83355717057559,36.87811064790349,1.0,0.0,0.0
85,42,response_tables/trial_00042_hard_negative_structure_obs-empirical_prior-axis_edge_orthogonal_rel0p5x.npz,hard_negative_structure,empirical,axis_edge_orthogonal,0.5,4,16,40,756,10,0.01,0.92,0.001,1e-06,inferred,0.0001,80,"0.5,1","1,1",best_single_tau,pyramid_local_field,True,1.0,0.8557087449835876,0.6799729237853444,0.7499691931513345,1.8302817134854565,0.45757042837136414,0,0,source_row:1918,source_row:1918,0.04173928859496489,-0.04173928859496489,0.2043019544570362,11.323563686566704,0.9595978433545428,39.83355717057559,36.61176153847411,1.0,0.0,0.0
85,42,response_tables/trial_00042_hard_negative_structure_obs-empirical_prior-axis_edge_orthogonal_rel0p5x.npz,hard_negative_structure,empirical,axis_edge_orthogonal,0.5,4,16,40,756,10,0.01,0.92,0.001,1e-06,inferred,0.0001,80,"0.5,1","1,1",linear_continuous,pyramid_local_field,True,1.0,39.61085276528995,1.0,2.4833584631396554e-16,1.0,0.25,0,0,source_row:1918,source_row:1918,2.5157187519871897e-36,-2.5157187519871897e-36,1.5861017470475183e-18,8.791068197952196e-17,1.0,39.83355717057559,39.83355717057559,1.0,0.0,0.0
85,42,response_tables/trial_00042_hard_negative_structure_obs-empirical_prior-axis_edge_orthogonal_rel0p5x.npz,hard_negative_structure,empirical,axis_edge_orthogonal,0.5,4,16,40,756,10,0.01,0.92,0.001,1e-06,inferred,0.0001,80,"0.5,1","1,1",quadratic_profile,pyramid_local_field,True,1.0,16.381076661710072,0.9999999231241187,1.336188597672766e-06,1.0000001537517744,0.2500000384379436,0,0,source_row:1918,source_row:1918,2.6692985814894476e-15,-2.6692985814894476e-15,5.166525507039956e-08,2.863579096574003e-06,0.9999999999999977,39.83355717057559,39.833556049519814,1.0,0.0,0.0
85,42,response_tables/trial_00042_hard_negative_structure_obs-empirical_prior-axis_edge_orthogonal_rel0p5x.npz,hard_negative_structure,empirical,axis_edge_orthogonal,0.5,4,16,40,756,10,0.01,0.92,0.001,1e-06,inferred,0.0001,80,"0.5,1","1,1",quadratic_poisson,pyramid_local_field,True,1.0,0.6500895797640851,0.6141960766825121,0.8865314461644432,2.073822588842556,0.518455647210639,0,0,source_row:1918,source_row:1918,0.05670466846119127,-0.05670466846119127,0.23812742064111658,13.19836131922367,0.944224351087109,39.83355717057559,36.15131219305088,1.0,0.0,0.0
85,42,response_tables/trial_00042_hard_negative_structure_obs-empirical_prior-axis_edge_orthogonal_rel0p5x.npz,hard_negative_structure,empirical,axis_edge_orthogonal,0.5,4,16,40,756,10,0.01,0.92,0.001,1e-06,inferred,0.0001,80,"0.5,1","1,1",known,pyramid_local_field,True,1.0,1.3903496705291332,0.7967288984175092,0.5312843657015752,1.4833660583295925,0.3708415145823981,0,0,source_row:1918,source_row:1918,0.018171873766694876,-0.018171873766694876,0.13480309257096024,7.4715457712100415,0.9831404475577911,39.83355717057559,37.49690081270176,1.0,0.0,0.0
86,43,response_tables/trial_00043_hard_negative_structure_obs-empirical_prior-axis_edge_parallel_rel1x.npz,hard_negative_structure,empirical,axis_edge_parallel,1.0,4,16,40,756,10,0.01,0.92,0.001,1e-06,inferred,0.0001,80,"0.5,1","1,1",zero,pyramid_local_field,True,1.0,3.0317888677374185,0.9535588150996328,0.19044614238316,1.0972255415630536,0.2743063853907634,0,0,source_row:1918,source_row:1918,0.0009629221123086521,-0.0009629221123086521,0.031030986325101755,1.719911837569641,0.999185400659146,39.83355717057559,39.18948792043458,1.0,0.0,0.0
86,43,response_tables/trial_00043_hard_negative_structure_obs-empirical_prior-axis_edge_parallel_rel1x.npz,hard_negative_structure,empirical,axis_edge_parallel,1.0,4,16,40,756,10,0.01,0.92,0.001,1e-06,inferred,0.0001,80,"0.5,1","1,1",joint,pyramid_local_field,True,1.0,0.7411423416904768,0.6586487081937612,0.7564891009954217,1.877147711923693,0.46928692798092325,0,0,source_row:1918,source_row:1918,0.04834247775467703,-0.04834247775467703,0.21986922875808937,12.186389607359837,0.9527169128952961,39.83355717057559,36.53370700739371,1.0,0.0,0.0
86,43,response_tables/trial_00043_hard_negative_structure_obs-empirical_prior-axis_edge_parallel_rel1x.npz,hard_negative_structure,empirical,axis_edge_parallel,1.0,4,16,40,756,10,0.01,0.92,0.001,1e-06,inferred,0.0001,80,"0.5,1","1,1",best_single_tau,pyramid_local_field,True,1.0,0.8077762356521703,0.667749553882879,0.768880412453742,1.8685403419820152,0.4671350854955038,0,0,source_row:1918,source_row:1918,0.044904817823868626,-0.044904817823868626,0.2119075690575224,11.745109635713257,0.9564189490317924,39.83355717057559,36.466594188344146,1.0,0.0,0.0
86,43,response_tables/trial_00043_hard_negative_structure_obs-empirical_prior-axis_edge_parallel_rel1x.npz,hard_negative_structure,empirical,axis_edge_parallel,1.0,4,16,40,756,10,0.01,0.92,0.001,1e-06,inferred,0.0001,80,"0.5,1","1,1",linear_continuous,pyramid_local_field,True,1.0,54.310266203874995,1.0,1.4068021017239796e-22,1.0,0.25,0,0,source_row:1918,source_row:1918,0.0,-0.0,0.0,0.0,1.0,39.83355717057559,39.83355717057559,1.0,0.0,0.0
86,43,response_tables/trial_00043_hard_negative_structure_obs-empirical_prior-axis_edge_parallel_rel1x.npz,hard_negative_structure,empirical,axis_edge_parallel,1.0,4,16,40,756,10,0.01,0.92,0.001,1e-06,inferred,0.0001,80,"0.5,1","1,1",quadratic_profile,pyramid_local_field,True,1.0,4.870740316365321,0.9923906593675108,0.044701561573349084,1.01533447177846,0.253833617944615,0,0,source_row:1918,source_row:1918,2.6152463479191576e-05,-2.6152463479191576e-05,0.005113947934736096,0.2834437648071951,0.9999784442291594,39.83355717057559,39.72344884737833,1.0,0.0,0.0
86,43,response_tables/trial_00043_hard_negative_structure_obs-empirical_prior-axis_edge_parallel_rel1x.npz,hard_negative_structure,empirical,axis_edge_parallel,1.0,4,16,40,756,10,0.01,0.92,0.001,1e-06,inferred,0.0001,80,"0.5,1","1,1",quadratic_poisson,pyramid_local_field,True,1.0,0.4137858660480447,0.5683477135017244,0.8887856068735264,2.146930859889007,0.5367327149722517,0,0,source_row:1918,source_row:1918,0.07365453477944296,-0.07365453477944296,0.27139368964558286,15.042165098231331,0.9261613982454768,39.83355717057559,36.11998501366798,1.0,0.0,0.0
86,43,response_tables/trial_00043_hard_negative_structure_obs-empirical_prior-axis_edge_parallel_rel1x.npz,hard_negative_structure,empirical,axis_edge_parallel,1.0,4,16,40,756,10,0.01,0.92,0.001,1e-06,inferred,0.0001,80,"0.5,1","1,1",known,pyramid_local_field,True,1.0,1.1988836587195237,0.7621932962021027,0.5889950485007288,1.5778097698607698,0.39445244246519245,0,0,source_row:1918,source_row:1918,0.024625928745382192,-0.024625928745382192,0.15692650746569933,8.697749887517697,0.9767939029381412,39.83355717057559,37.21727274882645,1.0,0.0,0.0
87,43,response_tables/trial_00043_hard_negative_structure_obs-empirical_prior-axis_edge_orthogonal_rel1x.npz,hard_negative_structure,empirical,axis_edge_orthogonal,1.0,4,16,40,756,10,0.01,0.92,0.001,1e-06,inferred,0.0001,80,"0.5,1","1,1",zero,pyramid_local_field,True,1.0,3.0317888677374185,0.9535588150996328,0.19044614238316,1.0972255415630536,0.2743063853907634,0,0,source_row:1918,source_row:1918,0.0009629221123086521,-0.0009629221123086521,0.031030986325101755,1.719911837569641,0.999185400659146,39.83355717057559,39.18948792043458,1.0,0.0,0.0
87,43,response_tables/trial_00043_hard_negative_structure_obs-empirical_prior-axis_edge_orthogonal_rel1x.npz,hard_negative_structure,empirical,axis_edge_orthogonal,1.0,4,16,40,756,10,0.01,0.92,0.001,1e-06,inferred,0.0001,80,"0.5,1","1,1",joint,pyramid_local_field,True,1.0,0.6301375954445803,0.6216975164803614,0.8373037822225533,2.010942176640228,0.502735544160057,0,0,source_row:1918,source_row:1918,0.05673155215852735,-0.05673155215852735,0.23818386208668157,13.20148962166755,0.9440444884887984,39.83355717057559,36.3097521164502,1.0,0.0,0.0
87,43,response_tables/trial_00043_hard_negative_structure_obs-empirical_prior-axis_edge_orthogonal_rel1x.npz,hard_negative_structure,empirical,axis_edge_orthogonal,1.0,4,16,40,756,10,0.01,0.92,0.001,1e-06,inferred,0.0001,80,"0.5,1","1,1",best_single_tau,pyramid_local_field,True,1.0,0.4835306807234474,0.5822869093441934,0.8852392243978882,2.127908512703465,0.5319771281758663,0,0,source_row:1918,source_row:1918,0.06806857865793549,-0.06806857865793549,0.2608995566457243,14.460521209042842,0.9320718475423675,39.83355717057559,36.19861489263144,1.0,0.0,0.0
87,43,response_tables/trial_00043_hard_negative_structure_obs-empirical_prior-axis_edge_orthogonal_rel1x.npz,hard_negative_structure,empirical,axis_edge_orthogonal,1.0,4,16,40,756,10,0.01,0.92,0.001,1e-06,inferred,0.0001,80,"0.5,1","1,1",linear_continuous,pyramid_local_field,True,1.0,27.75688954462389,0.9999999999991189,2.5355178793681955e-11,1.0000000000017621,0.25000000000044054,0,0,source_row:1918,source_row:1918,3.5092367266078437e-25,-3.5092367266078437e-25,5.923881098239434e-13,3.283348172847238e-11,1.0,39.83355717057559,39.833557170562756,1.0,0.0,0.0
87,43,response_tables/trial_00043_hard_negative_structure_obs-empirical_prior-axis_edge_orthogonal_rel1x.npz,hard_negative_structure,empirical,axis_edge_orthogonal,1.0,4,16,40,756,10,0.01,0.92,0.001,1e-06,inferred,0.0001,80,"0.5,1","1,1",quadratic_profile,pyramid_local_field,True,1.0,11.22268686909893,0.9999866327147615,0.00016338423120308845,1.0000267349278456,0.2500066837319614,0,0,source_row:1918,source_row:1918,8.07058439583305e-11,-8.07058439583305e-11,8.983643133959102e-06,0.0004979240430427027,0.9999999999338467,39.83355717057559,39.83336224234425,1.0,0.0,0.0
87,43,response_tables/trial_00043_hard_negative_structure_obs-empirical_prior-axis_edge_orthogonal_rel1x.npz,hard_negative_structure,empirical,axis_edge_orthogonal,1.0,4,16,40,756,10,0.01,0.92,0.001,1e-06,inferred,0.0001,80,"0.5,1","1,1",quadratic_poisson,pyramid_local_field,True,1.0,0.5686356757746012,0.6059454847849592,0.8570429122360878,2.056614114859661,0.5141535287149153,0,0,source_row:1918,source_row:1918,0.061352518447628034,-0.061352518447628034,0.2476944053619864,13.728617434800684,0.9392018065389623,39.83355717057559,36.22785180128278,1.0,0.0,0.0
87,43,response_tables/trial_00043_hard_negative_structure_obs-empirical_prior-axis_edge_orthogonal_rel1x.npz,hard_negative_structure,empirical,axis_edge_orthogonal,1.0,4,16,40,756,10,0.01,0.92,0.001,1e-06,inferred,0.0001,80,"0.5,1","1,1",known,pyramid_local_field,True,1.0,1.1988836587195237,0.7621932962021027,0.5889950485007288,1.5778097698607698,0.39445244246519245,0,0,source_row:1918,source_row:1918,0.024625928745382192,-0.024625928745382192,0.15692650746569933,8.697749887517697,0.9767939029381412,39.83355717057559,37.21727274882645,1.0,0.0,0.0
88,44,response_tables/trial_00044_hard_negative_structure_obs-empirical_prior-axis_edge_parallel_rel2x.npz,hard_negative_structure,empirical,axis_edge_parallel,2.0,4,16,40,756,10,0.01,0.92,0.001,1e-06,inferred,0.0001,80,"0.5,1","1,1",zero,pyramid_local_field,True,1.0,5.9307843775189895,0.9973491090732041,0.018387715809348615,1.0053158443216905,0.25132896108042263,0,0,source_row:1918,source_row:1918,3.171760547771651e-06,-3.171760547771651e-06,0.001780943723920453,0.09870992048803662,0.999997395367001,39.83355717057559,39.79500796579755,1.0,0.0,0.0
88,44,response_tables/trial_00044_hard_negative_structure_obs-empirical_prior-axis_edge_parallel_rel2x.npz,hard_negative_structure,empirical,axis_edge_parallel,2.0,4,16,40,756,10,0.01,0.92,0.001,1e-06,inferred,0.0001,80,"0.5,1","1,1",joint,pyramid_local_field,True,1.0,0.7104290520702534,0.6648351039602641,0.6798112127204875,1.8221167007197188,0.4555291751799297,0,0,source_row:1918,source_row:1918,0.04927478068697241,-0.04927478068697241,0.22197923481031376,12.303338013335212,0.9515515608845883,39.83355717057559,36.74218775370981,1.0,0.0,0.0
88,44,response_tables/trial_00044_hard_negative_structure_obs-empirical_prior-axis_edge_parallel_rel2x.npz,hard_negative_structure,empirical,axis_edge_parallel,2.0,4,16,40,756,10,0.01,0.92,0.001,1e-06,inferred,0.0001,80,"0.5,1","1,1",best_single_tau,pyramid_local_field,True,1.0,0.27142831551248037,0.5587124276543822,0.7575846291608094,2.0253173713630703,0.5063293428407676,0,0,source_row:1918,source_row:1918,0.08448476274092508,-0.08448476274092508,0.2906626270109817,16.11015801102279,0.914570927967342,39.83355717057559,36.55104185125785,1.0,0.0,0.0
88,44,response_tables/trial_00044_hard_negative_structure_obs-empirical_prior-axis_edge_parallel_rel2x.npz,hard_negative_structure,empirical,axis_edge_parallel,2.0,4,16,40,756,10,0.01,0.92,0.001,1e-06,inferred,0.0001,80,"0.5,1","1,1",linear_continuous,pyramid_local_field,True,1.0,102.45905966209025,1.0,3.2594635854941242e-43,1.0,0.25,0,0,source_row:1918,source_row:1918,0.0,-0.0,0.0,0.0,1.0,39.83355717057559,39.83355717057559,1.0,0.0,0.0
88,44,response_tables/trial_00044_hard_negative_structure_obs-empirical_prior-axis_edge_parallel_rel2x.npz,hard_negative_structure,empirical,axis_edge_parallel,2.0,4,16,40,756,10,0.01,0.92,0.001,1e-06,inferred,0.0001,80,"0.5,1","1,1",quadratic_profile,pyramid_local_field,True,1.0,8.401488587677811,0.9997755175652124,0.00211049424876371,1.0004490656542921,0.25011226641357304,0,0,source_row:1918,source_row:1918,2.276057770954117e-08,-2.276057770954117e-08,0.00015086609198074023,0.008361847566400052,0.9999999813406445,39.83355717057559,39.830284357878504,1.0,0.0,0.0
88,44,response_tables/trial_00044_hard_negative_structure_obs-empirical_prior-axis_edge_parallel_rel2x.npz,hard_negative_structure,empirical,axis_edge_parallel,2.0,4,16,40,756,10,0.01,0.92,0.001,1e-06,inferred,0.0001,80,"0.5,1","1,1",quadratic_poisson,pyramid_local_field,True,1.0,0.44772530156626544,0.604209229273199,0.7231789463314593,1.944694453295003,0.48617361332375075,0,0,source_row:1918,source_row:1918,0.06887186996128239,-0.06887186996128239,0.26243450604156915,14.545596739943656,0.9310335715812342,39.83355717057559,36.57489577765546,1.0,0.0,0.0
88,44,response_tables/trial_00044_hard_negative_structure_obs-empirical_prior-axis_edge_parallel_rel2x.npz,hard_negative_structure,empirical,axis_edge_parallel,2.0,4,16,40,756,10,0.01,0.92,0.001,1e-06,inferred,0.0001,80,"0.5,1","1,1",known,pyramid_local_field,True,1.0,1.0108172182140152,0.7288018847924107,0.6160527830750712,1.6624496249146699,0.41561240622866746,0,0,source_row:1918,source_row:1918,0.03239070335324327,-0.03239070335324327,0.1799741741285212,9.975181236507101,0.9689290121549641,39.83355717057559,37.035560077275235,1.0,0.0,0.0
89,44,response_tables/trial_00044_hard_negative_structure_obs-empirical_prior-axis_edge_orthogonal_rel2x.npz,hard_negative_structure,empirical,axis_edge_orthogonal,2.0,4,16,40,756,10,0.01,0.92,0.001,1e-06,inferred,0.0001,80,"0.5,1","1,1",zero,pyramid_local_field,True,1.0,5.9307843775189895,0.9973491090732041,0.018387715809348615,1.0053158443216905,0.25132896108042263,0,0,source_row:1918,source_row:1918,3.171760547771651e-06,-3.171760547771651e-06,0.001780943723920453,0.09870992048803662,0.999997395367001,39.83355717057559,39.79500796579755,1.0,0.0,0.0
89,44,response_tables/trial_00044_hard_negative_structure_obs-empirical_prior-axis_edge_orthogonal_rel2x.npz,hard_negative_structure,empirical,axis_edge_orthogonal,2.0,4,16,40,756,10,0.01,0.92,0.001,1e-06,inferred,0.0001,80,"0.5,1","1,1",joint,pyramid_local_field,True,1.0,0.7120815479324847,0.6545287204817393,0.7479923768758188,1.8801852059940238,0.47004630149850596,0,0,source_row:1918,source_row:1918,0.04991164507768555,-0.04991164507768555,0.22340914277998014,12.382591557450727,0.9510161890066281,39.83355717057559,36.58261761668919,1.0,0.0,0.0
89,44,response_tables/trial_00044_hard_negative_structure_obs-empirical_prior-axis_edge_orthogonal_rel2x.npz,hard_negative_structure,empirical,axis_edge_orthogonal,2.0,4,16,40,756,10,0.01,0.92,0.001,1e-06,inferred,0.0001,80,"0.5,1","1,1",best_single_tau,pyramid_local_field,True,1.0,0.4076708039931418,0.5838204691912897,0.7997627830839582,2.03221883812789,0.5080547095319725,0,0,source_row:1918,source_row:1918,0.07275970799868839,-0.07275970799868839,0.2697400748844865,14.950512465195658,0.926987128586734,39.83355717057559,36.4002606260656,1.0,0.0,0.0
89,44,response_tables/trial_00044_hard_negative_structure_obs-empirical_prior-axis_edge_orthogonal_rel2x.npz,hard_negative_structure,empirical,axis_edge_orthogonal,2.0,4,16,40,756,10,0.01,0.92,0.001,1e-06,inferred,0.0001,80,"0.5,1","1,1",linear_continuous,pyramid_local_field,True,1.0,41.13875193452141,1.0,5.596521215053966e-17,1.0,0.25,0,0,source_row:1918,source_row:1918,2.2945566140220418e-38,-2.2945566140220418e-38,1.514779394506686e-19,8.3957595953408e-18,1.0,39.83355717057559,39.83355717057559,1.0,0.0,0.0
89,44,response_tables/trial_00044_hard_negative_structure_obs-empirical_prior-axis_edge_orthogonal_rel2x.npz,hard_negative_structure,empirical,axis_edge_orthogonal,2.0,4,16,40,756,10,0.01,0.92,0.001,1e-06,inferred,0.0001,80,"0.5,1","1,1",quadratic_profile,pyramid_local_field,True,1.0,10.047011070281197,0.9999566868547843,0.0004784817327662208,1.0000866300424884,0.2500216575106221,0,0,source_row:1918,source_row:1918,8.473405606130128e-10,-8.473405606130128e-10,2.9109114734272025e-05,0.001613390901859551,0.9999999993054336,39.83355717057559,39.832925576430036,1.0,0.0,0.0
89,44,response_tables/trial_00044_hard_negative_structure_obs-empirical_prior-axis_edge_orthogonal_rel2x.npz,hard_negative_structure,empirical,axis_edge_orthogonal,2.0,4,16,40,756,10,0.01,0.92,0.001,1e-06,inferred,0.0001,80,"0.5,1","1,1",quadratic_poisson,pyramid_local_field,True,1.0,0.6877116562744732,0.654409354333728,0.7223978885986676,1.8634853241309601,0.46587133103274003,0,0,source_row:1918,source_row:1918,0.0511792426834757,-0.0511792426834757,0.22622829770715178,12.538844983635348,0.9496449683689496,39.83355717057559,36.624386093180824,1.0,0.0,0.0
89,44,response_tables/trial_00044_hard_negative_structure_obs-empirical_prior-axis_edge_orthogonal_rel2x.npz,hard_negative_structure,empirical,axis_edge_orthogonal,2.0,4,16,40,756,10,0.01,0.92,0.001,1e-06,inferred,0.0001,80,"0.5,1","1,1",known,pyramid_local_field,True,1.0,1.0108172182140152,0.7288018847924107,0.6160527830750712,1.6624496249146699,0.41561240622866746,0,0,source_row:1918,source_row:1918,0.03239070335324327,-0.03239070335324327,0.1799741741285212,9.975181236507101,0.9689290121549641,39.83355717057559,37.035560077275235,1.0,0.0,0.0
90,45,response_tables/trial_00045_hard_negative_structure_obs-empirical_prior-axis_edge_parallel_rel0p5x.npz,hard_negative_structure,empirical,axis_edge_parallel,0.5,4,16,40,756,10,0.01,0.92,0.001,1e-06,inferred,0.0001,80,"0.5,1","1,1",zero,pyramid_local_field,False,3.0,-0.6323274636201575,0.21380766651051067,1.299050475953044,3.416052892746812,0.854013223186703,1,0,source_row:10506,source_row:1945,0.2215277064672886,-0.2215277064672886,0.4706672991267702,26.08702961756111,0.7814604391058898,40.99625460433092,37.15617568102031,0.5873113786588364,0.47819475425539754,0.6915162718659609
90,45,response_tables/trial_00045_hard_negative_structure_obs-empirical_prior-axis_edge_parallel_rel0p5x.npz,hard_negative_structure,empirical,axis_edge_parallel,0.5,4,16,40,756,10,0.01,0.92,0.001,1e-06,inferred,0.0001,80,"0.5,1","1,1",joint,pyramid_local_field,True,1.0,0.2908778734370969,0.33023660138466787,1.3682482699523275,3.8543361229009805,0.9635840307252451,0,0,source_row:1945,source_row:1945,0.14351469871171416,-0.14351469871171416,0.37883333896545346,20.997074902052095,0.8595663450714386,40.99625460433092,36.643078877655626,1.0,0.0,0.0
90,45,response_tables/trial_00045_hard_negative_structure_obs-empirical_prior-axis_edge_parallel_rel0p5x.npz,hard_negative_structure,empirical,axis_edge_parallel,0.5,4,16,40,756,10,0.01,0.92,0.001,1e-06,inferred,0.0001,80,"0.5,1","1,1",best_single_tau,pyramid_local_field,True,1.0,0.35239445491583865,0.33562309933702295,1.367157031286585,3.844053714167781,0.9610134285419453,0,0,source_row:1945,source_row:1945,0.14067839761999482,-0.14067839761999482,0.3750711900692918,20.788555444970775,0.8624464933567816,40.99625460433092,36.61960162452113,1.0,0.0,0.0
90,45,response_tables/trial_00045_hard_negative_structure_obs-empirical_prior-axis_edge_parallel_rel0p5x.npz,hard_negative_structure,empirical,axis_edge_parallel,0.5,4,16,40,756,10,0.01,0.92,0.001,1e-06,inferred,0.0001,80,"0.5,1","1,1",linear_continuous,pyramid_local_field,False,3.0,-55.355887736862634,9.104234071336907e-25,2.668489224642173e-09,1.000000000223153,0.25000000005578826,1,0,source_row:10506,source_row:1945,0.4781947542314942,-0.4781947542314942,0.6915162718486776,38.32772214728068,0.5873113786685604,40.99625460433092,43.26221215652385,0.5873113786588364,0.47819475425539754,0.6915162718659609
90,45,response_tables/trial_00045_hard_negative_structure_obs-empirical_prior-axis_edge_parallel_rel0p5x.npz,hard_negative_structure,empirical,axis_edge_parallel,0.5,4,16,40,756,10,0.01,0.92,0.001,1e-06,inferred,0.0001,80,"0.5,1","1,1",quadratic_profile,pyramid_local_field,False,2.0,-0.4033154556974736,0.40051468197414597,0.6732637791749042,1.9238515334656923,0.48096288336642307,1,0,source_row:10506,source_row:1945,0.17185446491431036,-0.17185446491431036,0.41455333180944326,22.97687786050928,0.8333875476209613,40.99625460433092,37.979392814050534,0.5873113786588364,0.47819475425539754,0.6915162718659609
90,45,response_tables/trial_00045_hard_negative_structure_obs-empirical_prior-axis_edge_parallel_rel0p5x.npz,hard_negative_structure,empirical,axis_edge_parallel,0.5,4,16,40,756,10,0.01,0.92,0.001,1e-06,inferred,0.0001,80,"0.5,1","1,1",quadratic_poisson,pyramid_local_field,True,1.0,0.11220961647700278,0.30015669938893025,1.374594400157048,3.909315557911719,0.9773288894779297,0,0,source_row:1945,source_row:1945,0.15848191452268548,-0.15848191452268548,0.398097870532719,22.06482362072468,0.8442707879919654,40.99625460433092,36.64908347862,1.0,0.0,0.0
90,45,response_tables/trial_00045_hard_negative_structure_obs-empirical_prior-axis_edge_parallel_rel0p5x.npz,hard_negative_structure,empirical,axis_edge_parallel,0.5,4,16,40,756,10,0.01,0.92,0.001,1e-06,inferred,0.0001,80,"0.5,1","1,1",known,pyramid_local_field,True,1.0,0.82127682259312,0.4656554989806844,1.274885388926459,3.194068180361773,0.7985170450904433,0,0,source_row:1945,source_row:1945,0.0893093681088249,-0.0893093681088249,0.29884673012904944,16.56376704829883,0.9149083178416568,40.99625460433092,36.79956039306508,1.0,0.0,0.0
91,45,response_tables/trial_00045_hard_negative_structure_obs-empirical_prior-axis_edge_orthogonal_rel0p5x.npz,hard_negative_structure,empirical,axis_edge_orthogonal,0.5,4,16,40,756,10,0.01,0.92,0.001,1e-06,inferred,0.0001,80,"0.5,1","1,1",zero,pyramid_local_field,False,3.0,-0.6323274636201575,0.21380766651051067,1.299050475953044,3.416052892746812,0.854013223186703,1,0,source_row:10506,source_row:1945,0.2215277064672886,-0.2215277064672886,0.4706672991267702,26.08702961756111,0.7814604391058898,40.99625460433092,37.15617568102031,0.5873113786588364,0.47819475425539754,0.6915162718659609
91,45,response_tables/trial_00045_hard_negative_structure_obs-empirical_prior-axis_edge_orthogonal_rel0p5x.npz,hard_negative_structure,empirical,axis_edge_orthogonal,0.5,4,16,40,756,10,0.01,0.92,0.001,1e-06,inferred,0.0001,80,"0.5,1","1,1",joint,pyramid_local_field,True,1.0,0.6491014929584082,0.4149479727408142,1.3195266654782116,3.4843027198640275,0.8710756799660069,0,0,source_row:1945,source_row:1945,0.10931296897130603,-0.10931296897130603,0.3306251184821051,18.32510411102355,0.8945384761880625,40.99625460433092,36.598809955631594,1.0,0.0,0.0
91,45,response_tables/trial_00045_hard_negative_structure_obs-empirical_prior-axis_edge_orthogonal_rel0p5x.npz,hard_negative_structure,empirical,axis_edge_orthogonal,0.5,4,16,40,756,10,0.01,0.92,0.001,1e-06,inferred,0.0001,80,"0.5,1","1,1",best_single_tau,pyramid_local_field,True,1.0,0.337128190323682,0.36685543111214225,1.3390654904556603,3.651040841953185,0.9127602104882963,0,0,source_row:1945,source_row:1945,0.13257050565634634,-0.13257050565634634,0.36410232855111807,20.18059943054953,0.8706526566591136,40.99625460433092,36.461287116086474,1.0,0.0,0.0
91,45,response_tables/trial_00045_hard_negative_structure_obs-empirical_prior-axis_edge_orthogonal_rel0p5x.npz,hard_negative_structure,empirical,axis_edge_orthogonal,0.5,4,16,40,756,10,0.01,0.92,0.001,1e-06,inferred,0.0001,80,"0.5,1","1,1",linear_continuous,pyramid_local_field,False,3.0,-33.21328728190723,3.406500028062349e-15,0.31392198235738356,1.2076210445362285,0.30190526113405713,1,0,source_row:10506,source_row:1945,0.459149279495949,-0.459149279495949,0.677605548601802,37.55671160540491,0.5952190489074012,40.99625460433092,42.436694973555085,0.5873113786588364,0.47819475425539754,0.6915162718659609
91,45,response_tables/trial_00045_hard_negative_structure_obs-empirical_prior-axis_edge_orthogonal_rel0p5x.npz,hard_negative_structure,empirical,axis_edge_orthogonal,0.5,4,16,40,756,10,0.01,0.92,0.001,1e-06,inferred,0.0001,80,"0.5,1","1,1",quadratic_profile,pyramid_local_field,False,3.0,-5.990029892197201,0.002123048968056551,0.4373347358260323,1.3484820494895742,0.33712051237239354,1,0,source_row:10506,source_row:1945,0.447371576233175,-0.447371576233175,0.6688584126952243,37.07189612345602,0.6007668364072157,40.99625460433092,41.956324963205354,0.5873113786588364,0.47819475425539754,0.6915162718659609
91,45,response_tables/trial_00045_hard_negative_structure_obs-empirical_prior-axis_edge_orthogonal_rel0p5x.npz,hard_negative_structure,empirical,axis_edge_orthogonal,0.5,4,16,40,756,10,0.01,0.92,0.001,1e-06,inferred,0.0001,80,"0.5,1","1,1",quadratic_poisson,pyramid_local_field,True,1.0,0.05742378146521787,0.2916114136137053,1.3762677385583555,3.9221599432605436,0.9805399858151359,0,0,source_row:1945,source_row:1945,0.16234874286299097,-0.16234874286299097,0.40292523234837374,22.332383170524107,0.8403967727177282,40.99625460433092,36.70254856087171,1.0,0.0,0.0
91,45,response_tables/trial_00045_hard_negative_structure_obs-empirical_prior-axis_edge_orthogonal_rel0p5x.npz,hard_negative_structure,empirical,axis_edge_orthogonal,0.5,4,16,40,756,10,0.01,0.92,0.001,1e-06,inferred,0.0001,80,"0.5,1","1,1",known,pyramid_local_field,True,1.0,0.82127682259312,0.4656554989806844,1.274885388926459,3.194068180361773,0.7985170450904433,0,0,source_row:1945,source_row:1945,0.0893093681088249,-0.0893093681088249,0.29884673012904944,16.56376704829883,0.9149083178416568,40.99625460433092,36.79956039306508,1.0,0.0,0.0
92,46,response_tables/trial_00046_hard_negative_structure_obs-empirical_prior-axis_edge_parallel_rel1x.npz,hard_negative_structure,empirical,axis_edge_parallel,1.0,4,16,40,756,10,0.01,0.92,0.001,1e-06,inferred,0.0001,80,"0.5,1","1,1",zero,pyramid_local_field,False,3.0,-2.5817804143234184,0.052928928665565006,0.8214090508726972,1.8370430311207318,0.45926075778018294,1,0,source_row:10506,source_row:1945,0.38016318928682713,-0.38016318928682713,0.6165737500792806,34.17398597601885,0.6462025092592569,40.99625460433092,40.23918303463309,0.5873113786588364,0.47819475425539754,0.6915162718659609
92,46,response_tables/trial_00046_hard_negative_structure_obs-empirical_prior-axis_edge_parallel_rel1x.npz,hard_negative_structure,empirical,axis_edge_parallel,1.0,4,16,40,756,10,0.01,0.92,0.001,1e-06,inferred,0.0001,80,"0.5,1","1,1",joint,pyramid_local_field,True,1.0,0.3131803537133919,0.36600095017375234,1.3375302314566089,3.6430127671645636,0.9107531917911409,0,0,source_row:1945,source_row:1945,0.1294427827938462,-0.1294427827938462,0.3597815765069776,19.94111904439406,0.8740624416262448,40.99625460433092,36.823110203773815,1.0,0.0,0.0
92,46,response_tables/trial_00046_hard_negative_structure_obs-empirical_prior-axis_edge_parallel_rel1x.npz,hard_negative_structure,empirical,axis_edge_parallel,1.0,4,16,40,756,10,0.01,0.92,0.001,1e-06,inferred,0.0001,80,"0.5,1","1,1",best_single_tau,pyramid_local_field,True,1.0,0.3058728366599439,0.3303367341967504,1.365157362224747,3.835077909624023,0.9587694774060057,0,0,source_row:1945,source_row:1945,0.14185722859132424,-0.14185722859132424,0.3766393879977561,20.875473796600357,0.8614796015264403,40.99625460433092,36.87110261497537,1.0,0.0,0.0
92,46,response_tables/trial_00046_hard_negative_structure_obs-empirical_prior-axis_edge_parallel_rel1x.npz,hard_negative_structure,empirical,axis_edge_parallel,1.0,4,16,40,756,10,0.01,0.92,0.001,1e-06,inferred,0.0001,80,"0.5,1","1,1",linear_continuous,pyramid_local_field,False,3.0,-75.64850781966851,1.4004592928420811e-33,5.3764060940040115e-31,1.0,0.25,1,0,source_row:10506,source_row:1945,0.47819475425539754,-0.47819475425539754,0.6915162718659609,38.32772214823862,0.5873113786588364,40.99625460433092,43.262212157538684,0.5873113786588364,0.47819475425539754,0.6915162718659609
92,46,response_tables/trial_00046_hard_negative_structure_obs-empirical_prior-axis_edge_parallel_rel1x.npz,hard_negative_structure,empirical,axis_edge_parallel,1.0,4,16,40,756,10,0.01,0.92,0.001,1e-06,inferred,0.0001,80,"0.5,1","1,1",quadratic_profile,pyramid_local_field,True,1.0,5.191948488743137,0.9944695950755215,0.03425933173193642,1.011121976822741,0.25278049420568527,0,0,source_row:1945,source_row:1945,1.4625767615743052e-05,-1.4625767615743052e-05,0.0038243649950995854,0.21196782330241223,0.9999887974040601,40.99625460433092,40.91050570207605,1.0,0.0,0.0
92,46,response_tables/trial_00046_hard_negative_structure_obs-empirical_prior-axis_edge_parallel_rel1x.npz,hard_negative_structure,empirical,axis_edge_parallel,1.0,4,16,40,756,10,0.01,0.92,0.001,1e-06,inferred,0.0001,80,"0.5,1","1,1",quadratic_poisson,pyramid_local_field,False,2.0,-0.036606482015429265,0.2687017550302111,1.3814705062545913,3.9619326031258946,0.9904831507814736,1,0,source_row:10506,source_row:1945,0.17205459810332827,-0.17205459810332827,0.4147946457023382,22.9902528340474,0.830684274124772,40.99625460433092,36.811399055663586,0.5873113786588364,0.47819475425539754,0.6915162718659609
92,46,response_tables/trial_00046_hard_negative_structure_obs-empirical_prior-axis_edge_parallel_rel1x.npz,hard_negative_structure,empirical,axis_edge_parallel,1.0,4,16,40,756,10,0.01,0.92,0.001,1e-06,inferred,0.0001,80,"0.5,1","1,1",known,pyramid_local_field,True,1.0,0.973724600076423,0.5322554700384411,1.1896453718595361,2.771358384863699,0.6928395962159247,0,0,source_row:1945,source_row:1945,0.07333226221244056,-0.07333226221244056,0.2707993024592947,15.00922081643872,0.9313565305117499,40.99625460433092,36.614064580173064,1.0,0.0,0.0
93,46,response_tables/trial_00046_hard_negative_structure_obs-empirical_prior-axis_edge_orthogonal_rel1x.npz,hard_negative_structure,empirical,axis_edge_orthogonal,1.0,4,16,40,756,10,0.01,0.92,0.001,1e-06,inferred,0.0001,80,"0.5,1","1,1",zero,pyramid_local_field,False,3.0,-2.5817804143234184,0.052928928665565006,0.8214090508726972,1.8370430311207318,0.45926075778018294,1,0,source_row:10506,source_row:1945,0.38016318928682713,-0.38016318928682713,0.6165737500792806,34.17398597601885,0.6462025092592569,40.99625460433092,40.23918303463309,0.5873113786588364,0.47819475425539754,0.6915162718659609
93,46,response_tables/trial_00046_hard_negative_structure_obs-empirical_prior-axis_edge_orthogonal_rel1x.npz,hard_negative_structure,empirical,axis_edge_orthogonal,1.0,4,16,40,756,10,0.01,0.92,0.001,1e-06,inferred,0.0001,80,"0.5,1","1,1",joint,pyramid_local_field,True,1.0,0.6188168199444135,0.4560544696709695,1.2667101264873815,3.1852031934652016,0.7963007983663004,0,0,source_row:1945,source_row:1945,0.09941400045197796,-0.09941400045197796,0.31529985799549287,17.475691957358265,0.9047100555589458,40.99625460433092,36.49430129140606,1.0,0.0,0.0
93,46,response_tables/trial_00046_hard_negative_structure_obs-empirical_prior-axis_edge_orthogonal_rel1x.npz,hard_negative_structure,empirical,axis_edge_orthogonal,1.0,4,16,40,756,10,0.01,0.92,0.001,1e-06,inferred,0.0001,80,"0.5,1","1,1",best_single_tau,pyramid_local_field,True,1.0,1.0045410173533469,0.5324393880078906,1.1947144369101368,2.782086759835784,0.695521689958946,0,0,source_row:1945,source_row:1945,0.07034145903211898,-0.07034145903211898,0.2652196429982496,14.699964698823925,0.9341072675956866,40.99625460433092,36.9181683396267,1.0,0.0,0.0
93,46,response_tables/trial_00046_hard_negative_structure_obs-empirical_prior-axis_edge_orthogonal_rel1x.npz,hard_negative_structure,empirical,axis_edge_orthogonal,1.0,4,16,40,756,10,0.01,0.92,0.001,1e-06,inferred,0.0001,80,"0.5,1","1,1",linear_continuous,pyramid_local_field,False,3.0,-14.199299923470377,6.812137906334449e-07,0.0009297685850230275,1.0001794487196998,0.25004486217992494,1,0,source_row:10506,source_row:1945,0.47817502975433235,-0.47817502975433235,0.6915020099423662,38.326931672197674,0.5873195607450927,40.99625460433092,43.26138932279493,0.5873113786588364,0.47819475425539754,0.6915162718659609
93,46,response_tables/trial_00046_hard_negative_structure_obs-empirical_prior-axis_edge_orthogonal_rel1x.npz,hard_negative_structure,empirical,axis_edge_orthogonal,1.0,4,16,40,756,10,0.01,0.92,0.001,1e-06,inferred,0.0001,80,"0.5,1","1,1",quadratic_profile,pyramid_local_field,True,1.0,2.483925664712654,0.9228947902142496,0.2725492841058124,1.1659615032668906,0.29149037581672266,0,0,source_row:1945,source_row:1945,0.00284095958810137,-0.00284095958810137,0.05330065279245058,2.9542220388195957,0.9977085489002836,40.99625460433092,39.88555334606613,1.0,0.0,0.0
93,46,response_tables/trial_00046_hard_negative_structure_obs-empirical_prior-axis_edge_orthogonal_rel1x.npz,hard_negative_structure,empirical,axis_edge_orthogonal,1.0,4,16,40,756,10,0.01,0.92,0.001,1e-06,inferred,0.0001,80,"0.5,1","1,1",quadratic_poisson,pyramid_local_field,True,1.0,0.06170888876687286,0.3139066730106752,1.360029870662546,3.804488116660648,0.951122029165162,0,0,source_row:1945,source_row:1945,0.1555184617320237,-0.1555184617320237,0.3943582910654012,21.857555088361934,0.8472887378130893,40.99625460433092,36.63993193748333,1.0,0.0,0.0
93,46,response_tables/trial_00046_hard_negative_structure_obs-empirical_prior-axis_edge_orthogonal_rel1x.npz,hard_negative_structure,empirical,axis_edge_orthogonal,1.0,4,16,40,756,10,0.01,0.92,0.001,1e-06,inferred,0.0001,80,"0.5,1","1,1",known,pyramid_local_field,True,1.0,0.973724600076423,0.5322554700384411,1.1896453718595361,2.771358384863699,0.6928395962159247,0,0,source_row:1945,source_row:1945,0.07333226221244056,-0.07333226221244056,0.2707993024592947,15.00922081643872,0.9313565305117499,40.99625460433092,36.614064580173064,1.0,0.0,0.0
94,47,response_tables/trial_00047_hard_negative_structure_obs-empirical_prior-axis_edge_parallel_rel2x.npz,hard_negative_structure,empirical,axis_edge_parallel,2.0,4,16,40,756,10,0.01,0.92,0.001,1e-06,inferred,0.0001,80,"0.5,1","1,1",zero,pyramid_local_field,False,3.0,-4.259203357803074,0.012468803469391877,0.41645669869705326,1.2675848808980055,0.31689622022450137,1,0,source_row:10506,source_row:1945,0.4444897735791178,-0.4444897735791178,0.6667006626508765,36.952301476837,0.6047838283883649,40.99625460433092,42.10039578549988,0.5873113786588364,0.47819475425539754,0.6915162718659609
94,47,response_tables/trial_00047_hard_negative_structure_obs-empirical_prior-axis_edge_parallel_rel2x.npz,hard_negative_structure,empirical,axis_edge_parallel,2.0,4,16,40,756,10,0.01,0.92,0.001,1e-06,inferred,0.0001,80,"0.5,1","1,1",joint,pyramid_local_field,True,1.0,0.9179599436042736,0.5698459069155468,1.0740964696084656,2.4642071752303196,0.6160517938075799,0,0,source_row:1945,source_row:1945,0.06100600212742579,-0.06100600212742579,0.24699393135748454,13.689793224714974,0.9428292616526475,40.99625460433092,37.79756206892724,1.0,0.0,0.0
94,47,response_tables/trial_00047_hard_negative_structure_obs-empirical_prior-axis_edge_parallel_rel2x.npz,hard_negative_structure,empirical,axis_edge_parallel,2.0,4,16,40,756,10,0.01,0.92,0.001,1e-06,inferred,0.0001,80,"0.5,1","1,1",best_single_tau,pyramid_local_field,True,1.0,0.9749666051438339,0.5617525844106696,1.0829785831581336,2.50656935932205,0.6266423398305125,0,0,source_row:1945,source_row:1945,0.06319701309366435,-0.06319701309366435,0.25139016109160744,13.933457009074843,0.9408178001950452,40.99625460433092,37.52420441012632,1.0,0.0,0.0
94,47,response_tables/trial_00047_hard_negative_structure_obs-empirical_prior-axis_edge_parallel_rel2x.npz,hard_negative_structure,empirical,axis_edge_parallel,2.0,4,16,40,756,10,0.01,0.92,0.001,1e-06,inferred,0.0001,80,"0.5,1","1,1",linear_continuous,pyramid_local_field,False,2.0,-75.96106090349198,1.024543518216014e-33,7.782541258548928e-32,1.0,0.25,1,0,source_row:10506,source_row:1945,0.47819475425539754,-0.47819475425539754,0.6915162718659609,38.32772214823862,0.5873113786588364,40.99625460433092,43.262212157538684,0.5873113786588364,0.47819475425539754,0.6915162718659609
94,47,response_tables/trial_00047_hard_negative_structure_obs-empirical_prior-axis_edge_parallel_rel2x.npz,hard_negative_structure,empirical,axis_edge_parallel,2.0,4,16,40,756,10,0.01,0.92,0.001,1e-06,inferred,0.0001,80,"0.5,1","1,1",quadratic_profile,pyramid_local_field,True,1.0,18.47696634484167,0.9999999901774501,1.925122227299246e-07,1.0000000196451,0.250000004911275,0,0,source_row:1945,source_row:1945,4.4104812754667615e-17,-4.4104812754667615e-17,6.641145439957449e-09,3.6808964231874134e-07,1.0000000000000002,40.99625460433092,40.99625445349495,1.0,0.0,0.0
94,47,response_tables/trial_00047_hard_negative_structure_obs-empirical_prior-axis_edge_parallel_rel2x.npz,hard_negative_structure,empirical,axis_edge_parallel,2.0,4,16,40,756,10,0.01,0.92,0.001,1e-06,inferred,0.0001,80,"0.5,1","1,1",quadratic_poisson,pyramid_local_field,True,1.0,0.2685664641761605,0.3559396624035891,1.345976573492429,3.6970748209483606,0.9242687052370901,0,0,source_row:1945,source_row:1945,0.13011143667158306,-0.13011143667158306,0.36070962930255,19.99255695140327,0.8735518625455636,40.99625460433092,37.05097537455406,1.0,0.0,0.0
94,47,response_tables/trial_00047_hard_negative_structure_obs-empirical_prior-axis_edge_parallel_rel2x.npz,hard_negative_structure,empirical,axis_edge_parallel,2.0,4,16,40,756,10,0.01,0.92,0.001,1e-06,inferred,0.0001,80,"0.5,1","1,1",known,pyramid_local_field,True,1.0,1.3300559906801368,0.6463375414929285,1.019592995682294,2.1552944349874825,0.5388236087468706,0,0,source_row:1945,source_row:1945,0.04134713835268075,-0.04134713835268075,0.2033399575899453,11.270244408149953,0.9628119469882922,40.99625460433092,37.38857720785351,1.0,0.0,0.0
95,47,response_tables/trial_00047_hard_negative_structure_obs-empirical_prior-axis_edge_orthogonal_rel2x.npz,hard_negative_structure,empirical,axis_edge_orthogonal,2.0,4,16,40,756,10,0.01,0.92,0.001,1e-06,inferred,0.0001,80,"0.5,1","1,1",zero,pyramid_local_field,False,3.0,-4.259203357803074,0.012468803469391877,0.41645669869705326,1.2675848808980055,0.31689622022450137,1,0,source_row:10506,source_row:1945,0.4444897735791178,-0.4444897735791178,0.6667006626508765,36.952301476837,0.6047838283883649,40.99625460433092,42.10039578549988,0.5873113786588364,0.47819475425539754,0.6915162718659609
95,47,response_tables/trial_00047_hard_negative_structure_obs-empirical_prior-axis_edge_orthogonal_rel2x.npz,hard_negative_structure,empirical,axis_edge_orthogonal,2.0,4,16,40,756,10,0.01,0.92,0.001,1e-06,inferred,0.0001,80,"0.5,1","1,1",joint,pyramid_local_field,True,1.0,0.5572648929138495,0.4563240333611007,1.261252980425484,3.1600555390803935,0.7900138847700984,0,0,source_row:1945,source_row:1945,0.09915570006110591,-0.09915570006110591,0.3148899808839683,17.45297426193362,0.9049336603258816,40.99625460433092,36.60785810212844,1.0,0.0,0.0
95,47,response_tables/trial_00047_hard_negative_structure_obs-empirical_prior-axis_edge_orthogonal_rel2x.npz,hard_negative_structure,empirical,axis_edge_orthogonal,2.0,4,16,40,756,10,0.01,0.92,0.001,1e-06,inferred,0.0001,80,"0.5,1","1,1",best_single_tau,pyramid_local_field,True,1.0,0.779801127288124,0.4770119464316182,1.2414495957528386,3.0604415567764938,0.7651103891941234,0,0,source_row:1945,source_row:1945,0.08766941371358787,-0.08766941371358787,0.29609021212054254,16.410985312532027,0.9164801012661385,40.99625460433092,37.02303805837165,1.0,0.0,0.0
95,47,response_tables/trial_00047_hard_negative_structure_obs-empirical_prior-axis_edge_orthogonal_rel2x.npz,hard_negative_structure,empirical,axis_edge_orthogonal,2.0,4,16,40,756,10,0.01,0.92,0.001,1e-06,inferred,0.0001,80,"0.5,1","1,1",linear_continuous,pyramid_local_field,False,3.0,-46.050734776900924,1.0009657196168619e-20,2.5998143274390057e-05,1.0000036587439851,0.2500009146859963,1,0,source_row:10506,source_row:1945,0.4781943623465783,-0.4781943623465783,0.6915159884967074,38.3277064423204,0.5873115380904984,40.99625460433092,43.26219551891964,0.5873113786588364,0.47819475425539754,0.6915162718659609
95,47,response_tables/trial_00047_hard_negative_structure_obs-empirical_prior-axis_edge_orthogonal_rel2x.npz,hard_negative_structure,empirical,axis_edge_orthogonal,2.0,4,16,40,756,10,0.01,0.92,0.001,1e-06,inferred,0.0001,80,"0.5,1","1,1",quadratic_profile,pyramid_local_field,True,1.0,8.048341797836585,0.999680265539633,0.002894625905096776,1.00063967351222,0.250159918378055,0,0,source_row:1945,source_row:1945,4.8871862691255507e-08,-4.8871862691255507e-08,0.00022106981406618025,0.012252932799437729,0.9999999627172876,40.99625460433092,40.99127183255725,1.0,0.0,0.0
95,47,response_tables/trial_00047_hard_negative_structure_obs-empirical_prior-axis_edge_orthogonal_rel2x.npz,hard_negative_structure,empirical,axis_edge_orthogonal,2.0,4,16,40,756,10,0.01,0.92,0.001,1e-06,inferred,0.0001,80,"0.5,1","1,1",quadratic_poisson,pyramid_local_field,True,1.0,0.3216201429806915,0.3712412704837528,1.3378101690363762,3.635714361150093,0.9089285902875233,0,0,source_row:1945,source_row:1945,0.1285767630743299,-0.1285767630743299,0.3585760213320599,19.874300394336938,0.8748547372216279,40.99625460433092,36.67088024665726,1.0,0.0,0.0
95,47,response_tables/trial_00047_hard_negative_structure_obs-empirical_prior-axis_edge_orthogonal_rel2x.npz,hard_negative_structure,empirical,axis_edge_orthogonal,2.0,4,16,40,756,10,0.01,0.92,0.001,1e-06,inferred,0.0001,80,"0.5,1","1,1",known,pyramid_local_field,True,1.0,1.3300559906801368,0.6463375414929285,1.019592995682294,2.1552944349874825,0.5388236087468706,0,0,source_row:1945,source_row:1945,0.04134713835268075,-0.04134713835268075,0.2033399575899453,11.270244408149953,0.9628119469882922,40.99625460433092,37.38857720785351,1.0,0.0,0.0
